RP,Loss_gen,ReturnPeriod,Loss_expected,Loss_Diff,Percent_Diff
10000.0,838153.211528,10000.0,840000.0,1846.7884720000438,0.22034020112304356
5000.0,829172.444284,5000.0,840000.0,10827.555716000032,1.3058267662705256
3333.333333,822707.545315,3333.333333,840000.0,17292.454685000004,2.1018957202317905
2500.0,809168.130824,2500.0,840000.0,30831.869176000007,3.8103167934460043
2000.0,798695.89807,2000.0,840000.0,41304.101930000004,5.171442852005232
1666.666667,771576.628659,1666.666667,765213.1875,6363.441159000038,0.8247322330200303
1428.571429,740582.523539,1428.571429,709397.25,31185.273538999958,4.210911349889248
1250.0,694139.270046,1250.0,708281.5625,14142.29245399998,2.037385444719585
1111.111111,666632.380406,1111.111111,643294.25,23338.130405999953,3.5008996100348897
1000.0,653410.824538,1000.0,642618.625,10792.199538000044,1.6516713731565078
909.090909,646939.741207,909.090909,642145.3125,4794.428706999985,0.7410935519365351
833.333333,641839.325009,833.333333,620394.125,21445.200009000022,3.3412100464083148
769.230769,614912.12869,769.230769,602103.125,12809.003690000041,2.0830624559785735
714.285714,597762.936587,714.285714,592558.375,5204.561587000033,0.8706731830374275
666.666667,582127.507289,666.666667,575517.8125,6609.694788999972,1.1354376328618598
625.0,574746.956957,625.0,554742.125,20004.83195699996,3.4806329489616825
588.235294,566236.44945,588.235294,549160.5,17075.949449999956,3.015692378437712
555.555556,557286.35308,555.555556,544576.375,12709.97808000003,2.2806907094987623
526.315789,547483.353537,526.315789,539163.75,8319.603537000017,1.5196084927973543
500.0,541521.699932,500.0,538414.625,3107.0749320000177,0.5737673914803745
476.190476,536436.51773,476.190476,535240.125,1196.3927299999632,0.22302596681200096
454.545455,526848.457837,454.545455,534257.3125,7408.854662999976,1.4062591534228575
434.782609,513132.258388,434.782609,532833.8125,19701.554111999983,3.8394690238131246
416.666667,508125.914327,416.666667,528610.125,20484.210673000023,4.031325719754098
400.0,502214.767007,400.0,523560.375,21345.607993000012,4.250294773332002
384.615385,498075.784746,384.615385,519744.6875,21668.90275399998,4.350523237151613
370.37037,492471.850606,370.37037,511630.03125,19158.180644000007,3.8902082668126807
357.142857,487654.555631,357.142857,504002.0,16347.444368999975,3.3522591310250793
344.827586,481758.404455,344.827586,500088.8125,18330.40804499999,3.804896370357394
333.333333,478626.373238,333.333333,495121.3125,16494.93926200003,3.4463080566180624
322.580645,475158.80255,322.580645,492873.4375,17714.634949999978,3.7281504320097074
312.5,470501.020901,312.5,489905.53125,19404.51034899999,4.124222793787087
303.030303,467566.210636,303.030303,487346.6875,19780.476864000026,4.230518889954415
294.117647,463898.126513,294.117647,477452.125,13553.998487000004,2.9217618507929406
285.714286,462400.973444,285.714286,455095.1875,7305.785944000003,1.5799676825041946
277.777778,457278.675499,277.777778,452429.84375,4848.8317490000045,1.0603669072713207
270.27027,452094.253409,270.27027,445300.3125,6793.940908999997,1.5027709062370374
263.157895,447179.163787,263.157895,445136.71875,2042.4450369999977,0.4567397594519527
256.410256,443518.766186,256.410256,441791.03125,1727.7349360000226,0.38955170958323243
250.0,442140.226766,250.0,437950.5625,4189.664265999978,0.9475872160841253
243.902439,440051.398653,243.902439,434215.21875,5836.179903000011,1.32624959740262
238.095238,437461.284959,238.095238,434141.9375,3319.3474590000114,0.7587751357954131
232.55814,432389.036107,232.55814,424805.09375,7583.942357000022,1.753962687232264
227.272727,431923.629339,227.272727,424183.125,7740.504338999977,1.7921002263399575
222.222222,430382.259592,222.222222,420000.03125,10382.228341999988,2.4123272069444224
217.391304,427804.674795,217.391304,420000.03125,7804.643544999999,1.8243474194712603
212.765957,426591.269127,212.765957,420000.0,6591.269127000007,1.5451017411792662
208.333333,424465.06066,208.333333,420000.0,4465.060660000017,1.0519265479842563
204.081633,422355.97373,204.081633,420000.0,2355.973730000027,0.5578170729286602
200.0,421668.857209,200.0,420000.0,1668.8572089999798,0.39577435716880827
196.078431,420126.719271,196.078431,420000.0,126.71927100000903,0.0301621546993943
192.307692,420000.0,192.307692,420000.0,0.0,0.0
188.679245,420000.0,188.679245,420000.0,0.0,0.0
185.185185,420000.0,185.185185,420000.0,0.0,0.0
181.818182,420000.0,181.818182,420000.0,0.0,0.0
178.571429,420000.0,178.571429,420000.0,0.0,0.0
175.438596,420000.0,175.438596,420000.0,0.0,0.0
172.413793,420000.0,172.413793,420000.0,0.0,0.0
169.491525,420000.0,169.491525,420000.0,0.0,0.0
166.666667,420000.0,166.666667,420000.0,0.0,0.0
163.934426,420000.0,163.934426,420000.0,0.0,0.0
161.290323,420000.0,161.290323,420000.0,0.0,0.0
158.730159,420000.0,158.730159,420000.0,0.0,0.0
156.25,420000.0,156.25,420000.0,0.0,0.0
153.846154,420000.0,153.846154,420000.0,0.0,0.0
151.515152,420000.0,151.515152,420000.0,0.0,0.0
149.253731,420000.0,149.253731,420000.0,0.0,0.0
147.058824,420000.0,147.058824,420000.0,0.0,0.0
144.927536,420000.0,144.927536,420000.0,0.0,0.0
142.857143,420000.0,142.857143,420000.0,0.0,0.0
140.84507,420000.0,140.84507,420000.0,0.0,0.0
138.888889,420000.0,138.888889,420000.0,0.0,0.0
136.986301,420000.0,136.986301,420000.0,0.0,0.0
135.135135,420000.0,135.135135,420000.0,0.0,0.0
133.333333,420000.0,133.333333,420000.0,0.0,0.0
131.578947,420000.0,131.578947,420000.0,0.0,0.0
129.87013,420000.0,129.87013,420000.0,0.0,0.0
128.205128,420000.0,128.205128,420000.0,0.0,0.0
126.582278,420000.0,126.582278,420000.0,0.0,0.0
125.0,420000.0,125.0,420000.0,0.0,0.0
123.45679,420000.0,123.45679,420000.0,0.0,0.0
121.95122,420000.0,121.95122,420000.0,0.0,0.0
120.481928,420000.0,120.481928,420000.0,0.0,0.0
119.047619,420000.0,119.047619,420000.0,0.0,0.0
117.647059,420000.0,117.647059,420000.0,0.0,0.0
116.27907,420000.0,116.27907,420000.0,0.0,0.0
114.942529,420000.0,114.942529,420000.0,0.0,0.0
113.636364,420000.0,113.636364,420000.0,0.0,0.0
112.359551,420000.0,112.359551,420000.0,0.0,0.0
111.111111,420000.0,111.111111,420000.0,0.0,0.0
109.89011,420000.0,109.89011,420000.0,0.0,0.0
108.695652,420000.0,108.695652,420000.0,0.0,0.0
107.526882,420000.0,107.526882,420000.0,0.0,0.0
106.382979,420000.0,106.382979,420000.0,0.0,0.0
105.263158,420000.0,105.263158,420000.0,0.0,0.0
104.166667,420000.0,104.166667,420000.0,0.0,0.0
103.092784,420000.0,103.092784,420000.0,0.0,0.0
102.040816,420000.0,102.040816,420000.0,0.0,0.0
101.010101,420000.0,101.010101,420000.0,0.0,0.0
100.0,420000.0,100.0,420000.0,0.0,0.0
99.009901,420000.0,99.009901,420000.0,0.0,0.0
98.039216,420000.0,98.039216,420000.0,0.0,0.0
97.087379,420000.0,97.087379,420000.0,0.0,0.0
96.153846,420000.0,96.153846,420000.0,0.0,0.0
95.238095,419999.999994,95.238095,420000.0,5.999987479299307e-06,1.428568447472624e-09
94.339623,419999.999943,94.339623,420000.0,5.70000265724957e-05,1.35714349000551e-08
93.457944,419999.999685,93.457944,420000.0,0.0003150000120513141,7.500000292561052e-08
92.592593,419999.999231,92.592593,420000.0,0.0007689999765716493,1.83095232852298e-07
91.743119,419999.996499,91.743119,420000.0,0.00350099999923259,8.335714353371252e-07
90.909091,419999.961466,90.909091,420000.0,0.03853399999206886,9.174762744636174e-06
90.09009,419999.622908,90.09009,420000.0,0.37709199998062104,8.978389013059238e-05
89.285714,419998.878136,89.285714,420000.0,1.1218639999860898,0.00026711118966913494
88.495575,419997.003005,88.495575,420000.0,2.996994999994058,0.0007135753299550043
87.719298,419995.142147,87.719298,420000.0,4.857852999994066,0.0011566450447881127
86.956522,419991.894689,86.956522,420000.0,8.105311000021175,0.0019298731957727614
86.206897,419962.739044,86.206897,420000.0,37.26095600001281,0.008872443323146564
85.470085,419914.246458,85.470085,420000.0,85.75354200002039,0.020421679598479042
84.745763,419875.708453,84.745763,420000.0,124.29154700000072,0.029601985658552012
84.033613,419810.517093,84.033613,420000.0,189.4829069999978,0.04513534065608507
83.333333,419735.21354,83.333333,420000.0,264.7864599999739,0.06308416626920443
82.644628,419678.358148,82.644628,420000.0,321.64185199997155,0.07664008537856132
81.967213,419557.244017,81.967213,420000.0,442.7559829999809,0.10552933820445272
81.300813,419436.071323,81.300813,420000.0,563.928676999989,0.13444925593099927
80.645161,419274.245649,80.645161,420000.0,725.7543510000105,0.17309776561081303
80.0,419114.584661,80.0,420000.0,885.4153389999992,0.21125853678324405
79.365079,419028.042095,79.365079,420000.0,971.9579050000175,0.2319553364831034
78.740157,418643.229943,78.740157,420000.0,1356.770056999987,0.32408742336158564
78.125,418478.204012,78.125,420000.0,1521.795987999998,0.3636499997874107
77.51938,418244.110269,77.51938,420000.0,1755.889731000003,0.4198241380782807
76.923077,417879.126247,76.923077,420000.0,2120.8737529999926,0.5075328294207226
76.335878,417751.161675,76.335878,420000.0,2248.838325000019,0.5383200649839387
75.757576,417124.430302,75.757576,420000.0,2875.5696979999775,0.6893793528032035
75.18797,416751.710316,75.18797,420000.0,3248.2896840000176,0.779430438698624
74.626866,415969.580597,74.626866,420000.0,4030.419402999978,0.9689216690353932
74.074074,415709.951715,74.074074,420000.0,4290.048285000026,1.0319811366799256
73.529412,415395.486371,73.529412,420000.0,4604.513628999994,1.1084650122769
72.992701,414701.289466,72.992701,420000.0,5298.710534000013,1.277717400112988
72.463768,414342.293451,72.463768,420000.0,5657.706548999995,1.365466822582299
71.942446,413945.498015,71.942446,420000.0,6054.501984999981,1.4626326446436158
71.428571,413523.47991,71.428571,420000.0,6476.520090000005,1.566179529009953
70.921986,413250.698666,70.921986,420000.0,6749.301334000018,1.6332220019923016
70.422535,412806.005376,70.422535,420000.0,7193.9946239999845,1.7427059030905836
69.93007,412009.638845,69.93007,420000.0,7990.361154999991,1.9393626754460478
69.444444,411163.297429,69.444444,420000.0,8836.702570999973,2.1491953747466725
68.965517,410017.714954,68.965517,420000.0,9982.285045999975,2.4345984775608756
68.493151,408756.074636,68.493151,419999.96875,11243.894114000024,2.7507589028524624
68.027211,407904.773173,68.027211,419999.96875,12095.195576999977,2.965200795007657
67.567568,407306.825907,67.567568,419999.96875,12693.142843000009,3.116358979433903
67.114094,406308.249266,67.114094,419999.96875,13691.719484000001,3.3697862420303384
66.666667,405347.28908,66.666667,419999.96875,14652.679669999983,3.614845853109457
66.225166,404696.016521,66.225166,419649.90625,14953.889728999988,3.6950919007190217
65.789474,403741.116173,65.789474,419255.0625,15513.946326999983,3.8425480352494925
65.359477,403193.539436,65.359477,416921.25,13727.710564000008,3.404744675026978
64.935065,402660.634538,64.935065,411842.1875,9181.552962000016,2.2802211526176723
64.516129,401423.288667,64.516129,411677.0,10253.711332999985,2.5543389291262404
64.102564,400617.179329,64.102564,406633.0625,6015.883170999994,1.5016538185097532
63.694268,399673.443976,63.694268,404466.6875,4793.24352399999,1.1992899694100816
63.291139,398525.621545,63.291139,402650.4375,4124.815954999998,1.0350190130835137
62.893082,397736.5916,62.893082,401694.125,3957.533400000015,0.995013655665876
62.5,396986.782938,62.5,401674.625,4687.842062000011,1.1808559537691565
62.111801,396085.467926,62.111801,401662.28125,5576.813323999988,1.4079823107880076
61.728395,395647.356543,61.728395,400931.6875,5284.330957000027,1.3356163941476284
61.349693,395370.443822,61.349693,399694.28125,4323.837427999999,1.0936167575405906
60.97561,393790.04425,60.97561,396703.375,2913.330750000023,0.7398182845248564
60.606061,392689.009048,60.606061,396468.21875,3779.209702000022,0.9623925332572966
60.240964,391672.047485,60.240964,389347.0,2325.0474849999882,0.5936209897871334
59.88024,390672.285685,59.88024,385870.125,4802.16068500001,1.2292043385109748
59.52381,390210.155754,59.52381,385758.09375,4452.062004000007,1.1409395522772396
59.171598,389014.468566,59.171598,383925.09375,5089.374815999996,1.3082739145309026
58.823529,388547.477709,58.823529,382066.9375,6480.540208999999,1.667888888948999
58.479532,388115.726796,58.479532,380701.09375,7414.633045999974,1.9104180877208377
58.139535,387472.087422,58.139535,380510.5625,6961.524922000011,1.7966519777766958
57.803468,385210.278485,57.803468,377323.21875,7887.059735000017,2.0474686620562585
57.471264,384825.065626,57.471264,375269.625,9555.440625999996,2.483060870906638
57.142857,384024.739145,57.142857,373102.28125,10922.457895,2.8442068392046744
56.818182,383431.945758,56.818182,372354.5,11077.445758000016,2.8890252574289828
56.497175,382221.319334,56.497175,371326.375,10894.944334,2.850428216035634
56.179775,381537.284066,56.179775,370094.625,11442.659066000022,2.999093284948954
55.865922,381240.363697,55.865922,369913.5,11326.863697000023,2.9710557369004924
55.555556,380338.242945,55.555556,368910.40625,11427.836695000005,3.0046509671267962
55.248619,379188.473227,55.248619,368006.03125,11182.44197699998,2.949045861503719
54.945055,378384.360012,54.945055,365390.6875,12993.67251200002,3.4339877344792846
54.644809,377438.436697,54.644809,363803.3125,13635.124196999997,3.612542568881505
54.347826,376798.450252,54.347826,363500.125,13298.32525200001,3.5292940411793596
54.054054,375686.977855,54.054054,362467.4375,13219.540355000005,3.5187645923948456
53.763441,374810.81635,53.763441,362196.40625,12614.41009999998,3.3655405740000277
53.475936,374342.58128,53.475936,362155.75,12186.831279999984,3.2555289965488865
53.191489,373390.851694,53.191489,357915.15625,15475.695444000012,4.144637013410977
52.910053,372701.43138,52.910053,357713.21875,14988.212630000024,4.021506591617648
52.631579,372253.654207,52.631579,357600.34375,14653.310456999985,3.93637786799312
52.356021,371105.046231,52.356021,356003.75,15101.296230999986,4.06927806139288
52.083333,369919.809057,52.083333,355857.03125,14062.777806999977,3.801574682591026
51.813472,369137.467094,51.813472,355773.40625,13364.060844000021,3.6203479828821856
51.546392,368413.746697,51.546392,355221.9375,13191.809196999995,3.5807049316890804
51.282051,367511.515623,51.282051,354231.25,13280.265622999985,3.6135644893976937
51.020408,365645.516096,51.020408,353842.03125,11803.484845999978,3.228122409930218
50.761421,364679.421619,50.761421,353466.8125,11212.609118999972,3.0746481578865676
50.505051,363216.797341,50.505051,351334.65625,11882.141090999998,3.2713633229480434
50.251256,361924.714896,50.251256,350339.21875,11585.49614599999,3.2010790280871295
50.0,361214.281888,50.0,349901.4375,11312.844388000027,3.131892883323962
49.751244,360012.439645,49.751244,348910.625,11101.814644999977,3.083730844397272
49.50495,359058.057785,49.50495,346623.125,12434.932785000012,3.463209504811033
49.261084,358259.134879,49.261084,345278.625,12980.50987900002,3.6232181165133754
49.019608,357524.114694,49.019608,341602.59375,15921.520943999989,4.453271902407758
48.780488,356321.986791,48.780488,341480.375,14841.611791000003,4.165224808230912
48.543689,354919.694499,48.543689,341449.09375,13470.600748999976,3.7953939884950314
48.309179,354514.832074,48.309179,340657.90625,13856.925823999976,3.908701292674699
48.076923,353336.077185,48.076923,338194.65625,15141.420935000002,4.285274533987721
47.84689,352815.278663,47.84689,338134.03125,14681.247412999975,4.161171100252471
47.619048,351001.43731,47.619048,337287.59375,13713.843560000008,3.9070619382928955
47.393365,349983.312829,47.393365,336104.625,13878.687829000002,3.9655284467179883
47.169811,349329.241423,47.169811,335433.4375,13895.803923,3.9778530610249376
46.948357,348935.978509,46.948357,334946.375,13989.603508999979,4.009217842418376
46.728972,347658.671848,46.728972,334653.0,13005.671848000027,3.7409312354751907
46.511628,347075.649677,46.511628,333156.3125,13919.337177000009,4.010462039026304
46.296296,345944.310501,46.296296,332924.28125,13020.029251000029,3.763619997722839
46.082949,345020.812666,46.082949,332821.125,12199.687665999983,3.535928042059881
45.87156,343940.486909,45.87156,332533.4375,11407.049409000028,3.3165765134298106
45.6621,342968.805285,45.6621,331699.65625,11269.14903500001,3.285765020417988
45.454545,341920.84557,45.454545,331649.125,10271.720570000005,3.004122358458873
45.248869,340057.167754,45.248869,331114.8125,8942.355253999995,2.62966233385469
45.045045,338813.114712,45.045045,330334.8125,8478.30221200001,2.5023536114317144
44.843049,338329.999007,44.843049,329369.375,8960.624007000006,2.64848639887077
44.642857,337705.685637,44.642857,328197.625,9508.060637000017,2.8154872841614624
44.444444,336865.10003,44.444444,325935.0,10930.100029999972,3.2446519479241327
44.247788,336101.978808,44.247788,325733.0,10368.978807999985,3.085069253318297
44.052863,335730.430207,44.052863,324882.0625,10848.367706999998,3.231273286818613
43.859649,334336.736665,43.859649,317883.9375,16452.799164999975,4.921026426565088
43.668122,333750.948224,43.668122,317567.375,16183.573223999992,4.848996927235167
43.478261,332391.41363,43.478261,317331.4375,15059.976130000025,4.530795776440835
43.290043,331745.761171,43.290043,315604.3125,16141.44867100002,4.865608113280407
43.103448,330860.569267,43.103448,315368.34375,15492.225517000013,4.682403089410753
42.918455,330331.0345,42.918455,314558.125,15772.909500000009,4.774879697232931
42.735043,329892.902215,42.735043,313741.5625,16151.33971500001,4.895934288538815
42.553191,329386.821672,42.553191,312639.875,16746.94667199999,5.084279506687863
42.372881,327634.918781,42.372881,312291.25,15343.668781000015,4.6831604024649565
42.194093,326866.749364,42.194093,311082.25,15784.499363999988,4.829031828631279
42.016807,326065.222113,42.016807,310766.0,15299.222112999996,4.692074184991723
41.841004,325358.781576,41.841004,308491.53125,16867.25032599998,5.18420011419301
41.666667,324438.474098,41.666667,308031.15625,16407.317847999977,5.057143081940392
41.493776,324128.801222,41.493776,307522.9375,16605.86372199998,5.123229919524001
41.322314,323526.087908,41.322314,307520.09375,16005.994157999987,4.9473581130655395
41.152263,323067.820643,41.152263,306875.5625,16192.258143000014,5.012030635169004
40.983607,322371.49332,40.983607,305001.84375,17369.64957000001,5.388084843084477
40.816327,321427.704976,40.816327,304456.40625,16971.298726000008,5.279973836501493
40.650407,320803.941249,40.650407,304057.15625,16746.784999000025,5.2202553789704185
40.48583,319821.527974,40.48583,303010.59375,16810.934224000026,5.256348542417906
40.322581,319495.22855,40.322581,302823.625,16671.60355,5.218107207942527
40.160643,318697.776833,40.160643,300782.875,17914.90183300001,5.621282335580129
40.0,317501.6274,40.0,300504.84375,16996.783649999998,5.353290245843949
39.840637,317195.039473,39.840637,300182.75,17012.289472999983,5.363352939335007
39.68254,316455.840504,39.68254,298824.875,17630.96550400002,5.571382558754565
39.525692,315264.149687,39.525692,298820.625,16443.524687000026,5.2157927577003145
39.370079,314901.949304,39.370079,294963.875,19938.07430400001,6.331518222757075
39.215686,313857.323563,39.215686,293327.3125,20530.011063000013,6.541192293981651
39.0625,313188.458499,39.0625,291405.4375,21783.020999,6.955243850108082
38.910506,312592.906635,38.910506,291391.625,21201.28163500002,6.782393709194354
38.75969,312008.990602,38.75969,291232.3125,20776.678101999976,6.658999813406914
38.610039,311415.752522,38.610039,291018.375,20397.377521999995,6.549886239476284
38.461538,310842.232148,38.461538,290846.90625,19995.32589799998,6.432628462299708
38.314176,309679.199263,38.314176,290382.0625,19297.136762999988,6.231331264393895
38.167939,308573.102532,38.167939,289174.125,19398.97753199999,6.286671577276653
38.022814,308273.499279,38.022814,288827.0,19446.49927899998,6.308196885065399
37.878788,307512.964047,37.878788,287747.40625,19765.557796999987,6.427552691397764
37.735849,307220.128402,37.735849,286385.4375,20834.690902000002,6.781681594357529
37.593985,306935.829345,37.593985,286256.65625,20679.173094999976,6.7372952643323725
37.453184,306367.300714,37.453184,286233.75,20133.55071400001,6.571703529416503
37.313433,305248.570954,37.313433,286189.125,19059.445953999995,6.243909969646408
37.174721,304232.881581,37.174721,285244.625,18988.256580999994,6.241355793734115
37.037037,303591.421444,37.037037,283931.71875,19659.702693999978,6.47571087499466
36.900369,303191.50509,36.900369,283485.84375,19705.66133999999,6.4994107714695115
36.764706,302531.57729,36.764706,282812.28125,19719.296039999987,6.518095141221411
36.630037,301735.026054,36.630037,282151.59375,19583.432304000016,6.490274781852892
36.49635,300569.717063,36.49635,281642.46875,18927.24831300002,6.297124174034082
36.363636,299887.501971,36.363636,280899.875,18987.62697099999,6.331583292469505
36.231884,299372.627804,36.231884,280133.59375,19239.03405399999,6.426450606097439
36.101083,298782.92702,36.101083,279112.71875,19670.208270000003,6.583444531515455
35.971223,298452.713544,35.971223,279100.375,19352.338544,6.484222681107217
35.842294,297667.324504,35.842294,278921.1875,18746.13700400002,6.297680484492718
35.714286,296577.159992,35.714286,278920.75,17656.40999199997,5.953395059982449
35.587189,295963.640573,35.587189,278243.5625,17720.07807300001,5.987248311547012
35.460993,295114.460892,35.460993,278235.1875,16879.273392000003,5.719568380682348
35.335689,294248.562328,35.335689,277597.125,16651.43732800003,5.658969816626872
35.211268,293734.917832,35.211268,277338.75,16396.167832000006,5.581960753259066
35.087719,292930.621914,35.087719,277316.15625,15614.465664000018,5.330431336258245
34.965035,292467.124585,34.965035,276712.09375,15755.030834999983,5.386940791159276
34.843206,292069.813319,34.843206,275600.9375,16468.875819000008,5.638677832485421
34.722222,291767.188768,34.722222,274719.53125,17047.657517999993,5.84289741076935
34.602076,290937.465978,34.602076,272446.84375,18490.622228000022,6.355531476787606
34.482759,289868.438325,34.482759,272246.65625,17621.782074999996,6.079234488869218
34.364261,289030.993961,34.364261,272028.125,17002.868961,5.882714766325116
34.246575,288223.60785,34.246575,271723.90625,16499.70159999997,5.724618369424791
34.129693,287715.778558,34.129693,271070.3125,16645.46605799999,5.785385195565306
34.013605,287177.596122,34.013605,270862.375,16315.221122000017,5.681230479786074
33.898305,286710.24126,33.898305,270369.53125,16340.71000999998,5.699381346891474
33.783784,286471.894426,33.783784,269861.53125,16610.363176000013,5.7982522890358865
33.670034,285683.049697,33.670034,269590.3125,16092.73719700001,5.633073860723702
33.557047,284676.949993,33.557047,269328.9375,15348.012493000017,5.391378716604001
33.444816,284248.759678,33.444816,269015.9375,15232.822178000002,5.358975777152345
33.333333,283560.192539,33.333333,268906.96875,14653.22378900001,5.167588460776154
33.222591,283042.396465,33.222591,268885.96875,14156.427714999998,5.001521995221847
33.112583,282484.365059,33.112583,268458.6875,14025.677558999974,4.965116407795015
33.0033,281244.361225,33.0033,267082.65625,14161.704975,5.035373834098103
32.894737,280844.997874,32.894737,266790.875,14054.122873999993,5.004227591870915
32.786885,279477.24053,32.786885,266736.09375,12741.14678000001,4.558921061277736
32.679739,279058.635326,32.679739,265712.8125,13345.822825999989,4.782443951397247
32.57329,278250.807559,32.57329,265236.46875,13014.338808999979,4.677197138499026
32.467532,278044.451731,32.467532,264442.3125,13602.13923099998,4.892073604173069
32.36246,277697.658168,32.36246,263205.84375,14491.814417999994,5.218558382380314
32.258065,276736.607155,32.258065,262971.875,13764.732154999976,4.973946994764722
32.154341,276289.090047,32.154341,262764.03125,13525.058796999976,4.895256195132138
32.051282,275837.798358,32.051282,262504.53125,13333.267108,4.8337346032233155
31.948882,274922.07014,31.948882,262134.9375,12787.132640000025,4.651184473290328
31.847134,274735.224763,31.847134,262034.765625,12700.459137999977,4.622799697037762
31.746032,274534.282306,31.746032,261915.625,12618.657306000008,4.596386724458355
31.64557,273483.311962,31.64557,261830.390625,11652.921336999978,4.2609259239258925
31.545741,272652.037722,31.545741,261375.203125,11276.83459699998,4.135980310735108
31.446541,271725.608666,31.446541,261301.703125,10423.905541000015,3.836188128227871
31.347962,271064.093945,31.347962,261130.875,9933.218944999971,3.6645277507744947
31.25,270680.480397,31.25,260797.171875,9883.308521999978,3.651282319103464
31.152648,269933.309164,31.152648,260639.984375,9293.324788999977,3.4428225318994436
31.055901,269709.570236,31.055901,260413.375,9296.195236,3.4467428159355586
30.959752,268696.669606,30.959752,258890.28125,9806.38835600001,3.6496129149570353
30.864198,268217.616197,30.864198,258698.875,9518.741197000025,3.548887404177329
30.769231,267831.354568,30.769231,257969.1875,9862.16706800001,3.6822302168120844
30.674847,267335.535099,30.674847,257910.140625,9425.394473999972,3.5256796185024744
30.58104,266647.967592,30.58104,257198.46875,9449.498841999972,3.5438105631687096
30.487805,265998.23495,30.487805,257112.96875,8885.266200000013,3.3403478040635064
30.395137,265455.846385,30.395137,256603.0,8852.846384999983,3.3349600340541707
30.30303,265088.43182,30.30303,254587.28125,10501.150569999998,3.9613763972659797
30.21148,264712.478326,30.21148,254157.609375,10554.868950999982,3.9872955811329
30.120482,263917.701086,30.120482,252941.8125,10975.888586000015,4.158830021948176
30.03003,263541.880392,30.03003,252290.359375,11251.521017000021,4.269348386019017
29.94012,263220.438329,29.94012,250715.484375,12504.953954000026,4.7507534116214964
29.850746,262584.338865,29.850746,250504.15625,12080.182614999998,4.600496231883299
29.761905,262102.570482,29.761905,250358.265625,11744.30485700001,4.480804913665108
29.673591,261139.026259,29.673591,249849.921875,11289.104384000006,4.323024614790197
29.585799,260817.193053,29.585799,249782.71875,11034.474302999995,4.230731177586789
29.498525,260407.410725,29.498525,249751.90625,10655.504474999994,4.091859154597027
29.411765,259720.5486,29.411765,247299.109375,12421.43922500001,4.782617044341177
29.325513,259263.836109,29.325513,245430.421875,13833.414233999996,5.335651296999299
29.239766,258847.964384,29.239766,245049.0625,13798.901883999992,5.330890631818673
29.154519,258274.712151,29.154519,244698.375,13576.337151000014,5.256549136356262
29.069767,257510.192435,29.069767,244408.5,13101.692435000004,5.087834509038744
28.985507,256923.021125,28.985507,244135.96875,12787.052375,4.976997514278315
28.901734,256364.579892,28.901734,243976.125,12388.454892000009,4.832358236546934
28.818444,255601.924584,28.818444,243872.8125,11729.112083999993,4.588819940651653
28.735632,254905.713607,28.735632,243866.109375,11039.604232000012,4.330857898705355
28.653295,254374.295222,28.653295,243453.65625,10920.638971999986,4.293137780477867
28.571429,253886.8994,28.571429,243189.21875,10697.680649999995,4.213561501314706
28.490028,253111.046369,28.490028,242982.03125,10129.015118999989,4.0018068212769045
28.409091,252664.106643,28.409091,242563.84375,10100.262893000006,3.997506027744219
28.328612,252296.526352,28.328612,242167.90625,10128.620101999986,4.014569779636483
28.248588,251962.630895,28.248588,242036.625,9926.00589500001,3.9394754133744767
28.169014,251451.00639,28.169014,241990.0,9461.006389999995,3.7625645352661636
28.089888,250529.533037,28.089888,241503.546875,9025.986161999987,3.6027633359564692
28.011204,250165.113343,28.011204,240912.40625,9252.707093000005,3.698640057901946
27.932961,249910.013657,27.932961,240822.6875,9087.326157000003,3.6362393103112325
27.855153,249748.592545,27.855153,240770.125,8978.467544999992,3.5950022594750926
27.777778,249259.15694,27.777778,239942.171875,9316.985064999986,3.737870728353105
27.700831,249033.410371,27.700831,239551.703125,9481.707246000005,3.8074036860654714
27.624309,248687.406492,27.624309,239355.40625,9332.00024200001,3.7525021365728906
27.548209,247891.65595,27.548209,239325.625,8566.030949999986,3.4555543699816034
27.472527,247527.66689,27.472527,238038.375,9489.291889999993,3.833628785511474
27.39726,247164.347385,27.39726,237839.40625,9324.941135000001,3.772769508894759
27.322404,246675.240786,27.322404,237011.34375,9663.89703600001,3.917659918039282
27.247956,246341.050891,27.247956,236008.53125,10332.519640999992,4.194396185137606
27.173913,246220.183863,27.173913,235421.9375,10798.246363000013,4.385605677643508
27.100271,245647.209063,27.100271,234652.984375,10994.224687999988,4.4756155504214785
27.027027,245211.040615,27.027027,234557.6875,10653.353115000005,4.344565027855569
26.954178,244646.230166,26.954178,234342.46875,10303.761415999994,4.211698422251827
26.88172,244048.28872,26.88172,234318.59375,9729.694970000011,3.986790901518275
26.809651,243607.207729,26.809651,232003.046875,11604.160853999987,4.763471886640151
26.737968,243393.777694,26.737968,231564.203125,11829.57456899999,4.860261704747601
26.666667,242913.735347,26.666667,231482.796875,11430.938472000009,4.705760444410861
26.595745,242713.098431,26.595745,231318.265625,11394.832805999991,4.6947745629144055
26.525199,242330.434478,26.525199,230962.15625,11368.27822800001,4.691230077017866
26.455026,241802.694021,26.455026,230201.015625,11601.678396000003,4.797993853200174
26.385224,241420.572032,26.385224,229928.6875,11491.884531999996,4.760109892572354
26.315789,241030.305113,26.315789,229566.078125,11464.22698800001,4.756342561415812
26.246719,240132.172004,26.246719,228743.421875,11388.750128999993,4.74270066936732
26.17801,239717.826696,26.17801,228174.1875,11543.639196000004,4.815511368138322
26.109661,239048.756757,26.109661,227998.28125,11050.475506999996,4.622686876482326
26.041667,238625.174304,26.041667,227790.25,10834.924303999986,4.540562132894109
25.974026,238187.968917,25.974026,227430.09375,10757.875166999991,4.516548512468624
25.906736,238029.003179,25.906736,226714.34375,11314.659428999992,4.75347931465783
25.839793,237836.846788,25.839793,226278.1875,11558.659287999995,4.85991108783199
25.773196,237567.04687,25.773196,226127.15625,11439.890619999991,4.815436640191962
25.706941,236825.074503,25.706941,225148.125,11676.94950300001,4.93062211740256
25.641026,236389.871302,25.641026,224457.640625,11932.230677000014,5.047691176986168
25.575448,236058.932307,25.575448,224192.390625,11866.54168200001,5.026940334783562
25.510204,235440.260438,25.510204,223817.328125,11622.932312999998,4.936680027187084
25.445293,235217.664408,25.445293,222838.4375,12379.226908000011,5.262881484329108
25.380711,234785.668863,25.380711,222603.375,12182.293862999999,5.188687163912249
25.316456,234251.487329,25.316456,220905.5,13345.987328999996,5.697290327235324
25.252525,233992.815189,25.252525,219667.953125,14324.862063999986,6.121923894299726
25.188917,233482.056284,25.188917,218527.546875,14954.509408999991,6.4049930204528485
25.125628,232917.478851,25.125628,218228.78125,14688.697600999993,6.3063955841616
25.062657,232567.601163,25.062657,218176.59375,14391.007413000014,6.187881433628309
25.0,232232.061813,25.0,217874.53125,14357.530563000008,6.182406705996137
24.937656,231565.685203,24.937656,217670.53125,13895.153953000001,6.000523756712458
24.875622,231132.186988,24.875622,217566.25,13565.936988000001,5.869341334404594
24.813896,230633.478914,24.813896,217218.28125,13415.197664000007,5.816674026324836
24.752475,230192.203041,24.752475,217113.1875,13079.015541,5.681780428796918
24.691358,229952.982876,24.691358,216932.109375,13020.873500999995,5.662406870373749
24.630542,229518.031467,24.630542,216754.75,12763.281466999993,5.560905775211432
24.570025,229225.137471,24.570025,216704.46875,12520.668720999995,5.462170885417845
24.509804,228515.717706,24.509804,216569.5625,11946.155205999996,5.227717080437103
24.449878,227999.178299,24.449878,216385.515625,11613.662673999992,5.093730056680178
24.390244,227849.016469,24.390244,216319.28125,11529.735218999995,5.060252353807581
24.3309,227485.70589,24.3309,216057.03125,11428.674640000012,5.0239089068419585
24.271845,227021.112253,24.271845,216037.71875,10983.393503,4.838049375231558
24.213075,226754.682522,24.213075,215988.484375,10766.198146999988,4.74794964640055
24.154589,226544.540724,24.154589,215843.171875,10701.368848999991,4.723737246017994
24.096386,226281.608578,24.096386,215176.90625,11104.702328000014,4.907470119990855
24.038462,225901.349957,24.038462,214943.234375,10958.115581999999,4.850841123386761
23.980815,225557.301328,23.980815,214826.09375,10731.207578000001,4.757641412988417
23.923445,225006.326097,23.923445,214050.46875,10955.857347000012,4.8691330315206125
23.866348,224443.304969,23.866348,214022.1875,10421.11746899999,4.643095712050466
23.809524,224297.360881,23.809524,213770.390625,10526.970256,4.693309905498638
23.752969,224028.865693,23.752969,212993.484375,11035.381318,4.92587474558856
23.696682,223611.82454,23.696682,211885.84375,11725.980790000001,5.243900144423016
23.640662,223367.497288,23.640662,211351.421875,12016.075413000013,5.37950935516237
23.584906,223168.824176,23.584906,210899.34375,12269.480425999995,5.497846964647618
23.529412,222985.535728,23.529412,210354.34375,12631.191977999988,5.664579066423234
23.474178,222853.176836,23.474178,209992.25,12860.926835999999,5.77103141117189
23.419204,222700.970794,23.419204,209806.625,12894.345793999993,5.789981852359034
23.364486,222383.252784,23.364486,209792.4375,12590.815284000011,5.661764151021489
23.310023,221998.261745,23.310023,209367.6875,12630.574244999996,5.689492406705509
23.255814,221717.045437,23.255814,209121.25,12595.795436999993,5.6810225899293965
23.201856,221331.469983,23.201856,208521.234375,12810.235607999988,5.787805777905833
23.148148,220865.177391,23.148148,208474.78125,12390.396141000005,5.609936472269304
23.094688,220547.770117,23.094688,208122.640625,12425.129492000007,5.6337588384632085
23.041475,220020.170545,23.041475,208120.75,11899.420545,5.408331661376588
22.988506,219666.447388,22.988506,206884.59375,12781.853638,5.818755567810149
22.93578,219398.11502,22.93578,206776.890625,12621.224394999997,5.752658537585642
22.883295,217975.138477,22.883295,206655.34375,11319.794727,5.1931586354718275
22.83105,217760.392124,22.83105,206297.25,11463.142124000005,5.2641079547067084
22.779043,217548.372786,22.779043,206161.15625,11387.216535999993,5.234337720007438
22.727273,217484.50141,22.727273,205699.265625,11785.235784999997,5.418885349803648
22.675737,217083.416708,22.675737,205625.140625,11458.276083000004,5.278282540767538
22.624434,216650.834687,22.624434,204878.71875,11772.115936999995,5.43368132137936
22.573363,216427.018823,22.573363,204020.484375,12406.534447999991,5.732433277263962
22.522523,216130.353746,22.522523,203982.28125,12148.072496000008,5.620715593829373
22.47191,215829.746476,22.47191,203868.3125,11961.433976,5.542069233413151
22.421525,215597.06467,22.421525,203541.90625,12055.158419999992,5.591522518384941
22.371365,215158.790646,22.371365,203417.34375,11741.446896000009,5.457107683468146
22.321429,214717.764563,22.321429,203376.484375,11341.280188000004,5.281947775062821
22.271715,214447.01384,22.271715,203119.625,11327.38884,5.282138761070099
22.222222,214125.132344,22.222222,203002.84375,11122.288594000012,5.1942938562352605
22.172949,213355.917645,22.172949,202314.3125,11041.605145000009,5.175204544067057
22.123894,212746.496886,22.123894,201846.5,10899.996886000008,5.123467152477138
22.075055,212203.120326,22.075055,201238.140625,10964.979701000004,5.16720945674828
22.026432,211712.528881,22.026432,201150.3125,10562.216381000006,4.988942523537116
21.978022,211115.557068,21.978022,200892.75,10222.807067999995,4.842280317933768
21.929825,210891.526841,21.929825,200143.203125,10748.323716000014,5.096612404017363
21.881838,210668.049759,21.881838,199686.65625,10981.393508999987,5.21265256955788
21.834061,210369.207495,21.834061,199314.34375,11054.86374500001,5.254981884771685
21.786492,209802.743176,21.786492,198795.53125,11007.211925999989,5.246457581713422
21.73913,209213.037655,21.73913,198025.375,11187.662654999993,5.347497833021698
21.691974,208969.287403,21.691974,197233.859375,11735.428027999995,5.615862586241235
21.645022,208682.697543,21.645022,196774.296875,11908.400667999987,5.706462877951925
21.598272,208308.743245,21.598272,196228.203125,12080.54011999999,5.799343768202566
21.551724,208062.19196,21.551724,196138.84375,11923.348209999996,5.730665479239142
21.505376,207744.164571,21.505376,195993.125,11751.039571000001,5.656495620594863
21.459227,206585.974792,21.459227,195693.46875,10892.506041999994,5.27262610783092
21.413276,206420.334389,21.413276,195615.3125,10805.021888999996,5.234475528286805
21.367521,206008.91248,21.367521,195329.453125,10679.459354999999,5.183979288292585
21.321962,205582.442932,21.321962,195036.0625,10546.380432000005,5.130000539729166
21.276596,205333.670151,21.276596,194648.828125,10684.842025999998,5.203648295061638
21.231423,205114.818581,21.231423,194299.40625,10815.412331,5.272857614979673
21.186441,205017.511425,21.186441,194151.6875,10865.823925000004,5.299949184572443
21.141649,204945.128782,21.141649,193983.875,10961.253782000014,5.34838463697251
21.097046,204688.352396,21.097046,193586.671875,11101.680521000002,5.423699194921533
21.052632,204435.311769,21.052632,193365.25,11070.061768999993,5.414946015543792
21.008403,204068.384752,21.008403,192930.765625,11137.619127000013,5.457787662961769
20.964361,203867.799881,20.964361,192376.703125,11491.096756000014,5.6365432710352
20.920502,203550.850901,20.920502,191714.03125,11836.819650999998,5.815165890294908
20.876827,203316.1947,20.876827,191713.828125,11602.366574999993,5.706562918964562
20.833333,202776.256622,20.833333,191376.3125,11399.944121999986,5.6219324253780325
20.790021,202065.793223,20.790021,191239.53125,10826.261972999986,5.35779054946332
20.746888,201735.611241,20.746888,191220.90625,10514.704991000006,5.212121412931301
20.703934,201412.25746,20.703934,191176.4375,10235.819959999993,5.082024346027105
20.661157,201157.425712,20.661157,190948.609375,10208.816336999997,5.075038269586979
20.618557,200824.273661,20.618557,190645.625,10178.648661000014,5.068435441316227
20.576132,200730.670331,20.576132,190434.96875,10295.701581000001,5.129112339446005
20.533881,200519.390951,20.533881,190427.328125,10092.062826000008,5.0329610408931265
20.491803,200193.562725,20.491803,190023.421875,10170.140849999996,5.080153782951762
20.449898,199700.746054,20.449898,190012.140625,9688.605428999988,4.851561959803668
20.408163,199528.659778,20.408163,188651.125,10877.534778000001,5.451615216632331
20.366599,199188.371716,20.366599,187796.84375,11391.527965999994,5.718972381702018
20.325203,199048.267723,20.325203,187546.046875,11502.220847999997,5.77860886687381
20.283976,198567.609101,20.283976,187441.796875,11125.81222600001,5.603034793222969
20.242915,198200.433526,20.242915,187418.765625,10781.667901000008,5.439780180695551
20.20202,197690.268361,20.20202,187039.375,10650.893360999995,5.387667005211667
20.16129,197353.842155,20.16129,187005.390625,10348.451529999991,5.243602768003071
20.120724,197128.307982,20.120724,186962.0,10166.307981999998,5.157203491508837
20.080321,196979.424394,20.080321,186827.046875,10152.377519000001,5.154029437456942
20.04008,196689.995871,20.04008,186785.5,9904.495870999992,5.035587004382216
20.0,196617.638051,20.0,186392.15625,10225.481800999987,5.200694048795172
19.96008,196281.312182,19.96008,185540.15625,10741.155931999994,5.472327351286687
19.920319,196031.562263,19.920319,184827.1875,11204.374763,5.7155973424156965
19.880716,195782.040348,19.880716,183628.6875,12153.35284800001,6.207593314686875
19.84127,195584.172734,19.84127,183250.0,12334.172733999992,6.3063245668527665
19.80198,195231.359872,19.80198,183165.375,12065.984872,6.180351804090722
19.762846,195082.954473,19.762846,182059.46875,13023.48572299999,6.675870661371635
19.723866,194868.368119,19.723866,181335.359375,13533.008743999992,6.944692396528825
19.685039,194353.828818,19.685039,181141.625,13212.203818000009,6.7980157110114865
19.646365,194154.130806,19.646365,180628.8125,13525.318306000001,6.966278929967543
19.607843,193984.75688,19.607843,180077.171875,13907.585005,7.1694215714089875
19.569472,193628.80139,19.569472,179691.40625,13937.395140000008,7.197996909523713
19.53125,193321.137618,19.53125,179645.21875,13675.918868000008,7.074197388090815
19.493177,193091.227461,19.493177,178991.1875,14100.039961000002,7.302268542390351
19.455253,192790.157562,19.455253,178860.734375,13929.423187000008,7.22517340259987
19.417476,192383.260378,19.417476,178565.453125,13817.807253000006,7.182437404299311
19.379845,192068.586465,19.379845,178487.90625,13580.680215,7.070745125452757
19.34236,191501.989445,19.34236,178302.0625,13199.926945000014,6.892840634844201
19.305019,191250.026841,19.305019,177813.390625,13436.636216000014,7.02569115306366
19.267823,190978.77356,19.267823,177801.625,13177.148560000001,6.899797456213176
19.230769,190832.760806,19.230769,177256.671875,13576.088931000006,7.114129080174769
19.193858,190415.190984,19.193858,177252.15625,13163.034733999986,6.91280704337609
19.157088,190186.194087,19.157088,176889.09375,13297.10033700001,6.991622289322062
19.120459,189806.646857,19.120459,176802.453125,13004.193732000014,6.851284687515369
19.083969,189627.974353,19.083969,176482.625,13145.349352999998,6.932178333840875
19.047619,189478.004383,19.047619,176461.15625,13016.848132999992,6.8698465425509125
19.011407,188949.623925,19.011407,176040.34375,12909.280174999993,6.832128006840643
18.975332,188779.408563,18.975332,175989.796875,12789.611688000005,6.774897636005581
18.939394,188154.990537,18.939394,175880.671875,12274.318662000005,6.52351480392241
18.903592,187972.605975,18.903592,175839.265625,12133.340350000013,6.45484499566587
18.867925,187710.809331,18.867925,175799.828125,11910.981205999997,6.345389084651358
18.832392,187459.649819,18.832392,175796.15625,11663.493569000013,6.221868855650587
18.796992,187133.023957,18.796992,175316.4375,11816.586456999998,6.314538293206468
18.761726,186844.129331,18.761726,174884.25,11959.879331000004,6.400992834948919
18.726592,186482.639633,18.726592,173913.21875,12569.420883000013,6.740263280129871
18.691589,185777.246723,18.691589,173839.03125,11938.21547299999,6.426091291362641
18.656716,185263.45052,18.656716,173543.984375,11719.466145000013,6.325838211533713
18.621974,184729.502856,18.621974,173489.703125,11239.799731000006,6.084463800978035
18.587361,184589.087146,18.587361,173007.453125,11581.634021000005,6.274278832008935
18.552876,184201.042994,18.552876,172423.734375,11777.308618999989,6.39372526212222
18.518519,183846.556468,18.518519,172410.671875,11435.884592999995,6.220342013852463
18.484288,183459.691605,18.484288,172330.8125,11128.879105,6.066116762564477
18.450185,183293.437932,18.450185,171714.0,11579.437932,6.31743179823811
18.416206,182994.140563,18.416206,171672.984375,11321.156187999994,6.186622234553145
18.382353,182928.748488,18.382353,171138.078125,11790.670363000012,6.4454988406447615
18.348624,182570.908758,18.348624,171012.59375,11558.315008000005,6.3308634911384996
18.315018,182270.545509,18.315018,170988.71875,11281.826758999989,6.189604978409924
18.281536,182140.440266,18.281536,170732.09375,11408.34651599999,6.263489041389771
18.248175,181814.409382,18.248175,170725.609375,11088.800007000013,6.0989665476414245
18.214936,181505.712142,18.214936,170525.25,10980.462142000004,6.0496510068010965
18.181818,181180.389873,18.181818,169982.96875,11197.421123000007,6.180261081703676
18.14882,181044.475254,18.14882,169791.0,11253.47525399999,6.21586228368013
18.115942,180629.489152,18.115942,169632.125,10997.364151999995,6.088354788373285
18.083183,180527.868349,18.083183,169336.578125,11191.290223999997,6.199203661101662
18.050542,180160.884463,18.050542,169248.75,10912.134462999995,6.056883266046045
18.018018,179772.965816,18.018018,169124.921875,10648.04394100001,5.923050717146438
17.985612,179515.274888,17.985612,167697.0625,11818.212388000014,6.583402106240499
17.953321,179343.959801,17.953321,167560.234375,11783.72542599999,6.570461274009568
17.921147,178572.297216,17.921147,167474.5,11097.797216000006,6.214736209937522
17.889088,178214.987224,17.889088,167468.96875,10746.018474000011,6.029806270161356
17.857143,177980.430354,17.857143,167463.4375,10516.992854000011,5.909072605949931
17.825312,177658.272154,17.825312,167406.8125,10251.459654000006,5.770324978233328
17.793594,177351.152,17.793594,167397.0625,9954.089500000002,5.6126443994003505
17.761989,176860.507719,17.761989,167157.6875,9702.820218999987,5.486142918019917
17.730496,176636.140791,17.730496,167129.828125,9506.312666000013,5.381861618709221
17.699115,176303.051178,17.699115,167060.796875,9242.254302999994,5.24225431224601
17.667845,176053.519285,17.667845,166993.09375,9060.425534999988,5.146404100183158
17.636684,175680.248396,17.636684,166342.71875,9337.52964600001,5.315070835369227
17.605634,175389.993221,17.605634,166195.0625,9194.930721000012,5.24256290346847
17.574692,175214.750991,17.574692,165485.0,9729.750991000008,5.553043300275433
17.54386,174977.77954,17.54386,165444.515625,9533.263914999989,5.448271169094748
17.513135,174795.486785,17.513135,164908.4375,9887.049284999986,5.656352727894596
17.482517,174546.707963,17.482517,164877.96875,9668.739212999993,5.539342062555285
17.452007,173734.630658,17.452007,164596.09375,9138.53690800001,5.260054874142735
17.421603,173362.040659,17.421603,164577.3125,8784.728158999991,5.067273161764053
17.391304,173075.781185,17.391304,163942.8125,9132.968685,5.2768611659408355
17.361111,172803.966879,17.361111,163731.8125,9072.154379000014,5.249968818917494
17.331023,172327.836322,17.331023,163175.5,9152.336321999988,5.311002863692062
17.301038,172177.048683,17.301038,163039.265625,9137.783058,5.307201585748998
17.271157,171987.519002,17.271157,162787.140625,9200.378376999986,5.349445372773241
17.241379,171843.739871,17.241379,162729.0,9114.739870999998,5.304086071358938
17.211704,171604.967397,17.211704,162421.1875,9183.779897,5.351698168359986
17.182131,171356.216831,17.182131,162037.71875,9318.498080999998,5.438085791886012
17.152659,171188.001504,17.152659,161923.875,9264.126504000014,5.411668120784475
17.123288,170898.801608,17.123288,161876.4375,9022.364108000009,5.279360664386109
17.094017,170698.575802,17.094017,161774.625,8923.950802000007,5.227899975188573
17.064846,170429.387162,17.064846,161698.515625,8730.871536999999,5.1228674129426715
17.035775,170228.637606,17.035775,161692.984375,8535.653231000004,5.014228716766249
17.006803,170043.019914,17.006803,161497.078125,8545.941789000004,5.025752773223006
16.977929,169751.31716,16.977929,161345.296875,8406.020285000006,4.951961743588043
16.949153,169388.927441,16.949153,161325.734375,8063.193066000007,4.7601653707905465
16.920474,169133.776793,16.920474,161096.28125,8037.495542999997,4.7521528197392255
16.891892,168770.896026,16.891892,161088.15625,7682.739776000002,4.552170994468406
16.863406,168055.373281,16.863406,160783.6875,7271.685781000007,4.326958215636019
16.835017,167501.110418,16.835017,160619.171875,6881.938542999997,4.108592788326047
16.806723,167271.113428,16.806723,160548.03125,6723.0821780000115,4.019272688642613
16.778523,166740.152545,16.778523,160333.96875,6406.18379499999,3.8420162733574825
16.750419,166503.269588,16.750419,160167.875,6335.394587999996,3.804967075827676
16.722408,166177.174831,16.722408,160001.796875,6175.377956000011,3.7161408973767243
16.694491,166009.914861,16.694491,159831.9375,6177.9773609999975,3.7214508339292953
16.666667,165668.716162,16.666667,159753.953125,5914.763036999997,3.570235331102715
16.638935,165430.74696,16.638935,159747.59375,5683.1532099999895,3.4353669522958366
16.611296,165142.149591,16.611296,159672.4375,5469.712090999994,3.3121235884034332
16.583748,164914.143499,16.583748,159592.5625,5321.580998999998,3.226879687873628
16.556291,164822.606849,16.556291,159459.453125,5363.153724000003,3.253894490889459
16.528926,164447.322299,16.528926,159447.859375,4999.462923999992,3.0401607360379583
16.50165,164308.988404,16.50165,159351.5625,4957.425904000003,3.017136160445936
16.474465,164076.364035,16.474465,159330.4375,4745.926535000006,2.8925107908824863
16.447368,163809.166894,16.447368,159307.8125,4501.3543939999945,2.7479258208503046
16.420361,163702.794448,16.420361,159162.75,4540.044448000001,2.7733457228441756
16.393443,163564.963722,16.393443,159004.046875,4560.916846999986,2.788443651509537
16.366612,163374.084144,16.366612,158929.421875,4444.662268999993,2.7205430361172898
16.339869,163114.216672,16.339869,158913.328125,4200.88854700001,2.5754275946696983
16.313214,162985.303703,16.313214,158880.671875,4104.631828000012,2.5184060984293883
16.286645,162652.534227,16.286645,158740.96875,3911.5654769999965,2.404859841618554
16.260163,162180.966327,16.260163,158557.046875,3623.919452000002,2.234491219329163
16.233766,161893.522524,16.233766,158447.96875,3445.553774,2.128283899369236
16.207455,161688.444982,16.207455,158204.078125,3484.3668569999863,2.1549881671432267
16.18123,161233.264763,16.18123,157692.21875,3541.0460130000138,2.1962254614176966
16.155089,161045.19473,16.155089,157664.3125,3380.8822299999883,2.099337540414168
16.129032,160706.547627,16.129032,157664.3125,3042.2351269999926,1.893037447398237
16.10306,160228.571649,16.10306,157121.859375,3106.7122739999904,1.9389252753283095
16.07717,160024.712179,16.07717,157061.171875,2963.5403039999946,1.8519266578558478
16.051364,159841.546479,16.051364,156820.40625,3021.1402290000115,1.8900844589844663
16.025641,159415.39604,16.025641,156740.28125,2675.1147899999924,1.6780780630051322
16.0,159084.256371,16.0,156537.09375,2547.162620999996,1.6011406025369126
15.974441,158988.757975,15.974441,155965.1875,3023.570474999986,1.901751113418613
15.948963,158788.867362,15.948963,155908.46875,2880.39861199999,1.813980198897308
15.923567,158508.63376,15.923567,155597.96875,2910.665009999997,1.8362816844457022
15.898251,158249.122178,15.898251,155498.375,2750.7471779999905,1.7382385065655697
15.873016,157946.075406,15.873016,155424.34375,2521.731655999989,1.5965775974603258
15.847861,157742.082857,15.847861,155422.9375,2319.1453570000012,1.4702134744235669
15.822785,157467.518708,15.822785,155085.8125,2381.7062079999887,1.5125063426042213
15.797788,157129.950086,15.797788,155053.78125,2076.168835999997,1.3213068768008092
15.772871,156916.963001,15.772871,155007.09375,1909.8692509999964,1.2171209628801094
15.748031,156706.475953,15.748031,154847.703125,1858.7728279999865,1.1861493385617814
15.72327,156486.513761,15.72327,154753.046875,1733.4668860000093,1.107742031142385
15.698587,156190.684488,15.698587,154660.0625,1530.621987999999,0.9799700878560368
15.673981,156028.64774,15.673981,154365.21875,1663.4289899999858,1.0661048558030566
15.649452,155869.144411,15.649452,154330.5625,1538.5819109999866,0.9870984515979713
15.625,155748.236276,15.625,154288.46875,1459.7675260000105,0.9372610315876514
15.600624,155530.170665,15.600624,154255.65625,1274.5144150000124,0.8194644225943906
15.576324,155187.540118,15.576324,154249.0,938.5401180000044,0.6047780107129518
15.5521,154967.375448,15.5521,154217.78125,749.5941980000061,0.4837109719597309
15.52795,154629.12652,15.52795,154067.0625,562.0640199999907,0.3634916866243129
15.503876,154413.270297,15.503876,154061.6875,351.58279700001003,0.22768949606712702
15.479876,153988.013174,15.479876,153783.40625,204.60692399999243,0.13287198125531705
15.455951,153795.76717,15.455951,153265.296875,530.4702950000064,0.3449186572304325
15.432099,153629.770732,15.432099,152842.484375,787.2863570000045,0.5124568976760298
15.40832,153429.99737,15.40832,152731.21875,698.7786199999973,0.4554380707671372
15.384615,153117.638802,15.384615,152522.09375,595.5450520000013,0.38894607875328757
15.360983,152686.620687,15.360983,152483.96875,202.6519369999878,0.1327240959870441
15.337423,152495.486483,15.337423,152407.03125,88.45523299998604,0.05800514824407404
15.313936,152202.29424,15.313936,152160.53125,41.76298999998835,0.027439133035757287
15.29052,152037.84982,15.29052,151971.734375,66.11544500000309,0.04348617471128288
15.267176,151862.094153,15.267176,151944.359375,82.26522199998726,0.05417100459388215
15.243902,151582.207573,15.243902,151869.90625,287.6986770000076,0.18979712830838388
15.2207,151159.357595,15.2207,151797.171875,637.8142799999914,0.4219482605297132
15.197568,150859.74121,15.197568,151719.0625,859.3212899999926,0.5696160440868043
15.174507,150575.794822,15.174507,151660.09375,1084.2989280000038,0.7201017462878313
15.151515,150437.514821,15.151515,151565.578125,1128.0633040000102,0.749855051342912
15.128593,150199.381097,15.128593,151506.046875,1306.665777999995,0.8699541692226677
15.10574,149763.944143,15.10574,151479.953125,1716.0089819999994,1.1458091544126885
15.082956,149488.523665,15.082956,151420.359375,1931.835710000014,1.2922970022295552
15.060241,149193.370738,15.060241,151312.0,2118.629262000002,1.4200558989451004
15.037594,148928.229707,15.037594,151283.875,2355.6452930000087,1.5817318836291032
15.015015,148589.444679,15.015015,151217.421875,2627.9771959999925,1.768616338581284
14.992504,148471.350375,14.992504,151142.71875,2671.368374999991,1.7992483858015766
14.97006,148361.929565,14.97006,151069.8125,2707.8829350000015,1.8251871911746942
14.947683,148158.499818,14.947683,150958.125,2799.625181999989,1.8896149633258217
14.925373,147971.762319,14.925373,150905.53125,2933.7689309999987,1.9826545855927098
14.90313,147785.245964,14.90313,150811.21875,3025.9727859999985,2.047547281368747
14.880952,147424.874676,14.880952,150741.21875,3316.3440739999933,2.249514596019444
14.858841,147110.250962,14.858841,150739.515625,3629.264663000009,2.4670372317816813
14.836795,146779.49541,14.836795,150675.171875,3895.676464999997,2.654101279009157
14.814815,146486.894351,14.814815,150397.109375,3910.2150240000046,2.669327547234816
14.792899,146315.087953,14.792899,150197.3125,3882.2245469999907,2.6533316565732825
14.771049,146096.061294,14.771049,150138.078125,4042.0168309999863,2.7666843275575608
14.749263,146001.300697,14.749263,149788.578125,3787.2774280000012,2.594002525949977
14.727541,145886.345264,14.727541,149767.65625,3881.310985999997,2.660503269840826
14.705882,145724.118294,14.705882,149656.046875,3931.9285809999856,2.6982002890333336
14.684288,145634.574299,14.684288,149591.6875,3957.113201,2.717152310876204
14.662757,145307.136428,14.662757,149529.3125,4222.176072000002,2.9056907842183644
14.641288,145034.6897,14.641288,149449.53125,4414.841550000012,3.043990068260209
14.619883,144816.634942,14.619883,149445.6875,4629.052557999996,3.1964922813280126
14.59854,144673.910976,14.59854,149332.65625,4658.745273999986,3.2201695817657314
14.577259,144472.442793,14.577259,149320.828125,4848.385332000005,3.35592396603051
14.556041,144090.838071,14.556041,149254.40625,5163.568178999994,3.583550660213159
14.534884,143853.295181,14.534884,149213.09375,5359.798569000006,3.725878202689877
14.513788,143649.632873,14.513788,149168.703125,5519.070252000005,3.8420357515841275
14.492754,143519.032339,14.492754,149152.03125,5632.998911000002,3.924914221616645
14.47178,143310.705723,14.47178,149149.3125,5838.606777000008,4.074089753130681
14.450867,143175.956039,14.450867,148658.5,5482.5439609999885,3.8292350983195713
14.430014,142939.37962,14.430014,148266.75,5327.370380000008,3.7270137831594483
14.409222,142816.444628,14.409222,148263.65625,5447.2116220000025,3.8141347351060193
14.388489,142651.933207,14.388489,148044.671875,5392.738668000005,3.7803474139917097
14.367816,142325.719763,14.367816,147950.046875,5624.327111999999,3.951729259732954
14.347202,141931.030319,14.347202,147942.9375,6011.907180999988,4.235794785317772
14.326648,141581.222281,14.326648,147566.609375,5985.387094000005,4.2275289036004
14.306152,141441.286663,14.306152,147448.375,6007.088336999994,4.247054363491875
14.285714,141286.664259,14.285714,147273.671875,5987.007615999988,4.237489537600584
14.265335,141190.494738,14.265335,146966.46875,5775.9740119999915,4.090908543608528
14.245014,140958.888209,14.245014,146952.3125,5993.424291000003,4.251895263329221
14.224751,140657.586591,14.224751,146860.203125,6202.616534000001,4.4097276828983185
14.204545,140467.227918,14.204545,146318.390625,5851.16270700001,4.16550023356033
14.184397,140163.325692,14.184397,146192.921875,6029.596182999987,4.301835842743658
14.164306,139988.598112,14.164306,146173.578125,6184.980012999993,4.418202693944835
14.144272,139874.480194,14.144272,146170.890625,6296.410430999997,4.501471907003437
14.124294,139652.331964,14.124294,146139.6875,6487.355535999988,4.645361409125855
14.104372,139331.572371,14.104372,146006.1875,6674.6151290000125,4.790454177339956
14.084507,139042.355815,14.084507,146001.71875,6959.362935000012,5.005210746184171
14.064698,138666.422865,14.064698,145847.671875,7181.2490099999995,5.1787944490292155
14.044944,138539.587361,14.044944,145779.140625,7239.553263999987,5.2256206344367815
14.025245,138412.192544,14.025245,145735.0,7322.80745600001,5.290579768593836
14.005602,138251.152852,14.005602,145671.140625,7419.987773000001,5.36703500833965
13.986014,138059.99539,13.986014,145362.3125,7302.317110000004,5.289234647134377
13.96648,137889.905893,13.96648,145315.359375,7425.453482000012,5.385059503747885
13.947001,137684.033959,13.947001,144851.828125,7167.794166000007,5.205973386961088
13.927577,137532.115653,13.927577,144745.71875,7213.603097000014,5.245031724226707
13.908206,137361.131241,13.908206,144596.078125,7234.9468840000045,5.267099083004999
13.888889,137051.468963,13.888889,144552.84375,7501.374787000008,5.473399769998209
13.869626,136581.184769,13.869626,144362.609375,7781.424605999986,5.697288846308313
13.850416,136368.759016,13.850416,144305.1875,7936.428484000004,5.8198289265570216
13.831259,136306.13256,13.831259,144285.453125,7979.320565000002,5.853970335111386
13.812155,136130.075068,13.812155,144247.75,8117.674931999994,5.963175240992878
13.793103,135730.457468,13.793103,144222.265625,8491.808156999992,6.256376288278577
13.774105,135370.333904,13.774105,144061.140625,8690.806721,6.420023110206127
13.755158,134927.767996,13.755158,143751.625,8823.85700399999,6.539689446475967
13.736264,134400.911939,13.736264,143726.40625,9325.494310999988,6.938564758572852
13.717421,134241.783747,13.717421,143615.875,9374.091252999991,6.982990683934115
13.69863,134055.318488,13.69863,143416.375,9361.05651200001,6.982980323035798
13.679891,133904.94722,13.679891,143362.140625,9457.193404999998,7.062616879615538
13.661202,133791.901838,13.661202,143309.875,9517.97316200001,7.114012904551362
13.642565,133617.624899,13.642565,143281.859375,9664.234476000012,7.232754274224748
13.623978,133507.963877,13.623978,143137.515625,9629.551747999998,7.212717105678909
13.605442,132971.704605,13.605442,143096.359375,10124.654769999994,7.6141422719035265
13.586957,132622.728754,13.586957,142580.859375,9958.13062099999,7.508615389350933
13.568521,132350.483199,13.568521,142533.953125,10183.46992599999,7.694320171607
13.550136,132070.903297,13.550136,142225.21875,10154.315452999988,7.6885333555757125
13.5318,131983.854454,13.5318,142153.3125,10169.458046000014,7.705077327882064
13.513514,131887.614971,13.513514,142116.875,10229.260028999997,7.756042924310407
13.495277,131660.983511,13.495277,142113.75,10452.766489000001,7.939152670940435
13.477089,131453.908637,13.477089,142064.21875,10610.310113000014,8.071505992491696
13.45895,131062.34031,13.45895,141882.78125,10820.44094,8.255949736901199
13.44086,130851.484818,13.44086,141841.515625,10990.030807000003,8.398858310462373
13.422819,130727.467346,13.422819,141791.9375,11064.470153999995,8.463768463222312
13.404826,130570.645324,13.404826,141489.75,10919.104676000003,8.362602979333653
13.386881,130431.720014,13.386881,141320.15625,10888.436235999994,8.347997124343124
13.368984,130271.607337,13.368984,141314.828125,11043.220788000006,8.477074178897837
13.351135,130138.929746,13.351135,140836.40625,10697.476504000006,8.220043398911391
13.333333,130004.447956,13.333333,140678.484375,10674.036418999996,8.210516322189703
13.315579,129852.400354,13.315579,140675.640625,10823.240271000002,8.33503288463978
13.297872,129715.805486,13.297872,140052.5,10336.694514000003,7.968723992632976
13.280212,129336.189984,13.280212,139947.0625,10610.872516000003,8.204101665058063
13.262599,129063.503853,13.262599,139816.875,10753.371146999998,8.331845042149027
13.245033,128932.323777,13.245033,139723.25,10790.926223000002,8.369449884160836
13.227513,128766.94776,13.227513,139648.1875,10881.239740000005,8.450335997930782
13.21004,128595.536289,13.21004,139642.34375,11046.807461000004,8.590350629413676
13.192612,128469.254217,13.192612,139425.234375,10955.980158000006,8.528095087633995
13.175231,128217.652689,13.175231,139414.171875,11196.519186000005,8.732431885301995
13.157895,127924.525144,13.157895,139299.515625,11374.990481,8.891954430313957
13.140604,127706.568915,13.140604,139141.0625,11434.493585000004,8.953723901713051
13.12336,127475.252706,13.12336,138892.953125,11417.700419,8.956797634544005
13.10616,127244.686453,13.10616,138888.15625,11643.469796999998,9.150456590028782
13.089005,127056.087766,13.089005,138649.5,11593.412234000003,9.124641280748126
13.071895,126778.019272,13.071895,138461.140625,11683.121352999995,9.215415590248387
13.05483,126675.769309,13.05483,138452.53125,11776.761941000004,9.296775543768728
13.03781,126592.456717,13.03781,138416.65625,11824.199533000006,9.340366590272628
13.020833,126504.492493,13.020833,138403.546875,11899.054382000002,9.406033056619254
13.003901,126173.516149,13.003901,138078.875,11905.358850999997,9.43570347753549
12.987013,126014.987933,12.987013,138056.234375,12041.246442000003,9.555408161767334
12.970169,125856.385428,12.970169,138049.390625,12193.005197000006,9.688030651393042
12.953368,125651.968799,12.953368,137838.84375,12186.874951000005,9.698912852288705
12.936611,125466.783536,12.936611,137632.71875,12165.935213999997,9.696538694250693
12.919897,125415.395746,12.919897,137549.875,12134.479254000005,9.675430342360517
12.903226,125231.004335,12.903226,137330.796875,12099.792539999995,9.661978360911622
12.886598,125124.697762,12.886598,137222.578125,12097.880363000004,9.668659009280017
12.870013,124998.694795,12.870013,136549.265625,11550.570829999997,9.240553150529395
12.85347,124844.770237,12.85347,136448.546875,11603.776637999996,9.29456365370522
12.83697,124734.29975,12.83697,136320.234375,11585.934624999994,9.28849133576027
12.820513,124663.401339,12.820513,136254.9375,11591.536160999996,9.298267203121524
12.804097,124539.447144,12.804097,136090.96875,11551.521605999995,9.275391750088172
12.787724,124445.150812,12.787724,136011.46875,11566.317937999993,9.29430987268704
12.771392,124179.623865,12.771392,135895.15625,11715.532384999999,9.43434359064927
12.755102,123942.691832,12.755102,135749.5,11806.808168000003,9.526022061876565
12.738854,123750.835569,12.738854,135270.53125,11519.695680999997,9.308782141173452
12.722646,123664.086907,12.722646,135195.515625,11531.428717999996,9.324799953176429
12.70648,123335.709422,12.70648,135042.890625,11707.181203,9.492126212160686
12.690355,123285.258941,12.690355,134851.421875,11566.162934000007,9.381626833046736
12.674271,123228.541802,12.674271,134826.203125,11597.661322999993,9.411505770826025
12.658228,123015.113038,12.658228,134773.34375,11758.230712000004,9.558362726023612
12.642225,122864.067367,12.642225,134417.3125,11553.245133000004,9.403274187960902
12.626263,122758.985918,12.626263,134311.671875,11552.685956999994,9.410867864872154
12.61034,122680.823491,12.61034,134093.0,11412.176508999997,9.302331191017158
12.594458,122500.823775,12.594458,133966.890625,11466.066850000003,9.359991628350176
12.578616,122475.90679,12.578616,133910.0,11434.093210000006,9.335789797094678
12.562814,122208.109034,12.562814,133647.71875,11439.609716000006,9.360761578282295
12.547051,122118.524026,12.547051,132959.4375,10840.913474,8.877370211002455
12.531328,121862.295062,12.531328,132420.40625,10558.111187999995,8.663968771167763
12.515645,121813.005026,12.515645,132418.640625,10605.635599000001,8.706488766725945
12.5,121580.250835,12.5,132401.75,10821.499165000001,8.900704753180815
12.484395,121249.782966,12.484395,132326.890625,11077.107659000001,9.1357752467946
12.468828,120858.183239,12.468828,132323.21875,11465.035510999995,9.486354340051271
12.4533,120579.997215,12.4533,131183.34375,10603.346535000004,8.793619820784803
12.437811,120505.423829,12.437811,131087.09375,10581.669920999993,8.781073568950413
12.42236,120415.350231,12.42236,130964.210938,10548.860707,8.760395320665918
12.406948,120282.271388,12.406948,130387.140625,10104.869237000006,8.400963101539935
12.391574,120171.341664,12.391574,129941.492188,9770.150523999997,8.130183443667804
12.376238,120029.166702,12.376238,129926.546875,9897.380172999998,8.245812617838562
12.360939,119838.741394,12.360939,129920.242188,10081.500794000007,8.412555636623836
12.345679,119504.693036,12.345679,129889.671875,10384.978839000003,8.690017584390262
12.330456,119348.024573,12.330456,129678.234375,10330.209801999998,8.655534801651834
12.315271,119230.579732,12.315271,129337.710938,10107.131206000005,8.476962226232788
12.300123,118999.630887,12.300123,129320.382812,10320.75192499999,8.672927678910531
12.285012,118671.923693,12.285012,128449.414062,9777.490368999992,8.239093177838768
12.269939,118478.607883,12.269939,128378.75,9900.142116999996,8.356058780481776
12.254902,118264.70393,12.254902,128319.171875,10054.467944999997,8.501664157508197
12.239902,118159.398335,12.239902,128211.023438,10051.625102999998,8.506835042018494
12.224939,118065.004146,12.224939,128158.742188,10093.738041999997,8.549305626176924
12.210012,117894.823511,12.210012,128155.0,10260.176489000005,8.702821874145046
12.195122,117761.651788,12.195122,128000.921875,10239.270086999997,8.694910381720195
12.180268,117594.501692,12.180268,127678.351562,10083.849869999991,8.575103193524566
12.16545,117490.932973,12.16545,127524.921875,10033.988901999997,8.540224039505974
12.150668,117269.070121,12.150668,127429.0,10159.929879000003,8.663776278362944
12.135922,117183.073111,12.135922,127391.117188,10208.044076999999,8.71119335412084
12.121212,117024.283221,12.121212,126949.226562,9924.943340999991,8.48109731401368
12.106538,116965.351636,12.106538,126827.46875,9862.117113999993,8.431656876209995
12.091898,116783.410423,12.091898,126578.117188,9794.70676500001,8.387070329186914
12.077295,116483.028982,12.077295,126234.90625,9751.877267999997,8.371929673555229
12.062726,116205.818152,12.062726,125730.78125,9524.963097999993,8.19663184638579
12.048193,115895.636948,12.048193,125673.125,9777.488052,8.436459136409907
12.033694,115735.059792,12.033694,125642.84375,9907.783958,8.560745530184501
12.019231,115538.827709,12.019231,125567.0625,10028.234790999995,8.67953655913616
12.004802,115222.279851,12.004802,125472.914062,10250.634210999997,8.896399397977223
11.990408,115066.865011,11.990408,125470.09375,10403.228738999998,9.041029090351497
11.976048,114973.765456,11.976048,125341.992188,10368.22673200001,9.017906555359266
11.961722,114903.721047,11.961722,125296.234375,10392.513328000001,9.044540275374604
11.947431,114794.96102,11.947431,124746.59375,9951.632729999998,8.669050140856084
11.933174,114617.978728,11.933174,124746.59375,10128.615021999998,8.836846657395888
11.918951,114459.037701,11.918951,124590.515625,10131.477924000006,8.851618996191762
11.904762,114191.351517,11.904762,124561.898438,10370.546921000001,9.081727103874506
11.890606,113973.191007,11.890606,124545.359375,10572.168367999999,9.276013310314948
11.876485,113857.972683,11.876485,123917.507812,10059.535128999996,8.83516093950439
11.862396,113802.19945,11.862396,123864.015625,10061.816175,8.841495352135745
11.848341,113576.765523,11.848341,123861.890625,10285.125102000005,9.055659451683544
11.83432,113365.753954,11.83432,123770.09375,10404.339796,9.177674414992849
11.820331,113199.240917,11.820331,123592.84375,10393.602832999997,9.181689513819972
11.806375,112981.623901,11.806375,123535.46875,10553.844849000001,9.341204777024442
11.792453,112777.390674,11.792453,123469.929688,10692.539014000009,9.481101619834778
11.778563,112596.700542,11.778563,123407.242188,10810.541645999998,9.601117611761214
11.764706,112544.078405,11.764706,123357.609375,10813.530970000007,9.608262934178148
11.750881,112382.825294,11.750881,123344.875,10962.049706000005,9.754203702676675
11.737089,112291.13374,11.737089,123281.179688,10990.045947999999,9.787100354197563
11.723329,112208.458105,11.723329,122935.351562,10726.893456999998,9.559790445531494
11.709602,112043.667478,11.709602,122800.742188,10757.07471,9.600787757248462
11.695906,111797.221557,11.695906,122749.359375,10952.137818000003,9.796431132607387
11.682243,111730.513365,11.682243,122668.585938,10938.072572999998,9.789691502864239
11.668611,111618.76423,11.668611,122510.179688,10891.415458000003,9.757692206264988
11.655012,111493.390524,11.655012,122435.648438,10942.257914000002,9.814265996013976
11.641444,111321.423538,11.641444,122415.4375,11094.013961999997,9.965749277553043
11.627907,111095.182298,11.627907,122172.265625,11077.083327,9.970804402018985
11.614402,110992.435788,11.614402,122156.0625,11163.626711999997,10.058006775635569
11.600928,110931.517104,11.600928,122067.820312,11136.303207999998,10.03889922244509
11.587486,110722.072118,11.587486,121439.84375,10717.771632000004,9.679887150755034
11.574074,110355.856612,11.574074,121389.078125,11033.221512999997,9.99785770481732
11.560694,110296.325445,11.560694,121330.546875,11034.221430000005,10.004160506237621
11.547344,110126.703056,11.547344,121196.9375,11070.234444000002,10.052270826968034
11.534025,110049.375702,11.534025,121191.101562,11141.725859999991,10.12429719744199
11.520737,109849.383739,11.520737,121121.46875,11272.085011000003,10.261400316803105
11.50748,109610.780267,11.50748,121097.375,11486.594733000005,10.479438888237
11.494253,109475.586078,11.494253,120941.859375,11466.273297000007,10.473817686466122
11.481056,109318.011887,11.481056,120880.960938,11562.949051000003,10.577350293337211
11.46789,109221.688472,11.46789,120741.34375,11519.655278000006,10.547040097217666
11.454754,109115.583551,11.454754,120700.328125,11584.744573999997,10.616947824492321
11.441648,108947.263349,11.441648,120620.15625,11672.892901,10.714259855804944
11.428571,108816.525478,11.428571,120617.84375,11801.318272000004,10.845152627471034
11.415525,108697.076557,11.415525,120589.625,11892.548443000007,10.941001193131111
11.402509,108469.414837,11.402509,120582.390625,12112.975787999996,11.167180911045293
11.389522,108197.437783,11.389522,120172.382812,11974.945028999995,11.067678934335634
11.376564,108084.103786,11.376564,120123.679688,12039.575901999997,11.139081030673696
11.363636,107995.938179,11.363636,120122.796875,12126.858695999996,11.228995183041137
11.350738,107861.922617,11.350738,120116.007812,12254.085194999992,11.360900026334816
11.337868,107755.642499,11.337868,120109.21875,12353.576251000006,11.464435610520026
11.325028,107534.091098,11.325028,119915.335938,12381.24484,11.51378573397388
11.312217,107410.755311,11.312217,119787.164062,12376.408750999995,11.52250416186443
11.299435,107238.769833,11.299435,119432.640625,12193.870792000002,11.37076713113101
11.286682,107107.916447,11.286682,119428.21875,12320.302303000004,11.502699997993552
11.273957,106846.136764,11.273957,119343.148438,12497.011674000008,11.696269095440675
11.261261,106677.371468,11.261261,119329.328125,12651.956657000002,11.860019123920024
11.248594,106580.512126,11.248594,119296.875,12716.362873999999,11.93122703235527
11.235955,106463.153553,11.235955,119222.421875,12759.268322000004,11.984680047682529
11.223345,106276.38969,11.223345,119187.914062,12911.524372,12.149005446705441
11.210762,106126.029136,11.210762,118851.75,12725.720864000003,11.991140126134422
11.198208,105878.621428,11.198208,118077.992188,12199.370760000005,11.522034000315983
11.185682,105797.701965,11.185682,117809.367188,12011.665223000004,11.35342734284881
11.173184,105631.455147,11.173184,117660.351562,12028.896414999996,11.387608358003032
11.160714,105515.467174,11.160714,116994.203125,11478.735950999995,10.878723525974648
11.148272,105431.778277,11.148272,116762.757812,11330.979534999991,10.747214663524128
11.135857,105198.798558,11.135857,116654.070312,11455.271754000001,10.889165951533455
11.123471,105123.444901,11.123471,116320.578125,11197.133224000005,10.651413901575339
11.111111,105064.177839,11.111111,116232.015625,11167.837786000004,10.629539026245045
11.098779,104881.630731,11.098779,115814.9375,10933.306769000003,10.42442484236511
11.086475,104789.631341,11.086475,115675.578125,10885.946784,10.388381602923689
11.074197,104676.961534,11.074197,115491.375,10814.413465999998,10.331225999989865
11.061947,104509.693069,11.061947,115490.296875,10980.603806,10.50678026463088
11.049724,104382.932424,11.049724,115206.046875,10823.114451000001,10.368662960182869
11.037528,104252.184029,11.037528,115182.03125,10929.847221000004,10.484046279509723
11.025358,104105.505403,11.025358,115063.09375,10957.588346999997,10.525464820119142
11.013216,103856.577367,11.013216,115028.328125,11171.750757999995,10.756902491136563
11.0011,103816.527133,11.0011,114867.828125,11051.300992000004,10.645030514112761
10.989011,103643.101131,10.989011,114782.375,11139.273868999997,10.747723434983365
10.976948,103484.389685,10.976948,114774.90625,11290.516564999998,10.9103572039876
10.964912,103147.788011,10.964912,114711.382812,11563.594801,11.210705555573156
10.952903,103038.393031,10.952903,114686.804688,11648.411657000004,11.304923644816043
10.940919,102872.554141,10.940919,114509.148438,11636.594297000003,11.311660718611654
10.928962,102793.331104,10.928962,114193.210938,11399.879834000007,11.09009671305068
10.917031,102761.405877,10.917031,114190.640625,11429.234748000003,11.122108198558704
10.905125,102685.791437,10.905125,113918.125,11232.333562999993,10.93854700422821
10.893246,102503.413444,10.893246,113849.078125,11345.664680999995,11.068572547779977
10.881393,102332.217714,10.881393,113787.5625,11455.344786000001,11.194270037238532
10.869565,102212.626765,10.869565,113631.671875,11419.045110000006,11.171853685214316
10.857763,102101.220259,10.857763,113601.960938,11500.74067900001,11.264058010106147
10.845987,101970.883672,10.845987,113407.578125,11436.694453000004,11.215647095682064
10.834236,101839.35371,10.834236,113309.609375,11470.255665000004,11.263087644549433
10.822511,101544.13534,10.822511,113083.875,11539.739660000007,11.364260103610635
10.810811,101427.368991,10.810811,112948.007812,11520.638821,11.358510957749743
10.799136,101313.054044,10.799136,112732.46875,11419.414705999996,11.271414936362072
10.787487,101158.379731,10.787487,112710.640625,11552.260894000006,11.419974227265934
10.775862,101070.312269,10.775862,112524.75,11454.437730999998,11.333137767016943
10.764263,100957.155698,10.764263,112414.1875,11457.031801999998,11.3484098504837
10.752688,100829.375321,10.752688,112169.203125,11339.827804,11.246551679903371
10.741139,100725.797211,10.741139,112069.609375,11343.812164000003,11.262072356932585
10.729614,100642.292102,10.729614,112013.171875,11370.879772999993,11.298311609870446
10.718114,100506.031242,10.718114,111676.398438,11170.367196000007,11.114126244925362
10.706638,100393.141695,10.706638,111582.09375,11188.952055000002,11.145135878895658
10.695187,100311.201098,10.695187,111515.21875,11204.017651999995,11.169258795988418
10.683761,100136.129931,10.683761,111467.96875,11331.838818999997,11.316433765523328
10.672359,100000.267918,10.672359,111204.890625,11204.622707000002,11.204592687879366
10.660981,99902.170303,10.660981,111120.398438,11218.228134999998,11.229213640680156
10.649627,99837.797513,10.649627,111048.796875,11210.999362000002,11.229213425446614
10.638298,99742.88393,10.638298,110867.140625,11124.256695000004,11.15293267718934
10.626993,99644.692243,10.626993,110814.742188,11170.049945000006,11.209879516472387
10.615711,99555.716063,10.615711,110395.4375,10839.721437,10.888095496335438
10.604454,99453.143763,10.604454,110239.273438,10786.129675000004,10.845438632592343
10.59322,99278.13109,10.59322,110186.664062,10908.532972,10.98785085117178
10.582011,99125.45534,10.582011,110130.8125,11005.35716,11.102453070456685
10.570825,98873.841218,10.570825,110018.148438,11144.307220000002,11.271239270889355
10.559662,98759.618833,10.559662,110015.539062,11255.920228999996,11.39729006855876
10.548523,98692.474971,10.548523,109977.867188,11285.392217,11.434906481285552
10.537408,98525.530056,10.537408,109949.65625,11424.126193999997,11.595092345615136
10.526316,98322.74038,10.526316,109933.789062,11611.048681999993,11.80911825395157
10.515247,98163.514019,10.515247,109720.429688,11556.915669000009,11.773127505157483
10.504202,98046.10634,10.504202,109615.476562,11569.370221999998,11.79992827239895
10.493179,97880.668617,10.493179,109346.070312,11465.401694999993,11.713652815208366
10.48218,97643.915704,10.48218,109274.0625,11630.146796,11.910774687954847
10.471204,97415.924483,10.471204,109273.015625,11857.091142000005,12.171614861663793
10.460251,97291.682551,10.460251,109215.984375,11924.301823999995,12.256239702452788
10.449321,97020.017678,10.449321,108983.273438,11963.25576,12.330708699420033
10.438413,96815.115431,10.438413,108946.460938,12131.345507000005,12.530425081862345
10.427529,96664.512283,10.427529,108771.03125,12106.518966999996,12.524264263141708
10.416667,96566.359567,10.416667,108630.179688,12063.820120999997,12.492777169082196
10.405827,96460.717783,10.405827,108370.304688,11909.586905000004,12.346566746260434
10.39501,96246.20216,10.39501,108193.53125,11947.32909,12.413299249084883
10.384216,96168.844206,10.384216,108148.007812,11979.163606000002,12.45638720617235
10.373444,95989.313697,10.373444,107990.617188,12001.303490999999,12.502749554896631
10.362694,95756.345494,10.362694,107853.867188,12097.52169400001,12.633650158211218
10.351967,95653.226259,10.351967,107820.203125,12166.976865999997,12.719881327426954
10.341262,95508.906944,10.341262,107801.09375,12292.186805999998,12.870199439312302
10.330579,95344.549902,10.330579,107598.65625,12254.106348000001,12.852445536315813
10.319917,95135.279352,10.319917,107540.976562,12405.697209999998,13.040059686059246
10.309278,95047.495968,10.309278,107319.3125,12271.816531999997,12.911246537343388
10.298661,94893.183494,10.298661,107312.460938,12419.277444000007,13.087639160915352
10.288066,94789.015224,10.288066,107310.929688,12521.914464000001,13.210301251056281
10.277492,94711.827929,10.277492,107256.445312,12544.61738299999,13.245037771210546
10.26694,94579.745579,10.26694,107119.929688,12540.184109000009,13.258847369731525
10.25641,94514.023731,10.25641,107043.953125,12529.929394000006,13.25721718256533
10.245902,94441.839089,10.245902,107024.9375,12583.098410999999,13.323648218182147
10.235415,94339.727966,10.235415,106959.085938,12619.357971999998,13.376504516260646
10.224949,94216.794442,10.224949,106902.859375,12686.064933000001,13.464759662152975
10.214505,93982.421641,10.214505,106878.085938,12895.66429700001,13.721357751622623
10.204082,93783.786975,10.204082,106878.085938,13094.298963000008,13.962220321184688
10.19368,93555.617698,10.19368,106831.703125,13276.085426999998,14.190580698056584
10.183299,93481.285068,10.183299,106823.265625,13341.980557000003,14.272354672162244
10.17294,93361.19615,10.17294,106795.40625,13434.210099999997,14.389500835460318
10.162602,93295.773854,10.162602,106331.46875,13035.694896,13.97243879063564
10.152284,93214.537837,10.152284,106238.726562,13024.188725,13.972271951586354
10.141988,93055.576332,10.141988,105978.820312,12923.24398,13.887662071849366
10.131712,92823.403401,10.131712,105910.492188,13087.088787,14.098910735327564
10.121457,92765.504563,10.121457,105789.328125,13023.823562000005,14.039511371552033
10.111223,92636.47768,10.111223,105629.671875,12993.194195000004,14.026001981512303
10.10101,92459.684841,10.10101,105430.398438,12970.713597000009,14.028507256222358
10.090817,92298.838713,10.090817,105270.757812,12971.919098999992,14.05426035676973
10.080645,92191.231578,10.080645,105176.210938,12984.979359999998,14.084831211972507
10.070493,92005.578796,10.070493,105072.5625,13066.983703999998,14.202381937048466
10.060362,91846.434362,10.060362,105012.039062,13165.604699999996,14.334366697469811
10.050251,91736.095424,10.050251,104903.390625,13167.295201,14.353450667527728
10.040161,91594.07867,10.040161,104682.585938,13088.507268000001,14.289687126125225
10.03009,91487.723265,10.03009,104543.429688,13055.70642300001,14.270446303689654
10.02004,91339.716683,10.02004,104391.375,13051.658316999994,14.289138165707872
10.01001,91247.486429,10.01001,104318.734375,13071.247946000003,14.325049880876215
10.0,91186.127493,10.0,104238.125,13051.997506999993,14.313578025343759
9.99001,90939.764564,9.99001,103906.132812,12966.368247999999,14.25819421258206
9.98004,90716.492096,9.98004,103905.828125,13189.336028999998,14.539071919847263
9.97009,90625.322649,9.97009,103689.820312,13064.497663000002,14.415946096655539
9.960159,90563.300663,9.960159,103500.28125,12936.980586999998,14.285014450986605
9.950249,90521.421052,9.950249,103456.132812,12934.711759999991,14.28911699537908
9.940358,90356.464365,9.940358,103416.375,13059.910634999993,14.453764572110469
9.930487,90094.860125,9.930487,103347.304688,13252.444562999997,14.709434638794269
9.920635,89900.044203,9.920635,103202.164062,13302.119858999999,14.796566538902884
9.910803,89793.413789,9.910803,103015.257812,13221.844022999998,14.724736999162536
9.90099,89644.873801,9.90099,102927.34375,13282.469949000006,14.816764624472972
9.891197,89519.705267,9.891197,102654.90625,13135.200983000002,14.672971658947231
9.881423,89455.147248,9.881423,102625.695312,13170.548064000002,14.723074601271158
9.871668,89282.730561,9.871668,102540.992188,13258.261627,14.849749266955554
9.861933,89138.360757,9.861933,102532.054688,13393.693931000002,15.02573506765795
9.852217,89058.502103,9.852217,102501.289062,13442.78695899999,15.09433309742042
9.84252,88942.353885,9.84252,102241.0,13298.646114999996,14.951983542278155
9.832842,88803.288535,9.832842,102223.625,13420.336465,15.112431855167896
9.823183,88743.15026,9.823183,102214.078125,13470.927865000005,15.179681840832599
9.813543,88614.268503,9.813543,102038.859375,13424.590872,15.149468701584459
9.803922,88541.003815,9.803922,102025.359375,13484.355559999996,15.229503821951893
9.794319,88447.541142,9.794319,101736.921875,13289.380732999998,15.02515565883768
9.784736,88210.009947,9.784736,101605.867188,13395.857241000005,15.186323240467559
9.775171,88094.769178,9.775171,101542.523438,13447.754260000002,15.265099602937973
9.765625,88056.758591,9.765625,101435.421875,13378.663283999995,15.193227070894459
9.756098,87999.030021,9.756098,101420.21875,13421.188729000001,15.251518938103276
9.746589,87755.340944,9.746589,101347.65625,13592.315306000004,15.48887527503742
9.737098,87683.038572,9.737098,101306.804688,13623.766115999999,15.537515964177024
9.727626,87463.558221,9.727626,101270.476562,13806.918340999997,15.785909722667737
9.718173,87382.389425,9.718173,101238.679688,13856.290263000003,15.857074124635615
9.708738,87244.732567,9.708738,101201.25,13956.517433,15.996974284128877
9.699321,87159.297901,9.699321,101024.835938,13865.538037000006,15.90827183205307
9.689922,87088.480171,9.689922,100942.789062,13854.308890999993,15.908314008691823
9.680542,86838.07212,9.680542,100728.148438,13890.076318000007,15.995376197211698
9.67118,86752.363799,9.67118,100709.851562,13957.487762999997,16.08888467331986
9.661836,86564.213868,9.661836,100659.523438,14095.309569999998,16.283067725300025
9.65251,86505.31502,9.65251,100602.6875,14097.372480000005,16.2965390932808
9.643202,86431.997593,9.643202,100572.515625,14140.518032000007,16.360281407108456
9.633911,86330.534275,9.633911,100324.71875,13994.184475000002,16.21000563997726
9.624639,86170.130215,9.624639,100215.234375,14045.104160000003,16.299272294188913
9.615385,86033.630579,9.615385,100029.023438,13995.392859,16.267351226272837
9.606148,85939.826876,9.606148,99953.195312,14013.36843599999,16.306023581149933
9.596929,85890.859582,9.596929,99512.203125,13621.343542999995,15.858897686308168
9.587728,85758.72226,9.587728,99409.59375,13650.871490000005,15.91776454949249
9.578544,85671.70923,9.578544,99337.898438,13666.18920800001,15.951811083062259
9.569378,85572.636799,9.569378,99119.453125,13546.816326,15.830780530720197
9.560229,85433.067266,9.560229,99078.929688,13645.862422000006,15.972576964271868
9.551098,85148.985178,9.551098,98918.625,13769.639821999997,16.171231862852157
9.541985,85064.761644,9.541985,98826.554688,13761.793044000005,16.17801869779375
9.532888,84930.426331,9.532888,98686.007812,13755.581481000001,16.196293925795533
9.52381,84745.43148,9.52381,98453.8125,13708.38102,16.175952827893962
9.514748,84624.411568,9.514748,98418.328125,13793.916557000004,16.300162448888518
9.505703,84548.402912,9.505703,98281.1875,13732.784587999995,16.24251211734112
9.496676,84481.815277,9.496676,97866.171875,13384.356597999998,15.84288471325481
9.487666,84373.832598,9.487666,97861.4375,13487.604902000006,15.98553068729477
9.478673,84258.918076,9.478673,97643.34375,13384.425673999998,15.884877208994649
9.469697,84141.119529,9.469697,97629.101562,13487.982032999993,16.030190837134317
9.460738,84045.160929,9.460738,97296.085938,13250.925008999999,15.766434215283573
9.451796,83943.409872,9.451796,97102.8125,13159.402627999996,15.676516653381054
9.442871,83786.160542,9.442871,97090.867188,13304.706646000006,15.879360696246101
9.433962,83697.967583,9.433962,96824.851562,13126.883978999991,15.683635287777536
9.425071,83560.384391,9.425071,96693.625,13133.240609,15.717065813802714
9.416196,83523.58971,9.416196,96669.359375,13145.769665,15.738990278845858
9.407338,83354.378625,9.407338,96057.390625,12703.012000000002,15.239765696231897
9.398496,83173.05214,9.398496,95649.765625,12476.713485,15.000908544270718
9.389671,83074.403946,9.389671,95511.078125,12436.674178999994,14.970524720326706
9.380863,82943.050456,9.380863,95447.59375,12504.543294000003,15.076059085424486
9.372071,82816.065056,9.372071,95444.3125,12628.247443999993,15.248548014761152
9.363296,82714.008258,9.363296,95342.78125,12628.772991999998,15.267997837329517
9.354537,82624.160066,9.354537,95216.804688,12592.644622000007,15.240874596414693
9.345794,82491.824606,9.345794,95182.617188,12690.79258200001,15.38430340535461
9.337068,82385.914899,9.337068,95049.140625,12663.225726000004,15.370619773445899
9.328358,82256.598545,9.328358,95016.96875,12760.370205,15.512883380436893
9.319664,82133.244944,9.319664,94861.84375,12728.598805999995,15.497498990425369
9.310987,82088.438137,9.310987,94573.976562,12485.538424999992,15.209862324536472
9.302326,81946.136319,9.302326,94437.125,12490.988681000003,15.242925709608896
9.29368,81889.027286,9.29368,94297.710938,12408.683652000007,15.153048049602896
9.285051,81730.045167,9.285051,93883.820312,12153.775144999992,14.870633094801347
9.276438,81653.261867,9.276438,93873.90625,12220.644383000006,14.96651095568658
9.267841,81504.774908,9.267841,93780.382812,12275.60790399999,15.061213183959227
9.259259,81415.352831,9.259259,93593.382812,12178.029981,14.957903586414295
9.250694,81252.717664,9.250694,93549.367188,12296.649524000008,15.133831676682721
9.242144,81150.953285,9.242144,93238.179688,12087.226403000008,14.894743578119149
9.23361,81074.1842,9.23361,93087.476562,12013.292361999993,14.817654325530658
9.225092,80977.787436,9.225092,92912.34375,11934.556314000001,14.738061747404943
9.21659,80768.750138,9.21659,92852.21875,12083.468611999997,14.96057397366482
9.208103,80662.123307,9.208103,92681.664062,12019.540754999995,14.901096403393236
9.199632,80486.083212,9.199632,92656.554688,12170.471476000006,15.121212252238733
9.191176,80384.759599,9.191176,92435.109375,12050.349776000003,14.990838855665261
9.182736,80306.001184,9.182736,92218.578125,11912.576941000007,14.833980979460653
9.174312,80188.97413,9.174312,92183.242188,11994.268058000001,14.957502808996217
9.165903,80077.132463,9.165903,92183.242188,12106.109725000002,15.118060990250473
9.157509,80011.861661,9.157509,91879.867188,11868.005527000001,14.83280763705164
9.149131,79965.236303,9.149131,91849.476562,11884.240258999998,14.861758444593187
9.140768,79853.207169,9.140768,91758.242188,11905.035019000003,14.908649810150248
9.13242,79749.60095,9.13242,91377.140625,11627.539675000007,14.580060008438208
9.124088,79709.844516,9.124088,91112.0,11402.155484000003,14.304576245549283
9.11577,79605.439249,9.11577,91076.25,11470.810750999997,14.409581630622172
9.107468,79507.616223,9.107468,90943.203125,11435.586901999995,14.383008125820156
9.099181,79356.915045,9.099181,90846.789062,11489.874016999995,14.47873069471585
9.090909,79269.177575,9.090909,90620.554688,11351.37711300001,14.320038961246926
9.082652,79205.683194,9.082652,90399.609375,11193.926181000003,14.132731048582087
9.07441,79058.062588,9.07441,90389.320312,11331.257723999996,14.33283001513869
9.066183,79028.582156,9.066183,90270.914062,11242.331905999992,14.225653047663151
9.057971,78905.626207,9.057971,90197.515625,11291.889418000006,14.310626454414049
9.049774,78770.387704,9.049774,90142.046875,11371.659171000007,14.43646464421623
9.041591,78704.419343,9.041591,89929.859375,11225.440031999999,14.262782351622027
9.033424,78552.850063,9.033424,89862.09375,11309.243686999995,14.39698709585953
9.025271,78448.194233,9.025271,89829.1875,11380.993266999998,14.507654864810734
9.017133,78340.094912,9.017133,89692.296875,11352.201963,14.490921890957638
9.009009,78284.949873,9.009009,89675.320312,11390.370438999991,14.549885332338267
9.0009,78178.286584,9.0009,89619.671875,11441.385290999999,14.634991109336484
8.992806,78070.387369,8.992806,89575.25,11504.862630999996,14.73652561325489
8.984726,77957.564348,8.984726,89500.320312,11542.755963999996,14.806460489803804
8.976661,77807.27205,8.976661,89495.132812,11687.860761999997,15.021553196839005
8.96861,77711.868926,8.96861,89388.125,11676.256074000004,15.025061467918821
8.960573,77620.138183,8.960573,89375.625,11755.486816999997,15.144892926220827
8.952551,77581.471188,8.952551,89338.21875,11756.747562000004,15.154066276354003
8.944544,77498.991373,8.944544,89188.28125,11689.289877000003,15.083150980300958
8.93655,77451.995316,8.93655,89000.414062,11548.418745999996,14.910421221406969
8.928571,77340.507133,8.928571,88974.476562,11633.96942899999,15.042530570679377
8.920607,77218.899415,8.920607,88692.171875,11473.272459999993,14.858114460216296
8.912656,77062.195418,8.912656,88514.007812,11451.812393999993,14.86048033264973
8.90472,76918.334508,8.90472,88268.726562,11350.392053999996,14.756419424057448
8.896797,76841.69351,8.896797,88246.15625,11404.462740000003,14.841503640879353
8.888889,76714.757717,8.888889,88214.59375,11499.836033,14.990383043928501
8.880995,76548.811395,8.880995,88045.78125,11496.969855000003,15.019135693269511
8.873114,76374.917344,8.873114,88008.617188,11633.699844000002,15.232356706326367
8.865248,76330.810753,8.865248,87904.515625,11573.704872000002,15.162559859938504
8.857396,76151.029625,8.857396,87882.617188,11731.587563000008,15.405684756688554
8.849558,76087.175448,8.849558,87856.21875,11769.043302000005,15.467840976753413
8.841733,75907.995042,8.841733,87362.21875,11454.223708000005,15.089614343867689
8.833922,75760.475756,8.833922,87278.148438,11517.672682000004,15.20274597944013
8.826125,75684.985295,8.826125,87070.09375,11385.108454999994,15.042757041735372
8.818342,75593.649516,8.818342,86789.34375,11195.694233999995,14.810363444128116
8.810573,75395.738414,8.810573,86671.890625,11276.152210999993,14.955954339331942
8.802817,75348.199046,8.802817,86591.726562,11243.527516000002,14.922091912423602
8.795075,75191.450185,8.795075,86554.296875,11362.846690000006,15.111886606845616
8.787346,75076.35304,8.787346,85879.21875,10802.865709999998,14.389172186140062
8.779631,74975.064504,8.779631,85851.257812,10876.193308000002,14.506414072401025
8.77193,74859.987961,8.77193,85646.421875,10786.433913999994,14.408810644772519
8.764242,74716.857046,8.764242,85549.25,10832.392953999995,14.497923738054116
8.756567,74635.375157,8.756567,85350.257812,10714.882654999994,14.356305749734084
8.748906,74573.868027,8.748906,85216.21875,10642.350722999996,14.270884700719636
8.741259,74534.973805,8.741259,85083.734375,10548.760569999999,14.152766186780843
8.733624,74411.82831,8.733624,85070.40625,10658.577940000003,14.32376838746163
8.726003,74335.122358,8.726003,84948.015625,10612.893267000007,14.277091273070111
8.718396,74257.922829,8.718396,84909.984375,10652.061545999997,14.344680190596499
8.710801,74126.990616,8.710801,84902.742188,10775.751572000008,14.536879863127897
8.70322,74056.754257,8.70322,84784.921875,10728.167618000007,14.486413461721432
8.695652,73972.708215,8.695652,84735.945312,10763.23709699999,14.550281254698536
8.688097,73910.228701,8.688097,84627.023438,10716.794737000004,14.499745062830534
8.680556,73847.07334,8.680556,84553.539062,10706.465721999994,14.498158475023452
8.673027,73756.716376,8.673027,84217.5625,10460.846124000003,14.182906503961314
8.665511,73678.056494,8.665511,83956.179688,10278.123194,13.950046571650546
8.658009,73618.939664,8.658009,83807.390625,10188.450960999995,13.839442686217055
8.650519,73525.030605,8.650519,83736.5625,10211.531894999993,13.888510907067294
8.643042,73437.166066,8.643042,83704.617188,10267.451121999999,13.981273613925078
8.635579,73376.947392,8.635579,83485.359375,10108.411982999998,13.77600505646284
8.628128,73251.413901,8.628128,83221.921875,9970.507973999993,13.611352249767124
8.62069,73155.016815,8.62069,83139.664062,9984.647247,13.64861588679549
8.613264,73048.404074,8.613264,83026.351562,9977.94748799999,13.65936410861497
8.605852,72895.515329,8.605852,83024.484375,10128.969045999998,13.89518820229863
8.598452,72773.444265,8.598452,82876.851562,10103.407296999998,13.88337105525618
8.591065,72695.302872,8.591065,82777.921875,10082.619003,13.869698047414719
8.583691,72460.323371,8.583691,82634.554688,10174.231316999998,14.041106696291559
8.576329,72396.643213,8.576329,82610.945312,10214.302098999993,14.108806217642211
8.56898,72302.455676,8.56898,82583.960938,10281.505262000006,14.220132865297463
8.561644,72233.656834,8.561644,82479.28125,10245.624416000006,14.184003503443627
8.55432,72062.226936,8.55432,82428.570312,10366.34337599999,14.385266479769712
8.547009,71904.330272,8.547009,82232.132812,10327.80253999999,14.363255315683956
8.53971,71795.541449,8.53971,82177.835938,10382.294489000007,14.4609181565614
8.532423,71749.980552,8.532423,82164.960938,10414.98038600001,14.515656040424805
8.525149,71633.73758,8.525149,82134.5,10500.76242,14.65896206835896
8.517888,71527.468077,8.517888,81956.8125,10429.344423000002,14.580894170296526
8.510638,71424.558448,8.510638,81936.375,10511.816552000004,14.717370020079349
8.503401,71308.756193,8.503401,81837.5,10528.743807000006,14.765008351153316
8.496177,71043.144178,8.496177,81692.085938,10648.941760000002,14.989400994582766
8.488964,70904.740138,8.488964,81690.625,10785.884862000006,15.211796617557201
8.481764,70747.244122,8.481764,81683.789062,10936.544939999992,15.45861619873204
8.474576,70634.993562,8.474576,81635.890625,11000.897062999997,15.574287627483024
8.467401,70563.14449,8.467401,81616.03125,11052.886759999994,15.66382399747842
8.460237,70441.387578,8.460237,81591.390625,11150.003047000006,15.828766908734682
8.453085,70388.01293,8.453085,81569.9375,11181.924570000003,15.886120526118969
8.445946,70321.606233,8.445946,81522.867188,11201.260955000005,15.928619317775993
8.438819,70190.76653,8.438819,81399.34375,11208.577220000006,15.96873459874439
8.431703,70050.431222,8.431703,81378.304688,11327.873466000005,16.171026028519833
8.4246,69969.534958,8.4246,81350.164062,11380.629103999992,16.265120399658713
8.417508,69930.142247,8.417508,81337.5,11407.357753000004,16.312504717505245
8.410429,69910.4328,8.410429,81330.625,11420.192200000005,16.335462022772667
8.403361,69755.791117,8.403361,81168.867188,11413.076071000003,16.361474636359695
8.396306,69714.468136,8.396306,80864.96875,11150.500614000004,15.99452869990695
8.389262,69671.571164,8.389262,80679.0625,11007.491336000006,15.799114548586049
8.38223,69560.057335,8.38223,80207.40625,10647.348914999995,15.306699452133213
8.375209,69498.715957,8.375209,80036.296875,10537.580918000007,15.162267061912024
8.368201,69405.731778,8.368201,80032.796875,10627.065096999999,15.311509330369933
8.361204,69323.156168,8.361204,79885.96875,10562.812581999999,15.237062427454592
8.354219,69222.829481,8.354219,79752.015625,10529.186144000007,15.210568858486226
8.347245,69138.385506,8.347245,79708.742188,10570.356681999998,15.288694702138619
8.340284,69064.434479,8.340284,79660.523438,10596.088959,15.342323496794705
8.333333,69018.328698,8.333333,79562.414062,10544.085363999999,15.277224996474803
8.326395,68869.367771,8.326395,79561.859375,10692.491603999995,15.525758330690623
8.319468,68827.470012,8.319468,79561.859375,10734.389362999995,15.596083019074308
8.312552,68735.220624,8.312552,79512.476562,10777.255938000002,15.679379276243935
8.305648,68715.379842,8.305648,79445.992188,10730.612346000009,15.616027111650016
8.298755,68616.852873,8.298755,79119.726562,10502.873689,15.306551159435017
8.291874,68538.890263,8.291874,78984.117188,10445.22692500001,15.239854168807218
8.285004,68421.581692,8.285004,78817.351562,10395.76986999999,15.193700018214404
8.278146,68323.294701,8.278146,78678.414062,10355.11936099999,15.156059739678257
8.271299,68239.338838,8.271299,78506.859375,10267.520537000004,15.046336485432645
8.264463,68190.26521,8.264463,78471.070312,10280.805101999998,15.076646307708351
8.257638,68111.211015,8.257638,78395.851562,10284.640547000003,15.099776371227694
8.250825,67973.572103,8.250825,78342.070312,10368.498208999998,15.253719774044928
8.244023,67875.602464,8.244023,78338.484375,10462.881911000004,15.414790486094512
8.237232,67819.167481,8.237232,78335.46875,10516.301269000003,15.506385081984703
8.230453,67720.579845,8.230453,78327.726562,10607.146716999996,15.663106756140913
8.223684,67687.333287,8.223684,78286.5,10599.166712999999,15.65901062767333
8.216927,67585.987518,8.216927,78119.1875,10533.199982000006,15.584887295158225
8.210181,67411.467009,8.210181,78108.585938,10697.118929000004,15.868396585364103
8.203445,67353.080145,8.203445,77940.398438,10587.318293000004,15.719130097995912
8.196721,67230.067466,8.196721,77505.289062,10275.221596000003,15.283669916286268
8.190008,67114.585019,8.190008,77243.664062,10129.07904299999,15.092217347589154
8.183306,67022.717217,8.183306,77167.1875,10144.470283000002,15.135868410340883
8.176615,66952.75219,8.176615,77050.5,10097.74781,15.081901011842483
8.169935,66925.345589,8.169935,76849.515625,9924.170035999996,14.828716906366122
8.163265,66802.58789,8.163265,76845.851562,10043.263672000001,15.034243416643783
8.156607,66760.968602,8.156607,76771.59375,10010.625148000006,14.994727245015005
8.149959,66736.711549,8.149959,76593.953125,9857.241576,14.770343559350435
8.143322,66620.812222,8.143322,76479.03125,9858.219028000007,14.797506513654538
8.136697,66496.301098,8.136697,76434.898438,9938.597340000008,14.94609049810581
8.130081,66335.159119,8.130081,76302.328125,9967.169005999996,15.025469356483622
8.123477,66239.631735,8.123477,76291.273438,10051.641703000001,15.174664230038085
8.116883,66059.007702,8.116883,76277.664062,10218.656359999994,15.468982528616781
8.1103,65922.880419,8.1103,76165.84375,10242.963331000006,15.537796992328973
8.103728,65791.16723,8.103728,76152.289062,10361.12183199999,15.748499788396275
8.097166,65732.341264,8.097166,76151.070312,10418.729047999994,15.85023269771478
8.090615,65701.037898,8.090615,76096.71875,10395.680852000005,15.822704152922459
8.084074,65554.878355,8.084074,76025.414062,10470.535707000003,15.972168616191773
8.077544,65487.987138,8.077544,76018.015625,10530.028487000003,16.079328358055243
8.071025,65425.251997,8.071025,76014.3125,10589.060503,16.184974730377117
8.064516,65314.022349,8.064516,76000.132812,10686.110462999997,16.36112748637599
8.058018,65235.696528,8.058018,75924.015625,10688.319097,16.384157241905793
8.05153,65129.086909,8.05153,75922.289062,10793.202152999998,16.572015155195608
8.045052,64955.558591,8.045052,75892.132812,10936.574220999995,16.837010501077156
8.038585,64909.647026,8.038585,75799.445312,10889.798285999997,16.77685642264857
8.032129,64774.237379,8.032129,75786.398438,11012.161059000005,17.000834752506375
8.025682,64677.555139,8.025682,75718.953125,11041.397986000004,17.071452317996076
8.019246,64519.237067,8.019246,75449.945312,10930.708244999994,16.94178161723921
8.012821,64406.908434,8.012821,75405.210938,10998.302504000007,17.076277640729103
8.006405,64316.124576,8.006405,75319.40625,11003.281673999998,17.108122957560703
8.0,64177.930491,8.0,75237.242188,11059.311697000005,17.23226600233067
7.993605,64092.905777,7.993605,75199.867188,11106.961411000004,17.329470830429695
7.98722,64039.67674,7.98722,75095.515625,11055.838884999997,17.264045429033807
7.980846,63991.131517,7.980846,74997.726562,11006.595044999995,17.200188188696057
7.974482,63874.538698,7.974482,74965.890625,11091.351927000003,17.364277148740157
7.968127,63694.83422,7.968127,74937.546875,11242.712655000003,17.65090182379315
7.961783,63629.4974,7.961783,74894.507812,11265.010411999996,17.704069452542928
7.955449,63493.563557,7.955449,74723.640625,11230.077067999999,17.686953509734
7.949126,63422.350368,7.949126,74703.796875,11281.446507,17.787808937292397
7.942812,63301.208848,7.942812,74501.421875,11200.213026999998,17.69352154694889
7.936508,63215.699693,7.936508,74345.15625,11129.456556999998,17.605526176327974
7.930214,63122.085603,7.930214,74162.671875,11040.586272,17.490845187591955
7.92393,63035.473373,7.92393,74115.78125,11080.307877,17.577892707229246
7.917656,62996.409917,7.917656,74108.203125,11111.793208000003,17.63877215009583
7.911392,62931.620236,7.911392,73984.921875,11053.301638999998,17.563987066515985
7.905138,62872.914895,7.905138,73914.664062,11041.749166999994,17.562012490497867
7.898894,62822.514932,7.898894,73853.023438,11030.508506000006,17.558209056004188
7.89266,62710.810452,7.89266,73728.273438,11017.462986000006,17.568682188269555
7.886435,62610.035376,7.886435,73682.609375,11072.573999,17.684982818655932
7.880221,62534.285615,7.880221,73557.515625,11023.23001,17.627498102186482
7.874016,62486.997789,7.874016,73549.09375,11062.095960999999,17.703036395432864
7.867821,62389.102875,7.867821,73518.554688,11129.451813000007,17.838775202936443
7.861635,62318.707906,7.861635,73442.15625,11123.448343999997,17.84929231969689
7.85546,62253.227897,7.85546,73335.078125,11081.850228000003,17.801245979301324
7.849294,62206.751103,7.849294,73289.140625,11082.389521999998,17.81541283782868
7.843137,62111.423941,7.843137,73136.9375,11025.513558999999,17.751184660447002
7.836991,62076.835734,7.836991,73128.171875,11051.336141,17.80267310717175
7.830854,62016.708787,7.830854,73105.148438,11088.439651,17.879761547946526
7.824726,61932.536774,7.824726,72955.351562,11022.814787999996,17.79809993610257
7.818608,61870.090037,7.818608,72886.125,11016.034962999998,17.80510575693701
7.8125,61773.665246,7.8125,72866.882812,11093.217566,17.957842588461777
7.806401,61712.477446,7.806401,72826.484375,11114.006929000003,18.009335208953562
7.800312,61638.599719,7.800312,72753.34375,11114.744031000002,18.032116371348877
7.794232,61576.93131,7.794232,72697.367188,11120.435878000004,18.05941874890745
7.788162,61540.278262,7.788162,72691.382812,11151.104549999996,18.12000995921008
7.782101,61418.512356,7.782101,72458.226562,11039.714205999997,17.97457115537173
7.77605,61329.88959,7.77605,72318.5625,10988.672910000001,17.91732054869333
7.770008,61289.849584,7.770008,72310.8125,11020.962915999997,17.981709843969124
7.763975,61181.611818,7.763975,72248.796875,11067.185057000002,18.089070765121573
7.757952,61117.623579,7.757952,72189.59375,11071.970171,18.11583880824242
7.751938,61018.170258,7.751938,72141.203125,11123.032867000002,18.229050166481645
7.745933,60942.344575,7.745933,71961.75,11019.405424999997,18.08168934399747
7.739938,60825.019176,7.739938,71902.992188,11077.973012000002,18.2128557657259
7.733952,60767.416912,7.733952,71852.359375,11084.942463,18.241589039489035
7.727975,60725.964697,7.727975,71571.640625,10845.675927999997,17.86003068393543
7.722008,60659.43926,7.722008,71531.109375,10871.670115,17.922470513453938
7.716049,60534.753289,7.716049,71469.703125,10934.949836,18.06392070980329
7.7101,60459.552045,7.7101,71448.929688,10989.377643000007,18.17641261189071
7.70416,60337.488242,7.70416,71369.625,11032.136758,18.28405039625216
7.698229,60290.95393,7.698229,71267.265625,10976.311694999997,18.205569790360084
7.692308,60202.871438,7.692308,71230.640625,11027.769186999998,18.317679744490192
7.686395,60161.701518,7.686395,70947.609375,10785.907856999998,17.928196152784878
7.680492,60123.494748,7.680492,70833.34375,10709.849002000003,17.813084630041846
7.674597,60076.262723,7.674597,70797.84375,10721.581027,17.846617850439753
7.668712,59979.778588,7.668712,70746.554688,10766.776100000003,17.950676633798185
7.662835,59935.199306,7.662835,70533.164062,10597.964755999994,17.68237175935953
7.656968,59881.942895,7.656968,70414.382812,10532.439916999996,17.588674327865586
7.651109,59842.887396,7.651109,70124.671875,10281.784479000002,17.18129743800974
7.64526,59763.052632,7.64526,70029.054688,10266.002056000005,17.17784082954139
7.639419,59645.303309,7.639419,69877.859375,10232.556065999997,17.155677812532787
7.633588,59567.617396,7.633588,69814.054688,10246.437292000002,17.201354930620504
7.627765,59534.241984,7.627765,69786.125,10251.883016,17.220145372397994
7.621951,59470.697736,7.621951,69738.226562,10267.528825999994,17.264853477218658
7.616146,59318.789911,7.616146,69638.34375,10319.553839,17.396770659824863
7.61035,59288.566978,7.61035,69638.273438,10349.706460000001,17.45649623112063
7.604563,59217.449249,7.604563,69538.351562,10320.902312999999,17.428819450838283
7.598784,59124.225861,7.598784,69284.921875,10160.696014000001,17.18533454947489
7.593014,59041.665456,7.593014,69217.742188,10176.076732000001,17.23541613097548
7.587253,58940.819458,7.587253,68863.46875,9922.649292000002,16.834936099031804
7.581501,58845.409809,7.581501,68741.757812,9896.348003,16.817536040825434
7.575758,58766.163386,7.575758,68685.867188,9919.703802000004,16.879958177367076
7.570023,58640.008963,7.570023,68668.5,10028.491037,17.10178974107535
7.564297,58470.825014,7.564297,68568.617188,10097.792174000002,17.26979595650007
7.558579,58430.358442,7.558579,68560.523438,10130.164996000007,17.337160452396606
7.55287,58397.904703,7.55287,68507.90625,10110.001547,17.31226762058919
7.54717,58294.498885,7.54717,68458.765625,10164.26674,17.436065039432748
7.541478,58241.66825,7.541478,68382.710938,10141.042688000001,17.412005858880942
7.535795,58130.732742,7.535795,68207.820312,10077.087569999996,17.335215117147847
7.53012,58082.121982,7.53012,68183.265625,10101.143643000003,17.39114085076025
7.524454,58014.90281,7.524454,68171.257812,10156.355001999997,17.506458702968562
7.518797,57952.278802,7.518797,68143.453125,10191.174323,17.58545916342515
7.513148,57858.42819,7.513148,68140.953125,10282.524935000001,17.77187050646009
7.507508,57731.048916,7.507508,68069.929688,10338.880772000004,17.908700718470076
7.501875,57564.784204,7.501875,68016.710938,10451.926734,18.15680694113282
7.496252,57492.033476,7.496252,67939.335938,10447.302462000007,18.171739335609384
7.490637,57374.985622,7.490637,67869.320312,10494.334689999996,18.29078399973668
7.48503,57323.955094,7.48503,67706.828125,10382.873031000003,18.112625016843545
7.479432,57288.334337,7.479432,67676.742188,10388.407851000004,18.133548428707922
7.473842,57211.479091,7.473842,67621.015625,10409.536533999999,18.19483904172919
7.46826,57117.314347,7.46826,67576.03125,10458.716903,18.310939550590632
7.462687,57054.276296,7.462687,67490.09375,10435.817454000004,18.291034662955923
7.457122,57013.393575,7.457122,67335.328125,10321.934549999998,18.104403023162785
7.451565,56953.052342,7.451565,67293.375,10340.322657999997,18.155870902066702
7.446016,56873.630072,7.446016,67244.125,10370.494928,18.234276438608404
7.440476,56774.67823,7.440476,67136.695312,10362.017081999998,18.251124277661976
7.434944,56713.288093,7.434944,67100.34375,10387.055656999997,18.315029874422056
7.429421,56657.82534,7.429421,67083.890625,10426.065284999997,18.401809851390947
7.423905,56598.555642,7.423905,67059.804688,10461.249046000004,18.483243834295028
7.418398,56526.379255,7.418398,66968.679688,10442.300433000004,18.47332266921437
7.412898,56463.170333,7.412898,66888.226562,10425.056228999994,18.463462408356925
7.407407,56353.515657,7.407407,66675.898438,10322.382781,18.31719398631307
7.401925,56265.590669,7.401925,66652.171875,10386.581206000003,18.459916767074088
7.39645,56144.821625,7.39645,66626.328125,10481.506500000003,18.66869676781167
7.390983,56069.132698,7.390983,66605.65625,10536.523551999999,18.792021643623247
7.385524,55910.777675,7.385524,66362.84375,10452.066075000002,18.694188329406032
7.380074,55838.406291,7.380074,66121.3125,10282.906209,18.41547223860756
7.374631,55788.096899,7.374631,66112.5,10324.403101000004,18.506462265044693
7.369197,55718.400359,7.369197,65966.921875,10248.521516,18.39342380608131
7.36377,55692.125603,7.36377,65750.320312,10058.194708999996,18.06035341638708
7.358352,55639.212827,7.358352,65725.289062,10086.076234999993,18.127640062703275
7.352941,55593.588032,7.352941,65712.773438,10119.185406000004,18.202072872460292
7.347539,55496.768211,7.347539,65635.007812,10138.239600999994,18.268162143161508
7.342144,55353.706097,7.342144,65629.28125,10275.575152999998,18.563481792878367
7.336757,55234.846675,7.336757,65505.605469,10270.758794000001,18.59470861652392
7.331378,55215.185425,7.331378,65457.902344,10242.716918999999,18.55054336983601
7.326007,55189.671096,7.326007,65357.4375,10167.766404000002,18.423314004378863
7.320644,55115.297374,7.320644,65104.710938,9989.413563999995,18.1245752811857
7.315289,55063.812706,7.315289,64935.679688,9871.866982,17.928048380355467
7.309942,55002.429949,7.309942,64854.125,9851.695051000002,17.911381479208842
7.304602,54945.36365,7.304602,64752.4375,9807.07385,17.848774124911994
7.29927,54854.822922,7.29927,64692.953125,9838.130203,17.934849989378662
7.293946,54777.72117,7.293946,64549.925781,9772.204611000001,17.83974287771563
7.28863,54688.353971,7.28863,64546.960938,9858.606967,18.02688552708644
7.283321,54671.404066,7.283321,64486.554688,9815.150621999994,17.95298801938765
7.27802,54578.195302,7.27802,64465.40625,9887.210948,18.115679518699086
7.272727,54448.852714,7.272727,64309.429688,9860.576973999996,18.109797511793346
7.267442,54352.617743,7.267442,64262.308594,9909.690851,18.232223695014678
7.262164,54284.751301,7.262164,64113.941406,9829.190105000001,18.106724023655858
7.256894,54171.333589,7.256894,63974.148438,9802.814848999995,18.09594521592237
7.251632,54075.582292,7.251632,63973.847656,9898.265363999999,18.30450074592051
7.246377,54038.676984,7.246377,63816.886719,9778.209735000004,18.094835552497294
7.24113,53981.338214,7.24113,63727.132812,9745.794598,18.05400703362415
7.23589,53919.764382,7.23589,63552.359375,9632.594992999999,17.86468302190067
7.230658,53843.052458,7.230658,63442.878906,9599.826448,17.829276034244707
7.225434,53813.362295,7.225434,63276.144531,9462.782236,17.584447119520018
7.220217,53729.4388,7.220217,63221.660156,9492.221355999995,17.66670482327836
7.215007,53600.906866,7.215007,63086.214844,9485.307978000004,17.69617070418766
7.209805,53446.356818,7.209805,63051.097656,9604.740837999998,17.970805513847957
7.204611,53411.558081,7.204611,62987.574219,9576.016137999999,17.928733933351513
7.199424,53294.509387,7.199424,62966.117188,9671.607800999998,18.147475063086276
7.194245,53229.61338,7.194245,62781.402344,9551.788964,17.944501861794283
7.189073,53152.978858,7.189073,62756.757812,9603.778954000001,18.068185754286368
7.183908,53077.625265,7.183908,62656.636719,9579.011454,18.047174126903734
7.178751,53032.479837,7.178751,62510.160156,9477.680319,17.87146357879263
7.173601,52892.607892,7.173601,62404.742188,9512.134295999997,17.98386329413473
7.168459,52815.109697,7.168459,62229.542969,9414.433272000002,17.82526501603529
7.163324,52740.027198,7.163324,62039.085938,9299.058739999993,17.63188082002474
7.158196,52679.553281,7.158196,61953.023438,9273.470156999996,17.603547447591342
7.153076,52557.262817,7.153076,61859.945312,9302.682495000001,17.700089381349944
7.147963,52464.465755,7.147963,61844.050781,9379.585026,17.877976819207582
7.142857,52370.232168,7.142857,61692.054688,9321.822519999994,17.799849521568373
7.137759,52291.279259,7.137759,61535.476562,9244.197303,17.678277207970496
7.132668,52178.134887,7.132668,61417.890625,9239.755738,17.708098915398473
7.127584,52065.35445,7.127584,61003.085938,8937.731487999998,17.166370194566106
7.122507,51979.939507,7.122507,60810.839844,8830.900337,16.989054663695338
7.117438,51864.456239,7.117438,60762.175781,8897.719541999999,17.155717397282324
7.112376,51806.290368,7.112376,60663.703125,8857.412756999998,17.09717621949456
7.107321,51752.484553,7.107321,60535.671875,8783.187321999998,16.97152783651399
7.102273,51668.77546,7.102273,60415.164062,8746.388602000006,16.927803154094736
7.097232,51630.50098,7.097232,60335.9375,8705.436520000003,16.861034378442717
7.092199,51510.700396,7.092199,60300.707031,8790.006634999998,17.064428492380927
7.087172,51452.91621,7.087172,60142.023438,8689.107227999993,16.887492231803265
7.082153,51435.773043,7.082153,60101.765625,8665.992581999999,16.84818185731413
7.077141,51410.568347,7.077141,60101.445312,8690.876965000003,16.904845140672613
7.072136,51198.590721,7.072136,60049.34375,8850.753029,17.28710283693357
7.067138,51152.783611,7.067138,59956.796875,8804.013264000001,17.211210500198014
7.062147,51071.528797,7.062147,59553.695312,8482.166515000004,16.608405338158306
7.057163,51001.330456,7.057163,59347.730469,8346.400012999999,16.365063300065525
7.052186,50930.416682,7.052186,59140.371094,8209.954412,16.1199435364164
7.047216,50801.48906,7.047216,58930.878906,8129.389845999998,16.002266855600705
7.042254,50722.719303,7.042254,58909.710938,8186.9916349999985,16.1406796549959
7.037298,50651.254881,7.037298,58908.25,8256.995119,16.301659531237625
7.032349,50565.977279,7.032349,58884.632812,8318.655533000005,16.451092178247556
7.027407,50447.30994,7.027407,58881.789062,8434.479122000004,16.71938331703243
7.022472,50384.212014,7.022472,58701.257812,8317.045798000006,16.50724595174574
7.017544,50302.067474,7.017544,58671.796875,8369.729400999997,16.63893716759479
7.012623,50191.352073,7.012623,58627.0625,8435.710426999998,16.807099387820465
7.007708,50166.425748,7.007708,58286.492188,8120.066439999995,16.186256682485936
7.002801,50124.718116,7.002801,58241.515625,8116.797509000004,16.193203301843788
6.997901,50053.836455,6.997901,58169.738281,8115.901826000001,16.214345194691436
6.993007,49992.776124,6.993007,58147.269531,8154.4934069999945,16.311343436447554
6.98812,49957.389121,6.98812,58025.867188,8068.478066999996,16.15072006156612
6.98324,49864.017029,6.98324,57489.191406,7625.174376999996,15.291937616187909
6.978367,49808.884834,6.978367,57432.515625,7623.630791000003,15.305764857831235
6.973501,49673.473293,6.973501,57354.183594,7680.710300999999,15.462398322128939
6.968641,49613.516634,6.968641,57251.328125,7637.811491,15.394618259665613
6.963788,49510.303411,6.963788,57228.273438,7717.970026999996,15.588613874834886
6.958942,49470.487419,6.958942,57166.53125,7696.043831000003,15.556838496085252
6.954103,49405.385612,6.954103,57054.335938,7648.950325999998,15.482017256317409
6.94927,49327.302712,6.94927,57038.292969,7710.990257000005,15.632296584350089
6.944444,49289.241826,6.944444,57022.5625,7733.320674000002,15.68967260908584
6.939625,49222.514875,6.939625,56979.503906,7756.989030999997,15.75902623159093
6.934813,49131.930893,6.934813,56925.605469,7793.674576000005,15.86274838856455
6.930007,49121.143343,6.930007,56682.582031,7561.438687999995,15.393450097853915
6.925208,49026.831288,6.925208,56672.230469,7645.399181000001,15.594316377675662
6.920415,48906.360456,6.920415,56658.777344,7752.416888,15.851551445899725
6.915629,48837.48856,6.915629,56594.992188,7757.503627999999,15.884321361999207
6.91085,48774.355645,6.91085,56567.648438,7793.292792999993,15.978258841024598
6.906077,48707.452982,6.906077,56458.191406,7750.738423999996,15.91283869198479
6.901311,48591.490094,6.901311,56376.03125,7784.541155999999,16.02037957868928
6.896552,48529.517574,6.896552,56170.367188,7640.849613999999,15.744746694316273
6.891799,48425.280848,6.891799,55523.535156,7098.254307999996,14.658158267125792
6.887052,48348.010809,6.887052,55431.488281,7083.477471999999,14.651021528028215
6.882312,48294.709802,6.882312,55321.476562,7026.766760000006,14.549764951085825
6.877579,48211.886601,6.877579,55270.226562,7058.339961000005,14.640248408892598
6.872852,48145.572897,6.872852,55265.617188,7120.044290999998,14.788575278213495
6.868132,48043.63156,6.868132,55235.691406,7192.0598459999965,14.969850555568609
6.863418,47957.442634,6.863418,55224.695312,7267.252678000004,15.153545057566934
6.858711,47912.038061,6.858711,55115.273438,7203.235376999997,15.03429131490729
6.85401,47827.198087,6.85401,54942.40625,7115.208163000003,14.876907800572164
6.849315,47732.573543,6.849315,54891.53125,7158.957707000001,14.998055155251242
6.844627,47670.731189,6.844627,54786.589844,7115.858655000004,14.927101971202795
6.839945,47539.632523,6.839945,54743.410156,7203.777632999998,15.153204285949752
6.83527,47438.337414,6.83527,54726.695312,7288.357898000002,15.363856103121062
6.830601,47355.457027,6.830601,54658.929688,7303.472661,15.422663235698225
6.825939,47270.17698,6.825939,54613.652344,7343.475364000005,15.535112904500078
6.821282,47211.644113,6.821282,54511.15625,7299.512136999998,15.461253837144035
6.816633,47163.585539,6.816633,54474.460938,7310.875398999997,15.501101783185181
6.811989,47120.252591,6.811989,54297.914062,7177.661471000007,15.2326464234
6.807352,47061.181793,6.807352,54023.171875,6961.990081999997,14.793487576709218
6.802721,46965.06103,6.802721,53804.96875,6839.907720000003,14.563821636750044
6.798097,46916.862282,6.798097,53649.851562,6732.989280000002,14.350894225471599
6.793478,46840.720124,6.793478,53598.414062,6757.693938000004,14.426964231358033
6.788866,46784.265645,6.788866,53494.539062,6710.273417000004,14.343013242780597
6.784261,46701.527333,6.784261,53452.0625,6750.535167000002,14.454634682215142
6.779661,46688.951812,6.779661,53439.285156,6750.333343999999,14.458095720763273
6.775068,46606.614591,6.775068,53385.316406,6778.701815,14.544505912920366
6.770481,46501.42937,6.770481,53176.722656,6675.293286,14.355028171040498
6.7659,46440.295356,6.7659,52682.851562,6242.556206000001,13.442111334878653
6.761325,46372.229299,6.761325,52564.839844,6192.610545000003,13.354135952945324
6.756757,46322.408674,6.756757,52229.535156,5907.126482,12.752200611095537
6.752194,46228.282999,6.752194,52049.585938,5821.302938999994,12.592513849423995
6.747638,46149.139103,6.747638,51945.347656,5796.208552999997,12.559732783017841
6.743088,46093.373522,6.743088,51902.660156,5809.286633999996,12.60330106067691
6.738544,45968.881952,6.738544,51791.988281,5823.106328999995,12.667496101124218
6.734007,45946.950128,6.734007,51779.261719,5832.311591000005,12.693577211876365
6.729475,45901.606404,6.729475,51517.816406,5616.210002,12.23532342761448
6.72495,45874.282969,6.72495,51308.257812,5433.974843000004,11.845361913715504
6.72043,45827.096812,6.72043,51150.855469,5323.7586569999985,11.61705416086046
6.715917,45759.782286,6.715917,50783.566406,5023.784119999997,10.97860144657419
6.711409,45686.100323,6.711409,50765.882812,5079.782489000005,11.118879600329254
6.706908,45587.980201,6.706908,50691.8125,5103.8322990000015,11.195565753290483
6.702413,45531.891394,6.702413,50389.640625,4857.749231000002,10.668894004346447
6.697924,45514.358098,6.697924,50341.609375,4827.251277000003,10.605996610138115
6.69344,45446.797407,6.69344,50269.527344,4822.729937000004,10.611814719989878
6.688963,45414.624195,6.688963,50221.453125,4806.828930000003,10.584319512059773
6.684492,45378.390435,6.684492,50096.363281,4717.972845999997,10.39695943547848
6.680027,45264.180269,6.680027,49940.289062,4676.108793000007,10.330704687924118
6.675567,45205.970877,6.675567,49922.960938,4716.990060999997,10.434440339384278
6.671114,45134.721402,6.671114,49888.859375,4754.137972999997,10.533216613118016
6.666667,45099.042392,6.666667,49888.546875,4789.504482999997,10.61996935848375
6.662225,45062.41521,6.662225,49865.105469,4802.690259000003,10.657862514955072
6.65779,45025.933366,6.65779,49792.75,4766.8166340000025,10.586824697785218
6.65336,44977.445453,6.65336,49570.605469,4593.160016000002,10.21214070683429
6.648936,44919.148713,6.648936,49522.472656,4603.323942999996,10.248021333645072
6.644518,44829.003916,6.644518,49420.675781,4591.671864999997,10.242636382471963
6.640106,44768.838334,6.640106,49420.675781,4651.837446999998,10.39079328414722
6.6357,44673.251642,6.6357,49410.550781,4737.299138999995,10.6043302532878
6.6313,44626.100429,6.6313,49377.117188,4751.016758999998,10.64627362312074
6.626905,44592.837213,6.626905,49325.773438,4732.936224999998,10.613669191742348
6.622517,44472.011322,6.622517,49280.261719,4808.250397000003,10.811857287465195
6.618134,44343.610424,6.618134,49178.484375,4834.873951000001,10.90320320057483
6.613757,44265.790268,6.613757,48961.210938,4695.4206699999995,10.607335013274003
6.609385,44189.866786,6.609385,48896.960938,4707.094151999998,10.651976333839674
6.60502,44134.265091,6.60502,48790.015625,4655.750533999999,10.549060972014269
6.60066,44048.488593,6.60066,48678.890625,4630.402031999998,10.512056553822012
6.596306,43984.161391,6.596306,48483.269531,4499.108139999997,10.228927863384477
6.591958,43842.955275,6.591958,48424.757812,4581.802537000003,10.450487446070099
6.587615,43661.674254,6.587615,48363.964844,4702.290590000004,10.769835720555793
6.583278,43555.875095,6.583278,48336.941406,4781.066310999995,10.97685742869815
6.578947,43455.477529,6.578947,48288.128906,4832.651376999995,11.120925719375482
6.574622,43382.284121,6.574622,48283.246094,4900.961973000005,11.297150604911565
6.570302,43333.983097,6.570302,48058.460938,4724.477841,10.902477693833491
6.565988,43230.630801,6.565988,47745.070312,4514.439511000004,10.442687111786435
6.56168,43145.182701,6.56168,47740.167969,4594.985268000004,10.650054027685236
6.557377,43061.531083,6.557377,47740.167969,4678.636886,10.865003561954282
6.55308,43006.216492,6.55308,47691.132812,4684.916320000004,10.893579352351281
6.548788,42953.343823,6.548788,47597.910156,4644.566332999995,10.813049508180534
6.544503,42900.799828,6.544503,47566.953125,4666.153296999997,10.876611428476318
6.540222,42749.87661,6.540222,47456.035156,4706.158545999999,11.008589776605671
6.535948,42631.704964,6.535948,47435.839844,4804.134880000005,11.268925050163531
6.531679,42606.783374,6.531679,47430.925781,4824.142406999999,11.322475026227497
6.527415,42580.65717,6.527415,47425.570312,4844.913142000005,11.378201897300602
6.523157,42506.732234,6.523157,47278.113281,4771.381046999995,11.225000832182284
6.518905,42460.166035,6.518905,47230.039062,4769.8730270000015,11.233759715089633
6.514658,42380.75222,6.514658,47224.359375,4843.607154999998,11.428789960727123
6.510417,42304.041041,6.510417,46918.832031,4614.790990000001,10.908629238345018
6.506181,42252.102193,6.506181,46889.230469,4637.128276000003,10.974905472912177
6.501951,42111.392102,6.501951,46854.683594,4743.291492000004,11.263677725284058
6.497726,42036.456851,6.497726,46785.5625,4749.105648999997,11.297587867201566
6.493506,42017.150827,6.493506,46553.25,4536.099173000002,10.795827617338416
6.489293,41973.563642,6.489293,46429.511719,4455.948077000001,10.616082339363833
6.485084,41868.192288,6.485084,46414.65625,4546.463962000002,10.858992742571981
6.480881,41806.264004,6.480881,46404.753906,4598.489902000001,10.999523663630935
6.476684,41761.642815,6.476684,46389.894531,4628.251715999999,11.082542266123731
6.472492,41702.541265,6.472492,46320.53125,4617.989985,11.073641665276103
6.468305,41633.713518,6.468305,46231.296875,4597.583357000003,11.042933643217474
6.464124,41579.222486,6.464124,45998.015625,4418.793139000001,10.62740685083238
6.459948,41538.588174,6.459948,45898.625,4360.036826000003,10.496352951950003
6.455778,41510.59204,6.455778,45878.191406,4367.599365999995,10.521650382127373
6.451613,41467.86781,6.451613,45799.160156,4331.292345999995,10.444936223500502
6.447453,41421.103387,6.447453,45614.957031,4193.853643999995,10.124920151973148
6.443299,41340.931889,6.443299,45595.027344,4254.095455000002,10.290274700198358
6.43915,41261.272894,6.43915,45520.269531,4258.996636999997,10.322019507108608
6.435006,41190.538758,6.435006,45504.5625,4314.023741999998,10.473336528433075
6.430868,41051.591166,6.430868,45490.355469,4438.764303000004,10.812648613426473
6.426735,40996.738702,6.426735,45490.355469,4493.6167669999995,10.96091276836316
6.422608,40891.338381,6.422608,45430.503906,4539.165524999997,11.100555043483492
6.418485,40810.136437,6.418485,45410.546875,4600.410437999999,11.272715162571949
6.414368,40755.135371,6.414368,45384.554688,4629.419317,11.359106710989215
6.410256,40714.476391,6.410256,45270.773438,4556.297047,11.190852617736665
6.40615,40703.477705,6.40615,45208.945312,4505.467607000006,11.068999164281621
6.402049,40658.717246,6.402049,45165.847656,4507.130409999998,11.085274487953525
6.397953,40606.404785,6.397953,45135.855469,4529.450684000003,11.154522809842996
6.393862,40562.755704,6.393862,45134.34375,4571.588045999997,11.270407955910107
6.389776,40494.93087,6.389776,45105.851562,4610.920692000007,11.386414528777308
6.385696,40398.928249,6.385696,45076.753906,4677.825657000001,11.5790835543163
6.381621,40310.113435,6.381621,45065.84375,4755.730315000001,11.797858923589013
6.377551,40260.006931,6.377551,44875.632812,4615.625881,11.464543185276979
6.373486,40182.187352,6.373486,44872.117188,4689.929835999996,11.671663851735444
6.369427,40145.875048,6.369427,44699.742188,4553.867139999995,11.343300238331363
6.365372,40112.091048,6.365372,44554.679688,4442.5886399999945,11.075435171613929
6.361323,40080.870758,6.361323,44221.210938,4140.340179999999,10.329965646201941
6.357279,39997.031886,6.357279,44115.3125,4118.280614000003,10.296465562089642
6.35324,39925.974882,6.35324,44048.550781,4122.575898999996,10.325548496146038
6.349206,39862.368182,6.349206,43910.875,4048.5068180000017,10.156212494741142
6.345178,39829.557624,6.345178,43855.023438,4025.4658139999956,10.106729911492614
6.341154,39781.717217,6.341154,43781.882812,4000.165595000006,10.05528638489896
6.337136,39719.089769,6.337136,43658.082031,3938.9922619999998,9.917126210365247
6.333122,39615.93254,6.333122,43294.171875,3678.2393349999984,9.284747572926875
6.329114,39591.624336,6.329114,43207.117188,3615.4928519999958,9.13196392579551
6.325111,39543.355965,6.325111,43200.21875,3656.8627849999975,9.247729980825863
6.321113,39484.525341,6.321113,43192.398438,3707.873096999996,9.390699432189473
6.317119,39418.506355,6.317119,43096.03125,3677.5248950000023,9.329437452247682
6.313131,39297.404901,6.313131,43045.285156,3747.8802549999964,9.53722075145126
6.309148,39226.692752,6.309148,43040.832031,3814.1392789999954,9.723326162401312
6.30517,39181.868658,6.30517,42989.441406,3807.5727479999987,9.717690550275947
6.301197,39100.694373,6.301197,42882.773438,3782.079064999998,9.672664707488208
6.297229,39052.928566,6.297229,42730.25,3677.3214339999977,9.416250122664353
6.293266,39030.082051,6.293266,42648.839844,3618.7577930000043,9.271714541290049
6.289308,38997.322784,6.289308,42557.191406,3559.8686219999945,9.128494901348851
6.285355,38934.905843,6.285355,42468.792969,3533.8871260000014,9.076398284485256
6.281407,38892.522297,6.281407,42246.175781,3353.653483999995,8.62287474797869
6.277464,38772.750771,6.277464,42128.730469,3355.979698000003,8.655510974243542
6.273526,38714.107824,6.273526,42097.863281,3383.7554569999993,8.740367910279753
6.269592,38658.87532,6.269592,41910.949219,3252.0738990000027,8.412231013139579
6.265664,38633.669465,6.265664,41880.226562,3246.5570970000044,8.40343964722587
6.261741,38556.380742,6.261741,41852.660156,3296.279413999997,8.54924489945529
6.257822,38462.38913,6.257822,41675.070312,3212.6811820000003,8.352786331450648
6.253909,38335.447862,6.253909,41669.007812,3333.5599500000026,8.695763675437304
6.25,38278.248617,6.25,41641.679688,3363.431070999999,8.78679457007927
6.246096,38238.446172,6.246096,41621.121094,3382.6749219999983,8.846266678265167
6.242197,38178.307203,6.242197,41556.296875,3377.9896720000033,8.847929411952988
6.238303,38109.758234,6.238303,41538.835938,3429.0777039999957,8.997899390872309
6.234414,38036.320767,6.234414,41513.101562,3476.780795000006,9.140686388407032
6.23053,38006.557627,6.23053,41224.261719,3217.704092,8.466181345805785
6.22665,37974.077833,6.22665,41218.269531,3244.191697999995,8.543174405095751
6.222775,37946.858492,6.222775,41185.492188,3238.633695999997,8.534655633437401
6.218905,37877.573777,6.218905,41167.332031,3289.7582540000003,8.685240172372408
6.21504,37857.422342,6.21504,41159.632812,3302.2104700000054,8.722755712653072
6.21118,37796.438085,6.21118,41151.875,3355.4369149999984,8.87765378169761
6.207325,37738.17565,6.207325,41144.113281,3405.9376310000007,9.025178277265242
6.203474,37660.999674,6.203474,41040.570312,3379.5706380000047,8.973661525860017
6.199628,37596.443454,6.199628,40918.714844,3322.2713900000017,8.836664016012225
6.195787,37545.426827,6.195787,40879.785156,3334.358328999995,8.880864091288373
6.19195,37489.241668,6.19195,40658.785156,3169.5434879999957,8.454541481711136
6.188119,37330.62308,6.188119,40622.953125,3292.3300450000024,8.819381444409586
6.184292,37271.495248,6.184292,40507.976562,3236.481314000004,8.683529577938451
6.18047,37150.621844,6.18047,40494.5625,3343.940655999999,9.00103548748555
6.176652,37033.486737,6.176652,40413.625,3380.1382630000007,9.127248230782762
6.17284,36953.816582,6.17284,40408.398438,3454.581855999997,9.34837636684787
6.169031,36826.380448,6.169031,40298.359375,3471.9789269999965,9.427966812819248
6.165228,36774.600951,6.165228,40199.105469,3424.5045180000016,9.312145963359203
6.161429,36676.244025,6.161429,40165.039062,3488.7950370000035,9.512410907239849
6.157635,36649.694089,6.157635,40120.46875,3470.774661000003,9.470132690798415
6.153846,36575.101419,6.153846,40041.753906,3466.6524869999994,9.478176006366851
6.150062,36527.898831,6.150062,39968.210938,3440.312106999998,9.418313719376382
6.146281,36453.6799,6.146281,39855.132812,3401.4529120000007,9.330890382893827
6.142506,36413.078594,6.142506,39715.527344,3302.448750000003,9.069402746254385
6.138735,36336.147067,6.138735,39704.980469,3368.833402000004,9.271300547601353
6.134969,36267.529637,6.134969,39594.152344,3326.6227070000023,9.172454645508015
6.131208,36230.990391,6.131208,39525.46875,3294.4783590000006,9.092984551198935
6.127451,36148.926754,6.127451,39493.746094,3344.819340000002,9.25288698821435
6.123699,36123.975919,6.123699,39483.167969,3359.192050000005,9.299065134835235
6.119951,36070.992485,6.119951,39429.179688,3358.187202999994,9.309938462038394
6.116208,36011.949609,6.116208,39350.832031,3338.882421999995,9.271595840413903
6.112469,35983.670035,6.112469,39326.988281,3343.3182459999953,9.291209714706898
6.108735,35917.732777,6.108735,39289.882812,3372.150035000006,9.388538123874483
6.105006,35864.020718,6.105006,39215.621094,3351.600376000002,9.345300133394826
6.101281,35799.922029,6.101281,39133.738281,3333.816251999997,9.312356181388925
6.097561,35764.556197,6.097561,39022.4375,3257.881303000002,9.1092457153803
6.093845,35733.64069,6.093845,39019.011719,3285.3710290000017,9.194056260602093
6.090134,35691.526326,6.090134,38973.777344,3282.2510180000027,9.19616322378738
6.086427,35675.032791,6.086427,38894.378906,3219.3461150000003,9.024087332618146
6.082725,35638.650529,6.082725,38768.554688,3129.904158999998,8.782330735147006
6.079027,35592.333802,6.079027,38765.886719,3173.552917000001,8.916394565904168
6.075334,35541.891043,6.075334,38744.53125,3202.6402069999967,9.010888596572745
6.071645,35386.711765,6.071645,38707.152344,3320.440579000002,9.383297891736175
6.067961,35342.109029,6.067961,38629.660156,3287.551126999999,9.302079636227695
6.064281,35318.687971,6.064281,38613.058594,3294.3706230000025,9.327556634337588
6.060606,35223.291477,6.060606,38546.734375,3323.442898000001,9.435355864372111
6.056935,35187.362674,6.056935,38511.945312,3324.582638,9.448229095204509
6.053269,35139.233004,6.053269,38507.351562,3368.118558000002,9.585065666107734
6.049607,35123.142487,6.049607,38420.867188,3297.724700999999,9.389036593808695
6.045949,35082.998646,6.045949,38386.011719,3303.013073000002,9.414853919211938
6.042296,34988.256669,6.042296,38383.332031,3395.075361999996,9.7034710649304
6.038647,34910.002095,6.038647,38376.082031,3466.0799359999946,9.92861566312087
6.035003,34847.341581,6.035003,38241.078125,3393.7365439999994,9.738867844801064
6.031363,34829.052356,6.031363,38200.730469,3371.6781130000018,9.680648438369479
6.027728,34780.360478,6.027728,38192.710938,3412.350459999994,9.811141727983081
6.024096,34705.623315,6.024096,38168.515625,3462.892310000003,9.97789977309907
6.02047,34655.880388,6.02047,38141.621094,3485.740706000004,10.058150787036368
6.016847,34606.790787,6.016847,38087.808594,3481.017807000004,10.058770917029511
6.013229,34565.83495,6.013229,38071.660156,3505.8252060000013,10.142457750756579
6.009615,34527.89966,6.009615,38055.503906,3527.6042459999953,10.216677761279138
6.006006,34472.530523,6.006006,37985.46875,3512.9382269999987,10.190543524665744
6.002401,34445.861872,6.002401,37899.183594,3453.3217220000006,10.025360186464376
5.9988,34391.385251,5.9988,37764.183594,3372.798343000002,9.807102326306937
5.995204,34327.862229,5.995204,37684.179688,3356.317458999998,9.777239947568301
5.991612,34279.85068,5.991612,37680.371094,3400.5204139999987,9.91988105707816
5.988024,34193.671691,5.988024,37512.488281,3318.816589999995,9.705938046055255
5.98444,34142.504251,5.98444,37509.777344,3367.2730930000034,9.862408065458114
5.980861,34062.138836,5.980861,37466.394531,3404.255695,9.994251128476025
5.977286,34005.810554,5.977286,37450.121094,3444.3105399999986,10.128594154609424
5.973716,33970.80722,5.973716,37441.980469,3471.1732489999995,10.218106465707939
5.970149,33893.8154,5.970149,37365.984375,3472.1689750000005,10.244255283812045
5.966587,33805.670399,5.966587,37330.679688,3525.009288999994,10.427272251652393
5.963029,33788.331783,5.963029,37240.984375,3452.6525919999985,10.21847605313601
5.959476,33694.128941,5.959476,37221.945312,3527.816371000001,10.470121893275152
5.955926,33671.456915,5.955926,37058.574219,3387.1173039999994,10.059313181934524
5.952381,33597.442003,5.952381,37009.503906,3412.0619030000016,10.155719303556891
5.94884,33510.005857,5.94884,36965.859375,3455.8535180000035,10.312900369959502
5.945303,33469.930791,5.945303,36952.214844,3482.284053000003,10.404216473421519
5.941771,33443.954839,5.941771,36944.027344,3500.0725050000037,10.465486279506825
5.938242,33394.467332,5.938242,36941.296875,3546.829543,10.621009485608045
5.934718,33306.295932,5.934718,36935.839844,3629.543912000001,10.897470914839289
5.931198,33248.68612,5.931198,36914.0,3665.3138800000015,11.023936003880811
5.927682,33224.484205,5.927682,36894.726562,3670.242357000003,11.046800107878463
5.924171,33184.733969,5.924171,36806.300781,3621.5668119999973,10.913351950879392
5.920663,33146.147825,5.920663,36760.96875,3614.820925,10.905704470048775
5.91716,33090.936524,5.91716,36706.246094,3615.309570000005,10.925377005809173
5.913661,33040.270204,5.913661,36692.5625,3652.2922959999996,11.054063037165589
5.910165,32943.35117,5.910165,36667.921875,3724.5707049999983,11.305986102566862
5.906675,32884.849393,5.906675,36654.761719,3769.912326000005,11.463979296199799
5.903188,32808.091864,5.903188,36539.125,3731.033135999998,11.37229544304594
5.899705,32771.59376,5.899705,36533.640625,3762.0468649999966,11.479596911126839
5.896226,32741.792119,5.896226,36497.980469,3756.1883500000004,11.472152582082675
5.892752,32687.162333,5.892752,36478.773438,3791.6111049999963,11.599694908885061
5.889282,32599.563847,5.889282,36412.882812,3813.318965000002,11.697453938025387
5.885815,32496.116329,5.885815,36390.90625,3894.7899209999996,11.985401214003636
5.882353,32439.965891,5.882353,36327.699219,3887.733328000002,11.984394006649056
5.878895,32391.756528,5.878895,36307.867188,3916.110659999995,12.089837291209694
5.875441,32324.10347,5.875441,36257.253906,3933.150436,12.16785622422709
5.871991,32277.430885,5.871991,36242.429688,3964.998802999995,12.28412142566964
5.868545,32205.97699,5.868545,36181.863281,3975.886290999999,12.345181430870788
5.865103,32127.981938,5.865103,35997.148438,3869.1664999999957,12.042980189252606
5.861665,32048.410465,5.861665,35980.589844,3932.179379000001,12.269498929734208
5.858231,32022.827076,5.858231,35864.574219,3841.7471430000005,11.996901878408034
5.854801,31954.307858,5.854801,35704.105469,3749.797611000002,11.734873518974412
5.851375,31916.3825,5.851375,35674.898438,3758.515937999997,11.776133896126845
5.847953,31852.460183,5.847953,35626.53125,3774.0710670000008,11.84860147479052
5.844535,31806.386536,5.844535,35607.125,3800.738463999998,11.9496078553222
5.841121,31773.072565,5.841121,35596.035156,3822.9625909999995,12.032083403892228
5.837712,31753.187847,5.837712,35466.644531,3713.456683999997,11.694752356497142
5.834306,31700.658465,5.834306,35418.402344,3717.7438790000015,11.727655067810911
5.830904,31675.121944,5.830904,35398.953125,3723.8311810000014,11.756327844873162
5.827506,31614.74726,5.827506,35337.792969,3723.045709000002,11.776294393188206
5.824112,31568.840277,5.824112,35267.269531,3698.4292539999988,11.715442257454578
5.820722,31463.80556,5.820722,35156.847656,3693.0420959999974,11.737429819026625
5.817336,31412.485114,5.817336,35025.777344,3613.2922300000027,11.50272643786983
5.813953,31366.961733,5.813953,35023.550781,3656.589047999998,11.657453721930096
5.810575,31319.285597,5.810575,34939.21875,3619.9331530000018,11.55816004100281
5.807201,31290.988147,5.807201,34925.25,3634.261853,11.61440423653873
5.803831,31259.880681,5.803831,34863.761719,3603.881038000003,11.528774133135032
5.800464,31212.870517,5.800464,34849.78125,3636.9107330000006,11.651958543893512
5.797101,31095.307525,5.797101,34763.054688,3667.7471629999964,11.795178935121326
5.793743,30988.504856,5.793743,34701.453125,3712.9482690000004,11.981695426267391
5.790388,30975.472547,5.790388,34617.382812,3641.9102650000023,11.757400180010245
5.787037,30926.650743,5.787037,34552.878906,3626.2281629999998,11.725253384641942
5.78369,30852.71007,5.78369,34499.554688,3646.8446179999955,11.820175957722586
5.780347,30760.293777,5.780347,34294.386719,3534.092942000003,11.489139107775703
5.777008,30727.962964,5.777008,34207.121094,3479.1581300000034,11.322449633501854
5.773672,30697.488375,5.773672,34147.957031,3450.4686559999973,11.240231167609318
5.77034,30633.540704,5.77034,34102.855469,3469.314765000003,11.325216365038058
5.767013,30610.752391,5.767013,33862.867188,3252.1147969999947,10.624092983601942
5.763689,30549.547099,5.763689,33780.847656,3231.3005569999987,10.577245372995305
5.760369,30485.937996,5.760369,33729.898438,3243.960441999996,10.640841828208236
5.757052,30409.881625,5.757052,33593.902344,3184.020719,10.470348942043934
5.75374,30341.017538,5.75374,33568.382812,3227.3652740000034,10.636971123193065
5.750431,30283.866282,5.750431,33568.136719,3284.270437000003,10.844950926731881
5.747126,30209.569424,5.747126,33562.707031,3353.137606999997,11.099587551009899
5.743825,30163.018294,5.743825,33489.546875,3326.5285809999987,11.028500359533675
5.740528,30137.347623,5.740528,33466.222656,3328.8750329999966,11.045680179431217
5.737235,30047.899146,5.737235,33321.308594,3273.409448000002,10.893971096264682
5.733945,30016.752197,5.733945,33255.507812,3238.755615000002,10.789826939783634
5.730659,29951.732351,5.730659,33221.722656,3269.9903049999994,10.91753313858263
5.727377,29903.294202,5.727377,33127.734375,3224.440172999999,10.782892851933152
5.724098,29871.536313,5.724098,33122.035156,3250.4988429999976,10.881592459593016
5.720824,29822.321143,5.720824,33045.058594,3222.737451000001,10.806460823578291
5.717553,29731.757481,5.717553,32762.271484,3030.5140030000002,10.19285188551885
5.714286,29641.491272,5.714286,32738.3125,3096.8212280000007,10.447589156640461
5.711022,29590.851707,5.711022,32719.351562,3128.499854999998,10.572523852903908
5.707763,29531.84442,5.707763,32659.230469,3127.386048999997,10.589877166229487
5.704507,29466.208326,5.704507,32647.773438,3181.565112,10.797334617337558
5.701254,29436.071149,5.701254,32464.289062,3028.2179130000004,10.287439168330978
5.698006,29375.717534,5.698006,32447.070312,3071.3527780000004,10.455413640348223
5.694761,29333.475583,5.694761,32362.779297,3029.3037140000015,10.327121671717661
5.69152,29305.629283,5.69152,32360.923828,3055.2945450000007,10.425623403256374
5.688282,29234.544239,5.688282,32329.318359,3094.774120000002,10.586018015876762
5.685048,29192.779363,5.685048,32291.951172,3099.1718089999995,10.616227288478065
5.681818,29157.426678,5.681818,32251.695312,3094.268634,10.612282997987275
5.678592,29093.975354,5.678592,32188.400391,3094.425037000001,10.635965004261827
5.675369,29045.347404,5.675369,32055.921875,3010.574471,10.365083361286967
5.67215,28995.195298,5.67215,32024.71875,3029.5234520000013,10.448363671511359
5.668934,28897.988354,5.668934,31983.845703,3085.857348999998,10.678450386228562
5.665722,28849.212721,5.665722,31804.867188,2955.6544670000003,10.245182409600078
5.662514,28790.22506,5.662514,31671.863281,2881.638221000001,10.00908542741347
5.65931,28715.138334,5.65931,31624.986328,2909.8479939999997,10.133498087852185
5.656109,28644.23707,5.656109,31451.71875,2807.481680000001,9.801209482867895
5.652911,28568.681592,5.652911,31338.558594,2769.8770019999974,9.695501674027678
5.649718,28542.692595,5.649718,31172.935547,2630.2429520000005,9.215118522002218
5.646527,28500.629053,5.646527,31135.123047,2634.4939940000004,9.243634549612482
5.643341,28468.755152,5.643341,31071.099609,2602.3444569999992,9.141054616212042
5.640158,28430.267196,5.640158,30786.744141,2356.4769449999985,8.288620464782488
5.636979,28386.040577,5.636979,30782.484375,2396.4437980000002,8.442332038169976
5.633803,28358.069448,5.633803,30741.601562,2383.5321140000015,8.405128277052386
5.630631,28295.977345,5.630631,30735.759766,2439.782421,8.622364908102806
5.627462,28234.767704,5.627462,30732.839844,2498.0721399999966,8.847503780405093
5.624297,28204.89988,5.624297,30715.453125,2510.553244999999,8.90112447015004
5.621135,28135.406703,5.621135,30685.939453,2550.5327499999985,9.065206616430544
5.617978,28086.346165,5.617978,30630.552734,2544.2065690000018,9.058517452051072
5.614823,28052.612354,5.614823,30607.160156,2554.547802000001,9.1062742027865
5.611672,28020.45273,5.611672,30586.685547,2566.232817,9.158427387764766
5.608525,27984.52857,5.608525,30577.908203,2593.3796330000005,9.267190714015307
5.605381,27926.70743,5.605381,30503.898438,2577.1910080000016,9.228409809713115
5.602241,27892.872242,5.602241,30481.322266,2588.450023999998,9.279969454355477
5.599104,27845.507588,5.599104,30361.191406,2515.6838180000013,9.034433328427216
5.595971,27808.798076,5.595971,30073.470703,2264.672627,8.143727106834202
5.592841,27764.404951,5.592841,29994.058594,2229.653642999998,8.030619229675555
5.589715,27716.692649,5.589715,29994.058594,2277.3659449999977,8.216586206154592
5.586592,27689.913495,5.586592,29893.970703,2204.0572079999984,7.959783653343617
5.583473,27638.872951,5.583473,29891.025391,2252.152439999998,8.14849593900866
5.580357,27604.508612,5.580357,29888.080078,2283.5714659999976,8.272458307797235
5.577245,27546.044663,5.577245,29882.1875,2336.1428369999994,8.480864913930526
5.574136,27489.760003,5.574136,29849.783203,2360.0231999999996,8.585099323320563
5.571031,27454.251382,5.571031,29610.839844,2156.5884619999997,7.855207676192319
5.567929,27410.298983,5.567929,29599.025391,2188.7264079999986,7.985051200490215
5.56483,27354.918937,5.56483,29584.257812,2229.3388750000013,8.149681891342105
5.561735,27324.798212,5.561735,29545.847656,2221.049444,8.128328805094709
5.558644,27259.525275,5.558644,29468.984375,2209.4591,8.10527357945708
5.555556,27187.048433,5.555556,29415.738281,2228.689848000002,8.197616057853446
5.552471,27130.592767,5.552471,29160.964844,2030.372077,7.48369965388158
5.54939,27076.398347,5.54939,29021.464844,1945.0664969999998,7.183623434966596
5.546312,27005.257747,5.546312,28979.876953,1974.6192059999994,7.311980594665343
5.543237,26939.905088,5.543237,28908.544922,1968.6398340000014,7.307523272889719
5.540166,26921.833581,5.540166,28902.597656,1980.7640750000028,7.3574634842031
5.537099,26846.623076,5.537099,28798.478516,1951.8554399999994,7.270394620859761
5.534034,26811.958258,5.534034,28762.755859,1950.797601000002,7.275849015682896
5.530973,26766.529354,5.530973,28589.931641,1823.4022870000008,6.812247725077255
5.527916,26716.195776,5.527916,28488.490234,1772.2944580000003,6.633783016338382
5.524862,26661.561408,5.524862,28482.521484,1820.9600759999994,6.829907851734469
5.521811,26634.98308,5.521811,28306.251953,1671.2688729999973,6.274713477309997
5.518764,26589.058461,5.518764,28285.318359,1696.2598980000002,6.379541045005491
5.51572,26478.018783,5.51572,28183.589844,1705.5710609999987,6.441460273058825
5.512679,26412.369128,5.512679,28174.607422,1762.2382940000025,6.672019028129656
5.509642,26381.633066,5.509642,28114.716797,1733.0837310000024,6.569281464359227
5.506608,26345.554733,5.506608,28051.796875,1706.2421419999991,6.476394819892666
5.503577,26284.927281,5.503577,28027.816406,1742.8891250000015,6.630754981239171
5.50055,26214.550122,5.50055,27955.845703,1741.2955809999985,6.6424774520111
5.497526,26173.077381,5.497526,27931.84375,1758.7663690000009,6.719753827177977
5.494505,26129.712842,5.494505,27835.787109,1706.074267,6.529249966565706
5.491488,26096.508242,5.491488,27760.685547,1664.177305000001,6.377011397722766
5.488474,25996.932351,5.488474,27709.585938,1712.6535870000007,6.587906464795343
5.485464,25912.018332,5.485464,27580.226562,1668.2082300000002,6.437971016483303
5.482456,25877.612062,5.482456,27553.132812,1675.5207499999997,6.474788886956148
5.479452,25847.980782,5.479452,27507.958984,1659.978202000002,6.422080765225487
5.476451,25784.886954,5.476451,27504.947266,1720.0603119999978,6.670808039874557
5.473454,25666.914418,5.473454,27501.935547,1835.0211290000007,7.149363959826488
5.47046,25600.274351,5.47046,27453.728516,1853.4541649999992,7.23997774237759
5.467469,25587.221523,5.467469,27361.898438,1774.676915,6.935793764886772
5.464481,25539.882022,5.464481,27311.998047,1772.1160249999994,6.938622596116545
5.461496,25526.452055,5.461496,27236.537109,1710.0850539999992,6.699266511128936
5.458515,25509.86969,5.458515,27224.458984,1714.5892940000012,6.721278136015446
5.455537,25488.670206,5.455537,27130.802734,1642.132528000002,6.442597886544298
5.452563,25458.997269,5.452563,27106.621094,1647.6238249999988,6.471676034963947
5.449591,25410.238424,5.449591,27074.539062,1664.3006380000006,6.5497246040323125
5.446623,25347.342876,5.446623,27015.892578,1668.5497020000003,6.58274009296595
5.443658,25270.073423,5.443658,26841.125,1571.0515769999984,6.217043974118722
5.440696,25236.297084,5.440696,26791.779297,1555.4822129999993,6.163670556827398
5.437738,25208.466495,5.437738,26750.238281,1541.7717860000012,6.116087173750952
5.434783,25175.377724,5.434783,26609.738281,1434.360557,5.697473828297742
5.431831,25133.826072,5.431831,26579.369141,1445.5430689999994,5.75138486619189
5.428882,25077.120216,5.428882,26521.644531,1444.5243150000024,5.760327751183926
5.425936,25060.61947,5.425936,26488.212891,1427.5934209999978,5.696560784177605
5.422993,25023.751646,5.422993,26317.859375,1294.1077289999994,5.171517633755209
5.420054,24983.127239,5.420054,26317.859375,1334.7321359999987,5.342534276159032
5.417118,24960.966521,5.417118,26241.724609,1280.7580880000023,5.131043651384585
5.414185,24821.3797,5.414185,26196.019531,1374.6398310000004,5.538128208884377
5.411255,24771.546198,5.411255,26156.394531,1384.8483330000017,5.590479988333596
5.408329,24722.490139,5.408329,26150.296875,1427.8067359999986,5.775335445468002
5.405405,24666.293903,5.405405,26081.150391,1414.8564879999976,5.735991363615098
5.402485,24622.188733,5.402485,26058.796875,1436.608142000001,5.834607790470636
5.399568,24575.527902,5.399568,25988.595703,1413.0678009999974,5.74989805563851
5.396654,24505.350287,5.396654,25967.222656,1461.8723690000006,5.965523250551201
5.393743,24490.227806,5.393743,25820.552734,1330.3249280000018,5.432064325976086
5.390836,24442.025236,5.390836,25756.326172,1314.3009359999996,5.377217817712589
5.387931,24413.599024,5.387931,25557.302734,1143.7037100000016,4.684699330384159
5.38503,24371.269441,5.38503,25508.259766,1136.9903249999988,4.665289708246506
5.382131,24319.076894,5.382131,25468.396484,1149.3195899999992,4.726000065749038
5.379236,24230.03739,5.379236,25376.353516,1146.316125999998,4.7309713458102
5.376344,24168.174518,5.376344,25225.863281,1057.688763000002,4.376370098669452
5.373455,24101.231794,5.373455,25179.753906,1078.5221120000024,4.474966761941605
5.370569,24068.164896,5.370569,25139.779297,1071.6144010000025,4.45241423943418
5.367687,24043.351784,5.367687,25122.5625,1079.2107160000014,4.488603443044817
5.364807,24008.971044,5.364807,25001.300781,992.329737,4.133162288302188
5.36193,23969.873739,5.36193,24992.064453,1022.1907140000003,4.264481011165498
5.359057,23927.70764,5.359057,24908.892578,981.1849379999985,4.100622394598927
5.356186,23869.503137,5.356186,24853.412109,983.9089720000011,4.122033736323772
5.353319,23828.061133,5.353319,24822.578125,994.5169920000008,4.17372184186095
5.350455,23795.464339,5.350455,24785.566406,990.1020670000034,4.160885675079086
5.347594,23780.345168,5.347594,24736.201172,955.8560040000011,4.019521151805012
5.344735,23765.555635,5.344735,24597.25,831.6943649999994,3.4995788769825635
5.34188,23711.784153,5.34188,24584.890625,873.1064719999995,3.682162701744797
5.339028,23649.518816,5.339028,24492.158203,842.6393869999993,3.5630297324692903
5.336179,23604.867506,5.336179,24485.972656,881.105150000003,3.732726522510832
5.333333,23533.878883,5.333333,24427.201172,893.3222889999997,3.7958990672179524
5.33049,23465.740201,5.33049,24405.541016,939.8008149999987,4.004991135800391
5.327651,23440.47989,5.327651,24368.400391,927.9205010000005,3.9586241636454846
5.324814,23407.794108,5.324814,24278.597656,870.8035480000035,3.720143572616234
5.32198,23374.085908,5.32198,24248.740234,874.6543259999999,3.7419830210371616
5.319149,23344.806582,5.319149,24244.517578,899.710995999998,3.854009211169561
5.316321,23277.638857,5.316321,24222.824219,945.1853619999965,4.060486408464759
5.313496,23252.448422,5.313496,24219.724609,967.2761869999995,4.15988961439787
5.310674,23211.043275,5.310674,24182.527344,971.4840689999983,4.185439049378526
5.307856,23193.464394,5.307856,23954.685547,761.2211530000022,3.2820502365180313
5.30504,23181.053352,5.30504,23949.783203,768.729851,3.3161989635543296
5.302227,23164.003617,5.302227,23934.25,770.2463830000015,3.325186767086843
5.299417,23108.95192,5.299417,23900.072266,791.1203459999997,3.4234367215733066
5.29661,23047.503986,5.29661,23813.03125,765.5272640000003,3.3215191738984533
5.293806,22960.314779,5.293806,23760.154297,799.8395180000007,3.483573834673866
5.291005,22931.572287,5.291005,23535.951172,604.3788850000019,2.635575430397447
5.288207,22917.129066,5.288207,23495.427734,578.2986679999995,2.5234341803222073
5.285412,22879.266052,5.285412,23350.664062,471.3980100000008,2.0603720806804176
5.28262,22844.012745,5.28262,23289.480469,445.46772399999827,1.9500414790194875
5.279831,22816.941822,5.279831,23220.755859,403.8140370000001,1.7697991262380495
5.277045,22796.761982,5.277045,23173.876953,377.11497099999906,1.6542479642405516
5.274262,22775.365971,5.274262,23098.832031,323.46606000000247,1.4202452790961673
5.271481,22731.995757,5.271481,22939.212891,207.21713399999862,0.9115659540636197
5.268704,22700.311147,5.268704,22760.574219,60.26307199999792,0.26547244929707536
5.265929,22662.353633,5.265929,22690.675781,28.322148000002926,0.12497443318844591
5.263158,22598.498974,5.263158,22657.037109,58.53813500000251,0.25903550084167865
5.260389,22539.038841,5.260389,22493.712891,45.325950000002194,0.2010997466207445
5.257624,22499.409139,5.257624,22207.388672,292.02046699999846,1.2979028257849508
5.254861,22443.773359,5.254861,22172.734375,271.0389839999989,1.2076355417807305
5.252101,22398.475279,5.252101,22166.433594,232.04168500000014,1.0359708958294767
5.249344,22358.695519,5.249344,21904.636719,454.0588000000025,2.030792894935001
5.24659,22317.711492,5.24659,21718.216797,599.4946949999976,2.6861835507412684
5.243838,22280.144669,5.243838,21708.730469,571.4142000000029,2.5646790381709383
5.24109,22233.454288,5.24109,21632.814453,600.6398350000018,2.7015137963702895
5.238345,22148.494005,5.238345,21561.683594,586.8104110000022,2.6494370717373847
5.235602,22119.098905,5.235602,21439.666016,679.4328889999997,3.071702386784005
5.232862,22082.987887,5.232862,21426.990234,655.9976529999985,2.9706018784993167
5.230126,22025.69131,5.230126,21379.447266,646.2440439999991,2.934046586345258
5.227392,21984.662484,5.227392,21246.232422,738.4300619999995,3.3588419314484095
5.22466,21943.892266,5.22466,21201.796875,742.0953909999989,3.381785610339539
5.221932,21883.300969,5.221932,21192.273438,691.0275309999997,3.1577847052367143
5.219207,21844.678386,5.219207,21087.466797,757.2115889999986,3.466343498493833
5.216484,21807.344871,5.216484,21026.300781,781.0440899999994,3.5815643519200404
5.213764,21786.263633,5.213764,20988.935547,797.3280859999977,3.6597743396085236
5.211047,21733.610418,5.211047,20973.724609,759.8858089999994,3.496362520470387
5.208333,21654.68588,5.208333,20877.603516,777.0823640000017,3.58851829255905
5.205622,21624.964981,5.205622,20829.859375,795.105606000001,3.6767948835921445
5.202914,21591.549396,5.202914,20766.175781,825.3736149999968,3.8226696929535944
5.200208,21553.878091,5.200208,20683.341797,870.5362939999977,4.038884744195976
5.197505,21505.324785,5.197505,20641.90625,863.4185350000007,4.014905813476654
5.194805,21481.772887,5.194805,20571.753906,910.0189809999974,4.236237789995016
5.192108,21441.307094,5.192108,20501.564453,939.7426410000007,4.382860787731418
5.189414,21408.190526,5.189414,20453.6875,954.5030259999985,4.458588056943746
5.186722,21351.892961,5.186722,20408.986328,942.9066330000023,4.416032970576684
5.184033,21317.411827,5.184033,20361.076172,956.335654999999,4.486171505063915
5.181347,21298.615906,5.181347,20338.712891,959.9030149999999,4.506879786162946
5.178664,21269.792551,5.178664,20287.580078,982.2124729999996,4.617875189167376
5.175983,21239.296418,5.175983,20271.597656,967.698762,4.556171461404386
5.173306,21195.342839,5.173306,20242.824219,952.5186200000026,4.493999588661254
5.170631,21177.698938,5.170631,20182.060547,995.6383910000004,4.701353031388534
5.167959,21135.971678,5.167959,20156.46875,979.5029280000017,4.634293340861855
5.165289,21111.222944,5.165289,20128.570312,982.6526320000012,4.654645704830093
5.162623,21037.117356,5.162623,20121.269531,915.8478249999971,4.353485363520055
5.159959,21004.770918,5.159959,20057.25,947.5209179999983,4.510979537453665
5.157298,20980.775837,5.157298,19984.794922,995.9809150000001,4.747111940653637
5.154639,20957.79724,5.154639,19973.978516,983.8187240000007,4.69428496102771
5.151984,20935.17805,5.151984,19909.888672,1025.2893779999977,4.897447614494961
5.149331,20886.955001,5.149331,19797.660156,1089.2948449999967,5.215192185494941
5.14668,20834.984527,5.14668,19781.619141,1053.3653860000013,5.055753147476294
5.144033,20801.379779,5.144033,19682.126953,1119.252826,5.38066627258034
5.141388,20770.474374,5.141388,19389.65625,1380.8181240000013,6.647985496799618
5.138746,20694.944714,5.138746,19331.730469,1363.2142450000028,6.5871847634258085
5.136107,20647.844556,5.136107,19286.662109,1361.1824469999992,6.592370662750156
5.13347,20583.578256,5.13347,19148.142578,1435.4356780000016,6.973693592762861
5.130836,20548.284589,5.130836,19147.058594,1401.2259950000007,6.819187212104856
5.128205,20443.984038,5.128205,19122.355469,1321.6285690000004,6.464633148526431
5.125577,20417.597184,5.125577,19122.355469,1295.241715,6.343751927944785
5.122951,20380.793957,5.122951,19109.460938,1271.3330190000015,6.237897413036496
5.120328,20354.423967,5.120328,19067.052734,1287.371232999998,6.324773597558808
5.117707,20292.978508,5.117707,19019.164062,1273.8144460000003,6.277119179413859
5.11509,20267.133555,5.11509,18902.982422,1364.1511329999994,6.730853819549912
5.112474,20212.293704,5.112474,18718.830078,1493.4636260000007,7.3888874160998625
5.109862,20177.028481,5.109862,18718.830078,1458.1984030000021,7.22702257358231
5.107252,20154.764304,5.107252,18560.332031,1594.4322729999985,7.9109447719195645
5.104645,20121.234358,5.104645,18560.332031,1560.9023269999998,7.75748793154631
5.102041,20060.229531,5.102041,18553.857422,1506.372109,7.509246624881004
5.099439,20031.482185,5.099439,18482.634766,1548.8474190000015,7.732065978421764
5.09684,19988.421788,5.09684,18469.681641,1518.7401470000004,7.598099355256613
5.094244,19925.812699,5.094244,18411.375,1514.4376989999982,7.6003810829557885
5.09165,19896.349099,5.09165,18362.769531,1533.5795679999974,7.707844089230802
5.089059,19845.097926,5.089059,18349.853516,1495.2444099999993,7.5345781390224795
5.08647,19788.856529,5.08647,18307.662109,1481.1944199999998,7.484992464467828
5.083884,19762.583501,5.083884,18255.777344,1506.8061570000027,7.624540369045156
5.081301,19733.642515,5.081301,18119.490234,1614.1522809999988,8.179697588891885
5.07872,19697.077671,5.07872,18105.232422,1591.8452489999981,8.081631577986167
5.076142,19633.495267,5.076142,18022.0625,1611.4327669999984,8.207569488192439
5.073567,19592.334592,5.073567,18022.0625,1570.2720919999992,8.014726803620317
5.070994,19551.911603,5.070994,18015.054688,1536.8569150000003,7.860392099789304
5.068424,19512.172084,5.068424,17986.322266,1525.8498180000024,7.819989550272574
5.065856,19485.610014,5.065856,17947.324219,1538.2857950000034,7.894470811510532
5.063291,19462.56494,5.063291,17869.292969,1593.271971000002,8.18634119352617
5.060729,19443.36952,5.060729,17817.25,1626.1195200000002,8.363362730556181
5.058169,19412.300911,5.058169,17748.916016,1663.3848949999992,8.568715798431914
5.055612,19389.50964,5.055612,17704.818359,1684.6912809999994,8.688673990622897
5.053057,19331.797257,5.053057,17498.078125,1833.7191319999984,9.485507775724333
5.050505,19289.030376,5.050505,17321.910156,1967.120219999997,10.198129100608126
5.047956,19210.973076,5.047956,17227.212891,1983.7601849999992,10.326182735003066
5.045409,19195.192353,5.045409,17219.222656,1975.9696969999968,10.294086460098297
5.042864,19158.414281,5.042864,17178.207031,1980.2072499999995,10.335966332891303
5.040323,19118.957219,5.040323,17112.84375,2006.113469,10.492797520391795
5.037783,19098.122685,5.037783,17109.574219,1988.5484660000002,10.412271922212758
5.035247,19080.54183,5.035247,17063.800781,2016.7410489999966,10.569621486477446
5.032713,19015.824537,5.032713,17060.529297,1955.2952399999995,10.282463619684162
5.030181,18948.49351,5.030181,16974.058594,1974.434916000002,10.420009986324247
5.027652,18895.849817,5.027652,16965.666016,1930.1838009999992,10.21485574712535
5.025126,18865.86795,5.025126,16929.667969,1936.1999810000016,10.262978550106949
5.022602,18812.818548,5.022602,16896.933594,1915.884954000001,10.183933625425201
5.02008,18785.200949,5.02008,16515.255859,2269.9450899999974,12.083688091294198
5.017561,18763.591879,5.017561,16480.589844,2283.0020350000013,12.167190854087545
5.015045,18695.876885,5.015045,16467.457031,2228.4198539999998,11.919311769687017
5.012531,18648.77792,5.012531,16431.337891,2217.4400290000012,11.890538020842072
5.01002,18621.785238,5.01002,16414.917969,2206.867269000002,11.850997317360438
5.007511,18585.746439,5.007511,16398.496094,2187.2503450000004,11.76842884507621
5.005005,18568.01343,5.005005,16190.347656,2377.665773999999,12.805170477518333
5.002501,18482.46375,5.002501,16151.946289,2330.5174609999995,12.609344146556218
5.0,18433.214522,5.0,16089.423828,2343.7906939999975,12.715040511261282
4.997501,18388.806094,4.997501,15961.007812,2427.7982819999997,13.202587865626333
4.995005,18345.545201,4.995005,15693.952148,2651.5930530000005,14.45360725968212
4.992511,18316.542593,4.992511,15660.950195,2655.592397999999,14.498327861366601
4.99002,18275.442214,4.99002,15538.78125,2736.660963999999,14.974526645946575
4.987531,18214.34795,4.987531,15436.349609,2777.9983409999986,15.251703484669616
4.985045,18160.615297,4.985045,15426.433594,2734.181703,15.055556534208767
4.982561,18136.589497,4.982561,15350.386719,2786.2027780000008,15.362330268658672
4.98008,18105.734602,4.98008,15347.080078,2758.6545239999996,15.23635789787437
4.977601,18083.706351,4.977601,15237.902344,2845.8040070000006,15.736840400765697
4.975124,18045.67175,4.975124,15185.853516,2859.818234000002,15.847668480393375
4.97265,18007.432677,4.97265,15184.94043,2822.492247,15.674040256749254
4.970179,17992.854547,4.970179,15125.336914,2867.5176329999995,15.93698001342488
4.96771,17958.870114,4.96771,15122.025391,2836.844723000002,15.79634300483366
4.965243,17939.761816,4.965243,15112.088867,2827.672948999998,15.762042874382376
4.962779,17910.11865,4.962779,15055.770508,2854.3481420000007,15.937069975803878
4.960317,17892.15837,4.960317,15029.261719,2862.896651000001,16.000845687797256
4.957858,17866.653054,4.957858,14876.745117,2989.907936999998,16.734572099001024
4.955401,17823.383775,4.955401,14634.405273,3188.978501999998,17.89210478917603
4.952947,17787.292661,4.952947,14604.501953,3182.7907079999986,17.89362084865512
4.950495,17762.251028,4.950495,14451.576172,3310.6748559999996,18.638824835777452
4.948046,17727.484054,4.948046,14423.803711,3303.680343,18.63592336586851
4.945598,17698.170188,4.945598,14408.331055,3289.8391329999995,18.58858344141492
4.943154,17654.627736,4.943154,14175.274414,3479.353321999999,19.707882681123667
4.940711,17618.142294,4.940711,14153.575195,3464.5670990000017,19.664769651564725
4.938272,17568.216051,4.938272,14075.289062,3492.9269889999996,19.882081247521878
4.935834,17535.564915,4.935834,13885.146484,3650.4184309999982,20.817227438606295
4.933399,17487.039492,4.933399,13858.442383,3628.5971090000003,20.750208236562955
4.930966,17426.176395,4.930966,13811.699219,3614.4771759999985,20.741653786065665
4.928536,17369.7973,4.928536,13576.9375,3792.8597999999984,21.835947388977296
4.926108,17337.628215,4.926108,13420.53418,3917.094035,22.59302129694445
4.923683,17242.835716,4.923683,13293.289062,3949.5466540000016,22.905435736043877
4.92126,17183.317006,4.92126,13173.741211,4009.5757950000007,23.33411991177229
4.918839,17156.942584,4.918839,13095.529297,4061.413287000001,23.672127286755284
4.916421,17122.787798,4.916421,12820.287109,4302.500689,25.12733755599393
4.914005,17091.576241,4.914005,12746.364258,4345.211982999999,25.423120265388516
4.911591,17050.107649,4.911591,12746.364258,4303.743391000002,25.241737352036125
4.90918,17025.039413,4.90918,12541.226562,4483.812850999999,26.336578390392706
4.906771,16990.03296,4.906771,12420.044922,4569.988038000001,26.898052809898736
4.904365,16960.569338,4.904365,12372.895508,4587.6738300000015,27.049055598159434
4.901961,16927.407178,4.901961,12369.527344,4557.879834000001,26.926036492604304
4.899559,16887.695404,4.899559,12076.227539,4811.467864999999,28.49096783129071
4.89716,16841.407851,4.89716,11900.681641,4940.726210000001,29.336776673968103
4.894763,16768.948155,4.894763,11887.170898,4881.777256999998,29.112006381535615
4.892368,16757.030025,4.892368,11620.113281,5136.916744,30.655293547461433
4.889976,16723.533582,4.889976,11565.975586,5157.557996,30.840121022935136
4.887586,16700.26707,4.887586,11515.206055,5185.061015000001,31.047773028219005
4.885198,16670.864178,4.885198,11501.666016,5169.198162000001,31.00737974232688
4.882812,16646.9128,4.882812,11484.738281,5162.174518999998,31.00980092236681
4.880429,16624.962122,4.880429,11474.580078,5150.382044,30.979812201703854
4.878049,16588.296572,4.878049,11457.650391,5130.646181,30.92931307763214
4.87567,16565.608046,4.87567,11383.136719,5182.471327000001,31.28452220171527
4.873294,16489.774572,4.873294,11335.241211,5154.533360999998,31.25896802587289
4.870921,16415.01593,4.870921,11298.424805,5116.591125000001,31.170186777881494
4.868549,16367.992832,4.868549,11298.424805,5069.568026999999,30.972447746243
4.86618,16326.746291,4.86618,11248.996094,5077.750196999999,31.10080910486783
4.863813,16286.853492,4.863813,11206.889648,5079.963844,31.190578625240573
4.861449,16242.711548,4.861449,11206.889648,5035.821899999999,31.00357895982011
4.859086,16225.743332,4.859086,11162.799805,5062.943526999999,31.203153059958677
4.856727,16195.045036,4.856727,10982.935547,5212.109489,32.1833590299625
4.854369,16130.291257,4.854369,10982.935547,5147.355710000002,31.911114486331567
4.852014,16072.948168,4.852014,10962.5625,5110.385668000001,31.794948970061288
4.849661,16053.08651,4.849661,10959.166992,5093.919517999999,31.731714115082028
4.84731,16020.328946,4.84731,10945.583008,5074.745938,31.676914719451354
4.844961,16001.849686,4.844961,10915.015625,5086.834061,31.789037897602956
4.842615,15956.242205,4.842615,10377.53125,5578.7109550000005,34.96256125550584
4.840271,15916.950173,4.840271,10336.643555,5580.306617999999,35.05889355277307
4.837929,15896.772317,4.837929,10292.338867,5604.43345,35.25516588047639
4.83559,15866.859752,4.83559,10265.068359,5601.7913929999995,35.30497830419091
4.833253,15822.97204,4.833253,10248.022461,5574.949579,35.233264426598836
4.830918,15799.857432,4.830918,10244.613281,5555.244151000001,35.16009036732681
4.828585,15756.643499,4.828585,10207.106445,5549.537054,35.22029964282814
4.826255,15706.702951,4.826255,10200.286133,5506.416818,35.05775104538679
4.823927,15687.564756,4.823927,10155.947266,5531.6174900000005,35.26116115558555
4.821601,15633.422789,4.821601,10043.347656,5590.075133,35.75720562571424
4.819277,15607.9618,4.819277,9787.179688,5820.782111999999,37.293672207731824
4.816956,15596.762996,4.816956,9752.99707,5843.765926,37.46781256789446
4.814636,15572.484247,4.814636,9705.130859,5867.3533879999995,37.67769673056712
4.81232,15508.126418,4.81232,9623.044922,5885.081496000001,37.94837195271567
4.810005,15458.01256,4.810005,9554.612305,5903.400254999999,38.189904634156925
4.807692,15438.989843,4.807692,9434.793945,6004.195898,38.88982348623208
4.805382,15401.356887,4.805382,9427.944336,5973.412550999999,38.78497586171804
4.803074,15377.804656,4.803074,9297.764648,6080.040008,39.53776331544005
4.800768,15309.180954,4.800768,9177.780273,6131.400680999999,40.050481468755386
4.798464,15260.100024,4.798464,9064.583008,6195.517016,40.59945220710304
4.796163,15225.687012,4.796163,8975.348633,6250.338379000001,41.05127324680882
4.793864,15162.372967,4.793864,8896.375,6265.997966999999,41.32597173699374
4.791567,15092.586437,4.791567,8793.317383,6299.269054,41.73750523341131
4.789272,15062.803721,4.789272,8776.134766,6286.668955000001,41.7363797035698
4.786979,15032.607076,4.786979,8754.277344,6278.329732,41.76474313642867
4.784689,14994.480223,4.784689,8659.257812,6335.222411000001,42.25036357900834
4.782401,14939.693389,4.782401,8655.819336,6283.874053,42.06159985603704
4.780115,14898.849509,4.780115,8614.549805,6284.299703999999,42.179764955702254
4.777831,14869.961089,4.777831,8425.287109,6444.67398,43.34022087500568
4.775549,14855.069088,4.775549,8408.072266,6446.996822000001,43.39930554215946
4.77327,14817.611216,4.77327,8390.855469,6426.755746999999,43.372414441947384
4.770992,14792.196826,4.770992,8349.529297,6442.667529,43.554501098010206
4.768717,14782.255922,4.768717,8325.417969,6456.837953,43.679652057643494
4.766444,14731.370445,4.766444,8153.108887,6578.261558,44.65478335882008
4.764173,14686.020732,4.764173,8094.48877,6591.531962000001,44.88303593115206
4.761905,14673.82336,4.761905,8046.200195,6627.623165,45.166300577574894
4.759638,14631.404704,4.759638,7991.107422,6640.297282,45.383867211223034
4.757374,14587.541056,4.757374,7890.904785,6696.636271,45.906546177264104
4.755112,14501.434172,4.755112,7870.189453,6631.244718999999,45.728199296341984
4.752852,14472.514159,4.752852,7863.283691,6609.230468000001,45.667465897001236
4.750594,14447.721299,4.750594,7821.844727,6625.876572000001,45.861049191602355
4.748338,14366.365476,4.748338,7812.558594,6553.806882000001,45.619101734176155
4.746084,14270.628404,4.746084,7745.850586,6524.777818,45.72172740599938
4.743833,14227.399338,4.743833,7725.120117,6502.279220999999,45.7025143283428
4.741584,14221.148585,4.741584,7649.088379,6572.060206000001,46.21328696988648
4.739336,14179.50967,4.739336,7624.890137,6554.619532999999,46.22599571879272
4.737091,14159.929305,4.737091,7583.400879,6576.528426,46.4446416669451
4.734848,14136.919294,4.734848,7566.111328,6570.807965999999,46.47977278040192
4.732608,14066.411099,4.732608,7518.293945,6548.1171540000005,46.5514416428901
4.730369,13995.792938,4.730369,7507.314453,6488.478485000001,46.36020634017185
4.728132,13965.89764,4.728132,7393.129883,6572.767757,47.0629810301259
4.725898,13934.290209,4.725898,7361.977051,6572.313158000001,47.16647248924827
4.723666,13908.058685,4.723666,7344.667969,6563.390716,47.19127855765156
4.721435,13894.951198,4.721435,7202.675293,6692.275905,48.16336386962818
4.719207,13840.642619,4.719207,7178.422852,6662.2197670000005,48.13519104853061
4.716981,13795.648744,4.716981,7088.31543,6707.333314,48.61919463495439
4.714757,13756.088092,4.714757,7070.982422,6685.10567,48.59743282603573
4.712535,13709.14615,4.712535,6873.279785,6835.866365000001,49.86354576867649
4.710316,13661.258055,4.710316,6821.220703,6840.037352,50.06886865369297
4.708098,13644.449939,4.708098,6755.259277,6889.190662,50.49079070830545
4.705882,13628.564917,4.705882,6689.276855,6939.288062,50.917232329752274
4.703669,13588.89837,4.703669,6612.849121,6976.049249000001,51.33638547478518
4.701457,13532.22229,4.701457,6581.574707,6950.647583,51.36368169281676
4.699248,13483.058404,4.699248,6512.05957,6970.998833999999,51.70191083598602
4.697041,13461.904114,4.697041,6498.15332,6963.7507940000005,51.729315073325296
4.694836,13430.621151,4.694836,6442.52002,6988.101130999999,52.031109004066344
4.692633,13392.559034,4.692633,6331.208008,7061.351026,52.72592794307036
4.690432,13362.667542,4.690432,6209.391113,7153.276429,53.5317997437012
4.688233,13332.269898,4.688233,6017.818359,7314.451539000001,54.862762267490965
4.686036,13318.16998,4.686036,5930.880859,7387.289121000001,55.46774918846621
4.683841,13279.484796,4.683841,5850.48291,7429.001886000001,55.94344961513672
4.681648,13264.139795,4.681648,5794.674316,7469.4654789999995,56.31322946261213
4.679457,13239.903133,4.679457,5662.068848,7577.834285,57.234816666539736
4.677268,13212.729791,4.677268,5637.632324,7575.097467,57.33181247799273
4.675082,13167.817289,4.675082,5634.141113,7533.676176000001,57.212793970747214
4.672897,13149.884292,4.672897,5602.718262,7547.16603,57.393402576108386
4.670715,13107.772788,4.670715,5599.226562,7508.546226,57.283158225583364
4.668534,13077.445363,4.668534,5588.750977,7488.694386000001,57.264199376338084
4.666356,13056.188833,4.666356,5473.485352,7582.7034810000005,58.07746485585776
4.664179,13019.702885,4.664179,5473.485352,7546.217533000001,57.95998264825227
4.662005,12974.193488,4.662005,5410.586426,7563.607062000001,58.29731974473542
4.659832,12948.194042,4.659832,5407.091309,7541.102732999999,58.24057554697557
4.657662,12923.11011,4.657662,5295.223145,7627.886965,59.02516422186548
4.655493,12902.218375,4.655493,5193.791504,7708.426871000001,59.7449728950197
4.653327,12866.230664,4.653327,5193.791504,7672.439160000001,59.63237688150311
4.651163,12850.562134,4.651163,4965.307129,7885.255005,61.361167883365994
4.649,12817.869218,4.649,4906.722656,7911.146562,61.71966984099401
4.64684,12798.624565,4.64684,4840.151367,7958.473198,62.18225370688495
4.644682,12762.825181,4.644682,4780.570312,7982.254869,62.54300874451506
4.642526,12738.190501,4.642526,4471.887695,8266.302806,64.89385447133219
4.640371,12695.395549,4.640371,4405.182617,8290.212932,65.30094237712042
4.638219,12665.050264,4.638219,4398.160156,8266.890108,65.27325147297971
4.636069,12645.729845,4.636069,4377.090332,8268.639513,65.38681131377594
4.63392,12611.775683,4.63392,4324.407227,8287.368456,65.7113531377737
4.631774,12571.059247,4.631774,4299.817383,8271.241864,65.7959023299797
4.62963,12524.258303,4.62963,4299.817383,8224.440920000001,65.66808765058732
4.627487,12500.076991,4.627487,4229.54541,8270.531581,66.16384512635199
4.625347,12466.410219,4.625347,4095.967041,8370.443178,67.14397353331631
4.623209,12427.128819,4.623209,3906.005615,8521.123204,68.56872032236396
4.621072,12394.414448,4.621072,3793.358643,8601.055805,69.39461191236745
4.618938,12375.024028,4.618938,3761.666504,8613.357524,69.60275393818411
4.616805,12367.024566,4.616805,3610.186035,8756.838531,70.80796584713438
4.614675,12321.644776,4.614675,3426.863281,8894.781495,72.18826428371952
4.612546,12292.755956,4.612546,3222.211426,9070.544530000001,73.78772150416553
4.61042,12259.193364,4.61042,3045.63916,9213.554204,75.15628418959653
4.608295,12236.901095,4.608295,2932.561035,9304.340059999999,76.03510061711421
4.606172,12214.555408,4.606172,2890.142334,9324.413074,76.33853842844674
4.604052,12170.743146,4.604052,2890.142334,9280.600812,76.25336185859886
4.601933,12138.814319,4.601933,2801.744629,9337.06969,76.91912442704859
4.599816,12108.512517,4.599816,2741.61499,9366.897527,77.35795386798459
4.597701,12074.837476,4.597701,2476.149414,9598.688062000001,79.49331062284189
4.595588,12044.555228,4.595588,2352.161377,9692.393850999999,80.47116450151745
4.593477,12008.166011,4.593477,2267.103027,9741.062984,81.1203224129044
4.591368,11977.112708,4.591368,2249.378662,9727.734046000001,81.21935798017876
4.589261,11954.785598,4.589261,2102.086426,9852.699172,82.41636030384625
4.587156,11939.681177,4.587156,2064.965576,9874.715601,82.70501912582183
4.585053,11918.775669,4.585053,2061.167969,9857.6077,82.70654615674184
4.582951,11884.053232,4.582951,2057.869873,9826.183359,82.68377099272152
4.580852,11843.370702,4.580852,2011.742554,9831.628148,83.0137669028609
4.578755,11821.176887,4.578755,2001.096558,9820.080329,83.07193457023176
4.576659,11797.133589,4.576659,1876.857422,9920.276167,84.09056396758923
4.574565,11778.679517,4.574565,1756.105713,10022.573804,85.09080996332875
4.572474,11711.511646,4.572474,1727.684692,9983.826954,85.24797870486616
4.570384,11676.752779,4.570384,1720.578857,9956.173922,85.26492005470591
4.568296,11661.733937,4.568296,1706.366577,9955.36736,85.36781420140197
4.56621,11639.223029,4.56621,1560.642456,10078.580573000001,86.59152374594471
4.564126,11592.792203,4.564126,1542.865112,10049.927091000001,86.6911690903876
4.562044,11555.453459,4.562044,1482.412476,10073.040983,87.17131715116365
4.559964,11508.034966,4.559964,1379.252197,10128.782769,88.01487655299152
4.557885,11475.152932,4.557885,1254.689697,10220.463235000001,89.06603071492731
4.555809,11431.891079,4.555809,1254.689697,10177.201382000001,89.0246531538004
4.553734,11418.651565,4.553734,1204.84668,10213.804885,89.44843291573018
4.551661,11394.720356,4.551661,1094.443848,10300.276507999999,90.39516711418275
4.549591,11356.865446,4.549591,902.009644,10454.855802,92.05758271691336
4.547522,11298.162556,4.547522,887.749268,10410.413288,92.14253411915594
4.545455,11278.854428,4.545455,830.699402,10448.155026,92.63489561548226
4.543389,11269.44985,4.543389,816.434814,10453.015036,92.75532679175106
4.541326,11252.385709,4.541326,741.532471,10510.853238,93.40999775357061
4.539265,11232.195925,4.539265,727.262756,10504.933169,93.5251952436006
4.537205,11194.244132,4.537205,641.627258,10552.616874,94.26823954852085
4.535147,11150.727695,4.535147,598.79834,10551.929355,94.62996177129766
4.533092,11126.994636,4.533092,480.980835,10646.013801,95.67735178514558
4.531038,11104.758958,4.531038,330.950653,10773.808305,97.0197403270822
4.528986,11082.136366,4.528986,295.215881,10786.920485,97.33611037393726
4.526935,11044.395989,4.526935,66.393051,10978.002938000001,99.39885303762989
