RP,Loss_gen,ReturnPeriod,Loss_expected,Loss_Diff,Percent_Diff
10000.0,1577089.127065,10000.0,1580000.0,2910.8729350001086,0.18457250671795017
5000.0,1570173.090904,5000.0,1580000.0,9826.909096000018,0.6258487776237679
3333.333333,1549620.142684,3333.333333,1580000.0,30379.85731599992,1.960471245771294
2500.0,1533628.700564,2500.0,1533675.25,46.54943599994294,0.0030352481003272916
2000.0,1524804.591445,2000.0,1510723.0,14081.59144499991,0.923501380046037
1666.666667,1502572.115275,1666.666667,1509770.875,7198.759725000011,0.479095788602632
1428.571429,1494029.927826,1428.571429,1464524.5,29505.427825999912,1.9748886736783107
1250.0,1462309.572414,1250.0,1409736.75,52572.82241400005,3.5951910187671237
1111.111111,1424714.327205,1111.111111,1381883.75,42830.57720499998,3.006257211508841
1000.0,1382102.46295,1000.0,1338893.375,43209.087950000074,3.1263302908652175
909.090909,1373448.754023,909.090909,1296754.375,76694.3790229999,5.584072852980692
833.333333,1322559.661422,833.333333,1292348.0,30211.661422000034,2.2843325940787294
769.230769,1268216.457176,769.230769,1285438.75,17222.292823999887,1.357993166430722
714.285714,1216092.073914,714.285714,1263149.5,47057.426085999934,3.8695611208570178
666.666667,1181832.028275,666.666667,1255357.375,73525.34672500007,6.221302601886459
625.0,1159303.570623,625.0,1182876.75,23573.17937700008,2.0333914234674575
588.235294,1131280.469519,588.235294,1105779.0,25501.469519000035,2.254212832812609
555.555556,1100398.040557,555.555556,1103166.375,2768.3344429999124,0.25157573359533025
526.315789,1065278.156625,526.315789,1083623.875,18345.71837499994,1.722152872553268
500.0,1038272.643967,500.0,1082223.25,43950.60603300005,4.233050566089744
476.190476,1026541.678677,476.190476,1057246.875,30705.19632300001,2.9911300204169655
454.545455,1017328.701857,454.545455,1011118.5625,6210.139357000007,0.6104358744292
434.782609,1004693.279571,434.782609,992906.3125,11786.967071000021,1.173190595644574
416.666667,996062.97219,416.666667,986906.875,9156.09719,0.9192287481451992
400.0,984238.350156,400.0,975119.0625,9119.287656,0.9265324455762783
384.615385,963566.222861,384.615385,928646.5,34919.72286099999,3.624008608076475
370.37037,941906.250154,370.37037,927461.3125,14444.937654000008,1.5335854976690395
357.142857,930609.351981,357.142857,927345.875,3263.4769810000435,0.3506817306373548
344.827586,906990.980236,344.827586,926166.25,19175.269763999968,2.1141632256376512
333.333333,896035.481822,333.333333,911508.375,15472.893177999998,1.726817016948636
322.580645,887966.122858,322.580645,889091.1875,1125.064642000012,0.1267013023401038
312.5,857071.817148,312.5,889032.5,31960.682851999998,3.7290553968222473
303.030303,852567.477316,303.030303,863208.5,10641.022683999967,1.2481150134297139
294.117647,842996.259966,294.117647,860707.0,17710.740034000017,2.1009274744248962
285.714286,836504.388852,285.714286,854272.875,17768.486147999996,2.1241354360836135
277.777778,822308.188628,277.777778,850517.75,28209.561372000026,3.4305339241564594
270.27027,809160.294834,270.27027,844012.75,34852.45516600006,4.30723743966578
263.157895,804310.47135,263.157895,825382.5625,21072.091149999993,2.6198951649394053
256.410256,801493.481907,256.410256,820081.75,18588.26809300005,2.3192039002953377
250.0,800383.390106,250.0,817003.125,16619.734893999994,2.076471738350159
243.902439,797812.307667,243.902439,807385.5,9573.192333000014,1.1999303897672862
238.095238,796823.274988,238.095238,804543.5625,7720.287511999952,0.9688832837012971
232.55814,793351.874524,232.55814,802307.75,8955.875476000016,1.1288654837266776
227.272727,790693.623988,227.272727,796465.6875,5772.0635120000225,0.730000007194648
222.222222,790269.831732,222.222222,790000.0625,269.76923199999146,0.03413634446967942
217.391304,790016.882767,217.391304,790000.0625,16.820267000002787,0.002129102221346274
212.765957,790006.338846,212.765957,790000.0625,6.276346000027843,0.0007944678025237114
208.333333,790000.117591,208.333333,790000.0,0.11759100004564971,1.4884934499026124e-05
204.081633,790000.002642,204.081633,790000.0,0.0026419999776408076,3.3443037579812113e-07
200.0,790000.0,200.0,790000.0,0.0,0.0
196.078431,790000.0,196.078431,790000.0,0.0,0.0
192.307692,790000.0,192.307692,790000.0,0.0,0.0
188.679245,790000.0,188.679245,790000.0,0.0,0.0
185.185185,790000.0,185.185185,790000.0,0.0,0.0
181.818182,790000.0,181.818182,790000.0,0.0,0.0
178.571429,790000.0,178.571429,790000.0,0.0,0.0
175.438596,790000.0,175.438596,790000.0,0.0,0.0
172.413793,790000.0,172.413793,790000.0,0.0,0.0
169.491525,790000.0,169.491525,790000.0,0.0,0.0
166.666667,790000.0,166.666667,790000.0,0.0,0.0
163.934426,790000.0,163.934426,790000.0,0.0,0.0
161.290323,790000.0,161.290323,790000.0,0.0,0.0
158.730159,790000.0,158.730159,790000.0,0.0,0.0
156.25,790000.0,156.25,790000.0,0.0,0.0
153.846154,790000.0,153.846154,790000.0,0.0,0.0
151.515152,790000.0,151.515152,790000.0,0.0,0.0
149.253731,790000.0,149.253731,790000.0,0.0,0.0
147.058824,790000.0,147.058824,790000.0,0.0,0.0
144.927536,790000.0,144.927536,790000.0,0.0,0.0
142.857143,790000.0,142.857143,790000.0,0.0,0.0
140.84507,790000.0,140.84507,790000.0,0.0,0.0
138.888889,790000.0,138.888889,790000.0,0.0,0.0
136.986301,790000.0,136.986301,790000.0,0.0,0.0
135.135135,790000.0,135.135135,790000.0,0.0,0.0
133.333333,790000.0,133.333333,790000.0,0.0,0.0
131.578947,790000.0,131.578947,790000.0,0.0,0.0
129.87013,790000.0,129.87013,790000.0,0.0,0.0
128.205128,790000.0,128.205128,790000.0,0.0,0.0
126.582278,790000.0,126.582278,790000.0,0.0,0.0
125.0,790000.0,125.0,790000.0,0.0,0.0
123.45679,790000.0,123.45679,790000.0,0.0,0.0
121.95122,790000.0,121.95122,790000.0,0.0,0.0
120.481928,790000.0,120.481928,790000.0,0.0,0.0
119.047619,790000.0,119.047619,790000.0,0.0,0.0
117.647059,790000.0,117.647059,790000.0,0.0,0.0
116.27907,790000.0,116.27907,790000.0,0.0,0.0
114.942529,790000.0,114.942529,790000.0,0.0,0.0
113.636364,790000.0,113.636364,790000.0,0.0,0.0
112.359551,790000.0,112.359551,790000.0,0.0,0.0
111.111111,790000.0,111.111111,790000.0,0.0,0.0
109.89011,790000.0,109.89011,790000.0,0.0,0.0
108.695652,790000.0,108.695652,790000.0,0.0,0.0
107.526882,790000.0,107.526882,790000.0,0.0,0.0
106.382979,790000.0,106.382979,790000.0,0.0,0.0
105.263158,790000.0,105.263158,790000.0,0.0,0.0
104.166667,790000.0,104.166667,790000.0,0.0,0.0
103.092784,790000.0,103.092784,790000.0,0.0,0.0
102.040816,790000.0,102.040816,790000.0,0.0,0.0
101.010101,790000.0,101.010101,790000.0,0.0,0.0
100.0,790000.0,100.0,790000.0,0.0,0.0
99.009901,789999.999633,99.009901,790000.0,0.00036700000055134296,4.645569629390321e-08
98.039216,789999.947794,98.039216,790000.0,0.05220599996391684,6.6083548625157694e-06
97.087379,789999.665772,97.087379,790000.0,0.33422800002153963,4.230735967399769e-05
96.153846,789998.822639,96.153846,790000.0,1.17736099998001,0.00014903326008094825
95.238095,789995.907633,95.238095,790000.0,4.092366999946535,0.0005180238227066465
94.339623,789990.961744,94.339623,790000.0,9.038256000028923,0.0011440961273880763
93.457944,789982.721524,93.457944,790000.0,17.27847599994857,0.002187196698000646
92.592593,789955.91668,92.592593,790000.0,44.083319999976084,0.005580478488628577
91.743119,789890.93665,91.743119,790000.0,109.06334999995306,0.013807393519730805
90.909091,789807.600661,90.909091,790000.0,192.39933899999596,0.0243602794957879
90.09009,789731.77324,90.09009,790000.0,268.22675999999046,0.03396428624108
89.285714,789600.583287,89.285714,790000.0,399.41671300004236,0.05058465272876634
88.495575,789503.79336,88.495575,790000.0,496.2066399999894,0.06285044406034003
87.719298,789301.606509,87.719298,790000.0,698.3934910000535,0.08848246161425874
86.956522,789228.3139,86.956522,790000.0,771.6861000000499,0.09777729541743574
86.206897,788792.566318,86.206897,790000.0,1207.4336820000317,0.15307366392107422
85.470085,788649.2031,85.470085,790000.0,1350.7968999999575,0.17127981549848564
84.745763,788365.93036,84.745763,790000.0,1634.0696400000015,0.20727299050757036
84.033613,788164.28983,84.033613,790000.0,1835.7101699999766,0.2329095841675246
83.333333,787832.867961,83.333333,790000.0,2167.1320390000474,0.2750750986829007
82.644628,787379.280555,82.644628,790000.0,2620.7194450000534,0.3328407934677665
81.967213,786884.496229,81.967213,790000.0,3115.5037709999597,0.3959289814363406
81.300813,785898.48399,81.300813,790000.0,4101.516010000021,0.5218887799829641
80.645161,785792.760576,80.645161,790000.0,4207.2394240000285,0.5354133602498511
80.0,785462.531263,80.0,790000.0,4537.468737000017,0.5776811186275054
79.365079,784974.301172,79.365079,790000.0,5025.698827999993,0.6402373708918128
78.740157,784423.035517,78.740157,790000.0,5576.964482999989,0.7109638843438993
78.125,783570.446721,78.125,790000.0,6429.553278999985,0.8205456581352293
77.51938,783355.749486,77.51938,790000.0,6644.250513999956,0.8481779215075129
76.923077,782618.557442,76.923077,790000.0,7381.442557999981,0.9431724417737206
76.335878,781385.982849,76.335878,790000.0,8614.017150999978,1.1024023133346386
75.757576,780683.836635,75.757576,790000.0,9316.163365000044,1.1933337066584757
75.18797,780253.640399,75.18797,790000.0,9746.359600999975,1.249127091033623
74.626866,779234.116887,74.626866,790000.0,10765.88311299996,1.381598017808705
74.074074,778334.624177,74.074074,790000.0,11665.37582299998,1.4987610033839602
73.529412,777713.315673,73.529412,790000.0,12286.684327000054,1.579847493850312
72.992701,777106.488799,72.992701,790000.0,12893.511200999958,1.659169159805444
72.463768,776464.212624,72.463768,790000.0,13535.787375999964,1.74325965780919
71.942446,775926.184647,71.942446,790000.0,14073.815352999954,1.8138085337850403
71.428571,775268.605948,71.428571,790000.0,14731.394052000018,1.9001664634654514
70.921986,772554.166798,70.921986,790000.0,17445.83320200001,2.2582019425650937
70.422535,770595.509997,70.422535,790000.0,19404.490003000014,2.5181161518934307
69.93007,769337.020449,69.93007,790000.0,20662.979551000055,2.685816358991894
69.444444,768473.838807,69.444444,790000.0,21526.161193000036,2.801157320647095
68.965517,767984.782339,68.965517,790000.0,22015.217660999973,2.8666216007496517
68.493151,767161.992432,68.493151,790000.0,22838.007568,2.9769472149683334
68.027211,765045.470084,68.027211,790000.0,24954.52991599997,3.261836177300681
67.567568,763324.800116,67.567568,790000.0,26675.199884,3.4946067362080018
67.114094,762345.93818,67.114094,790000.0,27654.061819999944,3.627495135085307
66.666667,761006.537072,66.666667,789999.9375,28993.400428000023,3.8098753447707785
66.225166,758792.874634,66.225166,789999.9375,31207.062865999993,4.112724817171295
65.789474,757040.400658,65.789474,789999.9375,32959.53684199997,4.353735522351567
65.359477,756657.805413,65.359477,789999.9375,33342.13208699995,4.406500778618295
64.935065,754845.057312,64.935065,789999.9375,35154.88018800004,4.65723128839002
64.516129,753768.885634,64.516129,789789.5625,36020.67686600005,4.778742868339919
64.102564,751895.829859,64.102564,785473.125,33577.29514099995,4.465684448242859
63.694268,751093.786368,63.694268,784794.75,33700.96363200003,4.4869181776838944
63.291139,749754.99404,63.291139,784566.75,34811.75595999998,4.643084239081807
62.893082,747776.700658,62.893082,781321.5625,33544.86184200004,4.485946381116517
62.5,746778.359894,62.5,780989.125,34210.765106000006,4.581113613262171
62.111801,745399.207656,62.111801,760714.9375,15315.729843999958,2.054701653381436
61.728395,743275.323241,61.728395,760182.5625,16907.239259000053,2.2746940104613214
61.349693,741832.869743,61.349693,756985.0625,15152.192756999983,2.042534562030029
60.97561,739238.353649,60.97561,752982.625,13744.271350999945,1.859247600338375
60.606061,737796.198448,60.606061,746291.125,8494.92655199999,1.1513920198924301
60.240964,735656.972213,60.240964,745258.875,9601.902787000057,1.3052146788082029
59.88024,734531.547637,59.88024,743711.625,9180.077363000019,1.2497866691406896
59.52381,732989.010474,59.52381,743139.4375,10150.42702599999,1.3847993463689232
59.171598,730830.726626,59.171598,742286.6875,11455.960873999982,1.5675258930187987
58.823529,728971.30279,58.823529,740107.375,11136.072210000013,1.5276420577022443
58.479532,726716.493435,58.479532,739787.875,13071.381565000047,1.7986906425110878
58.139535,726013.409118,58.139535,729490.0,3476.5908820000477,0.47886042300838455
57.803468,721847.590703,57.803468,728720.1875,6872.596797000035,0.9520841913882241
57.471264,721317.987526,57.471264,727064.125,5746.137473999988,0.796616412368736
57.142857,718440.427134,57.142857,722702.5,4262.072866000002,0.5932395651790154
56.818182,717365.408109,56.818182,721802.0625,4436.654391000047,0.618465058511146
56.497175,716237.189637,56.497175,720908.0625,4670.872863000026,0.6521405102361826
56.179775,713258.916621,56.179775,720353.125,7094.20837899996,0.9946189544475845
55.865922,712292.594423,55.865922,716511.625,4219.030576999998,0.59231706324529
55.555556,711251.114913,55.555556,701334.125,9916.989913000027,1.3943021958163213
55.248619,710390.7878,55.248619,700156.0,10234.78780000005,1.4407264249155074
54.945055,708417.38805,54.945055,696228.0,12189.38804999995,1.7206506016957939
54.644809,707518.419424,54.644809,696099.25,11419.169423999963,1.613974860654011
54.347826,705574.204276,54.347826,695946.625,9627.579276000033,1.3645027295008656
54.054054,704657.748486,54.054054,695680.75,8976.998485999997,1.2739515751139647
53.763441,703664.635755,53.763441,694017.5,9647.135755000054,1.3709848789898498
53.475936,702976.227047,53.475936,693560.375,9415.852046999964,1.339426809147336
53.191489,701953.498124,53.191489,693431.3125,8522.185624000034,1.2140669783363045
52.910053,700625.837076,52.910053,687599.875,13025.962076000054,1.85918951124651
52.631579,700057.950893,52.631579,685542.625,14515.325893000001,2.073446330333671
52.356021,698512.448952,52.356021,683837.9375,14674.511452000006,2.1008231813214833
52.083333,697532.08098,52.083333,680926.125,16605.95597999997,2.3806727221304826
51.813472,694937.357211,51.813472,679608.5,15328.857211000053,2.2057897811853904
51.546392,693973.253685,51.546392,676179.875,17793.378685000003,2.563986232973261
51.282051,692101.994667,51.282051,674851.0,17250.99466700002,2.492550924564264
51.020408,690769.412234,51.020408,674694.25,16075.162234000047,2.327138687570396
50.761421,689448.51978,50.761421,669993.625,19454.894779999973,2.8218052866670806
50.505051,687750.460292,50.505051,669869.8125,17880.647791999974,2.5998743475080106
50.251256,684777.357653,50.251256,669126.0,15651.357653000043,2.285612612345036
50.0,683052.189039,50.0,668719.6875,14332.50153899996,2.098302555645806
49.751244,680698.146865,49.751244,668132.5,12565.646865000017,1.845993987624607
49.50495,679985.540345,49.50495,665509.75,14475.790344999987,2.128837965827258
49.261084,677755.424158,49.261084,662691.5625,15063.861658000038,2.222610269289164
49.019608,675322.568799,49.019608,658828.9375,16493.631299,2.4423337914402046
48.780488,673963.409713,48.780488,658206.4375,15756.972212999943,2.33795662878937
48.543689,672930.465448,48.543689,656894.8125,16035.652948000003,2.382958384463148
48.309179,671865.810085,48.309179,654739.875,17125.935085000005,2.5490112501532627
48.076923,669510.037683,48.076923,654430.875,15079.162682999973,2.252268350626233
47.84689,668799.670806,47.84689,653626.75,15172.92080600001,2.2686794668595534
47.619048,666897.152584,47.619048,651656.9375,15240.215084000025,2.285242188386825
47.393365,665113.437694,47.393365,651538.0625,13575.375193999964,2.041061633195511
47.169811,663793.531111,47.169811,648320.75,15472.78111099999,2.330962925339599
46.948357,663184.429406,46.948357,641716.625,21467.804405999952,3.2370790769662974
46.728972,661426.369318,46.728972,640967.25,20459.11931800004,3.093181685377246
46.511628,659705.105114,46.511628,639657.9375,20047.167614000035,3.0388074093402375
46.296296,657859.958774,46.296296,638728.1875,19131.771274000057,2.908182967945698
46.082949,656510.720059,46.082949,638098.25,18412.470058999956,2.8045954919586453
45.87156,655355.080917,45.87156,637219.1875,18135.893416999956,2.767338492534988
45.6621,653085.340304,45.6621,634210.5,18874.840303999954,2.8901031977251304
45.454545,650538.724772,45.454545,631490.25,19048.474771999987,2.928107743113382
45.248869,649830.562608,45.248869,631368.25,18462.312608000007,2.841096382710012
45.045045,648248.871174,45.045045,630851.0,17397.87117399997,2.6838259112571774
44.843049,646786.410251,44.843049,629684.0,17102.410250999965,2.644212985916478
44.642857,645343.989052,44.642857,625478.5,19865.48905199999,3.078279086659206
44.444444,643255.40138,44.444444,619743.5625,23511.838880000054,3.6551327559098947
44.247788,641642.313613,44.247788,613505.125,28137.188612999977,4.385182837235799
44.052863,640936.162687,44.052863,613019.875,27916.287687000004,4.35554885372147
43.859649,639364.189223,43.859649,612575.1875,26789.001722999965,4.189944037303032
43.668122,637778.163515,43.668122,612197.5,25580.663515000022,4.010903003329054
43.478261,635773.627328,43.478261,609279.0625,26494.56482800003,4.167295353119657
43.290043,634477.297183,43.290043,608351.875,26125.422183000017,4.117629156944406
43.103448,631460.084496,43.103448,606705.9375,24754.146995999967,3.9201443770998603
42.918455,630753.470059,42.918455,606055.875,24697.595058999956,3.915570223765835
42.735043,628854.128222,42.735043,603794.8125,25059.31572199997,3.9849171051562937
42.553191,627370.803531,42.553191,599872.75,27498.05353100004,4.38306235741831
42.372881,624556.784463,42.372881,599433.9375,25122.846963000018,4.022508054988289
42.194093,624172.466054,42.194093,599039.0,25133.46605399996,4.026686119766384
42.016807,622495.458796,42.016807,598481.875,24013.58379599999,3.857631964487882
41.841004,620963.036148,41.841004,596236.0,24727.036148000043,3.9820463873966587
41.666667,619275.313884,41.666667,595732.125,23543.188883999945,3.8017321789142002
41.493776,617655.833282,41.493776,594041.3125,23614.520782000036,3.8232490506114063
41.322314,615743.07922,41.322314,590551.625,25191.454219999956,4.0912281550791505
41.152263,614473.153352,41.152263,590063.6875,24409.465852000052,3.972421857463498
40.983607,611712.980852,40.983607,589376.25,22336.73085199995,3.651505125964325
40.816327,610059.699465,40.816327,588133.875,21925.824464999954,3.5940457113013857
40.650407,608439.520365,40.650407,587784.5,20655.020365000004,3.3947532455829226
40.48583,607325.55821,40.48583,587679.6875,19645.870710000047,3.234817050661143
40.322581,604459.786947,40.322581,585346.8125,19112.974446999957,3.1619927180823058
40.160643,602800.788972,40.160643,584645.5,18155.28897200001,3.0118223638959636
40.0,602364.801787,40.0,579205.5,23159.301787000033,3.8447302561993504
39.840637,601711.993788,39.840637,575844.0,25867.993787999963,4.299065675116655
39.68254,600136.914879,39.68254,574965.25,25171.664879000047,4.1943203717230375
39.525692,599596.210927,39.525692,573429.25,26166.960927000036,4.364097112379155
39.370079,596261.252917,39.370079,572535.9375,23725.315416999976,3.979013444347114
39.215686,595318.646638,39.215686,570239.25,25079.396638000035,4.212768536586803
39.0625,594078.622849,39.0625,556794.375,37284.247849000036,6.275978702986719
38.910506,593117.38446,38.910506,555280.8125,37836.57195999997,6.379272122405928
38.75969,591257.101409,38.75969,554530.5625,36726.538908999995,6.211602164520057
38.610039,589744.442672,38.610039,553871.8125,35872.630172000034,6.082741536226976
38.461538,588460.414059,38.461538,553288.1875,35172.22655899997,5.97699109722503
38.314176,588128.126705,38.314176,543725.6875,44402.439204999944,7.549790120354477
38.167939,587712.195191,38.167939,543250.875,44461.320191000006,7.565151881279333
38.022814,586818.339997,38.022814,542990.4375,43827.902496999945,7.468734275964178
37.878788,586097.301473,37.878788,542636.875,43460.42647299997,7.41522378004023
37.735849,584191.923088,37.735849,542424.0,41767.92308800004,7.149691982596669
37.593985,583522.264191,37.593985,540005.25,43517.014191000024,7.457644182837199
37.453184,582880.91914,37.453184,538729.3125,44151.60664000001,7.574721558074438
37.313433,581477.20135,37.313433,537902.625,43574.57634999999,7.493772111586501
37.174721,580443.808837,37.174721,537705.9375,42737.87133700005,7.362964456909501
37.037037,577397.567702,37.037037,537518.625,39878.94270200003,6.906669673153508
36.900369,575844.969646,36.900369,537028.0625,38816.907145999954,6.74086068162801
36.764706,574816.218592,36.764706,535713.125,39103.09359199996,6.802712297816188
36.630037,573792.261334,36.630037,534314.9375,39477.32383400004,6.880072544411782
36.49635,572777.308211,36.49635,533978.125,38799.183211000054,6.773868771475001
36.363636,571115.927809,36.363636,532626.0625,38489.865309000015,6.739413739809459
36.231884,570069.771373,36.231884,532008.4375,38061.333872999996,6.676609738722007
36.101083,569113.076187,36.101083,531925.875,37187.20118700003,6.534237701257983
35.971223,567736.354023,35.971223,531913.75,35822.60402299999,6.309725239393206
35.842294,567319.338156,35.842294,531795.875,35523.46315600001,6.261634456435868
35.714286,566280.972129,35.714286,531745.75,34535.222129,6.098601900600821
35.587189,565490.308499,35.587189,531511.1875,33979.120999000035,6.0087892733638455
35.460993,564653.003171,35.460993,529053.125,35599.87817100005,6.304735469585193
35.335689,562988.232535,35.335689,527456.125,35532.10753499996,6.3113410692453495
35.211268,562306.409576,35.211268,524250.125,38056.28457599995,6.767890944849056
35.087719,561431.465326,35.087719,522358.65625,39072.809076000005,6.959497550304211
34.965035,559830.15828,34.965035,521595.65625,38234.502029999974,6.82966100780818
34.843206,559294.470384,34.843206,520774.1875,38520.282883999986,6.887299074770533
34.722222,558250.180735,34.722222,517108.90625,41141.27448499994,7.369684042167755
34.602076,557594.99369,34.602076,516976.25,40618.74369000003,7.284632062636915
34.482759,556458.749268,34.482759,516483.75,39974.999268000014,7.18382078107058
34.364261,556204.219666,34.364261,515491.28125,40712.93841599999,7.319782370663794
34.246575,555276.122518,34.246575,512222.375,43053.74751799996,7.75357444198482
34.129693,554188.427067,34.129693,509734.1875,44454.23956699995,8.02150268677941
34.013605,552756.916655,34.013605,504223.8125,48533.10415499995,8.780189391151772
33.898305,551251.38655,33.898305,504028.9375,47222.449050000054,8.56640911971962
33.783784,550084.990724,33.783784,503994.1875,46090.80322400003,8.37885126866253
33.670034,549462.004563,33.670034,501764.28125,47697.72331300005,8.680804662905702
33.557047,547511.64751,33.557047,501445.375,46066.27251000004,8.413752057970356
33.444816,545250.665424,33.444816,501096.4375,44154.227924000006,8.097968645240371
33.333333,543812.127242,33.333333,500566.84375,43245.28349199996,7.952246984877467
33.222591,542172.829288,33.222591,498199.75,43973.07928800001,8.110528029548616
33.112583,540465.613195,33.112583,497203.9375,43261.67569499998,8.004519554769745
33.0033,539487.637467,33.0033,496856.6875,42630.94996700005,7.902118047998412
32.894737,537039.000665,32.894737,494610.5625,42428.43816500006,7.900438908992109
32.786885,535868.569281,32.786885,491473.5,44395.069280999945,8.284693640563189
32.679739,535163.572391,32.679739,487343.84375,47819.728640999994,8.935535060309011
32.57329,533420.09691,32.57329,486866.90625,46553.190659999964,8.727303476129537
32.467532,532599.767176,32.467532,486142.65625,46457.11092600005,8.722705826990737
32.36246,531422.685447,32.36246,483973.375,47449.31044699997,8.928732578867711
32.258065,530028.153915,32.258065,482757.4375,47270.71641500003,8.918529339590663
32.154341,529037.686277,32.154341,482115.1875,46922.498777,8.869405714214421
32.051282,527098.840101,32.051282,481630.875,45467.96510100004,8.626079520927744
31.948882,526369.605415,31.948882,481313.96875,45055.636665,8.559695734991625
31.847134,524935.529283,31.847134,479916.90625,45018.62303300004,8.5760289638787
31.746032,523894.933637,31.746032,479379.0,44515.93363699998,8.49711092412367
31.64557,523522.798777,31.64557,477260.875,46261.92377699999,8.836658858997607
31.545741,522470.351489,31.545741,475469.46875,47000.88273900002,8.995894715374977
31.446541,521362.375453,31.446541,473257.90625,48104.469203000015,9.22668598039955
31.347962,520489.387632,31.347962,472584.5625,47904.82513200003,9.203804394542244
31.25,519249.758312,31.25,471523.4375,47726.32081200002,9.191399716227282
31.152648,517244.875472,31.152648,471491.40625,45753.469221999985,8.845610926594237
31.055901,515291.085475,31.055901,471446.625,43844.46047500003,8.508678242431422
30.959752,514616.626197,30.959752,469192.3125,45424.313696999976,8.826825909742592
30.864198,513718.713431,30.864198,469027.4375,44691.27593100001,8.699561601040005
30.769231,512709.581748,30.769231,468701.625,44007.956748,8.583408290900675
30.674847,510704.842546,30.674847,467048.75,43656.09254600003,8.548204150241213
30.58104,507435.835367,30.58104,466821.1875,40614.64786700002,8.003898234271475
30.487805,505625.906034,30.487805,466145.78125,39480.124783999985,7.808168907655853
30.395137,504165.253756,30.395137,465272.6875,38892.56625600002,7.714249636652427
30.30303,503354.834693,30.30303,465068.8125,38286.02219300001,7.606169555588147
30.21148,502926.234561,30.21148,464108.5625,38817.67206100002,7.718362931471178
30.120482,502080.311346,30.120482,463496.875,38583.436346,7.684714073444495
30.03003,501483.436459,30.03003,462347.34375,39136.09270899999,7.804064873077748
29.94012,500174.099223,29.94012,460832.53125,39341.567973,7.865574813672982
29.850746,498709.961327,29.850746,459041.8125,39668.148827,7.954152093021843
29.761905,497694.469339,29.761905,457985.875,39708.594339,7.978508258638667
29.673591,495555.101383,29.673591,456322.28125,39232.82013299997,7.916944053952555
29.585799,494022.527842,29.585799,453577.9375,40444.59034200001,8.186790695288929
29.498525,492710.677806,29.498525,451502.0,41208.67780599999,8.363666480600509
29.411765,492034.800108,29.411765,447046.875,44987.925107999996,9.14324049805528
29.325513,490953.253255,29.325513,446961.1875,43992.06575499999,8.960540634639733
29.239766,489754.790052,29.239766,446541.34375,43213.446302000026,8.823486197534038
29.154519,487844.242614,29.154519,446476.875,41367.36761399999,8.479626077442784
29.069767,486771.339043,29.069767,446380.09375,40391.245293000014,8.297786260877608
28.985507,485353.549778,28.985507,445675.25,39678.299777999986,8.175133322121324
28.901734,484402.313888,28.901734,445204.375,39197.938887999975,8.092021397127976
28.818444,483693.120618,28.818444,438344.5,45348.620617999986,9.375494230734445
28.735632,482685.166186,28.735632,436491.0625,46194.10368599999,9.570234786995577
28.653295,481701.040922,28.653295,436317.59375,45383.447172000015,9.42149659571709
28.571429,481115.783596,28.571429,435387.1875,45728.596095999994,9.504696718575953
28.490028,480020.853384,28.490028,435053.0,44967.85338400002,9.36789580431567
28.409091,478900.244431,28.409091,434473.75,44426.49443100003,9.276774223363546
28.328612,477416.562653,28.328612,434217.15625,43199.406403,9.04857723471956
28.248588,476024.26605,28.248588,434061.9375,41962.32854999998,8.815165852404759
28.169014,475041.48466,28.169014,432457.5625,42583.92216000002,8.964253341048408
28.089888,474616.274005,28.089888,431818.5,42797.774005000014,9.017342292933922
28.011204,473830.60889,28.011204,431470.75,42359.858889999974,8.939873890636271
27.932961,472585.29856,27.932961,431322.375,41262.923560000025,8.731317644821157
27.855153,471487.019571,27.855153,430869.375,40617.64457100001,8.614795929685929
27.777778,470545.57797,27.777778,430732.375,39813.202969999984,8.46107260039713
27.700831,469493.126782,27.700831,430054.15625,39438.97053200001,8.400329692219909
27.624309,468467.90393,27.624309,429643.3125,38824.59142999997,8.287567003907544
27.548209,468013.160382,27.548209,429224.25,38788.91038199997,8.287995651733347
27.472527,466935.402702,27.472527,429043.5625,37891.84020199999,8.11500691160544
27.39726,465860.079108,27.39726,428679.09375,37180.985357999976,7.9811486378467595
27.322404,465294.619149,27.322404,427897.53125,37397.08789899998,8.037292149949495
27.247956,463735.291533,27.247956,427731.0625,36004.22903300001,7.763961400043219
27.173913,463294.586188,27.173913,427555.25,35739.33618799999,7.714170908420101
27.100271,462713.626875,27.100271,427004.53125,35709.095625000016,7.7173209412842
27.027027,461529.825518,27.027027,426781.875,34747.950518,7.52886348764145
26.954178,461164.977167,26.954178,426208.84375,34956.133417000005,7.579962735188685
26.88172,460762.30108,26.88172,426150.53125,34611.769830000005,7.511849330744297
26.809651,460483.971811,26.809651,425664.5625,34819.409311000025,7.5614812767666155
26.737968,459567.362261,26.737968,423019.8125,36547.54976099997,7.95259906647672
26.666667,458451.683843,26.666667,419568.1875,38883.49634299998,8.481481847128716
26.595745,457975.882423,26.595745,419256.34375,38719.538673,8.454492945817941
26.525199,457324.398878,26.525199,418594.8125,38729.58637799998,8.468733895024883
26.455026,456486.486388,26.455026,418405.875,38080.61138800002,8.342111436708036
26.385224,455432.091547,26.385224,418130.46875,37301.62279699999,8.190380846965526
26.315789,453988.402758,26.315789,418073.1875,35915.21525800001,7.911042449501675
26.246719,453402.934199,26.246719,417427.0,35975.93419900001,7.934649620774191
26.17801,452425.802232,26.17801,414858.84375,37566.95848199999,8.303451813903393
26.109661,451386.902795,26.109661,414692.25,36694.652795,8.129312695558005
26.041667,450953.163825,26.041667,414208.875,36744.288824999996,8.148138603426949
25.974026,450240.639708,25.974026,413661.125,36579.514708,8.124436463959219
25.906736,449385.759636,25.906736,412641.5625,36744.19713599997,8.176537940535226
25.839793,448520.916748,25.839793,411316.125,37204.79174800002,8.294995920759568
25.773196,447677.011134,25.773196,410917.0625,36759.94863399997,8.211265649063423
25.706941,446962.304681,25.706941,410875.6875,36086.61718100001,8.073749576433581
25.641026,445654.30302,25.641026,409331.25,36323.05301999999,8.150499787358699
25.575448,444079.752266,25.575448,408416.15625,35663.596016000025,8.030898917147168
25.510204,443590.479844,25.510204,408077.5625,35512.917344000016,8.005788888095399
25.445293,443131.75127,25.445293,407963.75,35168.00127000001,7.9362404452422455
25.380711,442523.461308,25.380711,407376.53125,35146.93005800003,7.942387948000223
25.316456,440700.538861,25.316456,406161.8125,34538.72636099998,7.837232613843873
25.252525,440400.785777,25.252525,406106.4375,34294.34827700001,7.7870769954450525
25.188917,438277.882876,25.188917,406052.6875,32225.195376000018,7.352685735482881
25.125628,437251.990449,25.125628,404817.78125,32434.209198999975,7.417738491183158
25.062657,436592.11122,25.062657,401759.59375,34832.51747000002,7.9782745896770955
25.0,435721.844602,25.0,401491.5,34230.34460200003,7.856008374624168
24.937656,434298.610428,24.937656,400851.84375,33446.766677999985,7.70132942517092
24.875622,433634.859082,24.875622,400830.03125,32804.82783199998,7.565080884283018
24.813896,432820.646228,24.813896,400170.15625,32650.489977999998,7.543653534679227
24.752475,432216.873809,24.752475,399959.9375,32256.93630900001,7.463136740759131
24.691358,430705.209566,24.691358,399499.4375,31205.772065999976,7.245273884066661
24.630542,430230.750727,24.630542,399488.1875,30742.563227000006,7.145598768812202
24.570025,429089.676969,24.570025,399146.1875,29943.489469000022,6.978375634789116
24.509804,428602.232992,24.509804,398289.9375,30312.295492000005,7.072360608201916
24.449878,427608.75547,24.449878,397937.375,29671.380469999975,6.938908544420965
24.390244,427166.783833,24.390244,397215.375,29951.408832999994,7.0116427509282735
24.3309,426604.321117,24.3309,397042.75,29561.571117000014,6.929505786438692
24.271845,426193.985496,24.271845,396842.5625,29351.42299599998,6.886869358759512
24.213075,424896.180068,24.213075,396429.375,28466.805067999987,6.699708400165938
24.154589,424503.300002,24.154589,395652.9375,28850.362502000004,6.796263421712877
24.096386,423100.349151,24.096386,394970.875,28129.474150999973,6.648416671705667
24.038462,421431.053349,24.038462,394878.5,26552.553348999994,6.3005687734669635
23.980815,420454.388109,23.980815,394748.6875,25705.700608999992,6.1137905408983295
23.923445,419512.580589,23.923445,394734.15625,24778.42433900002,5.906479444361562
23.866348,418707.609934,23.866348,394151.21875,24556.391184000007,5.864806514472183
23.809524,417413.070346,23.809524,394033.5625,23379.507846000022,5.601048339626834
23.752969,416098.451979,23.752969,393943.375,22155.076979000005,5.324479548921308
23.696682,415444.802153,23.696682,392103.71875,23341.083403000026,5.618335644600019
23.640662,414721.31932,23.640662,391214.53125,23506.78807000001,5.668092517776284
23.584906,414154.270886,23.584906,390697.59375,23456.677136000013,5.663753529770236
23.529412,413666.444334,23.529412,389622.03125,24044.413084,5.812512330486784
23.474178,413124.499991,23.474178,388486.0,24638.49999099999,5.963940650224507
23.419204,412140.531466,23.419204,387014.78125,25125.750216000015,6.096403604524587
23.364486,411171.46604,23.364486,386597.8125,24573.65354000003,5.976497780030638
23.310023,410130.403042,23.310023,386254.5625,23875.84054200002,5.821524170095476
23.255814,409250.717004,23.255814,385000.3125,24250.404503999976,5.925561885762794
23.201856,408697.429263,23.201856,384615.3125,24082.116763000027,5.892407203643797
23.148148,407725.381657,23.148148,384220.0,23505.38165699999,5.765003287623126
23.094688,406599.812164,23.094688,384194.0625,22405.749664000003,5.510516481734811
23.041475,405741.181811,23.041475,383329.03125,22412.150560999988,5.523755429745824
22.988506,404294.977506,22.988506,383245.34375,21049.633756000025,5.20650389620228
22.93578,403635.291866,22.93578,383119.9375,20515.354365999985,5.082646334307837
22.883295,403234.792443,22.883295,383009.125,20225.667443000013,5.015853746265967
22.83105,402459.501189,22.83105,382410.0,20049.501188999973,4.98174378534164
22.779043,401825.458154,22.779043,381883.0,19942.458153999993,4.962965324700016
22.727273,400967.361784,22.727273,381673.875,19293.486784000008,4.811734974676905
22.675737,399852.081657,22.675737,381487.34375,18364.737907000002,4.592882905822556
22.624434,398930.555596,22.624434,381453.90625,17476.64934599999,4.380875092380421
22.573363,398385.387337,22.573363,380395.4375,17989.949836999993,4.515715286962077
22.522523,397913.302497,22.522523,380226.0625,17687.239997000026,4.444998416993957
22.47191,397416.708273,22.47191,380038.4375,17378.270773000026,4.372808291960956
22.421525,397020.122196,22.421525,379594.15625,17425.96594600001,4.389189608227766
22.371365,396516.795181,22.371365,378716.46875,17800.326431000023,4.489173383658217
22.321429,396099.271761,22.321429,378495.03125,17604.24051099998,4.444401130235377
22.271715,395522.893288,22.271715,378402.5,17120.39328800002,4.328546736113656
22.222222,394963.246887,22.222222,377793.90625,17169.340636999987,4.34707299282259
22.172949,394222.732826,22.172949,377248.78125,16973.95157600002,4.305675488148954
22.123894,394079.827232,22.123894,377186.625,16893.20223200001,4.286746254092006
22.075055,393328.151079,22.075055,376506.59375,16821.557328999974,4.276723464327211
22.026432,392470.797217,22.026432,375416.03125,17054.765966999985,4.345486616567367
21.978022,391851.278246,21.978022,375032.0625,16819.215746,4.292244706023666
21.929825,391084.828116,21.929825,374818.90625,16265.92186599999,4.159179977489524
21.881838,390833.507968,21.881838,374363.65625,16469.85171800002,4.214032671770944
21.834061,389945.896521,21.834061,373731.09375,16214.802771000017,4.158218592800806
21.786492,389317.78934,21.786492,373521.15625,15796.633090000018,4.057516384437409
21.73913,388666.201632,21.73913,372220.09375,16446.107881999982,4.231422185140661
21.691974,387843.322416,21.691974,370400.84375,17442.47866600001,4.497300239010237
21.645022,387118.157244,21.645022,370146.03125,16972.125994,4.3842236992522405
21.598272,386539.077442,21.598272,369484.375,17054.70244199998,4.412154795541734
21.551724,385890.922973,21.551724,368832.34375,17058.57922299998,4.420570220096505
21.505376,385337.960207,21.505376,368432.125,16905.835207000026,4.3872747958489136
21.459227,385038.903711,21.459227,367629.34375,17409.55996099999,4.521506734308372
21.413276,384543.152167,21.413276,367496.375,17046.777166999993,4.432994599159288
21.367521,383760.252102,21.367521,367124.25,16636.002102,4.334998742282018
21.321962,383327.902704,21.321962,366628.625,16699.277704000007,4.356395030521672
21.276596,382613.811482,21.276596,366362.5,16251.31148199999,4.247445072370193
21.231423,381901.739389,21.231423,366221.59375,15680.145638999995,4.105806290405085
21.186441,381142.496112,21.186441,365286.75,15855.746112000023,4.160057268277101
21.141649,380443.628159,21.141649,365010.59375,15433.034409000014,4.056589009962348
21.097046,379418.546778,21.097046,364829.09375,14589.453028000018,3.8452134593558474
21.052632,378769.903943,21.052632,364138.09375,14631.810193000012,3.8629812032800555
21.008403,378467.936871,21.008403,363182.75,15285.186870999984,4.0387006089263275
20.964361,378065.379643,20.964361,362779.09375,15286.285893000022,4.043291641100429
20.920502,376514.139483,20.920502,362716.625,13797.514482999977,3.664540859460326
20.876827,375989.146047,20.876827,362093.125,13896.021047000017,3.6958569663771526
20.833333,375105.366957,20.833333,361742.125,13363.241956999991,3.5625301939579765
20.790021,374621.250914,20.790021,361426.0625,13195.188413999975,3.5222743989579843
20.746888,374022.816868,20.746888,360926.125,13096.691868000024,3.5015756465526278
20.703934,372856.692144,20.703934,360781.0,12075.692143999971,3.238695294581504
20.661157,371539.178123,20.661157,360650.125,10889.05312300002,2.9307953949866197
20.618557,371237.213333,20.618557,360445.3125,10791.900833000022,2.9070094390886614
20.576132,370181.435996,20.576132,359642.4375,10538.998496000015,2.8469819043313382
20.533881,369961.710091,20.533881,358765.75,11195.960091000015,3.0262483347928435
20.491803,369540.171542,20.491803,357218.90625,12321.265292000026,3.3342153954701117
20.449898,368506.21048,20.449898,356272.375,12233.835480000009,3.3198451293574545
20.408163,367898.430154,20.408163,355723.8125,12174.617654000001,3.309233379686829
20.366599,367654.472145,20.366599,355451.65625,12202.815895000007,3.3190989963498425
20.325203,366984.167338,20.325203,355062.375,11921.792338000028,3.248584925196462
20.283976,366519.416468,20.283976,354084.375,12435.041467999981,3.392737440169328
20.242915,366045.702564,20.242915,353984.34375,12061.358813999977,3.295041774706029
20.20202,365355.054351,20.20202,353264.96875,12090.085600999999,3.3091332546298755
20.16129,364272.216581,20.16129,352847.90625,11424.310331000015,3.1362013930754147
20.120724,363540.536547,20.120724,352467.8125,11072.724046999996,3.045801756296982
20.080321,363262.874858,20.080321,352105.5,11157.374858000025,3.0714327365166225
20.04008,362697.219234,20.04008,351867.25,10829.969234000018,2.9859532027492293
20.0,362329.758149,20.0,351827.6875,10502.070649000001,2.8984841605754226
19.96008,361686.209262,19.96008,350976.5,10709.70926199999,2.9610499343761374
19.920319,361412.728597,19.920319,350888.84375,10523.884847000008,2.9118744344875753
19.880716,361038.410477,19.880716,350665.0,10373.410476999998,2.87321519704642
19.84127,360368.677857,19.84127,350345.53125,10023.146606999973,2.7813589867478212
19.80198,359387.183225,19.80198,349810.625,9576.558224999986,2.6646910830441137
19.762846,359146.615459,19.762846,347720.28125,11426.334208999993,3.181523566467918
19.723866,358942.633344,19.723866,347718.71875,11223.914593999973,3.1269382768592173
19.685039,358238.854455,19.685039,347322.25,10916.604455000022,3.0472977230813765
19.646365,357837.894727,19.646365,347042.25,10795.644726999977,3.016909300574815
19.607843,357526.935474,19.607843,345830.78125,11696.154223999998,3.2714050505015906
19.569472,357244.0283,19.569472,345729.3125,11514.715800000005,3.223207356269755
19.53125,356610.772616,19.53125,344778.65625,11832.116365999973,3.3179357648684515
19.493177,355621.018594,19.493177,343844.625,11776.393594000023,3.3115010019823146
19.455253,354673.953391,19.455253,343743.53125,10930.422140999988,3.081822625116782
19.417476,354142.259374,19.417476,343275.1875,10867.071874000016,3.068561174599498
19.379845,353207.937684,19.379845,343148.3125,10059.625184000004,2.848074494010924
19.34236,352647.799791,19.34236,342590.59375,10057.206041000027,2.851912317887854
19.305019,352088.273224,19.305019,341955.8125,10132.460724000004,2.8778182900609393
19.267823,351673.087559,19.267823,341734.3125,9938.775059000007,2.8261403589299636
19.230769,351039.050636,19.230769,341045.40625,9993.644386,2.84687540257811
19.193858,350762.478863,19.193858,340728.09375,10034.385112999997,2.860735032300648
19.157088,350250.890976,19.157088,340559.0,9691.890975999995,2.767128143198387
19.120459,349640.575473,19.120459,340044.28125,9596.294223000004,2.7446168712020813
19.083969,349068.691059,19.083969,339051.09375,10017.597308999975,2.8698068791585754
19.047619,348577.886605,19.047619,338068.25,10509.636605000007,3.015003822347822
19.011407,347799.101294,19.011407,337397.28125,10401.820043999993,2.990755296750227
18.975332,346578.197033,18.975332,336915.71875,9662.478283000004,2.7879648419083836
18.939394,344950.527002,18.939394,336184.90625,8765.620752000017,2.541124035432824
18.903592,344386.795446,18.903592,335625.6875,8761.107946000004,2.543973248060769
18.867925,343603.456573,18.867925,335453.375,8150.081573000003,2.371944000298054
18.832392,343147.450448,18.832392,335154.9375,7992.512947999989,2.3291774243303496
18.796992,342988.762988,18.796992,334542.5,8446.262988000002,2.462548018896907
18.761726,342595.640214,18.761726,333810.59375,8785.046464000014,2.564261021685067
18.726592,341713.324336,18.726592,332849.90625,8863.41808600002,2.5938169379912135
18.691589,340738.857629,18.691589,332131.84375,8607.013878999976,2.525985424407152
18.656716,340265.678053,18.656716,331796.09375,8469.58430300001,2.4891092018045917
18.621974,339369.178667,18.621974,331437.1875,7931.991166999971,2.337275057845809
18.587361,338880.230631,18.587361,331020.5,7859.730631000013,2.319324032672274
18.552876,337957.201281,18.552876,330487.25,7469.951280999987,2.2103246365769778
18.518519,337581.200911,18.518519,329990.34375,7590.857161000022,2.2486018594978803
18.484288,336801.917501,18.484288,329409.25,7392.667500999989,2.194960039376272
18.450185,336166.159057,18.450185,329359.4375,6806.721557000012,2.0248086767847058
18.416206,335802.500844,18.416206,329047.15625,6755.344594000024,2.0117016928168376
18.382353,335560.128237,18.382353,329002.5625,6557.565737000026,1.9542148143323324
18.348624,334675.034834,18.348624,328972.25,5702.784833999991,1.7039767656492792
18.315018,334486.77441,18.315018,328478.03125,6008.743160000013,1.7964067998200564
18.281536,334171.656865,18.281536,328107.4375,6064.219365000026,1.8147018876139676
18.248175,333622.461511,18.248175,327178.40625,6444.055261000001,1.931541189347508
18.214936,333120.737464,18.214936,326533.65625,6587.081214000005,1.9773855161784588
18.181818,332711.289697,18.181818,325832.71875,6878.570947,2.0674293779643937
18.14882,331455.199676,18.14882,325342.3125,6112.887175999989,1.844257438705256
18.115942,331088.01872,18.115942,324667.8125,6420.206219999993,1.9391236943036405
18.083183,330631.607452,18.083183,324591.375,6040.232452000026,1.8268768973870493
18.050542,329610.787077,18.050542,324287.625,5323.162077000015,1.6149841830742262
18.018018,329173.08098,18.018018,322635.25,6537.830980000028,1.9861377973362453
17.985612,328855.253115,17.985612,322563.4375,6291.815615000029,1.9132477147323517
17.953321,328204.393186,17.953321,321123.375,7081.018186000001,2.157502560298468
17.921147,327520.047915,17.921147,320974.5,6545.547915000003,1.9985182454231758
17.889088,326152.495372,17.889088,320542.5,5609.995371999976,1.7200528745307864
17.857143,325789.097363,17.857143,320251.6875,5537.409862999979,1.6996915820145138
17.825312,325215.202999,17.825312,320152.21875,5062.984248999972,1.5568104449949531
17.793594,324723.830949,17.793594,318113.40625,6610.424699000025,2.0357066740932344
17.761989,324191.238277,17.761989,317988.25,6202.988277000026,1.9133732021776546
17.730496,323387.031214,17.730496,317351.625,6035.406214000017,1.8663105293193132
17.699115,322984.935538,17.699115,316696.53125,6288.40428800002,1.9469651974713145
17.667845,322130.761969,17.667845,315677.125,6453.636968999985,2.0034215079468396
17.636684,321479.611599,17.636684,315654.46875,5825.142848999996,1.8119789370238608
17.605634,320546.226892,17.605634,315504.96875,5041.258142000006,1.5727086201824274
17.574692,319962.464129,17.574692,314632.25,5330.214129000029,1.6658873232239622
17.54386,319780.095571,17.54386,314311.78125,5468.314321000013,1.71002335565501
17.513135,319236.622318,17.513135,313910.25,5326.372318000009,1.668471580523825
17.482517,318910.743164,17.482517,313895.46875,5015.274413999985,1.5726263606682194
17.452007,318109.609839,17.452007,313669.3125,4440.2973389999825,1.3958387931905871
17.421603,317697.437391,17.421603,313587.65625,4109.781140999985,1.2936148225652673
17.391304,317346.51266,17.391304,313548.625,3797.8876600000076,1.1967636348564523
17.361111,316805.200955,17.361111,313369.0625,3436.1384550000075,1.0846218574195967
17.331023,316444.497256,17.331023,313196.90625,3247.5910060000024,1.0262750764070763
17.301038,316022.523016,17.301038,312976.9375,3045.585515999992,0.9637241950143522
17.271157,315557.569992,17.271157,312633.625,2923.9449920000043,0.9265963710121523
17.241379,315103.687126,17.241379,312448.59375,2655.0933760000044,0.8426094280954308
17.211704,314437.825273,17.211704,311712.03125,2725.794022999995,0.8668785381127149
17.182131,313964.926234,17.182131,311695.78125,2269.144984000013,0.7227383680140136
17.152659,313460.87715,17.152659,310448.15625,3012.720900000015,0.9611154436214832
17.123288,313172.79593,17.123288,310205.96875,2966.827180000022,0.9473451138020186
17.094017,312407.069293,17.094017,310023.3125,2383.7567929999786,0.7630290820225658
17.064846,311999.446881,17.064846,309746.75,2252.6968810000108,0.7220195110984328
17.035775,311704.914565,17.035775,309566.125,2138.7895649999846,0.6861584354500069
17.006803,310985.580172,17.006803,309469.34375,1516.2364219999872,0.48755843314708897
16.977929,310576.778396,16.977929,309269.03125,1307.7471459999797,0.4210704846492228
16.949153,310046.565133,16.949153,309222.6875,823.8776330000255,0.26572706349661007
16.920474,309570.691156,16.920474,309012.0,558.6911560000153,0.18047288453365815
16.891892,309085.176711,16.891892,308862.15625,223.02046099997824,0.07215501674106689
16.863406,308512.93372,16.863406,308533.75,20.8162800000282,0.0067472957289112
16.835017,308226.648606,16.835017,307205.6875,1020.9611060000025,0.3312371304095373
16.806723,308060.182944,16.806723,307131.875,928.3079440000001,0.3013398015701206
16.778523,307593.610848,16.778523,306739.0625,854.5483479999821,0.2778173271038014
16.750419,307393.285034,16.750419,306515.03125,878.2537840000005,0.28571013966777414
16.722408,306784.088882,16.722408,305722.65625,1061.432632000011,0.34598685866276313
16.694491,306612.247965,16.694491,305221.0625,1391.1854649999877,0.4537279493018793
16.666667,305077.219451,16.666667,304821.59375,255.62570099998266,0.08379049129266107
16.638935,304767.601387,16.638935,304553.5,214.10138700000243,0.07025070447961829
16.611296,304143.521175,16.611296,304382.46875,238.94757499999832,0.0785640851650794
16.583748,303897.594454,16.583748,304128.59375,230.9992959999945,0.0760122160279094
16.556291,303640.210895,16.556291,304095.125,454.91410499997437,0.14982011231617984
16.528926,303501.346846,16.528926,303840.4375,339.09065399999963,0.11172624356492825
16.50165,302823.39706,16.50165,303794.15625,970.7591900000116,0.3205694141947922
16.474465,302171.288954,16.474465,303653.71875,1482.4297960000113,0.4905925381367665
16.447368,301699.852822,16.447368,303589.5625,1889.7096780000138,0.626354192858995
16.420361,301101.411725,16.420361,303580.375,2478.9632749999873,0.8232984564230664
16.393443,300488.545303,16.393443,303290.59375,2802.048446999979,0.9324975912724098
16.366612,299940.250441,16.366612,303155.84375,3215.593309000018,1.0720779569504775
16.339869,299361.659493,16.339869,302682.21875,3320.5592569999862,1.1092132715404162
16.313214,298720.595526,16.313214,301811.875,3091.279473999981,1.0348397533677662
16.286645,297921.052063,16.286645,301512.625,3591.572937000019,1.2055451980078689
16.260163,297199.12241,16.260163,300701.46875,3502.346339999989,1.1784511042964452
16.233766,296974.902771,16.233766,300324.28125,3349.3784790000063,1.1278321662025232
16.207455,296655.939323,16.207455,300312.78125,3656.841926999972,1.2326879196638603
16.18123,296136.669807,16.18123,300032.40625,3895.7364429999725,1.3155197718468725
16.155089,295732.240618,16.155089,299920.3125,4188.071882000018,1.416170206281225
16.129032,295508.37405,16.129032,299913.4375,4405.063450000016,1.490672967952739
16.10306,295378.542496,16.10306,299308.0,3929.457503999991,1.3303124427371713
16.07717,295041.549285,16.07717,299179.4375,4137.8882149999845,1.4024764393447944
16.051364,294084.780329,16.051364,299051.28125,4966.500921000028,1.6887990311650538
16.025641,293750.270237,16.025641,298781.0,5030.729762999981,1.7125872799848487
16.0,293352.072437,16.0,298669.5625,5317.490063000005,1.8126649042651586
15.974441,292679.046175,15.974441,298227.78125,5548.735074999975,1.8958429540877515
15.948963,292347.657698,15.948963,297998.15625,5650.4985519999755,1.9328010343893482
15.923567,292033.45911,15.923567,297996.75,5963.290890000004,2.041988924205365
15.898251,291437.506635,15.898251,297983.28125,6545.774615000002,2.2460302692604395
15.873016,291097.860428,15.873016,297928.5625,6830.702072000015,2.346531184377948
15.847861,290600.523321,15.847861,297560.53125,6960.007929000014,2.3950431504598244
15.822785,290211.229637,15.822785,297367.5,7156.270362999989,2.465883340197119
15.797788,289754.777374,15.797788,297183.15625,7428.3788760000025,2.5636777910349506
15.772871,289322.150963,15.772871,296570.9375,7248.786536999978,2.505437801036876
15.748031,288474.697093,15.748031,296278.5,7803.802907000005,2.7051949393274426
15.72327,287929.204685,15.72327,296145.0,8215.795314999996,2.8534081230100403
15.698587,287736.982207,15.698587,295480.3125,7743.330292999977,2.6911140283765715
15.673981,287238.627482,15.673981,295349.3125,8110.685018000018,2.8236748967574985
15.649452,286927.937459,15.649452,295099.8125,8171.875041000021,2.8480583359603058
15.625,286180.499315,15.625,294900.0,8719.500684999977,3.0468535437847524
15.600624,285737.456775,15.600624,294703.46875,8966.011974999972,3.1378497156780303
15.576324,285401.486293,15.576324,294639.75,9238.263707000006,3.2369360885233034
15.5521,285069.855682,15.5521,294304.03125,9234.175568000006,3.239267633509759
15.52795,284752.241178,15.52795,293674.875,8922.633822000003,3.1334727288142474
15.503876,284228.103912,15.503876,293143.28125,8915.17733799998,3.1366276646450877
15.479876,284054.085141,15.479876,292995.4375,8941.352359000011,3.1477640444993655
15.455951,283420.483974,15.455951,292758.4375,9337.953526000027,3.294734874158446
15.432099,283017.123823,15.432099,292004.71875,8987.594926999998,3.1756364440410594
15.40832,282387.452239,15.40832,291505.3125,9117.860260999994,3.2288475244583634
15.384615,282182.829833,15.384615,291201.65625,9018.826416999975,3.196093264192385
15.360983,281582.816753,15.360983,290491.03125,8908.214496999979,3.163621487888632
15.337423,281236.285334,15.337423,290152.9375,8916.652165999985,3.1705198194501993
15.313936,280423.291581,15.313936,289983.15625,9559.864668999973,3.4090836802828894
15.29052,280226.342366,15.29052,288842.8125,8616.470134000003,3.0748251792638905
15.267176,279817.881734,15.267176,288649.09375,8831.212016000005,3.1560570615694665
15.243902,279359.723551,15.243902,288258.65625,8898.932698999997,3.185474479242676
15.2207,278910.441261,15.2207,287176.90625,8266.464989,2.9638420675920023
15.197568,278707.367809,15.197568,287153.21875,8445.850940999982,3.030365148720424
15.174507,278449.124728,15.174507,286971.3125,8522.187771999976,3.0605906124951123
15.151515,278021.425448,15.151515,286890.53125,8869.105801999976,3.1900799687320562
15.128593,277554.27708,15.128593,286280.875,8726.597919999971,3.144105005985797
15.10574,277401.05074,15.10574,286013.03125,8611.980510000023,3.1045233920443165
15.082956,276954.572919,15.082956,285833.21875,8878.645831000002,3.2058130463138124
15.060241,276535.460177,15.060241,285781.71875,9246.258573000028,3.34360684415729
15.037594,275922.295153,15.037594,285510.625,9588.329847000015,3.475010905401193
15.015015,275769.515484,15.015015,285360.5625,9591.047016000026,3.477921408088522
14.992504,275292.632906,14.992504,285225.8125,9933.179593999987,3.608225722986099
14.97006,275082.029799,14.97006,284622.0,9539.97020099999,3.4680455891541735
14.947683,274417.114475,14.947683,284448.9375,10031.82302499999,3.655684174142102
14.925373,274011.190254,14.925373,283614.09375,9602.903495999984,3.5045661774245005
14.90313,273711.128161,14.90313,282883.0,9171.871839000029,3.3509312904534267
14.880952,273246.365267,14.880952,282450.03125,9203.665983000014,3.3682665729173533
14.858841,272966.170283,14.858841,282287.65625,9321.485967000015,3.4148868914180412
14.836795,272610.755836,14.836795,282013.1875,9402.431663999974,3.449031801832642
14.814815,272044.600693,14.814815,281953.75,9909.149306999985,3.642472330550818
14.792899,271738.541973,14.792899,281694.65625,9956.114277000015,3.6638579881646884
14.771049,271398.113339,14.771049,281558.4375,10160.324161000026,3.743697417788934
14.749263,271218.611503,14.749263,281508.0,10289.388496999978,3.793761954601764
14.727541,270825.337912,14.727541,281479.3125,10653.974587999983,3.933891367085382
14.705882,270507.089619,14.705882,281288.53125,10781.441631000023,3.985641058866633
14.684288,269801.459858,14.684288,281087.125,11285.665142000013,4.182951844641539
14.662757,269397.453515,14.662757,280687.4375,11289.983984999999,4.190828026654445
14.641288,269082.227379,14.641288,278596.15625,9513.928871000011,3.5356957476049597
14.619883,268481.40413,14.619883,278262.375,9780.97087000002,3.6430720040722173
14.59854,268047.933794,14.59854,277798.53125,9750.597455999989,3.6376320152848147
14.577259,267612.705915,14.577259,277794.40625,10181.700335000001,3.8046401048812477
14.556041,267285.966412,14.556041,277790.40625,10504.439837999991,3.9300379211859684
14.534884,266963.980205,14.534884,277592.9375,10628.957294999971,3.981419997873143
14.513788,266543.53885,14.513788,277586.65625,11043.117399999988,4.143082007406907
14.492754,266266.830656,14.492754,277458.4375,11191.606843999994,4.203154713798673
14.47178,265902.002103,14.47178,277324.84375,11422.841646999994,4.295884031206065
14.450867,265532.210673,14.450867,277058.625,11526.414326999977,4.340872355103701
14.430014,265266.386184,14.430014,276374.8125,11108.426315999997,4.187649432632871
14.409222,264773.181267,14.409222,276346.1875,11573.006233000022,4.37091331441521
14.388489,264497.849173,14.388489,275860.5,11362.650826999976,4.295933166385792
14.367816,264083.393229,14.367816,275750.125,11666.73177100002,4.417821063395384
14.347202,263877.18278,14.347202,275524.96875,11647.785970000026,4.414093650420329
14.326648,263283.761401,14.326648,275407.875,12124.113598999975,4.604960645686796
14.306152,262805.987434,14.306152,275219.96875,12413.98131599999,4.723629563088849
14.285714,262413.737224,14.285714,274701.8125,12288.075276000018,4.682710366458729
14.265335,261993.771977,14.265335,274481.09375,12487.321773000003,4.766266647779798
14.245014,261403.956283,14.245014,274092.90625,12688.949966999993,4.854153757819464
14.224751,261026.79614,14.224751,273046.71875,12019.922610000009,4.604861565075948
14.204545,259957.307583,14.204545,272740.875,12783.567417000013,4.917564170770016
14.184397,259578.08373,14.184397,272054.8125,12476.728769999987,4.806541673594312
14.164306,259331.980027,14.164306,272040.46875,12708.488722999988,4.900471095650008
14.144272,258886.396831,14.144272,271767.625,12881.228169000009,4.975629591464716
14.124294,258601.502837,14.124294,271462.78125,12861.278412999993,4.973396624499367
14.104372,258193.455934,14.104372,271186.6875,12993.231566000002,5.032362853271294
14.084507,257939.820714,14.084507,270722.6875,12782.866785999999,4.955755474519562
14.064698,257693.902421,14.064698,270111.03125,12417.128828999994,4.818557487135985
14.044944,257274.470507,14.044944,269272.28125,11997.81074300001,4.663428407551059
14.025245,256889.95472,14.025245,268957.21875,12067.264029999991,4.697444881857228
14.005602,256612.510903,14.005602,268610.4375,11997.926597000012,4.675503370735985
13.986014,255973.262175,13.986014,268371.71875,12398.45657499999,4.84365299314879
13.96648,255667.379613,13.96648,267946.96875,12279.589137000003,4.802954978295408
13.947001,255389.054562,13.947001,267929.78125,12540.726687999995,4.910440155513996
13.927577,255093.30898,13.927577,267402.28125,12308.972269999998,4.825282293454845
13.908206,254867.790321,13.908206,267174.0,12306.209678999992,4.828467992562187
13.888889,254476.442273,13.888889,267071.5,12595.057727000007,4.949400272378904
13.869626,254019.087536,13.869626,266562.21875,12543.131213999994,4.937869565499624
13.850416,253586.68332,13.850416,265664.53125,12077.847929999989,4.7628084297940045
13.831259,253380.298957,13.831259,265590.84375,12210.544793000008,4.81905848373484
13.812155,253054.655366,13.812155,265459.03125,12404.375884000008,4.901856425466354
13.793103,252665.866027,13.793103,264830.03125,12164.165222999989,4.814328668242081
13.774105,252520.251801,13.774105,264191.6875,11671.435698999994,4.621980065265314
13.755158,252341.409092,13.755158,264111.0625,11769.653408000013,4.664178364680911
13.736264,252124.76046,13.736264,263814.125,11689.36454000001,4.636341356823836
13.717421,251488.622252,13.717421,263690.3125,12201.690247999999,4.8517861916526375
13.69863,251103.291738,13.69863,263608.3125,12505.020762,4.980030598343442
13.679891,250862.372388,13.679891,263230.46875,12368.096362000011,4.930231761848569
13.661202,250572.501167,13.661202,263054.59375,12482.09258299999,4.981429536308537
13.642565,250497.596273,13.642565,262567.28125,12069.684976999997,4.818283750653672
13.623978,249964.208038,13.623978,262385.78125,12421.573211999988,4.9693407346189495
13.605442,249633.985666,13.605442,262225.53125,12591.545584000007,5.044002943111671
13.586957,249401.974031,13.586957,262098.859375,12696.88534400001,5.0909321761911235
13.568521,249130.562037,13.568521,261590.703125,12460.141088000004,5.0014502380279895
13.550136,248868.666306,13.550136,261173.765625,12305.099319,4.944414860113443
13.5318,248444.130241,13.5318,260478.375,12034.244758999994,4.843843461838414
13.513514,248099.236778,13.513514,260184.125,12084.888222000009,4.870989680961254
13.495277,247552.407589,13.495277,259758.640625,12206.23303599999,4.930767248390266
13.477089,247154.324706,13.477089,259626.5,12472.175293999986,5.046310765080133
13.45895,246782.352463,13.45895,259616.0,12833.647537000012,5.200391117482421
13.44086,246528.113304,13.44086,259072.1875,12544.074196000001,5.088293593733705
13.422819,245738.371107,13.422819,258392.0,12653.628892999986,5.149227951661774
13.404826,245272.886222,13.404826,258372.5625,13099.676277999999,5.34085788273527
13.386881,245065.999823,13.386881,258303.375,13237.375177000009,5.401555167408274
13.368984,244746.513715,13.368984,257900.21875,13153.705034999992,5.374419776339322
13.351135,244101.563785,13.351135,257837.546875,13735.983089999994,5.627158989484552
13.333333,243766.098626,13.333333,257754.15625,13988.057624000008,5.738311316809189
13.315579,243515.648069,13.315579,257363.03125,13847.383181000012,5.6864449125981285
13.297872,243257.700538,13.297872,257342.84375,14085.143211999995,5.790214731475567
13.280212,242936.104132,13.280212,257142.03125,14205.927117999992,5.8475981446879395
13.262599,242567.403474,13.262599,257051.625,14484.221526000008,5.971215142084219
13.245033,241872.463333,13.245033,256588.875,14716.411667000008,6.084368375055188
13.227513,241428.269904,13.227513,256225.3125,14797.042596000014,6.128960209127049
13.21004,240887.205961,13.21004,256219.359375,15332.153414,6.36486830125893
13.192612,240733.452855,13.192612,256096.40625,15362.95339499999,6.381727679639727
13.175231,240014.703362,13.175231,255945.953125,15931.249763,6.637614087738548
13.157895,239707.257548,13.157895,255471.78125,15764.523702000006,6.576573385077109
13.140604,239568.974011,13.140604,255020.703125,15451.729113999987,6.449803935500641
13.12336,239252.989993,13.12336,254297.03125,15044.041257000004,6.287921942977666
13.10616,238688.923387,13.10616,253539.328125,14850.404738000012,6.221656425138003
13.089005,238307.444859,13.089005,253523.9375,15216.49264099999,6.385235950141285
13.071895,238055.343243,13.071895,253469.046875,15413.70363199999,6.474840439210864
13.05483,237555.972882,13.05483,253142.890625,15586.917742999998,6.561366381952606
13.03781,237367.293455,13.03781,252826.375,15459.081544999994,6.5127260457771206
13.020833,237133.781109,13.020833,252774.625,15640.843890999997,6.595789017428347
13.003901,236807.335875,13.003901,252431.140625,15623.80475000001,6.597686128375313
12.987013,236425.175217,12.987013,251796.765625,15371.59040799999,6.501672418722482
12.970169,235869.492649,12.970169,251105.828125,15236.335476000007,6.459646520999376
12.953368,235348.922445,12.953368,250956.265625,15607.343179999996,6.631576222171725
12.936611,235181.869915,12.936611,250951.625,15769.755085000012,6.705344715006967
12.919897,234790.800164,12.919897,250941.328125,16150.527961000014,6.87868858137498
12.903226,234490.520804,12.903226,250674.171875,16183.651071,6.901622724667485
12.886598,234244.804792,12.886598,250264.59375,16019.78895799999,6.838908966294864
12.870013,233861.803559,12.870013,250239.046875,16377.243316000007,7.002957758284911
12.85347,233055.821677,12.85347,250084.59375,17028.772073,7.306735335108152
12.83697,232896.22187,12.83697,250047.8125,17151.59062999999,7.364477831492609
12.820513,232330.741574,12.820513,249594.25,17263.508425999986,7.430574322210975
12.804097,232015.446337,12.804097,248958.90625,16943.459913,7.302729271045946
12.787724,231632.531389,12.787724,248482.296875,16849.76548599999,7.274351916356153
12.771392,231433.580616,12.771392,248328.359375,16894.778759000008,7.300055036970724
12.755102,230863.608316,12.755102,248258.6875,17395.079184000002,7.534786149660312
12.738854,230414.090246,12.738854,247916.515625,17502.425378999993,7.596074250630094
12.722646,230264.519446,12.722646,247264.25,16999.73055400001,7.382696472257274
12.70648,229931.961119,12.70648,246941.171875,17009.210755999986,7.397497361054979
12.690355,229793.868018,12.690355,246640.859375,16846.99135699999,7.3313493968778785
12.674271,229510.37175,12.674271,246623.5,17113.12825000001,7.456363788491842
12.658228,229246.359341,12.658228,246575.828125,17329.468783999997,7.559321261989034
12.642225,229008.875204,12.642225,246517.171875,17508.29667099999,7.645248095910555
12.626263,228458.483611,12.626263,246172.390625,17713.907013999997,7.753665670022461
12.61034,228198.863837,12.61034,245769.453125,17570.58928799999,7.699683071406732
12.594458,227938.409342,12.594458,245682.28125,17743.871908,7.784502822153594
12.578616,227426.389782,12.578616,245635.3125,18208.922717999987,8.006512672277912
12.562814,227126.407431,12.562814,245063.546875,17937.139444,7.897425775754069
12.547051,226855.501269,12.547051,244995.609375,18140.108106,7.996327179427701
12.531328,226455.02201,12.531328,244555.515625,18100.493615000014,7.9929751410859495
12.515645,225972.406245,12.515645,244037.125,18064.71875500001,7.994214450862723
12.5,225781.187292,12.5,243989.59375,18208.406458000012,8.06462516934651
12.484395,225430.647689,12.484395,243339.921875,17909.274185999995,7.944471778614283
12.468828,225245.043377,12.468828,242864.6875,17619.644123000005,7.822433674382539
12.4533,225014.780796,12.4533,242829.546875,17814.766078999994,7.917153715848999
12.437811,224817.430453,12.437811,242589.84375,17772.413296999992,7.905264845874781
12.42236,224384.898793,12.42236,242437.6875,18052.788707,8.045456180032016
12.406948,224110.640261,12.406948,242352.78125,18242.140989000007,8.139792455974044
12.391574,223561.732858,12.391574,241406.28125,17844.548391999997,7.981933295952014
12.376238,223099.334409,12.376238,240759.46875,17660.134340999997,7.915816686671197
12.360939,222674.337383,12.360939,240675.15625,18000.818866999994,8.083921604328644
12.345679,222274.253009,12.345679,240659.09375,18384.840740999993,8.271241716986259
12.330456,221924.13205,12.330456,240630.859375,18706.727325000014,8.429334454166233
12.315271,221526.570805,12.315271,240418.90625,18892.335445000004,8.528248045526823
12.300123,221162.726527,12.300123,240409.390625,19246.66409800001,8.702489972084123
12.285012,220825.953322,12.285012,240103.796875,19277.843553000013,8.729881276631374
12.269939,220429.414333,12.269939,239795.484375,19366.070042000007,8.785610623064997
12.254902,219623.490156,12.254902,239295.75,19672.259843999986,8.957265832551267
12.239902,219002.900665,12.239902,239202.421875,20199.521210000006,9.223403502266123
12.224939,218809.873256,12.224939,239159.484375,20349.61111900001,9.300133863334251
12.210012,218543.298441,12.210012,239073.546875,20530.24843400001,9.394133144532248
12.195122,218191.566432,12.195122,238657.40625,20465.839818000008,9.379757500562352
12.180268,218000.469757,12.180268,238353.84375,20353.373992999987,9.336389970025024
12.16545,217604.203884,12.16545,238335.046875,20730.842991000012,9.526857763304596
12.150668,217218.651125,12.150668,238065.71875,20847.067624999996,9.597273308268269
12.135922,217052.656624,12.135922,237978.890625,20926.234001000004,9.641086327383908
12.121212,217002.722751,12.121212,237725.21875,20722.495999000006,9.549417507898303
12.106538,216595.29131,12.106538,237718.125,21122.83369,9.752212784611341
12.091898,216422.24991,12.091898,237299.171875,20876.921964999987,9.646384312926111
12.077295,216188.385634,12.077295,237216.0625,21027.676865999994,9.726552517765304
12.062726,215836.256777,12.062726,237208.78125,21372.524472999998,9.902193816807102
12.048193,215592.197513,12.048193,237070.15625,21477.958737000008,9.962307998509505
12.033694,215435.047593,12.033694,236958.203125,21523.155532000004,9.99055435616101
12.019231,215217.764956,12.019231,236748.734375,21530.969419,10.004271451941655
12.004802,214612.363502,12.004802,236731.71875,22119.355248000007,10.30665469922653
11.990408,214369.795685,11.990408,236728.609375,22358.81369000001,10.430020525305055
11.976048,214165.637389,11.976048,236578.5,22412.86261099999,10.465200152669851
11.961722,214040.143734,11.961722,236498.9375,22458.793765999988,10.492795124409382
11.947431,213763.602629,11.947431,236490.109375,22726.506746,10.631607283230187
11.933174,213407.218905,11.933174,236333.90625,22926.687345000013,10.743163920432336
11.918951,213065.611715,11.918951,235463.5625,22397.950784999994,10.512231703987903
11.904762,212807.231023,11.904762,235277.125,22469.893977,10.558801911468636
11.890606,212513.940141,11.890606,235162.234375,22648.294234,10.65732168862578
11.876485,212266.670877,11.876485,235031.859375,22765.188498000003,10.72480592640543
11.862396,212121.254828,11.862396,234873.28125,22752.026421999995,10.725953153750968
11.848341,211488.558182,11.848341,234844.265625,23355.707442999992,11.04348511511476
11.83432,211272.222,11.83432,234780.0,23507.77799999999,11.126771791134942
11.820331,211046.459851,11.820331,234624.96875,23578.508899000008,11.172188775706813
11.806375,210418.264082,11.806375,234374.703125,23956.43904299999,11.38515192467521
11.792453,210151.548092,11.792453,233700.375,23548.826907999988,11.205640463657588
11.778563,209599.005187,11.778563,233378.9375,23779.932312999998,11.345441402159338
11.764706,209364.668049,11.764706,233029.6875,23665.019451,11.303253634687495
11.750881,209154.161839,11.750881,232810.421875,23656.260035999992,11.31044193813834
11.737089,208639.516268,11.737089,232590.625,23951.108731999993,11.479660785464294
11.723329,208444.296207,11.723329,232451.21875,24006.922542999993,11.517188515035889
11.709602,208181.933244,11.709602,232382.21875,24200.285505999986,11.624584866178564
11.695906,207713.334515,11.695906,231954.828125,24241.493610000005,11.67064871718643
11.682243,207576.375321,11.682243,231784.0625,24207.687179,11.662062766808013
11.668611,207078.985712,11.668611,231784.0625,24705.076788000006,11.930267430592489
11.655012,206335.090611,11.655012,231453.390625,25118.300014000008,12.173547378499524
11.641444,206151.395037,11.641444,231417.234375,25265.83933799999,12.25596330961781
11.627907,205578.40425,11.627907,231375.046875,25796.642625000008,12.548323214742538
11.614402,205342.64277,11.614402,231136.484375,25793.841604999994,12.561366337283939
11.600928,204985.632973,11.600928,231006.5625,26020.929527,12.694025990800725
11.587486,204732.714585,11.587486,230648.734375,25916.01978999999,12.658465376445879
11.574074,204486.12154,11.574074,230441.25,25955.128460000007,12.692855761814068
11.560694,204122.505363,11.560694,230285.0625,26162.557136999996,12.817086038834363
11.547344,203713.855833,11.547344,230274.40625,26560.55041699999,13.038165866721274
11.534025,203401.673832,11.534025,229977.875,26576.201168,13.06587141950005
11.520737,203060.508293,11.520737,229861.515625,26801.00733200001,13.198532574009079
11.50748,202709.619436,11.50748,229319.625,26610.005563999992,13.127154812897949
11.494253,202569.234051,11.494253,228453.6875,25884.453448999993,12.778077367110532
11.481056,202261.830348,11.481056,228301.609375,26039.77902700001,12.874292189582917
11.46789,202087.343541,11.46789,228123.390625,26036.04708399999,12.88356144813083
11.454754,201656.835587,11.454754,227861.9375,26205.10191299999,12.994898901750556
11.441648,201450.714025,11.441648,227519.46875,26068.754725000006,12.940512448004965
11.428571,201114.318012,11.428571,227408.96875,26294.650737999997,13.07447972770942
11.415525,200947.044778,11.415525,227049.921875,26102.87709699999,12.989928329544547
11.402509,200567.541837,11.402509,226720.921875,26153.380038000003,13.039687178922845
11.389522,200317.125253,11.389522,226505.5,26188.374746999994,13.073457755508494
11.376564,200108.227836,11.376564,226302.140625,26193.912788999995,13.089872951384782
11.363636,199802.761199,11.363636,225996.328125,26193.566926,13.109712182561717
11.350738,199473.111983,11.350738,225562.84375,26089.73176699999,13.079322575176686
11.337868,199147.848413,11.337868,225529.390625,26381.542212,13.247214279357417
11.325028,198846.107945,11.325028,225368.96875,26522.860805000004,13.338385688864534
11.312217,198503.917702,11.312217,225015.140625,26511.222922999994,13.355516218475563
11.299435,198351.313679,11.299435,224944.21875,26592.905070999986,13.40697199214741
11.286682,198103.105006,11.286682,224713.09375,26609.988744000002,13.432393572626768
11.273957,197737.175266,11.273957,224685.90625,26948.730983999994,13.628560713354998
11.261261,197328.209114,11.261261,224459.34375,27131.134636000003,13.749242826364409
11.248594,197206.488145,11.248594,224082.8125,26876.32435499999,13.628519329059111
11.235955,196945.835092,11.235955,223477.96875,26532.133658000006,13.471792203986421
11.223345,196420.126933,11.223345,223403.984375,26983.857442000008,13.73782710730268
11.210762,196322.675581,11.210762,222343.0625,26020.38691900001,13.253887683628458
11.198208,195961.094067,11.198208,222328.515625,26367.421558000002,13.45543700066548
11.185682,195379.297199,11.185682,222046.5,26667.202801000007,13.64893987403313
11.173184,195087.897796,11.173184,221527.140625,26439.242828999995,13.552477179618311
11.160714,194661.971591,11.160714,221246.671875,26584.70028399999,13.656853501852186
11.148272,194534.499395,11.148272,221059.28125,26524.78185500001,13.635001471457128
11.135857,194211.238269,11.135857,220992.28125,26781.042981000006,13.789646376645754
11.123471,193827.256384,11.123471,220898.390625,27071.134240999992,13.966629227505617
11.111111,193548.897014,11.111111,220860.3125,27311.415486000013,14.110860825016477
11.098779,193385.662388,11.098779,220641.0625,27255.400112000003,14.09380601200726
11.086475,193153.65181,11.086475,220609.515625,27455.86381499999,14.214519662308831
11.074197,192748.266447,11.074197,220373.8125,27625.546053,14.332448515481822
11.061947,192447.67225,11.061947,220103.78125,27656.108999999997,14.3707162974012
11.049724,192117.51684,11.049724,219864.125,27746.608160000003,14.442518629422029
11.037528,191666.95259,11.037528,219698.4375,28031.48491,14.625100744395365
11.025358,191612.187422,11.025358,219452.90625,27840.718828000012,14.529722353560206
11.013216,191132.540895,11.013216,219412.09375,28279.552854999987,14.795781358097235
11.0011,190726.237006,11.0011,219312.421875,28586.18486899999,14.9880715510057
10.989011,190390.641318,10.989011,219253.5,28862.85868199999,15.159809580026465
10.976948,190313.191986,10.976948,219101.546875,28788.35488900001,15.126830982435399
10.964912,189978.378006,10.964912,218920.734375,28942.356368999986,15.23455283321027
10.952903,189757.024105,10.952903,218914.28125,29157.25714500001,15.365574624982608
10.940919,189391.014873,10.940919,217953.234375,28562.219501999993,15.081084771182502
10.928962,189214.882937,10.928962,217798.875,28583.992063000012,15.106629890481285
10.917031,188868.572737,10.917031,217483.34375,28614.77101299999,15.150625960861225
10.905125,188683.171227,10.905125,217081.453125,28398.281897999987,15.050776236866787
10.893246,188345.796145,10.893246,216586.421875,28240.62573,14.994030293226537
10.881393,188157.549999,10.881393,216544.53125,28386.98125099999,15.086814879950794
10.869565,187915.89704,10.869565,216110.703125,28194.80608499999,15.003949388591858
10.857763,187704.012967,10.857763,216033.5625,28329.549533000012,15.092671214216713
10.845987,187397.958908,10.845987,215657.34375,28259.384842,15.079878674598312
10.834236,187281.788843,10.834236,215435.640625,28153.851782000012,15.032882778368611
10.822511,187050.669516,10.822511,215320.328125,28269.658609000006,15.113369378547917
10.810811,186921.675827,10.810811,214905.421875,27983.746048,14.970840553505177
10.799136,186667.20076,10.799136,212672.328125,26005.127364999993,13.931278370877303
10.787487,186361.299765,10.787487,212654.0,26292.700234999997,14.108455064519761
10.775862,186196.740742,10.775862,212600.78125,26404.040508000006,14.180721103269079
10.764263,185889.133692,10.764263,212369.21875,26480.085057999997,14.245095736405384
10.752688,185807.548215,10.752688,212019.703125,26212.154910000012,14.10715289115684
10.741139,185448.060837,10.741139,211740.4375,26292.376663000003,14.177757666665357
10.729614,185136.421935,10.729614,211526.0,26389.57806500001,14.254125573554182
10.718114,184949.516198,10.718114,211479.171875,26529.655677000002,14.34426876175137
10.706638,184826.005269,10.706638,211131.40625,26305.400981000013,14.232521523534814
10.695187,184514.823641,10.695187,211043.546875,26528.723234000005,14.377556616055648
10.683761,184358.324492,10.683761,210654.703125,26296.378632999986,14.263732709363545
10.672359,184092.555732,10.672359,209754.8125,25662.256767999992,13.939866642602775
10.660981,183909.269359,10.660981,209539.921875,25630.652516000002,13.936574597535756
10.649627,183455.123575,10.649627,209532.5,26077.376424999995,14.214580610684912
10.638298,183194.095685,10.638298,209354.359375,26160.263689999992,14.280080147878916
10.626993,183034.977041,10.626993,209064.3125,26029.335458999994,14.220962506619376
10.615711,182938.214196,10.615711,208881.0625,25942.848304000014,14.181207801779921
10.604454,182572.918538,10.604454,208878.03125,26305.112712000002,14.408003619948136
10.59322,182404.785338,10.59322,208848.1875,26443.402162000013,14.497098918210845
10.582011,182251.382902,10.582011,208374.265625,26122.882722999988,14.333434570999525
10.570825,181932.919542,10.570825,208287.15625,26354.23670800001,14.485688887060387
10.559662,181281.431627,10.559662,207104.8125,25823.380872999987,14.2449122567244
10.548523,181146.901346,10.548523,207077.4375,25930.536154,14.314645164407935
10.537408,180992.100389,10.537408,206949.0,25956.899611,14.341454436526094
10.526316,180618.854348,10.526316,206656.21875,26037.364402000007,14.415640325031395
10.515247,180355.211826,10.515247,206323.828125,25968.616298999987,14.398594881778932
10.504202,180148.822627,10.504202,206307.359375,26158.536748000013,14.52051496454214
10.493179,179989.022527,10.493179,206156.25,26167.227473000006,14.538235224359134
10.48218,179784.089345,10.48218,205889.1875,26105.098155000014,14.520249400326609
10.471204,179677.632669,10.471204,205812.78125,26135.148580999987,14.545577094254044
10.460251,179442.087346,10.460251,205089.46875,25647.381404000014,14.292846111707766
10.449321,179203.220932,10.449321,204619.6875,25416.466568000003,14.183041150607705
10.438413,178755.624641,10.438413,204327.078125,25571.453483999998,14.305258106062885
10.427529,178468.183571,10.427529,204024.671875,25556.488304,14.319912822911016
10.416667,178163.437327,10.416667,203763.421875,25599.984548000008,14.368820523491566
10.405827,177857.585163,10.405827,203605.21875,25747.63358699999,14.47654513210849
10.39501,177772.824609,10.39501,203535.75,25762.925390999997,14.49204930374702
10.384216,177553.403976,10.384216,203410.765625,25857.361649,14.563146112645159
10.373444,177278.772522,10.373444,203397.890625,26119.118102999986,14.73335906573848
10.362694,176906.141342,10.362694,203366.734375,26460.593033000012,14.957419133259844
10.351967,176670.707194,10.351967,202922.78125,26252.074056000012,14.85932471373023
10.341262,176359.744094,10.341262,202608.9375,26249.193406000006,14.88389175253574
10.330579,176214.058723,10.330579,202428.609375,26214.550652000005,14.87653757139095
10.319917,175997.145025,10.319917,202248.203125,26251.058099999995,14.915615873354701
10.309278,175683.553116,10.309278,201849.15625,26165.603134000005,14.893598558268817
10.298661,175243.489567,10.298661,201808.28125,26564.79168299999,15.158789492629682
10.288066,175125.619782,10.288066,201238.015625,26112.395843000006,14.9106657698087
10.277492,174925.404318,10.277492,201000.859375,26075.455057000014,14.906614141418236
10.26694,174729.921733,10.26694,200591.546875,25861.625142000004,14.800913824890532
10.25641,174428.943048,10.25641,200312.875,25883.931952000014,14.839241412405496
10.245902,174114.755635,10.245902,200245.34375,26130.58811499999,15.007681583161181
10.235415,173944.21651,10.235415,199943.9375,25999.72099,14.947160366499041
10.224949,173674.580483,10.224949,199642.546875,25967.966392000002,14.952082405946479
10.214505,173308.010819,10.214505,199421.375,26113.36418100001,15.067603659863348
10.204082,173159.980836,10.204082,199083.953125,25923.972288999998,14.971110624892376
10.19368,172764.81466,10.19368,198940.9375,26176.122839999996,15.151304327512769
10.183299,172512.705531,10.183299,198935.5625,26422.856968999986,15.316470104430586
10.17294,172398.086558,10.17294,198931.03125,26532.94469199999,15.390509965476614
10.162602,172207.533287,10.162602,198802.125,26594.591713,15.443338166093826
10.152284,171944.590024,10.152284,198734.015625,26789.425600999995,15.580266641282945
10.141988,171702.353023,10.141988,198648.890625,26946.537601999997,15.693749752160027
10.131712,171582.941578,10.131712,198107.171875,26524.230297000002,15.458547366692821
10.121457,171505.822844,10.121457,197538.90625,26033.08340599999,15.179125101588781
10.111223,171338.672134,10.111223,197416.296875,26077.624741000007,15.219929287537202
10.10101,171117.157905,10.10101,197362.8125,26245.654595,15.337827554131616
10.090817,170981.478397,10.090817,197310.953125,26329.474728,15.399021563532095
10.080645,170864.082273,10.080645,196633.1875,25769.105226999993,15.081639677686686
10.070493,170692.314589,10.070493,196526.546875,25834.232286000013,15.134970984607449
10.060362,170495.832716,10.060362,196387.046875,25891.214158999996,15.185834015150249
10.050251,170163.823487,10.050251,195737.734375,25573.910888000013,15.028994038767463
10.040161,170074.382246,10.040161,195553.625,25479.242754000006,14.981234926460688
10.03009,169823.520927,10.03009,195227.625,25404.104072999995,14.959119875932942
10.02004,169715.033244,10.02004,195075.8125,25360.77925600001,14.943154281175971
10.01001,169569.747945,10.01001,195065.296875,25495.54892999999,15.035434821940926
10.0,169434.132461,10.0,194998.4375,25564.305039,15.088049065252148
9.99001,169090.701444,9.99001,194994.203125,25903.501680999994,15.319294000077702
9.98004,168901.280604,9.98004,194280.703125,25379.422521,15.026187149228134
9.97009,168806.090174,9.97009,194053.1875,25247.09732599999,14.956271601324381
9.960159,168263.456821,9.960159,193554.0,25290.543179,15.03032426458722
9.950249,167715.087473,9.950249,193369.828125,25654.740652000008,15.296620619257107
9.940358,167548.8572,9.940358,193237.0,25688.1428,15.331732623718548
9.930487,167242.645563,9.930487,193185.40625,25942.760687,15.512048735935243
9.920635,167138.532822,9.920635,192920.078125,25781.54530299999,15.42525524647087
9.910803,167055.630309,9.910803,192773.828125,25718.197816,15.394990140966502
9.90099,166905.328617,9.90099,192727.25,25821.921383000008,15.470998797320568
9.891197,166419.570643,9.891197,192362.78125,25943.210606999986,15.589038300460977
9.881423,166124.129999,9.881423,192166.921875,26042.791876000003,15.676706253424333
9.871668,165865.588769,9.871668,191557.234375,25691.645606000006,15.489436836582545
9.861933,165476.074341,9.861933,191466.390625,25990.316284,15.706389209137999
9.852217,165309.695812,9.852217,190971.15625,25661.46043800001,15.523263963405842
9.84252,165199.077326,9.84252,190851.859375,25652.782049,15.52840516074881
9.832842,165078.666165,9.832842,190783.203125,25704.536959999998,15.571083506519074
9.823183,164913.542445,9.823183,190168.515625,25254.97318,15.314068696585508
9.813543,164701.773463,9.813543,190142.828125,25441.05466200001,15.446739963437798
9.803922,164436.269355,9.803922,189542.34375,25106.074395000003,15.267966424608383
9.794319,164232.704319,9.794319,189197.96875,24965.26443099999,15.20115286082625
9.784736,164144.415105,9.784736,188922.25,24777.834895000007,15.095143431563057
9.775171,163980.953324,9.775171,188913.34375,24932.390425999998,15.204442906693927
9.765625,163865.210251,9.765625,188863.65625,24998.44599899999,15.255493195113653
9.756098,163763.256552,9.756098,188671.4375,24908.180947999994,15.209871537997206
9.746589,163465.364012,9.746589,188645.5,25180.135987999995,15.403957982286402
9.737098,163338.990268,9.737098,188453.0625,25114.072232000006,15.37543007385674
9.727626,162974.637255,9.727626,187769.1875,24794.55024499999,15.213747772424819
9.718173,162673.94039,9.718173,187087.71875,24413.778359999997,15.007799221848058
9.708738,162296.185583,9.708738,186935.796875,24639.611291999987,15.181879477628895
9.699321,162086.172024,9.699321,186336.1875,24250.015476,14.961187110032629
9.689922,161599.528055,9.689922,186318.859375,24719.331319999998,15.296660589000505
9.680542,161516.008299,9.680542,186160.734375,24644.72607599999,15.258379856922563
9.67118,161201.654174,9.67118,186072.828125,24871.173951000004,15.42860963706627
9.661836,160952.847217,9.661836,185782.359375,24829.512157999998,15.426575290416784
9.65251,160627.363411,9.65251,185438.9375,24811.574089,15.44666709464327
9.643202,160377.92513,9.643202,185272.234375,24894.30924500001,15.522279157072926
9.633911,160182.009743,9.633911,185041.28125,24859.271506999998,15.519390440215371
9.624639,159905.630504,9.624639,185040.984375,25135.353871,15.718867304282474
9.615385,159748.932611,9.615385,184844.84375,25095.911139000003,15.70959550641276
9.606148,159611.000085,9.606148,184354.9375,24743.937414999993,15.50265169808017
9.596929,159390.536832,9.596929,184340.65625,24950.119417999987,15.65345089733764
9.587728,159190.539507,9.587728,184277.421875,25086.88236799999,15.759028423229168
9.578544,158943.32082,9.578544,184249.59375,25306.272930000006,15.92157053183684
9.569378,158725.609426,9.569378,183637.15625,24911.54682399999,15.694724319590081
9.560229,158541.57378,9.560229,183267.28125,24725.707469999994,15.595724755647113
9.551098,158384.92082,9.551098,183061.375,24676.45418,15.580052729921237
9.541985,158181.555861,9.541985,182845.90625,24664.350389,15.59243127604174
9.532888,158065.233869,9.532888,182497.421875,24432.18800600001,15.457028347073917
9.52381,157952.803828,9.52381,182389.453125,24436.649296999996,15.470855030601335
9.514748,157775.214759,9.514748,182119.21875,24344.003991000005,15.429548949234656
9.505703,157662.56706,9.505703,181446.890625,23784.323565,15.08558690151775
9.496676,157563.185368,9.496676,181435.15625,23871.970881999994,15.150728786197936
9.487666,157437.162393,9.487666,181366.53125,23929.368856999994,15.199314122079189
9.478673,157225.640324,9.478673,181361.9375,24136.297175999993,15.351374703427211
9.469697,157049.795681,9.469697,181192.765625,24142.96994400001,15.372812068497868
9.460738,156901.723655,9.460738,180524.671875,23622.94821999999,15.055888278157353
9.451796,156726.400433,9.451796,180488.25,23761.849566999997,15.161357308884348
9.442871,156490.602508,9.442871,180342.484375,23851.88186699999,15.241734318059546
9.433962,156360.534231,9.433962,179979.8125,23619.278269000002,15.105652065697056
9.425071,156161.200637,9.425071,179680.984375,23519.783738,15.061221124107666
9.416196,155876.774929,9.416196,179594.46875,23717.693820999993,15.215668807494328
9.407338,155570.236107,9.407338,179529.3125,23959.076392999996,15.400809944468511
9.398496,155342.991141,9.398496,178647.6875,23304.696358999994,15.002090656183546
9.389671,155016.807428,9.389671,177631.5625,22614.755072,14.588582649338704
9.380863,154844.501485,9.380863,177622.46875,22777.967265000014,14.710220283286294
9.372071,154512.100421,9.372071,177230.765625,22718.66520399999,14.703486097268959
9.363296,154419.320642,9.363296,176889.0,22469.679357999994,14.551080308203701
9.354537,154094.518272,9.354537,176309.5,22214.981728000013,14.416464632951595
9.345794,153925.664552,9.345794,175731.3125,21805.647947999998,14.16634971917467
9.337068,153770.37947,9.337068,175412.5,21642.120529999986,14.074310413093748
9.328358,153562.848332,9.328358,174726.0,21163.151668000006,13.781426886694408
9.319664,153157.314324,9.319664,174476.40625,21319.091925999994,13.919734764282984
9.310987,152914.326441,9.310987,174395.890625,21481.564183999988,14.048104375810965
9.302326,152577.043999,9.302326,174205.359375,21628.315376000013,14.175340411065878
9.29368,152098.688756,9.29368,173382.171875,21283.48311900001,13.993206182824784
9.285051,151839.908416,9.285051,173179.21875,21339.31033400001,14.05382192113559
9.276438,151648.478199,9.276438,172754.953125,21106.474925999995,13.918026198919794
9.267841,151579.753768,9.267841,172517.203125,20937.449357000005,13.8128271332633
9.259259,151425.382399,9.259259,172248.046875,20822.664476000005,13.751105756585178
9.250694,151251.107895,9.250694,172215.46875,20964.360855000006,13.860632921481589
9.242144,151077.753866,9.242144,172210.921875,21133.168008999986,13.988272573700208
9.23361,150894.928126,9.23361,171792.0,20897.071873999987,13.848756968524848
9.225092,150511.461956,9.225092,171279.09375,20767.631793999986,13.798040045661853
9.21659,150434.769437,9.21659,170987.75,20552.98056299999,13.662387119626155
9.208103,150318.815579,9.208103,170499.5,20180.684421000013,13.425255077528245
9.199632,150106.168858,9.199632,170385.359375,20279.19051700001,13.509898141617397
9.191176,149876.574344,9.191176,170319.9375,20443.363156000007,13.640132385917731
9.182736,149529.41813,9.182736,169808.953125,20279.534994999995,13.562237617596482
9.174312,149313.912852,9.174312,169495.671875,20181.75902299999,13.51632854401462
9.165903,149042.429574,9.165903,169455.859375,20413.42980099999,13.696388242828975
9.157509,148795.164556,9.157509,169279.875,20484.710443999997,13.7670538589918
9.149131,148526.51672,9.149131,169273.96875,20747.452029999986,13.968853837131839
9.140768,148248.648,9.140768,169193.578125,20944.930125000014,14.128243601250256
9.13242,147793.978283,9.13242,168862.75,21068.771716999996,14.255500773283828
9.124088,147590.12878,9.124088,167515.09375,19924.96497,13.500201629134997
9.11577,147402.713292,9.11577,167450.25,20047.536708,13.600520818288114
9.107468,147299.193707,9.107468,167383.59375,20084.400043,13.63510521513842
9.099181,146964.458474,9.099181,167029.0,20064.541525999986,13.652648901876962
9.090909,146760.598167,9.090909,166782.4375,20021.83933300001,13.642516849254735
9.082652,146619.963665,9.082652,166536.875,19916.91133500001,13.584037833010612
9.07441,146412.018492,9.07441,166112.5,19700.481507999997,13.455508441799427
9.066183,146213.483838,9.066183,165974.625,19761.141162000014,13.515265927111583
9.057971,146048.399239,9.057971,165134.15625,19085.75701100001,13.068104210965872
9.049774,145787.900633,9.049774,164905.453125,19117.552491999988,13.113264138514255
9.041591,145586.160747,9.041591,164875.609375,19289.448628000013,13.249507047253802
9.033424,145370.389212,9.033424,164799.265625,19428.87641299999,13.365085226996268
9.025271,145155.784332,9.025271,164716.328125,19560.54379299999,13.475552409445257
9.017133,144814.47183,9.017133,164696.40625,19881.934420000005,13.729245543456267
9.009009,144643.056378,9.009009,164634.34375,19991.28737199999,13.821117910946354
9.0009,144490.765608,9.0009,164017.890625,19527.125017000013,13.51444497842626
8.992806,144431.374898,8.992806,163837.875,19406.50010199999,13.436485054376313
8.984726,144168.383587,8.984726,163779.90625,19611.52266300001,13.603206316844929
8.976661,143934.606085,8.976661,163727.78125,19793.175164999993,13.751505425534157
8.96861,143725.183256,8.96861,163651.5,19926.31674400001,13.864179048224075
8.960573,143510.988386,8.960573,163647.671875,20136.68348899999,14.031457601586967
8.952551,143366.052508,8.952551,163633.78125,20267.728742000007,14.13704875557555
8.944544,143283.789309,8.944544,163352.09375,20068.304440999986,14.005983885393688
8.93655,143019.441158,8.93655,163284.921875,20265.480717,14.169738430603859
8.928571,142940.238049,8.928571,163146.234375,20205.996325999993,14.135975007312751
8.920607,142734.68866,8.920607,163092.21875,20357.530089999986,14.262496580976523
8.912656,142441.226584,8.912656,163005.59375,20564.36716600001,14.437089359008615
8.90472,142118.543121,8.90472,162018.234375,19899.691254000005,14.002177912179532
8.896797,142049.993061,8.896797,161991.5,19941.506939000014,14.038372342923388
8.888889,141790.391696,8.888889,161760.03125,19969.639553999994,14.083915923453471
8.880995,141731.576079,8.880995,161624.78125,19893.20517100001,14.035831479014742
8.873114,141505.09981,8.873114,161305.78125,19800.681439999986,13.992910125915259
8.865248,141151.470043,8.865248,161056.234375,19904.76433199999,14.101705299942152
8.857396,141057.00822,8.857396,160681.796875,19624.78865500001,13.912664746435107
8.849558,140928.727434,8.849558,160150.65625,19221.928816,13.63946809567414
8.841733,140685.196794,8.841733,160150.65625,19465.45945600001,13.836181701833597
8.833922,140451.338672,8.833922,159240.890625,18789.551952999987,13.37797996847845
8.826125,140301.885852,8.826125,159147.46875,18845.582897999993,13.432166491247024
8.818342,140128.792074,8.818342,158810.203125,18681.411051000003,13.331600718526582
8.810573,139913.826281,8.810573,158735.015625,18821.189344000013,13.451986729460128
8.802817,139541.756115,8.802817,158460.65625,18918.900135000004,13.557877342039786
8.795075,139296.91362,8.795075,158223.9375,18927.023879999993,13.587540016595517
8.787346,139212.05671,8.787346,158079.703125,18867.646414999996,13.553169790677103
8.779631,139017.339,8.779631,157905.53125,18888.192249999993,13.58693267031963
8.77193,138709.117348,8.77193,157836.78125,19127.663902,13.789766864431567
8.764242,138609.360649,8.764242,157799.46875,19190.10810099999,13.844741806143263
8.756567,138352.382468,8.756567,157639.6875,19287.305032000004,13.94071044382704
8.748906,138128.255374,8.748906,157602.171875,19473.916501,14.098430801338848
8.741259,137957.272697,8.741259,157575.34375,19618.071052999992,14.220396409320003
8.733624,137796.062923,8.733624,157506.765625,19710.70270200001,14.304256800874121
8.726003,137597.76733,8.726003,157230.09375,19632.326419999998,14.267910592557719
8.718396,137334.973503,8.718396,157219.625,19884.651497000013,14.478942245957215
8.710801,137130.584417,8.710801,156906.71875,19776.134332999995,14.421388501388432
8.70322,136937.54804,8.70322,156862.859375,19925.311335000006,14.550655842895438
8.695652,136838.883444,8.695652,156852.671875,20013.788430999994,14.625805127378463
8.688097,136566.265085,8.688097,156850.3125,20284.04741500001,14.85289753100815
8.680556,136317.287677,8.680556,156731.15625,20413.868573000014,14.975260233588353
8.673027,136063.550657,8.673027,156614.21875,20550.668092999986,15.103727628573923
8.665511,135891.758035,8.665511,156604.1875,20712.429464999994,15.241858494218127
8.658009,135719.342025,8.658009,156410.234375,20690.89235000001,15.245352682441293
8.650519,135420.313548,8.650519,156379.25,20958.936451999994,15.476951649924409
8.643042,135184.717193,8.643042,156253.328125,21068.61093200001,15.585053820781278
8.635579,135041.191866,8.635579,156117.65625,21076.46438399999,15.607433622856314
8.628128,134642.60334,8.628128,155870.328125,21227.724785,15.765979161436494
8.62069,134425.462597,8.62069,155796.5,21371.037402999995,15.898057548121791
8.613264,134218.407065,8.613264,155558.421875,21340.014809999993,15.899469585915543
8.605852,134012.146216,8.605852,155463.359375,21451.213159000006,16.006917107666542
8.598452,133875.684978,8.598452,155284.828125,21409.143146999995,15.991808483010333
8.591065,133653.935702,8.591065,155243.3125,21589.376798000012,16.153191961467208
8.583691,133398.819004,8.583691,154968.390625,21569.57162100001,16.169237315626642
8.576329,133241.196349,8.576329,154904.203125,21663.006775999995,16.258490143887528
8.56898,132995.01293,8.56898,154713.0,21717.987070000003,16.32992590589164
8.561644,132879.661126,8.561644,154438.4375,21558.77637400001,16.22428608811503
8.55432,132722.065198,8.55432,154086.375,21364.309802000003,16.097029359909286
8.547009,132541.628727,8.547009,153926.03125,21384.402522999997,16.134102718057054
8.53971,132409.085294,8.53971,153804.015625,21394.93033100001,16.15820416211991
8.532423,132226.339728,8.532423,153738.375,21512.03527200001,16.2690998754499
8.525149,132173.634463,8.525149,153411.53125,21237.896787000005,16.06817946202821
8.517888,131950.796086,8.517888,153390.734375,21439.938289000012,16.248434208025817
8.510638,131596.669196,8.510638,153314.828125,21718.158928999997,16.50357798695724
8.503401,131285.537879,8.503401,153295.484375,22009.94649599999,16.76494368807444
8.496177,131201.402427,8.496177,153238.03125,22036.628823000006,16.79603145649385
8.488964,131152.473353,8.488964,153121.140625,21968.66727199999,16.7504788208384
8.481764,130900.643685,8.481764,152966.109375,22065.465689999997,16.856651784767728
8.474576,130746.728838,8.474576,152823.71875,22076.989912000005,16.885309566218062
8.467401,130432.453778,8.467401,152726.609375,22294.155597000004,17.092491133338132
8.460237,130274.920471,8.460237,152603.46875,22328.548278999995,17.139560092051997
8.453085,130236.058046,8.453085,152025.0,21788.941953999994,16.730345098670014
8.445946,130112.18936,8.445946,151996.953125,21884.763764999996,16.819918158819302
8.438819,129880.813706,8.438819,151914.21875,22033.405044,16.96432630448029
8.431703,129735.926843,8.431703,151529.0,21793.073157000006,16.79802479337347
8.4246,129617.810001,8.4246,151476.671875,21858.861873999995,16.864088255951366
8.417508,129517.532488,8.417508,151052.390625,21534.858137000003,16.626983021773707
8.410429,129403.456085,8.410429,150952.296875,21548.840790000002,16.65244611074794
8.403361,129159.796504,8.403361,150813.234375,21653.437871000002,16.764843594600592
8.396306,128983.186102,8.396306,150756.15625,21772.970147999993,16.880471638203996
8.389262,128891.795241,8.389262,150254.265625,21362.470384,16.573956739493592
8.38223,128721.278739,8.38223,150168.40625,21447.127511,16.6616799655067
8.375209,128468.290634,8.375209,149632.171875,21163.881240999995,16.47401170869073
8.368201,128422.616369,8.368201,149195.40625,20772.789881000004,16.175336142749977
8.361204,128204.96077,8.361204,149160.359375,20955.398604999995,16.345232258675253
8.354219,127938.779523,8.354219,149007.171875,21068.392351999995,16.46755771045358
8.347245,127823.452384,8.347245,148993.84375,21170.391365999996,16.562212153682957
8.340284,127707.611465,8.340284,148833.78125,21126.169785000006,16.542608183373563
8.333333,127599.142596,8.333333,148646.796875,21047.654278999995,16.49513770295491
8.326395,127474.838462,8.326395,148037.34375,20562.505288,16.130638435074104
8.319468,127187.185929,8.319468,147810.59375,20623.407821,16.215004420738307
8.312552,127006.266591,8.312552,147761.859375,20755.592783999993,16.342180068043028
8.305648,126822.159515,8.305648,147660.265625,20838.106109999993,16.430966157405123
8.298755,126647.432402,8.298755,147479.078125,20831.645722999994,16.448533798045652
8.291874,126395.180645,8.291874,146884.6875,20489.506855,16.210670968973005
8.285004,126334.882628,8.285004,146681.46875,20346.586121999993,16.105279633584363
8.278146,126274.542415,8.278146,146477.953125,20203.410709999996,15.999591306062067
8.271299,125887.801536,8.271299,146430.421875,20542.620339,16.31819770331397
8.264463,125698.182018,8.264463,146165.3125,20467.130481999993,16.28275775624909
8.257638,125488.226301,8.257638,145712.046875,20223.820573999998,16.11610998906822
8.250825,125367.106644,8.250825,145223.171875,19856.065231,15.838337313937126
8.244023,125123.338529,8.244023,144898.609375,19775.270846,15.804622126044581
8.237232,124817.145562,8.237232,144687.859375,19870.713812999995,15.919859185635424
8.230453,124523.647967,8.230453,144508.96875,19985.320783000003,16.049418009578638
8.223684,124384.974555,8.223684,144229.90625,19844.931695000007,15.95444447048149
8.216927,124253.004781,8.216927,144191.921875,19938.917094000004,16.04703011339082
8.210181,124137.81469,8.210181,144122.90625,19985.09156,16.099116622849582
8.203445,123997.84959,8.203445,144078.984375,20081.134785000002,16.19474438580867
8.196721,123757.593076,8.196721,144019.3125,20261.719423999995,16.372102042706338
8.190008,123668.571273,8.190008,143537.0,19868.428727000006,16.06586744108185
8.183306,123574.778041,8.183306,143391.796875,19817.018834000002,16.03645917731291
8.176615,123394.942161,8.176615,143180.953125,19786.010964,16.034701761263545
8.169935,123240.199808,8.169935,142909.703125,19669.503316999995,15.960298139441322
8.163265,123093.150639,8.163265,142880.765625,19787.614986,16.075317662500897
8.156607,122835.016306,8.156607,142798.265625,19963.249318999995,16.25208341998231
8.149959,122657.43218,8.149959,142707.671875,20050.239694999997,16.346534684972237
8.143322,122496.347013,8.143322,142540.25,20043.902986999994,16.362857730665898
8.136697,122354.471106,8.136697,142470.4375,20115.966394000003,16.44072849334033
8.130081,122030.147062,8.130081,142470.4375,20440.290437999996,16.750197332479548
8.123477,121934.37842,8.123477,142393.609375,20459.230955000006,16.77888649625021
8.116883,121725.886176,8.116883,142113.875,20387.988824,16.74909870405181
8.1103,121495.462315,8.1103,142078.484375,20583.022060000003,16.941391610687994
8.103728,121379.288023,8.103728,142022.84375,20643.555727,17.007478016420954
8.097166,121255.74881,8.097166,141951.171875,20695.423064999995,17.06758093377362
8.090615,121100.733374,8.090615,141819.578125,20718.844750999997,17.10876901712329
8.084074,120919.160765,8.084074,141693.28125,20774.120485000007,17.180172566177013
8.077544,120645.929708,8.077544,141362.953125,20717.023417000004,17.17175495861446
8.071025,120454.279338,8.071025,141201.046875,20746.767537000007,17.223769592098648
8.064516,120251.875118,8.064516,140883.75,20631.874882000004,17.15721676834934
8.058018,120184.838988,8.058018,140480.84375,20296.004761999997,16.887325333960362
8.05153,119998.66084,8.05153,140194.5625,20195.901660000003,16.830105868371458
8.045052,119785.718069,8.045052,139949.0625,20163.344431000005,16.832845147186365
8.038585,119505.079381,8.038585,139938.078125,20432.998743999997,17.098016962824275
8.032129,119162.070362,8.032129,139827.4375,20665.367138,17.342235725865713
8.025682,118920.79644,8.025682,139736.515625,20815.719184999994,17.503851141379048
8.019246,118845.85352,8.019246,139422.515625,20576.662104999996,17.313740021680477
8.012821,118706.589457,8.012821,139242.828125,20536.238668000005,17.29999889807213
8.006405,118566.158842,8.006405,139222.796875,20656.638032999996,17.422035287933053
8.0,118452.419377,8.0,138720.078125,20267.658748,17.110379724278886
7.993605,118287.236754,7.993605,138543.21875,20255.981996000002,17.124402050346337
7.98722,118057.64238,7.98722,138462.90625,20405.263869999995,17.284153281936813
7.980846,117943.617705,7.980846,138381.203125,20437.585420000003,17.328267368496693
7.974482,117776.795006,7.974482,138378.234375,20601.439369,17.491934101238265
7.968127,117474.49911,7.968127,138306.4375,20831.938389999996,17.73315787496444
7.961783,117331.984591,7.961783,137550.609375,20218.624784,17.23198056734385
7.955449,117233.881258,7.955449,137305.0625,20071.181242000006,17.12063187418386
7.949126,116986.454906,7.949126,137176.34375,20189.888844,17.25831324679666
7.942812,116760.363782,7.942812,137088.09375,20327.729968,17.409786428854687
7.936508,116424.669339,7.936508,137027.390625,20602.721286,17.696181920010392
7.930214,116303.631427,7.930214,136939.484375,20635.852948,17.743085658466697
7.92393,116193.23628,7.92393,136902.8125,20709.576220000003,17.82339220683595
7.917656,116085.164647,7.917656,136892.546875,20807.382228000002,17.924238890708015
7.911392,115878.014558,7.911392,136798.3125,20920.297942000005,18.053724877663353
7.905138,115798.031684,7.905138,136634.3125,20836.280816,17.99363988574512
7.898894,115689.315518,7.898894,136544.3125,20854.996981999997,18.026726918230565
7.89266,115289.241422,7.89266,136522.375,21233.133577999994,18.417272345716203
7.886435,115211.846912,7.886435,136248.078125,21036.231213000006,18.258739684181695
7.880221,115124.047317,7.880221,136158.890625,21034.843307999996,18.271459176621434
7.874016,114972.354816,7.874016,135641.078125,20668.723308999994,17.977124450549788
7.867821,114810.736766,7.867821,135224.125,20413.388234,17.780034175379676
7.861635,114682.361627,7.861635,135136.21875,20453.857122999994,17.835224905400345
7.85546,114551.981169,7.85546,134717.9375,20165.956330999994,17.60419691148676
7.849294,114410.863661,7.849294,134703.234375,20292.370714000004,17.73640200298322
7.843137,114209.748476,7.843137,134545.8125,20336.064024000007,17.805891612022435
7.836991,113984.433525,7.836991,134423.75,20439.316475,17.93167351269687
7.830854,113755.087426,7.830854,134170.5,20415.412574,17.94681278521336
7.824726,113438.389901,7.824726,133634.859375,20196.469473999998,17.803910555876072
7.818608,113342.594976,7.818608,133515.71875,20173.123774000007,17.798360605976608
7.8125,113168.743855,7.8125,133206.1875,20037.443645000007,17.705810776404334
7.806401,113060.380256,7.806401,133039.015625,19978.635368999996,17.670766119628144
7.800312,112961.124939,7.800312,132959.5,19998.375061,17.703767620762715
7.794232,112726.892101,7.794232,132537.9375,19811.045398999995,17.574373807139008
7.788162,112565.859162,7.788162,132379.015625,19813.156463000007,17.60139051973632
7.782101,112447.229642,7.782101,132215.25,19768.020357999994,17.579819814979654
7.77605,112208.250155,7.77605,132043.1875,19834.937345,17.676897480890048
7.770008,112107.230729,7.770008,131946.859375,19839.628645999997,17.69701072534643
7.763975,111657.343497,7.763975,131661.734375,20004.390878000006,17.915875706408404
7.757952,111546.397512,7.757952,131601.8125,20055.414988000004,17.979437646870196
7.751938,111486.419336,7.751938,131526.890625,20040.471288999994,17.97570628634293
7.745933,111434.427058,7.745933,131166.765625,19732.338567,17.707578427921206
7.739938,111159.879249,7.739938,131144.234375,19984.355125999995,17.978028818504473
7.733952,111058.856707,7.733952,131001.445312,19942.588604999997,17.956774629522208
7.727975,110895.472939,7.727975,130579.890625,19684.417686,17.750424940094497
7.722008,110856.357939,7.722008,130579.890625,19723.532686000006,17.791972470224135
7.716049,110524.410069,7.716049,130522.609375,19998.199305999995,18.09392087550179
7.7101,110370.73115,7.7101,130496.960938,20126.229787999997,18.235115033031104
7.70416,110255.923711,7.70416,130398.898438,20142.974727000008,18.269290255821772
7.698229,110101.484816,7.698229,130221.390625,20119.905809000004,18.273964100142788
7.692308,109911.148108,7.692308,129998.507812,20087.359704000002,18.27599843126188
7.686395,109780.518376,7.686395,129953.304688,20172.786311999997,18.37556117462288
7.680492,109655.994958,7.680492,129703.265625,20047.270667000004,18.28196504411677
7.674597,109493.71761,7.674597,129665.375,20171.657389999993,18.422661893578564
7.668712,109321.778873,7.668712,129665.375,20343.596126999997,18.608914286542408
7.662835,109168.014273,7.662835,129614.101562,20446.087289000003,18.72900906475207
7.656968,109001.836412,7.656968,129293.609375,20291.772962999996,18.615991831827593
7.651109,108816.826379,7.651109,129232.835938,20416.009559,18.76181307465513
7.64526,108701.76586,7.64526,129225.234375,20523.468515,18.880529081222786
7.639419,108496.278885,7.639419,129217.632812,20721.35392699999,19.098677060586997
7.633588,108349.311083,7.633588,128799.179688,20449.86860500001,18.87401811843047
7.627765,108284.054533,7.627765,128761.085938,20477.031405,18.910477164262023
7.621951,108064.023689,7.621951,128753.46875,20689.445061000006,19.14554386808939
7.616146,107877.695708,7.616146,128715.21875,20837.523042,19.315877026519328
7.61035,107720.894668,7.61035,128578.125,20857.230332000006,19.362288436503245
7.604563,107625.31848,7.604563,128578.125,20952.80652,19.46828758875511
7.598784,107491.753395,7.598784,127943.851562,20452.09816699999,19.026667182406683
7.593014,107162.801557,7.593014,127622.4375,20459.635943,19.092106258641905
7.587253,107034.651488,7.587253,127514.570312,20479.918823999993,19.13391461483486
7.581501,106887.363512,7.581501,127284.492188,20397.128676000008,19.08282514023285
7.575758,106779.352939,7.575758,127114.9375,20335.584560999996,19.04449128158431
7.570023,106565.98704,7.570023,126919.882812,20353.89577199999,19.099805047890246
7.564297,106454.248672,7.564297,126567.914062,20113.665389999995,18.894187541516477
7.558579,106255.177619,7.558579,126181.609375,19926.431756000005,18.753374849600615
7.55287,106026.82253,7.55287,125972.648438,19945.825908,18.812056640060472
7.54717,105908.592783,7.54717,125815.007812,19906.415028999996,18.79584508292635
7.541478,105665.239707,7.541478,125782.445312,20117.205604999996,19.038622030085918
7.535795,105564.709341,7.535795,125640.359375,20075.650034000006,19.017387685074482
7.53012,105507.237084,7.53012,125592.78125,20085.544166000007,19.03712458132974
7.524454,105384.17187,7.524454,125569.5,20185.328129999994,19.15404160968333
7.518797,105250.833354,7.518797,125243.195312,19992.361957999994,18.994967850523146
7.513148,105178.40256,7.513148,125106.984375,19928.581814999998,18.9474087169479
7.507508,104994.332052,7.507508,125076.085938,20081.753886000006,19.12651234930874
7.501875,104771.451447,7.501875,124864.09375,20092.642303,19.177592775035787
7.496252,104698.367333,7.496252,124838.367188,20139.999855000002,19.23621195633683
7.490637,104598.524857,7.490637,124706.234375,20107.709518000003,19.223702767787497
7.48503,104504.468829,7.48503,124651.210938,20146.742109,19.27835463377742
7.479432,104213.75228,7.479432,124616.5625,20402.81022,19.577848195295786
7.473842,104110.587517,7.473842,124557.554688,20446.967170999997,19.639661689221814
7.46826,104016.661388,7.46826,124385.726562,20369.065174000003,19.582502362789644
7.462687,103895.557087,7.462687,123822.21875,19926.661663000006,19.17951279313497
7.457122,103818.627704,7.457122,123704.71875,19886.091046,19.15464641152622
7.451565,103684.280924,7.451565,123656.859375,19972.578450999994,19.262879843512422
7.446016,103277.265612,7.446016,123516.242188,20238.976576,19.59673937537749
7.440476,103165.670621,7.440476,123489.851562,20324.180941,19.700527141111696
7.434944,102988.59915,7.434944,123357.171875,20368.572725000005,19.777502454746234
7.429421,102873.501475,7.429421,123154.671875,20281.170400000003,19.71466909282627
7.423905,102783.123863,7.423905,122981.492188,20198.368325000003,19.651444289553293
7.418398,102623.411928,7.418398,122900.539062,20277.127133999995,19.7587731230631
7.412898,102420.779529,7.412898,122794.484375,20373.704845999993,19.892159520452847
7.407407,102289.862701,7.407407,122768.71875,20478.856048999995,20.02041601019745
7.401925,102148.820514,7.401925,122752.945312,20604.12479799999,20.170692813017936
7.39645,101965.233706,7.39645,122641.195312,20675.961605999997,20.277462086357527
7.390983,101829.97163,7.390983,122231.742188,20401.770558000004,20.035133302531005
7.385524,101729.968381,7.385524,121954.734375,20224.765994,19.88083385443906
7.380074,101560.471896,7.380074,121899.28125,20338.809353999997,20.026304500462892
7.374631,101436.64535,7.374631,121133.054688,19696.409337999998,19.417449453339987
7.369197,101227.44419,7.369197,120939.140625,19711.696435000005,19.472680153814725
7.36377,100970.486961,7.36377,120930.109375,19959.622413999998,19.76777869924449
7.358352,100785.882733,7.358352,120619.210938,19833.328204999998,19.67867688130694
7.352941,100692.855508,7.352941,120409.984375,19717.128867000007,19.581457659062508
7.347539,100589.5143,7.347539,120187.203125,19597.688825000005,19.482834728231712
7.342144,100463.884252,7.342144,120100.1875,19636.303247999997,19.54563412932054
7.336757,100350.771881,7.336757,120036.75,19685.978119000007,19.617166614666836
7.331378,100104.56374,7.331378,119587.101562,19482.537822,19.4621874309364
7.326007,100002.285368,7.326007,119563.03125,19560.745882000003,19.560298857189217
7.320644,99851.809497,7.320644,119072.921875,19221.112378000005,19.249638514139793
7.315289,99823.672178,7.315289,119048.78125,19225.109072000007,19.259068167437146
7.309942,99654.323673,7.309942,118766.953125,19112.629451999994,19.17892646054684
7.304602,99613.022275,7.304602,118734.710938,19121.688663000008,19.19597280184019
7.29927,99504.923684,7.29927,118711.234375,19206.310691000006,19.301869676312617
7.293946,99334.760507,7.293946,117967.476562,18632.716054999997,18.75749834186893
7.28863,99220.750697,7.28863,117716.445312,18495.694615,18.640954120053063
7.283321,99061.971242,7.283321,117286.476562,18224.505319999997,18.39707517577969
7.27802,98922.260557,7.27802,117188.992188,18266.731631000002,18.465744240119268
7.272727,98825.591777,7.272727,116833.476562,18007.884785000002,18.221884090140136
7.267442,98723.465538,7.267442,116700.820312,17977.354773999992,18.209809264728722
7.262164,98656.508583,7.262164,116208.132812,17551.624228999994,17.790639949754315
7.256894,98514.988031,7.256894,115474.9375,16959.949469,17.215603237614122
7.251632,98388.583459,7.251632,115466.742188,17078.158729000002,17.357866257030448
7.246377,98257.830787,7.246377,115105.65625,16847.825463,17.14654733170545
7.24113,98113.322934,7.24113,114949.523438,16836.200504000008,17.159953409513587
7.23589,97905.635573,7.23589,114924.859375,17019.223801999993,17.383293313396845
7.230658,97630.370642,7.230658,114911.75,17281.379358000006,17.700823262639197
7.225434,97478.489367,7.225434,114296.390625,16817.901257999998,17.25293587047879
7.220217,97324.084626,7.220217,114000.054688,16675.970062000008,17.134474088385154
7.215007,97082.370671,7.215007,113955.796875,16873.426204000003,17.380525513928717
7.209805,97025.079761,7.209805,113662.875,16637.795239,17.147932555153325
7.204611,96916.578284,7.204611,113580.109375,16663.531090999997,17.19368490514588
7.199424,96778.214536,7.199424,113546.992188,16768.777652000004,17.327016965953923
7.194245,96591.43289,7.194245,113448.351562,16856.918672,17.45177410422822
7.189073,96461.384244,7.189073,113400.320312,16938.936067999995,17.560328623475684
7.183908,96396.576203,7.183908,113164.710938,16768.134735,17.39494844680817
7.178751,96208.176758,7.178751,112949.960938,16741.784180000002,17.40162296403551
7.173601,96024.998793,7.173601,112546.859375,16521.860581999994,17.20579098117562
7.168459,95855.317501,7.168459,112525.96875,16670.651249000002,17.39147256888079
7.163324,95599.640388,7.163324,112009.320312,16409.679923999996,17.165001727412143
7.158196,95486.725845,7.158196,111407.820312,15921.094467000003,16.67362067984624
7.153076,95299.730687,7.153076,110980.40625,15680.675562999997,16.45406073024614
7.147963,95025.737256,7.147963,110862.960938,15837.22368200001,16.66624657626641
7.142857,94921.641969,7.142857,110812.609375,15890.967405999996,16.74114256387363
7.137759,94857.695438,7.137759,110271.914062,15414.218624000001,16.24983461049283
7.132668,94726.645669,7.132668,109979.953125,15253.307455999995,16.102446516790103
7.127584,94574.379182,7.127584,109684.765625,15110.386442999996,15.977251528050104
7.122507,94468.776245,7.122507,109532.789062,15064.012816999995,15.946023030860735
7.117438,94393.172595,7.117438,109454.007812,15060.835217,15.955428557973663
7.112376,94272.272108,7.112376,109041.773438,14769.50133,15.666856223725883
7.107321,94205.074181,7.107321,108974.578125,14769.503943999996,15.678034407809873
7.102273,94014.676684,7.102273,108737.304688,14722.628003999998,15.659925155606674
7.097232,93894.058235,7.097232,108431.84375,14537.785514999996,15.483179434650193
7.092199,93804.870294,7.092199,108253.445312,14448.575018000003,15.402798354409294
7.087172,93685.588482,7.087172,108225.78125,14540.192767999994,15.520202203558373
7.082153,93558.238451,7.082153,108091.90625,14533.667799000003,15.53435383096897
7.077141,93486.660751,7.077141,108091.492188,14604.831437,15.622369351601614
7.072136,93304.034795,7.072136,107896.195312,14592.160516999997,15.639367096032556
7.067138,93139.725318,7.067138,106863.546875,13723.821557000003,14.734659684837792
7.062147,93037.335127,7.062147,106824.953125,13787.617998000002,14.819446385882943
7.057163,92901.582425,7.057163,106777.976562,13876.394136999996,14.93666068411966
7.052186,92651.386761,7.052186,106399.46875,13748.081988999998,14.838506437538845
7.047216,92522.100223,7.047216,106135.085938,13612.985715000003,14.713226009990596
7.042254,92346.925506,7.042254,106126.5,13779.574494,14.921530325451613
7.037298,92241.910302,7.037298,105980.5,13738.589697999996,14.894086270568177
7.032349,92136.317305,7.032349,105731.0,13594.682694999996,14.754966437390099
7.027407,92095.098573,7.027407,105610.765625,13515.667052000004,14.675772393344788
7.022472,91949.50886,7.022472,105033.375,13083.866139999998,14.229402964969786
7.017544,91823.991789,7.017544,104834.8125,13010.820710999993,14.169304184572178
7.012623,91636.422871,7.012623,104653.351562,13016.928690999994,14.20497252421606
7.007708,91560.560633,7.007708,104636.0625,13075.501866999999,14.280714072306983
7.002801,91435.443331,7.002801,104212.023438,12776.580107000002,13.97333423620889
6.997901,91299.234313,6.997901,103839.21875,12539.984437000006,13.735037901861629
6.993007,91231.583484,6.993007,103813.1875,12581.604015999998,13.790842530105301
6.98812,90963.911877,6.98812,103719.804688,12755.892810999998,14.023025777792316
6.98324,90928.43038,6.98324,103317.953125,12389.522744999995,13.625576393678857
6.978367,90826.488984,6.978367,103035.390625,12208.901641000004,13.442005495941526
6.973501,90800.671978,6.973501,102915.195312,12114.523333999998,13.341887312172329
6.968641,90723.894221,6.968641,102437.664062,11713.769841000001,12.911449559766139
6.963788,90562.394757,6.963788,102435.46875,11873.073992999998,13.110379893175553
6.958942,90492.771193,6.958942,102262.929688,11770.15849500001,13.006738924921423
6.954103,90439.17302,6.954103,102193.0,11753.826979999998,12.996389271937195
6.94927,90273.464004,6.94927,101965.5625,11692.098496000006,12.951866448242125
6.944444,90093.015385,6.944444,101956.8125,11863.797114999994,13.16838720993154
6.939625,89921.160945,6.939625,101886.78125,11965.620305000004,13.306790280786899
6.934813,89857.588162,6.934813,101825.484375,11967.896213,13.318737413053693
6.930007,89742.584835,6.930007,101807.96875,12065.383914999999,13.444435478634048
6.925208,89465.071546,6.925208,101676.5625,12211.490953999994,13.64945083369351
6.920415,89248.449878,6.920415,101623.96875,12375.518872,13.866368423112077
6.915629,89108.338854,6.915629,101597.671875,12489.333020999999,14.015897032334099
6.91085,88977.480252,6.91085,101308.1875,12330.707248000006,13.858233805989176
6.906077,88806.787619,6.906077,100789.671875,11982.884256000005,13.49320764467816
6.901311,88745.329261,6.901311,100569.765625,11824.436363999994,13.324009795742972
6.896552,88669.256831,6.896552,100208.335938,11539.079106999998,13.013618834082497
6.891799,88457.306667,6.891799,99712.984375,11255.677708000003,12.724418289573656
6.887052,88318.631507,6.887052,99572.15625,11253.524743000002,12.74196004962788
6.882312,88268.087468,6.882312,99235.734375,10967.646907000002,12.425381835735507
6.877579,88001.997488,6.877579,99226.875,11224.877512000006,12.75525309926134
6.872852,87953.82939,6.872852,99191.4375,11237.608110000001,12.776712722956976
6.868132,87827.78175,6.868132,98747.929688,10920.14793800001,12.433591877663481
6.863418,87733.396812,6.863418,98730.164062,10996.76724999999,12.534300106451452
6.858711,87584.045031,6.858711,98479.4375,10895.392468999999,12.43992837410469
6.85401,87532.100085,6.85401,98303.546875,10771.446790000002,12.305710453125366
6.849315,87497.18203,6.849315,98294.65625,10797.474220000004,12.340367963276684
6.844627,87452.390855,6.844627,97848.890625,10396.499769999995,11.888182436587535
6.839945,87292.283736,6.839945,97770.46875,10478.185014000002,12.003563849571643
6.83527,87183.117847,6.83527,97519.335938,10336.218091000002,11.855756419653757
6.830601,87019.634788,6.830601,97447.914062,10428.279274,11.983823305401943
6.825939,86809.341848,6.825939,97385.398438,10576.056590000007,12.183085788760268
6.821282,86771.020721,6.821282,97158.914062,10387.893341000003,11.971615932006623
6.816633,86644.362616,6.816633,97018.890625,10374.528009000001,11.973690723514204
6.811989,86548.695736,6.811989,96830.945312,10282.249576000002,11.880305634372595
6.807352,86359.388611,6.807352,96562.179688,10202.791077000002,11.814339171572625
6.802721,86214.277658,6.802721,96337.976562,10123.69890399999,11.742485327267126
6.798097,86007.90438,6.798097,96331.429688,10323.525307999997,12.002995983239646
6.793478,85774.201768,6.793478,96311.054688,10536.852920000005,12.28440801874185
6.788866,85565.370696,6.788866,96216.242188,10650.871492000006,12.447642551378452
6.784261,85487.35586,6.784261,96014.734375,10527.378515000004,12.314544541815478
6.779661,85391.322795,6.779661,95538.929688,10147.606893000004,11.883651126194037
6.775068,85357.237751,6.775068,95438.976562,10081.738811000003,11.81122899080915
6.770481,85232.532908,6.770481,95331.539062,10099.006154000002,11.848769254459294
6.7659,85117.477868,6.7659,95330.859375,10213.381506999998,11.999159000973792
6.761325,84960.762218,6.761325,95189.882812,10229.120593999993,12.039817354454978
6.756757,84743.679183,6.756757,95006.773438,10263.094255000004,12.110748971421613
6.752194,84672.534351,6.752194,94997.195312,10324.660961000001,12.193636390048676
6.747638,84425.566686,6.747638,93902.710938,9477.144251999998,11.225443457487103
6.743088,84335.148088,6.743088,93749.921875,9414.773786999998,11.163523157836988
6.738544,84174.46975,6.738544,93439.875,9265.405249999996,11.007381783952368
6.734007,84071.732006,6.734007,93403.539062,9331.80705599999,11.099815399704148
6.729475,83985.632741,6.729475,93294.492188,9308.85944700001,11.083871304163697
6.72495,83863.90961,6.72495,93267.21875,9403.309139999998,11.21258141163352
6.72043,83702.009694,6.72043,93184.921875,9482.912181000007,11.329372156854879
6.715917,83638.055984,6.715917,92967.039062,9328.98307799999,11.153993201114847
6.711409,83508.99788,6.711409,92812.257812,9303.259932,11.140428179210717
6.706908,83416.534363,6.706908,92748.492188,9331.957825000005,11.187179971287877
6.702413,83179.171728,6.702413,92639.140625,9459.968896999999,11.373002039422278
6.697924,82860.841986,6.697924,92305.648438,9444.806452000004,11.398395461146508
6.69344,82652.914959,6.69344,92119.046875,9466.131915999998,11.452871227464483
6.688963,82518.588481,6.688963,91735.101562,9216.513080999997,11.169014461659279
6.684492,82399.950847,6.684492,91693.8125,9293.861653,11.278965044841854
6.680027,82157.739256,6.680027,91588.679688,9430.940432000003,11.479065170736497
6.675567,81959.623142,6.675567,91539.507812,9579.88467,11.6885416290925
6.671114,81849.192632,6.671114,91405.523438,9556.330805999998,11.675534600525586
6.666667,81584.4169,6.666667,91405.523438,9821.106538000007,12.037968660164571
6.662225,81429.232863,6.662225,91378.03125,9948.798387000003,12.217723337438636
6.65779,81320.080433,6.65779,91020.4375,9700.357067000004,11.92861223863665
6.65336,81174.689653,6.65336,91018.4375,9843.747847000006,12.126622090062044
6.648936,81098.856993,6.648936,90754.195312,9655.338319000002,11.905640445503932
6.644518,80956.86109,6.644518,90653.125,9696.263909999994,11.977074925398387
6.640106,80903.292559,6.640106,90542.34375,9639.051191000006,11.914287893747435
6.6357,80753.297499,6.6357,90526.164062,9772.866563000003,12.102126929393844
6.6313,80703.76271,6.6313,90506.046875,9802.284165000005,12.146006376708138
6.626905,80515.262326,6.626905,90378.015625,9862.753299000004,12.249545010567669
6.622517,80223.634448,6.622517,90349.679688,10126.045240000007,12.622271864987106
6.618134,80167.84104,6.618134,90316.820312,10148.979271999997,12.659663950456308
6.613757,80085.480483,6.613757,90036.640625,9951.160141999993,12.425673270590362
6.609385,80057.263958,6.609385,89912.640625,9855.376667000004,12.3104090494154
6.60502,80009.798213,6.60502,89843.085938,9833.287725000002,12.290104392992067
6.60066,79829.307232,6.60066,89438.046875,9608.739642999994,12.036606574919992
6.596306,79753.088393,6.596306,89390.882812,9637.794418999998,12.084540690772693
6.591958,79572.801135,6.591958,89378.039062,9805.237926999995,12.322348575318875
6.587615,79457.038674,6.587615,89122.289062,9665.250388,12.164121076365602
6.583278,79306.192609,6.583278,88974.859375,9668.666765999995,12.191565939458243
6.578947,78956.122805,6.578947,88680.765625,9724.642819999994,12.316515140969114
6.574622,78733.429069,6.574622,88511.789062,9778.359992999991,12.419578454318916
6.570302,78609.501062,6.570302,88354.148438,9744.647376000008,12.396271753861306
6.565988,78479.543756,6.565988,88317.039062,9837.495305999997,12.535107666509454
6.56168,78429.538469,6.56168,88168.5625,9739.024030999994,12.417546017881302
6.557377,78315.461225,6.557377,88122.140625,9806.679399999994,12.522022148124037
6.55308,78237.983772,6.55308,87694.6875,9456.703727999993,12.087100500389404
6.548788,78017.235101,6.548788,87689.257812,9672.022710999998,12.397289776392018
6.544503,77929.295325,6.544503,87033.476562,9104.181236999997,11.682617171156869
6.540222,77744.887709,6.540222,86734.898438,8990.010729000001,11.563475096458706
6.535948,77650.622506,6.535948,86706.890625,9056.268119,11.66284033112578
6.531679,77461.438399,6.531679,86604.164062,9142.72566299999,11.802938148277425
6.527415,77329.457798,6.527415,86520.078125,9190.620326999997,11.885018450546665
6.523157,77194.015,6.523157,86454.664062,9260.649061999997,11.996589453210845
6.518905,77167.060894,6.518905,86445.3125,9278.251606000005,12.023590763350455
6.514658,77095.817223,6.514658,86021.78125,8925.964026999995,11.57775395412387
6.510417,76827.751085,6.510417,85684.273438,8856.522353000008,11.527764678678942
6.506181,76702.791799,6.506181,85658.96875,8956.176951000001,11.676468014970958
6.501951,76635.165051,6.501951,85462.0,8826.834948999996,11.517995613535664
6.497726,76525.754831,6.497726,85433.84375,8908.088919000002,11.640641688112305
6.493506,76253.867979,6.493506,85401.34375,9147.475770999998,11.996081003417656
6.489293,76171.066349,6.489293,84587.875,8416.808651,11.049876356510397
6.485084,75883.539468,6.485084,84427.773438,8544.233970000001,11.259667155619558
6.480881,75718.313386,6.480881,84041.21875,8322.905364000006,10.991931795378418
6.476684,75671.779939,6.476684,83710.773438,8038.993499000004,10.623502586407167
6.472492,75597.414949,6.472492,83659.039062,8061.624112999998,10.663888597829148
6.468305,75500.098202,6.468305,83531.21875,8031.120548000006,10.637231923212601
6.464124,75318.029123,6.464124,83332.609375,8014.580252,10.640985093903065
6.459948,75248.928554,6.459948,82840.171875,7591.243321000002,10.088174631685803
6.455778,75176.771151,6.455778,82700.546875,7523.775724000006,10.008112358121576
6.451613,75129.724405,6.451613,82593.601562,7463.877156999995,9.93465265061356
6.447453,75075.318451,6.447453,82443.71875,7368.400299000001,9.814677381367611
6.443299,74974.752223,6.443299,81697.421875,6722.669651999997,8.966578018163403
6.43915,74802.146929,6.43915,81671.648438,6869.501509000009,9.183561957814309
6.435006,74686.49427,6.435006,81595.46875,6908.974480000004,9.25063433158784
6.430868,74384.878973,6.430868,81372.039062,6987.160088999997,9.393253286781816
6.426735,74298.410663,6.426735,81236.328125,6937.917461999998,9.337908307983529
6.422608,74232.18904,6.422608,81166.539062,6934.350021999999,9.341432755355532
6.418485,74143.262615,6.418485,80794.460938,6651.198323000004,8.970738659744915
6.414368,73996.369773,6.414368,80653.84375,6657.4739770000015,8.997027823693587
6.410256,73906.808288,6.410256,80230.007812,6323.199523999996,8.555638743537344
6.40615,73765.255381,6.40615,80046.953125,6281.697744000005,8.515794748563978
6.402049,73679.788238,6.402049,79194.085938,5514.29770000001,7.484138909557883
6.397953,73592.689954,6.397953,78923.945312,5331.255357999995,7.244272985988635
6.393862,73443.558982,6.393862,78538.484375,5094.925392999998,6.937198392371881
6.389776,73404.901074,6.389776,78393.65625,4988.755176000006,6.796215379366573
6.385696,73208.464427,6.385696,78379.164062,5170.699634999997,7.062980593119765
6.381621,72956.367369,6.381621,78168.546875,5212.179506,7.144242091492504
6.377551,72720.527357,6.377551,78040.59375,5320.066393000001,7.315769819548616
6.373486,72541.5354,6.373486,77793.382812,5251.847412000003,7.239779780012768
6.369427,72435.984331,6.369427,77720.59375,5284.609419,7.295558233669749
6.365372,72377.467355,6.365372,77380.390625,5002.923269999999,6.912266279588721
6.361323,72275.044872,6.361323,77370.65625,5095.611378000001,7.050305381372494
6.357279,72250.512127,6.357279,77058.578125,4808.0659980000055,6.654715456616442
6.35324,72088.424745,6.35324,76977.210938,4888.786193000007,6.781652131105958
6.349206,72012.959963,6.349206,76726.796875,4713.836911999999,6.545817467330813
6.345178,71877.323214,6.345178,76582.328125,4705.004910999996,6.545882206814809
6.341154,71788.361771,6.341154,76506.625,4718.263229000004,6.572462600624518
6.337136,71675.422868,6.337136,76478.585938,4803.16307000001,6.7012692465668255
6.333122,71517.919145,6.333122,76459.632812,4941.713666999989,6.909755940998287
6.329114,71441.472456,6.329114,76428.257812,4986.785355999993,6.980238766874939
6.325111,71363.019022,6.325111,76364.546875,5001.527853000007,7.008570995935755
6.321113,71252.679465,6.321113,76207.609375,4954.929910000006,6.95402607621783
6.317119,71121.275815,6.317119,76173.257812,5051.981996999995,7.103334324515162
6.313131,70885.966746,6.313131,76143.804688,5257.837941999998,7.417318523481504
6.309148,70739.879327,6.309148,76104.523438,5364.644111000001,7.5836206706001885
6.30517,70652.472773,6.30517,75917.796875,5265.324101999999,7.452427205084539
6.301197,70567.421218,6.301197,75814.445312,5247.024093999993,7.43547660299312
6.297229,70460.192093,6.297229,75514.015625,5053.823531999995,7.172594030583229
6.293266,70328.667867,6.293266,75311.695312,4983.027445,7.085343141183204
6.289308,70280.57777,6.289308,75301.8125,5021.2347299999965,7.144555280169257
6.285355,70224.841701,6.285355,75217.835938,4992.994237000006,7.110011380672014
6.281407,70186.283692,6.281407,75044.789062,4858.505369999999,6.922300361877948
6.277464,69957.003914,6.277464,75014.03125,5057.027335999999,7.228764888526011
6.273526,69865.962635,6.273526,74975.507812,5109.545176999993,7.313354005717683
6.269592,69729.122335,6.269592,74742.679688,5013.557353000011,7.190047981549733
6.265664,69613.504751,6.265664,74151.507812,4538.003060999996,6.518854462552838
6.261741,69516.243792,6.261741,74056.898438,4540.65464600001,6.531789403906996
6.257822,69340.842046,6.257822,74017.046875,4676.204828999995,6.743795851076986
6.253909,69252.4281,6.253909,73947.273438,4694.845337999999,6.779322352742169
6.25,69049.349882,6.25,73817.609375,4768.259493000005,6.905582023796882
6.246096,69022.116768,6.246096,73477.945312,4455.828543999989,6.455653278465951
6.242197,68902.234951,6.242197,73402.914062,4500.67911099999,6.531978409990124
6.238303,68816.63255,6.238303,73342.859375,4526.226825000005,6.577228000384052
6.234414,68708.263563,6.234414,73182.59375,4474.330187,6.512069953416004
6.23053,68620.359733,6.23053,73162.554688,4542.194954999999,6.619310905208832
6.22665,68480.101111,6.22665,73026.460938,4546.3598270000075,6.638950225308185
6.222775,68260.148258,6.222775,73022.164062,4762.015803999995,6.97627521405492
6.218905,68132.534496,6.218905,72911.765625,4779.231129000007,7.014609340975847
6.21504,68078.890515,6.21504,72619.289062,4540.39854699999,6.669319245147791
6.21118,67990.103248,6.21118,72595.171875,4605.068627000001,6.77314551237347
6.207325,67842.247265,6.207325,72464.3125,4622.065235000002,6.812960096893102
6.203474,67735.576515,6.203474,72399.84375,4664.267235000007,6.8859932622956395
6.199628,67678.689795,6.199628,72242.609375,4563.919580000002,6.7435105405027755
6.195787,67560.386058,6.195787,72197.21875,4636.832691999996,6.863241853028068
6.19195,67429.26481,6.19195,72086.210938,4656.9461280000105,6.906416881634707
6.188119,67311.442062,6.188119,72010.476562,4699.034499999994,6.981033767887119
6.184292,67173.063823,6.184292,71919.546875,4746.483051999996,7.066051154830315
6.18047,67092.74571,6.18047,71699.773438,4607.027728000001,6.866655521765798
6.176652,66928.62186,6.176652,71656.546875,4727.925015000001,7.0641302384647675
6.17284,66771.276163,6.17284,71357.585938,4586.3097750000015,6.868686714634661
6.169031,66741.412828,6.169031,71235.148438,4493.735610000003,6.733054365481979
6.165228,66491.018693,6.165228,71169.804688,4678.785994999998,7.036718773407165
6.161429,66431.919338,6.161429,71032.632812,4600.713473999989,6.925456196127568
6.157635,66380.234705,6.157635,70885.15625,4504.921545000005,6.786540549337163
6.153846,66294.94459,6.153846,70812.890625,4517.946035000001,6.814917883921864
6.150062,66150.736789,6.150062,70681.515625,4530.778835999998,6.849173653880461
6.146281,66067.407382,6.146281,70477.609375,4410.201992999995,6.675306581201716
6.142506,65913.153818,6.142506,70446.992188,4533.838369999998,6.878503162690216
6.138735,65594.050308,6.138735,70348.351562,4754.301253999991,7.248067822730783
6.134969,65480.19029,6.134969,70155.898438,4675.708148000005,7.140645326918162
6.131208,65406.601722,6.131208,70094.546875,4687.945153000001,7.16738835159995
6.127451,65226.187268,6.127451,69915.460938,4689.273670000002,7.189250002813766
6.123699,65162.607279,6.123699,69848.890625,4686.2833459999965,7.191675627611432
6.119951,65095.765699,6.119951,69761.796875,4666.031175999997,7.16794883030568
6.116208,64993.095533,6.116208,69673.695312,4680.5997789999965,7.201687718695348
6.112469,64851.6353,6.112469,69487.921875,4636.286574999998,7.149066563322264
6.108735,64656.640049,6.108735,69407.796875,4751.156825999999,7.348289088946373
6.105006,64560.851127,6.105006,69397.523438,4836.672311000002,7.491648927436858
6.101281,64506.850165,6.101281,69320.453125,4813.6029599999965,7.46215781376309
6.097561,64367.918179,6.097561,69101.171875,4733.253696,7.353436043771603
6.093845,64251.865297,6.093845,68839.0,4587.134703000003,7.139301998154103
6.090134,64139.860204,6.090134,68666.875,4527.014796000003,7.058036580687281
6.086427,64084.532505,6.086427,68232.382812,4147.850306999993,6.472467138113819
6.082725,64017.256505,6.082725,68185.8125,4168.555995000002,6.511612997152451
6.079027,63895.300275,6.079027,68004.554688,4109.254413000002,6.431231084781067
6.075334,63795.144331,6.075334,67843.84375,4048.699418999997,6.346406864436877
6.071645,63617.415093,6.071645,67802.335938,4184.920845000001,6.578262947154038
6.067961,63538.912493,6.067961,67719.304688,4180.392195,6.579263054684086
6.064281,63439.722252,6.064281,67694.21875,4254.496498,6.706360537172549
6.060606,63258.420425,6.060606,67615.453125,4357.032700000003,6.887672298371342
6.056935,63209.552366,6.056935,67501.140625,4291.5882589999965,6.789461558200202
6.053269,63098.435531,6.053269,67485.546875,4387.111343999997,6.952805259085429
6.049607,63045.981602,6.049607,67235.835938,4189.854336000004,6.645711954252592
6.045949,62859.336291,6.045949,67084.195312,4224.859020999997,6.721132086793761
6.042296,62772.561012,6.042296,67063.9375,4291.376488000002,6.836389050909736
6.038647,62647.609213,6.038647,66860.546875,4212.937661999997,6.724817937865968
6.035003,62610.831915,6.035003,66805.96875,4195.1368349999975,6.700337156828205
6.031363,62540.296821,6.031363,66787.476562,4247.179740999993,6.7911090239243315
6.027728,62448.480638,6.027728,66773.390625,4324.909986999999,6.9255647900715855
6.024096,62312.782209,6.024096,66688.25,4375.467791000003,7.021782106156772
6.02047,62169.000991,6.02047,66453.015625,4284.014633999999,6.8909176047724845
6.016847,62046.229281,6.016847,66405.921875,4359.692594,7.026523036968888
6.013229,62009.711424,6.013229,65929.054688,3919.343264000003,6.32053137161202
6.009615,61801.286469,6.009615,65695.320312,3894.0338429999974,6.300894472404349
6.006006,61747.125068,6.006006,65682.226562,3935.101493999995,6.372930706759873
6.002401,61702.19235,6.002401,65655.945312,3953.7529619999987,6.407799806484508
5.9988,61599.919645,5.9988,65387.648438,3787.7287929999948,6.148918399291192
5.995204,61543.744038,5.995204,65298.121094,3754.377056000005,6.100339059128213
5.991612,61438.226621,5.991612,64838.316406,3400.0897849999965,5.534160036835801
5.988024,61270.209232,5.988024,64786.378906,3516.169673999997,5.738791686977924
5.98444,61199.44769,5.98444,64775.8125,3576.364809999999,5.84378608793291
5.980861,61076.91163,5.980861,64707.105469,3630.1938389999996,5.943643419614076
5.977286,60971.373758,5.977286,64701.820312,3730.446554000002,6.118357393104552
5.973716,60881.522596,5.973716,64368.453125,3486.9305289999975,5.727403619877755
5.970149,60816.144247,5.970149,63938.878906,3122.7346590000016,5.134713319406209
5.966587,60665.594623,5.966587,63811.390625,3145.7960020000028,5.185469657965481
5.963029,60566.880091,5.963029,63795.449219,3228.569128000003,5.330585169896766
5.959476,60428.932789,5.959476,63625.300781,3196.3679919999995,5.289466228306188
5.955926,60299.630573,5.955926,63556.128906,3256.498332999996,5.400527834175717
5.952381,60203.581167,5.952381,63545.488281,3341.9071140000015,5.55101050339483
5.94884,60119.871963,5.94884,63449.660156,3329.7881930000003,5.538581644101431
5.945303,59956.242854,5.945303,63444.335938,3488.093084,5.817731261936957
5.941771,59834.993728,5.941771,63391.074219,3556.0804910000006,5.943145088583706
5.938242,59767.136224,5.938242,63380.417969,3613.2817450000002,6.045599594161342
5.934718,59732.536554,5.934718,63312.695312,3580.158758000005,5.9936492982571306
5.931198,59598.504194,5.931198,63299.820312,3701.3161180000025,6.210417808392962
5.927682,59496.190024,5.927682,62868.246094,3372.0560699999987,5.667684046053629
5.924171,59431.569154,5.924171,62844.828125,3413.258971000003,5.7431749145904485
5.920663,59375.872599,5.920663,62486.640625,3110.768025999998,5.239111258219031
5.91716,59342.247486,5.91716,62247.359375,2905.111889,4.89552049690294
5.913661,59280.74094,5.913661,62177.636719,2896.8957789999986,4.88674016732018
5.910165,59202.969042,5.910165,61651.175781,2448.206739000001,4.135276960963199
5.906675,59052.3418,5.906675,61618.890625,2566.548824999998,4.346227002635141
5.903188,58938.503364,5.903188,61597.367188,2658.863824,4.51125100272575
5.899705,58794.700373,5.899705,61586.601562,2791.901189000004,4.748559260082759
5.896226,58710.407463,5.896226,61554.308594,2843.9011309999987,4.843947187374333
5.892752,58633.909901,5.892752,61473.546875,2839.636974000001,4.8429944016944555
5.889282,58538.82817,5.889282,61171.707031,2632.8788609999974,4.4976623948705825
5.885815,58341.149912,5.885815,61139.335938,2798.1860259999958,4.796247640337384
5.882353,58272.095936,5.882353,60880.164062,2608.0681260000056,4.475672419376224
5.878895,58217.874339,5.878895,60669.3125,2451.438160999998,4.210799842545584
5.875441,58172.349135,5.875441,60496.121094,2323.771959000005,3.9946331780538045
5.871991,58137.533228,5.871991,60349.863281,2212.330052999998,3.8053387031813433
5.868545,58033.657501,5.868545,60236.023438,2202.365936999995,3.794980416255938
5.865103,57838.068354,5.865103,60089.554688,2251.486333999994,3.892741230947911
5.861665,57690.230583,5.861665,60084.128906,2393.8983230000013,4.149573157895175
5.858231,57563.186063,5.858231,60059.539062,2496.3529990000025,4.336717909025866
5.854801,57435.996614,5.854801,59584.148438,2148.151823999993,3.740079306774633
5.851375,57372.6327,5.851375,59540.609375,2167.976674999998,3.7787644961950613
5.847953,57341.27321,5.847953,59257.339844,1916.0666340000025,3.3415139335724606
5.844535,57221.851214,5.844535,59164.640625,1942.789410999998,3.3951879741434707
5.841121,57053.499581,5.841121,59018.414062,1964.914481000007,3.4439858999540927
5.837712,56981.605619,5.837712,58667.625,1686.0193809999982,2.9588835953015162
5.834306,56822.225753,5.834306,58634.804688,1812.5789349999977,3.1899118891946965
5.830904,56686.034555,5.830904,58618.394531,1932.3599759999997,3.4088819074566152
5.827506,56549.04642,5.827506,58596.511719,2047.4652990000031,3.6206893460114395
5.824112,56479.738035,5.824112,58415.878906,1936.140870999996,3.4280273569969224
5.820722,56390.872007,5.820722,58087.003906,1696.131899,3.0078128580623
5.817336,56288.67856,5.817336,57905.878906,1617.2003459999978,2.8730472758854506
5.813953,56153.081739,5.813953,57834.476562,1681.3948230000024,2.9943055143707693
5.810575,56062.957553,5.810575,57834.476562,1771.5190090000033,3.1598743382834735
5.807201,55919.993398,5.807201,57826.773438,1906.7800399999978,3.409835953357238
5.803831,55804.410116,5.803831,57708.085938,1903.6758219999974,3.411335803107403
5.800464,55703.745344,5.800464,57647.609375,1943.8640309999973,3.4896469151142564
5.797101,55580.333275,5.797101,57647.609375,2067.2761000000028,3.719438114506345
5.793743,55322.645866,5.793743,57565.726562,2243.0806960000045,4.05454341687325
5.790388,55246.703243,5.790388,57465.632812,2218.929569,4.0164017737676465
5.787037,55191.082605,5.787037,57388.679688,2197.5970829999933,3.981797383334719
5.78369,55098.79907,5.78369,57080.378906,1981.5798359999972,3.596412026117863
5.780347,55027.639234,5.780347,57058.316406,2030.677171999996,3.6902858277541717
5.777008,54887.980545,5.777008,57019.703125,2131.7225800000015,3.8837693768899095
5.773672,54782.958055,5.773672,56947.476562,2164.5185070000007,3.9510800143849596
5.77034,54738.885445,5.77034,56876.203125,2137.31768,3.9045692337808253
5.767013,54615.57378,5.767013,56622.058594,2006.484814000003,3.6738327094803305
5.763689,54536.550522,5.763689,56537.050781,2000.5002590000004,3.6681826038722423
5.760369,54385.527426,5.760369,56533.582031,2148.0546049999975,3.9496805614743025
5.757052,54289.682402,5.757052,56362.042969,2072.3605670000034,3.8172272802311675
5.75374,54240.423421,5.75374,56335.003906,2094.5804849999986,3.861659538942777
5.750431,54166.272348,5.750431,56267.910156,2101.6378079999995,3.8799749676287245
5.747126,53974.92405,5.747126,56051.777344,2076.8532940000005,3.847811424572075
5.743825,53914.523625,5.743825,55818.753906,1904.2302809999965,3.5319430701915926
5.740528,53821.631202,5.740528,55557.65625,1736.0250480000032,3.225515483699225
5.737235,53753.833284,5.737235,55385.25,1631.4167159999997,3.0349774450143188
5.733945,53632.847631,5.733945,55374.121094,1741.273463000005,3.2466548764670518
5.730659,53578.217177,5.730659,55084.566406,1506.3492289999995,2.8114956196165544
5.727377,53428.890166,5.727377,55073.421875,1644.5317090000026,3.0779821626287807
5.724098,53360.032863,5.724098,55056.703125,1696.6702619999996,3.1796649495253133
5.720824,53274.468771,5.720824,54911.746094,1637.277323000002,3.0732869998907533
5.717553,53167.162403,5.717553,54710.859375,1543.696971999998,2.903478203893939
5.714286,53115.57007,5.714286,54660.605469,1545.0353990000003,2.9088182560477605
5.711022,52994.4786,5.711022,54493.003906,1498.525305999996,2.827700820137885
5.707763,52953.592195,5.707763,54020.757812,1067.165617000006,2.0152846535324764
5.704507,52866.329243,5.704507,53955.71875,1089.3895069999999,2.060649041836483
5.701254,52717.830342,5.701254,53720.199219,1002.3688770000008,1.9013849213771967
5.698006,52648.396826,5.698006,53697.753906,1049.3570800000016,1.9931415641544947
5.694761,52576.685107,5.694761,53669.695312,1093.010205000006,2.0788876338924682
5.69152,52479.641196,5.69152,53579.878906,1100.2377100000012,2.096503872598621
5.688282,52402.792854,5.688282,53568.648438,1165.8555839999972,2.224796657781581
5.685048,52349.127336,5.685048,53411.367188,1062.2398519999988,2.029145290583491
5.681818,52296.475969,5.681818,53323.898438,1027.4224689999974,1.9646112858713976
5.678592,52226.887437,5.678592,53304.566406,1077.6789690000005,2.0634562423425633
5.675369,52129.393105,5.675369,53197.714844,1068.321738999999,2.0493653874852624
5.67215,52009.837862,5.67215,53025.351562,1015.5137000000032,1.9525415608764454
5.668934,51844.973406,5.668934,52916.246094,1071.2726880000046,2.0663000048448796
5.665722,51797.068865,5.665722,52859.90625,1062.837384999999,2.051925733037324
5.662514,51680.523807,5.662514,52662.742188,982.2183809999988,1.9005580993491398
5.65931,51605.362851,5.65931,52227.832031,622.46918,1.2062102572503044
5.656109,51538.920522,5.656109,52227.832031,688.9115089999977,1.3366820686629004
5.652911,51435.144112,5.652911,52171.300781,736.1566689999963,1.4312328306051123
5.649718,51369.278402,5.649718,51831.792969,462.51456699999835,0.9003719370564313
5.646527,51297.475291,5.646527,51758.160156,460.6848649999956,0.8980653772658895
5.643341,51240.674765,5.643341,51746.828125,506.1533599999966,0.9877960474199788
5.640158,51065.441886,5.640158,51571.125,505.6831139999995,0.9902648353242518
5.636979,50904.351895,5.636979,51559.78125,655.4293550000002,1.28757037581374
5.633803,50748.240672,5.633803,51395.269531,647.0288589999982,1.274977911415542
5.630631,50703.263159,5.630631,51196.546875,493.2837159999981,0.972883568564637
5.627462,50576.605642,5.627462,51000.632812,424.0271700000012,0.8383859782948326
5.624297,50402.798091,5.624297,50781.460938,378.6628469999996,0.7512734636603722
5.621135,50263.02114,5.621135,50758.691406,495.670266000001,0.986152950534722
5.617978,50166.399099,5.617978,50718.839844,552.4407449999999,1.1012166607967924
5.614823,50101.83611,5.614823,50650.507812,548.6717020000069,1.0951129631165266
5.611672,50001.813442,5.611672,50565.0625,563.2490580000012,1.1264572607018473
5.608525,49915.38549,5.608525,50479.578125,564.1926349999994,1.1302980623339656
5.605381,49851.232205,5.605381,50268.574219,417.34201400000165,0.8371749213415489
5.602241,49780.63303,5.602241,50200.097656,419.46462600000086,0.8426261388584855
5.599104,49693.54033,5.599104,50065.242188,371.7018579999931,0.7479882808341521
5.595971,49639.865257,5.595971,50051.648438,411.7831809999989,0.8295412948203582
5.592841,49552.509248,5.592841,50023.089844,470.5805959999998,0.9496604776255462
5.589715,49456.336462,5.589715,49880.234375,423.8979130000007,0.85711547462822
5.586592,49298.191449,5.586592,49794.476562,496.28511300000537,1.0067004456206525
5.583473,49143.409191,5.583473,49783.039062,639.6298710000046,1.3015577908199842
5.580357,49094.271418,5.580357,49697.242188,602.9707699999999,1.2281896697603822
5.577245,49042.754714,5.577245,49668.167969,625.4132549999995,1.275240876347971
5.574136,48998.922633,5.574136,49565.617188,566.6945549999946,1.1565449290477556
5.571031,48962.605379,5.571031,49525.542969,562.9375900000014,1.1497296470286376
5.567929,48843.285164,5.567929,49502.636719,659.3515550000011,1.3499328572722151
5.56483,48568.5357,5.56483,49496.914062,928.3783620000031,1.9114810620078118
5.561735,48472.339888,5.561735,49198.933594,726.5937059999997,1.498986241800714
5.558644,48341.546374,5.558644,48779.917969,438.37159500000416,0.9068216221477304
5.555556,48197.712469,5.555556,48498.207031,300.49456199999986,0.6234622902347765
5.552471,48152.56088,5.552471,48423.402344,270.84146400000463,0.5624653373575771
5.54939,48116.85454,5.54939,48083.597656,33.256884000002174,0.06911691198009506
5.546312,48028.703965,5.546312,48077.832031,49.12806599999749,0.10228896877125526
5.543237,47919.061656,5.543237,47847.148438,71.9132180000015,0.15007225833479396
5.540166,47778.595583,5.540166,47627.773438,150.82214500000555,0.3156688537192358
5.537099,47687.510228,5.537099,47616.21875,71.29147799999919,0.1494971695086316
5.534034,47596.605272,5.534034,47552.671875,43.933397000000696,0.09230363541461582
5.530973,47540.155129,5.530973,47246.230469,293.92465999999695,0.618266093584326
5.527916,47504.24189,5.527916,47234.660156,269.5817339999994,0.5674898141185755
5.524862,47424.950751,5.524862,47223.085938,201.86481300000014,0.42565107565397664
5.521811,47363.805214,5.521811,47089.957031,273.8481830000019,0.5781802829453758
5.518764,47256.874553,5.518764,46962.539062,294.335490999998,0.6228416368710376
5.51572,47173.113232,5.51572,46875.625,297.48823200000334,0.6306309073495735
5.512679,47092.727901,5.512679,46800.269531,292.4583700000003,0.6210266065172878
5.509642,46937.883969,5.509642,46666.882812,271.0011569999988,0.5773612572287681
5.506608,46906.202655,5.506608,46574.050781,332.15187400000286,0.7081193002192363
5.503577,46837.216518,5.503577,46533.503906,303.712612000003,0.6484429147989255
5.50055,46693.190743,5.50055,46347.601562,345.58918099999573,0.7401275764214179
5.497526,46638.134284,5.497526,46301.121094,337.01318999999785,0.7226129329011687
5.494505,46523.841557,5.494505,46001.117188,522.7243690000032,1.1235623532067374
5.491488,46339.503814,5.491488,45905.660156,433.84365800000523,0.9362285356817592
5.488474,46212.0132,5.488474,45824.15625,387.85695000000123,0.8392989682604894
5.485464,46144.129016,5.485464,45556.148438,587.9805780000024,1.2742261920170304
5.482456,46040.508521,5.482456,45304.226562,736.2819589999999,1.599204662702991
5.479452,45943.110539,5.479452,45235.214844,707.8956949999993,1.5408092458151774
5.476451,45883.353597,5.476451,45176.902344,706.4512529999993,1.5396678699749387
5.473454,45734.735483,5.473454,45048.398438,686.3370450000002,1.500690968804483
5.47046,45563.708887,5.47046,45042.558594,521.1502929999988,1.1437837387041394
5.467469,45457.580226,5.467469,44837.964844,619.6153819999963,1.3630628355479424
5.464481,45398.341393,5.464481,44697.570312,700.771080999999,1.5436050293856136
5.461496,45218.130799,5.461496,44691.71875,526.4120489999987,1.1641614540414402
5.458515,45162.129856,5.458515,44668.308594,493.82126199999766,1.0934410391506175
5.455537,44978.121543,5.455537,44363.785156,614.336387000003,1.3658560338334382
5.452563,44900.038757,5.452563,44264.140625,635.8981320000021,1.416252969048639
5.449591,44841.925292,5.449591,44117.53125,724.3940419999999,1.6154392062404044
5.446623,44669.440003,5.446623,43955.304688,714.1353150000068,1.5987111433500072
5.443658,44526.510681,5.443658,43824.027344,702.4833369999978,1.5776743478346618
5.440696,44440.044592,5.440696,43788.78125,651.2633419999984,1.4654875979067703
5.437738,44381.759954,5.437738,43759.40625,622.353704000001,1.4022736021398134
5.434783,44281.390997,5.434783,43565.4375,715.9534970000022,1.6168270257104322
5.431831,44191.140979,5.431831,43407.015625,784.1253540000034,1.7743949050164292
5.428882,44074.650451,5.428882,43383.082031,691.5684200000032,1.5690842988507747
5.425936,43993.222786,5.425936,43330.109375,663.1134109999985,1.50730810112648
5.422993,43886.015121,5.422993,43278.476562,607.5385589999933,1.384355716336794
5.420054,43777.42218,5.420054,43212.359375,565.0628050000014,1.2907630848537126
5.417118,43612.420997,5.417118,43112.222656,500.198341000003,1.146917161591214
5.414185,43476.146518,5.414185,43104.640625,371.5058930000014,0.8545051085569197
5.411255,43413.661422,5.411255,42935.40625,478.2551719999974,1.1016236740576786
5.408329,43361.213648,5.408329,42870.542969,490.6706789999953,1.1315888964344685
5.405405,43215.892353,5.405405,42846.949219,368.943134000001,0.8537209667831592
5.402485,43131.230849,5.402485,42581.378906,549.8519430000015,1.2748348057234955
5.399568,43069.703325,5.399568,42262.304688,807.3986370000057,1.874632455458191
5.396654,43003.21318,5.396654,42138.105469,865.1077109999969,2.0117280710603795
5.393743,42925.703096,5.393743,41801.921875,1123.7812209999975,2.6179681168803413
5.390836,42826.564574,5.390836,41765.117188,1061.447386000007,2.478478945388983
5.387931,42705.966802,5.387931,41670.296875,1035.6699270000026,2.4251176230284996
5.38503,42620.418051,5.38503,41599.15625,1021.2618010000006,2.3961796896922714
5.382131,42480.966308,5.382131,41545.789062,935.1772459999993,2.201402951193902
5.379236,42364.041685,5.379236,41527.996094,836.0455909999946,1.9734792945782995
5.376344,42303.394681,5.376344,41450.882812,852.5118689999945,2.015232761882556
5.373455,42240.960792,5.373455,41070.886719,1170.0740729999961,2.7699987193984374
5.370569,42049.109936,5.370569,40910.398438,1138.7114980000042,2.708051370726175
5.367687,41945.13722,5.367687,40809.292969,1135.844250999995,2.7079283232345928
5.364807,41836.928926,5.364807,40690.296875,1146.6320510000005,2.740717544129808
5.36193,41760.998283,5.36193,40666.488281,1094.5100020000027,2.620890416897802
5.359057,41667.04218,5.359057,40547.421875,1119.6203049999967,2.6870645153147197
5.356186,41618.402659,5.356186,40505.734375,1112.6682839999994,2.6735006941920303
5.353319,41467.22129,5.353319,40464.039062,1003.1822279999978,2.4192173885591886
5.350455,41338.391026,5.350455,40452.125,886.2660259999975,2.143929659581032
5.347594,41181.875209,5.347594,40391.78125,790.093958999998,1.918547795578111
5.344735,41084.230679,5.344735,40297.1875,787.0431790000002,1.9156819197841117
5.34188,41018.760528,5.34188,40189.867188,828.8933400000024,2.0207664232910885
5.339028,40939.956479,5.339028,40130.226562,809.7299169999969,1.9778475275501206
5.336179,40856.335821,5.336179,40095.425781,760.9100400000025,1.8624040181520578
5.333333,40767.106159,5.333333,40058.636719,708.4694400000008,1.7378457946875745
5.33049,40738.980323,5.33049,40052.667969,686.3123540000015,1.68465766339402
5.327651,40634.990621,5.327651,40004.929688,630.0609330000007,1.5505379067920535
5.324814,40474.339688,5.324814,39509.089844,965.2498439999981,2.384843956543112
5.32198,40414.787251,5.32198,39401.691406,1013.0958450000035,2.5067454610315583
5.319149,40335.164083,5.319149,39341.59375,993.5703330000033,2.4632857100952315
5.316321,40232.645732,5.316321,39329.988281,902.6574509999991,2.243594560031753
5.313496,40163.517676,5.313496,39179.972656,983.545020000005,2.448851786176412
5.310674,40122.447043,5.310674,39000.273438,1122.1736050000036,2.796872293948942
5.307856,40061.474504,5.307856,38994.28125,1067.193253999998,2.6638891034663303
5.30504,40013.073506,5.30504,38946.339844,1066.7336619999987,2.6659628179775816
5.302227,39943.052422,5.302227,38838.433594,1104.6188279999988,2.7654842607661907
5.299417,39813.88018,5.299417,38718.484375,1095.395805,2.7512912583442657
5.29661,39791.573676,5.29661,38424.371094,1367.202581999998,3.4359098062628686
5.293806,39697.43954,5.293806,38352.289062,1345.150477999996,3.3885069001606345
5.291005,39563.088126,5.291005,38298.214844,1264.8732820000005,3.197104528270515
5.288207,39446.979087,5.288207,38280.1875,1166.7915869999997,2.957873109691493
5.285412,39410.551048,5.285412,38208.066406,1202.484642000003,3.051174393718675
5.28262,39290.249982,5.28262,37655.328125,1634.9218570000012,4.161138851875481
5.279831,39248.315476,5.279831,37545.996094,1702.3193820000015,4.337305592238614
5.277045,39105.270451,5.277045,37437.492188,1667.7782630000002,4.264842676615095
5.274262,39024.759133,5.274262,37437.492188,1587.266945000003,4.067333098944827
5.271481,38885.641433,5.271481,37401.316406,1484.325026999999,3.81715453905394
5.268704,38755.813598,5.268704,37316.882812,1438.9307859999972,3.712812743206747
5.265929,38728.731822,5.265929,37087.5625,1641.1693220000016,4.2376015035631225
5.263158,38682.816838,5.263158,36954.707031,1728.1098070000007,4.4673835781845
5.260389,38583.345716,5.260389,36706.929688,1876.416028000007,4.86327972128628
5.257624,38496.169065,5.257624,36676.695312,1819.4737529999984,4.72637614908604
5.254861,38389.973577,5.254861,36579.929688,1810.0438890000005,4.714887040413137
5.252101,38259.599157,5.252101,36458.027344,1801.571812999995,4.70880995278378
5.249344,38209.752573,5.249344,36449.074219,1760.678353999996,4.607929220782594
5.24659,38173.6308,5.24659,36422.601562,1751.0292379999955,4.587012556321982
5.243838,38115.339864,5.243838,35846.945312,2268.394551999998,5.951395317722197
5.24109,38014.158313,5.24109,35763.410156,2250.748157000002,5.920815445834285
5.238345,37959.334059,5.238345,35507.019531,2452.3145280000026,6.460372893234593
5.235602,37853.216038,5.235602,35268.835938,2584.380100000002,6.827372600007356
5.232862,37802.319875,5.232862,35020.652344,2781.667530999999,7.358457206325089
5.230126,37725.409943,5.230126,34944.054688,2781.355255000002,7.372630964653272
5.227392,37610.43247,5.227392,34929.359375,2681.0730949999997,7.12853567195368
5.22466,37503.664216,5.22466,34912.8125,2590.8517159999974,6.908262886202666
5.221932,37466.19963,5.221932,34862.394531,2603.8050990000047,6.949744368828593
5.219207,37360.289529,5.219207,34728.40625,2631.8832790000015,7.044600864126246
5.216484,37302.710283,5.216484,34685.761719,2616.9485639999984,7.01543813880093
5.213764,37189.344323,5.213764,34661.390625,2527.9536979999975,6.797521558982066
5.211047,37153.503945,5.211047,34380.949219,2772.554725999995,7.462431349959164
5.208333,37097.869187,5.208333,34149.058594,2948.8105929999947,7.9487330610172355
5.205622,37052.467381,5.205622,34106.320312,2946.1470689999987,7.951284427850931
5.202914,37004.80521,5.202914,34026.933594,2977.8716159999967,8.047256563305112
5.200208,36841.381965,5.200208,33617.40625,3223.9757150000005,8.750963028647615
5.197505,36707.331273,5.197505,33452.199219,3255.1320540000015,8.867798178491682
5.194805,36636.049255,5.194805,33403.230469,3232.818785999996,8.824146849182405
5.192108,36547.58568,5.192108,33378.742188,3168.843492,8.670459164513545
5.189414,36446.264249,5.189414,33329.757812,3116.5064369999964,8.550962632845165
5.186722,36337.339415,5.186722,33299.140625,3038.198790000002,8.361093131507142
5.184033,36270.498545,5.184033,33182.691406,3087.807139000004,8.51327459745013
5.181347,36173.754202,5.181347,33176.632812,2997.121389999993,8.285347916236702
5.178664,36111.310363,5.178664,33062.644531,3048.6658319999988,8.442412644000013
5.175983,36037.252632,5.175983,32845.582031,3191.6706010000053,8.856586914635932
5.173306,35857.072114,5.173306,32827.179688,3029.892426000006,8.449915866992992
5.170631,35772.425304,5.170631,32827.179688,2945.245616,8.233284690570503
5.167959,35640.890385,5.167959,32704.460938,2936.4294469999986,8.2389340313334
5.165289,35581.064503,5.165289,32292.603516,3288.460987000002,9.242165834366022
5.162623,35458.445735,5.162623,32249.923828,3208.521907000002,9.048681747020185
5.159959,35391.3429,5.159959,31979.304688,3412.038212000003,9.640883708880125
5.157298,35325.444242,5.157298,31949.185547,3376.258694999997,9.557583117343537
5.154639,35257.959073,5.154639,31474.269531,3783.6895419999964,10.731447994950699
5.151984,35208.430043,5.151984,31400.287109,3808.1429339999995,10.815997558962783
5.149331,35109.262177,5.149331,31252.259766,3857.0024109999977,10.985711951322953
5.14668,35017.103371,5.14668,31227.582031,3789.5213399999957,10.821915507546953
5.144033,34959.212649,5.144033,30912.742188,4046.470461000001,11.574832939253135
5.141388,34917.038818,5.141388,30857.144531,4059.894286999999,11.627258279723
5.138746,34837.457629,5.138746,30844.789062,3992.668566999997,11.460849438325118
5.136107,34793.369521,5.136107,30680.126953,4113.2425680000015,11.82191499307763
5.13347,34758.650875,5.13347,30560.447266,4198.203609,12.078154655937865
5.130836,34635.016859,5.130836,30560.447266,4074.569593000004,11.764306654123127
5.128205,34599.018499,5.128205,30424.357422,4174.661076999997,12.065836714763039
5.125577,34501.336613,5.125577,30411.982422,4089.3541909999985,11.852741349907998
5.122951,34435.622042,5.122951,30374.853516,4060.7685260000035,11.792348403194856
5.120328,34333.372746,5.120328,30226.292969,4107.079777000003,11.962354550438091
5.117707,34282.076187,5.117707,30182.947266,4099.1289209999995,11.957061464539938
5.11509,34160.797473,5.11509,30121.015625,4039.7818479999987,11.825783198395648
5.112474,34123.496129,5.112474,29786.349609,4337.146519999998,12.71014700136208
5.109862,34080.607171,5.109862,29718.128906,4362.478265000002,12.80047108055087
5.107252,33970.265914,5.107252,29662.298828,4307.967086000004,12.681581877828583
5.104645,33942.800652,5.104645,29140.712891,4802.087760999999,14.147588498172578
5.102041,33818.113362,5.102041,29103.419922,4714.6934399999955,13.941326027068381
5.099439,33701.169833,5.099439,28956.046875,4745.122958,14.07999479398962
5.09684,33613.729896,5.09684,28842.242188,4771.487707999997,14.19505577858469
5.094244,33563.564168,5.094244,28686.667969,4876.896198999999,14.530328705822324
5.09165,33525.754964,5.09165,28549.695312,4976.059652,14.842498423505448
5.089059,33492.175956,5.089059,28206.984375,5285.191580999999,15.78037684963606
5.08647,33394.268254,5.08647,28200.75,5193.518254000002,15.552124737387881
5.083884,33371.916819,5.083884,28076.025391,5295.891427999999,15.869305490372165
5.081301,33277.643611,5.081301,27938.769531,5338.874079999998,16.043425857939113
5.07872,33200.15026,5.07872,27888.841797,5311.308463000001,15.997844652525984
5.076142,33127.148365,5.076142,27634.988281,5492.160083999999,16.57903065934483
5.073567,33066.284208,5.073567,27526.619141,5539.665066999998,16.75321312837365
5.070994,33020.329049,5.070994,27432.869141,5587.459908000001,16.921272649065905
5.068424,32914.862272,5.068424,27414.115234,5500.747037999998,16.71204634715841
5.065856,32873.611618,5.065856,27307.824219,5565.787399000004,16.930866810972628
5.063291,32749.861765,5.063291,27201.494141,5548.367624000002,16.941652040588398
5.060729,32704.919741,5.060729,26873.548828,5831.3709130000025,17.830255995673937
5.058169,32620.23733,5.058169,26669.283203,5950.954127000001,18.2431355933976
5.055612,32584.555098,5.055612,26575.265625,6009.289473000001,18.442140624374655
5.053057,32494.135545,5.053057,26525.111328,5969.024217000002,18.369543047956167
5.050505,32397.68849,5.050505,26249.113281,6148.575208999999,18.978437955219682
5.047956,32320.403147,5.047956,26111.021484,6209.381663,19.211956097077206
5.045409,32241.136213,5.045409,26060.791016,6180.345197000002,19.169129636653484
5.042864,32035.769451,5.042864,26054.511719,5981.257732000002,18.670560546855526
5.040323,31946.82607,5.040323,25997.990234,5948.835835999998,18.62105431996675
5.037783,31891.846556,5.037783,25992.201172,5899.6453839999995,18.498914365590615
5.035247,31802.109802,5.035247,25746.662109,6055.447692999998,19.041025047398517
5.032713,31715.574208,5.032713,25608.341797,6107.232411000001,19.256256787113443
5.030181,31661.811838,5.030181,25571.259766,6090.552072000002,19.236271452697533
5.027652,31600.284381,5.027652,25558.029297,6042.255084,19.120888315906956
5.025126,31554.266968,5.025126,25016.644531,6537.622436999998,20.718663639469014
5.022602,31424.354716,5.022602,24978.839844,6445.514872000003,20.511208361323042
5.02008,31349.593012,5.02008,24928.423828,6421.169184000002,20.4824642589207
5.017561,31234.304558,5.017561,24840.177734,6394.126823999999,20.4714877263444
5.015045,31185.627422,5.015045,24764.517578,6421.109844000002,20.589965233376095
5.012531,31061.886201,5.012531,24650.992188,6410.894013000001,20.639100830887756
5.01002,30976.868568,5.01002,24436.445312,6540.423256000002,21.113894200256407
5.007511,30933.961426,5.007511,24145.941406,6788.02002,21.943584678730048
5.005005,30869.285786,5.005005,24145.941406,6723.344379999999,21.78004514457929
5.002501,30759.558762,5.002501,24063.794922,6695.76384,21.768075061830434
5.0,30724.435706,5.0,24025.873047,6698.562658999999,21.80206895611715
4.997501,30701.275055,4.997501,23621.095703,7080.179351999999,23.06151565143847
4.995005,30640.553867,4.995005,23614.767578,7025.786289,22.929697418318536
4.992511,30583.211849,4.992511,23399.513672,7183.698176999998,23.48902467297557
4.99002,30527.282166,4.99002,23227.070312,7300.211854000001,23.91373006710263
4.987531,30408.978116,4.987531,23209.464844,7199.513272,23.675617261902996
4.985045,30352.225113,4.985045,23165.103516,7187.121597000001,23.679060003814097
4.982561,30318.344763,4.982561,22894.980469,7423.364294000003,24.484728147360315
4.98008,30273.056507,4.98008,22695.769531,7577.286975999999,25.029804883586543
4.977601,30237.68197,4.977601,22479.898438,7757.783532000001,25.656012718490807
4.975124,30140.215885,4.975124,22410.027344,7730.188541000003,25.647422601399207
4.97265,30038.187011,4.97265,22340.140625,7698.046386000002,25.62753332343584
4.970179,29922.562046,4.970179,22213.037109,7709.524936999998,25.764922552915536
4.96771,29864.018926,4.96771,22085.882812,7778.136114000001,26.045175410829437
4.965243,29806.678662,4.965243,21978.542969,7828.135693,26.263025752614126
4.962779,29764.114208,4.962779,21939.59375,7824.520457999999,26.288437153950056
4.960317,29693.616249,4.960317,21875.970703,7817.645546,26.327697780034715
4.957858,29600.620946,4.957858,21850.517578,7750.103368,26.18223240025406
4.955401,29563.811777,4.955401,21468.482422,8095.329354999998,27.382562898394543
4.952947,29497.948402,4.952947,21365.886719,8132.0616830000035,27.568228041407238
4.950495,29405.348034,4.950495,21060.488281,8344.859752999997,28.378714454769366
4.948046,29325.492501,4.948046,20983.933594,8341.558907000002,28.444735946772436
4.945598,29270.633539,4.945598,20888.216797,8382.416741999998,28.637633452078585
4.943154,29234.685898,4.943154,20849.921875,8384.764023,28.68087603969645
4.940711,29193.507225,4.940711,20803.361328,8390.145897000002,28.739766799293854
4.938272,29176.312887,4.938272,20747.779297,8428.53359,28.888275302790145
4.935834,29104.043355,4.935834,20390.037109,8714.006246,29.940878453587636
4.933399,29034.663877,4.933399,20313.328125,8721.335751999999,30.03766735150209
4.930966,28981.357814,4.930966,20268.572266,8712.785548,30.063413881150602
4.928536,28906.340506,4.928536,20191.835938,8714.504568,30.147380870266705
4.926108,28849.242008,4.926108,20172.648438,8676.59357,30.07563792349882
4.923683,28796.990724,4.923683,19891.115234,8905.875489999999,30.926410246670883
4.92126,28749.731912,4.92126,19878.3125,8871.419412,30.857398737332613
4.918839,28675.598114,4.918839,19583.71875,9091.879364,31.7059798643264
4.916421,28615.029352,4.916421,19577.310547,9037.718805,31.583818048288403
4.914005,28603.263446,4.914005,19147.763672,9455.499774,33.057415954829786
4.911591,28459.254516,4.911591,18775.478516,9683.776000000002,34.02680837811726
4.90918,28425.858632,4.90918,18698.404297,9727.454334999999,34.220441538569595
4.906771,28320.841509,4.906771,18557.054688,9763.786821000002,34.475623960175035
4.904365,28256.21672,4.904365,18550.628906,9705.587813999999,34.34850429615476
4.901961,28207.856685,4.901961,18512.068359,9695.788325999998,34.37265168450709
4.899559,28100.600751,4.899559,18486.359375,9614.241376000002,34.21365066601953
4.89716,28025.154175,4.89716,18402.789062,9622.365113,34.33474461162353
4.894763,27965.139317,4.894763,18325.630859,9639.508458,34.46973157805849
4.892368,27905.347561,4.892368,18312.550781,9592.796779999997,34.37619531177857
4.889976,27783.169794,4.889976,18094.054688,9689.115106000001,34.87404489063175
4.887586,27715.592623,4.887586,17952.458984,9763.133639,35.226140648704686
4.885198,27613.552445,4.885198,17830.125,9783.427445000001,35.42980376931361
4.882812,27543.103534,4.882812,17714.189453,9828.914081000003,35.68557213919959
4.880429,27482.064826,4.880429,17578.884766,9903.180060000002,36.03506549708334
4.878049,27443.121047,4.878049,17501.542969,9941.578078000002,36.226120421848975
4.87567,27381.866496,4.87567,17501.542969,9880.323527,36.08345518901474
4.873294,27347.094945,4.873294,17353.259766,9993.835179000002,36.544412483663905
4.870921,27253.232004,4.870921,16811.167969,10442.064035000003,38.314956675477625
4.868549,27174.883238,4.868549,16740.117188,10434.766049999998,38.39856811384029
4.86618,27092.49163,4.86618,16610.900391,10481.591239000001,38.68817745575511
4.863813,27033.460558,4.863813,16539.810547,10493.650010999998,38.81726495387442
4.861449,26980.558818,4.861449,16442.847656,10537.711162,39.0566823803879
4.859086,26964.366693,4.859086,16384.65625,10579.710443,39.23589440632593
4.856727,26904.369522,4.856727,16378.19043,10526.179092,39.124422088362365
4.854369,26794.874378,4.854369,16332.923828,10461.95055,39.04459637470744
4.852014,26735.02462,4.852014,16138.783203,10596.241417,39.63430581273203
4.849661,26644.836059,4.849661,15899.366211,10745.469848,40.32852678922914
4.84731,26556.567617,4.84731,15873.46582,10683.101797000001,40.22772050617448
4.844961,26520.325239,4.844961,15866.990234,10653.335005,40.170453827366806
4.842615,26475.816508,4.842615,15782.798828,10693.017679999999,40.38786745923009
4.840271,26362.867328,4.840271,15627.317383,10735.549945,40.72223939615921
4.837929,26334.04796,4.837929,15419.905273,10914.142687,41.44498674711155
4.83559,26271.424678,4.83559,15406.9375,10864.487178,41.354769720951026
4.833253,26152.062333,4.833253,15270.753906,10881.308427000002,41.60784066834153
4.830918,26120.508502,4.830918,15251.294922,10869.213580000001,41.61179932300232
4.828585,26064.773482,4.828585,15134.519531,10930.253951,41.93496620466813
4.826255,26033.217085,4.826255,15063.137695,10970.07939,42.138777371164075
4.823927,25978.145108,4.823927,15050.158203,10927.986905,42.06607846545099
4.821601,25916.099364,4.821601,14952.793945,10963.305419000002,42.303069088510696
4.819277,25859.455341,4.819277,14835.921875,11023.533466,42.62863745827724
4.816956,25778.593886,4.816956,14803.451172,10975.142714,42.57463678017151
4.814636,25744.424907,4.814636,14686.532227,11057.89268,42.952572139194764
4.81232,25691.392575,4.81232,14400.574219,11290.818356000002,43.947864340319825
4.810005,25590.912107,4.810005,14237.999023,11352.913084,44.36306543718145
4.807692,25483.309527,4.807692,13801.946289,11681.363238000002,45.83927070235284
4.805382,25369.760598,4.805382,13665.167969,11704.592629,46.13599952505157
4.803074,25311.657413,4.803074,13658.65332,11653.004093000001,46.03809186756395
4.800768,25275.799381,4.800768,13600.017578,11675.781803,46.1935214273649
4.798464,25190.340353,4.798464,13515.305664,11675.034689,46.3472685378369
4.796163,25176.723588,4.796163,13411.017578,11765.70601,46.732474814983064
4.793864,25127.818551,4.793864,13404.499023,11723.319528,46.65474443874258
4.791567,25039.591231,4.791567,13267.575195,11772.016035999999,47.01361107455213
4.789272,24961.156732,4.789272,13048.97168,11912.185051999999,47.72288872626113
4.786979,24833.10425,4.786979,12988.924805,11844.179445,47.695122308359814
4.784689,24719.059343,4.784689,12980.526367,11738.532976,47.487781849288474
4.782401,24635.24038,4.782401,12869.5625,11765.67788,47.75954160996094
4.780115,24543.490648,4.780115,12758.566406,11784.924242,48.01649614970448
4.777831,24471.926059,4.777831,12543.009766,11928.916293000002,48.74531029654253
4.775549,24388.911028,4.775549,12118.073242,12270.837785999998,50.31318443005638
4.77327,24326.451344,4.77327,11889.066406,12437.384938000001,51.1270006550611
4.770992,24278.959596,4.770992,11823.610352,12455.349244,51.30100074820356
4.768717,24244.221521,4.768717,11686.117188,12558.104333,51.798340161684905
4.766444,24187.226881,4.766444,11476.509766,12710.717115,52.55136183050716
4.764173,24030.118766,4.764173,11397.87793,12632.240835999999,52.56836621995079
4.761905,23953.659151,4.761905,11286.455078,12667.204072999999,52.882125412021566
4.759638,23868.325349,4.759638,11266.789062,12601.536286999999,52.79606383247143
4.757374,23792.786434,4.757374,11260.233398,12532.553036000001,52.67375080579434
4.755112,23756.937815,4.755112,11207.785156,12549.152659000001,52.823106903434905
4.752852,23658.682772,4.752852,10991.359375,12667.323397,53.54196393381524
4.750594,23596.906881,4.750594,10938.874023,12658.032857999999,53.64276310380376
4.748338,23489.863572,4.748338,10545.013672,12944.8499,55.10823790151896
4.746084,23463.875227,4.746084,10499.038086,12964.837141,55.25445824942546
4.743833,23415.313838,4.743833,10472.056641,12943.257196999999,55.27688967377743
4.741584,23378.763215,4.741584,10400.5,12978.263214999999,55.51304444827536
4.739336,23327.468477,4.739336,10341.365234,12986.103242999998,55.668720572074946
4.737091,23276.656468,4.737091,10173.385742,13103.270726,56.293612203341816
4.734848,23215.818914,4.734848,10157.333984,13058.484929999999,56.24822013978257
4.732608,23184.496813,4.732608,9774.871094,13409.625719000001,57.83876107882989
4.730369,23114.022233,4.730369,9492.798828,13621.223404999999,58.93056287517502
4.728132,23002.925986,4.728132,9137.049805,13865.876180999998,60.278749709663124
4.725898,22978.367485,4.725898,9130.458984,13847.908500999998,60.264979703365555
4.723666,22951.195618,4.723666,9084.320312,13866.875306000002,60.41896699762598
4.721435,22869.651948,4.721435,8833.757812,14035.894135999999,61.37344883041593
4.719207,22802.591457,4.719207,8825.073242,13977.518214999998,61.29793730400386
4.716981,22640.307608,4.716981,8728.210938,13912.096669999999,61.44835534427161
4.714757,22597.151155,4.714757,8550.040039,14047.111116,62.163194907389205
4.712535,22513.815794,4.712535,8497.233398,14016.582395999998,62.25769333928485
4.710316,22452.275533,4.710316,8160.431641,14291.843892,63.65432256963921
4.708098,22380.913465,4.708098,7962.183594,14418.729871000001,64.42422421027845
4.705882,22305.121086,4.705882,7810.128906,14494.99218,64.98504143560963
4.703669,22248.315211,4.703669,7795.943848,14452.371363000002,64.95939681695299
4.701457,22175.735924,4.701457,7763.840332,14411.895592,64.9894805809016
4.699248,22138.533762,4.699248,7757.227539,14381.306223,64.96051806143096
4.697041,22068.392094,4.697041,7750.614258,14317.777836,64.87911658907286
4.694836,22027.271559,4.694836,7598.481934,14428.789625000001,65.50420730208242
4.692633,21924.729169,4.692633,7241.082031,14683.647137999998,66.97299211687243
4.690432,21829.874556,4.690432,7181.48584,14648.388715999998,67.10248690812494
4.688233,21783.906998,4.688233,7095.387207,14688.519790999999,67.42830747647135
4.686036,21748.386973,4.686036,6803.844727,14944.542246,68.71563516206155
4.683841,21709.841453,4.683841,6704.40918,15005.432273000002,69.11811081386989
4.681648,21631.047716,4.681648,6631.474609,14999.573107,69.34279515229007
4.679457,21575.663146,4.679457,6525.365723,15050.297423,69.75589728647685
4.677268,21553.102765,4.677268,6412.595703,15140.507062,70.24745915741939
4.675082,21527.875522,4.675082,6379.422363,15148.453158999999,70.36668873117242
4.672897,21481.511934,4.672897,6332.975098,15148.536836,70.51895081939534
4.670715,21412.414889,4.670715,6122.498535,15289.916354,71.40678168838745
4.668534,21390.339896,4.668534,6014.344727,15375.995169000002,71.88289313661312
4.666356,21276.561545,4.666356,5947.933105,15328.62844,72.04466947152103
4.664179,21207.92157,4.664179,5795.147461,15412.774108999998,72.67460914605786
4.662005,21165.994014,4.662005,5688.830078,15477.163936,73.12278329929987
4.659832,21100.153595,4.659832,5383.02002,15717.133575,74.48824248712774
4.657662,21040.456225,4.657662,5336.464844,15703.991381000002,74.63712389629993
4.655493,21000.98752,4.655493,4983.811523,16017.175996999998,76.26868013585677
4.653327,20968.538639,4.653327,4937.213379,16031.325259999998,76.45418470022926
4.651163,20890.156521,4.651163,4897.268066,15992.888455,76.55705422275328
4.649,20799.280948,4.649,4817.366211,15981.914737,76.83878484528464
4.64684,20750.492023,4.64684,4817.366211,15933.125811999998,76.78432778528627
4.644682,20701.729801,4.644682,4764.090332,15937.639469000002,76.9869939478687
4.642526,20660.830797,4.642526,4744.110352,15916.720444999999,77.03814334180184
4.640371,20630.633434,4.640371,4737.449707,15893.183727,77.03681895102397
4.638219,20585.859486,4.638219,4690.825195,15895.034291,77.2133624141847
4.636069,20524.384953,4.636069,4637.53418,15886.850773000002,77.40475931132767
4.63392,20418.851666,4.63392,4277.647461,16141.204204999998,79.05049935730308
4.631774,20399.234023,4.631774,4097.59375,16301.640273,79.91300190301268
4.62963,20365.223848,4.62963,4057.572021,16307.651827000002,80.0759763247165
4.627487,20324.216569,4.627487,3643.800293,16680.416276,82.07163222931901
4.625347,20215.124559,4.625347,3463.489014,16751.635545,82.86684307142687
4.623209,20155.582225,4.623209,3390.008057,16765.574168,83.1807981572708
4.621072,20120.934043,4.621072,3383.327393,16737.60665,83.18503810126525
4.618938,20076.348065,4.618938,3009.049561,17067.298504,85.01196755875232
4.616805,19965.995176,4.616805,2774.967773,17191.027403,86.10153038434251
4.614675,19911.964025,4.614675,2741.517578,17170.446447000002,86.23180729656829
4.612546,19844.37265,4.612546,2741.517578,17102.855072000002,86.18491183191927
4.61042,19738.332415,4.61042,2681.30127,17057.031145,86.41576596429005
4.608295,19703.675857,4.608295,2480.521729,17223.154128,87.41086816996759
4.606172,19592.74177,4.606172,2366.70752,17226.03425,87.92048837379231
4.604052,19529.447205,4.604052,2252.864502,17276.582703,88.46426896597865
4.601933,19472.559973,4.601933,2185.88501,17286.674962999998,88.7745370252762
4.599816,19434.868147,4.599816,2172.487793,17262.380354,88.82170037600513
4.597701,19370.392318,4.597701,2172.487793,17197.904524999998,88.78449255268201
4.595588,19305.879684,4.595588,2038.495361,17267.384323,89.44106461675801
4.593477,19233.891891,4.593477,1978.185913,17255.705977999998,89.71510329677146
4.591368,19152.633608,4.591368,1937.97522,17214.658388,89.88141652127406
4.589261,19095.082642,4.589261,1906.670532,17188.41211,90.01486106267882
4.587156,19048.476347,4.587156,1770.392822,17278.083525,90.70585599735473
4.585053,18975.545001,4.585053,1696.637207,17278.907794,91.05882225300729
4.582951,18879.40851,4.582951,1669.814087,17209.594423000002,91.15536863289157
4.580852,18809.968305,4.580852,1629.576416,17180.391889,91.33663390827283
4.578755,18765.308561,4.578755,1394.787231,17370.521330000003,92.56720332380365
4.576659,18729.519792,4.576659,1347.815063,17381.704728999997,92.80379274018708
4.574565,18687.277296,4.574565,1180.018799,17507.258497,93.68544288015363
4.572474,18645.099563,4.572474,723.307434,17921.792129,96.12065662853657
4.570384,18596.404475,4.570384,723.307434,17873.097041,96.11049848387427
4.568296,18554.394935,4.568296,696.428223,17857.966712,96.24655923602072
4.56621,18523.365423,4.56621,360.308319,18163.057104,98.05484418855866
4.564126,18487.010813,4.564126,5.88026,18481.130553,99.96819247817031
