RP,Loss_gen,ReturnPeriod,Loss_expected,Loss_Diff,Percent_Diff
10000.0,310000.0,10000.0,310000.03125,0.03125,1.0080645161290323e-05
5000.0,310000.0,5000.0,310000.03125,0.03125,1.0080645161290323e-05
3333.333333,310000.0,3333.333333,310000.0,0.0,0.0
2500.0,310000.0,2500.0,310000.0,0.0,0.0
2000.0,310000.0,2000.0,310000.0,0.0,0.0
1666.666667,310000.0,1666.666667,310000.0,0.0,0.0
1428.571429,310000.0,1428.571429,310000.0,0.0,0.0
1250.0,310000.0,1250.0,310000.0,0.0,0.0
1111.111111,310000.0,1111.111111,310000.0,0.0,0.0
1000.0,310000.0,1000.0,310000.0,0.0,0.0
909.090909,310000.0,909.090909,310000.0,0.0,0.0
833.333333,310000.0,833.333333,310000.0,0.0,0.0
769.230769,310000.0,769.230769,310000.0,0.0,0.0
714.285714,310000.0,714.285714,310000.0,0.0,0.0
666.666667,310000.0,666.666667,310000.0,0.0,0.0
625.0,310000.0,625.0,310000.0,0.0,0.0
588.235294,310000.0,588.235294,310000.0,0.0,0.0
555.555556,310000.0,555.555556,310000.0,0.0,0.0
526.315789,310000.0,526.315789,310000.0,0.0,0.0
500.0,310000.0,500.0,310000.0,0.0,0.0
476.190476,310000.0,476.190476,310000.0,0.0,0.0
454.545455,310000.0,454.545455,310000.0,0.0,0.0
434.782609,310000.0,434.782609,310000.0,0.0,0.0
416.666667,310000.0,416.666667,310000.0,0.0,0.0
400.0,310000.0,400.0,310000.0,0.0,0.0
384.615385,310000.0,384.615385,310000.0,0.0,0.0
370.37037,310000.0,370.37037,310000.0,0.0,0.0
357.142857,310000.0,357.142857,310000.0,0.0,0.0
344.827586,310000.0,344.827586,310000.0,0.0,0.0
333.333333,310000.0,333.333333,310000.0,0.0,0.0
322.580645,310000.0,322.580645,310000.0,0.0,0.0
312.5,310000.0,312.5,310000.0,0.0,0.0
303.030303,310000.0,303.030303,310000.0,0.0,0.0
294.117647,310000.0,294.117647,310000.0,0.0,0.0
285.714286,310000.0,285.714286,310000.0,0.0,0.0
277.777778,310000.0,277.777778,310000.0,0.0,0.0
270.27027,310000.0,270.27027,310000.0,0.0,0.0
263.157895,310000.0,263.157895,310000.0,0.0,0.0
256.410256,310000.0,256.410256,310000.0,0.0,0.0
250.0,310000.0,250.0,310000.0,0.0,0.0
243.902439,310000.0,243.902439,310000.0,0.0,0.0
238.095238,310000.0,238.095238,310000.0,0.0,0.0
232.55814,310000.0,232.55814,310000.0,0.0,0.0
227.272727,310000.0,227.272727,310000.0,0.0,0.0
222.222222,310000.0,222.222222,310000.0,0.0,0.0
217.391304,310000.0,217.391304,310000.0,0.0,0.0
212.765957,310000.0,212.765957,310000.0,0.0,0.0
208.333333,310000.0,208.333333,310000.0,0.0,0.0
204.081633,310000.0,204.081633,310000.0,0.0,0.0
200.0,310000.0,200.0,310000.0,0.0,0.0
196.078431,310000.0,196.078431,310000.0,0.0,0.0
192.307692,310000.0,192.307692,310000.0,0.0,0.0
188.679245,310000.0,188.679245,310000.0,0.0,0.0
185.185185,310000.0,185.185185,310000.0,0.0,0.0
181.818182,310000.0,181.818182,310000.0,0.0,0.0
178.571429,310000.0,178.571429,310000.0,0.0,0.0
175.438596,310000.0,175.438596,310000.0,0.0,0.0
172.413793,310000.0,172.413793,310000.0,0.0,0.0
169.491525,310000.0,169.491525,310000.0,0.0,0.0
166.666667,310000.0,166.666667,310000.0,0.0,0.0
163.934426,310000.0,163.934426,310000.0,0.0,0.0
161.290323,309999.999988,161.290323,310000.0,1.1999974958598614e-05,3.870959664213912e-09
158.730159,309999.999862,158.730159,310000.0,0.00013800000306218863,4.4516130039877704e-08
156.25,309999.99966,156.25,310000.0,0.0003400000277906656,1.0967742843986094e-07
153.846154,309999.998419,153.846154,310000.0,0.001580999989528209,5.099999992230029e-07
151.515152,309999.985923,151.515152,310000.0,0.014077000028919429,4.540967957468222e-06
149.253731,309999.967447,149.253731,310000.0,0.032553000026382506,1.0500968853149322e-05
147.058824,309999.956918,147.058824,310000.0,0.04308199998922646,1.389742128274629e-05
144.927536,309999.923432,144.927536,310000.0,0.07656800001859665,2.46993609452914e-05
142.857143,309999.863478,142.857143,310000.0,0.1365220000152476,4.403937423828456e-05
140.84507,309999.686212,140.84507,310000.0,0.3137880000285804,0.00010122203795199642
138.888889,309999.436249,138.888889,310000.0,0.5637509999796748,0.00018185549199736434
136.986301,309998.541032,136.986301,310000.0,1.4589680000208318,0.00047063705369833597
135.135135,309997.43449,135.135135,310000.0,2.5655099999858066,0.0008275907199704794
133.333333,309995.806993,133.333333,310000.0,4.193007000023499,0.0013526011982859438
131.578947,309995.260284,131.578947,310000.0,4.739715999981854,0.0015289640221078208
129.87013,309993.931279,129.87013,310000.0,6.068720999988727,0.001957690260241505
128.205128,309992.740285,128.205128,310000.0,7.259714999992866,0.0023418983919811977
126.582278,309991.211325,126.582278,310000.0,8.788675000017975,0.002835136829348294
125.0,309989.90243,125.0,310000.0,10.097569999983534,0.0032573867473840393
123.45679,309987.888999,123.45679,310000.0,12.111000999982934,0.0039069271509578245
121.95122,309984.669151,121.95122,310000.0,15.330849000019953,0.0049456797466819165
120.481928,309978.860109,120.481928,310000.0,21.139890999998897,0.006819784740341755
119.047619,309975.832001,119.047619,310000.0,24.167998999997508,0.007796736553293464
117.647059,309971.885354,117.647059,310000.0,28.11464599997271,0.009070063231013574
116.27907,309956.676608,116.27907,310000.0,43.323391999991145,0.013977241101594958
114.942529,309949.701839,114.942529,310000.0,50.29816100001335,0.016227846228463284
113.636364,309938.951148,113.636364,310000.0,61.04885199997807,0.01969705704102561
112.359551,309929.206531,112.359551,310000.0,70.79346900002565,0.02284181919878038
111.111111,309920.925262,111.111111,310000.0,79.0747379999957,0.025514488230553568
109.89011,309902.375597,109.89011,310000.0,97.62440299999435,0.03150166332604886
108.695652,309884.334027,108.695652,310000.0,115.66597299999557,0.037325530947917386
107.526882,309865.071526,107.526882,310000.0,134.92847400001483,0.04354426697256626
106.382979,309844.74281,106.382979,310000.0,155.2571899999748,0.05010806011808956
105.263158,309820.089654,105.263158,310000.0,179.91034599998966,0.058069296345795204
104.166667,309807.233776,104.166667,310000.0,192.76622400002088,0.062221343785470395
103.092784,309755.509623,103.092784,310000.0,244.49037700000918,0.0789301140430321
102.040816,309721.068433,102.040816,310000.0,278.93156699999236,0.09005895802026521
101.010101,309700.574394,101.010101,310000.0,299.42560600000434,0.09668228952622997
100.0,309631.239639,100.0,310000.0,368.7603610000224,0.11909662649994919
99.009901,309582.512486,99.009901,310000.0,417.48751399997855,0.13485500542245848
98.039216,309514.661574,98.039216,310000.0,485.33842599997297,0.15680627971930056
97.087379,309474.486419,97.087379,310000.0,525.5135809999774,0.1698083700148646
96.153846,309460.931573,96.153846,310000.0,539.0684270000202,0.17419595561220533
95.238095,309387.954339,95.238095,310000.0,612.045661000011,0.19782465749438502
94.339623,309315.56273,94.339623,310000.0,684.4372699999949,0.22127476029954454
93.457944,309265.908982,93.457944,310000.0,734.0910179999773,0.23736564447609487
92.592593,309116.465267,92.592593,310000.0,883.5347329999786,0.2858258398616274
91.743119,309003.536148,91.743119,310000.0,996.4638520000153,0.3224765206320325
90.909091,308790.420785,90.909091,310000.0,1209.579214999976,0.39171526497648834
90.09009,308696.346705,90.09009,310000.0,1303.6532950000255,0.42230927217478154
89.285714,308519.699592,89.285714,310000.0,1480.30040800001,0.4798074190911065
88.495575,308341.097956,88.495575,310000.0,1658.9020439999877,0.538008736103259
87.719298,308267.134018,87.719298,310000.0,1732.8659820000175,0.5621312786133192
86.956522,308059.40652,86.956522,310000.0,1940.5934799999814,0.6299413161642876
86.206897,307945.390789,86.206897,310000.0,2054.6092109999736,0.6671992088388696
85.470085,307710.820969,85.470085,310000.0,2289.179031000007,0.7439384236768937
84.745763,307555.408813,84.745763,310000.0,2444.5911869999836,0.7948457796384734
84.033613,307315.701939,84.033613,310000.0,2684.2980610000086,0.8734659648249352
83.333333,307106.595395,83.333333,310000.0,2893.404604999989,0.9421499402441998
82.644628,306968.579939,82.644628,310000.0,3031.4200609999825,0.9875343142944396
81.967213,306735.779462,81.967213,310000.0,3264.220537999994,1.0641799087557644
81.300813,306518.60872,81.300813,310000.0,3481.3912799999816,1.135784641114621
80.645161,306388.090526,80.645161,310000.0,3611.9094739999855,1.1788674513422315
80.0,306040.709887,80.0,310000.0,3959.2901130000246,1.2937135436857146
79.365079,305843.26281,79.365079,310000.0,4156.737190000014,1.3591069987316733
78.740157,305602.441336,78.740157,310000.0,4397.558664000011,1.43898021389333
78.125,305200.005891,78.125,310000.0,4799.994109000021,1.5727372268512685
77.51938,305126.931575,77.51938,310000.0,4873.068425000005,1.5970627043133387
76.923077,304971.498935,76.923077,310000.0,5028.501065000019,1.6488429517381775
76.335878,304753.113246,76.335878,310000.0,5246.886753999977,1.7216843818637657
75.757576,304187.187432,75.757576,310000.0,5812.812567999994,1.9109327441016652
75.18797,303870.609021,75.18797,310000.0,6129.390979000018,2.017105569619741
74.626866,303450.773665,74.626866,310000.0,6549.226335000014,2.1582500040781416
74.074074,302921.582653,74.074074,310000.0,7078.4173469999805,2.3367160850695754
73.529412,301562.596481,73.529412,310000.0,8437.403518999985,2.797894572290428
72.992701,301082.858634,72.992701,310000.0,8917.141365999996,2.9616901495012646
72.463768,300784.809924,72.463768,309999.96875,9215.158825999999,3.0637048554175377
71.942446,300422.940451,71.942446,307757.59375,7334.653298999998,2.441442483716154
71.428571,300112.794643,71.428571,307601.3125,7488.517856999999,2.4952344554013384
70.921986,299690.301651,70.921986,305599.5625,5909.260849000013,1.971789149146894
70.422535,299125.446669,70.422535,304261.03125,5135.584580999974,1.716866498049162
69.93007,298770.259891,69.93007,302457.96875,3687.7088590000058,1.2342958299615858
69.444444,297983.709746,69.444444,302089.84375,4106.134003999992,1.3779726440415292
68.965517,297050.033703,68.965517,301732.09375,4682.060047000006,1.5761856642915846
68.493151,296359.237686,68.493151,301286.46875,4927.231063999992,1.6625873053501765
68.027211,295557.785263,68.027211,300565.9375,5008.152237000002,1.694474815658648
67.567568,294682.112928,67.567568,300083.875,5401.762072000012,1.833081084673718
67.114094,294262.764399,67.114094,298891.9375,4629.173101000022,1.5731426673893347
66.666667,293084.340769,66.666667,298736.25,5651.909230999998,1.9284241581008443
66.225166,292510.676176,66.225166,298699.4375,6188.761324000021,2.115738613340841
65.789474,292256.114794,65.789474,298494.4375,6238.322706000006,2.1345396692203202
65.359477,291438.794132,65.359477,296912.40625,5473.61211799999,1.8781343555521481
64.935065,291130.917566,64.935065,296822.0625,5691.144933999982,1.9548404482700767
64.516129,290812.035019,64.516129,294760.0625,3948.0274809999974,1.3575873779577436
64.102564,290158.531706,64.102564,293776.9375,3618.4057940000203,1.2470444252407271
63.694268,289929.036123,63.694268,291608.65625,1679.6201269999729,0.5793211157668967
63.291139,289423.788481,63.291139,290076.8125,653.024019000004,0.22562900666434804
62.893082,288711.835003,62.893082,288526.90625,184.9287529999856,0.06405305587769342
62.5,288494.879974,62.5,287882.375,612.5049739999813,0.21231051797355366
62.111801,287922.880797,62.111801,286059.1875,1863.6932970000198,0.6472890559587088
61.728395,287411.323561,61.728395,285013.4375,2397.8860609999974,0.8343046583170101
61.349693,287121.907751,61.349693,283291.4375,3830.4702510000207,1.3340919475646245
60.97561,286585.333446,60.97561,282844.9375,3740.395946000004,1.305159584066709
60.606061,285762.090948,60.606061,281884.4375,3877.6534480000264,1.356951663929993
60.240964,285586.09825,60.240964,281815.15625,3770.941999999981,1.3204221154696845
59.88024,284483.793475,59.88024,281606.34375,2877.449725000013,1.0114634966904992
59.52381,284059.617902,59.52381,280618.0625,3441.5554020000272,1.2115609488665005
59.171598,283541.401886,59.171598,280136.8125,3404.589386000007,1.2007380098123548
58.823529,283217.941908,58.823529,280026.34375,3191.598157999979,1.126905356524599
58.479532,282505.397433,58.479532,279870.9375,2634.4599329999764,0.9325343717104643
58.139535,281940.560033,58.139535,277923.9375,4016.622533000016,1.4246345160589475
57.803468,281540.717011,57.803468,277746.3125,3794.4045109999715,1.3477285102075383
57.471264,280925.816393,57.471264,275979.3125,4946.5038930000155,1.7607865152842073
57.142857,279789.619,57.142857,275651.03125,4138.587750000006,1.47917845014829
56.818182,278888.20738,56.818182,275483.125,3405.082379999978,1.2209488568874383
56.497175,277982.527934,56.497175,273316.3125,4666.2154340000125,1.6786002590450175
56.179775,277066.415907,56.179775,273066.875,3999.540907000017,1.443531470209836
55.865922,276675.183167,55.865922,272997.78125,3677.40191700001,1.3291405014740136
55.555556,276006.461272,55.555556,271932.5,4073.961271999986,1.4760383699804627
55.248619,275206.850564,55.248619,271217.46875,3989.381814000022,1.4495939348255003
54.945055,274695.660104,54.945055,269908.375,4787.28510400001,1.7427596425031031
54.644809,274128.276385,54.644809,269124.84375,5003.432634999976,1.8252158080813579
54.347826,273490.086604,54.347826,268270.15625,5219.930354000011,1.9086360382627725
54.054054,273099.699298,54.054054,268129.40625,4970.293048000021,1.8199555183605505
53.763441,272670.661703,53.763441,268033.53125,4637.13045300002,1.7006341731223371
53.475936,271979.271664,53.475936,267661.96875,4317.302914,1.587364686869794
53.191489,270887.117808,53.191489,266876.65625,4010.46155800001,1.4804917968976856
52.910053,270304.409705,52.910053,266624.9375,3679.472204999998,1.3612327704959142
52.631579,269567.303102,52.631579,266390.875,3176.428101999976,1.1783432432078256
52.356021,268744.097799,52.356021,265968.46875,2775.629048999981,1.0328148866271807
52.083333,267824.375738,52.083333,265323.65625,2500.7194879999734,0.9337161642248388
51.813472,267086.257174,51.813472,263389.0625,3697.1946740000276,1.3842699033336625
51.546392,265805.108003,51.546392,262129.953125,3675.154877999972,1.3826502077448763
51.282051,265508.042731,51.282051,261963.875,3544.167730999994,1.3348626634978342
51.020408,264768.876906,51.020408,260806.09375,3962.7831560000195,1.4966952318217193
50.761421,264187.792674,50.761421,260735.0625,3452.7301740000257,1.306922677635069
50.505051,263543.137092,50.505051,258869.0,4674.13709199999,1.7735757203073366
50.251256,263023.253332,50.251256,258633.390625,4389.862706999993,1.669001752274316
50.0,262547.556166,50.0,258018.921875,4528.634291000024,1.7248815251347152
49.751244,261861.355657,49.751244,256999.96875,4861.386907000007,1.8564735887824975
49.50495,261597.533023,49.50495,256618.625,4978.908022999996,1.903270250856014
49.261084,260666.938924,49.261084,254941.96875,5724.970173999987,2.1962778239664518
49.019608,259771.427949,49.019608,254929.375,4842.052949000004,1.8639667138260592
48.780488,258908.007694,48.780488,254741.421875,4166.585819,1.6092919860263393
48.543689,258320.93785,48.543689,252459.3125,5861.6253499999875,2.26912514284989
48.309179,257844.105169,48.309179,250680.1875,7163.917668999988,2.778391099654773
48.076923,257182.57855,48.076923,248883.734375,8298.844175000006,3.2268298349713413
47.84689,256917.082269,47.84689,248614.765625,8302.316644000006,3.231516009241934
47.619048,256378.291009,47.619048,248420.46875,7957.822259000008,3.1039376335965407
47.393365,255596.1776,47.393365,247637.453125,7958.724474999995,3.1137885353884864
47.169811,255091.889294,47.169811,247099.09375,7992.795543999993,3.133300539707905
46.948357,253734.299366,46.948357,246333.5,7400.799365999992,2.9167516510350384
46.728972,252604.688958,46.728972,246225.921875,6378.767083000013,2.525197417875563
46.511628,251556.92958,46.511628,245341.65625,6215.273329999996,2.4707223690387026
46.296296,250820.880562,46.296296,245222.125,5598.755562000006,2.2321728356328205
46.082949,250529.428973,46.082949,243821.6875,6707.741473000002,2.6774265604233296
45.87156,250067.680144,45.87156,243516.625,6551.055144000013,2.6197128474289944
45.6621,249562.396702,45.6621,243063.5,6498.896701999998,2.60411696148289
45.454545,249071.207555,45.454545,242779.6875,6291.520055000001,2.525992513048986
45.248869,248558.590363,45.248869,241803.875,6754.715362999996,2.7175545826580656
45.045045,248309.00939,45.045045,239267.34375,9041.665639999992,3.641295844323932
44.843049,248022.75811,44.843049,238672.90625,9349.851859999995,3.7697556188989982
44.642857,247461.211249,44.642857,237420.421875,10040.789374000015,4.057520499201303
44.444444,247196.085213,44.444444,236721.28125,10474.803963000013,4.237447350339003
44.247788,246857.112695,44.247788,236474.03125,10383.081444999989,4.2061098955769705
44.052863,246295.111991,44.052863,234032.34375,12262.768241000012,4.978892249168189
43.859649,245370.455227,43.859649,233758.3125,11612.142726999999,4.732494267191719
43.668122,244672.552004,43.668122,231082.34375,13590.208253999997,5.554447420721643
43.478261,244256.008184,43.478261,228358.6875,15897.320684000006,6.508466588885063
43.290043,243364.409568,43.290043,226470.28125,16894.128318000003,6.941905904807132
43.103448,243112.941595,43.103448,226403.1875,16709.75409500001,6.873247464890891
42.918455,242635.288903,42.918455,225709.515625,16925.773278000008,6.975808570354554
42.735043,242141.271858,42.735043,225427.28125,16713.990607999993,6.902578184937284
42.553191,241608.751539,42.553191,224347.15625,17261.59528899999,7.1444412419033005
42.372881,240799.148539,42.372881,224025.125,16774.023538999987,6.965981250670102
42.194093,240364.782678,42.194093,223849.1875,16515.59517799999,6.871054483936104
42.016807,240031.319438,42.016807,222277.296875,17754.022563000006,7.396544169556115
41.841004,239513.814439,41.841004,220967.40625,18546.40818900001,7.743356362320995
41.666667,238185.331242,41.666667,220755.03125,17430.299991999986,7.317956946009631
41.493776,237348.186364,41.493776,220603.75,16744.436363999994,7.054798530594426
41.322314,236418.839286,41.322314,220359.9375,16058.901786000002,6.792564346605758
41.152263,236029.934417,41.152263,217514.703125,18515.23129200001,7.844441993229845
40.983607,235512.903368,40.983607,217310.421875,18202.481493,7.728868029178752
40.816327,235223.326328,40.816327,217156.0,18067.326327999996,7.680924596230971
40.650407,234867.530163,40.650407,215969.65625,18897.87391299999,8.046184119143549
40.48583,234473.397395,40.48583,215087.1875,19386.209895000007,8.267978419036378
40.322581,233970.774602,40.322581,214696.796875,19273.97772699999,8.237771473717743
40.160643,233722.187003,40.160643,213797.3125,19924.874503,8.525024841883859
40.0,233180.833508,40.0,213503.09375,19677.73975800001,8.438832412581158
39.840637,232160.394678,39.840637,212168.953125,19991.44155300001,8.611047366941111
39.68254,231338.438665,39.68254,211769.375,19569.063664999994,8.459062738526498
39.525692,231017.070621,39.525692,210986.84375,20030.22687099999,8.670453147534284
39.370079,230528.190898,39.370079,210160.171875,20368.019023,8.835370174753194
39.215686,230015.729833,39.215686,209451.84375,20563.88608299999,8.94020861005034
39.0625,229127.744226,39.0625,209427.625,19700.11922600001,8.597875954545604
38.910506,228498.087435,38.910506,208405.46875,20092.618684999994,8.79334217215961
38.75969,228117.793054,38.75969,207711.125,20406.66805400001,8.945671348472736
38.610039,227827.265466,38.610039,206368.484375,21458.78109100001,9.418881909111281
38.461538,227002.388095,38.461538,206300.25,20702.138095000002,9.119788680961454
38.314176,226537.274057,38.314176,205765.59375,20771.680307000002,9.169210847736057
38.167939,226250.192398,38.167939,204440.890625,21809.301773000014,9.639462199720455
38.022814,225860.88212,38.022814,203399.453125,22461.428994999995,9.944807079548298
37.878788,225297.806862,37.878788,203197.515625,22100.291236999998,9.809368118055817
37.735849,224919.712767,37.735849,201642.59375,23277.11901699999,10.349079113894009
37.593985,224359.568061,37.593985,201500.5,22859.068060999998,10.188586231715762
37.453184,223743.257252,37.453184,201365.75,22377.50725200001,10.001421954269855
37.313433,223189.030072,37.313433,200942.9375,22246.092571999994,9.967377233918478
37.174721,222657.060386,37.174721,200626.03125,22031.029135999997,9.894601634372984
37.037037,222227.463256,37.037037,199827.796875,22399.666380999988,10.079612147305205
36.900369,221752.292445,36.900369,199776.421875,21975.87057,9.91009848317602
36.764706,221124.003766,36.764706,199133.53125,21990.47251600001,9.944859961594663
36.630037,220510.302496,36.630037,197949.28125,22561.02124599999,10.231277627678754
36.49635,219691.596723,36.49635,197348.984375,22342.612347999995,10.169989513149593
36.363636,219347.618138,36.363636,196484.21875,22863.39938799999,10.423363418341633
36.231884,218908.52036,36.231884,196106.28125,22802.239109999995,10.416332389667245
36.101083,218091.790028,36.101083,195912.1875,22179.60252799999,10.16984753307423
35.971223,217254.075311,35.971223,195640.859375,21613.215935999993,9.948359267857505
35.842294,216705.875354,35.842294,195595.640625,21110.23472899999,9.741422420834393
35.714286,216273.434632,35.714286,195431.25,20842.18463199999,9.636960113693114
35.587189,216031.613552,35.587189,195274.125,20757.488551999995,9.60854210673363
35.460993,215741.622985,35.460993,195077.671875,20663.951109999995,9.57810126024532
35.335689,215436.348981,35.335689,194850.921875,20585.42710599999,9.555224642158915
35.211268,214694.073415,35.211268,194794.453125,19899.62028999999,9.268826089826133
35.087719,214343.30509,35.087719,194744.625,19598.68009000001,9.143593303168846
34.965035,213813.235834,34.965035,194434.78125,19378.454583999992,9.063262388042716
34.843206,213585.49933,34.843206,193397.4375,20188.06182999999,9.451981475019732
34.722222,213064.774284,34.722222,192705.125,20359.649284000014,9.555614883979867
34.602076,211857.490789,34.602076,192420.59375,19436.897039000003,9.174514890463906
34.482759,211407.418871,34.482759,191879.0,19528.418871,9.237338488540066
34.364261,210674.447035,34.364261,190399.109375,20275.33765999999,9.624013707097372
34.246575,210107.151385,34.246575,190340.1875,19766.963885000005,9.408039543013484
34.129693,209927.504077,34.129693,189745.8125,20181.69157699999,9.613648133308669
34.013605,209677.425581,34.013605,189734.546875,19942.87870599999,9.511218792743096
33.898305,209493.010555,33.898305,189391.375,20101.635554999986,9.595372896568561
33.783784,209007.73115,33.783784,187898.375,21109.356150000007,10.099796803616949
33.670034,208681.997621,33.670034,187644.890625,21037.106995999988,10.080940011992194
33.557047,208009.614812,33.557047,187378.5625,20631.052312000014,9.918316675239483
33.444816,207826.461357,33.444816,187129.21875,20697.242606999993,9.958906325911357
33.333333,207254.29094,33.333333,187103.984375,20150.306565000006,9.722503921925316
33.222591,206865.633515,33.222591,186897.5,19968.133514999994,9.652707013585264
33.112583,205919.666252,33.112583,186873.71875,19045.947501999995,9.249212495659341
33.0033,205137.991006,33.0033,186669.890625,18468.100380999997,9.002769448229524
32.894737,204456.214709,32.894737,186603.21875,17852.995958999993,8.731940960762646
32.786885,203448.855354,32.786885,186164.09375,17284.761604,8.495875572229
32.679739,202979.379158,32.679739,186022.609375,16956.769782999996,8.353937160188462
32.57329,202663.566255,32.57329,185632.59375,17030.972505000012,8.403568939259122
32.467532,202267.833465,32.467532,184957.65625,17310.177215000003,8.558047475203377
32.36246,201995.193473,32.36246,184866.53125,17128.662222999992,8.479737526670169
32.258065,201094.097534,32.258065,184708.625,16385.472534,8.148161848076931
32.154341,199883.357017,32.154341,183518.5625,16364.794517000002,8.187172139403373
32.051282,199553.271521,32.051282,183237.0,16316.271520999988,8.176398911747707
31.948882,199221.496593,31.948882,182972.796875,16248.699717999989,8.156097607877783
31.847134,198592.817312,31.847134,182751.125,15841.692312,7.976971436540854
31.746032,198317.35912,31.746032,182385.28125,15932.077870000008,8.033627485105656
31.64557,198034.244296,31.64557,182087.453125,15946.79117099999,8.05254223969692
31.545741,197762.198162,31.545741,181848.65625,15913.541911999986,8.046806750683546
31.446541,197205.937628,31.446541,181623.625,15582.312628000014,7.901543338615774
31.347962,196664.249384,31.347962,181195.671875,15468.577508999995,7.865475071067224
31.25,196414.004834,31.25,180925.75,15488.254833999992,7.885514501417528
31.152648,195438.100392,31.152648,180575.203125,14862.897266999993,7.604912878905769
31.055901,194931.671151,31.055901,180293.859375,14637.811775999988,7.509201398402364
30.959752,193970.188516,30.959752,180243.359375,13726.829140999995,7.076772593778095
30.864198,193788.9152,30.864198,179810.234375,13978.680824999989,7.213354185183028
30.769231,193384.41318,30.769231,179784.375,13600.038180000003,7.032644439312305
30.674847,192848.897599,30.674847,179782.40625,13066.491348999989,6.775507411076714
30.58104,192143.660558,30.58104,179742.0625,12401.598058000003,6.454336313768982
30.487805,191684.541348,30.487805,179135.09375,12549.447597999999,6.546927315967902
30.395137,191211.519714,30.395137,178699.6875,12511.832213999995,6.543451060226007
30.30303,190749.591526,30.30303,176944.46875,13805.122776000004,7.237301357008833
30.21148,190161.474841,30.21148,176749.1875,13412.287340999988,7.053104395732325
30.120482,189625.860199,30.120482,175394.140625,14231.719573999988,7.505157555548977
30.03003,189138.344109,30.03003,174878.125,14260.219108999998,7.539570665153897
29.94012,188982.756406,29.94012,174748.78125,14233.975156,7.531890965448998
29.850746,188845.049917,29.850746,174693.59375,14151.456166999997,7.493686582316961
29.761905,188137.252048,29.761905,174033.265625,14103.986422999995,7.49664740473705
29.673591,187708.367845,29.673591,174013.59375,13694.774095,7.295771761389161
29.585799,187287.786508,29.585799,173279.34375,14008.44275799999,7.4796349613548445
29.498525,186973.546717,29.498525,173040.65625,13932.89046699999,7.451797707024609
29.411765,186776.418521,29.411765,173006.53125,13769.887271000014,7.372390679743017
29.325513,186395.856534,29.325513,172540.65625,13855.200283999991,7.433212594762105
29.239766,186102.989545,29.239766,172531.03125,13571.95829499999,7.292713743170831
29.154519,185719.550293,29.154519,171723.34375,13996.206543000008,7.536205273445325
29.069767,185348.998173,29.069767,171461.609375,13887.388798,7.492562104402564
28.985507,185150.091855,28.985507,171285.40625,13864.685605000006,7.488349298718205
28.901734,184818.813644,28.901734,171275.15625,13543.657394000009,7.328072898513431
28.818444,184481.779766,28.818444,171064.5,13417.279765999992,7.2729565938808225
28.735632,183938.269895,28.735632,169033.5,14904.769895000005,8.103136940185586
28.653295,183584.14202,28.653295,168959.203125,14624.938895,7.96634106523576
28.571429,183168.919166,28.571429,168789.75,14379.169166000007,7.850223297419054
28.490028,182923.464793,28.490028,168644.59375,14278.871042999992,7.805926407067711
28.409091,182629.079289,28.409091,168444.625,14184.454288999987,7.766810381031328
28.328612,182127.822763,28.328612,168372.78125,13755.041513000004,7.552410886116625
28.248588,181793.527213,28.248588,168175.78125,13617.745962999994,7.490776031340567
28.169014,181444.579704,28.169014,168072.375,13372.204704000003,7.369856253526437
28.089888,180885.972201,28.089888,167982.875,12903.097200999997,7.13327686165852
28.011204,180592.279486,28.011204,166304.25,14288.029486000014,7.91176097154677
27.932961,179929.300744,27.932961,166194.96875,13734.331994000007,7.633182554041576
27.855153,179625.113116,27.855153,165849.046875,13776.066240999993,7.6693431124541895
27.777778,179493.072063,27.777778,164768.640625,14724.431438,8.203342484902088
27.700831,178838.623142,27.700831,164440.671875,14397.951266999997,8.050806371713035
27.624309,177993.526965,27.624309,164176.96875,13816.558214999997,7.7623936390208375
27.548209,177770.24886,27.548209,163961.9375,13808.311359999992,7.767504095060642
27.472527,177509.117461,27.472527,163783.15625,13725.961210999987,7.732538704112299
27.39726,177021.28725,27.39726,163596.46875,13424.818499999994,7.583731148130601
27.322404,176470.600947,27.322404,163384.921875,13085.679071999999,7.415217606659629
27.247956,176283.165182,27.247956,162035.25,14247.915181999997,8.082402631748769
27.173913,175838.609476,27.173913,161682.546875,14156.062601000012,8.050599719359221
27.100271,175578.007687,27.100271,161612.4375,13965.570187000005,7.95405436647635
27.027027,175046.974067,27.027027,161597.421875,13449.552192000003,7.6833959933818265
26.954178,174687.126893,26.954178,160664.4375,14022.689393000008,8.027316976590516
26.88172,174297.687341,26.88172,160411.8125,13885.874841000012,7.966757937432277
26.809651,173787.866357,26.809651,159711.375,14076.491356999992,8.099812519755357
26.737968,173421.653964,26.737968,159702.28125,13719.372713999997,7.910991736273
26.666667,172987.017296,26.666667,159419.34375,13567.673546000005,7.843174452094407
26.595745,172553.9466,26.595745,158400.265625,14153.680974999996,8.202467259592657
26.525199,172108.387266,26.525199,157802.5,14305.887266000005,8.312138352612482
26.455026,171739.159978,26.455026,157456.46875,14282.69122800001,8.316502322376353
26.385224,171597.733816,26.385224,157109.90625,14487.827565999993,8.442901455525591
26.315789,171193.601769,26.315789,156196.921875,14996.679894,8.760070317485209
26.246719,170893.715895,26.246719,155823.046875,15070.669020000001,8.818737974695146
26.17801,170453.087554,26.17801,155738.234375,14714.853178999998,8.63278770138927
26.109661,169942.700459,26.109661,155593.34375,14349.356709000014,8.443644046048277
26.041667,169710.020152,26.041667,155437.296875,14272.723277000012,8.410065159509564
25.974026,169185.117086,25.974026,155303.234375,13881.882711000013,8.205144134482934
25.906736,168724.791159,25.906736,154288.171875,14436.619283999986,8.556311840620653
25.839793,168226.052211,25.839793,154201.5,14024.552211000002,8.33673026661144
25.773196,167914.129251,25.773196,153828.75,14085.379251000006,8.388441945790646
25.706941,167664.449459,25.706941,153742.375,13922.074458999996,8.303533935740173
25.641026,167301.541413,25.641026,153729.5625,13571.978912999999,8.11228563608763
25.575448,167073.608577,25.575448,153194.890625,13878.717952000006,8.306948099228762
25.510204,166671.920597,25.510204,152851.46875,13820.45184699999,8.292009714351819
25.445293,165956.022461,25.445293,151113.65625,14842.366210999986,8.943553834864879
25.380711,165699.247825,25.380711,150642.265625,15056.982199999999,9.08693455018102
25.316456,165246.313607,25.316456,150272.8125,14973.50110699999,9.061322325538217
25.252525,165081.010894,25.252525,149944.28125,15136.729644000006,9.169273656628766
25.188917,164792.407455,25.188917,149882.6875,14909.719955000008,9.047577000215508
25.125628,164441.88984,25.125628,149359.28125,15082.608589999989,9.171999059774361
25.062657,164010.398391,25.062657,149263.8125,14746.585890999995,8.991250576591007
25.0,163571.856963,25.0,148886.671875,14685.185087999998,8.977818899079804
24.937656,163339.132515,24.937656,148672.765625,14666.366890000005,8.979089495686614
24.875622,162797.898163,24.875622,148422.265625,14375.632538000005,8.830355121419643
24.813896,162290.459231,24.813896,147995.234375,14295.224855999986,8.808419745520924
24.752475,162059.53273,24.752475,147586.3125,14473.220230000006,8.930804616173477
24.691358,161772.068967,24.691358,147458.953125,14313.115842,8.847705251837844
24.630542,161616.480193,24.630542,147328.65625,14287.823942999996,8.840573638243878
24.570025,161322.298196,24.570025,147055.515625,14266.782570999989,8.843651950498767
24.509804,160885.777113,24.509804,146969.671875,13916.10523799999,8.649680218920688
24.449878,160457.023896,24.449878,146749.546875,13707.477020999999,8.542771570962504
24.390244,160101.115805,24.390244,146525.203125,13575.912680000009,8.479586548625434
24.3309,159816.706209,24.3309,146454.46875,13362.237458999996,8.360976631270049
24.271845,159297.567758,24.271845,146429.75,12867.81775799999,8.077849485780215
24.213075,159005.800729,24.213075,146342.671875,12663.12885400001,7.963941438578264
24.154589,158780.265125,24.154589,146340.5625,12439.702625000005,7.834539522406534
24.096386,158365.219674,24.096386,146088.90625,12276.313423999993,7.7518999747995085
24.038462,158207.518239,24.038462,145614.25,12593.268238999997,7.959968261417054
23.980815,158105.027511,23.980815,145548.09375,12556.933760999993,7.942147039015794
23.923445,157983.607169,23.923445,145426.125,12557.482168999995,7.948598208399474
23.866348,157873.859255,23.866348,145389.265625,12484.593629999988,7.907954926112691
23.809524,157500.781447,23.809524,145345.8125,12154.968946999987,7.717402310851525
23.752969,157095.311937,23.752969,144866.796875,12228.515061999991,7.784137483939685
23.696682,156869.311265,23.696682,144586.859375,12282.451889999997,7.82973533252224
23.640662,156671.954474,23.640662,143593.828125,13078.126348999998,8.34745847966704
23.584906,156210.803994,23.584906,143541.6875,12669.116493999987,8.110269053148594
23.529412,155859.084258,23.529412,143287.796875,12571.287382999988,8.065803442159467
23.474178,155567.434854,23.474178,143207.375,12360.059853999992,7.945146016966794
23.419204,155233.962407,23.419204,143077.90625,12156.056157000014,7.830796797629033
23.364486,154977.435924,23.364486,143056.375,11921.06092399999,7.692126826673018
23.310023,154746.966737,23.310023,142412.53125,12334.43548700001,7.970712284114094
23.255814,154468.346095,23.255814,142343.28125,12125.064844999986,7.849546623321077
23.201856,154253.046577,23.201856,142337.125,11915.921577000001,7.724918140305134
23.148148,153762.777663,23.148148,142312.265625,11450.512037999986,7.446868619332523
23.094688,153345.421443,23.094688,142112.609375,11232.812068,7.325169517483994
23.041475,153101.184659,23.041475,141805.234375,11295.950283999991,7.378094630135812
22.988506,153018.475337,22.988506,141553.484375,11464.99096200001,7.492553390530199
22.93578,152863.407361,22.93578,141399.3125,11464.09486099999,7.499567789907072
22.883295,152494.231144,22.883295,140413.203125,12081.02801899999,7.922285274904531
22.83105,152286.326165,22.83105,140098.0,12188.326165000006,8.003559132284886
22.779043,152063.785075,22.779043,139781.6875,12282.097574999993,8.076937956622801
22.727273,151792.235181,22.727273,139610.75,12181.485180999996,8.025104292373426
22.675737,151579.94223,22.675737,139392.59375,12187.348479999986,8.040211851715512
22.624434,151314.223812,22.624434,139279.96875,12034.255062000011,7.953155201689395
22.573363,151072.882757,22.573363,139063.1875,12009.695257000014,7.949603554145153
22.522523,150737.879348,22.522523,139030.703125,11707.176222999988,7.766578827855403
22.47191,150463.200122,22.47191,138937.609375,11525.59074700001,7.66007285346498
22.421525,150182.117753,22.421525,138772.375,11409.742752999999,7.597271182288997
22.371365,149886.194327,22.371365,138548.125,11338.069327000005,7.564452068390132
22.321429,149553.917848,22.321429,138330.765625,11223.152223000012,7.504418730378383
22.271715,149119.571659,22.271715,138192.4375,10927.134159000008,7.327766595244581
22.222222,148894.608563,22.222222,138060.75,10833.858562999987,7.276192648987681
22.172949,148530.630755,22.172949,137975.15625,10555.474504999991,7.106597778077949
22.123894,148385.164991,22.123894,137826.0625,10559.102490999998,7.116009536155746
22.075055,148182.584518,22.075055,137520.015625,10662.568892999989,7.195561426926515
22.026432,147991.889703,22.026432,137349.859375,10642.030327999993,7.190955091766941
21.978022,147796.965515,21.978022,136629.734375,11167.231139999989,7.555791894026824
21.929825,147379.213266,21.929825,136523.4375,10855.775766000006,7.365879845217226
21.881838,147184.276024,21.881838,136506.546875,10677.729148999992,7.254667031999309
21.834061,146983.78163,21.834061,136012.984375,10970.797255000012,7.463950874945258
21.786492,146618.94775,21.786492,135929.359375,10689.588374999992,7.2907277940821205
21.73913,146287.616505,21.73913,135553.921875,10733.694630000013,7.33739115206183
21.691974,146197.070131,21.691974,135393.4375,10803.632630999986,7.389773694725471
21.645022,145810.018394,21.645022,135338.09375,10471.924644000013,7.1818965249036175
21.598272,145560.677725,21.598272,135173.53125,10387.146474999987,7.135956384198669
21.551724,145384.777662,21.551724,135018.40625,10366.371412000008,7.130300419828287
21.505376,145170.985396,21.505376,134899.8125,10271.172896000004,7.075224341821553
21.459227,144966.257902,21.459227,134899.359375,10066.898527000012,6.9443046076318184
21.413276,144780.876644,21.413276,134714.15625,10066.720394000004,6.95307324236815
21.367521,144484.670497,21.367521,134516.09375,9968.576747000014,6.899400962545016
21.321962,144358.228148,21.321962,134284.328125,10073.900022999995,6.978403761420483
21.276596,144176.637959,21.276596,132953.328125,11223.309834000014,7.784416388729791
21.231423,144002.798001,21.231423,132855.5,11147.298000999988,7.741028754818069
21.186441,143554.821887,21.186441,132813.828125,10740.993761999998,7.482154636682865
21.141649,143222.22697,21.141649,132595.953125,10626.273844999989,7.419430677632054
21.097046,143009.089314,21.097046,132397.0625,10612.026814000012,7.420526111245669
21.052632,142739.456852,21.052632,132317.734375,10421.722477000003,7.301220494208415
21.008403,142530.639203,21.008403,132243.921875,10286.717327999999,7.2171972184514575
20.964361,142043.621931,20.964361,132119.75,9923.871931000001,6.986495976440733
20.920502,141928.686855,20.920502,131990.984375,9937.702480000007,7.001898418289996
20.876827,141845.391605,20.876827,131769.984375,10075.407230000012,7.103090989418409
20.833333,141543.769923,20.833333,131576.328125,9967.441798000014,7.041950206231129
20.790021,141328.605352,20.790021,131360.640625,9967.964727000013,7.053041174625128
20.746888,140940.952706,20.746888,131344.15625,9596.796456000011,6.809090098900307
20.703934,140709.170549,20.703934,131029.859375,9679.311174000002,6.8789483558424624
20.661157,140375.332297,20.661157,130617.226562,9758.10573499999,6.951439099253006
20.618557,140072.292892,20.618557,130496.1875,9576.105391999998,6.8365450399126875
20.576132,139939.358277,20.576132,130337.453125,9601.905151999992,6.861475763661646
20.533881,139778.833465,20.533881,130150.007812,9628.825653000007,6.888614974320144
20.491803,139647.251269,20.491803,130020.59375,9626.657519,6.893553171667047
20.449898,139415.446674,20.449898,129764.953125,9650.493549000006,6.922112132643445
20.408163,139264.517757,20.408163,129582.390625,9682.127131999994,6.952328768261097
20.366599,139102.193824,20.366599,129477.515625,9624.678198999987,6.919141916034537
20.325203,138994.263369,20.325203,129453.898438,9540.36493099999,6.863855169095983
20.283976,138727.331928,20.283976,129270.921875,9456.410053,6.816544311475631
20.242915,138314.476538,20.242915,129118.6875,9195.789037999988,6.648464620746747
20.20202,137959.859169,20.20202,129061.75,8898.109169000003,6.449781278842763
20.16129,137777.12301,20.16129,128891.875,8885.24801000001,6.44900097772771
20.120724,137574.473081,20.120724,128070.4375,9504.035581000004,6.9082841955747805
20.080321,137378.830222,20.080321,127678.382812,9700.447409999993,7.061093324440431
20.04008,137048.175443,20.04008,127555.796875,9492.378567999986,6.926307874815876
20.0,136794.295586,20.0,127474.265625,9320.029960999993,6.813171500372006
19.96008,136551.983485,19.96008,127390.4375,9161.545985000004,6.709200226305306
19.920319,136233.079805,19.920319,127311.5625,8921.517304999987,6.548715860912771
19.880716,135968.771734,19.880716,126873.984375,9094.787359000009,6.688879544188593
19.84127,135766.066569,19.84127,126700.28125,9065.785318999988,6.677504584249343
19.80198,135614.799062,19.80198,126181.796875,9433.002187000006,6.955732156257851
19.762846,135363.201626,19.762846,125708.460938,9654.74068799999,7.132470695156451
19.723866,135267.514383,19.723866,125092.898438,10174.615944999998,7.521847349239613
19.685039,135060.907245,19.685039,124765.71875,10295.18849500001,7.622626491264844
19.646365,134919.956916,19.646365,123886.742188,11033.214727999992,8.177600245506435
19.607843,134775.975673,19.607843,123849.429688,10926.545985000004,8.107191159580635
19.569472,134637.242198,19.569472,123684.546875,10952.695322999993,8.134967074632113
19.53125,134349.835919,19.53125,123636.742188,10713.093731,7.9740281465315395
19.493177,134161.445674,19.493177,123561.054688,10600.390985999984,7.9012200060499955
19.455253,133969.506217,19.455253,123480.140625,10489.365591999987,7.8296665324791235
19.417476,133846.62497,19.417476,123379.804688,10466.820282,7.820010616140678
19.379845,133577.088386,19.379845,123349.015625,10228.072760999989,7.657056224675113
19.34236,133306.582755,19.34236,123117.804688,10188.778067000007,7.6431169837468875
19.305019,133186.128821,19.305019,123062.71875,10123.410070999991,7.600949258466466
19.267823,133101.037203,19.267823,122956.414062,10144.623141000018,7.621746121728467
19.230769,132804.293042,19.230769,122870.1875,9934.105542000005,7.4802593458769415
19.193858,132726.079219,19.193858,122818.0625,9908.016719000007,7.465011230122778
19.157088,132472.986196,19.157088,122810.796875,9662.189321000013,7.2937053798306835
19.120459,132293.049884,19.120459,122583.632812,9709.417072000011,7.339325142563141
19.083969,132059.958577,19.083969,122413.632812,9646.325765000016,7.304504612104316
19.047619,131723.168784,19.047619,122159.734375,9563.434409000009,7.260252313457591
19.011407,131393.362093,19.011407,122032.132812,9361.229281000007,7.124583108219838
18.975332,131259.573084,18.975332,121955.8125,9303.760584000003,7.088062505007563
18.939394,131096.104787,18.939394,121954.71875,9141.38603699999,6.973041687129125
18.903592,130987.249605,18.903592,121811.90625,9175.343355000005,7.004760679126258
18.867925,130682.646549,18.867925,121469.609375,9213.037173999997,7.049931584103273
18.832392,130402.756533,18.832392,121438.21875,8964.537783000007,6.874500218660195
18.796992,130201.00648,18.796992,121386.546875,8814.459604999996,6.769885919702144
18.761726,130002.958876,18.761726,121316.609375,8686.349501000004,6.681655230082306
18.726592,129830.111711,18.726592,121279.390625,8550.721086000005,6.586084671199998
18.691589,129648.83327,18.691589,121207.40625,8441.427020000003,6.510993432868246
18.656716,129301.511456,18.656716,121084.632812,8216.878643999997,6.354820258072635
18.621974,129133.949091,18.621974,121065.257812,8068.691279000006,6.248311412914386
18.587361,128806.439319,18.587361,120955.484375,7850.954943999997,6.0951571874108295
18.552876,128604.398855,18.552876,120876.578125,7727.820730000007,6.008986316800124
18.518519,128310.977515,18.518519,120532.164062,7778.81345300001,6.062469169553821
18.484288,127902.769525,18.484288,120342.84375,7559.925774999996,5.910681842993498
18.450185,127485.86087,18.450185,120296.40625,7189.454620000004,5.639413320769149
18.416206,127292.032874,18.416206,120216.78125,7075.251623999997,5.558283157441153
18.382353,126866.008517,18.382353,120208.625,6657.383516999995,5.247570720338307
18.348624,126725.85138,18.348624,120192.117188,6533.734191999989,5.155802167316234
18.315018,126422.847022,18.315018,119680.59375,6742.253272000002,5.333097166231923
18.281536,126284.629265,18.281536,119653.835938,6630.793326999992,5.250673312811259
18.248175,126162.277798,18.248175,119568.265625,6594.0121729999955,5.226611541967998
18.214936,125974.919767,18.214936,119473.8125,6501.107266999999,5.160636163947778
18.181818,125832.465068,18.181818,119473.78125,6358.683818000005,5.053293531652396
18.14882,125649.678149,18.14882,118975.328125,6674.350023999999,5.311871962047774
18.115942,125534.3826,18.115942,118712.898438,6821.484161999993,5.433956833751133
18.083183,125391.939074,18.083183,118684.546875,6707.392198999994,5.34914145879954
18.050542,125276.089647,18.050542,118631.578125,6644.511522000001,5.3038944149061065
18.018018,125098.077862,18.018018,118428.640625,6669.437237000006,5.331366677238072
17.985612,124763.665509,17.985612,118252.398438,6511.267070999995,5.21888086923055
17.953321,124590.12792,17.953321,118227.710938,6362.416981999995,5.106678264336752
17.921147,124529.005126,17.921147,118175.796875,6353.208251000004,5.101789936064893
17.889088,124362.789068,17.889088,118127.28125,6235.507817999998,5.013965885398807
17.857143,124117.085404,17.857143,118079.734375,6037.351028999998,4.8642384804223155
17.825312,124022.157578,17.825312,117985.40625,6036.7513279999985,4.867478074797535
17.793594,123713.482005,17.793594,117904.203125,5809.278879999998,4.695752464363755
17.761989,123494.396082,17.761989,117838.0,5656.396082000007,4.5802856335636255
17.730496,123393.843073,17.730496,117823.234375,5570.608697999996,4.514494855877384
17.699115,123077.923639,17.699115,117639.03125,5438.892389000001,4.419064140985041
17.667845,122947.624333,17.667845,117565.828125,5381.796208,4.3773080099730635
17.636684,122617.854891,17.636684,117501.0,5116.854890999995,4.173009628612877
17.605634,122484.082201,17.605634,117498.15625,4985.925950999997,4.0706725816159075
17.574692,122308.548916,17.574692,117494.710938,4813.837977999996,3.9358148066216376
17.54386,122145.950435,17.54386,117334.492188,4811.458247000002,3.9391058237009835
17.513135,121915.269165,17.513135,117293.179688,4622.089477000001,3.791230998919807
17.482517,121394.114117,17.482517,117272.078125,4122.035992000005,3.3955814266474023
17.452007,120998.943346,17.452007,117261.015625,3737.927721,3.089223440828972
17.421603,120752.387631,17.421603,117211.78125,3540.606381000005,2.932121219680999
17.391304,120600.981439,17.391304,117140.296875,3460.6845639999956,2.869532671050783
17.361111,120327.576758,17.361111,117059.1875,3268.3892579999956,2.716242897979491
17.331023,120060.670445,17.331023,117020.953125,3039.717319999996,2.531817712439392
17.301038,119905.150076,17.301038,116985.21875,2919.9313260000054,2.43520092685698
17.271157,119806.226403,17.271157,116851.140625,2955.0857779999933,2.4665544243583626
17.241379,119666.986914,17.241379,116729.703125,2937.2837889999937,2.4545481295613345
17.211704,119241.51297,17.211704,116667.8125,2573.700469999996,2.158393000806283
17.182131,119107.63935,17.182131,116547.984375,2559.6549749999976,2.1490267030466486
17.152659,118913.291872,17.152659,116441.0625,2472.2293720000016,2.079018529451817
17.123288,118775.15358,17.123288,116432.984375,2342.1692049999983,1.9719353201445873
17.094017,118454.559796,17.094017,116395.132812,2059.426984000005,1.7385797453020868
17.064846,118346.698155,17.064846,116311.5,2035.1981550000055,1.7196915391204948
17.035775,118130.779774,17.035775,116199.65625,1931.123523999995,1.634733578915244
17.006803,117927.208296,17.006803,116180.992188,1746.2161079999933,1.4807576073682256
16.977929,117792.269461,16.977929,116167.921875,1624.3475860000035,1.378993369796488
16.949153,117519.917852,16.949153,115573.921875,1945.9959769999987,1.655886093666871
16.920474,117344.428357,16.920474,115512.234375,1832.193981999997,1.5613813179317435
16.891892,117178.868158,16.891892,115414.054688,1764.8134699999937,1.5060850968626691
16.863406,116929.952221,16.863406,115388.4375,1541.5147209999996,1.318323228326054
16.835017,116642.854898,16.835017,115086.078125,1556.776773000005,1.3346524948839347
16.806723,116443.946475,16.806723,114995.539062,1448.407413000008,1.2438666472979552
16.778523,116272.72094,16.778523,114985.179688,1287.5412519999954,1.1073459377151782
16.750419,116015.010263,16.750419,114944.125,1070.8852630000038,0.9230575083106596
16.722408,115446.043332,16.722408,114689.148438,756.8948939999973,0.6556265352666242
16.694491,115242.577035,16.694491,114662.359375,580.2176599999948,0.5034750826717269
16.666667,115112.167907,16.666667,114545.648438,566.5194689999917,0.49214559963607596
16.638935,115008.276924,16.638935,114524.5,483.77692400000524,0.42064531087592555
16.611296,114735.115448,16.611296,114520.125,214.99044799999683,0.18737981581361143
16.583748,114326.857162,16.583748,114413.273438,86.41627600000356,0.07558703015648595
16.556291,114146.891674,16.556291,114374.585938,227.6942640000052,0.19947478259004459
16.528926,114028.825117,16.528926,114272.101562,243.27644499999587,0.21334644529607366
16.50165,113945.343209,16.50165,114148.5,203.15679100000125,0.178293193278964
16.474465,113653.969532,16.474465,114116.789062,462.8195299999934,0.40721809533426245
16.447368,113480.494792,16.447368,114101.3125,620.8177080000023,0.5470699692823051
16.420361,113365.874612,16.420361,114047.53125,681.6566380000004,0.6012890919185355
16.393443,113233.670286,16.393443,113965.578125,731.9078390000068,0.6463694386584752
16.366612,113026.025294,16.366612,113926.992188,900.9668939999974,0.797132246008323
16.339869,112886.825893,16.339869,113416.476562,529.6506689999951,0.46918731642080674
16.313214,112738.930939,16.313214,113401.742188,662.8112490000058,0.5879169187426792
16.286645,112530.456002,16.286645,113385.65625,855.2002479999937,0.7599722585188797
16.260163,112302.172357,16.260163,113193.445312,891.2729549999931,0.7936382140202102
16.233766,112107.522688,16.233766,113149.382812,1041.860123999999,0.9293400648050532
16.207455,111909.350125,16.207455,113104.226562,1194.876436999999,1.0677181447889308
16.18123,111788.563678,16.18123,113032.234375,1243.670696999994,1.1125205084326069
16.155089,111643.035767,16.155089,112717.585938,1074.5501710000099,0.9624874168081613
16.129032,111346.1552,16.129032,112698.015625,1351.8604250000062,1.2141060664122567
16.10306,111196.738899,16.10306,112557.5625,1360.8236009999964,1.2237981207668622
16.07717,111078.576004,16.07717,112547.6875,1469.1114959999977,1.322587621169265
16.051364,110908.030357,16.051364,112527.921875,1619.891518000004,1.4605718925723976
16.025641,110797.03093,16.025641,112135.171875,1338.1409450000065,1.2077407975358339
16.0,110591.388063,16.0,111970.890625,1379.5025619999942,1.247386967612831
15.974441,110426.287369,15.974441,111946.28125,1519.9938810000021,1.3764782980711805
15.948963,110272.021187,15.948963,111923.234375,1651.2131879999943,1.4973999480791744
15.923567,110024.386861,15.923567,111921.9375,1897.5506389999937,1.7246636796960986
15.898251,109782.771181,15.898251,111911.929688,2129.158507,1.9394286408471455
15.873016,109664.33292,15.873016,111806.757812,2142.4248919999955,1.9536205026322386
15.847861,109496.587933,15.847861,111672.289062,2175.7011289999937,1.987003586204244
15.822785,109354.6094,15.822785,111646.726562,2292.117161999995,2.0960407380870723
15.797788,109206.646513,15.797788,111575.617188,2368.970675000004,2.1692550322182096
15.772871,109082.176579,15.772871,111512.882812,2430.70623299999,2.228325753327458
15.748031,108830.506444,15.748031,111496.421875,2665.9154310000013,2.4496030737225127
15.72327,108537.337922,15.72327,111394.296875,2856.958952999994,2.6322360652083967
15.698587,108456.645411,15.698587,111170.0625,2713.417088999995,2.5018449341830666
15.673981,108193.418172,15.673981,111077.09375,2883.675577999995,2.6652966758252195
15.649452,108004.763833,15.649452,111029.3125,3024.5486669999955,2.800384501258331
15.625,107815.3852,15.625,110865.828125,3050.4429249999957,2.8293206200036796
15.600624,107672.951158,15.600624,110546.429688,2873.4785300000076,2.668709735450128
15.576324,107418.022744,15.576324,110498.3125,3080.2897559999983,2.867572570518249
15.5521,107093.290709,15.5521,110424.007812,3330.7171030000027,3.1101080944934427
15.52795,106704.968102,15.52795,110403.398438,3698.430336000005,3.4660338705735336
15.503876,106593.142777,15.503876,110343.023438,3749.880661000003,3.5179379867286626
15.479876,106268.47497,15.479876,110321.03125,4052.5562800000043,3.8135075158875265
15.455951,106145.184385,15.455951,110320.734375,4175.5499899999995,3.9338101056519257
15.432099,106004.534615,15.432099,110231.328125,4226.793510000003,3.987370469906198
15.40832,105886.542812,15.40832,110199.6875,4313.144688,4.07336435155686
15.384615,105582.849981,15.384615,110029.289062,4446.4390809999895,4.211327011725997
15.360983,105400.665832,15.360983,110004.4375,4603.771668000001,4.367877215631669
15.337423,105287.460868,15.337423,109792.390625,4504.929757000005,4.27869541145824
15.313936,105077.653452,15.313936,109566.015625,4488.362173000001,4.271471645539085
15.29052,104874.492109,15.29052,109410.007812,4535.515702999997,4.324708145700544
15.267176,104710.530671,15.267176,109282.9375,4572.406829,4.3667115424775
15.243902,104567.815294,15.243902,109157.203125,4589.387831,4.388910505681507
15.2207,104428.063799,15.2207,108943.445312,4515.381513,4.323915764340006
15.197568,104349.967083,15.197568,108936.632812,4586.665729,4.395464471351261
15.174507,104195.029833,15.174507,108919.59375,4724.563917000007,4.5343467193899425
15.151515,103987.426393,15.151515,108844.453125,4857.026731999998,4.670782709482416
15.128593,103879.862432,15.128593,108829.046875,4949.184443000006,4.7643348067001465
15.10574,103727.622977,15.10574,108658.273438,4930.650460999997,4.7534594156209415
15.082956,103586.916823,15.082956,108261.351562,4674.434738999989,4.51257251626404
15.060241,103428.814853,15.060241,108161.28125,4732.4663969999965,4.575578289015587
15.037594,103362.624556,15.037594,108106.195312,4743.570756000001,4.589251459486713
15.015015,103167.432118,15.015015,108101.539062,4934.106943999999,4.782620680484231
14.992504,102873.646558,14.992504,107938.179688,5064.533130000011,4.923061735878717
14.97006,102657.194193,14.97006,107823.882812,5166.688618999993,5.0329532767926555
14.947683,102472.578322,14.947683,107656.53125,5183.952927999999,5.058868443526856
14.925373,102380.646806,14.925373,107597.078125,5216.431318999996,5.095134170117674
14.90313,102324.553576,14.90313,107197.59375,4873.040173999994,4.762337096717083
14.880952,102198.476752,14.880952,106998.070312,4799.593559999994,4.696345496075182
14.858841,102129.662323,14.858841,106895.820312,4766.157988999999,4.666771514358216
14.836795,101971.805819,14.836795,106770.421875,4798.616055999999,4.705826299200335
14.814815,101840.849548,14.814815,106592.65625,4751.806702000002,4.665914240788381
14.792899,101785.828301,14.792899,106560.015625,4774.187323999999,4.6904243976694096
14.771049,101657.153109,14.771049,106552.203125,4895.050015999994,4.815253886513393
14.749263,101497.022048,14.749263,106531.664062,5034.642013999997,4.960383972269662
14.727541,101311.936312,14.727541,106493.015625,5181.079312999995,5.113987059771866
14.705882,101206.082324,14.705882,106471.070312,5264.9879879999935,5.202244635005949
14.684288,100918.277445,14.684288,106413.007812,5494.7303669999965,5.444732615451745
14.662757,100851.564758,14.662757,106374.195312,5522.630554000003,5.475998877411492
14.641288,100584.387124,14.641288,106358.960938,5774.573814000003,5.741024008906207
14.619883,100435.300423,14.619883,106350.40625,5915.105827000007,5.8894689437753
14.59854,100304.940036,14.59854,106257.820312,5952.880275999996,5.934782747353694
14.577259,100265.283675,14.577259,106223.375,5958.091325000001,5.942327300756028
14.556041,100078.523893,14.556041,106219.546875,6141.022981999995,6.136204595269344
14.534884,99890.37853,14.534884,106177.375,6286.996469999998,6.293895931240094
14.513788,99533.144485,14.513788,106127.851562,6594.707076999999,6.6256392391921715
14.492754,99361.666969,14.492754,106076.671875,6715.004906000002,6.758144373820768
14.47178,99218.222873,14.47178,106075.804688,6857.581814999998,6.911615242068736
14.450867,99178.267891,14.450867,106071.640625,6893.372734000004,6.950487118383672
14.430014,99009.862106,14.430014,105938.320312,6928.458205999996,6.9977455362804015
14.409222,98747.150533,14.409222,105905.414062,7158.263528999989,7.2490836346794545
14.388489,98713.777571,14.388489,105827.179688,7113.402117000005,7.20608844280494
14.367816,98558.113843,14.367816,105798.953125,7240.839282000001,7.346771361244222
14.347202,98450.30035,14.347202,105697.070312,7246.769961999991,7.3608408874701725
14.326648,98372.486574,14.326648,105687.289062,7314.802488000001,7.435821480935621
14.306152,98239.901797,14.306152,105674.59375,7434.691953000001,7.567894325019611
14.285714,98010.486016,14.285714,105654.023438,7643.5374220000085,7.798693520152749
14.265335,97885.677786,14.265335,105599.125,7713.447214,7.880057009834801
14.245014,97741.55872,14.245014,105598.882812,7857.324091999995,8.038877418058016
14.224751,97623.58163,14.224751,105565.742188,7942.160558000003,8.135493930248668
14.204545,97436.388766,14.204545,105441.632812,8005.2440459999925,8.215866933682364
14.184397,97168.517578,14.184397,105390.148438,8221.630860000005,8.461208491114688
14.164306,97009.565443,14.164306,104931.1875,7921.6220570000005,8.165815423278557
14.144272,96759.024075,14.144272,104911.046875,8152.022800000006,8.425077534557603
14.124294,96601.101666,14.124294,104819.804688,8218.703022000002,8.507877115538816
14.104372,96457.187076,14.104372,104781.78125,8324.594173999998,8.63035137800663
14.084507,96317.872499,14.084507,104646.484375,8328.611875999995,8.647005649015416
14.064698,96176.157012,14.064698,104490.6875,8314.530488000004,8.645105758345691
14.044944,96077.311312,14.044944,104173.53125,8096.219937999995,8.426776132096842
14.025245,95922.185184,14.025245,104155.03125,8232.846065999998,8.582838318588735
14.005602,95789.701576,14.005602,103894.835938,8105.134361999997,8.461383873891021
13.986014,95668.806213,13.986014,103771.171875,8102.3656619999965,8.469182362284982
13.96648,95439.163092,13.96648,103585.03125,8145.8681579999975,8.535142067567866
13.947001,95287.10839,13.947001,103471.289062,8184.180672000002,8.588969494701237
13.927577,95147.519722,13.927577,103083.226562,7935.706839999999,8.340424283456235
13.908206,94989.098417,13.908206,102935.5625,7946.464082999999,8.365659023433617
13.888889,94809.921548,13.888889,102687.953125,7878.031577000002,8.30929026031473
13.869626,94647.180681,13.869626,102633.375,7986.194319000002,8.437857590197819
13.850416,94566.708412,13.850416,102578.46875,8011.760337999993,8.472072754287959
13.831259,94407.302856,13.831259,102556.65625,8149.353394000005,8.632121824759958
13.812155,94244.004106,13.812155,102402.023438,8158.019332000011,8.656274114610369
13.793103,93895.432269,13.793103,102398.664062,8503.231792999999,9.056065441649157
13.774105,93770.173378,13.774105,101742.875,7972.701621999993,8.502385497210264
13.755158,93647.632535,13.755158,101459.101562,7811.469026999999,8.341341703518806
13.736264,93456.050963,13.736264,101445.820312,7989.769348999995,8.549226365410206
13.717421,93336.361363,13.717421,101272.273438,7935.912075,8.50248708982341
13.69863,93193.358403,13.69863,101130.265625,7936.907221999994,8.516601781511177
13.679891,92893.057915,13.679891,101107.859375,8214.801460000002,8.84328887904282
13.661202,92815.048246,13.661202,101083.914062,8268.86581599999,8.908971090640303
13.642565,92633.452107,13.642565,101018.265625,8384.813517999995,9.051604282559586
13.623978,92554.358197,13.623978,100855.9375,8301.579303000006,8.969409398669557
13.605442,92429.036551,13.605442,100830.421875,8401.385324000003,9.089551982254333
13.586957,92279.285588,13.586957,100667.796875,8388.511287000001,9.090351354097223
13.568521,92178.693016,13.568521,100630.8125,8452.119483999995,9.169276768258051
13.550136,91971.684531,13.550136,100571.789062,8600.10453099999,9.350817672694943
13.5318,91835.168322,13.5318,100146.765625,8311.597303000002,9.050560318958853
13.513514,91792.921916,13.513514,100087.632812,8294.71089599999,9.036329515243567
13.495277,91597.328473,13.495277,100027.96875,8430.640276999999,9.204024197589
13.477089,91487.26361,13.477089,100001.828125,8514.564515000005,9.306830458168085
13.45895,91334.39234,13.45895,99672.757812,8338.36547199999,9.129491375997466
13.44086,91192.78054,13.44086,99616.84375,8424.063209999993,9.237642673155397
13.422819,91080.446671,13.422819,99547.023438,8466.576767000006,9.295712830200427
13.404826,90914.687078,13.404826,99542.203125,8627.516046999997,9.489683487111432
13.386881,90651.278807,13.386881,99395.429688,8744.150881000009,9.645921156409317
13.368984,90517.045218,13.368984,99285.726562,8768.681343999997,9.687326097401463
13.351135,90420.458173,13.351135,98956.867188,8536.409014999997,9.440793806493906
13.333333,90263.620056,13.333333,98935.039062,8671.419005999996,9.606770701884331
13.315579,90218.018467,13.315579,98678.007812,8459.989344999995,9.37727239940932
13.297872,90064.841886,13.297872,98668.796875,8603.954989000005,9.553067333300271
13.280212,89971.277232,13.280212,98601.28125,8630.004018000007,9.591954547612648
13.262599,89811.439998,13.262599,98497.195312,8685.755313999995,9.671101269719555
13.245033,89711.681115,13.245033,98294.335938,8582.654823000004,9.566931213782555
13.227513,89556.747964,13.227513,98023.5625,8466.814536000005,9.454133528166402
13.21004,89460.182016,13.21004,97874.6875,8414.505483999994,9.405866715646805
13.192612,89381.071794,13.192612,97760.507812,8379.436017999993,9.3749558489435
13.175231,89234.451369,13.175231,97718.148438,8483.697069000002,9.507199225015052
13.157895,89147.643225,13.157895,97650.28125,8502.638024999993,9.537703653634633
13.140604,89098.418131,13.140604,97622.117188,8523.699057000005,9.566610985694208
13.12336,89057.575056,13.12336,97583.257812,8525.682755999995,9.57322580436194
13.10616,88916.976885,13.10616,97534.78125,8617.804365000004,9.691967346287274
13.089005,88663.00852,13.089005,97188.445312,8525.436791999993,9.615550988298443
13.071895,88473.549799,13.071895,97107.335938,8633.786139000003,9.75860713017032
13.05483,88258.537201,13.05483,97007.570312,8749.033110999997,9.912959571349964
13.03781,88137.954412,13.03781,97007.570312,8869.61589999999,10.063333054610114
13.020833,87945.802413,13.020833,96922.5625,8976.760087000002,10.207150131901091
13.003901,87860.053719,13.003901,96726.757812,8866.704092999993,10.091849159753634
12.987013,87628.255014,12.987013,96671.90625,9043.651236000005,10.320473955067506
12.970169,87551.769182,12.970169,96451.695312,8899.926129999993,10.165329853585359
12.953368,87452.387499,12.953368,96341.109375,8888.721875999996,10.16406999305952
12.936611,87338.895956,12.936611,96301.328125,8962.432169000007,10.261673302482716
12.919897,87281.66378,12.919897,96161.90625,8880.242469999997,10.174236014088041
12.903226,87152.781887,12.903226,96100.382812,8947.600924999992,10.266569501592288
12.886598,87051.310135,12.886598,96100.382812,9049.07267699999,10.395102225304365
12.870013,86932.231321,12.870013,95993.46875,9061.237429,10.42333469566782
12.85347,86733.637094,12.85347,95627.773438,8894.136343999999,10.254540962418917
12.83697,86653.305118,12.83697,95213.296875,8559.991756999996,9.878436541276113
12.820513,86566.089387,12.820513,95180.414062,8614.324674999996,9.951153778576078
12.804097,86458.01761,12.804097,94843.546875,8385.529265000005,9.69896083302066
12.787724,86386.877987,12.787724,94725.515625,8338.637638,9.65266697015587
12.771392,86285.998557,12.771392,94634.703125,8348.704568000001,9.675619112740403
12.755102,86214.29696,12.755102,94629.195312,8414.89835199999,9.760444205563918
12.738854,86117.887278,12.738854,94482.882812,8364.995534000001,9.713424003304544
12.722646,85888.491092,12.722646,94480.117188,8591.626096000007,10.003233246695455
12.70648,85775.199812,12.70648,94338.820312,8563.62049999999,9.983795454594715
12.690355,85738.109227,12.690355,94180.3125,8442.203273000006,9.84650040584456
12.674271,85682.729336,12.674271,94042.75,8360.020663999996,9.756949537889538
12.658228,85523.571935,12.658228,93911.945312,8388.373376999996,9.808258924656894
12.642225,85427.461798,12.642225,93903.25,8475.788201999996,9.921620078144974
12.626263,85287.027458,12.626263,93882.296875,8595.269417000003,10.07805017150209
12.61034,85222.042386,12.61034,93801.234375,8579.191988999999,10.066869730887088
12.594458,85123.45942,12.594458,93757.164062,8633.704641999997,10.142567866516341
12.578616,84943.459156,12.578616,93723.140625,8779.681469000003,10.335912330666897
12.562814,84733.61648,12.562814,93702.703125,8969.086645000003,10.585039347538071
12.547051,84655.568301,12.547051,93588.140625,8932.572323999993,10.551665417021926
12.531328,84520.675921,12.531328,93494.757812,8974.081890999994,10.617617279099747
12.515645,84416.980627,12.515645,93401.15625,8984.175623000003,10.642616635031004
12.5,84348.963504,12.5,93327.265625,8978.302121,10.644235267424753
12.484395,84135.103522,12.484395,93324.421875,9189.318352999995,10.922097873923853
12.468828,83994.996087,12.468828,93281.859375,9286.863287999993,11.056448265538203
12.4533,83875.063081,12.4533,93270.335938,9395.272857000004,11.20150913976277
12.437811,83703.387711,12.437811,93170.523438,9467.135727,11.310337593129297
12.42236,83446.494313,12.42236,93133.148438,9686.654125000001,11.608221777018297
12.406948,83393.940551,12.406948,93107.664062,9713.72351099999,11.647996781084483
12.391574,83278.458772,12.391574,93050.4375,9771.978728000002,11.7341013175493
12.376238,83205.245234,12.376238,92667.015625,9461.770390999998,11.371603273796557
12.360939,83123.886749,12.360939,92642.359375,9518.472626000002,11.450947493278173
12.345679,82720.315917,12.345679,92626.664062,9906.348144999996,11.975713626311387
12.330456,82592.400229,12.330456,92601.765625,10009.365395999994,12.118990813013673
12.315271,82443.649042,12.315271,92462.523438,10018.874396,12.152390769234382
12.300123,82339.887124,12.300123,92421.023438,10081.136314000003,12.243320541377821
12.285012,82150.911299,12.285012,92365.3125,10214.401201,12.43370406911644
12.269939,82053.608422,12.269939,92330.1875,10276.579077999995,12.52422565641204
12.254902,81936.328167,12.254902,92218.5,10282.171833,12.548978045541908
12.239902,81703.687736,12.239902,92211.398438,10507.710701999997,12.860754505907234
12.224939,81551.522328,12.224939,92204.367188,10652.844859999997,13.062717354501716
12.210012,81491.348324,12.210012,92172.765625,10681.417300999994,13.10742492384828
12.195122,81427.271276,12.195122,91940.070312,10512.799035999997,12.910661098253644
12.180268,81292.722631,12.180268,91859.859375,10567.136744000003,12.99887173414752
12.16545,81229.308768,12.16545,91742.40625,10513.097481999997,12.942492853197335
12.150668,81028.061731,12.150668,91630.703125,10602.641394000006,13.085147500132798
12.135922,80877.163627,12.135922,91597.28125,10720.117622999998,13.254814019493136
12.121212,80846.063712,12.121212,91500.039062,10653.975349999993,13.178100281978999
12.106538,80792.433582,12.106538,91266.5,10474.066418000002,12.964167501365564
12.091898,80738.852742,12.091898,91250.179688,10511.326946000001,13.01892036983584
12.077295,80692.134035,12.077295,91244.054688,10551.920653000008,13.076764890643666
12.062726,80604.998062,12.062726,91129.421875,10524.423813000001,13.056788122375233
12.048193,80498.063397,12.048193,90957.03125,10458.967852999995,12.992819220281737
12.033694,80356.725516,12.033694,90835.296875,10478.571358999994,13.04006763803931
12.019231,80177.670001,12.019231,90831.015625,10653.345623999994,13.287172879764556
12.004802,80082.39425,12.004802,90721.703125,10639.308875000002,13.28545303201896
11.990408,79979.62006,11.990408,90711.132812,10731.512751999995,13.417809116809142
11.976048,79861.442567,11.976048,90643.632812,10782.19024499999,13.501121315150598
11.961722,79661.939078,11.961722,90634.4375,10972.498422000004,13.77382793965939
11.947431,79547.520816,11.947431,90567.296875,11019.776058999996,13.853072912843695
11.933174,79407.762201,11.933174,90524.421875,11116.659673999995,13.999462226200349
11.918951,79288.904095,11.918951,90342.828125,11053.924029999995,13.941325278951686
11.904762,79231.096024,11.904762,90085.617188,10854.521164000005,13.699824574826087
11.890606,79177.376215,11.890606,90010.101562,10832.725347,13.681591718301675
11.876485,78942.061132,11.876485,89911.515625,10969.454492999997,13.895576497119624
11.862396,78842.263027,11.862396,89831.445312,10989.182285000003,13.938187290789323
11.848341,78743.881907,11.848341,89799.859375,11055.977467999997,14.04042726907672
11.83432,78627.085355,11.83432,89770.671875,11143.586519999997,14.172707114459204
11.820331,78553.381575,11.820331,89755.726562,11202.34498699999,14.260805534265108
11.806375,78392.605147,11.806375,89604.859375,11212.254228000005,14.302693738746209
11.792453,78312.064618,11.792453,89552.664062,11240.599443999992,14.35359864259835
11.778563,78261.364392,11.778563,89504.523438,11243.159046,14.366167946784856
11.764706,77979.197682,11.764706,89460.390625,11481.192943000002,14.723404810883576
11.750881,77916.16655,11.750881,89288.984375,11372.817825000006,14.596223516337774
11.737089,77794.988588,11.737089,89239.625,11444.636412000007,14.711277191144626
11.723329,77711.276695,11.723329,89055.882812,11344.606117000003,14.598403989069869
11.709602,77560.348746,11.709602,89026.109375,11465.760628999997,14.783018403577403
11.695906,77453.441511,11.695906,88857.632812,11404.191300999999,14.7239310203929
11.682243,77311.320624,11.682243,88856.984375,11545.663751,14.933988525628475
11.668611,77258.344815,11.668611,88844.554688,11586.209873,14.996709935663146
11.655012,77153.057388,11.655012,88815.851562,11662.794173999995,15.116438115145867
11.641444,76980.246125,11.641444,88739.648438,11759.402312999999,15.275869986054813
11.627907,76869.411659,11.627907,88410.71875,11541.307090999995,15.01417383314748
11.614402,76765.393086,11.614402,88356.796875,11591.403789000004,15.099777807447943
11.600928,76648.907109,11.600928,88203.671875,11554.764765999993,15.074924355501018
11.587486,76578.187874,11.587486,88142.8125,11564.624626000004,15.101721452364705
11.574074,76409.790249,11.574074,87877.570312,11467.780062999998,15.008260100740273
11.560694,76322.980863,11.560694,87821.382812,11498.401948999992,15.06545187174969
11.547344,76155.548902,11.547344,87523.929688,11368.380786000009,14.927843013290202
11.534025,76018.20754,11.534025,87520.617188,11502.409648,15.13112452953794
11.520737,75924.918037,11.520737,87351.820312,11426.902275,15.050266197760534
11.50748,75866.966186,11.50748,87030.304688,11163.338501999999,14.714359968779151
11.494253,75665.221626,11.494253,86927.625,11262.403374000001,14.884517790310717
11.481056,75623.621719,11.481056,86813.070312,11189.448592999994,14.796234746039291
11.46789,75506.062008,11.46789,86784.195312,11278.133304000003,14.9367256139051
11.454754,75282.716997,11.454754,86784.007812,11501.290815,15.27746509927149
11.441648,75172.440497,11.441648,86760.554688,11588.114191,15.415375787170913
11.428571,75074.565194,11.428571,86752.664062,11678.098868000001,15.555333338025543
11.415525,74980.173392,11.415525,86715.859375,11735.685983000003,15.651718917273325
11.402509,74845.022315,11.402509,86669.84375,11824.821435000005,15.799075301538315
11.389522,74737.030478,11.389522,86433.445312,11696.414833999996,15.650093078615178
11.376564,74650.827313,11.376564,86425.5,11774.672686999998,15.772996912184936
11.363636,74574.70109,11.363636,86356.570312,11781.869221999994,15.79874816766764
11.350738,74506.072962,11.350738,86343.304688,11837.231725999998,15.887606547237146
11.337868,74469.285451,11.337868,86332.6875,11863.402048999997,15.930597396165414
11.325028,74369.044955,11.325028,86300.820312,11931.775356999991,16.04400777799391
11.312217,74322.369734,11.312217,86256.359375,11933.989640999993,16.057062878527393
11.299435,74218.095481,11.299435,86059.34375,11841.248269000003,15.954664684209513
11.286682,74111.186005,11.286682,86053.007812,11941.821807,16.11338645450139
11.273957,74009.504804,11.273957,86044.992188,12035.487384000007,16.262083384929667
11.261261,73933.8575,11.261261,85803.734375,11869.876875000002,16.054724149893033
11.248594,73820.749188,11.248594,85751.421875,11930.672686999998,16.161679227362
11.235955,73705.643169,11.235955,85580.03125,11874.388080999997,16.110554864534805
11.223345,73565.923739,11.223345,85561.109375,11995.185635999995,16.30535583099177
11.210762,73510.183833,11.210762,85308.945312,11798.761478999993,16.050512818474715
11.198208,73413.631421,11.198208,85270.859375,11857.227954000002,16.15126199929164
11.185682,73335.65304,11.185682,85270.4375,11934.784459999995,16.27419129068138
11.173184,73293.045803,11.173184,85208.039062,11914.993258999995,16.256649083769275
11.160714,73199.864216,11.160714,85053.078125,11853.213908999998,16.192945213700447
11.148272,73113.841594,11.148272,84750.84375,11637.002156000002,15.916277824136351
11.135857,73086.946584,11.135857,84566.390625,11479.444040999995,15.706558527255595
11.123471,72951.899924,11.123471,84564.023438,11612.123514000006,15.917506639439566
11.111111,72910.854675,11.111111,84535.414062,11624.559387000001,15.943523689053507
11.098779,72840.402941,11.098779,84529.734375,11689.331434000007,16.047867614719607
11.086475,72757.504397,11.086475,84499.453125,11741.948728000003,16.13847097328995
11.074197,72694.970856,11.074197,84364.84375,11669.872894,16.05320527209044
11.061947,72640.615161,11.061947,84285.46875,11644.853589000006,16.030775019168626
11.049724,72521.955553,11.049724,84252.054688,11730.099134999997,16.17454885979665
11.037528,72462.898126,11.037528,84112.5625,11649.664374,16.076729851107142
11.025358,72424.084698,11.025358,84062.242188,11638.157489999998,16.069457471958064
11.013216,72373.740116,11.013216,83640.703125,11266.963009,15.567750113427065
11.0011,72285.697358,11.0011,83558.75,11273.052641999995,15.595135765474335
10.989011,72234.949323,10.989011,83510.476562,11275.527239000003,15.609517753769387
10.976948,72091.659611,10.976948,83417.109375,11325.449764000005,15.709791985801264
10.964912,71888.657842,10.964912,83374.53125,11485.873408,15.977309568421974
10.952903,71749.328166,10.952903,83323.390625,11574.062458999993,16.13124854942491
10.940919,71630.517,10.940919,83266.492188,11635.975187999997,16.244438369752373
10.928962,71535.716465,10.928962,83009.71875,11474.002284999995,16.03954339454171
10.917031,71347.601386,10.917031,82967.5625,11619.961114000005,16.286407515137714
10.905125,71305.240085,10.905125,82954.59375,11649.353665000002,16.33730375371192
10.893246,71144.152805,10.893246,82788.679688,11644.526882999999,16.367510784641212
10.881393,71061.1302,10.881393,82573.28125,11512.15105,16.200348935626696
10.869565,70968.634139,10.869565,82453.539062,11484.904922999995,16.183071665865125
10.857763,70909.456672,10.857763,82442.304688,11532.848016000004,16.264188949220895
10.845987,70850.810304,10.845987,82393.03125,11542.220946000001,16.29088064974236
10.834236,70793.986706,10.834236,82387.226562,11593.239856,16.376023438467325
10.822511,70730.193041,10.822511,82224.523438,11494.330396999998,16.25095295630977
10.810811,70613.126107,10.810811,82089.132812,11476.006704999993,16.25194540687862
10.799136,70579.805567,10.799136,81926.734375,11346.928807999997,16.07673571334591
10.787487,70465.323221,10.787487,81807.5625,11342.239279000001,16.096199890302636
10.775862,70374.617283,10.775862,81706.59375,11331.976467,16.102363187895307
10.764263,70271.394388,10.764263,81612.359375,11340.964987,16.13880738495301
10.752688,70180.655409,10.752688,81601.125,11420.469591000001,16.272959442233187
10.741139,70063.649783,10.741139,81509.078125,11445.428342,16.335758096314702
10.729614,70006.928372,10.729614,81488.398438,11481.470066000009,16.400476828507937
10.718114,69924.591732,10.718114,81445.46875,11520.877018,16.476144847804143
10.706638,69888.437372,10.706638,81412.90625,11524.468878,16.489807629633948
10.695187,69753.077931,10.695187,81411.492188,11658.414256999997,16.713834862645836
10.683761,69686.193484,10.683761,81007.007812,11320.814327999993,16.245419303321913
10.672359,69545.149995,10.672359,80897.625,11352.475005,16.32389175351005
10.660981,69461.940002,10.660981,80856.453125,11394.513122999997,16.403966147032342
10.649627,69399.81777,10.649627,80768.804688,11368.98691800001,16.381868545647063
10.638298,69319.379486,10.638298,80643.765625,11324.386138999995,16.336537088141576
10.626993,69227.238429,10.626993,80622.007812,11394.769382999992,16.45995079622677
10.615711,69087.236409,10.615711,80563.40625,11476.169840999995,16.611128824230974
10.604454,69006.091941,10.604454,80547.976562,11541.88462099999,16.725892303636417
10.59322,68860.595448,10.59322,80464.273438,11603.677990000011,16.850969577750043
10.582011,68754.367561,10.582011,80446.070312,11691.70275099999,17.005032793919483
10.570825,68629.924,10.570825,80349.398438,11719.474438000005,17.07633311381782
10.559662,68552.341667,10.559662,80169.617188,11617.275521000003,16.946577226248674
10.548523,68467.828274,10.548523,79863.234375,11395.406101,16.64344610931277
10.537408,68324.844104,10.537408,79847.96875,11523.124645999997,16.865204446658062
10.526316,68195.055447,10.526316,79811.3125,11616.257052999994,17.0338699438817
10.515247,68023.880226,10.515247,79721.554688,11697.67446200001,17.196423407685792
10.504202,67984.557297,10.504202,79661.335938,11676.778640999997,17.17563385753674
10.493179,67740.374921,10.493179,79516.367188,11775.992267000009,17.384008105555036
10.48218,67579.820773,10.48218,79342.046875,11762.226102,17.404938289950795
10.471204,67473.464195,10.471204,79248.960938,11775.49674300001,17.452041159423104
10.460251,67393.151575,10.460251,78957.710938,11564.559363000008,17.159843534146233
10.449321,67322.096171,10.449321,78929.085938,11606.989767000006,17.240980936657007
10.438413,67132.000128,10.438413,78677.335938,11545.335810000004,17.197961907863036
10.427529,67091.399913,10.427529,78464.21875,11372.818836999999,16.95123197868515
10.416667,66967.237887,10.416667,78288.578125,11321.340238000004,16.905789450512422
10.405827,66801.209381,10.405827,78275.992188,11474.78280700001,17.177507583064415
10.39501,66734.08941,10.39501,78200.953125,11466.863715,17.18291778067134
10.384216,66683.645422,10.384216,78192.226562,11508.581139999995,17.258476298302565
10.373444,66648.831291,10.373444,78089.976562,11441.145271000001,17.166310420427386
10.362694,66602.765943,10.362694,77979.125,11376.359056999994,17.080910823938023
10.351967,66549.427401,10.351967,77959.070312,11409.642911000003,17.144614697058323
10.341262,66455.65799,10.341262,77719.179688,11263.521697999997,16.948928110372314
10.330579,66380.608564,10.330579,77684.1875,11303.578936000005,17.028435232108198
10.319917,66318.734547,10.319917,77671.15625,11352.421703,17.11797093316754
10.309278,66233.687395,10.309278,77607.757812,11374.070416999995,17.1726365605588
10.298661,66176.004311,10.298661,77582.257812,11406.253501,17.236237847476104
10.288066,66113.459689,10.288066,77566.015625,11452.555936000004,17.322578473238618
10.277492,66072.653821,10.277492,77464.171875,11391.518054,17.240896793492215
10.26694,65923.146804,10.26694,77368.234375,11445.087570999996,17.361257958495308
10.25641,65796.293731,10.25641,77339.421875,11543.128144000002,17.543736112542526
10.245902,65672.939418,10.245902,77294.570312,11621.630894000002,17.696224650506025
10.235415,65551.406724,10.235415,77281.75,11730.343276,17.894876498058782
10.224949,65453.35975,10.224949,77203.390625,11750.030874999997,17.951761253936237
10.214505,65270.71709,10.214505,77196.421875,11925.704785000002,18.27114105174603
10.204082,65181.224732,10.204082,77138.015625,11956.790892999998,18.34391873144713
10.19368,65131.017452,10.19368,77073.03125,11942.013798,18.335371172116233
10.183299,65074.28819,10.183299,77008.585938,11934.297748000005,18.339497949105425
10.17294,65019.884068,10.17294,76934.617188,11914.733120000004,18.324752944098105
10.162602,64931.175893,10.162602,76911.984375,11980.808482,18.451550148642248
10.152284,64864.951412,10.152284,76707.328125,11842.376712999998,18.25697307284063
10.141988,64838.314309,10.141988,76671.789062,11833.474752999995,18.250743991592987
10.131712,64822.926848,10.131712,76671.28125,11848.354401999997,18.27803059522845
10.121457,64709.526937,10.121457,76649.8125,11940.285562999998,18.452129273985946
10.111223,64638.228899,10.111223,76465.5625,11827.333600999998,18.2977377357921
10.10101,64590.063834,10.10101,76422.375,11832.311166,18.31908882519405
10.090817,64563.824479,10.090817,76387.109375,11823.284895999997,18.31255349479124
10.080645,64451.413258,10.080645,76278.929688,11827.516430000003,18.351058312180484
10.070493,64383.300459,10.070493,76259.578125,11876.277666000002,18.44620822687235
10.060362,64206.669816,10.060362,76241.140625,12034.470808999999,18.743334366176807
10.050251,64120.874232,10.050251,76174.382812,12053.508579999994,18.798103931628244
10.040161,63952.927618,10.040161,76167.84375,12214.916131999998,19.099854513246747
10.03009,63834.068499,10.03009,76000.796875,12166.728376,19.05992937954534
10.02004,63682.880936,10.02004,75948.289062,12265.408125999995,19.260133878563817
10.01001,63613.615909,10.01001,75925.304688,12311.688779000004,19.353857822847257
10.0,63542.934703,10.0,75915.140625,12372.205922000001,19.47062404314147
9.99001,63468.099131,9.99001,75908.875,12440.775868999997,19.601620403538277
9.98004,63370.500481,9.98004,75798.8125,12428.312018999997,19.612141177149617
9.97009,63309.898189,9.97009,75745.085938,12435.187749000004,19.641774990503144
9.960159,63276.622673,9.960159,75717.992188,12441.369515000006,19.661873515744247
9.950249,63214.498965,9.950249,75694.6875,12480.188535000001,19.742604527973736
9.940358,63142.453734,9.940358,75545.265625,12402.811890999998,19.64258776393024
9.930487,63044.353817,9.930487,75479.492188,12435.138371000001,19.724428308196646
9.920635,62912.114434,9.920635,75418.382812,12506.268377999993,19.87895096280717
9.910803,62837.666785,9.910803,75347.585938,12509.919153000003,19.908312630070867
9.90099,62774.729095,9.90099,75130.609375,12355.880279999998,19.682889051263373
9.891197,62713.491228,9.891197,74966.351562,12252.860333999997,19.537838021891854
9.881423,62609.336183,9.881423,74787.476562,12178.140378999997,19.45099744134752
9.871668,62565.2533,9.871668,74720.429688,12155.176388000007,19.42799836470894
9.861933,62510.161674,9.861933,74669.789062,12159.627387999994,19.45224114347088
9.852217,62461.91563,9.852217,74646.601562,12184.685931999993,19.5073843142713
9.84252,62315.125019,9.84252,74562.585938,12247.460919000005,19.654074215955966
9.832842,62173.153953,9.832842,74431.289062,12258.135108999995,19.716122360893213
9.823183,62107.026141,9.823183,74397.570312,12290.544170999994,19.78929749928307
9.813543,62065.958597,9.813543,74384.078125,12318.119528000003,19.846820715333973
9.803922,61928.465489,9.803922,74307.609375,12379.143885999998,19.98942455339675
9.794319,61832.131679,9.794319,74236.085938,12403.954259000006,20.06069323858157
9.784736,61769.834389,9.784736,74167.804688,12397.970299,20.071237719244778
9.775171,61698.821864,9.775171,74167.804688,12468.982824000006,20.209434227909306
9.765625,61669.375074,9.765625,74144.140625,12474.765550999997,20.228461105744845
9.756098,61582.499582,9.756098,74005.078125,12422.578543000003,20.17225449976865
9.746589,61544.522223,9.746589,73950.742188,12406.219965000004,20.15812214781259
9.737098,61402.019319,9.737098,73868.859375,12466.840056000001,20.303632021011257
9.727626,61333.449071,9.727626,73801.046875,12467.597803999997,20.327566756546535
9.718173,61259.475667,9.718173,73766.34375,12506.868083000001,20.41621797578877
9.708738,61213.618397,9.708738,73473.148438,12259.530041000005,20.027455265740066
9.699321,61162.971888,9.699321,73216.796875,12053.824987,19.70771631089582
9.689922,61118.419883,9.689922,73181.328125,12062.908241999998,19.736943895297394
9.680542,60994.534022,9.680542,73167.945312,12173.411289999996,19.958200329244573
9.67118,60889.338886,9.67118,73063.085938,12173.747052000006,19.993232435635885
9.661836,60810.414424,9.661836,72998.664062,12188.249637999994,20.043030052414288
9.65251,60734.715202,9.65251,72957.226562,12222.511359999997,20.124423600816538
9.643202,60681.536627,9.643202,72676.203125,11994.666497999999,19.76658332126517
9.633911,60597.119596,9.633911,72596.945312,11999.825716,19.802633847949608
9.624639,60519.218678,9.624639,72366.296875,11847.078197000003,19.57572892676267
9.615385,60424.384388,9.615385,72228.15625,11803.771862000001,19.534782160468605
9.606148,60328.30912,9.606148,72224.070312,11895.761191999998,19.718373290287236
9.596929,60241.937981,9.596929,72175.117188,11933.179207000001,19.808757166417294
9.587728,60185.010398,9.587728,72101.609375,11916.598977000001,19.79994503315065
9.578544,60120.304463,9.578544,72096.03125,11975.726787,19.91960435657849
9.569378,60018.14989,9.569378,72038.539062,12020.389171999996,20.027923543179373
9.560229,59937.495111,9.560229,71808.375,11870.879889000003,19.805432087236838
9.551098,59887.079673,9.551098,71753.9375,11866.857827,19.81538904851651
9.541985,59823.497692,9.541985,71669.359375,11845.861683000003,19.80135254542984
9.532888,59758.547093,9.532888,71655.25,11896.702906999999,19.907952059954876
9.52381,59629.964189,9.52381,71646.179688,12016.215499000005,20.15130423508899
9.514748,59619.169829,9.514748,71448.101562,11828.931732999998,19.84081926489047
9.505703,59560.082134,9.505703,71414.953125,11854.870991000003,19.904054135332743
9.496676,59486.244392,9.496676,71315.742188,11829.497796000003,19.886106303915348
9.487666,59419.12266,9.487666,71227.03125,11807.90859,19.872236514775896
9.478673,59355.627403,9.478673,71166.632812,11811.005408999998,19.89871209482496
9.469697,59278.734096,9.469697,71166.632812,11887.898715999996,20.054238501024543
9.460738,59244.19096,9.460738,71157.734375,11913.543415,20.109217835456118
9.451796,59150.702011,9.451796,71051.5,11900.797988999999,20.119453505026634
9.442871,59081.188919,9.442871,70991.53125,11910.342331,20.159280049914056
9.433962,58985.026697,9.433962,70949.578125,11964.551427999999,20.2840485085489
9.425071,58932.389498,9.425071,70879.40625,11947.016752000003,20.272411917737447
9.416196,58840.660887,9.416196,70874.515625,12033.854738000002,20.451596832180908
9.407338,58807.999752,9.407338,70763.726562,11955.726809999993,20.3301028098535
9.398496,58762.601624,9.398496,70747.796875,11985.195250999997,20.395957496383154
9.389671,58698.177323,9.389671,70652.757812,11954.580488999993,20.36618688041574
9.380863,58650.012422,9.380863,70645.335938,11995.323516000004,20.452380179719245
9.372071,58577.819482,9.372071,70448.210938,11870.391456000005,20.264310896119277
9.363296,58498.887527,9.363296,70448.210938,11949.323411000005,20.426582309765852
9.354537,58393.144389,9.354537,70444.617188,12051.472799000003,20.638506326558154
9.345794,58344.544817,9.345794,70415.859375,12071.314557999998,20.68970560291825
9.337068,58326.04105,9.337068,70217.78125,11891.7402,20.388389107029923
9.328358,58249.687268,9.328358,70133.09375,11883.406481999999,20.40080735082033
9.319664,58215.870599,9.319664,69819.820312,11603.949712999995,19.932622485249443
9.310987,58099.033418,9.310987,69670.867188,11571.833770000005,19.917429067614865
9.302326,57947.23293,9.302326,69565.3125,11618.079570000002,20.049412167850345
9.29368,57843.184967,9.29368,69406.15625,11562.971282999999,19.99020505111668
9.285051,57734.890667,9.285051,69339.078125,11604.187458,20.099089690720938
9.276438,57688.331591,9.276438,69104.734375,11416.402783999998,19.789795386942824
9.267841,57632.406719,9.267841,68887.929688,11255.522969000005,19.52985066870257
9.259259,57484.180572,9.259259,68655.59375,11171.413178000003,19.433891319034462
9.250694,57412.089272,9.250694,68637.84375,11225.754478000003,19.55294541680236
9.242144,57347.073417,9.242144,68567.070312,11219.996894999997,19.565073205067748
9.23361,57203.172564,9.23361,68388.9375,11185.764936,19.554448529030715
9.225092,57109.965859,9.225092,68233.890625,11123.924765999996,19.4780798739472
9.21659,57022.091036,9.21659,68093.65625,11071.565214000002,19.416273610538315
9.208103,56940.954225,9.208103,67737.546875,10796.592649999999,18.961032172621618
9.199632,56883.018373,9.199632,67683.546875,10800.528502000001,18.987263353673516
9.191176,56829.033186,9.191176,67586.359375,10757.326189,18.929278901845016
9.182736,56744.080254,9.182736,67525.59375,10781.513496,19.00024363376652
9.174312,56587.851353,9.174312,67478.84375,10890.992397000002,19.246167042217298
9.165903,56491.42686,9.165903,67433.757812,10942.330951999997,19.369896566992107
9.157509,56392.474444,9.157509,67147.5,10755.025556,19.071739025532874
9.149131,56348.253683,9.149131,67143.09375,10794.840066999997,19.15736400231468
9.140768,56291.819311,9.140768,67121.078125,10829.258814,19.237713306387757
9.13242,56228.706559,9.13242,66947.734375,10719.027816000002,19.06326585114078
9.124088,56072.047877,9.124088,66943.398438,10871.350561000007,19.388181763661407
9.11577,55918.199669,9.11577,66897.703125,10979.503455999999,19.63493732092886
9.107468,55853.046981,9.107468,66659.109375,10806.062394,19.34731044785433
9.099181,55796.346825,9.099181,66656.265625,10859.9188,19.463494328869082
9.090909,55738.603403,9.090909,66620.429688,10881.826285000003,19.522961862396276
9.082652,55711.483513,9.082652,66389.6875,10678.203987,19.16697117661262
9.07441,55603.682034,9.07441,66376.734375,10773.052341000002,19.37471035535489
9.066183,55549.13188,9.066183,66361.890625,10812.758745,19.46521642922928
9.057971,55518.836903,9.057971,66170.820312,10651.983408999993,19.186251015327745
9.049774,55405.175196,9.049774,66094.242188,10689.066992000007,19.29254253630031
9.041591,55272.361526,9.041591,65898.617188,10626.255662000003,19.225260815030374
9.033424,55167.903975,9.033424,65646.59375,10478.689774999999,18.994177809888416
9.025271,55038.511681,9.025271,65564.125,10525.613318999996,19.124087838722524
9.017133,54935.126344,9.017133,65484.300781,10549.174437000001,19.20296746191461
9.009009,54895.641985,9.009009,65376.398438,10480.756452999995,19.092146614960466
9.0009,54771.877203,9.0009,65370.46875,10598.591547000004,19.350425963526206
8.992806,54686.070244,8.992806,65342.925781,10656.855536999996,19.487331032291966
8.984726,54610.521854,8.984726,65118.539062,10508.017208000005,19.24174472474911
8.976661,54591.434217,8.976661,64734.476562,10143.042345000002,18.579915494950335
8.96861,54509.356204,8.96861,64729.253906,10219.897701999995,18.748887188746576
8.960573,54440.187472,8.960573,64728.871094,10288.683622000004,18.899059866925956
8.952551,54407.899654,8.952551,64665.644531,10257.744876999997,18.853410887449797
8.944544,54336.030357,8.944544,64623.796875,10287.766517999997,18.933599768711563
8.93655,54250.763752,8.93655,64569.855469,10319.091717000003,19.021099434050974
8.928571,54140.987318,8.928571,64443.777344,10302.790026000002,19.02955697037073
8.920607,54049.085952,8.920607,64368.671875,10319.585922999999,19.092988792011457
8.912656,54014.612892,8.912656,64318.289062,10303.676170000006,19.075719732735628
8.90472,53930.262304,8.90472,64300.976562,10370.714258,19.229860592075788
8.896797,53852.886779,8.896797,64280.589844,10427.703065000002,19.36331307139193
8.888889,53775.702145,8.888889,64067.453125,10291.750979999997,19.13829214586445
8.880995,53684.92704,8.880995,63979.546875,10294.619834999998,19.175996695179634
8.873114,53638.554406,8.873114,63857.554688,10219.000281999994,19.05159524742318
8.865248,53596.821491,8.865248,63837.925781,10241.104289999996,19.107670949703028
8.857396,53441.244135,8.857396,63801.351562,10360.107427000003,19.385977244146737
8.849558,53350.403018,8.849558,63679.757812,10329.354794000006,19.361343513215758
8.841733,53240.379743,8.841733,63672.277344,10431.897601000004,19.59395791569571
8.833922,53156.69394,8.833922,63671.84375,10515.149810000003,19.781421737531034
8.826125,53101.881194,8.826125,63645.800781,10543.919586999997,19.856018939290156
8.818342,53068.172242,8.818342,63628.285156,10560.112913999998,19.899145698563096
8.810573,52966.318037,8.810573,63517.9375,10551.619463000003,19.921376176514848
8.802817,52906.931509,8.802817,63509.359375,10602.427865999998,20.03977090260171
8.795075,52846.527743,8.795075,63294.824219,10448.296476000003,19.77101793103895
8.787346,52744.803244,8.787346,63167.40625,10422.603005999998,19.760435843858463
8.779631,52636.896065,8.779631,63166.859375,10529.96331,20.00490928833799
8.77193,52526.701215,8.77193,63103.621094,10576.919879000001,20.136272856174642
8.764242,52423.410344,8.764242,62953.367188,10529.956843999993,20.086363658722124
8.756567,52357.600163,8.756567,62847.933594,10490.333431,20.035932507107717
8.748906,52315.874141,8.748906,62683.15625,10367.282109,19.816704354510918
8.741259,52230.608081,8.741259,62509.5,10278.891919000002,19.679824334151622
8.733624,52143.992481,8.733624,62433.625,10289.632518999999,19.733112156207238
8.726003,52068.452928,8.726003,62365.226562,10296.773634000005,19.775455299657803
8.718396,51984.157942,8.718396,62233.21875,10249.060808000002,19.715738820729058
8.710801,51942.610468,8.710801,62221.117188,10278.506719999998,19.788198219903137
8.70322,51892.96589,8.70322,62180.765625,10287.799735,19.825037090397842
8.695652,51840.061448,8.695652,62091.914062,10251.852614000003,19.77592681730033
8.688097,51743.06024,8.688097,62049.308594,10306.248354000003,19.918126810042736
8.680556,51670.400608,8.680556,61994.472656,10324.072047999995,19.980630934766825
8.673027,51601.274095,8.673027,61862.695312,10261.421217000003,19.885984206723883
8.665511,51478.107375,8.665511,61833.359375,10355.252,20.115836669296353
8.658009,51405.675109,8.658009,61772.1875,10366.512390999997,20.166085493515965
8.650519,51369.698758,8.650519,61708.488281,10338.789523,20.126241291983245
8.643042,51297.416584,8.643042,61555.640625,10258.224041000001,19.99754514772116
8.635579,51281.691875,8.635579,61531.636719,10249.944844000005,19.987532527172508
8.628128,51196.691291,8.628128,61465.148438,10268.457146999994,20.056876505230548
8.62069,51167.343267,8.62069,61338.902344,10171.559077000005,19.879005685175134
8.613264,51079.674709,8.613264,61309.652344,10229.977635000003,20.027491743594698
8.605852,51032.09181,8.605852,61215.617188,10183.525377999998,19.955140024270936
8.598452,50968.579518,8.598452,61133.308594,10164.729076000003,19.943128045014948
8.591065,50893.876536,8.591065,61101.941406,10208.064869999995,20.05755026889979
8.583691,50832.146147,8.583691,61071.734375,10239.588228,20.14392270274884
8.576329,50768.99276,8.576329,60999.636719,10230.643959,20.151362874901363
8.56898,50654.825232,8.56898,60998.78125,10343.956017999997,20.42047518795
8.561644,50553.576657,8.561644,60937.394531,10383.817874,20.54022397752976
8.55432,50452.398488,8.55432,60917.460938,10465.062449999998,20.742447859023176
8.547009,50409.192715,8.547009,60855.167969,10445.975254000004,20.722361718940306
8.53971,50343.981425,8.53971,60812.671875,10468.690450000002,20.794323678185336
8.532423,50276.373655,8.532423,60752.691406,10476.317750999995,20.837457018855858
8.525149,50201.526296,8.525149,60724.535156,10523.008860000002,20.96153172306728
8.517888,50136.352324,8.517888,60710.164062,10573.811738000004,21.090109766398736
8.510638,50002.622994,8.510638,60640.027344,10637.404350000004,21.273692684634618
8.503401,49903.285757,8.503401,60504.503906,10601.218149,21.24352733128991
8.496177,49871.730991,8.496177,60398.832031,10527.101040000001,21.108353030496886
8.488964,49798.376916,8.488964,60362.34375,10563.966833999999,21.21347619786749
8.481764,49772.570093,8.481764,60348.433594,10575.863501,21.248377331608573
8.474576,49649.875389,8.474576,60300.507812,10650.632423000003,21.45147865841304
8.467401,49571.098563,8.467401,60287.890625,10716.792062,21.619032808764587
8.460237,49430.741221,8.460237,60257.589844,10826.848623000005,21.903067515403475
8.453085,49364.837175,8.453085,60190.808594,10825.971419000001,21.930532011321276
8.445946,49308.933827,8.445946,60126.074219,10817.140392000001,21.937485872138
8.438819,49251.793206,8.438819,60100.746094,10848.952888,22.02752870869755
8.431703,49206.959231,8.431703,59945.949219,10738.989988000001,21.824128448145444
8.4246,49118.197947,8.4246,59921.984375,10803.786428,21.995486152927693
8.417508,49072.96159,8.417508,59916.179688,10843.218097999998,22.096115145024402
8.410429,49026.93965,8.410429,59657.617188,10630.677537999996,21.683339025220995
8.403361,48975.76429,8.403361,59586.320312,10610.556022000004,21.66491156558938
8.396306,48887.308509,8.396306,59586.320312,10699.011803000001,21.885049779392837
8.389262,48804.187318,8.389262,59578.640625,10774.453307000003,22.07690343616512
8.38223,48727.643115,8.38223,59564.425781,10836.782666,22.239496871261714
8.375209,48704.991372,8.375209,59470.734375,10765.743003000003,22.103982979430562
8.368201,48651.400779,8.368201,59442.78125,10791.380470999997,22.181027263778212
8.361204,48597.143054,8.361204,59430.832031,10833.688976999998,22.292851587925362
8.354219,48542.558342,8.354219,59426.328125,10883.769783000003,22.421088122961883
8.347245,48476.876313,8.347245,59342.574219,10865.697906000001,22.414187407298265
8.340284,48368.099471,8.340284,59285.964844,10917.865373,22.57245062842713
8.333333,48252.95699,8.333333,59265.363281,11012.406291,22.822241325608758
8.326395,48171.511757,8.326395,59239.601562,11068.089805000003,22.976421958340666
8.319468,48128.805815,8.319468,59061.484375,10932.67856,22.71545776976806
8.312552,48111.857584,8.312552,58942.53125,10830.673666000002,22.511443560644878
8.305648,48051.89621,8.305648,58895.722656,10843.826446,22.566906410122705
8.298755,48019.216425,8.298755,58783.414062,10764.197637000005,22.416437498126054
8.291874,47905.211875,8.291874,58726.832031,10821.620155999997,22.589650963734513
8.285004,47884.488964,8.285004,58700.800781,10816.311817000002,22.58834134187337
8.278146,47790.451044,8.278146,58575.671875,10785.220830999999,22.567731827996763
8.271299,47624.908885,8.271299,58494.699219,10869.790334000005,22.8237504039059
8.264463,47538.879303,8.264463,58362.507812,10823.628509000002,22.767950502183933
8.257638,47458.627608,8.257638,58324.511719,10865.884111,22.895487414322872
8.250825,47371.759021,8.250825,58282.539062,10910.780041000005,23.032245934045292
8.244023,47311.460658,8.244023,58251.035156,10939.574497999994,23.122461969793775
8.237232,47270.412579,8.237232,58219.511719,10949.099139999998,23.162690026666198
8.230453,47239.652286,8.230453,58201.046875,10961.394589000003,23.203800321469632
8.223684,47165.275513,8.223684,58172.195312,11006.919799000003,23.336914031099436
8.216927,47069.819304,8.216927,57987.40625,10917.586946000003,23.19445263957541
8.210181,46999.81081,8.210181,57968.828125,10969.017314999997,23.33842865738973
8.203445,46843.69587,8.203445,57855.667969,11011.972098999999,23.507906228322113
8.196721,46791.969591,8.196721,57553.078125,10761.108533999999,22.99776783935549
8.190008,46726.631909,8.190008,57506.273438,10779.641528999993,23.069588131225288
8.183306,46659.019912,8.183306,57336.941406,10677.921493999995,22.885010259835724
8.176615,46583.340258,8.176615,57299.910156,10716.569898000002,23.005155574174587
8.169935,46509.795011,8.169935,57166.113281,10656.318269999996,22.91198717921607
8.163265,46436.052327,8.163265,56956.734375,10520.682048000002,22.65628002551545
8.156607,46391.34551,8.156607,56773.550781,10382.205270999999,22.379616622160782
8.149959,46340.51581,8.149959,56679.5625,10339.046690000003,22.311030659198877
8.143322,46311.763985,8.143322,56592.46875,10280.704765000002,22.198905591956805
8.136697,46231.792318,8.136697,56489.507812,10257.715494000004,22.18757910885977
8.130081,46126.073475,8.130081,56481.371094,10355.297619000004,22.449987260703
8.123477,46076.440073,8.123477,56459.664062,10383.223989000006,22.534779103050536
8.116883,46046.853995,8.116883,56447.507812,10400.653817000006,22.587110550765015
8.1103,46003.107535,8.1103,56272.121094,10269.013558999999,22.322434525074524
8.103728,45873.660872,8.103728,55996.476562,10122.815690000003,22.066727393406456
8.097166,45815.954709,8.097166,55892.421875,10076.467166000002,21.993358492692504
8.090615,45720.167081,8.090615,55859.523438,10139.356356999997,22.176988852723646
8.084074,45694.155821,8.084074,55832.09375,10137.937929,22.186508858405986
8.077544,45648.704432,8.077544,55799.667969,10150.963537000003,22.237133919367317
8.071025,45603.763884,8.071025,55796.414062,10192.650178000004,22.35045818570269
8.064516,45543.242344,8.064516,55760.597656,10217.355312,22.43440472425228
8.058018,45488.181357,8.058018,55690.507812,10202.326455000002,22.428521322780924
8.05153,45399.363889,8.05153,55579.835938,10180.472048999996,22.42426143654992
8.045052,45374.006529,8.045052,55573.605469,10199.598940000003,22.478947133489545
8.038585,45341.590499,8.038585,55562.578125,10220.987626000002,22.542190323529617
8.032129,45288.762649,8.032129,55435.445312,10146.682663000007,22.40441573032036
8.025682,45226.032384,8.025682,55372.0625,10146.030116000002,22.434048668813695
8.019246,45201.177461,8.019246,55272.484375,10071.306914,22.281072042182128
8.012821,45176.850948,8.012821,55229.191406,10052.340457999999,22.251087110012524
8.006405,45105.603584,8.006405,55153.164062,10047.560478000007,22.27563690459983
8.0,45046.281027,8.0,55136.503906,10090.222879,22.399680171049166
7.993605,44992.021111,7.993605,55097.617188,10105.596076999995,22.460862676225275
7.98722,44863.118181,7.98722,54916.074219,10052.956038000004,22.408063562237047
7.980846,44756.926709,7.980846,54835.835938,10078.909228999997,22.51921651039831
7.974482,44688.543103,7.974482,54767.753906,10079.210802999994,22.554350854018697
7.968127,44612.540022,7.968127,54752.042969,10139.502947,22.72792121228663
7.961783,44553.444407,7.961783,54713.367188,10159.922780999994,22.803899712417568
7.955449,44489.829688,7.955449,54679.324219,10189.494531000004,22.902974910125046
7.949126,44445.985037,7.949126,54609.320312,10163.335275000005,22.866711732318056
7.942812,44379.363373,7.942812,54592.507812,10213.144439000003,23.013273879484235
7.936508,44311.350741,7.936508,54570.082031,10258.731289999996,23.151475002335893
7.930214,44244.71808,7.930214,54485.910156,10241.192076,23.14669981054606
7.92393,44180.454301,7.92393,54455.019531,10274.56523,23.255906695752202
7.917656,44107.850017,7.917656,54260.875,10153.024983000003,23.018634957466382
7.911392,44053.796009,7.911392,54176.515625,10122.719616000002,22.978087095904232
7.905138,43995.537035,7.905138,54116.972656,10121.435620999997,23.005596256156704
7.898894,43984.696132,7.898894,54114.148438,10129.452306,23.029492520764652
7.89266,43930.969074,7.89266,54009.527344,10078.558270000001,22.941807300046268
7.886435,43879.93531,7.886435,53955.730469,10075.795159000001,22.962192372931284
7.880221,43787.735397,7.880221,53924.566406,10136.831009000001,23.14993209193116
7.874016,43762.407747,7.874016,53907.558594,10145.150847000004,23.182341578761683
7.867821,43693.618369,7.867821,53890.546875,10196.928505999997,23.337340523930084
7.861635,43621.589527,7.861635,53834.667969,10213.078442000005,23.41289841278829
7.85546,43444.013047,7.85546,53771.335938,10327.322890999996,23.77156751110299
7.849294,43404.40418,7.849294,53637.652344,10233.248164000004,23.5765203032445
7.843137,43379.286382,7.843137,53619.207031,10239.920649,23.605553486580636
7.836991,43264.039923,7.836991,53503.675781,10239.635858000001,23.66777553881743
7.830854,43200.333185,7.830854,53381.085938,10180.752752999993,23.56637554021215
7.824726,43132.657026,7.824726,53166.351562,10033.694536000003,23.262407715693882
7.818608,43048.738588,7.818608,53060.886719,10012.148131000002,23.25770384777529
7.8125,43028.08913,7.8125,52737.003906,9708.914775999998,22.564131878286826
7.806401,42998.215378,7.806401,52606.851562,9608.636184000003,22.34659299119715
7.800312,42957.234363,7.800312,52583.6875,9626.453136999997,22.4093875682357
7.794232,42913.775088,7.794232,52580.789062,9667.013974000001,22.526598869888733
7.788162,42844.683087,7.788162,52557.613281,9712.930194,22.67009461658759
7.782101,42763.463441,7.782101,52451.867188,9688.403746999997,22.65579765391762
7.77605,42735.011294,7.77605,52438.859375,9703.848080999996,22.70702121555872
7.770008,42691.080799,7.770008,52402.359375,9711.278575999997,22.747792733857125
7.763975,42613.128462,7.763975,52383.523438,9770.394975999996,22.92813348523023
7.757952,42535.793896,7.757952,52363.183594,9827.389697999999,23.103811632217237
7.751938,42454.996931,7.751938,52170.886719,9715.889788,22.885150136250754
7.745933,42407.467919,7.745933,52115.652344,9708.184425,22.89262929713943
7.739938,42327.591456,7.739938,52103.980469,9776.389013,23.09696506866606
7.733952,42253.756224,7.733952,52084.421875,9830.665651000003,23.26577925731539
7.727975,42189.119857,7.727975,51949.121094,9760.001237000004,23.133929482486298
7.722008,42160.435478,7.722008,51899.441406,9739.005927999999,23.099870334788097
7.716049,42076.100651,7.716049,51831.3125,9755.211849,23.18468607610423
7.7101,42051.537358,7.7101,51644.15625,9592.618891999999,22.81157716145917
7.70416,41959.698183,7.70416,51588.285156,9628.586972999998,22.947226481483668
7.698229,41841.647751,7.698229,51553.941406,9712.293655000001,23.212024805519
7.692308,41773.299288,7.692308,51532.367188,9759.067899999995,23.36197539178676
7.686395,41710.306746,7.686395,51526.476562,9816.169816000001,23.53415877705423
7.680492,41671.370783,7.680492,51467.554688,9796.183904999998,23.508187326048777
7.674597,41590.07656,7.674597,51455.765625,9865.689064999999,23.72125728301376
7.668712,41533.464912,7.668712,51320.019531,9786.554618999995,23.563058463182607
7.662835,41504.06338,7.662835,51246.125,9742.06162,23.472549014789983
7.656968,41470.569741,7.656968,51032.933594,9562.363853000003,23.058192623638213
7.651109,41440.761974,7.651109,50979.414062,9538.652088000003,23.017559604682383
7.64526,41375.796364,7.64526,50801.003906,9425.207541999996,22.77951935736184
7.639419,41314.286794,7.639419,50747.386719,9433.099925000002,22.832537257716755
7.633588,41281.915054,7.633588,50726.523438,9444.608384,22.87831940850057
7.627765,41218.97925,7.627765,50663.894531,9444.915281000001,22.913996059230417
7.621951,41199.737042,7.621951,50556.871094,9357.134052000001,22.711635373937252
7.616146,41160.609982,7.616146,50499.589844,9338.979862,22.68911919936085
7.61035,41122.924904,7.61035,50349.863281,9226.938376999999,22.437456476016617
7.604563,41103.811704,7.604563,50299.21875,9195.407046,22.37117840121176
7.598784,40973.043647,7.598784,50252.546875,9279.503228000001,22.647825013798887
7.593014,40932.660007,7.593014,50226.839844,9294.179837000003,22.706024566716607
7.587253,40885.032641,7.587253,50130.664062,9245.631421000006,22.613731294244772
7.581501,40803.575062,7.581501,50118.632812,9315.05775,22.829023525134755
7.575758,40724.26541,7.575758,49998.199219,9273.933809000002,22.772501150438803
7.570023,40699.562523,7.570023,49956.757812,9257.195289000003,22.745196054057356
7.564297,40649.316126,7.564297,49895.660156,9246.34403,22.746616453126208
7.558579,40624.165239,7.558579,49776.039062,9151.873823000002,22.528152318103565
7.55287,40552.606238,7.55287,49650.710938,9098.104699999996,22.43531438301141
7.54717,40523.616397,7.54717,49614.386719,9090.770322000004,22.433265167994737
7.541478,40475.357992,7.541478,49517.335938,9041.977945999999,22.33946379865783
7.535795,40410.643971,7.535795,49474.835938,9064.191966999999,22.430209163468813
7.53012,40337.228436,7.53012,49470.507812,9133.279376000006,22.642307689758812
7.524454,40272.67985,7.524454,49383.667969,9110.988119000001,22.623247702747552
7.518797,40214.864175,7.518797,49365.417969,9150.553794,22.754158149534515
7.513148,40169.102983,7.513148,49347.167969,9178.064986000005,22.84856843799639
7.507508,40123.471846,7.507508,49179.621094,9056.149248000002,22.5707019640745
7.501875,40054.154357,7.501875,48944.375,8890.220643,22.195502028983206
7.496252,39999.229794,7.496252,48941.316406,8942.086612,22.355646991336165
7.490637,39973.208744,7.490637,48889.269531,8916.060786999995,22.305091502913935
7.48503,39923.489708,7.48503,48791.191406,8867.701697999997,22.211739912663642
7.479432,39833.284629,7.479432,48726.75,8893.465370999998,22.32671860689402
7.473842,39784.854649,7.473842,48584.625,8799.770351,22.118392611046485
7.46826,39749.089699,7.46826,48545.882812,8796.793113000007,22.1308039495086
7.462687,39708.651576,7.462687,48517.683594,8809.032018000005,22.184163068695604
7.457122,39686.042859,7.457122,48514.601562,8828.558703000002,22.24600405328107
7.451565,39583.614999,7.451565,48508.445312,8924.830313000006,22.54677930054007
7.446016,39518.000864,7.446016,48433.121094,8915.12023,22.559643795446828
7.440476,39478.169401,7.440476,48363.558594,8885.389193000003,22.50709525749928
7.434944,39412.04152,7.434944,48348.125,8936.083480000001,22.673485400306667
7.429421,39376.04,7.429421,48292.546875,8916.506875,22.644498723081345
7.423905,39315.201309,7.423905,48271.582031,8956.380722000002,22.780961113760636
7.418398,39283.292885,7.418398,48203.921875,8920.628989999997,22.708455261412837
7.412898,39251.772343,7.412898,48199.816406,8948.044063000001,22.79653510880448
7.407407,39173.839688,7.407407,48156.5,8982.660312,22.930252391755282
7.401925,39131.162555,7.401925,48150.308594,9019.146039,23.04850009585921
7.39645,39049.352519,7.39645,48134.832031,9085.479511999998,23.26665853826727
7.390983,38976.006944,7.390983,48079.085938,9103.078993999996,23.355596706145732
7.385524,38923.115574,7.385524,48041.894531,9118.778956999995,23.42766970866841
7.380074,38882.310177,7.380074,47973.664062,9091.353885000004,23.381722545842454
7.374631,38839.698292,7.374631,47930.207031,9090.508738999997,23.405199161581574
7.369197,38770.323211,7.369197,47746.789062,8976.465851,23.152930147492757
7.36377,38739.480578,7.36377,47523.730469,8784.249891,22.675187586249002
7.358352,38663.84622,7.358352,47519.191406,8855.345185999999,22.90342542646291
7.352941,38628.396126,7.352941,47303.40625,8675.010124,22.457598538917914
7.347539,38561.634658,7.347539,47299.023438,8737.388779999994,22.658242726199713
7.342144,38526.024127,7.342144,47174.878906,8648.854779000001,22.44938317665297
7.336757,38466.712032,7.336757,47024.117188,8557.405155999993,22.246260998031726
7.331378,38400.056184,7.331378,46949.671875,8549.615690999999,22.264591619431883
7.326007,38310.073329,7.326007,46932.882812,8622.809483000005,22.507943038763912
7.320644,38262.18304,7.320644,46910.84375,8648.660709999996,22.603678156467247
7.315289,38244.449954,7.315289,46812.78125,8568.331295999997,22.40411695371718
7.309942,38195.887773,7.309942,46784.773438,8588.885664999994,22.486414548194702
7.304602,38139.527094,7.304602,46696.398438,8556.871344,22.4357038379381
7.29927,38082.136889,7.29927,46690.082031,8607.945141999997,22.603629536572555
7.293946,37990.534765,7.293946,46669.101562,8678.566797000007,22.844023782985587
7.28863,37970.876896,7.28863,46559.070312,8588.193416000002,22.61784324739868
7.283321,37930.256816,7.283321,46530.59375,8600.336933999999,22.674080420072837
7.27802,37869.899535,7.27802,46116.175781,8246.276246000001,21.77527890819635
7.272727,37804.676478,7.272727,46049.492188,8244.815709999995,21.808983644650343
7.267442,37775.267625,7.267442,45944.222656,8168.955030999998,21.62514138111284
7.262164,37734.000725,7.262164,45871.609375,8137.608650000002,21.565719228410817
7.256894,37639.054043,7.256894,45717.347656,8078.293613000002,21.462530922724877
7.251632,37614.550156,7.251632,45698.03125,8083.4810940000025,21.490303779987077
7.246377,37551.85918,7.246377,45698.03125,8146.1720700000005,21.693125847517628
7.24113,37493.080242,7.24113,45563.476562,8070.39632,21.52502879973966
7.23589,37446.611907,7.23589,45518.570312,8071.958405000005,21.555911186429906
7.230658,37382.058945,7.230658,45514.253906,8132.194961000001,21.754272478583513
7.225434,37341.784244,7.225434,45213.152344,7871.3681,21.07925011982992
7.220217,37305.44657,7.220217,45205.671875,7900.225305,21.177136400648642
7.215007,37231.229807,7.215007,45193.824219,7962.594411999999,21.386869177506775
7.209805,37173.318429,7.209805,45168.042969,7994.724540000003,21.506620549009376
7.204611,37164.973998,7.204611,45118.292969,7953.318971000001,21.400039110556087
7.199424,37143.061277,7.199424,45097.097656,7954.036378999997,21.414595635188945
7.194245,37102.541991,7.194245,45008.351562,7905.809571000005,21.30799979397025
7.189073,37017.836095,7.189073,44942.078125,7924.242030000001,21.40655118160818
7.183908,36936.761628,7.183908,44935.574219,7998.812591000002,21.655424673007833
7.178751,36868.224247,7.178751,44933.976562,8065.752315000005,21.877246544241476
7.173601,36769.789402,7.173601,44883.867188,8114.077785999994,22.067240302329957
7.168459,36740.44992,7.168459,44802.945312,8062.495392000004,21.94446559461187
7.163324,36652.209086,7.163324,44705.722656,8053.5135699999955,21.972791738428082
7.158196,36550.398997,7.158196,44654.078125,8103.679128000003,22.17124669053583
7.153076,36449.791808,7.153076,44555.847656,8106.055847999996,22.238963368292488
7.147963,36401.319871,7.147963,44266.71875,7865.398879,21.60745518809103
7.142857,36344.172392,7.142857,44175.351562,7831.179170000003,21.547276095696116
7.137759,36313.50766,7.137759,43913.726562,7600.2189020000005,20.92945405649089
7.132668,36274.052452,7.132668,43866.179688,7592.127235999993,20.929911942004136
7.127584,36170.132543,7.127584,43740.25,7570.117457,20.929194682934728
7.122507,36147.75586,7.122507,43670.945312,7523.189452000006,20.812327827866454
7.117438,36099.044208,7.117438,43647.9375,7548.893292000001,20.911615411488018
7.112376,36067.900748,7.112376,43608.097656,7540.196907999998,20.90556076629469
7.107321,36014.844631,7.107321,43377.960938,7363.116306999997,20.444670475302146
7.102273,35989.613311,7.102273,43348.101562,7358.4882510000025,20.44614424559801
7.097232,35899.407113,7.097232,43341.675781,7442.268667999997,20.730895762634976
7.092199,35843.443554,7.092199,43288.867188,7445.423633999999,20.772065671600675
7.087172,35745.761563,7.087172,43169.917969,7424.156406000002,20.769333429685982
7.082153,35661.764492,7.082153,43073.96875,7412.204257999998,20.784737837811633
7.077141,35632.758013,7.077141,42764.808594,7132.050581000003,20.015432368154038
7.072136,35591.767486,7.072136,42616.828125,7025.060639000003,19.73788079438119
7.067138,35512.754474,7.067138,42528.265625,7015.511150999999,19.75490568082032
7.062147,35420.204107,7.062147,42412.472656,6992.268549,19.740904168358924
7.057163,35385.050327,7.057163,42342.195312,6957.144985000006,19.66125502354159
7.052186,35314.279825,7.052186,42322.308594,7008.028769000004,19.844744969254105
7.047216,35238.194562,7.047216,42141.675781,6903.481219000001,19.590904996150243
7.042254,35175.041592,7.042254,42064.070312,6889.028720000002,19.584990971458584
7.037298,35136.422379,7.037298,42044.507812,6908.085433,19.660753614826643
7.032349,35024.906114,7.032349,41990.847656,6965.9415420000005,19.88853737202626
7.027407,34976.151665,7.027407,41970.714844,6994.563179000004,19.998092546011392
7.022472,34933.676372,7.022472,41604.144531,6670.468158999996,19.094664094233444
7.017544,34890.136439,7.017544,41506.335938,6616.199498999995,18.962951063740878
7.012623,34854.134723,7.012623,41452.328125,6598.193401999997,18.93087708083568
7.007708,34784.832918,7.007708,41425.3125,6640.479582,19.09015805151035
7.002801,34734.929205,7.002801,41394.90625,6659.977045,19.17371705493879
6.997901,34668.502762,6.997901,41294.839844,6626.3370820000055,19.113421561611556
6.993007,34592.47242,6.993007,41286.710938,6694.238517999998,19.35172033014227
6.98812,34541.157852,6.98812,41208.855469,6667.697617000005,19.303630890340674
6.98324,34517.577541,6.98324,41185.148438,6667.570896999998,19.31645084038778
6.978367,34459.629689,6.978367,41178.371094,6718.741405000001,19.497427760068813
6.973501,34410.021013,6.973501,41151.265625,6741.244612000002,19.590934307924954
6.968641,34383.741181,6.968641,40959.246094,6575.504913000004,19.123878575009577
6.963788,34367.819852,6.963788,40648.230469,6280.410617000001,18.274102471572746
6.958942,34283.871962,6.958942,40562.964844,6279.0928820000045,18.31500505240396
6.954103,34255.8602,6.954103,40422.941406,6167.081205999995,18.002996188079944
6.94927,34229.828508,6.94927,40314.761719,6084.933211000003,17.776697915906496
6.944444,34126.043347,6.944444,40227.898438,6101.855090999998,17.88034736097353
6.939625,34073.719394,6.939625,40018.671875,5944.952481,17.4473247615194
6.934813,34039.435684,6.934813,39980.890625,5941.454941000004,17.45462232734
6.930007,33965.536253,6.930007,39915.589844,5950.0535910000035,17.517914472716345
6.925208,33841.330691,6.925208,39846.796875,6005.466183999997,17.745951655491883
6.920415,33782.527374,6.920415,39794.074219,6011.546845000004,17.794840446504494
6.915629,33761.721087,6.915629,39722.839844,5961.118757000004,17.65644216311988
6.91085,33706.432541,6.91085,39591.800781,5885.368239999996,17.46066787946521
6.906077,33645.074379,6.906077,39533.113281,5888.038902,17.500448462896234
6.901311,33579.330518,6.901311,39433.90625,5854.5757319999975,17.435057940960693
6.896552,33546.076421,6.896552,39367.269531,5821.19311,17.35282850055128
6.891799,33482.060134,6.891799,39232.160156,5750.100021999999,17.17367449609515
6.887052,33453.135643,6.887052,39197.503906,5744.368262999997,17.171389624882575
6.882312,33423.249146,6.882312,39156.820312,5733.5711660000015,17.15443983603904
6.877579,33359.450048,6.877579,38908.570312,5549.120264000005,16.634327772237036
6.872852,33336.033378,6.872852,38749.1875,5413.154122,16.23814705432948
6.868132,33293.428096,6.868132,38693.421875,5399.993778999997,16.21939850540285
6.863418,33261.327115,6.863418,38468.789062,5207.461947000003,15.656206166985962
6.858711,33204.384533,6.858711,38428.070312,5223.685779000007,15.73191568664215
6.85401,33183.561025,6.85401,38403.589844,5220.028818999999,15.730767457619473
6.849315,33136.071223,6.849315,38193.488281,5057.417057999999,15.262572994741777
6.844627,33049.711069,6.844627,38014.519531,4964.808462000001,15.022244677524268
6.839945,33014.782637,6.839945,38000.464844,4985.682207000005,15.101363113057426
6.83527,32919.897301,6.83527,37875.5,4955.602699000003,15.053518100888693
6.830601,32876.74133,6.830601,37813.988281,4937.246951000001,15.017446228756157
6.825939,32790.147684,6.825939,37563.773438,4773.625753999993,14.558109954257054
6.821282,32747.245161,6.821282,37553.179688,4805.934526999998,14.675843733944305
6.816633,32732.695732,6.816633,37502.269531,4769.573798999998,14.571283214957415
6.811989,32642.375702,6.811989,37380.019531,4737.643828999997,14.51378377680311
6.807352,32611.512665,6.807352,37376.480469,4764.9678040000035,14.611305685044046
6.802721,32580.911229,6.802721,37292.15625,4711.245020999999,14.460138907369045
6.798097,32551.924916,6.798097,37206.53125,4654.606334,14.299020245380808
6.793478,32446.695581,6.793478,37153.355469,4706.659888000002,14.505821944950561
6.788866,32361.72195,6.788866,37134.945312,4773.223362000004,14.74959635761905
6.784261,32322.01067,6.784261,37093.054688,4771.044017999997,14.760975320227493
6.779661,32290.131249,6.779661,37057.566406,4767.435157,14.76437218615407
6.775068,32255.782222,6.775068,37050.464844,4794.682622,14.864567812991355
6.770481,32203.339997,6.770481,37047.011719,4843.671722000003,15.040898622475899
6.7659,32126.187199,6.7659,36728.453125,4602.265926,14.325590203070398
6.761325,32083.927447,6.761325,36666.152344,4582.224897000004,14.281994947686695
6.756757,32035.567325,6.756757,36659.152344,4623.585019000002,14.43266158546172
6.752194,31976.275419,6.752194,36523.589844,4547.3144250000005,14.220900856695865
6.747638,31962.145455,6.747638,36229.1875,4267.042044999998,13.350299187542442
6.743088,31918.880359,6.743088,36130.058594,4211.178235000003,13.193377047176401
6.738544,31881.11522,6.738544,36126.671875,4245.556655,13.316838591444984
6.734007,31803.74713,6.734007,36018.855469,4215.108339000002,13.253495953701485
6.729475,31760.906698,6.729475,35918.304688,4157.397989999998,13.089670359636777
6.72495,31743.168034,6.72495,35907.414062,4164.246028000005,13.118558373063758
6.72043,31715.627116,6.72043,35727.683594,4012.0564780000022,12.650093480182164
6.715917,31690.280876,6.715917,35587.167969,3896.887093000001,12.29678937920437
6.711409,31639.443024,6.711409,35587.167969,3947.7249450000018,12.477226422745392
6.706908,31605.785336,6.706908,35471.722656,3865.9373199999973,12.231739470800527
6.702413,31572.495515,6.702413,35240.410156,3667.9146409999994,11.617436573100102
6.697924,31550.542852,6.697924,35116.488281,3565.9454289999994,11.302326700771657
6.69344,31510.562761,6.69344,34945.21875,3434.655988999999,10.900014750771144
6.688963,31463.684654,6.688963,34921.445312,3457.760658000003,10.989687622490251
6.684492,31413.539704,6.684492,34854.335938,3440.7962339999976,10.95322675006239
6.680027,31387.173926,6.680027,34830.640625,3443.4666990000005,10.970935794087397
6.675567,31330.486939,6.675567,34790.660156,3460.1732169999996,11.044109284789943
6.671114,31301.800377,6.671114,34696.089844,3394.2894670000023,10.843751560993486
6.666667,31276.615825,6.666667,34673.457031,3396.8412059999973,10.860641781086933
6.662225,31203.38335,6.662225,34670.613281,3467.229930999998,11.111711483684342
6.65779,31156.422759,6.65779,34635.878906,3479.456146999997,11.167701035238084
6.65336,31111.858171,6.65336,34505.367188,3393.5090169999967,10.90744563808521
6.648936,31079.35699,6.648936,34276.410156,3197.053165999998,10.286741669168613
6.644518,31019.355499,6.644518,34236.503906,3217.148406999997,10.371422472345406
6.640106,30972.522323,6.640106,34199.9375,3227.415176999999,10.420252969204709
6.6357,30932.743317,6.6357,33903.238281,2970.4949639999977,9.603076369781514
6.6313,30829.540931,6.6313,33807.816406,2978.2754749999986,9.660460016792712
6.626905,30756.338564,6.626905,33596.109375,2839.7708109999985,9.233123783869134
6.622517,30705.319379,6.622517,33491.882812,2786.563433000003,9.075181399695165
6.618134,30655.508519,6.618134,33462.054688,2806.5461689999975,9.155112097587702
6.613757,30581.278713,6.613757,33287.371094,2706.092381000002,8.848852941684388
6.609385,30519.272101,6.609385,33244.421875,2725.1497740000013,8.929275131403637
6.60502,30448.387518,6.60502,33196.265625,2747.8781070000005,9.024708140539635
6.60066,30362.562243,6.60066,33059.621094,2697.0588510000016,8.882843382632508
6.596306,30288.422944,6.596306,33048.519531,2760.0965869999964,9.112711454482508
6.591958,30215.531537,6.591958,33011.515625,2795.984088000001,9.253466498102867
6.587615,30201.482857,6.587615,32967.089844,2765.606987000003,9.157189400582693
6.583278,30150.238605,6.583278,32944.871094,2794.6324890000033,9.269022794852948
6.578947,30089.749329,6.578947,32937.464844,2847.7155150000035,9.464071913206078
6.574622,30036.236515,6.574622,32792.910156,2756.6736409999976,9.177826388546793
6.570302,30007.835401,6.570302,32637.003906,2629.1685050000015,8.761606659947173
6.565988,29958.28864,6.565988,32614.712891,2656.4242510000004,8.867076096774
6.56168,29935.115351,6.56168,32443.917969,2508.802617999998,8.380801572278525
6.557377,29898.864788,6.557377,32346.833984,2447.969196000002,8.187498800899297
6.55308,29860.078997,6.55308,32339.320312,2479.2413149999993,8.302862545169706
6.548788,29765.88812,6.548788,32272.298828,2506.4107079999994,8.420412983800462
6.544503,29677.65263,6.544503,32216.236328,2538.5836979999985,8.553856093840258
6.540222,29645.254844,6.540222,32059.578125,2414.323281000001,8.144046302535475
6.535948,29570.65741,6.535948,31943.703125,2373.045715,8.025001548316947
6.531679,29495.217094,6.531679,31921.259766,2426.0426719999996,8.225207037019953
6.527415,29452.910602,6.527415,31858.371094,2405.4604919999983,8.167140166570347
6.523157,29408.24041,6.523157,31752.787109,2344.5466990000023,7.972414079567851
6.518905,29310.967005,6.518905,31614.058594,2303.0915889999997,7.857439806087352
6.514658,29247.286173,6.514658,31590.664062,2343.3778889999994,8.012291722174613
6.510417,29205.455657,6.510417,31550.257812,2344.802155000001,8.028644314056427
6.506181,29175.286326,6.506181,31448.845703,2273.5593769999978,7.792757718281177
6.501951,29156.929484,6.501951,31448.845703,2291.916218999999,7.8606227046565325
6.497726,29089.582559,6.497726,31369.902344,2280.3197849999997,7.838956713713631
6.493506,29038.485451,6.493506,31264.720703,2226.2352519999986,7.666499190381616
6.489293,28985.213395,6.489293,31208.070312,2222.856917000001,7.668934110326226
6.485084,28955.905091,6.485084,31061.076172,2105.1710810000004,7.270265164856905
6.480881,28921.720239,6.480881,31061.076172,2139.3559330000026,7.39705631380512
6.476684,28897.140725,6.476684,31034.669922,2137.529197,7.397026637831829
6.472492,28801.490888,6.472492,31020.701172,2219.2102840000007,7.705192389622524
6.468305,28754.793579,6.468305,30972.044922,2217.251343,7.71089292263008
6.464124,28696.511003,6.464124,30913.486328,2216.9753249999994,7.725591883864319
6.459948,28647.401022,6.459948,30869.996094,2222.595072,7.758452748621561
6.455778,28637.339217,6.455778,30869.996094,2232.6568769999976,7.7963139664687295
6.451613,28583.135685,6.451613,30856.753906,2273.6182210000006,7.954404464423968
6.447453,28553.814648,6.447453,30803.75,2249.9353520000004,7.879631424859701
6.443299,28488.704319,6.443299,30743.109375,2254.4050559999996,7.913329545480477
6.43915,28411.091992,6.43915,30739.318359,2328.2263669999993,8.194779586985188
6.435006,28382.070281,6.435006,30701.378906,2319.3086250000015,8.171738714045224
6.430868,28360.704301,6.430868,30678.603516,2317.8992149999976,8.172925433725101
6.426735,28305.479248,6.426735,30663.414062,2357.934814,8.330312281028085
6.422608,28269.266269,6.422608,30634.998047,2365.731778000001,8.368564487979853
6.418485,28229.203185,6.418485,30615.921875,2386.7186900000015,8.454785897988858
6.414368,28182.531886,6.414368,30604.515625,2421.9837389999993,8.593918207196806
6.410256,28117.800652,6.410256,30595.009766,2477.2091139999975,8.810109811429347
6.40615,28060.853432,6.40615,30575.994141,2515.1407089999993,8.963165411540144
6.402049,28033.870881,6.402049,30505.574219,2471.7033379999993,8.816846408731948
6.397953,28011.308601,6.397953,30486.525391,2475.2167899999986,8.836491094570404
6.393862,27981.688968,6.393862,30442.6875,2460.9985320000014,8.79503211837717
6.389776,27921.003817,6.389776,30354.908203,2433.9043859999983,8.717109176848755
6.385696,27879.481758,6.385696,30341.539062,2462.057303999998,8.831072705623418
6.381621,27788.56718,6.381621,30265.074219,2476.507039,8.911963768979039
6.377551,27725.033769,6.377551,30238.285156,2513.2513870000002,9.064917316025506
6.373486,27678.948462,6.373486,30192.332031,2513.3835690000014,9.080487911058423
6.369427,27586.901691,6.369427,30171.257812,2584.3561210000007,9.368054991993269
6.365372,27558.112795,6.365372,30129.083984,2570.971189,9.329271594629889
6.361323,27498.771669,6.361323,30125.248047,2626.4763779999994,9.551249814408571
6.357279,27442.267295,6.357279,30067.681641,2625.4143459999977,9.567046038059509
6.35324,27413.368316,6.35324,29898.474609,2485.1062930000007,9.065308080180543
6.349206,27348.043204,6.349206,29881.140625,2533.0974209999986,9.262444856125942
6.345178,27295.492274,6.345178,29873.433594,2577.941319999998,9.444567967933613
6.341154,27243.445471,6.341154,29858.017578,2614.572107,9.5970684390238
6.337136,27212.849846,6.337136,29825.416016,2612.5661699999982,9.600487213888838
6.333122,27157.121961,6.333122,29778.947266,2621.8253049999985,9.654282617889955
6.329114,27080.199985,6.329114,29778.947266,2698.747281,9.965758312327324
6.325111,27043.162837,6.325111,29684.462891,2641.3000539999994,9.76697906942385
6.321113,27014.234292,6.321113,29656.279297,2642.045005,9.780195790270522
6.317119,26953.300479,6.317119,29589.494141,2636.193661999998,9.780596866249915
6.313131,26937.617203,6.313131,29572.064453,2634.4472499999974,9.779808028850463
6.309148,26851.552056,6.309148,29459.601562,2608.0495059999994,9.712844533384164
6.30517,26761.17166,6.30517,29444.070312,2682.898652,10.025340766413962
6.301197,26719.4162,6.301197,29416.802734,2697.386534000001,10.095230052219485
6.297229,26683.642938,6.297229,29409.113281,2725.470343000001,10.214011442638053
6.293266,26632.660792,6.293266,29378.021484,2745.360692000002,10.308247881956511
6.289308,26599.331247,6.289308,29360.476562,2761.1453150000016,10.380506522363854
6.285355,26573.63796,6.285355,29352.748047,2779.110087000001,10.458146871660025
6.281407,26556.718783,6.281407,29191.113281,2634.3944980000015,9.919879483328268
6.277464,26489.545561,6.277464,29185.261719,2695.7161579999993,10.176528516853251
6.273526,26474.595228,6.273526,29130.625,2656.0297720000017,10.032371596718267
6.269592,26435.140269,6.269592,29019.240234,2584.0999650000012,9.77524589884748
6.265664,26394.298104,6.265664,29005.667969,2611.369864999997,9.893689366963121
6.261741,26362.28909,6.261741,28962.488281,2600.1991910000033,9.863328568027638
6.257822,26334.897189,6.257822,28923.314453,2588.4172639999997,9.828848942995583
6.253909,26299.977904,6.253909,28919.396484,2619.4185800000014,9.959774831603987
6.25,26240.879621,6.25,28912.546875,2671.667254,10.181317442811343
6.246096,26195.851899,6.246096,28844.890625,2649.038725999999,10.112435878067867
6.242197,26184.325437,6.242197,28834.072266,2649.7468289999997,10.119591720532737
6.238303,26160.824821,6.238303,28833.117188,2672.292367000002,10.214862816002961
6.234414,26152.339903,6.234414,28817.416016,2665.076112999999,10.190583798179686
6.23053,26123.105565,6.23053,28754.568359,2631.462793999999,10.073315316405793
6.22665,26087.201207,6.22665,28659.525391,2572.324184000001,9.860483551258719
6.222775,26061.580074,6.222775,28659.238281,2597.6582070000004,9.967385705794257
6.218905,25960.470285,6.218905,28563.650391,2603.180106,10.027476688294517
6.21504,25914.952896,6.21504,28532.097656,2617.144760000003,10.098975562498367
6.21118,25881.898539,6.21118,28455.119141,2573.2206019999976,9.942163238614638
6.207325,25824.664853,6.207325,28447.216797,2622.5519440000025,10.155221602790117
6.203474,25761.24627,6.203474,28398.630859,2637.384589000001,10.237798906768502
6.199628,25741.088135,6.199628,28334.513672,2593.425536999999,10.075042373495215
6.195787,25709.804662,6.195787,28328.576172,2618.7715100000023,10.185886452379933
6.19195,25668.771613,6.19195,28277.160156,2608.388543000001,10.161719393221674
6.188119,25655.316377,6.188119,28094.548828,2439.232451,9.507707545508083
6.184292,25606.386305,6.184292,28046.837891,2440.451585999999,9.530636447218901
6.18047,25558.133602,6.18047,27989.134766,2431.0011639999975,9.511653714063707
6.176652,25491.32961,6.176652,27913.441406,2422.111796000001,9.50170835753436
6.17284,25473.833175,6.17284,27907.460938,2433.6277630000004,9.553441550321374
6.169031,25450.105879,6.169031,27843.638672,2393.532793000002,9.404804853778668
6.165228,25405.189541,6.165228,27717.791016,2312.6014749999995,9.102870385075548
6.161429,25373.842437,6.161429,27568.019531,2194.1770940000024,8.647397805231364
6.157635,25341.33749,6.157635,27560.935547,2219.5980569999992,8.758803902421802
6.153846,25295.12807,6.153846,27560.703125,2265.575055000001,8.956566848487205
6.150062,25247.999516,6.150062,27553.595703,2305.596186999999,9.131797493654544
6.146281,25199.327614,6.146281,27517.494141,2318.1665269999976,9.199318975924156
6.142506,25171.91538,6.142506,27473.865234,2301.9498540000022,9.144913365746435
6.138735,25075.841593,6.138735,27431.164062,2355.322468999999,9.392795293688147
6.134969,25014.198179,6.134969,27419.107422,2404.909243000002,9.614176819862966
6.131208,24941.068093,6.131208,27395.050781,2453.982688,9.839124286296057
6.127451,24895.831262,6.127451,27376.710938,2480.8796760000005,9.965040531852882
6.123699,24862.347003,6.123699,27355.898438,2493.551435000001,10.029428978282375
6.119951,24809.378276,6.119951,27346.722656,2537.3443800000023,10.227359798268578
6.116208,24745.298124,6.116208,27292.378906,2547.080782000001,10.29319092959173
6.112469,24687.55315,6.112469,27197.664062,2510.110912,10.167515981631416
6.108735,24641.478401,6.108735,27189.597656,2548.1192550000014,10.340772633579459
6.105006,24577.75398,6.105006,27187.580078,2609.8260979999977,10.618651729217111
6.101281,24529.41142,6.101281,27125.019531,2595.6081110000014,10.5816159489407
6.097561,24467.897804,6.097561,27116.943359,2649.0455550000006,10.82661688478581
6.093845,24434.226351,6.093845,27104.826172,2670.599821,10.929749862494427
6.090134,24355.040746,6.090134,27082.603516,2727.5627700000005,11.199171450567034
6.086427,24300.54049,6.086427,27067.982422,2767.4419320000015,11.388396620802904
6.082725,24225.965666,6.082725,27050.046875,2824.081209,11.657249283414385
6.079027,24181.412038,6.079027,27005.779297,2824.3672590000024,11.67991039796037
6.075334,24126.652663,6.075334,26997.685547,2871.032884,11.899839252889567
6.071645,24084.956379,6.071645,26981.498047,2896.5416680000017,12.026352144550843
6.067961,24044.842135,6.067961,26920.755859,2875.913724000002,11.960626349107041
6.064281,23993.688984,6.064281,26884.283203,2890.5942189999987,12.047310527895766
6.060606,23946.303749,6.060606,26819.388672,2873.084923000002,11.998030899111027
6.056935,23905.569194,6.056935,26808.841797,2903.2726030000013,12.14475413423198
6.053269,23876.483601,6.053269,26784.884766,2908.4011649999993,12.181028050873408
6.049607,23830.732002,6.049607,26723.953125,2893.2211229999994,12.14071444703077
6.045949,23750.216932,6.045949,26654.824219,2904.607286999999,12.229813712086388
6.042296,23730.585115,6.042296,26506.144531,2775.559416,11.696127181649562
6.038647,23719.411201,6.038647,26451.066406,2731.6552050000028,11.516538845976234
6.035003,23673.99802,6.035003,26417.828125,2743.830105000001,11.590058015050898
6.031363,23633.963883,6.031363,26406.150391,2772.186507999999,11.729672270482071
6.027728,23566.631783,6.027728,26373.466797,2806.8350140000002,11.910208636707837
6.024096,23506.232893,6.024096,26328.498047,2822.2651540000006,12.006454487398754
6.02047,23460.476318,6.02047,26314.181641,2853.7053229999983,12.163884843252305
6.016847,23425.037015,6.016847,26244.607422,2819.5704069999992,12.036567563135605
6.013229,23405.296473,6.013229,26238.464844,2833.1683709999998,12.104817276159269
6.009615,23376.095045,6.009615,26129.849609,2753.7545640000026,11.780216322268135
6.006006,23352.353895,6.006006,26047.753906,2695.4000110000015,11.54230542719343
6.002401,23317.659539,6.002401,26029.267578,2711.608038999999,11.628988897726606
5.9988,23266.775493,5.9988,25994.335938,2727.560444999999,11.722984329395398
5.995204,23250.695349,5.995204,25989.716797,2739.0214479999995,11.78038508907564
5.991612,23229.67427,5.991612,25988.167969,2758.4936989999987,11.874870335837898
5.988024,23188.957028,5.988024,25961.869141,2772.9121129999985,11.957899226135037
5.98444,23151.348683,5.98444,25949.101562,2797.7528789999997,12.084621579970351
5.980861,23092.314578,5.980861,25835.878906,2743.5643280000004,11.88085463989733
5.977286,23047.841275,5.977286,25782.371094,2734.5298189999994,11.864581096218087
5.973716,23027.683824,5.973716,25766.6875,2739.0036760000003,11.894395011387752
5.970149,22974.166956,5.970149,25765.787109,2791.620153,12.15112677794366
5.966587,22938.242802,5.966587,25719.390625,2781.1478229999993,12.12450250442684
5.963029,22883.416215,5.963029,25711.378906,2827.9626910000006,12.35813160251082
5.959476,22827.14083,5.959476,25695.6875,2868.5466699999997,12.56638617758946
5.955926,22796.882572,5.955926,25662.576172,2865.6936000000023,12.57055034147413
5.952381,22729.386096,5.952381,25598.503906,2869.1178100000034,12.622944578801981
5.94884,22674.243606,5.94884,25536.439453,2862.195846999999,12.62311500544438
5.945303,22630.101868,5.945303,25125.353516,2495.2516479999977,11.0262501802009
5.941771,22590.242794,5.941771,24994.021484,2403.778689999999,10.640782889852101
5.938242,22541.587438,5.938242,24958.539062,2416.951624000001,10.722189067862937
5.934718,22473.088668,5.934718,24952.275391,2479.186722999999,11.031802346466845
5.931198,22446.924506,5.931198,24891.699219,2444.774712999999,10.89135713155946
5.927682,22412.583581,5.927682,24885.429688,2472.846107000001,11.033293408870216
5.924171,22355.446236,5.924171,24849.890625,2494.4443890000002,11.158106005430936
5.920663,22320.837338,5.920663,24830.787109,2509.9497709999996,11.244872819923058
5.91716,22300.307049,5.91716,24770.601562,2470.2945130000007,11.077401345067017
5.913661,22268.939651,5.913661,24648.849609,2379.909958,10.687127430843475
5.910165,22216.747487,5.910165,24642.556641,2425.8091539999987,10.918831189936542
5.906675,22185.516565,5.906675,24629.970703,2444.4541379999973,11.01824305437351
5.903188,22165.526012,5.903188,24625.775391,2460.2493790000008,11.09944053512679
5.899705,22134.521636,5.899705,24466.144531,2331.6228950000004,10.533875244034212
5.896226,22104.659623,5.896226,24451.421875,2346.7622520000004,10.616595288163513
5.892752,22059.192726,5.892752,24449.150391,2389.957664999998,10.834293415384515
5.889282,22036.506085,5.889282,24432.490234,2395.984149,10.872795078122294
5.885815,21977.924239,5.885815,24304.683594,2326.7593549999983,10.58680214608778
5.882353,21939.415319,5.882353,24272.412109,2332.996790000001,10.633814785299116
5.878895,21903.787215,5.878895,24242.882812,2339.0955969999995,10.678955077677873
5.875441,21875.669037,5.875441,24235.867188,2360.1981510000005,10.789147280515243
5.871991,21840.81654,5.871991,24234.443359,2393.626819000001,10.95942001351567
5.868545,21812.012223,5.868545,24204.898438,2392.8862149999986,10.970497313754409
5.865103,21779.917582,5.865103,24067.564453,2287.646871000001,10.503468906101947
5.861665,21752.4265,5.861665,24029.484375,2277.0578749999986,10.468063758312198
5.858231,21687.857483,5.858231,24023.136719,2335.2792359999985,10.767680661081917
5.854801,21657.214725,5.854801,23898.166016,2240.9512909999976,10.34736608310558
5.851375,21590.837563,5.851375,23843.023438,2252.185874999999,10.431211241473779
5.847953,21558.798908,5.847953,23840.902344,2282.1034359999976,10.585485052941232
5.844535,21526.868147,5.844535,23736.859375,2209.991227999999,10.266199490370292
5.841121,21505.439569,5.841121,23702.853516,2197.413947000001,10.217944813216299
5.837712,21491.950955,5.837712,23692.222656,2200.2717010000015,10.237654578716219
5.834306,21457.696922,5.834306,23662.451172,2204.754250000002,10.274887645279055
5.830904,21417.538622,5.830904,23649.6875,2232.148878,10.422060711062038
5.827506,21365.546206,5.827506,23632.664062,2267.1178560000008,10.61109242956464
5.824112,21289.307306,5.824112,23543.234375,2253.927069000001,10.58713201234487
5.820722,21246.695902,5.820722,23519.792969,2273.097066999999,10.698590865537955
5.817336,21202.153887,5.817336,23507.003906,2304.8500190000013,10.870829592521773
5.813953,21185.014795,5.813953,23418.53125,2233.516455000001,10.542907222926019
5.810575,21136.802608,5.810575,23411.011719,2274.2091109999965,10.75947556107298
5.807201,21100.448477,5.807201,23102.978516,2002.5300389999975,9.49046197374811
5.803831,21058.267578,5.803831,23066.525391,2008.2578130000002,9.536671549838545
5.800464,21034.758351,5.800464,22957.0625,1922.3041489999996,9.138703268766635
5.797101,21025.131751,5.797101,22749.371094,1724.2393429999975,8.200849171458765
5.793743,20990.397573,5.793743,22681.607422,1691.2098490000026,8.057064393937017
5.790388,20958.438325,5.790388,22571.568359,1613.1300340000016,7.6968045471012045
5.787037,20917.218975,5.787037,22504.388672,1587.1696970000012,7.587861937559513
5.78369,20893.903134,5.78369,22498.119141,1604.216006999999,7.677914445719375
5.780347,20838.61263,5.780347,22487.310547,1648.6979170000013,7.911745116018317
5.777008,20792.149757,5.777008,22385.642578,1593.4928209999998,7.663915658665962
5.773672,20768.420246,5.773672,22327.175781,1558.7555350000002,7.505412142746951
5.77034,20714.148759,5.77034,22248.179688,1534.0309290000005,7.405715517677192
5.767013,20691.096286,5.767013,22225.291016,1534.1947299999993,7.414758062085214
5.763689,20670.65843,5.763689,22129.207031,1458.5486010000022,7.056130340208047
5.760369,20621.0551,5.760369,22090.677734,1469.6226339999994,7.12680620304438
5.757052,20584.712664,5.757052,22088.505859,1503.793195000002,7.3053883216448385
5.75374,20552.159761,5.75374,22066.771484,1514.6117230000018,7.369598818875208
5.750431,20517.978394,5.750431,21999.353516,1481.3751219999976,7.21988830260778
5.747126,20443.537922,5.747126,21892.667969,1449.1300469999987,7.088450406817988
5.743825,20403.156747,5.743825,21803.287109,1400.1303619999999,6.862322234552599
5.740528,20360.248998,5.740528,21779.289062,1419.0400640000007,6.969659674296684
5.737235,20336.894988,5.737235,21774.923828,1438.028839999999,7.07103439757408
5.733945,20314.703313,5.733945,21713.800781,1399.097468,6.88711740675373
5.730659,20262.642776,5.730659,21687.589844,1424.9470679999977,7.032385082995048
5.727377,20235.729152,5.727377,21656.998047,1421.268895000001,7.023561564419979
5.724098,20199.101023,5.724098,21582.65625,1383.5552270000007,6.849588134762015
5.720824,20157.873743,5.720824,21438.742188,1280.868445,6.354184282183001
5.717553,20134.318893,5.717553,21435.949219,1301.6303259999986,6.464734828713427
5.714286,20114.265594,5.714286,21403.066406,1288.8008120000013,6.407396809876295
5.711022,20087.926717,5.711022,21308.015625,1220.0889080000015,6.073742328855996
5.707763,20037.834411,5.707763,21306.529297,1268.6948860000011,6.331497006999601
5.704507,19978.047263,5.704507,21218.666016,1240.6187529999988,6.209909991041345
5.701254,19934.84077,5.701254,21147.400391,1212.5596210000003,6.082615030588983
5.698006,19898.399834,5.698006,21060.259766,1161.8599319999994,5.838961633561873
5.694761,19859.800006,5.694761,20985.753906,1125.9539000000004,5.669512782907328
5.69152,19792.565144,5.69152,20978.734375,1186.1692309999999,5.993004051622789
5.688282,19767.872925,5.688282,20963.300781,1195.427856000002,6.047326692838916
5.685048,19731.605153,5.685048,20883.880859,1152.2757060000004,5.839746422377644
5.681818,19723.623085,5.681818,20866.222656,1142.5995710000025,5.793051135057231
5.678592,19658.136429,5.678592,20850.765625,1192.6291960000017,6.066847690814761
5.675369,19640.615988,5.675369,20846.349609,1205.7336209999994,6.138980680324268
5.67215,19610.885892,5.67215,20673.919922,1063.0340300000025,5.420632376600861
5.668934,19594.414474,5.668934,20654.001953,1059.587478999998,5.4075996014373064
5.665722,19546.460965,5.665722,20624.673828,1078.2128630000007,5.5161538701591795
5.662514,19524.1984,5.662514,20569.841797,1045.6433969999998,5.355627798783277
5.65931,19503.727894,5.65931,20438.996094,935.2681999999986,4.795330436740345
5.656109,19450.343703,5.656109,20425.679688,975.3359850000015,5.014492288121196
5.652911,19430.401901,5.652911,20419.019531,988.6176300000006,5.087993727752593
5.649718,19395.195463,5.649718,20394.595703,999.400239999999,5.152823759402393
5.646527,19345.724543,5.646527,20381.269531,1035.5449880000015,5.35283641456944
5.643341,19314.407175,5.643341,20350.167969,1035.760793999998,5.3626331091365635
5.640158,19299.095042,5.640158,20287.929688,988.8346459999993,5.123735822058134
5.636979,19247.1008,5.636979,20225.644531,978.5437310000016,5.084109763689717
5.633803,19208.252129,5.633803,20167.763672,959.5115430000005,4.995308977391862
5.630631,19182.304658,5.630631,20127.669922,945.365264,4.9283195155892505
5.627462,19122.997134,5.627462,20114.300781,991.3036470000006,5.1838299198272555
5.624297,19101.674209,5.624297,20025.117188,923.4429789999995,4.83435623964787
5.621135,19083.964582,5.621135,20011.730469,927.7658869999977,4.861494491951985
5.617978,19021.580357,5.617978,19993.878906,972.2985490000028,5.111555037761066
5.614823,18999.139638,5.614823,19904.564453,905.4248149999985,4.765609560493291
5.611672,18960.860488,5.611672,19884.455078,923.5945900000006,4.8710584131164705
5.608525,18909.841148,5.608525,19857.634766,947.7936179999997,5.012171231804573
5.605381,18892.035812,5.605381,19692.052734,800.0169220000025,4.234678199645595
5.602241,18834.6782,5.602241,19640.521484,805.8432840000023,4.278508373984337
5.599104,18807.468312,5.599104,19636.039062,828.570749999999,4.405541119382527
5.595971,18799.228117,5.595971,19622.589844,823.3617269999995,4.379763476860201
5.592841,18753.235591,5.592841,19593.441406,840.2058150000012,4.480324533454005
5.589715,18709.677065,5.589715,19517.162109,807.4850440000009,4.315868420361754
5.586592,18669.475661,5.586592,19512.673828,843.1981669999986,4.516453393286322
5.583473,18616.39359,5.583473,19492.46875,876.0751600000003,4.705933809170181
5.580357,18552.866345,5.580357,19440.814453,887.9481080000005,4.786042714307069
5.577245,18515.566288,5.577245,19436.320312,920.754023999998,4.972864505887361
5.574136,18470.101038,5.574136,19398.117188,928.0161499999995,5.024423786803973
5.571031,18451.500339,5.571031,19341.90625,890.4059110000017,4.825655879690151
5.567929,18437.012079,5.567929,19326.160156,889.1480770000016,4.822625668357364
5.56483,18410.189251,5.56483,19314.910156,904.720905000002,4.914240112718339
5.561735,18379.650007,5.561735,19312.115234,932.4652270000006,5.0733568193347836
5.558644,18322.593782,5.558644,19292.408203,969.8144209999991,5.292997446424526
5.555556,18296.102582,5.555556,19085.103516,789.0009339999997,4.3123989410522405
5.552471,18277.226104,5.552471,18946.529297,669.3031929999997,3.6619517053166053
5.54939,18223.736039,5.54939,18945.113281,721.3772420000023,3.958448698204404
5.546312,18178.516632,5.546312,18908.949219,730.4325869999993,4.01810885776128
5.543237,18132.371657,5.543237,18906.689453,774.3177959999994,4.270361377139951
5.540166,18114.768296,5.540166,18861.460938,746.6926420000018,4.122010449147629
5.537099,18033.464995,5.537099,18798.101562,764.6365670000014,4.240097880313109
5.534034,18020.595892,5.534034,18770.933594,750.3377019999971,4.163778525953735
5.530973,17985.285444,5.530973,18760.605469,775.3200249999973,4.31085749188734
5.527916,17949.29501,5.527916,18739.228516,789.9335059999976,4.400916612936084
5.524862,17865.71402,5.524862,18696.177734,830.4637140000013,4.648365652054702
5.521811,17837.226669,5.521811,18614.552734,777.3260650000011,4.357886343121635
5.518764,17795.94605,5.518764,18473.792969,677.8469189999996,3.8089962573245697
5.51572,17756.522631,5.51572,18410.261719,653.7390879999984,3.681684199014712
5.512679,17725.06935,5.512679,18398.779297,673.7099469999994,3.800887509644634
5.509642,17711.063018,5.509642,18341.910156,630.847138000001,3.5618818439009687
5.506608,17686.655398,5.506608,18216.664062,530.0086640000009,2.9966585093297744
5.503577,17628.20952,5.503577,18177.914062,549.7045419999995,3.1183231704634258
5.50055,17598.654601,5.50055,18066.132812,467.47821100000147,2.656329256973077
5.497526,17581.284562,5.497526,18036.451172,455.1666100000002,2.5889269262144388
5.494505,17550.304129,5.494505,17931.349609,381.0454800000007,2.171161691553617
5.491488,17512.68673,5.491488,17775.751953,263.0652229999978,1.502140859685199
5.488474,17494.260771,5.488474,17684.097656,189.83688500000062,1.0851380774813342
5.485464,17456.662776,5.485464,17649.703125,193.04034899999897,1.105826190704659
5.482456,17427.1014,5.482456,17551.033203,123.93180299999949,0.7111440976638805
5.479452,17361.741957,5.479452,17443.060547,81.31859000000259,0.46837805907612934
5.476451,17346.301244,5.476451,17436.164062,89.86281800000143,0.5180517548724374
5.473454,17324.404419,5.473454,17424.669922,100.26550300000235,0.5787529578219688
5.47046,17295.591069,5.47046,17394.775391,99.18432200000098,0.5734659290006886
5.467469,17280.382021,5.467469,17378.675781,98.29376000000047,0.5688170543946822
5.464481,17258.077546,5.464481,17341.863281,83.7857350000013,0.4854870699049604
5.461496,17230.622807,5.461496,17334.958984,104.33617700000104,0.605527601460895
5.458515,17205.235724,5.458515,17291.222656,85.98693200000343,0.4997718914136014
5.455537,17137.438662,5.455537,17229.1875,91.74883799999952,0.5353707739502543
5.452563,17114.781379,5.452563,17062.988281,51.79309799999828,0.3026220250966741
5.449591,17094.465606,5.449591,17037.595703,56.86990300000252,0.33268020370313134
5.446623,17049.578077,5.446623,17009.884766,39.693310999999085,0.23281110430260818
5.443658,17025.644034,5.443658,17002.955078,22.68895600000178,0.13326342283846776
5.440696,16991.183695,5.440696,16861.951172,129.23252299999876,0.760585756235618
5.437738,16949.752262,5.437738,16845.757812,103.99445000000196,0.6135455456369664
5.434783,16917.344181,5.434783,16756.382812,160.96136900000056,0.9514576713570533
5.431831,16903.94773,5.431831,16743.898438,160.0492919999997,0.9468160607001576
5.428882,16880.361453,5.428882,16736.751953,143.6095000000023,0.8507489629286333
5.425936,16849.528776,5.425936,16706.832031,142.69674499999746,0.8468886394214818
5.422993,16822.026582,5.422993,16674.386719,147.63986300000033,0.8776580055935637
5.420054,16786.225324,5.420054,16667.431641,118.79368299999987,0.7076855022919022
5.417118,16756.987914,5.417118,16621.058594,135.92932000000292,0.8111799131062075
5.414185,16725.878827,5.414185,16595.542969,130.3358580000022,0.7792466951847432
5.411255,16691.320341,5.411255,16574.224609,117.09573199999795,0.7015366646122532
5.408329,16663.576705,5.408329,16544.490234,119.08647099999871,0.7146513207111541
5.405405,16648.085894,5.405405,16537.527344,110.55855000000156,0.6640916601700563
5.402485,16615.177991,5.402485,16433.007812,182.17017900000064,1.0964082304666094
5.399568,16570.755831,5.399568,16386.517578,184.23825299999953,1.11182769741458
5.396654,16551.272052,5.396654,16381.867188,169.4048640000001,1.0235156758209998
5.393743,16499.012569,5.393743,16379.541992,119.47057699999823,0.7241074367351629
5.390836,16473.793808,5.390836,16279.503906,194.28990199999862,1.1793877249188807
5.387931,16458.712427,5.387931,16225.951172,232.76125499999944,1.4142130256687755
5.38503,16443.720065,5.38503,16197.125,246.59506500000134,1.4996306433412963
5.382131,16397.464811,5.382131,16153.723633,243.74117800000204,1.486456478543511
5.379236,16386.4921,5.379236,16135.707031,250.78506899999957,1.5304377988257754
5.376344,16367.870084,5.376344,16128.082031,239.78805300000022,1.4649924013900808
5.373455,16323.289683,5.373455,16128.082031,195.20765200000096,1.19588425979661
5.370569,16301.218112,5.370569,16114.091797,187.12631500000134,1.1479284168478792
5.367687,16290.86908,5.367687,16102.432617,188.436463,1.1566998793903511
5.364807,16273.088739,5.364807,16087.076172,186.01256700000158,1.1430685961553495
5.36193,16240.309831,5.36193,16048.780273,191.52955800000018,1.1793466996202417
5.359057,16212.508664,5.359057,16006.770508,205.73815600000125,1.269008765169356
5.356186,16154.850544,5.356186,15868.943359,285.907185,1.769791581923285
5.353319,16116.158955,5.353319,15845.5625,270.5964550000008,1.6790381365408964
5.350455,16091.700659,5.350455,15719.211914,372.48874500000056,2.3147879325711274
5.347594,16053.810292,5.347594,15681.742188,372.06810399999995,2.317631124527555
5.344735,16041.733311,5.344735,15658.317383,383.41592800000035,2.3901153358352345
5.34188,16013.998032,5.34188,15541.104492,472.8935399999991,2.953001112245916
5.339028,15994.386954,5.339028,15396.62207,597.7648840000002,3.7373416419096106
5.336179,15966.443599,5.336179,15332.117188,634.326411,3.972872274698222
5.333333,15925.760612,5.333333,15296.850586,628.9100259999996,3.9490109221290077
5.33049,15886.197977,5.33049,15273.333008,612.8649690000002,3.857845469931224
5.327651,15844.497221,5.327651,15240.398438,604.0987829999995,3.812672466497317
5.324814,15819.268431,5.324814,15226.280273,592.9881580000001,3.748518211107408
5.32198,15805.078478,5.32198,15198.038086,607.040391999999,3.840793279482753
5.319149,15766.785752,5.319149,15172.141602,594.6441500000001,3.771498892376147
5.316321,15739.607493,5.316321,15122.68457,616.9229230000001,3.919557227042473
5.313496,15708.904306,5.313496,15108.549805,600.3545009999998,3.8217465031644187
5.310674,15687.802472,5.310674,15047.274414,640.5280579999999,4.082968657613016
5.307856,15667.172331,5.307856,15011.90625,655.2660809999998,4.182414459713648
5.30504,15647.277178,5.30504,14806.523438,840.7537400000001,5.373163205558192
5.302227,15611.176901,5.302227,14768.706055,842.4708460000002,5.396587658589881
5.299417,15595.357866,5.299417,14749.791992,845.5658739999999,5.4219074757075525
5.29661,15575.027828,5.29661,14704.856445,870.1713830000008,5.58696518946599
5.293806,15534.096743,5.293806,14690.662109,843.4346339999993,5.429569854971254
5.291005,15483.914433,5.291005,14676.46582,807.4486130000005,5.214757653782499
5.288207,15463.991988,5.288207,14671.733398,792.2585899999995,5.123247545748789
5.285412,15419.244728,5.285412,14669.367188,749.8775399999995,4.863257268615028
5.28262,15414.229883,5.28262,14600.71875,813.511133,5.277663166923459
5.279831,15386.110791,5.279831,14541.501953,844.6088379999983,5.48942386723256
5.277045,15335.464854,5.277045,14527.28418,808.1806739999993,5.270010930181871
5.274262,15310.423622,5.274262,14507.104492,803.3191299999999,5.246877224518379
5.271481,15276.126201,5.271481,14498.84375,777.2824509999991,5.088217004577489
5.268704,15243.805535,5.268704,14468.024414,775.781121,5.089156505039344
5.265929,15220.814897,5.265929,14453.796875,767.0180220000002,5.0392704148263325
5.263158,15180.400665,5.263158,14377.883789,802.5168759999997,5.286532903247319
5.260389,15122.815479,5.260389,14304.288086,818.5273930000003,5.412533097005859
5.257624,15085.077396,5.257624,14237.769531,847.3078650000007,5.61686123814436
5.254861,15064.525023,5.254861,14221.132812,843.3922110000003,5.598531714158515
5.252101,15025.330195,5.252101,14221.132812,804.1973830000006,5.3522776043059235
5.249344,15011.785025,5.249344,14211.625,800.1600249999992,5.330212387583797
5.24659,14994.462278,5.24659,14114.448242,880.0140360000005,5.868926939055123
5.243838,14943.479369,5.243838,14102.222656,841.2567130000007,5.6295906209445015
5.24109,14891.722809,5.24109,14030.810547,860.9122620000016,5.781146164496819
5.238345,14859.15387,5.238345,14014.140625,845.0132450000001,5.686819400302771
5.235602,14843.399546,5.235602,13909.296875,934.1026710000006,6.29305078061934
5.232862,14798.665822,5.232862,13818.665039,980.0007830000013,6.6222238868527725
5.230126,14777.639333,5.230126,13759.75293,1017.8864029999986,6.888017633012282
5.227392,14744.838737,5.227392,13732.730469,1012.108268,6.864152847329984
5.22466,14676.767774,5.22466,13720.789062,955.9787120000001,6.513550713076781
5.221932,14652.195084,5.221932,13653.894531,998.300553000001,6.813317371744058
5.219207,14628.860479,5.219207,13598.913086,1029.9473930000004,7.04051689110378
5.216484,14582.520364,5.216484,13518.070312,1064.4500520000001,7.2994929918138
5.213764,14556.930254,5.213764,13464.925781,1092.0044730000009,7.5016123176102765
5.211047,14526.514757,5.211047,13452.954102,1073.5606550000011,7.39035255846676
5.208333,14495.652018,5.208333,13417.032227,1078.619791000001,7.440988440262107
5.205622,14460.464615,5.205622,13407.451172,1053.0134430000016,7.282016664303435
5.202914,14423.579492,5.202914,13251.631836,1171.9476560000003,8.125220626752311
5.200208,14359.733605,5.200208,13246.833984,1112.8996209999987,7.7501411350172384
5.197505,14295.346102,5.197505,13227.639648,1067.7064539999992,7.4689094365516695
5.194805,14281.80794,5.194805,13097.987305,1183.820635,8.289011026989066
5.192108,14254.898768,5.192108,13061.945312,1192.9534559999993,8.368726256253687
5.189414,14206.853045,5.189414,12999.443359,1207.409685999999,8.498783524933682
5.186722,14187.537301,5.186722,12989.824219,1197.7130820000002,8.442008338653531
5.184033,14135.304798,5.184033,12886.366211,1248.9385869999987,8.835597143803442
5.181347,14123.433714,5.181347,12870.996094,1252.4376200000006,8.867798336876879
5.178664,14083.811457,5.178664,12817.410156,1266.4013009999999,8.991893315715807
5.175983,14048.325605,5.175983,12744.250977,1304.0746280000003,9.282776215948907
5.173306,14023.919566,5.173306,12715.324219,1308.5953470000004,9.331166945456513
5.170631,13994.63128,5.170631,12715.324219,1279.3070609999995,9.141413127677628
5.167959,13938.226271,5.167959,12698.445312,1239.7809589999997,8.894825890289205
5.165289,13900.240353,5.165289,12688.799805,1211.4405479999987,8.715248925451432
5.162623,13865.604649,5.162623,12659.857422,1205.7472270000017,8.695958506843487
5.159959,13836.109701,5.159959,12614.016602,1222.0930989999997,8.83263522340874
5.157298,13811.178769,5.157298,12606.777344,1204.401425,8.720482481215504
5.154639,13780.455861,5.154639,12604.363281,1176.0925800000005,8.534496912605439
5.151984,13768.298433,5.151984,12570.570312,1197.728121,8.699173153664892
5.149331,13751.063386,5.149331,12568.15625,1182.9071359999998,8.602295711939785
5.14668,13727.606343,5.14668,12382.105469,1345.5008739999994,9.801423790725899
5.144033,13705.144151,5.144033,12270.807617,1434.336534,10.465680026396097
5.141388,13682.697399,5.141388,12251.44043,1431.256969,10.460342191771364
5.138746,13658.505495,5.138746,12234.491211,1424.014283999999,10.425842596917292
5.136107,13620.001128,5.136107,11977.512695,1642.4884330000004,12.059385440309345
5.13347,13574.387621,5.13347,11873.097656,1701.289965,12.533088139961846
5.130836,13548.854909,5.130836,11749.131836,1799.7230729999992,13.283211644731027
5.128205,13519.655325,5.128205,11749.131836,1770.5234889999992,13.095921800062602
5.125577,13505.560101,5.125577,11693.180664,1812.3794369999996,13.419505917905653
5.122951,13491.40695,5.122951,11668.845703,1822.5612469999996,13.509052493594817
5.120328,13464.158392,5.120328,11437.401367,2026.757024999999,15.0529796664026
5.117707,13400.904484,5.117707,11305.634766,2095.2697180000014,15.635285815980907
5.11509,13355.736545,5.11509,11222.592773,2133.1437719999994,15.971741916387131
5.112474,13335.765106,5.112474,11168.828125,2166.9369810000007,16.249063805308452
5.109862,13310.573697,5.109862,11156.605469,2153.9682279999997,16.182384599136185
5.107252,13282.18849,5.107252,11154.161133,2128.027357000001,16.021662082285363
5.104645,13249.739807,5.104645,11102.80957,2146.9302370000005,16.203565264472218
5.102041,13228.020187,5.102041,11046.542969,2181.477218,16.491335718884624
5.099439,13212.283501,5.099439,11026.964844,2185.318657,16.54005272316931
5.09684,13154.522079,5.09684,11014.727539,2139.794540000001,16.26660799342903
5.094244,13132.483951,5.094244,11000.040039,2132.4439120000006,16.23793274719838
5.09165,13112.750262,5.09165,10933.925781,2178.8244809999997,16.616075479711593
5.089059,13096.127335,5.089059,10843.263672,2252.863663,17.202518006824192
5.08647,13066.423168,5.08647,10835.910156,2230.5130119999994,17.070570754685047
5.083884,13027.784138,5.083884,10823.652344,2204.131794000001,16.918700606735527
5.081301,12994.379332,5.081301,10754.984375,2239.3949570000004,17.233566142595663
5.07872,12983.612354,5.07872,10661.729492,2321.8828620000004,17.883180725776004
5.076142,12966.567902,5.076142,10642.086914,2324.480988000001,17.926725140902295
5.073567,12950.215143,5.073567,10536.455078,2413.7600649999986,18.638764208521373
5.070994,12919.430506,5.070994,10509.417969,2410.0125370000005,18.65417005711475
5.068424,12880.606634,5.068424,10504.500977,2376.105657,18.44715644624972
5.065856,12837.63084,5.065856,10497.125977,2340.504863,18.231595005110773
5.063291,12801.079669,5.063291,10482.374023,2318.7056460000003,18.11336001302407
5.060729,12765.169584,5.060729,10447.946289,2317.223295,18.152702788253062
5.058169,12738.495503,5.058169,10411.047852,2327.4476510000004,18.270977529896452
5.055612,12719.877928,5.055612,10251.024414,2468.8535140000004,19.409412008313108
5.053057,12667.529326,5.053057,10226.386719,2441.1426069999998,19.270866040069663
5.050505,12626.518027,5.050505,10108.053711,2518.4643159999996,19.94583392360922
5.047956,12598.922659,5.047956,10090.787109,2508.135549999999,19.90753985784904
5.045409,12567.814765,5.045409,10053.77832,2514.0364449999997,20.003767496648013
5.042864,12538.354543,5.042864,9969.851562,2568.5029809999996,20.48516790772966
5.040323,12521.29829,5.040323,9794.404297,2726.8939930000015,21.77804513432769
5.037783,12484.531399,5.037783,9786.985352,2697.546047,21.60710691324843
5.035247,12447.250405,5.035247,9757.305664,2689.944741000001,21.61075461227536
5.032713,12393.023389,5.032713,9710.297852,2682.7255370000003,21.64706264801515
5.030181,12376.470729,5.030181,9697.924805,2678.545924,21.642243436359845
5.027652,12351.932749,5.027652,9640.991211,2710.941537999999,21.947508888594573
5.025126,12315.489838,5.025126,9626.134766,2689.3550720000003,21.837175032225463
5.022602,12298.735608,5.022602,9613.751953,2684.983655,21.83137958712999
5.02008,12280.69174,5.02008,9584.030273,2696.661467,21.958546994682564
5.017561,12242.677829,5.017561,9510.147461,2732.5303679999997,22.31971147298578
5.015045,12220.779632,5.015045,9276.487305,2944.292326999999,24.092508134999804
5.012531,12183.312002,5.012531,9256.620117,2926.691885,24.02213687476408
5.01002,12145.357624,5.01002,9162.205078,2983.1525459999993,24.56208074190504
5.007511,12115.793454,5.007511,9057.769531,3058.0239230000007,25.239980646834166
5.005005,12094.615629,5.005005,9050.306641,3044.3089880000007,25.170779141591527
5.002501,12050.643861,5.002501,9040.257812,3010.3860490000006,24.981122035666807
5.0,12021.24392,5.0,8920.876953,3100.366967,25.790733368631287
4.997501,11987.409877,4.997501,8871.061523,3116.3483539999997,25.996844906248462
4.995005,11973.735805,4.995005,8806.271484,3167.4643209999995,26.45343418782739
4.992511,11937.301787,4.992511,8616.697266,3320.604521000001,27.81704425548005
4.99002,11899.932067,4.99002,8489.324219,3410.6078479999996,28.660733765514863
4.987531,11874.452837,4.987531,8464.334961,3410.1178760000003,28.718105354499375
4.985045,11824.126354,4.985045,8439.339844,3384.78651,28.626102332329662
4.982561,11812.639917,4.982561,8374.332031,3438.3078860000005,29.107023579477833
4.98008,11773.080974,4.98008,8366.828125,3406.2528490000004,28.932552630211784
4.977601,11734.385247,4.977601,8316.796875,3417.588372,29.124562557495175
4.975124,11671.390144,4.975124,8311.791992,3359.5981520000005,28.784901460320857
4.97265,11653.460361,4.97265,8259.236328,3394.2240329999986,29.126318946081142
4.970179,11623.214519,4.970179,8246.719727,3376.4947919999995,29.049578208167624
4.96771,11573.385207,4.96771,8204.154297,3369.23091,29.111887747088623
4.965243,11541.223174,4.965243,8146.544434,3394.6787400000003,29.413509199332637
4.962779,11515.936545,4.962779,8118.98291,3396.9536350000008,29.497849538558746
4.960317,11496.42312,4.960317,8101.44043,3394.98269,29.530773655101868
4.957858,11480.060837,4.957858,7920.868652,3559.192185000001,31.003251947313704
4.955401,11465.384152,4.955401,7838.023926,3627.3602260000007,31.637494024718315
4.952947,11433.954075,4.952947,7833.001465,3600.9526099999994,31.49350247849408
4.950495,11401.732202,4.950495,7762.383789,3639.348412999999,31.91925883298341
4.948046,11377.824602,4.948046,7747.588867,3630.235735,31.90623745739476
4.945598,11343.075851,4.945598,7669.664551,3673.4112999999998,32.38461373487292
4.943154,11315.966982,4.943154,7649.547363,3666.4196190000002,32.400409305117925
4.940711,11285.363798,4.940711,7639.487793,3645.876005,32.306233722355714
4.938272,11276.029123,4.938272,7599.242188,3676.786935,32.60710747456625
4.935834,11233.04233,4.935834,7589.178711,3643.8636190000007,32.43879540334645
4.933399,11210.392753,4.933399,7571.565918,3638.826835,32.45940543899515
4.930966,11181.735916,4.930966,7561.500488,3620.235428,32.376327389558426
4.928536,11164.268346,4.928536,7548.407715,3615.8606310000005,32.387797560379425
4.926108,11151.403089,4.926108,7509.728027,3641.6750619999993,32.65665345370065
4.923683,11130.518845,4.923683,7498.574219,3631.9446260000004,32.63050605795906
4.92126,11115.802999,4.92126,7450.723145,3665.0798539999996,32.97179568880195
4.918839,11097.748455,4.918839,7337.348145,3760.400310000001,33.884353436626895
4.916421,11049.207095,4.916421,7264.229004,3784.978091,34.2556534460539
4.914005,11025.812141,4.914005,7233.961426,3791.8507150000005,34.390670424175156
4.911591,11003.116402,4.911591,7213.779297,3789.3371049999996,34.43876231565836
4.90918,10982.205945,4.90918,7193.594238,3788.611707,34.49772956338418
4.906771,10951.718786,4.906771,7117.872559,3833.846226999999,35.006799406691776
4.904365,10935.542686,4.904365,7019.37207,3916.1706160000003,35.81139709704207
4.901961,10898.311937,4.901961,6963.776367,3934.53557,36.102247694362354
4.899559,10873.714736,4.899559,6938.498047,3935.216689,36.19017773173262
4.89716,10849.091171,4.89716,6925.857422,3923.233749,36.16186542414669
4.894763,10834.892319,4.894763,6824.688477,4010.203842000001,37.01193997994546
4.892368,10798.990007,4.892368,6824.688477,3974.3015300000006,36.802529934964504
4.889976,10768.466692,4.889976,6791.79248,3976.674212,36.92888064513688
4.887586,10743.593744,4.887586,6707.327148,4036.2665959999995,37.56905456569542
4.885198,10720.906137,4.885198,6680.394531,4040.511606,37.688153915044396
4.882812,10702.292078,4.882812,6652.53125,4049.7608280000004,37.840126194320824
4.880429,10655.204564,4.880429,6627.195801,4028.008763,37.80320442283345
4.878049,10617.514065,4.878049,6619.594238,3997.9198269999997,37.65401018096038
4.87567,10607.130032,4.87567,6464.94043,4142.1896019999995,39.05099295948746
4.873294,10591.092128,4.873294,6426.884766,4164.207362,39.31801660936321
4.870921,10555.687709,4.870921,6348.203613,4207.484096,39.859876608632625
4.868549,10510.629707,4.868549,6325.352051,4185.277656,39.81947583228659
4.86618,10475.544326,4.86618,6256.776367,4218.767958999999,40.27254171918435
4.863813,10444.524825,4.863813,6129.695801,4314.829024000001,41.31187484635042
4.861449,10418.981223,4.861449,6101.722656,4317.258567000001,41.4364751658215
4.859086,10407.604174,4.859086,6096.63623,4310.967944,41.42132878928606
4.856727,10396.640878,4.856727,6081.375488,4315.2653900000005,41.50634267969567
4.854369,10353.358213,4.854369,6005.046387,4348.311825999999,41.999047425405635
4.852014,10330.912218,4.852014,5961.775391,4369.136826999999,42.29187834339993
4.849661,10309.273645,4.849661,5849.71875,4459.554894999999,43.25770222582931
4.84731,10289.821082,4.84731,5783.462402,4506.35868,43.794334654496375
4.844961,10254.782489,4.844961,5604.928711,4649.853778,45.343270644577395
4.842615,10228.983401,4.842615,5569.195312,4659.788089,45.55475267018668
4.840271,10213.84728,4.840271,5541.748535,4672.098745,45.742790321023875
4.837929,10199.303277,4.837929,5497.702637,4701.600640000001,46.097272650009074
4.83559,10184.029181,4.83559,5403.17627,4780.852911,46.944611273497486
4.833253,10149.71051,4.833253,5398.064941,4751.645569000001,46.81557729472622
4.830918,10111.21113,4.830918,5330.601562,4780.609568,47.28028627367808
4.828585,10088.236421,4.828585,5272.783203,4815.453218,47.733350181762155
4.826255,10059.996951,4.826255,5254.876953,4805.119997999999,47.764626782738276
4.823927,10039.053801,4.823927,5175.552246,4863.501555,48.4458162233929
4.821601,10032.145882,4.821601,5134.59375,4897.552132000001,48.81858965774557
4.819277,10012.557173,4.819277,5075.696289,4936.860883999999,49.30669357187599
4.816956,9993.302882,4.816956,4978.336426,5014.966456,50.18327289001706
4.814636,9965.047275,4.814636,4975.773438,4989.273837000001,50.06773876042651
4.81232,9933.613154,4.81232,4921.940918,5011.672236,50.45165498499339
4.810005,9919.923919,4.810005,4883.262207,5036.661712000001,50.773188918849414
4.807692,9899.7493,4.807692,4714.119629,5185.629671,52.38142415384196
4.805382,9883.632507,4.805382,4526.578125,5357.054382,54.20127041556747
4.803074,9864.549084,4.803074,4405.709961,5458.839123000001,55.3379488156643
4.800768,9845.658979,4.800768,4364.541504,5481.117475,55.67039734659491
4.798464,9819.079515,4.798464,4346.526367,5472.553147999999,55.73387138417526
4.796163,9780.335475,4.796163,4210.061035,5570.27444,56.95381773190147
4.793864,9759.645084,4.793864,4109.56543,5650.079654,57.8922656036208
4.791567,9736.250681,4.791567,4016.742432,5719.5082489999995,58.74446372012019
4.789272,9718.088202,4.789272,3990.948486,5727.1397160000015,58.93278180806535
4.786979,9697.978171,4.786979,3988.368896,5709.609275000001,58.87422279494838
4.784689,9686.016644,4.784689,3988.368896,5697.647747999999,58.82343544731988
4.782401,9669.019543,4.782401,3980.629639,5688.389904,58.831093253071096
4.780115,9627.221398,4.780115,3949.669189,5677.5522089999995,58.97394455039206
4.777831,9610.383682,4.777831,3921.283447,5689.100235,59.19743085445732
4.775549,9565.902961,4.775549,3886.759277,5679.143684,59.368610649237795
4.77327,9558.444489,4.77327,3820.601074,5737.843414999999,60.02904993174565
4.770992,9517.269006,4.770992,3616.457031,5900.8119750000005,62.001105267487276
4.768717,9466.166108,4.768717,3589.106934,5877.059174,62.08489378855511
4.766444,9440.295012,4.766444,3562.146484,5878.148528000001,62.26657663270069
4.764173,9400.803687,4.764173,3556.973145,5843.830542,62.163095162610425
4.761905,9360.162639,4.761905,3512.992188,5847.170451,62.468684322184885
4.759638,9333.714355,4.759638,3502.64209,5831.072265000001,62.473223876583916
4.757374,9318.667043,4.757374,3453.469482,5865.197560999999,62.94030609673752
4.755112,9297.34289,4.755112,3305.86084,5991.4820500000005,64.44295021585464
4.752852,9268.605443,4.752852,3285.133057,5983.472386,64.55633938457208
4.750594,9235.975867,4.750594,3202.19458,6033.781287,65.3291149077014
4.748338,9213.738156,4.748338,3202.19458,6011.543576,65.24543539459361
4.746084,9189.277945,4.746084,3119.213623,6070.064322,66.05594431173776
4.743833,9173.190782,4.743833,3018.022949,6155.1678329999995,67.09952926170374
4.741584,9159.397443,4.741584,2989.470703,6169.92674,67.3617099639597
4.739336,9143.0165,4.739336,2807.656494,6335.360006,69.29179233133836
4.737091,9127.358237,4.737091,2794.662109,6332.6961280000005,69.38147888541127
4.734848,9109.438626,4.734848,2784.265869,6325.172756999999,69.43537375559897
4.732608,9093.13625,4.732608,2677.665771,6415.470479,70.55289069269143
4.730369,9077.396194,4.730369,2503.317627,6574.0785670000005,72.42251441382884
4.728132,9067.111889,4.728132,2490.299316,6576.812572999999,72.53481211562888
4.725898,9033.589124,4.725898,2438.215332,6595.373792,73.00945063438553
4.723666,9020.619412,4.723666,2401.74707,6618.872342000001,73.3749207199121
4.721435,9010.895525,4.721435,2279.259521,6731.636004,74.70551606467549
4.719207,9002.410131,4.719207,2255.794189,6746.615942,74.94233037403926
4.716981,8976.399704,4.716981,2112.324219,6864.075484999999,76.4680240558058
4.714757,8970.302017,4.714757,2054.9021,6915.399917000001,77.09216371861652
4.712535,8933.816955,4.712535,2028.7948,6905.022155000001,77.2908398479718
4.710316,8911.293147,4.710316,1949.153931,6962.1392160000005,78.12714834034851
4.708098,8894.838924,4.708098,1913.874878,6980.964045999999,78.48331044156409
4.705882,8884.493036,4.705882,1911.262085,6973.230951,78.48766297350272
4.703669,8845.680118,4.703669,1662.872192,7182.807926,81.20130764601996
4.701457,8817.559283,4.701457,1526.759766,7290.799517,82.68500707510356
4.699248,8769.232634,4.699248,1404.43042,7364.802214,83.98456879163231
4.697041,8712.538171,4.697041,1364.332764,7348.205407,84.34058207582687
4.694836,8680.311424,4.694836,1353.848389,7326.463035,84.40322791580064
4.692633,8630.2184,4.692633,1335.499268,7294.719132,84.52531319485496
4.690432,8618.911444,4.690432,1241.102051,7377.809393,85.60024593518727
4.688233,8611.324207,4.688233,1235.856323,7375.467884,85.64847527171962
4.686036,8583.386417,4.686036,1225.364258,7358.022159,85.7239998472738
4.683841,8577.743632,4.683841,1214.871704,7362.871928,85.8369315274495
4.681648,8550.905894,4.681648,1193.884521,7357.021373,86.03791766860954
4.679457,8519.842899,4.679457,1149.278564,7370.564334999999,86.51056624371684
4.677268,8515.532184,4.677268,1081.035889,7434.496295,87.30512825691412
4.675082,8470.824603,4.675082,905.059204,7565.765398999999,89.31557142997073
4.672897,8462.362699,4.672897,865.637695,7596.725003999999,89.77073276353077
4.670715,8445.190561,4.670715,768.360901,7676.829659999999,90.90179321058424
4.668534,8420.169549,4.668534,678.92511,7741.244439,91.93691877522073
4.666356,8407.185084,4.666356,642.085754,7765.099330000001,92.36265471040986
4.664179,8368.321032,4.664179,599.974426,7768.346606,92.8304085884644
4.662005,8357.477722,4.662005,578.9151,7778.5626219999995,93.0730883257268
4.659832,8343.707026,4.659832,520.989441,7822.717585,93.75589963338197
4.657662,8329.109798,4.657662,452.508087,7876.601710999999,94.56714945565182
4.655493,8313.157467,4.655493,431.431732,7881.725735000001,94.81025430213951
4.653327,8285.67235,4.653327,318.104858,7967.567492000001,96.16078400686457
4.651163,8278.499428,4.651163,238.99826,8039.501167999999,97.11302438227335
4.649,8258.280582,4.649,233.723282,8024.5572999999995,97.16983118120943
4.64684,8242.63715,4.64684,231.085739,8011.551411,97.19645867221026
4.644682,8220.624938,4.644682,217.897446,8002.727492000001,97.34938100639083
4.642526,8198.994295,4.642526,162.496338,8036.4979570000005,98.01809426676763
4.640371,8180.803718,4.640371,157.219193,8023.584525,98.07819380076221
4.638219,8153.627062,4.638219,67.48455,8086.142511999999,99.17233705335246
4.636069,8130.187188,4.636069,25.241514,8104.945674,99.68953342135521
