RP,Loss_gen,ReturnPeriod,Loss_expected,Loss_Diff,Percent_Diff
10000.0,3400000.0,10000.0,3400000.25,0.25,7.352941176470588e-06
5000.0,3400000.0,5000.0,3400000.25,0.25,7.352941176470588e-06
3333.333333,3400000.0,3333.333333,3400000.25,0.25,7.352941176470588e-06
2500.0,3400000.0,2500.0,3400000.25,0.25,7.352941176470588e-06
2000.0,3400000.0,2000.0,3400000.25,0.25,7.352941176470588e-06
1666.666667,3400000.0,1666.666667,3400000.0,0.0,0.0
1428.571429,3400000.0,1428.571429,3400000.0,0.0,0.0
1250.0,3400000.0,1250.0,3400000.0,0.0,0.0
1111.111111,3400000.0,1111.111111,3400000.0,0.0,0.0
1000.0,3400000.0,1000.0,3400000.0,0.0,0.0
909.090909,3400000.0,909.090909,3400000.0,0.0,0.0
833.333333,3400000.0,833.333333,3400000.0,0.0,0.0
769.230769,3400000.0,769.230769,3400000.0,0.0,0.0
714.285714,3400000.0,714.285714,3400000.0,0.0,0.0
666.666667,3400000.0,666.666667,3400000.0,0.0,0.0
625.0,3400000.0,625.0,3400000.0,0.0,0.0
588.235294,3400000.0,588.235294,3400000.0,0.0,0.0
555.555556,3400000.0,555.555556,3400000.0,0.0,0.0
526.315789,3400000.0,526.315789,3400000.0,0.0,0.0
500.0,3400000.0,500.0,3400000.0,0.0,0.0
476.190476,3400000.0,476.190476,3400000.0,0.0,0.0
454.545455,3400000.0,454.545455,3400000.0,0.0,0.0
434.782609,3400000.0,434.782609,3400000.0,0.0,0.0
416.666667,3400000.0,416.666667,3400000.0,0.0,0.0
400.0,3400000.0,400.0,3400000.0,0.0,0.0
384.615385,3400000.0,384.615385,3400000.0,0.0,0.0
370.37037,3400000.0,370.37037,3400000.0,0.0,0.0
357.142857,3400000.0,357.142857,3400000.0,0.0,0.0
344.827586,3400000.0,344.827586,3400000.0,0.0,0.0
333.333333,3400000.0,333.333333,3400000.0,0.0,0.0
322.580645,3400000.0,322.580645,3400000.0,0.0,0.0
312.5,3400000.0,312.5,3400000.0,0.0,0.0
303.030303,3400000.0,303.030303,3400000.0,0.0,0.0
294.117647,3400000.0,294.117647,3400000.0,0.0,0.0
285.714286,3400000.0,285.714286,3400000.0,0.0,0.0
277.777778,3400000.0,277.777778,3400000.0,0.0,0.0
270.27027,3400000.0,270.27027,3400000.0,0.0,0.0
263.157895,3400000.0,263.157895,3400000.0,0.0,0.0
256.410256,3400000.0,256.410256,3400000.0,0.0,0.0
250.0,3400000.0,250.0,3400000.0,0.0,0.0
243.902439,3400000.0,243.902439,3400000.0,0.0,0.0
238.095238,3400000.0,238.095238,3400000.0,0.0,0.0
232.55814,3400000.0,232.55814,3400000.0,0.0,0.0
227.272727,3400000.0,227.272727,3400000.0,0.0,0.0
222.222222,3400000.0,222.222222,3400000.0,0.0,0.0
217.391304,3400000.0,217.391304,3400000.0,0.0,0.0
212.765957,3400000.0,212.765957,3400000.0,0.0,0.0
208.333333,3400000.0,208.333333,3400000.0,0.0,0.0
204.081633,3400000.0,204.081633,3400000.0,0.0,0.0
200.0,3400000.0,200.0,3400000.0,0.0,0.0
196.078431,3400000.0,196.078431,3400000.0,0.0,0.0
192.307692,3400000.0,192.307692,3400000.0,0.0,0.0
188.679245,3400000.0,188.679245,3400000.0,0.0,0.0
185.185185,3400000.0,185.185185,3400000.0,0.0,0.0
181.818182,3400000.0,181.818182,3400000.0,0.0,0.0
178.571429,3400000.0,178.571429,3400000.0,0.0,0.0
175.438596,3400000.0,175.438596,3400000.0,0.0,0.0
172.413793,3400000.0,172.413793,3400000.0,0.0,0.0
169.491525,3400000.0,169.491525,3400000.0,0.0,0.0
166.666667,3400000.0,166.666667,3400000.0,0.0,0.0
163.934426,3399999.998563,163.934426,3400000.0,0.001436999998986721,4.226470587041367e-08
161.290323,3399999.786557,161.290323,3400000.0,0.21344299986958504,6.277735684381541e-06
158.730159,3399996.349583,158.730159,3400000.0,3.650417000055313,0.00010736532115697791
156.25,3399968.765775,156.25,3400000.0,31.23422499978915,0.0009186621157876877
153.846154,3399940.01555,153.846154,3400000.0,59.984449999872595,0.0017642796556858978
151.515152,3399843.315367,151.515152,3400000.0,156.6846329998225,0.00460858393948984
149.253731,3399782.543176,149.253731,3400000.0,217.4568239999935,0.006396198028502442
147.058824,3399682.754518,147.058824,3400000.0,317.24548200005665,0.009331620180690508
144.927536,3399478.203508,144.927536,3400000.0,521.7964920001104,0.015349311299059268
142.857143,3399262.514169,142.857143,3400000.0,737.4858309999108,0.021695465646618353
140.84507,3398358.751502,140.84507,3400000.0,1641.2484980002046,0.04829532777476212
138.888889,3397351.599944,138.888889,3400000.0,2648.4000559998676,0.07795484153137174
136.986301,3396689.934417,136.986301,3400000.0,3310.0655829999596,0.09744974215811346
135.135135,3396420.640443,135.135135,3400000.0,3579.359556999989,0.10538622673465815
133.333333,3395449.622455,133.333333,3400000.0,4550.377545000054,0.13401399081014814
131.578947,3394598.647244,131.578947,3400000.0,5401.352756000124,0.15911609345586006
129.87013,3394121.754717,129.87013,3400000.0,5878.245283000171,0.17318899284714365
128.205128,3393373.276036,128.205128,3400000.0,6626.723964000121,0.19528426214699224
126.582278,3391030.747091,126.582278,3400000.0,8969.252909000032,0.2644993094413643
125.0,3388827.140775,125.0,3400000.0,11172.85922499979,0.32969693527786836
123.45679,3387651.606569,123.45679,3400000.0,12348.393430999946,0.36451190574187614
121.95122,3385784.292721,121.95122,3400000.0,14215.707278999966,0.419864529159814
120.481928,3384284.472192,120.481928,3400000.0,15715.527807999868,0.46436781355501494
119.047619,3383175.504238,119.047619,3399999.75,16824.24576199986,0.4972915457955003
117.647059,3382118.069531,117.647059,3399999.75,17881.68046899978,0.5287124843479944
116.27907,3381743.006992,116.27907,3399999.75,18256.743007999845,0.539861928308943
114.942529,3379765.671791,114.942529,3399999.75,20234.078209000174,0.5986828725400293
113.636364,3377439.58511,113.636364,3399999.5,22559.91489000013,0.6679590950926033
112.359551,3374506.17463,112.359551,3399999.5,25493.32537000021,0.7554683278300844
111.111111,3373428.743422,111.111111,3399140.25,25711.506577999797,0.7621772544665666
109.89011,3370709.069675,109.89011,3398323.0,27613.93032500008,0.8192320889818767
108.695652,3368993.05226,108.695652,3397564.0,28570.947740000207,0.8480560006152028
107.526882,3367650.969425,107.526882,3396934.5,29283.530575000215,0.8695536099455149
106.382979,3363940.465274,106.382979,3395069.5,31129.034725999925,0.9253741273766686
105.263158,3358991.880858,105.263158,3393488.5,34496.6191420001,1.026993227896356
104.166667,3356920.545352,104.166667,3389459.0,32538.454648000188,0.9692947511984759
103.092784,3353960.117918,103.092784,3389111.5,35151.38208199991,1.0480560545192301
102.040816,3347660.667762,102.040816,3388736.25,41075.582237999886,1.2269936028331092
101.010101,3343773.976544,101.010101,3386076.0,42302.02345599979,1.2650981720876235
100.0,3338539.049941,100.0,3384203.25,45664.20005899994,1.367789903784619
99.009901,3331259.646552,99.009901,3383654.5,52394.853447999805,1.5728240667829894
98.039216,3327709.971634,98.039216,3381978.0,54268.028365999926,1.6307920109802352
97.087379,3322216.430131,97.087379,3381608.75,59392.319869,1.7877318085100815
96.153846,3312673.983773,96.153846,3380423.0,67749.01622699993,2.0451459020376213
95.238095,3307349.400318,95.238095,3377376.0,70026.599682,2.1173027462797545
94.339623,3299358.672518,94.339623,3376362.0,77003.327482,2.333887737741247
93.457944,3289305.184345,93.457944,3371821.75,82516.56565500004,2.5086320979800356
92.592593,3283908.772742,92.592593,3367260.75,83351.97725800006,2.538194055506687
91.743119,3275202.402598,91.743119,3364956.75,89754.34740199987,2.7404213959663597
90.909091,3272131.191703,90.909091,3364115.75,91984.5582969999,2.8111512927794924
90.09009,3266630.717914,90.09009,3363067.0,96436.28208599985,2.952163571999408
89.285714,3260491.532588,89.285714,3356163.75,95672.21741200006,2.9342881726811503
88.495575,3258085.997573,88.495575,3351184.5,93098.50242700009,2.8574599472313085
87.719298,3253424.012261,87.719298,3347341.25,93917.237739,2.886719879888366
86.956522,3247312.050504,86.956522,3336907.75,89595.69949600007,2.7590726761875057
86.206897,3245442.107417,86.206897,3336841.25,91399.14258300001,2.8162308726481413
85.470085,3238118.813158,85.470085,3334906.25,96787.43684200011,2.989002023295354
84.745763,3227412.136125,84.745763,3331796.0,104383.8638749998,3.2342898728864706
84.033613,3213402.297397,84.033613,3324642.5,111240.20260300022,3.4617577355038858
83.333333,3202877.280809,83.333333,3317175.75,114298.46919099987,3.568618438047984
82.644628,3196086.446929,82.644628,3315710.25,119623.80307100015,3.742821261481904
81.967213,3190017.39929,81.967213,3296681.0,106663.60070999991,3.343668305186672
81.300813,3182607.164855,81.300813,3294807.0,112199.8351449999,3.5254063518741474
80.645161,3171959.302069,80.645161,3294332.25,122372.94793100003,3.85796084619304
80.0,3168303.089479,80.0,3275088.5,106785.41052100016,3.3704291384117577
79.365079,3156889.826107,79.365079,3273603.25,116713.423893,3.6971015880186155
78.740157,3148613.877546,78.740157,3256164.5,107550.62245400017,3.4158085632851276
78.125,3144105.540484,78.125,3251290.0,107184.459516,3.4090604827311286
77.51938,3134769.914521,77.51938,3248731.75,113961.83547900012,3.6354130793172983
76.923077,3128976.501923,76.923077,3247909.0,118932.49807700003,3.8010032355278707
76.335878,3123936.329543,76.335878,3247545.5,123609.17045699991,3.956840262332833
75.757576,3111383.464017,75.757576,3223858.25,112474.78598299995,3.6149445185322038
75.18797,3107024.797221,75.18797,3222677.5,115652.70277900016,3.72229738502386
74.626866,3100636.609728,74.626866,3213884.0,113247.39027199987,3.652391573933405
74.074074,3095742.993819,74.074074,3205003.0,109260.0061809998,3.529362947736608
73.529412,3088585.083709,73.529412,3191377.5,102792.41629099986,3.328139374666641
72.992701,3083249.021717,72.992701,3184728.5,101479.47828300018,3.2913163214591172
72.463768,3079998.950414,72.463768,3151561.5,71562.54958599992,2.3234601939192476
71.942446,3058500.047502,71.942446,3144599.5,86099.45249800012,2.8150874991262795
71.428571,3047537.20618,71.428571,3139569.75,92032.54381999979,3.019898941130892
70.921986,3034386.774621,70.921986,3131387.25,97000.47537899995,3.1967076903410074
70.422535,3019318.651129,70.422535,3131208.5,111889.84887100011,3.705797956408531
69.93007,3002535.076379,69.93007,3126152.0,123616.92362099979,4.117085078988634
69.444444,2993376.823833,69.444444,3118999.25,125622.42616700009,4.19667932105325
68.965517,2986665.048219,68.965517,3118731.5,132066.451781,4.421870201338899
68.493151,2975750.075042,68.493151,3102789.0,127038.92495799996,4.269139603607568
68.027211,2968091.612572,68.027211,3102089.25,133997.6374280001,4.514605845062998
67.567568,2946901.683559,67.567568,3091419.0,144517.31644099997,4.904042684805999
67.114094,2934405.006301,67.114094,3085041.25,150636.24369900022,5.133451019049568
66.666667,2926198.716176,66.666667,3078648.75,152450.03382400004,5.2098318880825705
66.225166,2917774.230894,66.225166,3075516.0,157741.7691060002,5.406236282293454
65.789474,2901913.167323,65.789474,3074062.0,172148.8326770002,5.932253060342485
65.359477,2893457.369582,65.359477,3063286.25,169828.8804179998,5.869410145915989
64.935065,2884443.447056,64.935065,3057714.5,173271.05294399988,6.007087887989225
64.516129,2878866.532167,64.516129,3053875.75,175009.21783299977,6.079101475443032
64.102564,2870210.387442,64.102564,3033043.75,162833.3625579998,5.673220446502556
63.694268,2860910.661849,63.694268,3029611.5,168700.83815099997,5.896753100356129
63.291139,2855858.172369,63.291139,3014365.25,158507.07763099996,5.550243326667538
62.893082,2852603.374857,62.893082,3013383.75,160780.37514299992,5.636268138786024
62.5,2845637.472467,62.5,3013202.5,167565.02753299987,5.888488226426498
62.111801,2834672.760565,62.111801,3012452.0,177779.23943499988,6.271596563391865
61.728395,2822259.561684,61.728395,3000718.0,178458.43831600016,6.323246831681091
61.349693,2816232.768708,61.349693,2982842.5,166609.73129200004,5.91604973648664
60.97561,2808369.091041,60.97561,2980254.0,171884.9089589999,6.120452952830569
60.606061,2804141.002198,60.606061,2967084.0,162942.99780200003,5.810799017391731
60.240964,2795782.506854,60.240964,2958083.75,162301.24314599996,5.805217063491541
59.88024,2792142.996877,59.88024,2943595.25,151452.2531229998,5.424229822483966
59.52381,2784892.312976,59.52381,2941044.75,156152.4370240001,5.6071265770823295
59.171598,2775316.966729,59.171598,2931863.75,156546.7832709998,5.640681232007401
58.823529,2762927.478196,58.823529,2912775.5,149848.02180399979,5.423523526641392
58.479532,2747131.181981,58.479532,2900615.25,153484.06801899988,5.587067302272768
58.139535,2733023.835065,58.139535,2887207.75,154183.91493499978,5.641513731303876
57.803468,2713411.589317,57.803468,2882059.0,168647.410683,6.21532727828625
57.471264,2703972.496035,57.471264,2850970.75,146998.25396500016,5.436381256856446
57.142857,2697645.247083,57.142857,2850521.0,152875.7529170001,5.667007293946701
56.818182,2691052.668304,56.818182,2846380.75,155328.08169599995,5.772019385777885
56.497175,2687243.056402,56.497175,2845225.75,157982.69359799987,5.8789878802227085
56.179775,2673411.32945,56.179775,2822419.0,149007.67054999992,5.5736903973043015
55.865922,2672141.160122,55.865922,2817878.5,145737.33987799985,5.453953632874171
55.555556,2666174.185695,55.555556,2803571.75,137397.564305,5.153360385911326
55.248619,2664155.985937,55.248619,2785751.5,121595.51406300021,4.564128928818496
54.945055,2656147.182868,54.945055,2778247.5,122100.31713199988,4.596895756362451
54.644809,2649648.66109,54.644809,2773020.5,123371.83890999993,4.656158407781046
54.347826,2646179.455729,54.347826,2767050.75,120871.2942710002,4.567766332298925
54.054054,2637710.884717,54.054054,2742320.25,104609.36528299982,3.965914759237283
53.763441,2632493.863635,53.763441,2739862.5,107368.63636500016,4.078590185837828
53.475936,2614070.302069,53.475936,2736016.5,121946.19793100003,4.664993050664373
53.191489,2603385.144255,53.191489,2704854.0,101468.85574499983,3.897573740440036
52.910053,2594075.287536,52.910053,2691553.5,97478.2124640001,3.7577248791645688
52.631579,2580935.778534,52.631579,2671703.0,90767.22146600019,3.5168337864476804
52.356021,2571859.841498,52.356021,2658330.0,86470.15850199992,3.362164496943764
52.083333,2557152.23725,52.083333,2635453.75,78301.51275000023,3.0620590987655416
51.813472,2547172.472265,51.813472,2633094.5,85922.02773500001,3.373231639025853
51.546392,2541064.518098,51.546392,2632603.0,91538.48190200003,3.602367482212418
51.282051,2533982.572703,51.282051,2608152.5,74169.92729699984,2.927010157685605
51.020408,2530592.18005,51.020408,2607231.25,76639.06994999992,3.028503389609212
50.761421,2519850.252677,50.761421,2603567.0,83716.74732299987,3.322290570007569
50.505051,2513194.691837,50.505051,2597118.0,83923.3081629998,3.3393078711962705
50.251256,2505505.53958,50.251256,2557413.0,51907.4604199999,2.0717360069657316
50.0,2490340.306797,50.0,2550830.25,60489.943202999886,2.428983020429052
49.751244,2476622.237146,49.751244,2541974.0,65351.76285400009,2.6387457026675936
49.50495,2472761.605238,49.50495,2521357.5,48595.89476200007,1.9652478693886377
49.261084,2469007.466036,49.261084,2505832.0,36824.53396400018,1.4914711466272759
49.019608,2463535.772922,49.019608,2493965.75,30429.977078000084,1.2352155553197868
48.780488,2453173.412522,48.780488,2493752.25,40578.837478000205,1.6541365266258485
48.543689,2444439.712097,48.543689,2468453.5,24013.787903000135,0.9823841342521612
48.309179,2437760.084486,48.309179,2463584.5,25824.415514000226,1.0593501665052196
48.076923,2428657.075656,48.076923,2461590.5,32933.42434399994,1.3560343563573856
47.84689,2420583.949424,47.84689,2457348.0,36764.05057600001,1.5188091528388574
47.619048,2408611.578253,47.619048,2455540.5,46928.92174699996,1.9483806426372061
47.393365,2392387.359788,47.393365,2453630.75,61243.39021199988,2.559927846192388
47.169811,2384302.776677,47.169811,2452717.75,68414.97332300013,2.869391169285555
46.948357,2375883.802411,46.948357,2450711.0,74827.19758900022,3.149446850602166
46.728972,2353305.403206,46.728972,2414977.0,61671.596793999895,2.620637198639083
46.511628,2341149.113664,46.511628,2409599.75,68450.63633600017,2.9238050637822024
46.296296,2331095.27967,46.296296,2402507.0,71411.72032999992,3.063440647527255
46.082949,2328561.605042,46.082949,2382926.25,54364.644958000164,2.3346878536640476
45.87156,2323141.73762,45.87156,2380956.0,57814.262380000204,2.4886239803529793
45.6621,2314628.414447,45.6621,2375455.25,60826.835553000215,2.627930909918112
45.454545,2294802.402322,45.454545,2374915.25,80112.84767800011,3.491056467299223
45.248869,2290483.59924,45.248869,2371703.5,81219.9007600001,3.54597172348012
45.045045,2285615.048212,45.045045,2364005.5,78390.45178799983,3.429731172330328
44.843049,2281578.569643,44.843049,2357529.5,75950.93035699986,3.328876391439982
44.642857,2273618.240096,44.642857,2351068.0,77449.75990399998,3.4064540184516545
44.444444,2268441.528333,44.444444,2348319.25,79877.72166700009,3.521259890075258
44.247788,2259257.91006,44.247788,2342322.0,83064.08993999986,3.676609455261081
44.052863,2252464.709435,44.052863,2333634.25,81169.54056499992,3.6035876710965287
43.859649,2250016.110142,43.859649,2331316.75,81300.63985799998,3.613335899753582
43.668122,2244570.546988,43.668122,2331247.5,86676.95301199984,3.8616274782858597
43.478261,2236716.770028,43.478261,2325806.75,89089.97997199977,3.983069343682906
43.290043,2230663.256369,43.290043,2323742.0,93078.74363100016,4.172693631153932
43.103448,2223730.209394,43.103448,2316688.25,92958.040606,4.180275116707277
42.918455,2216338.556736,42.918455,2312612.0,96273.44326400012,4.3438058220573454
42.735043,2203125.933277,42.735043,2309035.75,105909.81672299979,4.8072520559669565
42.553191,2193967.456383,42.553191,2303015.25,109047.79361699987,4.970346907368321
42.372881,2192401.178134,42.372881,2302118.0,109716.82186600007,5.004413560814743
42.194093,2187175.653567,42.194093,2301147.25,113971.59643300017,5.210902757038617
42.016807,2180652.42876,42.016807,2300135.5,119483.07123999996,5.479235006192274
41.841004,2175097.510306,41.841004,2298710.0,123612.48969400022,5.68307807389334
41.666667,2171294.568855,41.666667,2280765.75,109471.1811449998,5.041747108625976
41.493776,2165752.028512,41.493776,2274351.0,108598.9714879999,5.014376995071491
41.322314,2158715.599097,41.322314,2249934.5,91218.90090300003,4.225609938667107
41.152263,2156164.00066,41.152263,2249202.25,93038.2493400001,4.314989458664609
40.983607,2152701.402111,40.983607,2227663.25,74961.84788900008,3.482222281989057
40.816327,2145823.705003,40.816327,2225230.75,79407.04499700014,3.7005390895748875
40.650407,2139863.250542,40.650407,2213143.5,73280.24945800006,3.424529555308692
40.48583,2137638.563151,40.48583,2210654.75,73016.18684899993,3.4157405329257324
40.322581,2127556.446509,40.322581,2209577.25,82020.80349100009,3.855164624449043
40.160643,2121067.75326,40.160643,2199112.75,78044.99673999986,3.6795145567626344
40.0,2115279.417284,40.0,2190127.5,74848.0827159998,3.538448968226811
39.840637,2108556.191406,39.840637,2181911.75,73355.55859400006,3.4789472954517784
39.68254,2099856.67961,39.68254,2176812.25,76955.57039000001,3.6648010855813618
39.525692,2089828.601168,39.525692,2172377.75,82549.1488320001,3.950043979006871
39.370079,2081528.542532,39.370079,2167587.25,86058.70746800001,4.134399587109049
39.215686,2074228.693388,39.215686,2166910.0,92681.3066120001,4.468229897090879
39.0625,2069983.80742,39.0625,2166076.75,96092.94258000003,4.6422074528094495
38.910506,2065563.574851,38.910506,2165500.75,99937.17514900002,4.838252202245046
38.75969,2058893.345878,38.75969,2162005.5,103112.1541220001,5.008134798649742
38.610039,2055808.656986,38.610039,2160107.75,104299.09301399998,5.07338524232658
38.461538,2046518.078733,38.461538,2159402.5,112884.42126700003,5.515925925115052
38.314176,2039120.638245,38.314176,2155821.75,116701.11175499996,5.723109734961073
38.167939,2030412.452308,38.167939,2145866.75,115454.29769199993,5.686248503882121
38.022814,2022166.008829,38.022814,2128890.75,106724.74117100006,5.277743800708155
37.878788,2017738.370873,37.878788,2124390.0,106651.629127,5.2857015887969565
37.735849,2008664.35556,37.735849,2120488.0,111823.64443999995,5.567064707972298
37.593985,2002504.591827,37.593985,2114662.75,112158.15817299997,5.600893932066924
37.453184,1998195.238907,37.453184,2112625.5,114430.26109299995,5.726680699909613
37.313433,1993344.401288,37.313433,2112126.0,118781.59871200006,5.9589099924352915
37.174721,1991236.319815,37.174721,2110843.5,119607.18018499995,6.0066793175062365
37.037037,1987540.333322,37.037037,2104278.5,116738.16667800001,5.8734992553777445
36.900369,1979562.136518,36.900369,2102119.5,122557.36348200007,6.191134959652007
36.764706,1975322.798954,36.764706,2087567.5,112244.701046,5.682347265238742
36.630037,1968823.681866,36.630037,2087141.625,118317.94313400006,6.009575373547995
36.49635,1966486.636332,36.49635,2078107.5,111620.8636680001,5.676156735862773
36.363636,1958704.839384,36.363636,2035422.875,76718.03561599995,3.916773679904077
36.231884,1950058.851772,36.231884,2034271.0,84212.14822799992,4.318441371729738
36.101083,1947545.952316,36.101083,2033724.125,86178.1726840001,4.424962223947424
35.971223,1943643.913944,35.971223,2033481.75,89837.83605600009,4.622134507843214
35.842294,1940089.731567,35.842294,2029571.25,89481.51843299996,4.612236072231887
35.714286,1933185.350722,35.714286,2027150.75,93965.399278,4.860651320521651
35.587189,1928621.639087,35.587189,2009970.0,81348.36091300007,4.217953343690056
35.460993,1925405.846494,35.460993,2002542.5,77136.65350600006,4.006254247459533
35.335689,1921166.547389,35.335689,1980813.125,59646.577611000044,3.10470623653446
35.211268,1914378.23609,35.211268,1974588.5,60210.26390999998,3.1451602810203143
35.087719,1911928.757658,35.087719,1973142.375,61213.617341999896,3.2016683203710454
34.965035,1902130.951093,34.965035,1971633.75,69502.7989070001,3.6539439551762984
34.843206,1895803.333148,34.843206,1962368.125,66564.79185199994,3.511165461528567
34.722222,1890777.730284,34.722222,1957787.375,67009.64471599995,3.5440254897615557
34.602076,1885392.330138,34.602076,1951362.125,65969.79486200004,3.498995609957288
34.482759,1880576.536976,34.482759,1946331.25,65754.71302399994,3.4965188457436924
34.364261,1871874.267392,34.364261,1944885.375,73011.10760800005,3.9004279763791625
34.246575,1867698.434054,34.246575,1944306.875,76608.44094599993,4.101756447892646
34.129693,1865301.051926,34.129693,1939845.875,74544.82307399996,3.9963963456209584
34.013605,1862301.949318,34.013605,1933431.375,71129.42568199988,3.819435710092471
33.898305,1854620.815465,33.898305,1932885.875,78265.05953500001,4.220003295680524
33.783784,1847316.03409,33.783784,1926569.0,79252.96591000003,4.290168246660651
33.670034,1841096.550411,33.670034,1915197.375,74100.82458900008,4.024820130832252
33.557047,1837153.968465,33.557047,1905785.375,68631.40653500007,3.735746035066608
33.444816,1832007.802808,33.444816,1902816.25,70808.44719199999,3.8650734502041275
33.333333,1830080.562007,33.333333,1902049.0,71968.43799300003,3.9325284081523812
33.222591,1824461.599885,33.222591,1899991.625,75530.02511500008,4.139852826705748
33.112583,1817320.318394,33.112583,1895366.5,78046.18160600006,4.294574864764123
33.0033,1814983.336127,33.0033,1886169.0,71185.66387300007,3.922111154194034
32.894737,1812418.008088,32.894737,1886090.875,73672.86691200011,4.064893781855593
32.786885,1809852.73906,32.786885,1878738.0,68885.26093999995,3.8061251865042633
32.679739,1804463.429457,32.679739,1875888.625,71425.19554300001,3.958251210693326
32.57329,1801102.466058,32.57329,1869854.25,68751.78394200001,3.8172055858917484
32.467532,1797941.867665,32.467532,1866199.0,68257.13233499997,3.7964037415540024
32.36246,1794489.830814,32.36246,1864700.375,70210.54418600001,3.9125629457678093
32.258065,1788638.5739,32.258065,1860495.75,71857.17610000004,4.017422924259122
32.154341,1782994.763369,32.154341,1840597.75,57602.98663099995,3.2306873701725345
32.051282,1776828.953154,32.051282,1839830.0,63001.04684600001,3.5457012749690167
31.948882,1773489.428328,31.948882,1838930.0,65440.57167199999,3.6899330002601523
31.847134,1768683.17525,31.847134,1836699.75,68016.57474999991,3.8456053464966042
31.746032,1760970.819289,31.746032,1836065.5,75094.680711,4.264390976184364
31.64557,1757125.775918,31.64557,1832596.0,75470.22408200009,4.295095155756344
31.545741,1751022.373217,31.545741,1802719.5,51697.12678300007,2.952396701135319
31.446541,1742237.837139,31.446541,1800298.375,58060.53786100005,3.332526514080513
31.347962,1739107.456334,31.347962,1798741.375,59633.91866600001,3.4289956292699126
31.25,1733256.940384,31.25,1793655.625,60398.684615999926,3.484693077450981
31.152648,1730370.066635,31.152648,1788101.25,57731.183364999946,3.3363489393496093
31.055901,1726935.050443,31.055901,1780731.0,53795.94955700007,3.1151113380436706
30.959752,1720740.301621,30.959752,1776007.25,55266.94837899995,3.2118122837558034
30.864198,1719248.541858,30.864198,1767791.0,48542.45814200002,2.823469496128812
30.769231,1715639.00482,30.769231,1767430.125,51791.120180000085,3.018765604797722
30.674847,1711742.041311,30.674847,1767087.0,55344.95868899999,3.2332534548612264
30.58104,1705439.933919,30.58104,1757802.125,52362.191081000026,3.0703040335565976
30.487805,1704352.775428,30.487805,1750468.0,46115.224572000094,2.705732359922937
30.395137,1701842.689971,30.395137,1748400.25,46557.560029000044,2.735714664073529
30.30303,1699931.086983,30.30303,1747021.125,47090.03801700007,2.7701145286174174
30.21148,1697164.912214,30.21148,1745399.125,48234.21278599999,2.8420463114027665
30.120482,1692686.231929,30.120482,1735643.875,42957.643071,2.537838511396474
30.03003,1686034.806947,30.03003,1735230.625,49195.81805299991,2.9178411887048523
29.94012,1682260.182965,29.94012,1733248.5,50988.31703500007,3.030941203466676
29.850746,1677043.48884,29.850746,1730504.875,53461.386159999995,3.187835408906354
29.761905,1673442.870245,29.761905,1726426.625,52983.754754999885,3.1661525885997417
29.673591,1666736.828338,29.673591,1715015.25,48278.42166200001,2.89658336224209
29.585799,1664264.813963,29.585799,1713447.0,49182.186037000036,2.9551899207606187
29.498525,1658210.15448,29.498525,1712090.625,53880.47051999997,3.2493149541046207
29.411765,1653445.811492,29.411765,1710140.625,56694.81350799999,3.4288885135486225
29.325513,1651249.744264,29.325513,1702482.375,51232.630735999905,3.1026579058660486
29.239766,1647619.947462,29.239766,1701210.25,53590.30253800005,3.252588840075089
29.154519,1643941.597461,29.154519,1695517.25,51575.652538999915,3.137316594376369
29.069767,1637019.768923,29.069767,1692502.125,55482.35607700003,3.3892294479438103
28.985507,1632394.18333,28.985507,1690827.125,58432.94167000009,3.579585266029305
28.901734,1629765.39497,28.901734,1687029.0,57263.60502999998,3.513610315124777
28.818444,1626085.168085,28.818444,1680323.25,54238.08191499999,3.33550068468276
28.735632,1623096.677945,28.735632,1677150.625,54053.94705500011,3.3302974363448103
28.653295,1619826.910271,28.653295,1675378.875,55551.964729000116,3.4295000519349426
28.571429,1618822.042319,28.571429,1673494.75,54672.707681,3.3773142601073114
28.490028,1614082.549767,28.490028,1669541.125,55458.5752330001,3.4359193859698065
28.409091,1611974.266137,28.409091,1655650.125,43675.85886300006,2.7094637787032823
28.328612,1607384.165477,28.328612,1653939.875,46555.709523000056,2.896364821982951
28.248588,1601203.804326,28.248588,1652380.875,51177.070674000075,3.196162195951203
28.169014,1598940.213866,28.169014,1652101.0,53160.786133999936,3.3247513367285353
28.089888,1596386.50102,28.089888,1646865.125,50478.62397999992,3.162055301003044
28.011204,1589283.531415,28.011204,1645503.75,56220.21858499991,3.537456814577629
27.932961,1585205.563751,27.932961,1642891.875,57686.31124900002,3.639042946108486
27.855153,1579484.495842,27.855153,1631870.5,52386.004157999996,3.3166520023404082
27.777778,1577193.595932,27.777778,1630113.875,52920.279067999916,3.3553445312290977
27.700831,1576375.769457,27.700831,1627303.375,50927.605542999925,3.230676754219744
27.624309,1572464.579794,27.624309,1613368.25,40903.6702060001,2.6012458869730892
27.548209,1565785.874421,27.548209,1599853.625,34067.750578999985,2.175760500559991
27.472527,1565081.213386,27.472527,1598501.0,33419.7866140001,2.135338813613226
27.39726,1562048.108993,27.39726,1586915.875,24867.766007000115,1.5919974464186977
27.322404,1553226.222274,27.322404,1586848.5,33622.27772599994,2.164673583528307
27.247956,1550895.303547,27.247956,1580684.5,29789.196452999953,1.9207741737865922
27.173913,1547501.096449,27.173913,1576785.75,29284.653550999938,1.89238337977262
27.100271,1544458.166698,27.100271,1574042.0,29583.833302000072,1.9154829790728047
27.027027,1540912.832838,27.027027,1572550.125,31637.29216199997,2.0531526175774326
26.954178,1539159.742785,26.954178,1571267.375,32107.63221499999,2.086049376324222
26.88172,1535191.120835,26.88172,1563116.5,27925.37916500005,1.8190164589938003
26.809651,1531731.013176,26.809651,1562180.0,30448.98682400002,1.987880806882987
26.737968,1524136.753609,26.737968,1555527.125,31390.371390999993,2.059550845202755
26.666667,1521303.6155,26.666667,1554498.125,33194.50949999993,2.1819779537623747
26.595745,1518770.075022,26.595745,1554434.375,35664.29997800011,2.3482356259543433
26.525199,1512780.376847,26.525199,1550019.5,37239.123152999906,2.4616344661090355
26.455026,1508233.868797,26.455026,1549947.75,41713.88120299997,2.765743567094927
26.385224,1503056.380762,26.385224,1547387.125,44330.7442379999,2.949373343901156
26.315789,1499136.173782,26.315789,1546451.75,47315.576217999915,3.1561893472714244
26.246719,1494853.78179,26.246719,1533343.5,38489.71821000008,2.5748149202867783
26.17801,1488827.794905,26.17801,1529080.125,40252.3300950001,2.703625646481737
26.109661,1484798.396645,26.109661,1526554.0,41755.60335500003,2.8122069264992184
26.041667,1483063.672588,26.041667,1525257.125,42193.452411999926,2.845019616613683
25.974026,1482113.489137,25.974026,1523364.0,41250.51086300006,2.783222146302661
25.906736,1478571.398722,25.906736,1520279.5,41708.101278000046,2.8208378245413344
25.839793,1476929.417598,25.839793,1518576.625,41647.20740199997,2.819850895091032
25.773196,1474086.76999,25.773196,1510328.5,36241.73001000006,2.4585886494487648
25.706941,1468780.611,25.706941,1497453.625,28673.013999999966,1.952164522411439
25.641026,1466352.457145,25.641026,1497233.0,30880.54285499989,2.105942722333248
25.575448,1462274.705177,25.575448,1495758.125,33483.419822999975,2.289817344474067
25.510204,1458204.559229,25.510204,1495263.5,37058.940770999994,2.541408922119559
25.445293,1454247.799144,25.445293,1493814.25,39566.45085599995,2.720750265483611
25.380711,1452592.768145,25.380711,1491932.875,39340.1068549999,2.7082681201310312
25.316456,1447789.137412,25.316456,1487486.75,39697.61258800002,2.74194712214526
25.252525,1443909.652366,25.252525,1486302.25,42392.597634000005,2.935959155376184
25.188917,1440661.814045,25.188917,1482370.5,41708.68595500011,2.895105953970771
25.125628,1436119.590159,25.125628,1480938.5,44818.9098410001,3.1208340968343715
25.062657,1431727.993481,25.062657,1480172.375,48444.381519000046,3.3836302523648976
25.0,1429283.261225,25.0,1471080.75,41797.488774999976,2.92436705227881
24.937656,1425643.949693,24.937656,1468850.375,43206.425307000056,3.0306603073161558
24.875622,1423325.643564,24.875622,1467182.75,43857.10643599997,3.081312181391042
24.813896,1421241.969639,24.813896,1466703.625,45461.65536099998,3.1987273337099236
24.752475,1419402.864268,24.752475,1464606.875,45204.010731999995,3.1847202700490636
24.691358,1417473.891331,24.691358,1461399.0,43925.10866899998,3.0988301751191023
24.630542,1412021.401014,24.630542,1457452.25,45430.848986000055,3.2174334576923043
24.570025,1409454.378335,24.570025,1456010.125,46555.746664999984,3.3031041927016234
24.509804,1405072.419091,24.509804,1455715.125,50642.70590900001,3.6042772757409107
24.449878,1401050.182228,24.449878,1455421.375,54371.1927720001,3.880745562270802
24.390244,1395017.686722,24.390244,1438313.75,43296.0632780001,3.1036211002985064
24.3309,1392786.094521,24.3309,1433700.375,40914.28047899995,2.937585365042791
24.271845,1389261.063441,24.271845,1433259.0,43997.93655900005,3.1670027842012276
24.213075,1383243.992572,24.213075,1432956.125,49712.13242799998,3.5938802333466406
24.154589,1380766.691085,24.154589,1432590.5,51823.80891499994,3.7532632594342954
24.096386,1378031.402784,24.096386,1430622.25,52590.84721600008,3.8163750920154795
24.038462,1376119.253265,24.038462,1427628.25,51508.99673500005,3.743061992104905
23.980815,1372385.566924,23.980815,1427571.0,55185.433076000074,4.021131845600074
23.923445,1371365.234238,23.923445,1425033.875,53668.64076200011,3.913519128390412
23.866348,1368941.99106,23.866348,1421021.25,52079.25894000009,3.804343739918011
23.809524,1367945.253715,23.809524,1420698.75,52753.496284999885,3.856404058695658
23.752969,1362955.899514,23.752969,1419287.75,56331.85048600007,4.133064797333998
23.696682,1361946.571319,23.696682,1418946.375,56999.8036809999,4.185171788772704
23.640662,1360420.503888,23.640662,1414639.0,54218.496111999964,3.9854218572159685
23.584906,1354723.66483,23.584906,1413955.125,59231.46017000009,4.37221713237237
23.529412,1352521.712157,23.529412,1413308.125,60786.41284299991,4.494302183589926
23.474178,1349959.621595,23.474178,1412085.5,62125.87840500008,4.602054566017117
23.419204,1343866.020131,23.419204,1412035.125,68169.10486899992,5.072611692522353
23.364486,1341050.369691,23.364486,1411776.625,70726.25530899991,5.273944730748361
23.310023,1338150.86513,23.310023,1411502.25,73351.38486999995,5.481548215632169
23.255814,1336353.016093,23.255814,1407435.125,71082.10890699993,5.319111645724991
23.201856,1333921.225076,23.201856,1403984.5,70063.27492400003,5.252429724252133
23.148148,1330808.785695,23.148148,1403458.0,72649.21430499991,5.459027253645584
23.094688,1328305.44689,23.094688,1401781.0,73475.55310999998,5.531525394406115
23.041475,1325348.416147,23.041475,1399919.375,74570.95885300008,5.626517370412664
22.988506,1321347.10341,22.988506,1397895.25,76548.14659000002,5.793189873610972
22.93578,1317088.584757,22.93578,1392053.5,74964.91524300002,5.6917139902803795
22.883295,1314517.82445,22.883295,1385537.375,71019.55055000004,5.402707306743059
22.83105,1313281.914767,22.83105,1384849.375,71567.4602330001,5.4495123574207955
22.779043,1307843.677119,22.779043,1383599.5,75755.82288099988,5.792421847225622
22.727273,1302595.888803,22.727273,1383190.5,80594.6111969999,6.187230582391984
22.675737,1299144.660477,22.675737,1379893.5,80748.83952299994,6.215538729409227
22.624434,1292491.066875,22.624434,1379184.25,86693.18312499998,6.707449308304139
22.573363,1290427.592195,22.573363,1374071.375,83643.78280499997,6.481865647550439
22.522523,1287837.469674,22.522523,1369783.25,81945.78032599995,6.363052967137499
22.47191,1287115.235882,22.47191,1368663.75,81548.51411799993,6.335758589798569
22.421525,1283338.019751,22.421525,1364048.75,80710.73024900001,6.289124845273417
22.371365,1279774.430474,22.371365,1362201.75,82427.31952599995,6.44076937022962
22.321429,1276242.882256,22.321429,1361146.375,84903.49274399993,6.652612439562993
22.271715,1272381.963408,22.271715,1361006.25,88624.28659199993,6.965226570378678
22.222222,1269679.403877,22.222222,1359104.25,89424.84612299991,7.043104412809938
22.172949,1266863.535306,22.172949,1357402.5,90538.96469400008,7.146702243042395
22.123894,1264873.462825,22.123894,1349012.375,84138.91217499995,6.651962796901596
22.075055,1261521.946177,22.075055,1347596.0,86074.05382300005,6.823032614204183
22.026432,1258933.255945,22.026432,1346898.625,87965.3690549999,6.987294095187751
21.978022,1256872.679996,21.978022,1345778.125,88905.4450040001,7.073544235545246
21.929825,1255318.898168,21.929825,1343208.75,87889.85183200007,7.001396375077731
21.881838,1253041.375185,21.881838,1341184.5,88143.12481499999,7.034334744292579
21.834061,1251788.050761,21.834061,1338957.375,87169.32423899998,6.963584944432653
21.786492,1249249.264711,21.786492,1336556.375,87307.11028899997,6.988766193846631
21.73913,1248269.616917,21.73913,1334761.75,86492.13308300008,6.928962454170759
21.691974,1245867.838148,21.691974,1334530.5,88662.66185200005,7.116538298620691
21.645022,1243547.049824,21.645022,1331816.625,88269.5751759999,7.09820952801848
21.598272,1242267.142061,21.598272,1331128.625,88861.48293900001,7.153170194260565
21.551724,1239483.397218,21.551724,1330048.0,90564.60278200009,7.306641055884318
21.505376,1235551.01137,21.505376,1326722.25,91171.23863000004,7.378994294125324
21.459227,1232871.076658,21.459227,1326164.5,93293.423342,7.567167817327237
21.413276,1229778.630454,21.413276,1324959.5,95180.86954599991,7.739675026786063
21.367521,1226062.557696,21.367521,1321685.25,95622.69230400003,7.79916911284632
21.321962,1224628.697068,21.321962,1321450.75,96822.05293200002,7.906237471309541
21.276596,1223764.460045,21.276596,1321310.5,97546.03995499993,7.970981601427858
21.231423,1219982.282562,21.231423,1320566.75,100584.46743800002,8.244748212799417
21.186441,1218410.760309,21.186441,1316871.875,98461.11469099997,8.081110073751264
21.141649,1213327.927985,21.141649,1316235.25,102907.32201500004,8.48141047786648
21.097046,1209669.046482,21.097046,1313476.5,103807.45351799997,8.58147555481363
21.052632,1208721.100848,21.052632,1311802.75,103081.64915199997,8.528158322021612
21.008403,1207466.613442,21.008403,1311078.0,103611.386558,8.580890386910637
20.964361,1206269.090662,20.964361,1304853.125,98584.034338,8.172640342122762
20.920502,1204007.411224,20.920502,1302602.875,98595.46377600008,8.188941600929802
20.876827,1201007.691532,20.876827,1301605.875,100598.18346800003,8.37614814437012
20.833333,1198457.50752,20.833333,1298626.625,100169.11748000002,8.358170135483789
20.790021,1195570.754963,20.790021,1297961.125,102390.37003699993,8.564141403757292
20.746888,1194255.70312,20.746888,1294253.5,99997.79688000004,8.37323168051492
20.703934,1188904.504532,20.703934,1285771.25,96866.74546799995,8.147563164135756
20.661157,1186923.085169,20.661157,1284659.75,97736.66483099991,8.234456474244384
20.618557,1185664.442089,20.618557,1283492.0,97827.55791099998,8.2508637721006
20.576132,1182822.604195,20.576132,1282852.25,100029.6458050001,8.456859502873453
20.533881,1181913.119781,20.533881,1279422.25,97509.13021899993,8.250109808161506
20.491803,1180368.944847,20.491803,1272757.625,92388.68015299994,7.827101903716673
20.449898,1178916.017131,20.449898,1271905.25,92989.23286899994,7.887689327972466
20.408163,1175844.119235,20.408163,1270669.25,94825.13076499989,8.064430413335126
20.366599,1172341.373537,20.366599,1267274.0,94932.62646299996,8.097694801692828
20.325203,1170836.931823,20.325203,1262014.375,91177.44317699992,7.787373347972215
20.283976,1169626.69422,20.283976,1259620.25,89993.55578000005,7.694211856203821
20.242915,1165898.313173,20.242915,1259099.25,93200.936827,7.99391643112966
20.20202,1164167.726631,20.20202,1257200.5,93032.77336900006,7.991354788560305
20.16129,1162143.133217,20.16129,1257048.0,94904.86678300006,8.166366437177842
20.120724,1161143.416551,20.120724,1256429.5,95286.08344900003,8.206228626954012
20.080321,1159654.37338,20.080321,1254659.0,95004.62662,8.192495005481131
20.04008,1158864.836631,20.04008,1248204.25,89339.41336899996,7.709217722812567
20.0,1154616.876589,20.0,1246337.375,91720.49841100001,7.943803721452881
19.96008,1153389.575974,19.96008,1245598.0,92208.42402600008,7.994560202968113
19.920319,1151383.790678,19.920319,1244788.375,93404.58432199992,8.112376175367034
19.880716,1149163.769402,19.880716,1241577.0,92413.23059800011,8.04178073296637
19.84127,1147248.401435,19.84127,1236591.75,89343.34856500011,7.7876202270796595
19.80198,1146424.15375,19.80198,1232728.25,86304.09624999994,7.528112171022892
19.762846,1145618.263924,19.762846,1231937.625,86319.36107599991,7.534740305233674
19.723866,1143585.923354,19.723866,1230398.5,86812.57664599991,7.591259639799436
19.685039,1140043.844423,19.685039,1228463.25,88419.405577,7.755789920671946
19.646365,1139172.152984,19.646365,1227521.5,88349.34701599996,7.755574676274661
19.607843,1136698.23071,19.607843,1225135.875,88437.64428999997,7.780221865460316
19.569472,1134354.311626,19.569472,1221657.875,87303.5633739999,7.696322258330176
19.53125,1133187.517284,19.53125,1221218.875,88031.35771599994,7.768472240763086
19.493177,1132006.083515,19.493177,1220608.0,88601.91648499994,7.826982361250348
19.455253,1129637.108192,19.455253,1211594.75,81957.64180799993,7.255218619648063
19.417476,1128312.922158,19.417476,1211360.75,83047.82784199994,7.360354225418556
19.379845,1127211.231858,19.379845,1208434.75,81223.51814200007,7.205705181638235
19.34236,1125227.2226,19.34236,1206481.625,81254.40240000002,7.221155049221968
19.305019,1124354.788155,19.305019,1203298.5,78943.71184500004,7.02124566699645
19.267823,1122061.26205,19.267823,1203232.75,81171.48794999998,7.2341404783639085
19.230769,1120906.276055,19.230769,1201607.0,80700.72394499998,7.199596047318428
19.193858,1118971.98506,19.193858,1200867.25,81895.2649399999,7.318794932619213
19.157088,1116385.324264,19.157088,1200495.125,84109.80073600006,7.534119170856279
19.120459,1113512.344555,19.120459,1199585.0,86072.65544499992,7.729833967794733
19.083969,1110523.139343,19.083969,1197327.0,86803.86065699998,7.816483743720484
19.047619,1109476.157185,19.047619,1196534.375,87058.2178150001,7.846785823310267
19.011407,1107936.123735,19.011407,1195126.0,87189.87626500009,7.869576088111599
18.975332,1107110.200408,18.975332,1195073.5,87963.29959199997,7.945306579198992
18.939394,1105985.382368,18.939394,1194480.75,88495.36763200001,8.001495231566679
18.903592,1104141.24976,18.903592,1192133.75,87992.50023999996,7.969315543561688
18.867925,1100786.428229,18.867925,1189649.5,88863.07177100005,8.072689623723594
18.832392,1099031.928123,18.832392,1186840.0,87808.07187699992,7.989583344222255
18.796992,1098234.08758,18.796992,1182874.125,84640.03741999995,7.706921354672885
18.761726,1095436.597625,18.761726,1182836.25,87399.65237500006,7.9785222225083565
18.726592,1094286.879236,18.726592,1181060.125,86773.24576400011,7.929661536706237
18.691589,1092048.665712,18.691589,1179930.875,87882.2092879999,8.04746272279926
18.656716,1090297.494288,18.656716,1179789.5,89492.00571199995,8.208035529829512
18.621974,1086498.029584,18.621974,1179768.75,93270.72041600011,8.584527341638323
18.587361,1084157.908572,18.587361,1177136.875,92978.96642800001,8.576146121598411
18.552876,1082499.585187,18.552876,1175609.5,93109.91481300001,8.601381107865775
18.518519,1080859.480314,18.518519,1170626.875,89767.39468599996,8.30518641145856
18.484288,1078409.794414,18.484288,1169369.375,90959.58058600011,8.434602602568802
18.450185,1077147.739148,18.450185,1167270.0,90122.26085199998,8.366750221588424
18.416206,1075271.860573,18.416206,1164329.25,89057.38942699996,8.282313775005914
18.382353,1073917.988289,18.382353,1162546.125,88628.136711,8.252784446995356
18.348624,1070726.683679,18.348624,1160946.5,90219.81632099999,8.426036046006262
18.315018,1068954.19472,18.315018,1158779.125,89824.93027999997,8.40306635435661
18.281536,1066075.455717,18.281536,1154122.75,88047.29428300005,8.259011480925892
18.248175,1064508.382841,18.248175,1153992.125,89483.7421589999,8.406109674794887
18.214936,1063174.50015,18.214936,1153835.125,90660.62485000002,8.527351327294719
18.181818,1061292.215832,18.181818,1153702.625,92410.4091680001,8.707348248621138
18.14882,1059148.064428,18.14882,1152861.25,93713.18557199999,8.847977796438727
18.115942,1056508.079135,18.115942,1152280.25,95772.170865,9.064972881552597
18.083183,1055011.990972,18.083183,1150112.375,95100.38402800006,9.01415195673582
18.050542,1054115.096802,18.050542,1148761.75,94646.65319800004,8.978777885369574
18.018018,1052432.709442,18.018018,1146931.75,94499.0405580001,8.9791052397168
17.985612,1050351.969404,17.985612,1146406.625,96054.65559599991,9.144996952831352
17.953321,1049413.389117,17.953321,1145491.0,96077.61088300007,9.155363546851822
17.921147,1046704.091669,17.921147,1145472.625,98768.53333100001,9.436146673842721
17.889088,1045861.784662,17.889088,1143645.375,97783.59033799998,9.349571020954889
17.857143,1044695.437083,17.857143,1142951.5,98256.06291700003,9.405235193842785
17.825312,1043360.835667,17.825312,1142180.5,98819.66433299996,9.471283659006282
17.793594,1042766.608337,17.793594,1141280.875,98514.26666299999,9.447393680941715
17.761989,1041548.526517,17.761989,1141203.625,99655.09848299995,9.567974601841405
17.730496,1039251.842379,17.730496,1139209.25,99957.40762099996,9.618208363449497
17.699115,1038199.94539,17.699115,1138445.375,100245.42960999999,9.655695904736614
17.667845,1036195.737764,17.667845,1138347.25,102151.51223600004,9.858321986194628
17.636684,1034562.180302,17.636684,1136271.875,101709.69469799998,9.831182372074514
17.605634,1033445.820698,17.605634,1135678.875,102233.05430199997,9.892444505020178
17.574692,1031791.853622,17.574692,1131977.5,100185.64637800003,9.709869876013128
17.54386,1030516.454079,17.54386,1130641.875,100125.42092099995,9.716042914665026
17.513135,1028491.303189,17.513135,1129018.375,100527.071811,9.774226724066592
17.482517,1027376.302086,17.482517,1127148.125,99771.82291400002,9.711322201166391
17.452007,1025382.13026,17.452007,1124000.125,98617.99474,9.617682211313165
17.421603,1023088.611265,17.421603,1123983.0,100894.38873500004,9.861744879580762
17.391304,1020577.692392,17.391304,1122708.25,102130.557608,10.007132075229805
17.361111,1019542.521347,17.361111,1122256.75,102714.22865299997,10.074540934035385
17.331023,1017208.544345,17.331023,1117999.75,100791.20565500006,9.908607847951322
17.301038,1014594.702411,17.301038,1117673.75,103079.04758899997,10.159628011466188
17.271157,1013280.977029,17.271157,1116528.75,103247.77297100006,10.189451426763055
17.241379,1011572.084664,17.241379,1116440.5,104868.41533600003,10.366875176358068
17.211704,1010182.582694,17.211704,1115598.625,105416.04230600002,10.435345462487762
17.182131,1008975.471814,17.182131,1108836.875,99861.40318599995,9.897307315752958
17.152659,1007627.644595,17.152659,1108829.5,101201.85540500004,10.04357670691702
17.123288,1005682.010119,17.123288,1108299.5,102617.48988100002,10.203771057698201
17.094017,1003992.760124,17.094017,1107647.75,103654.98987599998,10.324276627572281
17.064846,1001219.28123,17.064846,1104986.25,103766.96877000004,10.364060172964518
17.035775,999771.68259,17.035775,1104571.25,104799.56741000002,10.482350044012763
17.006803,998418.89355,17.006803,1104035.875,105616.98144999996,10.57842375903624
16.977929,996962.301443,16.977929,1102768.0,105805.69855700003,10.612808368366307
16.949153,995826.507434,16.949153,1100158.75,104332.24256599997,10.476949728405854
16.920474,995001.557551,16.920474,1097616.375,102614.81744899997,10.313030836008547
16.891892,993275.998427,16.891892,1096260.0,102984.00157299999,10.368115381433805
16.863406,992841.222251,16.863406,1095123.125,102281.902749,10.301939570670056
16.835017,990769.767306,16.835017,1094959.625,104189.857694,10.516051370572441
16.806723,988547.711876,16.806723,1094417.625,105869.91312399996,10.709641209232792
16.778523,987521.393661,16.778523,1092180.625,104659.23133900005,10.598173569789807
16.750419,986145.547558,16.750419,1086818.125,100672.57744200004,10.208693604234826
16.722408,985121.899001,16.722408,1080977.375,95855.47599900002,9.730316227484728
16.694491,983013.730832,16.694491,1080390.875,97377.14416799997,9.905980060480154
16.666667,981425.931856,16.666667,1079851.75,98425.81814400002,10.0288585158805
16.638935,979641.517908,16.638935,1079384.875,99743.35709199996,10.181617996856586
16.611296,977137.017453,16.611296,1078548.0,101410.98254700005,10.378378951535105
16.583748,975889.873186,16.583748,1078528.75,102638.87681399996,10.517465098691261
16.556291,974743.511883,16.556291,1075459.75,100716.23811699997,10.332588715818925
16.528926,973486.790602,16.528926,1069787.5,96300.70939800004,9.892348856469651
16.50165,972760.604184,16.50165,1061274.0,88513.39581599995,9.099196188177192
16.474465,971148.002638,16.474465,1061009.5,89861.49736200005,9.253120751718866
16.447368,970061.520845,16.447368,1059074.875,89013.35415499995,9.17605247113217
16.420361,969641.95443,16.420361,1058249.625,88607.67056999996,9.138184477804243
16.393443,968879.056764,16.393443,1056689.5,87810.44323600002,9.063096433241299
16.366612,967090.425215,16.366612,1055418.375,88327.94978499995,9.133370311815794
16.339869,966477.361294,16.339869,1055251.625,88774.26370600006,9.185343315971904
16.313214,965265.514751,16.313214,1053557.0,88291.48524900002,9.146859998595898
16.286645,964394.072626,16.286645,1053062.875,88668.80237399996,9.194250036456461
16.260163,963324.056233,16.260163,1052913.375,89589.31876699999,9.300018844887118
16.233766,962178.151569,16.233766,1050826.0,88647.84843100002,9.213246869765666
16.207455,961052.839681,16.207455,1050719.625,89666.78531900002,9.33005778836915
16.18123,959300.203653,16.18123,1050663.875,91363.67134700005,9.523991655488933
16.155089,956676.094704,16.155089,1048527.4375,91851.34279599995,9.6010910384898
16.129032,955641.650319,16.129032,1048013.25,92371.59968099999,9.665924423675516
16.10306,954692.308559,16.10306,1046790.3125,92098.00394099997,9.6468781737659
16.07717,953357.26437,16.07717,1044653.75,91296.48563000001,9.576314047423846
16.051364,952217.643507,16.051364,1043195.5,90977.85649300006,9.554313251110354
16.025641,951634.668203,16.025641,1042229.75,90595.08179700002,9.519943400976912
16.0,950916.592484,16.0,1039920.75,89004.15751599998,9.359828003789675
15.974441,949234.20265,15.974441,1038458.5625,89224.35985000001,9.399614931795568
15.948963,947596.767591,15.948963,1036096.9375,88500.16990900005,9.33943349490174
15.923567,946923.682929,15.923567,1033447.4375,86523.754571,9.137352474210694
15.898251,946244.280258,15.898251,1029366.75,83122.46974199999,8.784462054485136
15.873016,944628.04782,15.873016,1026199.5,81571.45218000002,8.635298556744058
15.847861,944019.104897,15.847861,1026026.375,82007.27010299999,8.687035005710783
15.822785,943065.0885,15.822785,1025645.75,82580.66150000005,8.756623748139102
15.797788,941296.963272,15.797788,1025081.875,83784.91172800004,8.901007333196857
15.772871,940635.770362,15.772871,1024334.9375,83699.16713800002,8.898148441217446
15.748031,938696.588933,15.748031,1024262.5,85565.91106700001,9.115395973075954
15.72327,938014.822097,15.72327,1023555.9375,85541.11540300003,9.119377795306761
15.698587,936577.99492,15.698587,1021527.875,84949.88008000003,9.070240870570126
15.673981,935729.154758,15.673981,1019254.5,83525.34524199995,8.926230930957948
15.649452,934987.28675,15.649452,1017760.9375,82773.65075000003,8.852917245294302
15.625,933148.26161,15.625,1015210.3125,82062.05088999995,8.794106388669132
15.600624,930834.668739,15.600624,1012084.875,81250.20626100001,8.728747326425811
15.576324,929783.93693,15.576324,1010693.25,80909.31307000003,8.7019478242601
15.5521,929269.277514,15.5521,1008364.5,79095.22248600004,8.511550354661159
15.52795,927811.415121,15.52795,1007413.6875,79602.27237899997,8.579574586137063
15.503876,927137.112705,15.503876,1006895.1875,79758.07479500002,8.602619148995036
15.479876,926444.850267,15.479876,1005647.1875,79202.33723299997,8.549061199938018
15.455951,925692.342114,15.455951,1003386.3125,77693.970386,8.393066124817516
15.432099,924755.174358,15.432099,1003347.5,78592.32564199995,8.498717046548208
15.40832,923549.065227,15.40832,1003276.3125,79727.24727299996,8.632702936405844
15.384615,922782.465727,15.384615,1002304.6875,79522.22177299997,8.617656352014622
15.360983,921754.427191,15.360983,1001275.875,79521.44780900003,8.627183712188682
15.337423,921008.446361,15.337423,999947.25,78938.80363900005,8.570909848969949
15.313936,919642.908838,15.313936,999860.0,80217.09116199997,8.722634665161175
15.29052,918927.222809,15.29052,998400.375,79473.15219099994,8.648470762250833
15.267176,918155.608514,15.267176,997119.6875,78964.07898600004,8.600293703351701
15.243902,916798.035643,15.243902,996996.75,80198.71435699996,8.747697010580119
15.2207,914955.976788,15.2207,996552.75,81596.77321200003,8.918109207663706
15.197568,913899.83454,15.197568,992319.625,78419.79046000005,8.580786153602016
15.174507,912588.281947,15.174507,991276.3125,78688.03055300005,8.622511608972202
15.151515,911722.348149,15.151515,988284.75,76562.40185100003,8.39755677881965
15.128593,909582.278476,15.128593,988274.4375,78692.15902400005,8.651461323086497
15.10574,908741.688292,15.10574,987732.25,78990.56170800002,8.692300873360892
15.082956,906015.217024,15.082956,986276.3125,80261.09547599999,8.858691771164137
15.060241,904473.080104,15.060241,985486.5,81013.41989599995,8.956974140864943
15.037594,902773.727657,15.037594,985448.75,82675.02234300005,9.157889713690428
15.015015,901482.971088,15.015015,983856.625,82373.65391200001,9.137571818198987
14.992504,900613.794002,14.992504,983853.125,83239.33099799999,9.24251122427458
14.97006,899811.659067,14.97006,983773.0625,83961.40343299997,9.330997502306001
14.947683,899480.20088,14.947683,983167.0,83686.79911999998,9.303906749489938
14.925373,898623.704727,14.925373,980915.6875,82291.98277300003,9.15755753382893
14.90313,897130.600678,14.90313,980833.6875,83703.08682199998,9.33008937146297
14.880952,895374.878774,14.880952,980540.8125,85165.93372600002,9.511762697945494
14.858841,894167.490345,14.858841,980171.6875,86004.19715499994,9.618354288615057
14.836795,893771.739228,14.836795,979153.5625,85381.82327199995,9.552978632525228
14.814815,892985.795374,14.814815,978802.875,85817.07962600002,9.610128186872014
14.792899,891809.504305,14.792899,978409.9375,86600.43319500005,9.7106425505623
14.771049,891154.433446,14.771049,973482.6875,82328.25405400002,9.238382368322554
14.749263,889492.825642,14.749263,971795.875,82303.04935800005,9.252806429169008
14.727541,888921.137032,14.727541,969231.9375,80310.800468,9.034637283589413
14.705882,886903.047011,14.705882,968526.6875,81623.64048900001,9.203220212635898
14.684288,885852.890629,14.684288,965809.8125,79956.92187099997,9.025981934113975
14.662757,884087.623594,14.662757,965474.0,81386.376406,9.205691181960841
14.641288,883077.073439,14.641288,964265.0,81187.92656099994,9.193753184512737
14.619883,882306.752178,14.619883,962538.6875,80231.93532199995,9.093428688372276
14.59854,881330.613985,14.59854,960461.625,79131.01101500005,8.978584172539234
14.577259,880040.287111,14.577259,959631.1875,79590.90038899996,9.044006456827255
14.556041,878477.760125,14.556041,958599.875,80122.11487499997,9.120562695132914
14.534884,877578.201841,14.534884,956399.9375,78821.735659,8.981733535956828
14.513788,875957.26228,14.513788,953734.375,77777.11271999998,8.879099023342363
14.492754,874545.983524,14.492754,951094.5625,76548.57897599996,8.75295072164713
14.47178,873062.677707,14.47178,949289.6875,76227.00979299995,8.73098939393464
14.450867,872193.217478,14.450867,949050.3125,76857.09502200002,8.81193449821096
14.430014,870250.966519,14.430014,948609.9375,78358.97098099999,9.0041808622673
14.409222,869498.386056,14.409222,948379.3125,78880.92644399998,9.072003779305424
14.388489,868680.71115,14.388489,945625.3125,76944.60135000001,8.857638987763083
14.367816,867315.50023,14.367816,945608.875,78293.37477,9.027092764886328
14.347202,866087.49634,14.347202,944940.125,78852.62866000005,9.104464501938136
14.326648,864011.640243,14.326648,942189.5,78177.859757,9.048241495335962
14.306152,863123.6536,14.306152,941587.875,78464.22140000004,9.090727739036446
14.285714,861968.958875,14.285714,940344.0,78375.04112499999,9.092559577469157
14.265335,860460.172535,14.265335,938108.125,77647.95246499998,9.024003079217659
14.245014,859419.460132,14.245014,938098.0,78678.53986799996,9.154847372890016
14.224751,858003.521643,14.224751,935539.9375,77536.41585700004,9.036841213486484
14.204545,857190.349398,14.204545,934410.75,77220.40060199995,9.008547594619024
14.184397,855804.55812,14.184397,933681.625,77877.06688000006,9.099865867865619
14.164306,855173.78837,14.164306,933444.0,78270.21163000003,9.152550358119209
14.144272,854039.505564,14.144272,932158.8125,78119.30693600001,9.147036691752417
14.124294,852738.075467,14.124294,931254.9375,78516.86203299998,9.207617707230959
14.104372,851603.304009,14.104372,929137.625,77534.32099100004,9.104511528548583
14.084507,850909.874826,14.084507,927552.6875,76642.81267400004,9.007159858107476
14.064698,850383.016134,14.064698,927516.25,77133.23386599997,9.070410909270278
14.044944,848872.01333,14.044944,926370.0625,77498.04917000001,9.129532833340397
14.025245,847454.003732,14.025245,926125.9375,78671.93376799999,9.28332787638576
14.005602,846051.109379,14.005602,923504.4375,77453.32812099997,9.154686668734536
13.986014,844773.464666,13.986014,922698.0625,77924.59783400001,9.224318837335787
13.96648,842004.178799,13.96648,920410.3125,78406.13370100001,9.311846149366538
13.947001,841674.82785,13.947001,919203.25,77528.42215,9.211208365116606
13.927577,839741.642869,13.927577,916002.125,76260.48213100003,9.08142198003353
13.908206,838205.836962,13.908206,915533.1875,77327.350538,9.225341452913986
13.888889,836647.395271,13.888889,913528.875,76881.47972900001,9.189233142128792
13.869626,835529.446461,13.869626,913473.125,77943.67853899999,9.328657280619034
13.850416,834931.764106,13.850416,913465.25,78533.48589400004,9.405976544453242
13.831259,833984.241646,13.831259,913217.6875,79233.44585400005,9.500592684775471
13.812155,833532.535762,13.812155,912794.9375,79262.40173799999,9.509215098069298
13.793103,832241.65305,13.793103,912295.375,80053.72195000004,9.619047743719518
13.774105,830929.668973,13.774105,911837.1875,80907.51852699998,9.73698756321926
13.755158,829601.06399,13.755158,911656.8125,82055.74850999995,9.890988822428637
13.736264,828575.998748,13.736264,911554.3125,82978.31375199999,10.014568835856021
13.717421,827582.827262,13.717421,911142.75,83559.92273800005,10.096865230330145
13.69863,826043.162643,13.69863,910013.625,83970.46235699998,10.16538434726932
13.679891,823778.573207,13.679891,908780.9375,85002.36429299996,10.318593740801324
13.661202,823061.899778,13.661202,907686.3125,84624.41272200004,10.281658371603074
13.642565,822025.358387,13.642565,907185.25,85159.89161299996,10.359764543043168
13.623978,821181.849409,13.623978,906334.375,85152.52559099998,10.369508976882987
13.605442,820281.744548,13.605442,905924.375,85642.63045199995,10.440635918234609
13.586957,819364.857804,13.586957,905461.9375,86097.07969599997,10.507782812012573
13.568521,818337.976093,13.568521,905378.375,87040.39890699997,10.636240948093096
13.550136,817820.122313,13.550136,903917.9375,86097.81518699997,10.527720318680078
13.5318,817234.570775,13.5318,903727.5625,86492.99172499997,10.5836188064067
13.513514,816238.664548,13.513514,903636.8125,87398.14795200003,10.70742562782144
13.495277,815640.21547,13.495277,903623.875,87983.65952999995,10.787067368827655
13.477089,814618.323411,13.477089,903566.1875,88947.86408900004,10.918961866282881
13.45895,813786.229034,13.45895,901986.625,88200.39596600004,10.838275805022873
13.44086,813141.828244,13.44086,900553.125,87411.29675600003,10.749821706351879
13.422819,812139.066106,13.422819,900446.875,88307.80889400002,10.873483690104143
13.404826,811000.968323,13.404826,898273.375,87272.40667699999,10.761073054877258
13.386881,810713.145592,13.386881,898112.0625,87398.91690800001,10.780498303648384
13.368984,809670.145965,13.368984,897034.3125,87364.16653499997,10.790093591863334
13.351135,808560.70566,13.351135,896628.75,88068.04434000002,10.891952048067083
13.333333,807692.883963,13.333333,895950.5625,88257.67853699997,10.927133355930744
13.315579,806754.940636,13.315579,895929.5,89174.55936399999,11.053487852668098
13.297872,805691.662339,13.297872,894493.875,88802.21266099997,11.021860695839726
13.280212,804580.541309,13.280212,894294.6875,89714.146191,11.150424548553083
13.262599,803437.925976,13.262599,893652.375,90214.44902399997,11.228552462769205
13.245033,802695.943406,13.245033,892356.3125,89660.36909399997,11.16990434927988
13.227513,801632.257647,13.227513,891699.125,90066.86735299998,11.23543451424594
13.21004,800040.891466,13.21004,890804.0625,90763.171034,11.344816496527445
13.192612,799328.022686,13.192612,890185.375,90857.35231400002,11.366716758995889
13.175231,798089.498857,13.175231,889092.6875,91003.18864299997,11.402629501244162
13.157895,797041.59298,13.157895,885958.25,88916.65702000004,11.155836508802022
13.140604,796399.367166,13.140604,885714.375,89315.00783400005,11.21485168324894
13.12336,795406.904208,13.12336,885304.0625,89897.15829199995,11.302033942176056
13.10616,794004.246853,13.10616,885186.25,91182.00314699998,11.48381806626296
13.089005,793279.282414,13.089005,883348.125,90068.84258599998,11.353989015308038
13.071895,792396.478705,13.071895,882844.75,90448.27129499998,11.414522114335748
13.05483,792093.52595,13.05483,882704.875,90611.34904999996,11.439476031738163
13.03781,790588.929367,13.03781,879924.5,89335.570633,11.29987624599401
13.020833,789714.967138,13.020833,879139.4375,89424.47036200005,11.323638791611435
13.003901,789017.119196,13.003901,878600.5625,89583.44330399996,11.353802233756921
12.987013,787100.018135,12.987013,877084.5625,89984.54436499998,11.4324154861811
12.970169,786572.545927,12.970169,876439.125,89866.579073,11.425084633114096
12.953368,785918.227887,12.953368,876303.125,90384.89711300004,11.50054724599105
12.936611,784461.155544,12.936611,873204.75,88743.59445600002,11.312681810797761
12.919897,783364.634732,12.919897,872687.8125,89323.17776800005,11.402503228724228
12.903226,782714.721316,12.903226,872481.8125,89767.09118400002,11.46868568321701
12.886598,782210.589555,12.886598,872216.1875,90005.59794500005,11.50656858227965
12.870013,780596.152328,12.870013,870618.5,90022.34767199995,11.532512350147135
12.85347,779514.692926,12.85347,870445.0625,90930.36957400001,11.664997516939955
12.83697,779236.33726,12.83697,870232.75,90996.41274000006,11.677639810788007
12.820513,778617.281981,12.820513,870107.6875,91490.40551900002,11.75036922969719
12.804097,776868.620248,12.804097,867826.0625,90957.44225199998,11.708214218121412
12.787724,775615.438343,12.787724,867103.9375,91488.49915699998,11.795600581707486
12.771392,775153.01239,12.771392,865316.5,90163.48760999995,11.631701892249929
12.755102,774498.223731,12.755102,864983.875,90485.65126900002,11.683132187586223
12.738854,773638.871572,12.738854,863692.75,90053.87842800003,11.64029907714106
12.722646,772755.116345,12.722646,863470.75,90715.63365500001,11.73924723838381
12.70648,772130.45468,12.70648,863008.125,90877.67032000003,11.769730072059284
12.690355,771209.307214,12.690355,859088.125,87878.81778599997,11.39493740077683
12.674271,769994.953878,12.674271,855655.875,85660.92112199997,11.124867856675891
12.658228,769119.391427,12.658228,854978.0,85858.60857299995,11.163235452131895
12.642225,768284.567239,12.642225,854816.5,86531.932761,11.263005460590154
12.626263,767774.827328,12.626263,854366.625,86591.79767200002,11.278280374645215
12.61034,767445.913881,12.61034,853408.0625,85962.14861899999,11.20106929546168
12.594458,766239.109252,12.594458,851397.75,85158.640748,11.11384680313846
12.578616,765069.674063,12.578616,851196.3125,86126.63843699999,11.257358820617409
12.562814,764565.87235,12.562814,850887.6875,86321.81515000004,11.290304507664969
12.547051,763736.954738,12.547051,850243.4375,86506.48276200006,11.32673785461594
12.531328,762764.043017,12.531328,850179.6875,87415.64448300004,11.460378249771768
12.515645,761882.049298,12.515645,849790.0625,87908.01320199994,11.538270692031476
12.5,761145.414112,12.5,849687.75,88542.33588799997,11.632775320770868
12.484395,760134.236594,12.484395,849168.6875,89034.45090599998,11.712990498223634
12.468828,758923.050828,12.468828,848271.25,89348.19917200005,11.773024824390221
12.4533,758353.248776,12.4533,848221.875,89868.626224,11.850496634523566
12.437811,757035.084148,12.437811,848032.5,90997.415852,12.02023760291274
12.42236,756360.859082,12.42236,847217.4375,90856.57841800002,12.012332119918689
12.406948,755149.954042,12.406948,846757.375,91607.420958,12.1310238407172
12.391574,754093.082991,12.391574,846128.875,92035.79200899997,12.204831748880848
12.376238,753715.051367,12.376238,843906.75,90191.69863300002,11.966285994875768
12.360939,753231.158381,12.360939,843422.5625,90191.40411899996,11.973934311594059
12.345679,752456.446638,12.345679,840415.0,87958.55336200004,11.689520869281104
12.330456,751652.95441,12.330456,837918.8125,86265.85809,11.476820197921423
12.315271,750723.052465,12.315271,837332.3125,86609.26003500004,11.536779075934653
12.300123,750370.426974,12.300123,836790.8125,86420.38552600006,11.517029778812764
12.285012,750018.824589,12.285012,834832.0625,84813.23791100003,11.308147893151418
12.269939,749388.320397,12.269939,834588.6875,85200.36710300006,11.369321456446487
12.254902,748844.836638,12.254902,834411.5,85566.66336200002,11.42648772824001
12.239902,748261.429989,12.239902,832936.9375,84675.50751100003,11.316299907673288
12.224939,747288.036994,12.224939,831737.125,84449.08800600003,11.30074132401481
12.210012,746763.717925,12.210012,831234.75,84471.032075,11.311614376461138
12.195122,746031.098042,12.195122,829779.25,83748.15195800003,11.225825864069435
12.180268,745152.980781,12.180268,829467.75,84314.76921900001,11.315095207782583
12.16545,743675.891455,12.16545,828671.6875,84995.79604499997,11.429145010833402
12.150668,742857.584616,12.150668,827053.9375,84196.35288400005,11.33411768657152
12.135922,742391.490705,12.135922,826618.0,84226.509295,11.345295622262004
12.121212,741687.848528,12.121212,825341.0,83653.15147200006,11.27875448384699
12.106538,740363.34556,12.106538,824163.8125,83800.46693999995,11.318829793851357
12.091898,739282.90985,12.091898,824025.5625,84742.65264999995,11.462817755004531
12.077295,738251.244494,12.077295,822799.9375,84548.69300600002,11.45256355970656
12.062726,737916.475047,12.062726,822570.0625,84653.58745300001,11.471974175343922
12.048193,737149.860729,12.048193,822418.8125,85268.95177100005,11.567383555722826
12.033694,735834.218579,12.033694,820509.5625,84675.34392100002,11.50739416339187
12.019231,735077.040202,12.019231,820184.25,85107.20979800005,11.577998650945826
12.004802,734673.110454,12.004802,819912.125,85239.01454600005,11.60230493441166
11.990408,733917.345826,11.990408,818558.375,84641.02917400002,11.532774045385086
11.976048,733633.832153,11.976048,817042.875,83409.04284699995,11.369301576812356
11.961722,732780.22371,11.961722,816990.75,84210.52628999995,11.491921256232827
11.947431,732087.930142,11.947431,816072.5,83984.56985800003,11.471923849599582
11.933174,731368.839892,11.933174,815052.3125,83683.47260800004,11.442034175308514
11.918951,730672.262882,11.918951,813096.625,82424.36211800005,11.280620095375262
11.904762,730442.767138,11.904762,811838.4375,81395.670362,11.143333060976454
11.890606,729282.338978,11.890606,809649.375,80367.03602200001,11.020016765334613
11.876485,728273.354781,11.876485,809039.5,80766.14521900006,11.09008652984254
11.862396,727671.897669,11.862396,808423.4375,80751.53983100003,11.097245900202665
11.848341,726890.933377,11.848341,808388.6875,81497.75412299996,11.211827026700767
11.83432,725935.346351,11.83432,806751.25,80815.90364899999,11.13265858388501
11.820331,725462.539575,11.820331,806092.375,80629.83542500006,11.114265868536188
11.806375,724370.921744,11.806375,805906.1875,81535.26575599995,11.256010326821944
11.792453,723736.476859,11.792453,804346.125,80609.64814099995,11.137983329352695
11.778563,723203.443245,11.778563,802277.5,79074.05675500003,10.933860657548346
11.764706,722612.794324,11.764706,801315.1875,78702.39317599998,10.891364475441597
11.750881,722278.270615,11.750881,801147.625,78869.35438499996,10.919524730800067
11.737089,721626.78487,11.737089,800109.125,78482.34013000003,10.875752088960848
11.723329,720746.251588,11.723329,799978.625,79232.37341200002,10.993102390394615
11.709602,720371.996935,11.709602,798843.375,78471.37806500006,10.89317441528486
11.695906,719654.373888,11.695906,798045.125,78390.75111199997,10.892833276130402
11.682243,718725.905791,11.682243,797785.875,79059.969209,11.000016636660657
11.668611,718102.004696,11.668611,797347.8125,79245.80780399998,11.035452802773856
11.655012,717333.574306,11.655012,795926.625,78593.05069399998,10.956276620683276
11.641444,716142.26649,11.641444,795358.25,79215.98351000005,11.061486972170801
11.627907,715553.475728,11.627907,795174.375,79620.89927199995,11.127176650353645
11.614402,715123.977317,11.614402,795163.625,80039.64768299996,11.192415612086236
11.600928,713922.55256,11.600928,794784.9375,80862.38494000002,11.326492579628114
11.587486,713453.833949,11.587486,794344.5,80890.66605100001,11.33789773099493
11.574074,713003.451568,11.574074,794037.25,81033.79843199998,11.36513410331951
11.560694,712077.700337,11.560694,794033.4375,81955.73716300004,11.50938122682587
11.547344,711225.507036,11.547344,791104.5,79878.99296399998,11.231176634383102
11.534025,710691.998136,11.534025,790506.375,79814.37686399999,11.230515761164725
11.520737,710214.186142,11.520737,788089.8125,77875.62635799998,10.965090232994804
11.50748,709438.050741,11.50748,786986.4375,77548.38675900002,10.930959606409834
11.494253,708980.648456,11.494253,786605.3125,77624.66404399998,10.948770493672711
11.481056,708491.550825,11.481056,786171.0625,77679.51167499996,10.964070296187213
11.46789,708145.29178,11.46789,784810.5625,76665.27072000003,10.826206374583606
11.454754,707280.395071,11.454754,784709.1875,77428.79242900002,10.947396954389973
11.441648,706396.959077,11.441648,784581.4375,78184.47842299996,11.068065542801628
11.428571,706005.278204,11.428571,784112.75,78107.47179600003,11.063298562681695
11.415525,705403.750444,11.415525,783527.75,78123.999556,11.075075728875365
11.402509,704969.347089,11.402509,782135.6875,77166.34041099995,10.946056127069872
11.389522,704563.172201,11.389522,781664.125,77100.95279899996,10.943085849653855
11.376564,703946.074066,11.376564,780406.5,76460.42593400006,10.861687954641729
11.363636,703654.08055,11.363636,780001.5625,76347.48195000004,10.850144134789108
11.350738,703383.252757,11.350738,779895.375,76512.12224299996,10.877728740782636
11.337868,702420.243548,11.337868,777823.375,75403.131452,10.734760585932248
11.325028,701992.421263,11.325028,777304.125,75311.703737,10.728278747155395
11.312217,700820.89875,11.312217,776256.4375,75435.53874999995,10.763882596045363
11.299435,700229.98986,11.299435,776038.3125,75808.32264000003,10.826203352866495
11.286682,699359.995977,11.286682,775872.4375,76512.44152300002,10.940351458923924
11.273957,698928.002305,11.273957,774753.875,75825.87269500003,10.848881779658749
11.261261,698185.957565,11.261261,774226.4375,76040.47993499995,10.891150002529333
11.248594,697520.26712,11.248594,774197.1875,76676.92038000003,10.992787449258257
11.235955,696696.367011,11.235955,773354.75,76658.38298899995,11.003126558257135
11.223345,695776.052786,11.223345,771331.4375,75555.38471400004,10.859152799448047
11.210762,695137.610209,11.210762,770184.625,75047.01479100005,10.79599401454288
11.198208,694817.131505,11.198208,770155.0,75337.86849499994,10.842834046393659
11.185682,693496.470627,11.185682,769290.3125,75793.84187300003,10.929232531561947
11.173184,692666.082189,11.173184,767442.375,74776.29281100002,10.795431555517778
11.160714,692179.167105,11.160714,767260.375,75081.207895,10.847077095518907
11.148272,692082.803469,11.148272,766283.5625,74200.75903099997,10.721370139393095
11.135857,691649.497294,11.135857,765726.3125,74076.815206,10.710166854138855
11.123471,691423.220001,11.123471,765406.6875,73983.46749900002,10.70017109042028
11.111111,691105.069412,11.111111,765282.5,74177.43058799999,10.733162563994934
11.098779,689989.74362,11.098779,764388.3125,74398.56888000004,10.782561562389509
11.086475,689473.797572,11.086475,762261.0,72787.20242800005,10.55692075381575
11.074197,688932.731534,11.074197,759952.8125,71020.08096599998,10.308710519220703
11.061947,687961.384132,11.061947,759814.625,71853.24086799996,10.444371228576601
11.049724,687617.268416,11.049724,758911.3125,71294.04408400005,10.36827423607809
11.037528,686670.744644,11.037528,758116.6875,71445.94285600004,10.404687168235299
11.025358,686334.441973,11.025358,756960.0625,70625.62052700005,10.290263202291461
11.013216,685794.975518,11.013216,755737.25,69942.27448200004,10.198714919013616
11.0011,685101.629539,11.0011,754975.875,69874.24546100001,10.199106592115085
10.989011,684762.942596,10.989011,753812.75,69049.80740399996,10.083753531145497
10.976948,684127.619348,10.976948,753083.5,68955.88065199996,10.079388509079282
10.964912,683817.247749,10.964912,753060.375,69243.12725100003,10.125969691307963
10.952903,683044.3987,10.952903,751746.25,68701.85129999998,10.058182371564184
10.940919,682244.846077,10.940919,750535.375,68290.52892299998,10.009680441806154
10.928962,681551.851181,10.928962,749207.25,67655.398819,9.926669365179777
10.917031,680698.760246,10.917031,748334.0625,67635.30225399998,9.936157696182233
10.905125,679487.828251,10.905125,748211.3125,68723.48424899997,10.11401255352786
10.893246,679096.754601,10.893246,748178.375,69081.620399,10.172574074454028
10.881393,678631.942221,10.881393,747402.4375,68770.49527900002,10.13369560146707
10.869565,678236.59126,10.869565,746173.125,67936.53373999998,10.016642365725254
10.857763,677732.674698,10.857763,745277.0,67544.32530200004,9.96621939942589
10.845987,676952.943428,10.845987,742987.375,66034.43157200003,9.75465609730721
10.834236,676153.686726,10.834236,742655.5,66501.81327399996,9.835310311773645
10.822511,675395.122004,10.822511,742341.75,66946.627996,9.91221668841184
10.810811,675155.747425,10.810811,742026.6875,66870.94007500005,9.904520598401401
10.799136,674510.576883,10.799136,741524.25,67013.67311700003,9.935155268680711
10.787487,673828.099583,10.787487,741196.5,67368.40041700006,9.997861540456853
10.775862,672923.861339,10.775862,741126.125,68202.26366099995,10.135212552173353
10.764263,672501.24295,10.764263,741111.4375,68610.19455000001,10.202240556319854
10.752688,672208.073117,10.752688,740937.0,68728.92688299995,10.224353088219672
10.741139,671024.742981,10.741139,739106.875,68082.13201900001,10.145994276835147
10.729614,670690.79946,10.729614,738968.5,68277.70053999999,10.18020533381002
10.718114,670395.175564,10.718114,738423.625,68028.44943599997,10.14751476675947
10.706638,670014.997841,10.706638,737607.5,67592.50215900003,10.088207335179723
10.695187,668963.544637,10.695187,736373.625,67410.08036300004,10.07679430417674
10.683761,668657.264023,10.683761,736042.25,67384.98597699997,10.077657060296605
10.672359,667702.598431,10.672359,735508.25,67805.65156899998,10.155067799396466
10.660981,667214.736395,10.660981,734564.3125,67349.57610499999,10.094137978560495
10.649627,666605.709212,10.649627,734279.125,67673.41578799998,10.151940622890447
10.638298,665927.964796,10.638298,733017.0,67089.03520399996,10.074518378958896
10.626993,665480.896281,10.626993,732869.375,67388.478719,10.126282977557503
10.615711,665076.922204,10.615711,731986.0,66909.07779600006,10.060351752135665
10.604454,664504.745871,10.604454,731524.8125,67020.06662900001,10.085716775604576
10.59322,663794.407932,10.59322,731096.9375,67302.529568,10.139062451230316
10.582011,663124.690699,10.582011,730329.625,67204.93430099997,10.134584829009945
10.570825,662342.071504,10.570825,729561.375,67219.30349600001,10.14872924248389
10.559662,660897.407026,10.559662,728664.4375,67767.03047400003,10.253789734014502
10.548523,660149.708435,10.548523,727764.5,67614.79156499996,10.242342108321552
10.537408,659600.14531,10.537408,726418.375,66818.22968999995,10.130111426612345
10.526316,658520.543714,10.526316,724574.75,66054.20628599997,10.030697890374057
10.515247,658225.056148,10.515247,724486.0,66260.94385200005,10.06660916856703
10.504202,657681.542029,10.504202,724099.4375,66417.895471,10.098792687125671
10.493179,656559.465816,10.493179,723830.5625,67271.09668399999,10.24600210437795
10.48218,655611.049348,10.48218,722002.6875,66391.63815200003,10.126680783984039
10.471204,655159.397868,10.471204,721860.0,66700.60213200003,10.18082047652146
10.460251,654700.582129,10.460251,721302.875,66602.29287100001,10.172939308289315
10.449321,654209.645339,10.449321,720652.0,66442.35466099996,10.156125812937333
10.438413,653591.51242,10.438413,718970.5,65378.98757999996,10.00303497484637
10.427529,653071.245707,10.427529,718388.0,65316.754292999976,10.001474528600559
10.416667,652736.365093,10.416667,717179.9375,64443.572407,9.872833176349577
10.405827,652298.580261,10.405827,717114.6875,64816.10723900003,9.936570337630597
10.39501,651676.360119,10.39501,717058.25,65381.88988100004,10.03287734252949
10.384216,651252.455559,10.384216,714825.0625,63572.606940999976,9.761591898556862
10.373444,650814.638673,10.373444,713899.875,63085.23632699996,9.69327248932656
10.362694,650438.184884,10.362694,713872.375,63434.19011600001,9.75253169174146
10.351967,650126.204721,10.351967,713486.25,63360.045278999954,9.745807016991533
10.341262,649815.444744,10.341262,713269.6875,63454.24275600002,9.764963770751606
10.330579,649176.684915,10.330579,713172.3125,63995.62758500001,9.857967649189263
10.319917,648633.417602,10.319917,712882.0,64248.58239800006,9.905222372835382
10.309278,648118.603708,10.309278,711474.1875,63355.58379199996,9.775307085698755
10.298661,646859.507426,10.298661,711171.75,64312.24257400003,9.94222730526339
10.288066,645635.047937,10.288066,710286.25,64651.202062999946,10.013583102339343
10.277492,644993.381165,10.277492,709141.125,64147.74383499997,9.945488699300299
10.26694,644335.319165,10.26694,708311.625,63976.30583500001,9.929039109311512
10.25641,643206.968126,10.25641,707562.375,64355.40687399998,10.005396406307772
10.245902,642295.349079,10.245902,707188.1875,64892.83842100005,10.103270794977915
10.235415,641720.766487,10.235415,704927.5625,63206.796012999956,9.849579336354607
10.224949,641411.978525,10.224949,703953.875,62541.89647499996,9.750659259407998
10.214505,640839.830406,10.214505,703307.75,62467.91959399998,9.747821004575172
10.204082,640574.822546,10.204082,702045.625,61470.80245399999,9.59619396367795
10.19368,640087.669967,10.19368,701644.0625,61556.39253299998,9.616868972991394
10.183299,639745.101519,10.183299,700371.625,60626.52348099998,9.476668650850062
10.17294,639095.257129,10.17294,699846.0,60750.742870999966,9.505741467071717
10.162602,638498.050039,10.162602,699339.4375,60841.387461000006,9.528829016358587
10.152284,638074.124023,10.152284,699193.625,61119.50097699999,9.578746210808085
10.141988,637619.033768,10.141988,698219.25,60600.216232000035,9.504141661813948
10.131712,637148.840845,10.131712,698010.125,60861.284155,9.552129777758758
10.121457,636661.883669,10.121457,697916.125,61254.241331,9.62115730535017
10.111223,636388.039339,10.111223,697009.375,60621.33566099999,9.525844596948401
10.10101,635596.515017,10.10101,696391.1875,60794.67248299997,9.56497888937826
10.090817,635062.238834,10.090817,696378.375,61316.13616600004,9.655138097736524
10.080645,634785.136674,10.080645,694967.3125,60182.17582600005,9.480715969710424
10.070493,634181.83337,10.070493,694553.8125,60371.97912999999,9.519663912349447
10.060362,633854.935801,10.060362,693995.3125,60140.376699000015,9.488034769816986
10.050251,633534.045706,10.050251,693990.125,60456.079294000054,9.542672521510474
10.040161,633176.491129,10.040161,693901.5625,60725.07137100003,9.590544219783457
10.03009,632509.918915,10.03009,693712.875,61202.956084999954,9.676204950269678
10.02004,631830.212097,10.02004,693530.5,61700.28790300002,9.7653272543301
10.01001,631484.545142,10.01001,693357.75,61873.20485800004,9.79805528638659
10.0,630743.715875,10.0,692873.5625,62129.846625000006,9.850252180286933
9.99001,629776.516024,9.99001,691923.125,62146.60897599999,9.868041661564856
9.98004,629545.116571,9.98004,690143.5625,60598.44592900004,9.625751091370075
9.97009,629270.732668,9.97009,690105.125,60834.39233199996,9.667443466514415
9.960159,628954.87497,9.960159,689838.75,60883.875029999996,9.680165851787704
9.950249,628568.209853,9.950249,689193.4375,60625.22764699999,9.644971969100713
9.940358,627995.187527,9.940358,688181.375,60186.18747300003,9.583861256964232
9.930487,627510.940659,9.930487,687116.1875,59605.246841000044,9.498678505653423
9.920635,626740.189918,9.920635,686173.0625,59432.87258199998,9.482856459193389
9.910803,626266.934068,9.910803,686088.8125,59821.878432000056,9.552137463720001
9.90099,625715.673113,9.90099,686064.625,60348.951887,9.644788276879456
9.891197,625180.67441,9.891197,685380.1875,60199.51309000002,9.629138512128826
9.881423,624451.070856,9.881423,684792.1875,60341.11664400005,9.663065604369004
9.871668,623752.135912,9.871668,684122.875,60370.73908800003,9.678642462639557
9.861933,622972.325573,9.861933,683916.75,60944.42442699999,9.78284619159355
9.852217,622381.703937,9.852217,683846.5,61464.79606299999,9.875739546036158
9.84252,622013.240515,9.84252,682228.9375,60215.696985000046,9.680774148013965
9.832842,621650.848131,9.832842,681575.0,59924.15186900005,9.639519040175474
9.823183,621210.336976,9.823183,681473.5625,60263.22552400001,9.700937337481594
9.813543,620773.523928,9.813543,681366.4375,60592.91357199999,9.760872723532554
9.803922,620312.738987,9.803922,680265.4375,59952.69851300004,9.664914928380423
9.794319,619751.848344,9.794319,679958.0,60206.15165599994,9.714557821307515
9.784736,618942.963474,9.784736,679666.25,60723.28652600001,9.810804889867825
9.775171,618304.884565,9.775171,676876.625,58571.74043500004,9.472954507905497
9.765625,617351.494172,9.765625,676801.5,59450.00582800002,9.62984724087129
9.756098,617104.959678,9.756098,676458.9375,59353.977822000044,9.618133332289283
9.746589,616178.1195,9.746589,676184.625,60006.50549999997,9.738499891669711
9.737098,615203.54993,9.737098,675779.75,60576.20007000002,9.846529669227785
9.727626,614705.085787,9.727626,675286.0625,60580.97671299998,9.855291279303284
9.718173,614157.352778,9.718173,674888.625,60731.27222200006,9.888552493476805
9.708738,613402.284117,9.708738,673987.0,60584.715883000055,9.876832455916347
9.699321,612909.302627,9.699321,673701.625,60792.32237299997,9.918648992997342
9.689922,612751.088711,9.689922,673375.125,60624.03628899995,9.893745993422929
9.680542,612540.572116,9.680542,673361.625,60821.052884000004,9.929310098414511
9.67118,611783.882667,9.67118,672348.125,60564.242332999944,9.89961390760692
9.661836,611005.177313,9.661836,672276.75,61271.572687000036,10.027995663875105
9.65251,610605.599674,9.65251,670729.625,60124.025325999944,9.846622002500457
9.643202,610106.116407,9.643202,670145.0625,60038.946093000006,9.840738271331835
9.633911,609460.145267,9.633911,669881.8125,60421.667233000044,9.913965285872756
9.624639,609069.199257,9.624639,668879.0625,59809.863243,9.81987979624675
9.615385,608572.649478,9.615385,668532.875,59960.22552199999,9.852599451097673
9.606148,607815.688076,9.606148,668162.0,60346.31192400004,9.92838998858721
9.596929,607452.962413,9.596929,667399.6875,59946.72508700006,9.868537779266438
9.587728,607316.921467,9.587728,667080.75,59763.82853299996,9.840632859140147
9.578544,606933.608374,9.578544,666540.375,59606.766626000055,9.82096983979665
9.569378,606043.02657,9.569378,664060.375,58017.34843000001,9.573140170980718
9.560229,605911.323575,9.560229,663981.1875,58069.863924999954,9.583888213604583
9.551098,605271.588318,9.551098,662882.0,57610.411682000034,9.518109356841716
9.541985,604762.285035,9.541985,662679.25,57916.96496500005,9.576814956582183
9.532888,604461.366463,9.532888,662005.375,57544.008537000045,9.519881952707461
9.52381,604252.662772,9.52381,661927.1875,57674.52472800005,9.54476964378097
9.514748,603857.407733,9.514748,661190.4375,57333.029767,9.494464923803704
9.505703,603410.178225,9.505703,660937.9375,57527.75927499996,9.533773434883786
9.496676,602649.341988,9.496676,659780.375,57131.03301200003,9.479979323222695
9.487666,602395.465446,9.487666,659581.25,57185.78455400001,9.493063582684998
9.478673,601771.496973,9.478673,656815.875,55044.378027,9.147056366724145
9.469697,601647.277415,9.469697,656634.3125,54987.03508499998,9.139413930576373
9.460738,600904.663,9.460738,655762.75,54858.08700000006,9.129249676000612
9.451796,599594.672851,9.451796,652939.6875,53345.01464900002,8.896845996871678
9.442871,599142.01619,9.442871,652719.5,53577.483810000005,8.942367979916385
9.433962,598582.880012,9.433962,651589.875,53006.99498800002,8.855414472752274
9.425071,598067.841775,9.425071,651167.875,53100.03322500002,8.87859696107467
9.416196,597541.73716,9.416196,651056.875,53515.13783999998,8.955882829933696
9.407338,597174.133035,9.407338,651045.25,53871.11696500005,9.021006434289529
9.398496,596852.060765,9.398496,650536.3125,53684.251735000056,8.994565867158375
9.389671,596512.964868,9.389671,650452.75,53939.78513199999,9.042516811673341
9.380863,596362.724708,9.380863,650053.75,53691.025292000035,9.003082028355987
9.372071,595921.432285,9.372071,649594.8125,53673.38021500001,9.006788027273144
9.363296,595249.315006,9.363296,647751.3125,52501.99749400001,8.82016932576744
9.354537,594657.118809,9.354537,645417.75,50760.63119099999,8.536117635767173
9.345794,594356.292534,9.345794,644828.75,50472.45746599999,8.491953075959522
9.337068,593847.073873,9.337068,644801.9375,50954.86362700001,8.580468923535895
9.328358,593336.627957,9.328358,643014.75,49678.12204299995,8.372670707024039
9.319664,593028.224907,9.319664,642771.25,49743.02509300003,8.387969240553575
9.310987,592238.351429,9.310987,642746.9375,50508.58607099997,8.528422036352225
9.302326,591548.390403,9.302326,642264.875,50716.484596999944,8.573514089430398
9.29368,590631.495785,9.29368,642025.875,51394.379214999964,8.701598133823259
9.285051,590098.092393,9.285051,641870.875,51772.78260699997,8.773589217522797
9.276438,589817.739659,9.276438,641817.75,52000.010341000045,8.816284564628996
9.267841,589446.849017,9.267841,641409.4375,51962.58848300006,8.815483290759168
9.259259,588969.149226,9.259259,640591.0,51621.85077400005,8.764780097877699
9.250694,588632.185595,9.250694,640059.375,51427.189404999954,8.736727393357945
9.242144,588405.365237,9.242144,639137.25,50731.88476299995,8.621927630208805
9.23361,587451.519324,9.23361,638292.1875,50840.66817600001,8.654444920749214
9.225092,587071.705702,9.225092,637149.3125,50077.60679800005,8.530066482784925
9.21659,586212.973138,9.21659,636811.25,50598.276862,8.631381286420062
9.208103,585583.239868,9.208103,636808.6875,51225.44763199997,8.747765329408509
9.199632,584873.390514,9.199632,635691.25,50817.85948600003,8.68869405074834
9.191176,584440.449557,9.191176,634790.8125,50350.362943000044,8.615139999492698
9.182736,584009.640022,9.182736,634091.75,50082.10997800005,8.575562207519969
9.174312,583663.848738,9.174312,632279.5,48615.65126199997,8.329392229297206
9.165903,583376.593405,9.165903,632144.4375,48767.84409499995,8.3595818972366
9.157509,582857.150716,9.157509,632087.875,49230.724283999996,8.44644767993726
9.149131,582093.177242,9.149131,631729.75,49636.572757999995,8.527255549220094
9.140768,581732.654976,9.140768,631326.5,49593.84502400004,8.525195310902065
9.13242,581281.445109,9.13242,630098.0625,48816.617391000036,8.398103500765641
9.124088,580961.57474,9.124088,629977.75,49016.17526000005,8.437076975690939
9.11577,580392.043923,9.11577,629924.5,49532.45607700001,8.534309971273732
9.107468,579723.148689,9.107468,629851.0,50127.85131099995,8.646860389197892
9.099181,578788.090021,9.099181,629787.25,50999.15997899999,8.811369974311255
9.090909,577851.61808,9.090909,627926.6875,50075.069419999956,8.66573145306437
9.082652,577405.77823,9.082652,626842.5,49436.721769999946,8.56186821017708
9.07441,577042.095347,9.07441,626286.0,49243.90465299995,8.533849618611878
9.066183,576715.35509,9.066183,626092.625,49377.26991000003,8.561809473981215
9.057971,576392.489553,9.057971,625642.0625,49249.57294700004,8.544450845498305
9.049774,575511.284367,9.049774,624579.3125,49068.028133000014,8.52598888429608
9.041591,574896.353771,9.041591,624365.1875,49468.83372899995,8.60482648820295
9.033424,574554.538282,9.033424,623992.25,49437.711718000006,8.604528974016254
9.025271,574092.766514,9.025271,623886.875,49794.10848599998,8.673530026925654
9.017133,573635.933532,9.017133,623819.4375,50183.503967999946,8.74831945394517
9.009009,573385.87759,9.009009,623196.3125,49810.43490999995,8.687070410481393
9.0009,572987.893968,9.0009,622036.4375,49048.54353200004,8.560136095081145
8.992806,572366.197724,8.992806,621736.875,49370.67727600003,8.625715053111332
8.984726,571883.877763,8.984726,621449.375,49565.49723700003,8.667056226673512
8.976661,570894.087121,8.976661,621363.625,50469.53787899995,8.840438010755403
8.96861,570730.71903,8.96861,619536.4375,48805.71846999996,8.551444112373865
8.960573,570217.015507,8.960573,619232.0,49014.98449299997,8.595847398453905
8.952551,569585.616424,8.952551,617461.875,47876.25857599999,8.405454280355434
8.944544,569207.75252,8.944544,616464.8125,47257.05998000002,8.302251642002991
8.93655,568869.104428,8.93655,614137.125,45268.02057199995,7.95754598371397
8.928571,568258.485019,8.928571,614089.75,45831.264980999986,8.065214367976854
8.920607,567759.555351,8.920607,612773.875,45014.319648999954,7.928412516310927
8.912656,567528.07751,8.912656,612506.875,44978.797490000026,7.92538717861188
8.90472,567187.84232,8.90472,611502.75,44314.907679999946,7.8130919553452
8.896797,566171.363774,8.896797,611363.25,45191.88622600003,7.98201553762076
8.888889,565707.738193,8.888889,610821.625,45113.88680700003,7.974769260025346
8.880995,565482.043135,8.880995,609639.625,44157.58186499996,7.808838919126919
8.873114,564661.412118,8.873114,609401.125,44739.71288200002,7.923281442977468
8.865248,564512.968574,8.865248,607876.0,43363.03142599994,7.68149428622305
8.857396,564259.775172,8.857396,607432.8125,43173.03732799995,7.651269721439874
8.849558,564051.738986,8.849558,607127.0,43075.26101400005,7.636757062647616
8.841733,563215.147704,8.841733,606202.875,42987.727296,7.6325587959137025
8.833922,562651.036262,8.833922,604564.25,41913.21373800002,7.449237811140015
8.826125,561846.911544,8.826125,603338.0,41491.08845599997,7.384767559187814
8.818342,561431.335368,8.818342,602659.625,41228.28963200003,7.343425105578802
8.810573,561017.595519,8.810573,602524.8125,41507.216981000034,7.398558853149965
8.802817,560666.334357,8.802817,602261.75,41595.415643000044,7.418925142117501
8.795075,560479.679971,8.795075,600810.3125,40330.63252900005,7.195735005252433
8.787346,560087.166952,8.787346,600468.6875,40381.520548,7.2098635588736375
8.779631,559817.600498,8.779631,599278.8125,39461.21200199996,7.04894093485025
8.77193,559193.578286,8.77193,598497.5625,39303.984214000055,7.02869019606266
8.764242,558515.118958,8.764242,598462.6875,39947.56854200002,7.1524596534698395
8.756567,557972.990262,8.756567,598381.4375,40408.44723799999,7.242007757226014
8.748906,557419.37513,8.748906,596586.125,39166.74987000006,7.026442139881787
8.741259,556967.0847,8.741259,595561.0625,38593.97779999999,6.9293103417032125
8.733624,556099.781048,8.733624,595264.1875,39164.406452000025,7.042694096766698
8.726003,555673.687104,8.726003,593635.75,37962.06289599999,6.8317186465759345
8.718396,555002.628984,8.718396,591877.4375,36874.80851600005,6.644078170134776
8.710801,554145.830092,8.710801,591822.625,37676.79490800004,6.799075777894943
8.70322,553651.41824,8.70322,591699.3125,38047.89425999997,6.872174983485141
8.695652,553350.323739,8.695652,591260.5,37910.176260999986,6.851026309127302
8.688097,553061.36021,8.688097,590917.0625,37855.702290000045,6.844756298944128
8.680556,552870.921074,8.680556,589526.375,36655.453926000046,6.630020232352542
8.673027,552380.712215,8.673027,588680.0,36299.28778500005,6.571425645809207
8.665511,552153.76606,8.665511,588549.3125,36395.54643999995,6.591559938041789
8.658009,551816.585264,8.658009,588226.4375,36409.852236000006,6.598180121494683
8.650519,551474.651173,8.650519,588058.3125,36583.66132700001,6.633788379789656
8.643042,551103.310306,8.643042,586831.9375,35728.62719399994,6.483108797543173
8.635579,550634.54316,8.635579,586793.1875,36158.64434,6.566722845336138
8.628128,550057.070636,8.628128,586651.9375,36594.86686399998,6.652921818037425
8.62069,549752.126966,8.62069,586377.1875,36625.06053400005,6.662104380773985
8.613264,549073.709595,8.613264,586012.0,36938.29040499998,6.727382819375176
8.605852,548677.838257,8.605852,585836.125,37158.28674300003,6.772332350991574
8.598452,548171.1133,8.598452,584448.1875,36277.07420000003,6.617837627672753
8.591065,547931.279286,8.591065,584445.3125,36514.033214000054,6.663980428637123
8.583691,547694.230382,8.583691,584365.6875,36671.45711800002,6.695607710240585
8.576329,547575.464074,8.576329,583848.5,36273.03592599998,6.62429898814787
8.56898,547194.19784,8.56898,582197.5,35003.30215999996,6.3968701236548835
8.561644,546705.727122,8.561644,581697.25,34991.52287800005,6.400431007409499
8.55432,546462.598116,8.55432,580429.3125,33966.71438400005,6.2157436759816065
8.547009,546126.197174,8.547009,579478.5,33352.30282600003,6.107068842070898
8.53971,545705.480276,8.53971,577505.875,31800.394724000013,5.827391491087173
8.532423,545318.923463,8.532423,576557.9375,31239.014037000015,5.728576928638272
8.525149,544747.519115,8.525149,576317.5625,31570.043384999968,5.795353310885902
8.517888,544299.210049,8.517888,575306.5625,31007.352451000013,5.6967476488177535
8.510638,543615.858108,8.510638,575072.375,31456.516891999985,5.786534079686565
8.503401,543181.444777,8.503401,574316.9375,31135.492723000003,5.732061178154291
8.496177,542860.979632,8.496177,574093.125,31232.145368000027,5.753249273722341
8.488964,542605.382315,8.488964,573993.6875,31388.305184999947,5.784739003340372
8.481764,542092.046513,8.481764,573834.5,31742.453486999962,5.855546800803088
8.474576,541520.375952,8.474576,573302.5,31782.12404799997,5.869054140784005
8.467401,541195.909459,8.467401,572061.625,30865.715541000012,5.703242578432375
8.460237,540472.358499,8.460237,571820.375,31348.016501000035,5.800114660453637
8.453085,539846.806704,8.453085,571116.1875,31269.380796000012,5.7922692896737145
8.445946,539471.481053,8.445946,570732.4375,31260.956447000033,5.794737543119323
8.438819,538889.027704,8.438819,570554.5625,31665.534795999993,5.876077108289757
8.431703,538405.31291,8.431703,570159.8125,31754.49959000002,5.897880059610057
8.4246,537964.483418,8.4246,568638.75,30674.266581999953,5.701912956615382
8.417508,537092.996082,8.417508,566514.25,29421.25391800003,5.477869592905319
8.410429,536837.448891,8.410429,566106.3125,29268.863608999993,5.452090510724182
8.403361,536471.840235,8.403361,565745.75,29273.90976499999,5.4567467608694304
8.396306,535854.03633,8.396306,565579.75,29725.71366999997,5.547352759267769
8.389262,534851.352241,8.389262,565199.625,30348.272758999956,5.674150889184861
8.38223,534304.354498,8.38223,564938.75,30634.395502,5.733510356804452
8.375209,533688.133535,8.375209,564707.0,31018.86646499997,5.812170913289701
8.368201,533016.428729,8.368201,564441.75,31425.321270999964,5.895750970741175
8.361204,532653.833547,8.361204,564380.5,31726.66645300004,5.956338705333013
8.354219,532409.598069,8.354219,563544.375,31134.776930999942,5.847899257249094
8.347245,532131.379282,8.347245,563262.375,31130.99571799999,5.850246185444797
8.340284,531825.356396,8.340284,562723.625,30898.268603999983,5.809852469876025
8.333333,531475.649004,8.333333,562399.0625,30923.413495999994,5.818406460192733
8.326395,531101.453232,8.326395,561439.9375,30338.484268,5.712370787798862
8.319468,530630.23339,8.319468,561008.5,30378.26661000005,5.72494077767197
8.312552,530152.822688,8.312552,560059.3125,29906.489811999956,5.641107343419768
8.305648,529753.327586,8.305648,559039.0625,29285.73491400003,5.528183286257092
8.298755,529094.438156,8.298755,558868.125,29773.68684400001,5.627291594250597
8.291874,528731.296685,8.291874,556767.25,28035.95331500005,5.302495519137562
8.285004,528458.355207,8.285004,555703.125,27244.769792999956,5.1555187886712535
8.278146,527993.328152,8.278146,555420.4375,27427.109348000027,5.194593924888431
8.271299,527306.928787,8.271299,554405.9375,27099.00871299999,5.139133820095571
8.264463,527127.315487,8.264463,553692.4375,26565.122012999956,5.039602622083261
8.257638,526688.247168,8.257638,553636.6875,26948.440332000027,5.1165828128692175
8.250825,526346.504151,8.250825,552597.625,26251.120849000057,4.987421905906504
8.244023,525730.694318,8.244023,552182.125,26451.430682000006,5.031365101540041
8.237232,525416.476207,8.237232,551749.5625,26333.08629300003,5.011850119946658
8.230453,524630.597274,8.230453,551339.0,26708.402725999942,5.090896883402872
8.223684,524086.838457,8.223684,551304.3125,27217.474043000024,5.193313788060936
8.216927,523466.472533,8.216927,549408.875,25942.402467000007,4.955886160476986
8.210181,523038.037307,8.210181,548669.3125,25631.27519299998,4.900461030514988
8.203445,522704.635808,8.203445,548346.0625,25641.42669200001,4.9055288465852875
8.196721,522212.8881,8.196721,547789.0625,25576.174400000018,4.8976528505559145
8.190008,521943.544062,8.190008,547716.875,25773.330938,4.937953775119109
8.183306,521777.295453,8.183306,547456.625,25679.329547,4.92151148982164
8.176615,521664.281123,8.176615,547332.6875,25668.406376999978,4.920483787339808
8.169935,521330.855558,8.169935,546634.1875,25303.33194200002,4.853603363821025
8.163265,520963.800861,8.163265,546595.125,25631.324138999975,4.919981790796007
8.156607,520828.572284,8.156607,546573.3125,25744.740216000006,4.94303530681911
8.149959,519994.524007,8.149959,546247.0625,26252.53849299997,5.04861826057356
8.143322,519566.865995,8.143322,545726.625,26159.759005,5.034916719506849
8.136697,518664.438777,8.136697,545032.1875,26367.748722999997,5.083778017473996
8.130081,517841.0419,8.130081,544023.0,26181.95809999999,5.055983589855354
8.123477,517392.836838,8.123477,543860.625,26467.78816200001,5.115607769863133
8.116883,517195.608586,8.116883,542963.6875,25768.078914000012,4.982269471399671
8.1103,516574.452722,8.1103,542702.1875,26127.734777999984,5.05788364877984
8.103728,516240.632846,8.103728,542352.625,26111.992153999978,5.0581047853684655
8.097166,515834.872951,8.097166,541894.5,26059.627049000002,5.051932006829529
8.090615,515328.469705,8.090615,541775.75,26447.280295000004,5.132120938348265
8.084074,514794.407612,8.084074,541570.5,26776.09238799999,5.201317650711758
8.077544,514643.317002,8.077544,541132.1875,26488.870498000004,5.147034775912005
8.071025,514213.885183,8.071025,541129.4375,26915.552316999994,5.234310681326935
8.064516,513989.947593,8.064516,539853.5,25863.55240699998,5.031917944722119
8.058018,513554.916344,8.058018,539766.0,26211.083655999973,5.103852153260805
8.05153,512591.904056,8.05153,539229.0,26637.095944,5.196550264104431
8.045052,512151.281494,8.045052,537876.625,25725.343506000005,5.0229970002137705
8.038585,511362.647525,8.038585,537723.9375,26361.28997500002,5.155106674800929
8.032129,510607.280368,8.032129,536110.5,25503.219632000022,4.994683901416288
8.025682,510421.178413,8.025682,535996.0,25574.821586999984,5.010533000710735
8.019246,509829.759236,8.019246,535917.3125,26087.553263999987,5.116914576170135
8.012821,509047.45405,8.012821,535698.8125,26651.35845,5.235535162382372
8.006405,508191.489788,8.006405,535498.1875,27306.697711999994,5.373308735136711
8.0,507454.479029,8.0,535039.75,27585.27097100002,5.436008964544695
7.993605,506805.678896,7.993605,534786.75,27981.071103999973,5.521065029293383
7.98722,506493.743296,7.98722,534269.375,27775.631704,5.483904208421316
7.980846,506149.220411,7.980846,533204.0625,27054.842088999983,5.3452304178264045
7.974482,505937.403409,7.974482,533034.125,27096.72159099998,5.355745870620081
7.968127,505586.461874,7.968127,532899.4375,27312.97562600003,5.402236350388442
7.961783,505280.694938,7.961783,532100.875,26820.180062,5.3079764041432345
7.955449,504994.630961,7.955449,531832.5625,26837.931539000012,5.314498391384416
7.949126,504737.837819,7.949126,530297.0625,25559.224680999992,5.0638614278340635
7.942812,504182.159618,7.942812,529909.5,25727.340382000024,5.102786739120772
7.936508,504002.054765,7.936508,528564.0625,24562.007734999992,4.87339436472188
7.930214,503733.72218,7.930214,528421.75,24688.027820000018,4.901007562717472
7.92393,503569.898096,7.92393,527345.0,23775.10190399998,4.721311181207167
7.917656,503291.56538,7.917656,526954.1875,23662.622120000015,4.701573351847062
7.911392,502848.753552,7.911392,525791.1875,22942.43394800002,4.5624919592502335
7.905138,502595.213285,7.905138,524399.6875,21804.474214999995,4.3383768166999275
7.898894,502351.592824,7.898894,524267.03125,21915.438426000008,4.3625697099517575
7.89266,502216.001635,7.89266,523716.4375,21500.435865000007,4.2811132650102355
7.886435,501237.249413,7.886435,523396.875,22159.625586999988,4.420985394232207
7.880221,501058.014118,7.880221,523179.40625,22121.392132000008,4.41493629653639
7.874016,500356.841479,7.874016,522544.9375,22188.096021000005,4.434454409659798
7.867821,500076.842568,7.867821,522481.21875,22404.376181999978,4.480186698297962
7.861635,499801.240659,7.861635,522422.0,22620.759340999997,4.525951018283584
7.85546,499368.600574,7.85546,522064.03125,22695.430676000018,4.544825335416108
7.849294,499132.073343,7.849294,521929.0625,22796.989156999975,4.567326039441678
7.843137,498763.400415,7.843137,521169.03125,22405.630835000018,4.492236362242545
7.836991,498296.846282,7.836991,520916.75,22619.903717999987,4.539443483693805
7.830854,497862.902607,7.830854,520170.40625,22307.503642999975,4.480651907621431
7.824726,497091.513669,7.824726,519731.375,22639.861330999993,4.554465467313384
7.818608,496766.255166,7.818608,519151.15625,22384.901084000012,4.506123524135078
7.8125,496416.608579,7.8125,519116.53125,22699.922671000008,4.572756486931184
7.806401,496110.545032,7.806401,518734.90625,22624.361218000005,4.560346770403902
7.800312,495539.180889,7.800312,517396.75,21857.56911099999,4.410865972653745
7.794232,495359.485087,7.794232,516875.40625,21515.92116299999,4.343496351790084
7.788162,494834.475339,7.788162,516813.15625,21978.680911000003,4.441622806483501
7.782101,494613.471531,7.782101,515943.1875,21329.71596900001,4.312400934608019
7.77605,494006.202302,7.77605,515156.5625,21150.36019799998,4.281395678726755
7.770008,493719.574039,7.770008,514898.5,21178.92596099997,4.289667064998116
7.763975,493259.896793,7.763975,513157.25,19897.353207000007,4.033847741599409
7.757952,492927.906389,7.757952,512955.09375,20027.18736099999,4.062903946281201
7.751938,492805.856594,7.751938,512320.75,19514.89340599999,3.9599556589842653
7.745933,492436.945885,7.745933,511591.75,19154.804115000006,3.8897983335867075
7.739938,492231.878578,7.739938,510488.375,18256.496421999997,3.7089219972385514
7.733952,491986.786326,7.733952,510328.46875,18341.682424,3.7280843579092475
7.727975,491654.419216,7.727975,509746.1875,18091.76828399999,3.6797733482899253
7.722008,491372.426181,7.722008,509601.625,18229.198818999983,3.7098538395162506
7.716049,490756.484549,7.716049,509297.3125,18540.827951000014,3.7780097736332183
7.7101,490540.919942,7.7101,509094.09375,18553.173807999992,3.782186776628881
7.70416,490073.779473,7.70416,507909.75,17835.970527000027,3.6394459924340183
7.698229,489924.859305,7.698229,507030.78125,17105.92194500001,3.4915399004790673
7.692308,489625.132133,7.692308,506258.53125,16633.399116999994,3.3971702074479615
7.686395,489117.987282,7.686395,506088.4375,16970.450217999984,3.4696025620124464
7.680492,488838.464233,7.680492,505699.65625,16861.192016999994,3.4492359441181932
7.674597,488410.122358,7.674597,505573.78125,17163.658891999978,3.5141898388869137
7.668712,487946.390112,7.668712,505021.53125,17075.141138000006,3.4993887615565087
7.662835,487571.893459,7.662835,504043.0625,16471.169041000016,3.3782031454167654
7.656968,487082.149236,7.656968,503006.0,15923.850763999973,3.2692330829567275
7.651109,486641.812386,7.651109,502694.84375,16053.031363999995,3.2987365564196263
7.64526,486288.073608,7.64526,502206.75,15918.676391999994,3.2735074652133345
7.639419,486009.037803,7.639419,502148.75,16139.712196999986,3.3208666797554685
7.633588,485690.040041,7.633588,501917.9375,16227.897459,3.341204496931851
7.627765,485474.25998,7.627765,501744.1875,16269.927520000027,3.351347097304458
7.621951,485364.24818,7.621951,501095.5,15731.251820000005,3.2411229049087242
7.616146,485138.558048,7.616146,500961.3125,15822.754452000023,3.2614918335216116
7.61035,484759.437096,7.61035,500427.3125,15667.875403999991,3.2320929114572725
7.604563,484511.140154,7.604563,500186.53125,15675.391095999978,3.2353004496486113
7.598784,484268.205044,7.598784,499704.5,15436.294955999998,3.1875507818229516
7.593014,483798.195773,7.593014,499604.0,15805.804226999986,3.267024219002282
7.587253,483081.682732,7.587253,499324.875,16243.192267999984,3.3624111301713846
7.581501,482651.355712,7.581501,499099.34375,16447.98803800001,3.4078404304357925
7.575758,482342.760157,7.575758,498154.15625,15811.396093000018,3.2780415503393256
7.570023,481771.373421,7.570023,497723.46875,15952.095328999974,3.3111339131102957
7.564297,481459.505718,7.564297,497471.0,16011.494282,3.3256159846967974
7.558579,481139.942229,7.558579,496349.0,15209.057771000022,3.161046597075332
7.55287,480692.399222,7.55287,495406.84375,14714.444528000022,3.0610936540322524
7.54717,480518.859789,7.54717,495378.6875,14859.82771099999,3.09245462655203
7.541478,480223.240043,7.541478,494895.125,14671.884956999973,3.0552217663781174
7.535795,479907.718511,7.535795,494666.09375,14758.375239000015,3.075252735002998
7.53012,479782.221203,7.53012,493730.28125,13948.060047000006,2.907164840753543
7.524454,479143.54735,7.524454,493663.0625,14519.515149999992,3.030305892733628
7.518797,478749.122618,7.518797,493195.5,14446.377381999977,3.0175256098645478
7.513148,478518.577262,7.513148,492924.6875,14406.110237999994,3.0105644634382327
7.507508,478340.645302,7.507508,492922.1875,14581.54219800001,3.048359436149099
7.501875,477899.3507,7.501875,492822.625,14923.27429999999,3.1226814345198877
7.496252,477694.066974,7.496252,492630.0,14935.933025999984,3.126673337312544
7.490637,477441.659038,7.490637,492469.03125,15027.372212000017,3.147478215930876
7.48503,476955.365891,7.48503,492263.5625,15308.196608999977,3.209565863758078
7.479432,476229.515945,7.479432,492015.28125,15785.765305000008,3.3147389601998367
7.473842,476053.073425,7.473842,491758.34375,15705.27032499999,3.2990586978059464
7.46826,475888.86679,7.46826,489604.5625,13715.69571,2.8821215765176653
7.462687,475035.374004,7.462687,489599.875,14564.500996000017,3.065982407423279
7.457122,474835.512127,7.457122,488510.0625,13674.550372999976,2.879849974098518
7.451565,474655.573909,7.451565,488261.53125,13605.957340999972,2.8664905857838883
7.446016,474109.515389,7.446016,488154.5,14044.984610999993,2.9623924758135862
7.440476,473617.356175,7.440476,488053.8125,14436.456324999977,3.0481265386029808
7.434944,472797.966466,7.434944,487719.875,14921.908533999987,3.156085599423376
7.429421,472544.523244,7.429421,486120.5625,13576.039256000018,2.8729651044944995
7.423905,472207.446516,7.423905,485187.28125,12979.834733999975,2.7487568927103254
7.418398,471880.612655,7.418398,484992.5625,13111.949844999996,2.7786583074957494
7.412898,471387.22014,7.412898,484723.1875,13335.96736000001,2.8290897144049185
7.407407,471137.810051,7.407407,483853.1875,12715.377449000021,2.6988658472610383
7.401925,470678.196185,7.401925,483141.0625,12462.866314999992,2.647852910123218
7.39645,470250.96398,7.39645,483031.53125,12780.56727,2.717818409521339
7.390983,469871.135907,7.390983,482719.875,12848.739093000011,2.734524023953478
7.385524,469452.227518,7.385524,482654.71875,13202.491232,2.812318369816188
7.380074,469224.059793,7.380074,482535.09375,13311.033957000007,2.836818291643489
7.374631,468963.657189,7.374631,481972.5,13008.84281100001,2.77395542524039
7.369197,468499.228758,7.369197,481952.6875,13453.458741999988,2.8716074469674906
7.36377,468067.847421,7.36377,481808.9375,13741.090078999987,2.935704760476886
7.358352,467832.917614,7.358352,481755.40625,13922.488636000024,2.975953190084671
7.352941,467550.112867,7.352941,481234.5625,13684.449633000011,2.9268412639422694
7.347539,467002.724276,7.347539,481179.15625,14176.431974000006,3.035620829830897
7.342144,466461.820916,7.342144,480000.09375,13538.272834000003,2.9023324582952226
7.336757,466038.09765,7.336757,478950.21875,12912.12109999999,2.770614927215058
7.331378,465593.268178,7.331378,478550.15625,12956.888072000002,2.782877021118458
7.326007,464874.237003,7.326007,477141.1875,12266.950497000013,2.638767546268831
7.320644,464386.955758,7.320644,474817.9375,10430.981741999974,2.246183191122133
7.315289,464172.502695,7.315289,473767.75,9595.247305000026,2.067172710423328
7.309942,463820.2099,7.309942,473223.3125,9403.102599999984,2.0273162745597695
7.304602,463579.866963,7.304602,472787.25,9207.383037000021,1.9861481684524702
7.29927,463400.325519,7.29927,472775.125,9374.799480999995,2.0230455104882346
7.293946,463034.435811,7.293946,472361.5,9327.064188999997,2.0143348890809256
7.28863,462829.61216,7.28863,472161.40625,9331.794089999981,2.0162482790262746
7.283321,462022.934511,7.283321,472067.4375,10044.502989,2.1740269234969887
7.27802,461791.3965,7.27802,471476.90625,9685.509750000027,2.0973776955153878
7.272727,461350.135524,7.272727,470417.875,9067.739476000017,1.96547887987524
7.267442,460334.130319,7.267442,470392.5625,10058.432181000011,2.185028551767337
7.262164,460102.551189,7.262164,470036.46875,9933.91756099998,2.1590659593885504
7.256894,459910.161565,7.256894,469554.125,9643.963434999983,2.0969233213250025
7.251632,459589.60701,7.251632,468906.25,9316.642990000022,2.0271657252243536
7.246377,459140.483483,7.246377,468624.875,9484.391516999982,2.065684002650389
7.24113,458945.665694,7.24113,468601.21875,9655.553055999975,2.103855374992859
7.23589,458445.903869,7.23589,467885.0,9439.096131000028,2.058933464415298
7.230658,458007.450811,7.230658,467720.75,9713.299188999983,2.120773182139398
7.225434,457674.585121,7.225434,467320.5625,9645.977378999989,2.1076060792079563
7.220217,457478.585532,7.220217,467014.78125,9536.195718000003,2.084511935550032
7.215007,457199.674668,7.215007,466531.34375,9331.669081999979,2.041048933111394
7.209805,456953.005956,7.209805,465870.0625,8917.056543999992,1.951416541257771
7.204611,456647.221029,7.204611,465081.78125,8434.560220999992,1.8470626410456892
7.199424,456065.211485,7.199424,464499.46875,8434.257265000022,1.8493533496091765
7.194245,455943.651202,7.194245,464106.375,8162.723798000021,1.7902922381923092
7.189073,455343.323624,7.189073,463654.1875,8310.863875999989,1.8251862813876873
7.183908,455129.09619,7.183908,463012.21875,7883.122559999989,1.732062974217994
7.178751,454677.856645,7.178751,462774.875,8097.018355000007,1.7808253110777588
7.173601,454431.173107,7.173601,462631.28125,8200.10814299999,1.8044774716784668
7.168459,454026.447469,7.168459,461937.21875,7910.771280999994,1.7423591346052865
7.163324,453654.515968,7.163324,461534.5625,7880.046532000008,1.7370148989227416
7.158196,453217.679038,7.158196,461221.375,8003.695961999998,1.7659717023812145
7.153076,452991.231603,7.153076,460655.75,7664.518396999978,1.6919794164398168
7.147963,452580.221679,7.147963,460411.9375,7831.715820999991,1.7304591420158797
7.142857,452040.970409,7.142857,458322.53125,6281.560840999999,1.3895998929735363
7.137759,451702.066309,7.137759,457213.78125,5511.714940999984,1.2202102562952488
7.132668,451287.213545,7.132668,457028.5625,5741.348954999994,1.2722161813316026
7.127584,450953.239198,7.127584,456578.34375,5625.104552000004,1.2473808951908183
7.122507,450715.669662,7.122507,456280.1875,5564.517838000029,1.2345960463662078
7.117438,450304.193932,7.117438,456161.28125,5857.087317999976,1.3006957067969145
7.112376,450079.271769,7.112376,455469.9375,5390.6657310000155,1.1977147291881367
7.107321,449633.71705,7.107321,454868.03125,5234.3142000000225,1.164128489816514
7.102273,449391.369781,7.102273,454645.375,5254.005218999984,1.1691379880215316
7.097232,449317.563801,7.097232,454225.125,4907.561198999989,1.0922255425504617
7.092199,449240.539257,7.092199,454102.40625,4861.866992999974,1.0822413758653722
7.087172,448559.15945,7.087172,453803.84375,5244.684300000023,1.1692291171650095
7.082153,447970.865231,7.082153,453591.5625,5620.697268999997,1.2547015230782108
7.077141,447815.062999,7.077141,453450.96875,5635.905750999984,1.2585342067898617
7.072136,447316.923497,7.072136,452944.78125,5627.857752999989,1.2581365598696679
7.067138,447168.197083,7.067138,452781.5625,5613.365417000023,1.2553140973838335
7.062147,446720.248509,7.062147,452152.40625,5432.157741000003,1.2160088465053227
7.057163,446416.779933,7.057163,451578.4375,5161.657567000017,1.1562418347658658
7.052186,446147.10433,7.052186,450977.53125,4830.426919999998,1.082698256498622
7.047216,445747.735223,7.047216,450924.03125,5176.296027000004,1.161261318447393
7.042254,445403.953184,7.042254,450382.6875,4978.734316000016,1.1178020043174741
7.037298,445144.164197,7.037298,450231.25,5087.085803000024,1.1427951239519603
7.032349,444345.335684,7.032349,449965.21875,5619.883066000009,1.2647557236870914
7.027407,444052.910275,7.027407,449395.84375,5342.933475000027,1.2032200108070843
7.022472,443749.612225,7.022472,448620.1875,4870.57527500001,1.097595387312794
7.017544,443240.537998,7.017544,447489.5,4248.962002000015,0.9586131316398653
7.012623,442961.839972,7.012623,447463.46875,4501.628778000013,1.0162565647380744
7.007708,442724.549182,7.007708,447307.875,4583.325818000012,1.035254499997435
7.002801,442439.766649,7.002801,446959.8125,4520.045851000003,1.0216183516311008
6.997901,441905.401538,6.997901,446456.90625,4551.504712000024,1.0299726358082624
6.993007,441208.920989,6.993007,445483.875,4274.954010999994,0.9689183077752354
6.98812,440766.819963,6.98812,445438.53125,4671.711286999984,1.0599053911072864
6.98324,440539.984882,6.98324,445263.5625,4723.577617999981,1.0722244926905342
6.978367,440270.244199,6.978367,443056.8125,2786.568300999992,0.6329222421264692
6.973501,439300.260949,6.973501,442790.5625,3490.3015509999823,0.7945138806564889
6.968641,438997.754744,6.968641,442696.25,3698.495256000024,0.8424861439568838
6.963788,438408.136804,6.963788,442213.75,3805.613195999991,0.8680525922130351
6.958942,438151.501299,6.958942,442146.375,3994.873701000004,0.9117562507845551
6.954103,437576.610369,6.954103,441652.0,4075.389630999998,0.9313545409941587
6.94927,437274.786146,6.94927,441603.90625,4329.120103999972,0.9900228051462676
6.944444,437151.991587,6.944444,440546.34375,3394.352162999974,0.7764695639787439
6.939625,436830.904573,6.939625,438951.625,2120.720427000022,0.48547856957900354
6.934813,436379.456971,6.934813,438645.0625,2265.605528999993,0.5191824438130129
6.930007,435990.139381,6.930007,438503.46875,2513.3293689999846,0.5764647275207418
6.925208,435870.063014,6.925208,437596.3125,1726.249485999986,0.3960468113049873
6.920415,435604.904268,6.920415,437594.125,1989.2207320000161,0.45665710199997545
6.915629,435304.34736,6.915629,437340.09375,2035.7463899999857,0.4676604776281749
6.91085,435187.079108,6.91085,437305.3125,2118.2333920000237,0.48674087391145715
6.906077,434824.122245,6.906077,436144.4375,1320.3152550000232,0.3036435164137689
6.901311,434705.215254,6.901311,436062.03125,1356.8159960000194,0.31212323855080193
6.896552,434478.294448,6.896552,435277.75,799.4555520000285,0.18400356524500913
6.891799,434081.513671,6.891799,434241.125,159.61132899997756,0.03676989781254553
6.887052,433546.134712,6.887052,433579.375,33.24028799997177,0.007667070546495111
6.882312,433118.73545,6.882312,433521.6875,402.9520500000217,0.09303500795950657
6.877579,432967.732238,6.877579,432448.1875,519.544738000026,0.11999617969554253
6.872852,432860.754862,6.872852,431979.625,881.1298620000016,0.20355965564051054
6.868132,432798.417324,6.868132,431957.09375,841.32357399998,0.19439155512672576
6.863418,432597.062296,6.863418,431608.125,988.9372960000183,0.2286047183841827
6.858711,432440.265965,6.858711,430915.53125,1524.7347150000278,0.3525885156872588
6.85401,432263.728562,6.85401,430853.0,1410.7285619999748,0.32635830137610833
6.849315,432013.936588,6.849315,430707.53125,1306.4053379999823,0.30239888747984206
6.844627,431676.436479,6.844627,428927.65625,2748.7802290000254,0.6367686527948223
6.839945,431330.716647,6.839945,428816.25,2514.466646999994,0.5829556184976799
6.83527,430835.780314,6.83527,428754.09375,2081.686563999974,0.48317402108125934
6.830601,430650.735213,6.830601,428720.75,1929.985212999978,0.4481555597589789
6.825939,430417.213043,6.825939,428472.9375,1944.2755430000252,0.45171881701807914
6.821282,430045.629169,6.821282,427786.875,2258.7541690000216,0.5252359321416037
6.816633,429888.808829,6.816633,427227.375,2661.433828999987,0.6190981887269005
6.811989,429698.358944,6.811989,426893.71875,2804.640193999978,0.6526997684823576
6.807352,429563.787368,6.807352,425727.4375,3836.3498680000193,0.8930803714870601
6.802721,429157.46639,6.802721,424784.84375,4372.622640000016,1.018885370160696
6.798097,429037.450332,6.798097,423332.0625,5705.3878319999785,1.3298111452939612
6.793478,428604.430036,6.793478,423295.78125,5308.648785999976,1.2385893411213889
6.788866,428457.664206,6.788866,422595.125,5862.539205999987,1.3682890273101316
6.784261,428091.708319,6.784261,422212.46875,5879.239569000027,1.3733598326597367
6.779661,427812.850026,6.779661,422148.0,5664.850026,1.3241420928931245
6.775068,427617.494891,6.775068,421696.0,5921.49489099998,1.3847644125293268
6.770481,427345.003432,6.770481,421617.59375,5727.409681999998,1.3402308757568882
6.7659,427147.761437,6.7659,421205.375,5942.386437000008,1.3911781761441937
6.761325,426775.827609,6.761325,421159.09375,5616.733859000029,1.3160852831022853
6.756757,426355.039353,6.756757,420768.375,5586.664353,1.3103314930856325
6.752194,426128.214575,6.752194,420093.5,6034.714574999991,1.4161734352696471
6.747638,425509.072804,6.747638,419912.25,5596.822803999996,1.3153239640974779
6.743088,425157.892016,6.743088,419305.53125,5852.360765999998,1.3765146727606212
6.738544,424563.844685,6.738544,418075.875,6487.969685000018,1.5281493622740505
6.734007,424202.035271,6.734007,417745.4375,6456.597771000001,1.522057235504593
6.729475,423810.01851,6.729475,417617.5,6192.5185100000235,1.4611543473585695
6.72495,423559.604316,6.72495,416701.21875,6858.385566000012,1.6192256051130074
6.72043,423451.835831,6.72043,416292.96875,7158.867081000004,1.6905977197976096
6.715917,423133.120687,6.715917,416233.5,6899.620686999988,1.630602840968286
6.711409,422763.949213,6.711409,416045.71875,6718.230463000014,1.5891209445617103
6.706908,422324.489902,6.706908,415522.65625,6801.833652000001,1.6105705007962858
6.702413,421949.239656,6.702413,415436.28125,6512.958405999991,1.5435407375801342
6.697924,421873.052953,6.697924,415134.0,6739.052953000006,1.5974125168290352
6.69344,421637.965371,6.69344,414736.46875,6901.496620999998,1.636829979228118
6.688963,421248.047512,6.688963,414352.03125,6896.016262000019,1.637044089041997
6.684492,420959.748426,6.684492,414026.5,6933.248426000006,1.6470098274060503
6.680027,420701.630292,6.680027,413773.28125,6928.349042000016,1.646855762643752
6.675567,420251.288677,6.675567,413748.46875,6502.819926999975,1.5473646606704312
6.671114,420101.518067,6.671114,413214.4375,6887.080567000026,1.6393848321923077
6.666667,419897.579545,6.666667,412521.6875,7375.892044999986,1.7565931323044266
6.662225,419464.436014,6.662225,412256.4375,7207.998513999977,1.7183813203557035
6.65779,419039.622235,6.65779,412094.25,6945.372235000017,1.6574500038817355
6.65336,418641.975661,6.65336,411510.40625,7131.569411000004,1.7035008015476385
6.648936,418274.280164,6.648936,411210.75,7063.530163999996,1.6887316526444027
6.644518,417992.603247,6.644518,411171.25,6821.353247000021,1.6319315686476752
6.640106,417723.056949,6.640106,411110.25,6612.806948999991,1.5830600774827115
6.6357,417557.854064,6.6357,410991.5,6566.354064000014,1.5725615025776942
6.6313,417209.532657,6.6313,410342.375,6867.157657000003,1.6459733346135434
6.626905,416644.537316,6.626905,410144.25,6500.287315999973,1.5601518161919146
6.622517,416328.858172,6.622517,409829.03125,6499.826921999978,1.5612242087995432
6.618134,416111.30366,6.618134,407731.65625,8379.647409999976,2.013799513806742
6.613757,415766.930855,6.613757,407229.5625,8537.368354999984,2.053402452533537
6.609385,415243.152058,6.609385,407207.875,8035.277057999978,1.9350775607438875
6.60502,414902.456395,6.60502,406680.1875,8222.268894999987,1.9817354099181643
6.60066,414497.374214,6.60066,406665.0625,7832.31171400001,1.8895926008825046
6.596306,413970.172365,6.596306,406614.1875,7355.984865000006,1.7769359620707623
6.591958,413556.886507,6.591958,406198.9375,7357.949007000017,1.7791866722730716
6.587615,413332.684419,6.587615,404979.59375,8353.090668999997,2.0209122055618463
6.583278,413044.788097,6.583278,404175.65625,8869.131846999982,2.1472566904577777
6.578947,412604.607158,6.578947,403960.96875,8643.638407999999,2.0948962415948165
6.574622,412409.462441,6.574622,403928.21875,8481.243690999981,2.0565104497846782
6.570302,412175.476347,6.570302,403616.46875,8559.007596999989,2.0765446000951253
6.565988,411794.63079,6.565988,403591.34375,8203.287040000025,1.9920820784531785
6.56168,411662.949534,6.56168,403569.0625,8093.887034000014,1.9661441582639987
6.557377,411465.190991,6.557377,403442.0,8023.190990999981,1.949907590403066
6.55308,411230.854047,6.55308,403307.28125,7923.572797000001,1.92679433437998
6.548788,410965.635196,6.548788,403214.53125,7751.103945999988,1.8860710682788087
6.544503,410567.634861,6.544503,403150.40625,7417.228610999999,1.8065789850949026
6.540222,410249.287406,6.540222,403078.09375,7171.193656000018,1.748008802487718
6.535948,409786.286714,6.535948,402908.65625,6877.630463999987,1.6783456857842722
6.531679,409487.324846,6.531679,402704.375,6782.949846000003,1.6564492804633049
6.527415,409303.005677,6.527415,402091.625,7211.380676999979,1.7618684878876296
6.523157,408994.477511,6.523157,400451.0,8543.477511000005,2.0888980122647807
6.518905,408920.040631,6.518905,400126.6875,8793.35313100001,2.150384490188127
6.514658,408721.000653,6.514658,399933.15625,8787.844403000025,2.1500838931593864
6.510417,408506.246274,6.510417,399785.90625,8720.340023999976,2.1346895190804323
6.506181,408118.400405,6.506181,399745.5625,8372.837905000022,2.051570793350939
6.501951,407899.075425,6.501951,399477.53125,8421.544174999988,2.064614676124327
6.497726,407362.26591,6.497726,399379.5,7982.765910000016,1.9596233078111553
6.493506,407184.094395,6.493506,399375.625,7808.469395000022,1.9176754452066596
6.489293,407018.01756,6.489293,399220.4375,7797.5800600000075,1.9157825264702288
6.485084,406894.838801,6.485084,398610.0,8284.838800999976,2.0361130225718695
6.480881,406188.842115,6.480881,398368.625,7820.217115000007,1.9252663549989761
6.476684,405804.599692,6.476684,398278.53125,7526.068442000018,1.8546040256104042
6.472492,405616.688273,6.472492,397770.40625,7846.282023000007,1.9344080876965972
6.468305,405380.635009,6.468305,396849.5625,8531.07250900002,2.1044598020353433
6.464124,404699.541075,6.464124,396115.9375,8583.603575000016,2.120981791133111
6.459948,404490.0904,6.459948,396081.1875,8408.902899999986,2.078889718085412
6.455778,404371.746802,6.455778,395950.0625,8421.68430199998,2.082658931689321
6.451613,404143.441984,6.451613,395469.15625,8674.285733999975,2.1463383622944923
6.447453,403594.388609,6.447453,395199.1875,8395.201109000016,2.0801084816700066
6.443299,403431.976731,6.443299,395008.59375,8423.382981000002,2.087931415168049
6.43915,403160.905175,6.43915,394162.34375,8998.561425000022,2.2320024857306087
6.435006,402522.165626,6.435006,394116.78125,8405.384375999973,2.0881792591292387
6.430868,402392.798619,6.430868,393729.125,8663.673619000008,2.1530389332844613
6.426735,402018.238288,6.426735,392835.5,9182.738287999993,2.2841596259674204
6.422608,401785.271387,6.422608,392756.875,9028.396386999986,2.247070022211896
6.418485,401286.058063,6.418485,392270.53125,9015.526812999975,2.2466583704696217
6.414368,401116.647663,6.414368,392240.28125,8876.366412999982,2.212913990161162
6.410256,400862.31362,6.410256,391556.3125,9306.001119999972,2.321495636734177
6.40615,400535.282614,6.40615,391161.3125,9373.970114000025,2.34036064259383
6.402049,400211.347304,6.402049,390697.90625,9513.441053999995,2.3771042770492956
6.397953,399788.019102,6.397953,390015.84375,9772.175351999991,2.444339221057739
6.393862,399311.132872,6.393862,389197.6875,10113.445371999987,2.532723117249494
6.389776,398866.696342,6.389776,389056.0625,9810.633841999981,2.4596272218195065
6.385696,398334.950789,6.385696,389000.9375,9334.013289000024,2.34325741954396
6.381621,398175.991293,6.381621,388881.71875,9294.272543,2.334212194165358
6.377551,397778.874181,6.377551,388849.8125,8929.061680999992,2.2447299895914106
6.373486,397595.132149,6.373486,388741.875,8853.257149000012,2.226701594948659
6.369427,397476.073114,6.369427,388435.0625,9041.010614000028,2.274604995256401
6.365372,397179.839126,6.365372,388287.875,8891.964126000006,2.238775297750989
6.361323,396946.719493,6.361323,388025.0625,8921.656993000011,2.2475704055181995
6.357279,396105.473795,6.357279,386217.09375,9888.380044999998,2.4964007566625095
6.35324,395835.039711,6.35324,386076.9375,9758.10221099999,2.4651941420154215
6.349206,395620.807511,6.349206,385474.21875,10146.58876100002,2.564725759708152
6.345178,395336.778524,6.345178,385007.34375,10329.434774000023,2.612819078600588
6.341154,395055.041689,6.341154,385005.5625,10049.479188999976,2.543817475669947
6.337136,394672.749485,6.337136,384976.90625,9695.843234999978,2.456679172213404
6.333122,394483.12155,6.333122,384853.15625,9629.965299999982,2.441160286443181
6.329114,394107.136843,6.329114,384787.78125,9319.355593000015,2.3646756736386014
6.325111,393638.68014,6.325111,384781.0,8857.680140000011,2.250205731014473
6.321113,393128.286721,6.321113,384327.0625,8801.224220999982,2.2387664582493247
6.317119,392819.469148,6.317119,383894.6875,8924.781648000004,2.2719804767714997
6.313131,392193.989477,6.313131,383444.625,8749.364477000025,2.2308767374705334
6.309148,391951.296632,6.309148,382509.03125,9442.265382000012,2.409040475981709
6.30517,391605.775551,6.30517,381193.5,10412.275551000028,2.6588666973436927
6.301197,391114.383442,6.301197,381150.625,9963.75844200002,2.5475305598106663
6.297229,390705.511401,6.297229,380787.875,9917.636401000025,2.538391732800788
6.293266,390497.310992,6.293266,380661.09375,9836.217241999984,2.518895000073764
6.289308,390037.853528,6.289308,380607.03125,9430.822278000007,2.417924873879706
6.285355,389773.73219,6.285355,378855.0625,10918.66969000001,2.8012841267295996
6.281407,389570.797339,6.281407,378532.53125,11038.266088999982,2.833442897773113
6.277464,389325.294751,6.277464,378262.5625,11062.732251000009,2.841513870316435
6.273526,388908.188685,6.273526,377973.96875,10934.219935000001,2.8115170246148455
6.269592,388726.93031,6.269592,377487.46875,11239.461560000025,2.8913514047089137
6.265664,388285.481927,6.265664,377045.09375,11240.388176999986,2.89487727463198
6.261741,387880.103553,6.261741,376337.15625,11542.947303000023,2.9759060073631214
6.257822,387598.490702,6.257822,376012.6875,11585.803201999981,2.9891249527355805
6.253909,387326.279318,6.253909,375906.46875,11419.810568000015,2.948369676363787
6.25,387101.454938,6.25,375409.09375,11692.36118800001,3.020490116698919
6.246096,386788.857488,6.246096,374969.3125,11819.544988000009,3.0558132063994905
6.242197,386683.803944,6.242197,374347.15625,12336.647693999985,3.1903709356770977
6.238303,386320.155147,6.238303,373821.78125,12498.373896999983,3.2352373363083227
6.234414,386024.872205,6.234414,373551.0625,12473.809705000021,3.2313487039704936
6.23053,385743.975429,6.23053,373046.0625,12697.912928999984,3.291798119433537
6.22665,385464.939122,6.22665,372557.0625,12907.87662200001,3.348651281074011
6.222775,384974.891476,6.222775,372497.75,12477.141476000019,3.2410273376953116
6.218905,384674.023408,6.218905,372121.21875,12552.804658000008,3.2632316959666454
6.21504,384284.233146,6.21504,372098.40625,12185.826896000013,3.1710452433187095
6.21118,383739.804903,6.21118,371847.25,11892.554903000011,3.0991194426666673
6.207325,383398.761256,6.207325,371199.5625,12199.198756000027,3.181856591303505
6.203474,383182.263394,6.203474,370570.71875,12611.544644000009,3.2912652408006746
6.199628,382860.443869,6.199628,369434.0625,13426.38136900001,3.5068604197706037
6.195787,382551.174464,6.195787,369376.40625,13174.768213999982,3.4439230862274592
6.19195,381949.583002,6.19195,369330.46875,12619.114252,3.3038691004236345
6.188119,381646.875593,6.188119,369070.625,12576.250592999975,3.295258365068257
6.184292,381503.825627,6.184292,368768.78125,12735.044377000013,3.3381170833791822
6.18047,380977.77689,6.18047,368588.78125,12388.99563999998,3.251894570106924
6.176652,380830.86168,6.176652,368577.375,12253.486679999973,3.2175666189302135
6.17284,380720.771953,6.17284,368088.78125,12631.990702999989,3.3179147641987363
6.169031,380226.478154,6.169031,367978.3125,12248.165654000011,3.2212816196980465
6.165228,379906.40256,6.165228,367662.71875,12243.683810000017,3.2228158639854265
6.161429,379569.395084,6.161429,367645.53125,11923.863834000018,3.1414186676882174
6.157635,379024.452735,6.157635,366953.625,12070.827734999999,3.1847094950993777
6.153846,378894.800023,6.153846,366753.53125,12141.268772999989,3.2043904461774035
6.150062,378752.27708,6.150062,366387.21875,12365.058330000029,3.2646822417356143
6.146281,378425.836065,6.146281,366172.8125,12253.023564999981,3.2378929759159867
6.142506,378247.018036,6.142506,366123.53125,12123.486786000023,3.2051770953673877
6.138735,378064.713135,6.138735,366019.5625,12045.150635000027,3.1860023473544654
6.134969,377684.515749,6.134969,365844.875,11839.640749000013,3.134796438641491
6.131208,377443.759236,6.131208,365831.25,11612.509236000013,3.076619748464086
6.127451,377283.052515,6.127451,365477.53125,11805.521264999988,3.129088673955379
6.123699,377034.934291,6.123699,365235.46875,11799.465541000012,3.1295417129419225
6.119951,376693.054347,6.119951,364410.59375,12282.460597000027,3.2606018229594795
6.116208,376500.706044,6.116208,363283.1875,13217.518543999991,3.510622511941669
6.112469,376218.253196,6.112469,363270.25,12948.003196000005,3.441620146286318
6.108735,375991.878471,6.108735,362399.09375,13592.784721000004,3.615180406629024
6.105006,375748.110594,6.105006,362374.375,13373.735594000027,3.559228966676161
6.101281,375305.381494,6.101281,362362.9375,12942.443993999972,3.4485101019546356
6.097561,375089.762647,6.097561,362258.84375,12830.918897000025,3.420759555380162
6.093845,374834.971469,6.093845,361773.59375,13061.377718999982,3.4845675332298063
6.090134,374589.211288,6.090134,361717.46875,12871.742537999991,3.436228847526431
6.086427,374482.362557,6.086427,361146.75,13335.612557000015,3.5610789426618723
6.082725,374092.482016,6.082725,360844.3125,13248.169516000024,3.541415599855171
6.079027,373711.121861,6.079027,360538.46875,13172.653111000021,3.5248223401548975
6.075334,373439.587155,6.075334,360528.0625,12911.524655000016,3.457460081659996
6.071645,373178.966195,6.071645,360364.6875,12814.278694999986,3.4338159049146535
6.067961,372791.068863,6.067961,359866.25,12924.818863000022,3.4670409091130527
6.064281,372461.242655,6.064281,359826.8125,12634.43015500001,3.392146271364646
6.060606,372187.20034,6.060606,359646.96875,12540.231589999981,3.3693344581824
6.056935,372085.876342,6.056935,359403.0625,12682.813841999974,3.408571689601746
6.053269,371683.408324,6.053269,359130.21875,12553.189574000018,3.3773876618827394
6.049607,371422.600431,6.049607,359021.28125,12401.319180999999,3.3388703774647714
6.045949,371068.065336,6.045949,358943.53125,12124.534086,3.267469022164789
6.042296,370540.996766,6.042296,358439.375,12101.621765999997,3.265933289870832
6.038647,370427.645605,6.038647,358434.03125,11993.614355000027,3.237775176151198
6.035003,370210.357851,6.035003,357445.9375,12764.420350999979,3.447883096814197
6.031363,370116.421367,6.031363,357320.8125,12795.608866999974,3.4571848554409605
6.027728,369933.787676,6.027728,356249.25,13684.537675999978,3.6991856737307107
6.024096,369554.490599,6.024096,355874.84375,13679.646849000012,3.7016589425897855
6.02047,369121.387559,6.02047,355767.875,13353.512558999995,3.6176480174467223
6.016847,368675.414614,6.016847,355523.65625,13151.758364000008,3.56730008095869
6.013229,368321.332989,6.013229,355027.34375,13293.989239000017,3.609345440601195
6.009615,368183.541773,6.009615,354284.15625,13899.385522999975,3.775124074277472
6.006006,367952.111949,6.006006,354128.625,13823.486948999984,3.7568712069020513
6.002401,367537.318185,6.002401,353954.125,13583.193184999982,3.6957317020425338
5.9988,366806.541901,5.9988,353575.9375,13230.604401000019,3.6069706751770307
5.995204,366369.090935,5.995204,353161.5625,13207.528434999986,3.6049789029127517
5.991612,366233.837182,5.991612,352654.9375,13578.899681999988,3.707713024684814
5.988024,365882.088492,5.988024,351945.90625,13936.18224200001,3.80892715995982
5.98444,365523.400359,5.98444,351248.0625,14275.337859000021,3.905451154421154
5.980861,365176.012466,5.980861,351211.4375,13964.574965999986,3.8240668853626216
5.977286,364717.749606,5.977286,351108.96875,13608.780856000027,3.7313184978524956
5.973716,364235.985311,5.973716,350405.25,13830.735311000026,3.7971907962885
5.970149,363856.666463,5.970149,350403.28125,13453.385213000001,3.6974409026989905
5.966587,363199.201086,5.966587,349557.28125,13641.919836000015,3.756043459129146
5.963029,362827.458693,5.963029,349110.25,13717.208693000022,3.7806423864425858
5.959476,362691.160478,5.959476,348396.21875,14294.941728000005,3.941353770287739
5.955926,362361.607321,5.955926,348340.59375,14021.013571000018,3.869343023026009
5.952381,362137.244419,5.952381,348180.25,13956.994418999995,3.854062136412425
5.94884,361920.98898,5.94884,348037.0625,13883.926480000024,3.8361760999628727
5.945303,361518.327089,5.945303,347790.09375,13728.233339000028,3.7973824036921804
5.941771,361191.324501,5.941771,347108.0625,14083.262000999996,3.899114138595819
5.938242,361057.848736,5.938242,346840.9375,14216.911236000014,3.937571579117008
5.934718,360785.196704,5.934718,346358.6875,14426.509204000002,3.998642221409096
5.931198,360463.327526,5.931198,346277.6875,14185.64002599998,3.93539063276188
5.927682,360204.268914,5.927682,345918.5625,14285.706414000015,3.966001418325993
5.924171,360013.251358,5.924171,345054.5625,14958.68885799998,4.155038405273849
5.920663,359382.397529,5.920663,344511.25,14871.147529000009,4.137973265037277
5.91716,358955.920404,5.91716,344467.75,14488.170403999975,4.036197644461119
5.913661,358804.119772,5.913661,342377.5,16426.619772000005,4.578158071997112
5.910165,358598.425087,5.910165,342243.5,16354.92508700001,4.5607911086146355
5.906675,358113.955066,5.906675,342183.5625,15930.392565999995,4.448414349858005
5.903188,357656.118002,5.903188,341515.9375,16140.180501999974,4.51276510860908
5.899705,357450.182415,5.899705,340144.71875,17305.46366499999,4.841363780564064
5.896226,357039.066612,5.896226,339887.34375,17151.722861999995,4.803878473231346
5.892752,356829.819956,5.892752,339227.46875,17602.35120600002,4.932982116845093
5.889282,356375.055794,5.889282,337720.1875,18654.868293999985,5.234616730522042
5.885815,356271.067233,5.885815,337673.09375,18597.97348300001,5.220175083944439
5.882353,356130.419631,5.882353,337125.375,19005.044631000026,5.336540655721536
5.878895,355917.628042,5.878895,336779.65625,19137.971791999997,5.377078931797563
5.875441,355628.952561,5.875441,336611.6875,19017.265061000013,5.347501918516613
5.871991,355388.738321,5.871991,336533.78125,18854.95707100001,5.305445850670014
5.868545,355089.24423,5.868545,335584.4375,19504.80673000001,5.492930874967947
5.865103,354846.455553,5.865103,335234.09375,19612.361802999978,5.526999494030642
5.861665,354740.800727,5.861665,335115.09375,19625.706976999994,5.532407587957008
5.858231,354567.625463,5.858231,334206.65625,20360.969212999975,5.742478373882077
5.854801,354199.89169,5.854801,333943.65625,20256.23544000002,5.718871155875033
5.851375,353880.609473,5.851375,333829.96875,20050.64072299999,5.665933703702913
5.847953,353614.484399,5.847953,333663.75,19950.734399000008,5.641944908707034
5.844535,352905.817206,5.844535,333224.09375,19681.723455999978,5.5770470466660695
5.841121,352681.662759,5.841121,333141.4375,19540.225259000028,5.540471003266354
5.837712,352255.274437,5.837712,333029.0,19226.274436999985,5.45805154166359
5.834306,352178.320106,5.834306,333011.84375,19166.476356,5.442264688590484
5.830904,352001.438638,5.830904,332712.15625,19289.282387999992,5.479887372800537
5.827506,351595.762491,5.827506,332137.0625,19458.699991,5.534395481088341
5.824112,351441.374729,5.824112,331301.09375,20140.280978999974,5.730765478176936
5.820722,351297.853402,5.820722,330419.4375,20878.41590199998,5.94322330746161
5.817336,351110.573585,5.817336,329894.875,21215.698585000006,6.0424550500937615
5.813953,350723.691278,5.813953,329882.625,20841.066278000013,5.942303527331551
5.810575,350555.816813,5.810575,329876.625,20679.191813000012,5.898972666036545
5.807201,350426.064896,5.807201,329342.34375,21083.721146000025,6.016596154814364
5.803831,349843.523603,5.803831,329264.15625,20579.36735299998,5.882449142135129
5.800464,349359.647321,5.800464,328994.6875,20364.959820999997,5.829224976944228
5.797101,349080.257994,5.797101,327944.8125,21135.445493999985,6.0546092223763806
5.793743,348891.118729,5.793743,327908.34375,20982.77497899998,6.014132734430044
5.790388,348316.80229,5.790388,327693.65625,20623.14604000002,5.920801380930713
5.787037,347964.941912,5.787037,327655.59375,20309.34816200001,5.8366075761552505
5.78369,347750.45913,5.78369,327140.71875,20609.740379999974,5.9265889774987786
5.780347,347468.755354,5.780347,326451.5,21017.255354000023,6.048674889512789
5.777008,347221.950587,5.777008,326136.9375,21085.013087,6.072488519621093
5.773672,346946.807501,5.773672,325706.5,21240.307501000003,6.1220645475859525
5.77034,346571.405662,5.77034,325462.625,21108.780662000005,6.09074502891526
5.767013,346398.572703,5.767013,325304.625,21093.947702999983,6.089501910588357
5.763689,346006.613724,5.763689,325162.625,20843.988723999995,6.024159047036793
5.760369,345869.084845,5.760369,325060.71875,20808.366095000005,6.0162549955354345
5.757052,345459.972403,5.757052,324985.53125,20474.441152999992,5.926718806402068
5.75374,345322.353,5.75374,324006.15625,21316.196750000003,6.172840120199228
5.750431,344852.7536,5.750431,323586.03125,21266.722349999996,6.166899387634757
5.747126,344608.997706,5.747126,323403.96875,21205.028955999995,6.1533590524792015
5.743825,344442.447902,5.743825,323183.75,21258.697901999985,6.171915811040939
5.740528,344236.833469,5.740528,323045.0,21191.833469000005,6.156178365761205
5.737235,344030.292729,5.737235,322147.1875,21883.10522899998,6.360807664759268
5.733945,343894.933161,5.733945,320513.59375,23381.339411000023,6.798977581927231
5.730659,343750.79302,5.730659,320288.0625,23462.730519999983,6.82550585959954
5.727377,343237.055338,5.727377,320161.34375,23075.711588000006,6.7229663083073525
5.724098,343021.25879,5.724098,319926.09375,23095.165039999993,6.73286697199692
5.720824,342762.730033,5.720824,319429.1875,23333.542533,6.80749115598231
5.717553,342460.619573,5.717553,319411.5,23049.119573000004,6.730443810368328
5.714286,342322.481371,5.714286,318637.8125,23684.668871,6.918817828190252
5.711022,342123.293285,5.711022,318611.21875,23512.07453500002,6.872398049615898
5.707763,341808.949317,5.707763,318588.125,23220.82431699999,6.793509755493431
5.704507,341609.206985,5.704507,318439.625,23169.581984999997,6.782481710458516
5.701254,341409.629024,5.701254,317509.65625,23899.972774000023,7.000380405884783
5.698006,341186.739475,5.698006,317453.375,23733.36447500001,6.956121598254272
5.694761,340998.967801,5.694761,317376.21875,23622.74905099999,6.927513359742996
5.69152,340798.616497,5.69152,316794.34375,24004.27274699998,7.043535855202419
5.688282,340599.966561,5.688282,316588.875,24011.09156099998,7.049645894988571
5.685048,340354.679229,5.685048,316038.3125,24316.366729,7.144419693034183
5.681818,339920.535419,5.681818,315626.0,24294.53541900002,7.147122014577195
5.678592,339759.741595,5.678592,315425.71875,24334.02284500003,7.162126604748434
5.675369,339326.104433,5.675369,314157.46875,25168.63568299997,7.417241218460258
5.67215,339006.437561,5.67215,314006.625,24999.812561,7.374435937223639
5.668934,338703.453466,5.668934,313920.03125,24783.422215999977,7.317144824591465
5.665722,338422.542797,5.665722,312660.625,25761.917796999973,7.612352765889195
5.662514,338105.892944,5.662514,312564.46875,25541.42419400002,7.554267679750382
5.65931,337556.148588,5.65931,312403.78125,25152.367337999982,7.451313638697601
5.656109,336899.620771,5.656109,311768.28125,25131.339520999987,7.459592701080081
5.652911,336772.824044,5.652911,311647.6875,25125.136544000008,7.460559389054907
5.649718,336487.278131,5.649718,311492.71875,24994.559381,7.4280845088203336
5.646527,336418.34916,5.646527,310980.5,25437.849159999983,7.561373873784093
5.643341,336319.557566,5.643341,309982.75,26336.807565999974,7.830887908096629
5.640158,335995.605462,5.640158,309366.875,26628.730462000007,7.925321054537313
5.636979,335623.825362,5.636979,309314.53125,26309.294111999974,7.83892325987974
5.633803,335222.543325,5.633803,309265.0,25957.543324999977,7.743376405277734
5.630631,334922.63833,5.630631,309097.53125,25825.107079999987,7.710767838438695
5.627462,334633.741347,5.627462,308727.75,25905.991347000003,7.741595704820652
5.624297,334283.311735,5.624297,308718.9375,25564.374234999996,7.647517341597332
5.621135,334101.326255,5.621135,308671.3125,25430.01375500002,7.611467467085353
5.617978,333818.216103,5.617978,308570.875,25247.341102999984,7.563200534032537
5.614823,333647.848344,5.614823,306607.28125,27040.567093999998,8.104523145649194
5.611672,333372.110833,5.611672,306125.625,27246.485832999984,8.172994964971405
5.608525,333177.896578,5.608525,304907.8125,28270.084077999985,8.484981857546995
5.605381,332962.342475,5.605381,304852.5625,28109.779975000012,8.442330074341843
5.602241,332631.834856,5.602241,304580.5,28051.334855999972,8.43314797819749
5.599104,332337.906842,5.599104,304433.25,27904.656842000026,8.396471262384898
5.595971,331851.036264,5.595971,304308.15625,27542.880013999995,8.299772188171984
5.592841,331626.707149,5.592841,303807.125,27819.582149000023,8.3888244068656
5.589715,331326.448903,5.589715,303488.25,27838.198902999982,8.402045473631949
5.586592,331190.36948,5.586592,303460.21875,27730.150729999994,8.372873514872712
5.583473,330998.664293,5.583473,302758.9375,28239.72679300001,8.531673942950478
5.580357,330816.619501,5.580357,302103.1875,28713.43200099998,8.679561517891996
5.577245,330727.021939,5.577245,302055.75,28671.271939,8.669165213929265
5.574136,330567.030828,5.574136,301660.3125,28906.718327999988,8.744586008954014
5.571031,330393.129919,5.571031,300393.875,29999.254919000028,9.079866438613514
5.567929,330139.556072,5.567929,300179.65625,29959.899822000007,9.07491976376986
5.56483,329869.907531,5.56483,299133.6875,30736.220030999975,9.317679281827639
5.561735,329558.032817,5.561735,298553.15625,31004.876567,9.40801724721323
5.558644,329428.510383,5.558644,298503.125,30925.385383000015,9.387586201038141
5.555556,329188.467255,5.555556,298464.0625,30724.404755000025,9.33337823502787
5.552471,329025.218401,5.552471,298293.125,30732.09340100002,9.340345870858211
5.54939,328725.67846,5.54939,297762.03125,30963.647210000025,9.419296768982937
5.546312,328100.870415,5.546312,297057.46875,31043.401665000012,9.461542002535566
5.543237,327973.989114,5.543237,296797.34375,31176.645363999996,9.505828632392964
5.540166,327856.966828,5.540166,296499.65625,31357.310577999975,9.56432644435786
5.537099,327682.451154,5.537099,296415.34375,31267.10740400001,9.541892552953803
5.534034,327265.190595,5.534034,296354.625,30910.565594999993,9.445112551934281
5.530973,327062.76949,5.530973,296107.21875,30955.550739999977,9.464712473471074
5.527916,326861.031905,5.527916,295926.4375,30934.59440499998,9.464142673939461
5.524862,326640.288358,5.524862,295889.125,30751.16335799999,9.414381646729538
5.521811,326156.523373,5.521811,295642.09375,30514.429622999975,9.355762474848
5.518764,325846.772407,5.518764,295155.1875,30691.58490700001,9.41902375778778
5.51572,325727.487149,5.51572,294955.25,30772.237148999993,9.447233765360311
5.512679,325519.306168,5.512679,294919.96875,30599.33741799998,9.400160555210729
5.509642,325301.416735,5.509642,294435.625,30865.791734999977,9.488366833687708
5.506608,324986.075549,5.506608,294392.25,30593.825549,9.413888117304028
5.503577,324595.650514,5.503577,294137.53125,30458.11926399998,9.383403386881275
5.50055,324225.461252,5.50055,294036.375,30189.08625200001,9.31113988871341
5.497526,323652.058496,5.497526,293791.84375,29860.214746000012,9.226023429221925
5.494505,323191.011986,5.494505,293784.78125,29406.230735999998,9.098715510465315
5.491488,322985.746692,5.491488,293761.6875,29224.059192000015,9.048095617627409
5.488474,322776.703414,5.488474,293658.0,29118.70341399999,9.021315078198734
5.485464,322595.096653,5.485464,292878.71875,29716.377902999986,9.211664470822525
5.482456,322430.922624,5.482456,292767.65625,29663.266374,9.199882608217314
5.479452,322152.375799,5.479452,292676.40625,29475.969548999972,9.149698019731776
5.476451,321793.771796,5.476451,292576.03125,29217.740546000015,9.079647621185936
5.473454,321546.584747,5.473454,291834.65625,29711.928497000015,9.240318481497175
5.47046,321282.897669,5.47046,291823.625,29459.272669000027,9.169262628896695
5.467469,321063.756219,5.467469,291795.78125,29267.974968999973,9.115938626543716
5.464481,320878.765867,5.464481,291655.375,29223.39086699998,9.10729969558431
5.461496,320663.917636,5.461496,291360.65625,29303.261386000027,9.138309542910116
5.458515,320518.910207,5.458515,291118.5,29400.41020699998,9.172753703677696
5.455537,320111.295218,5.455537,291041.34375,29069.951468000014,9.08120141409037
5.452563,320026.507085,5.452563,290623.46875,29403.03833499999,9.187688420818985
5.449591,319708.124852,5.449591,289896.6875,29811.43735199998,9.324579212930656
5.446623,319455.669887,5.446623,289786.90625,29668.763636999996,9.287286604584176
5.443658,319336.265325,5.443658,289348.3125,29987.952824999986,9.390713201483763
5.440696,318995.749056,5.440696,289301.15625,29694.59280599997,9.308773829706132
5.437738,318841.568313,5.437738,287473.71875,31367.849563000025,9.838067767941371
5.434783,318586.059922,5.434783,286536.0,32050.059921999986,10.060094886087251
5.431831,318485.742887,5.431831,285518.375,32967.36788699997,10.351285300295821
5.428882,318395.838495,5.428882,284075.15625,34320.682244999975,10.779249630657135
5.425936,317999.702946,5.425936,283466.0,34533.702945999976,10.859665158826957
5.422993,317798.336236,5.422993,283213.875,34584.461236,10.882518028765658
5.420054,317576.161484,5.420054,283079.40625,34496.75523399998,10.862514073096758
5.417118,317111.060376,5.417118,282850.75,34260.31037600001,10.803883767213103
5.414185,316732.038702,5.414185,282228.34375,34503.69495199999,10.89365480467326
5.411255,316493.157558,5.411255,281796.9375,34696.220058000006,10.962707796184072
5.408329,316156.981754,5.408329,281046.1875,35110.79425400001,11.105493878139159
5.405405,316037.016955,5.405405,280970.875,35066.141955,11.095580604088859
5.402485,315393.542055,5.402485,280910.8125,34482.72955500003,10.933238940252856
5.399568,315097.283766,5.399568,280718.0,34379.28376600001,10.91068871019879
5.396654,314859.1841,5.396654,280681.96875,34177.21535000001,10.854762089183732
5.393743,314684.653895,5.393743,280363.09375,34321.560144999996,10.90665201502072
5.390836,314218.843185,5.390836,279817.71875,34401.124435000005,10.948141774790363
5.387931,314109.226179,5.387931,279314.1875,34795.03867899999,11.07736920123814
5.38503,313711.646129,5.38503,278676.34375,35035.302379,11.167995454205512
5.382131,313536.558771,5.382131,277964.625,35571.93377100001,11.345386295759194
5.379236,313234.742012,5.379236,277849.96875,35384.773262,11.296567243694957
5.376344,312936.387706,5.376344,277712.59375,35223.79395600001,11.255895875264061
5.373455,312527.581781,5.373455,277593.65625,34933.925531000015,11.177869592156364
5.370569,312204.583009,5.370569,277483.25,34721.333008999994,11.12133994778644
5.367687,311975.451276,5.367687,277289.125,34686.32627600001,11.118287074874212
5.364807,311745.880087,5.364807,277250.25,34495.63008700003,11.0653042399063
5.36193,311372.382218,5.36193,277248.1875,34124.19471800001,10.95928754982154
5.359057,311201.515456,5.359057,277211.5625,33989.952955999994,10.92216819901886
5.356186,310751.173406,5.356186,276526.0,34225.173406000016,11.013690803118683
5.353319,310341.94344,5.353319,276479.46875,33862.47469,10.91134324759644
5.350455,309881.597842,5.350455,276366.90625,33514.69159200002,10.815321666531558
5.347594,309683.337717,5.347594,275944.84375,33738.49396699999,10.894513801007745
5.344735,309483.344142,5.344735,275852.9375,33630.406642000016,10.86662894096472
5.34188,309311.568579,5.34188,275431.71875,33879.84982900001,10.953308337171649
5.339028,309116.972445,5.339028,275294.8125,33822.15994500002,10.941540892264616
5.336179,308950.863189,5.336179,274917.25,34033.613188999996,11.015866030508551
5.333333,308263.300616,5.333333,274353.65625,33909.64436600002,11.00022101179046
5.33049,308078.913421,5.33049,274199.90625,33879.007171000005,10.996860120933762
5.327651,307895.120513,5.327651,274107.3125,33787.808013,10.973804312554348
5.324814,307728.59409,5.324814,273424.1875,34304.40659000003,11.147617494384408
5.32198,307456.248806,5.32198,273213.34375,34242.90505599999,11.137488728552958
5.319149,307277.765526,5.319149,272902.96875,34374.796776,11.186880611799884
5.316321,306953.114084,5.316321,272880.53125,34072.582834,11.100256446551567
5.313496,306884.79306,5.313496,272868.21875,34016.574309999996,11.084477002204965
5.310674,306662.364495,5.310674,272746.34375,33916.02074499999,11.05972713699368
5.307856,306389.465508,5.307856,272484.5625,33904.903007999994,11.065949330792092
5.30504,306056.062991,5.30504,272421.875,33634.18799100001,10.989551280998173
5.302227,305833.303327,5.302227,271984.09375,33849.209577,11.067862527975931
5.299417,305686.515954,5.299417,271866.84375,33819.672204,11.063514561135964
5.29661,305521.650278,5.29661,271830.46875,33691.18152799999,11.027428497241926
5.293806,305247.239618,5.293806,271737.5625,33509.67711799999,10.977880474835906
5.291005,305101.644609,5.291005,271707.21875,33394.42585900001,10.945344428344955
5.288207,304877.027223,5.288207,271352.96875,33524.05847300001,10.995928023294157
5.285412,304613.965435,5.285412,270819.5,33794.46543500002,11.094194380333242
5.28262,304476.147027,5.28262,270690.1875,33785.95952700003,11.096422447832667
5.279831,304041.71084,5.279831,270657.53125,33384.179590000014,10.980131475305447
5.277045,303828.319215,5.277045,269971.75,33856.569215000025,11.14332242052851
5.274262,303540.144543,5.274262,269763.90625,33776.23829299997,11.127436979992337
5.271481,303275.254835,5.271481,269671.03125,33604.22358500003,11.080437012008364
5.268704,303107.95896,5.268704,268950.84375,34157.11521000002,11.268960184086621
5.265929,302550.31173,5.265929,268788.125,33762.186730000016,11.15919746932201
5.263158,302356.635411,5.263158,267649.9375,34706.697910999996,11.478728708507562
5.260389,302149.765875,5.260389,266749.28125,35400.48462499998,11.716204552561276
5.257624,301718.748813,5.257624,266255.5625,35463.186312999984,11.753723112175388
5.254861,301444.06972,5.254861,266069.0625,35375.00722000003,11.735181008158008
5.252101,301150.414406,5.252101,265759.1875,35391.226905999996,11.75201002987392
5.249344,300746.12641,5.249344,265538.03125,35208.095160000026,11.706915590328059
5.24659,300518.338695,5.24659,265493.46875,35024.869944999984,11.654819501896418
5.243838,300361.001739,5.243838,265482.21875,34878.78298900003,11.612287476424152
5.24109,299911.889779,5.24109,264146.28125,35765.60852900002,11.925372000208158
5.238345,299715.650539,5.238345,263743.40625,35972.244288999995,12.002124088050973
5.235602,299488.741259,5.235602,263471.8125,36016.92875899997,12.026137813258323
5.232862,299239.962108,5.232862,263283.53125,35956.43085800001,12.015918797978866
5.230126,298998.541982,5.230126,263190.84375,35807.698231999995,11.975877204831203
5.227392,298559.199896,5.227392,262458.59375,36100.60614599998,12.091607345737545
5.22466,298521.629969,5.22466,262005.859375,36515.770594,12.232202603808636
5.221932,298153.029453,5.221932,261682.875,36470.154452999996,12.232025453475744
5.219207,298026.539456,5.219207,261528.28125,36498.25820600003,12.246646984064501
5.216484,297861.000093,5.216484,261484.875,36376.12509300001,12.212449794247124
5.213764,297644.395754,5.213764,261296.28125,36348.114504,12.211926386828845
5.211047,297246.917879,5.211047,261013.28125,36233.636629000015,12.189743425279048
5.208333,297092.745015,5.208333,260794.46875,36298.27626499999,12.217826545433589
5.205622,296881.468557,5.205622,260390.734375,36490.734181999986,12.291347910451986
5.202914,296451.948821,5.202914,259961.515625,36490.433196,12.309054921421078
5.200208,296202.846405,5.200208,259754.46875,36448.37765500002,12.305208439882419
5.197505,296050.446571,5.197505,259640.375,36410.07157099998,12.298603833474703
5.194805,295749.70601,5.194805,259059.703125,36690.00288500002,12.405761405476916
5.192108,295286.051114,5.192108,258369.046875,36917.00423899997,12.502115863491149
5.189414,295085.365364,5.189414,258178.9375,36906.42786400003,12.507034301234974
5.186722,294933.630742,5.186722,258082.34375,36851.28699200001,12.494772772873949
5.184033,294668.486142,5.184033,257675.75,36992.73614200001,12.554018458619055
5.181347,294573.462965,5.181347,256100.453125,38473.00984000001,13.060582393523756
5.178664,294279.94173,5.178664,256051.8125,38228.12923000002,12.990395813342278
5.175983,293935.166117,5.175983,255472.140625,38463.025491999986,13.085547401527961
5.173306,293790.866537,5.173306,255048.0,38742.866536999994,13.18722634017648
5.170631,293465.10276,5.170631,254725.515625,38739.58713499998,13.20074747241132
5.167959,292910.164622,5.167959,254523.0625,38387.10212200001,13.105418233450003
5.165289,292801.722095,5.165289,254133.3125,38668.409594999976,13.206346369251868
5.162623,292549.829757,5.162623,253229.78125,39320.04850700003,13.4404619341807
5.159959,292340.939688,5.159959,253138.75,39202.18968800001,13.409750180675491
5.157298,292041.362869,5.157298,252759.640625,39281.722244000004,13.45073925765114
5.154639,291820.289883,5.154639,252742.21875,39078.07113300002,13.39114259281548
5.151984,291671.34947,5.151984,252522.03125,39149.318220000016,13.422407888583768
5.149331,291431.777241,5.149331,251996.8125,39434.964740999974,13.531456697801753
5.14668,291245.058314,5.14668,251865.296875,39379.76143900002,13.521177549575286
5.144033,291155.914517,5.144033,251710.078125,39445.83639200003,13.548011366156487
5.141388,291007.280666,5.141388,251581.921875,39425.35879099998,13.5478943003663
5.138746,290839.427824,5.138746,251539.625,39299.80282400001,13.512543026931715
5.136107,290654.920492,5.136107,251391.203125,39263.717367000005,13.508705546954847
5.13347,290421.000986,5.13347,250750.6875,39670.313486,13.659588442749133
5.130836,290155.993251,5.130836,250095.546875,40060.44637600001,13.806520391721028
5.128205,289943.962631,5.128205,249145.921875,40798.04075599997,14.071008889370114
5.125577,289767.823243,5.125577,248887.0625,40880.76074300002,14.108109135608654
5.122951,289434.823052,5.122951,248656.140625,40778.68242700002,14.089072626783993
5.120328,289195.775444,5.120328,247993.4375,41202.33794400003,14.24721294104051
5.117707,288690.277976,5.117707,247976.09375,40714.18422599998,14.103067311946237
5.11509,288594.594581,5.11509,247127.453125,41467.14145599998,14.368648004722548
5.112474,288462.778775,5.112474,247082.96875,41379.81002500001,14.344939128966836
5.109862,288187.842504,5.109862,246576.0,41611.842504,14.439138772282679
5.107252,287936.163832,5.107252,246201.28125,41734.88258199999,14.494491427047954
5.104645,287270.817473,5.104645,245571.171875,41699.645597999974,14.515795918574026
5.102041,287085.400813,5.102041,245385.78125,41699.619562999986,14.525162005769163
5.099439,286906.868373,5.099439,245362.5,41544.368373000005,14.480088472120253
5.09684,286552.182684,5.09684,245077.65625,41474.526434,14.473638290076016
5.094244,286354.03645,5.094244,244779.609375,41574.427075000014,14.518540611617773
5.09165,285977.486728,5.09165,244770.703125,41206.78360299999,14.40910054650307
5.089059,285498.954248,5.089059,244737.6875,40761.266747999995,14.277203520890144
5.08647,285334.952114,5.08647,244423.15625,40911.795863999985,14.338164869354832
5.083884,285066.432399,5.083884,243777.15625,41289.27614899998,14.484089130216663
5.081301,284906.390018,5.081301,243734.953125,41171.43689299998,14.450864682395794
5.07872,284745.676818,5.07872,242757.1875,41988.48931799998,14.745962006242374
5.076142,284500.629771,5.076142,242598.90625,41901.72352100001,14.728165471804932
5.073567,284382.346806,5.073567,242474.734375,41907.61243099999,14.736362120110266
5.070994,284196.272775,5.070994,241756.015625,42440.25715000002,14.933432003029907
5.068424,283864.075821,5.068424,241372.5,42491.57582099998,14.968986722995714
5.065856,283540.04085,5.065856,241319.8125,42220.22834999999,14.890393689523233
5.063291,283198.916709,5.063291,241112.015625,42086.90108400001,14.861250732553561
5.060729,282876.307203,5.060729,241056.75,41819.557203000004,14.783690304960434
5.058169,282593.751989,5.058169,241050.125,41543.62698900001,14.700829971151345
5.055612,282285.939586,5.055612,240435.109375,41850.83021099999,14.82568712858258
5.053057,282049.422639,5.053057,240182.75,41866.672639,14.843736337863698
5.050505,281616.47112,5.050505,240180.84375,41435.62737,14.713495700449924
5.047956,281126.376724,5.047956,240169.0,40957.37672399997,14.569026642494842
5.045409,281002.375755,5.045409,239895.703125,41106.67262999999,14.628585441512431
5.042864,280839.932998,5.042864,239400.59375,41439.339248000004,14.755501044894178
5.040323,280519.373997,5.040323,239135.0625,41384.31149699999,14.752746274645034
5.037783,280323.320453,5.037783,238940.09375,41383.22670300002,14.76267712444512
5.035247,280045.831684,5.035247,238752.90625,41292.925433999975,14.745059830276055
5.032713,279833.383691,5.032713,238263.6875,41569.696190999995,14.855159753527635
5.030181,279598.18853,5.030181,238000.703125,41597.485404999985,14.8775947454097
5.027652,279190.597177,5.027652,237873.65625,41316.94092700002,14.798829668610253
5.025126,278852.118809,5.025126,237831.390625,41020.72818400001,14.710567149069142
5.022602,278753.7466,5.022602,237618.4375,41135.30910000001,14.75686321770859
5.02008,278491.854427,5.02008,237608.203125,40883.651301999984,14.6803759794406
5.017561,278370.254784,5.017561,236388.9375,41981.31728399999,15.081107468387808
5.015045,278129.549424,5.015045,236271.15625,41858.393174000026,15.049962602207426
5.012531,277974.420208,5.012531,235817.875,42156.545207999996,15.16562033889863
5.01002,277774.399492,5.01002,235791.234375,41983.165117,15.114123257499518
5.007511,277480.465747,5.007511,235566.03125,41914.43449700001,15.105364042172459
5.005005,277190.831239,5.005005,235509.75,41681.08123900002,15.036962461092978
5.002501,276867.188423,5.002501,235027.8125,41839.375922999985,15.111713367449465
5.0,276520.264436,5.0,234854.28125,41665.98318600003,15.067967358914313
4.997501,276123.853943,4.997501,234830.40625,41293.447693000024,14.954683234837143
4.995005,276018.231159,4.995005,234504.140625,41514.09053400002,15.040343661243835
4.992511,275392.747139,4.992511,233851.75,41540.997138999985,15.08427421221549
4.99002,274985.254391,4.99002,233805.28125,41179.973141000024,14.975338671231603
4.987531,274854.13937,4.987531,233610.03125,41244.10811999999,15.005816617692801
4.985045,274673.373532,4.985045,233203.203125,41470.170407,15.097994346426388
4.982561,274497.891892,4.982561,232827.46875,41670.423141999985,15.180598603065059
4.98008,274351.214879,4.98008,232704.65625,41646.55862899998,15.180016114515038
4.977601,274187.089108,4.977601,232176.125,42010.964107999986,15.322006679698994
4.975124,273990.123314,4.975124,231644.78125,42345.342064000026,15.455061500691809
4.97265,273880.029003,4.97265,231417.28125,42462.747753,15.50414168845253
4.970179,273682.517294,4.970179,231056.140625,42626.37666900002,15.57511860474784
4.96771,273443.3802,4.96771,230567.03125,42876.348950000014,15.680156132739326
4.965243,273302.087718,4.965243,230025.234375,43276.853342999995,15.834805253172506
4.962779,273189.311301,4.962779,229261.234375,43928.07692600001,16.079720219214597
4.960317,272965.193013,4.960317,228640.90625,44324.28676300001,16.238072801058216
4.957858,272630.977485,4.957858,228637.3125,43993.66498499998,16.136708084619798
4.955401,272322.268358,4.955401,227399.1875,44923.08085799997,16.49629357484025
4.952947,272082.40363,4.952947,227364.15625,44718.247380000015,16.435552899926435
4.950495,271785.662512,4.950495,227230.0,44555.66251200001,16.393676583301286
4.948046,271611.480491,4.948046,227170.203125,44441.277365999995,16.362076185315217
4.945598,271471.833527,4.945598,227033.9375,44437.89602699998,16.369247391030083
4.943154,271166.769424,4.943154,226999.484375,44167.285049,16.287867847088386
4.940711,270853.56771,4.940711,226692.875,44160.692709999974,16.304268421999282
4.938272,270349.269931,4.938272,226664.46875,43684.80118100002,16.158653282899373
4.935834,270046.374299,4.935834,226576.609375,43469.76492400002,16.097148142366667
4.933399,269770.206576,4.933399,226006.21875,43763.987826000026,16.222691297702948
4.930966,269469.144369,4.930966,225685.1875,43783.95686899999,16.24822647933451
4.928536,269214.687308,4.928536,225434.5625,43780.12480799999,16.26216059969735
4.926108,268943.752138,4.926108,225346.359375,43597.39276299998,16.21059883950357
4.923683,268736.337794,4.923683,225253.6875,43482.65029399999,16.180413356429543
4.92126,268558.810101,4.92126,225179.515625,43379.29447600001,16.15262387396111
4.918839,268404.804674,4.918839,225060.34375,43344.46092400001,16.148913942373525
4.916421,268213.779649,4.916421,224897.84375,43315.935898999975,16.149780207297965
4.914005,268106.489832,4.914005,224463.578125,43642.91170699999,16.278200402514454
4.911591,267932.886234,4.911591,223748.1875,44184.698733999976,16.49095762563881
4.90918,267647.388769,4.90918,223592.25,44055.13876900001,16.4601414464099
4.906771,267145.986774,4.906771,223193.84375,43952.14302399999,16.45248111519736
4.904365,266892.190441,4.904365,222860.40625,44031.784190999984,16.49796650784122
4.901961,266623.112092,4.901961,222278.640625,44344.471467000025,16.631893281516675
4.899559,266469.209717,4.899559,220970.09375,45499.11596700002,17.074811763551118
4.89716,266239.541039,4.89716,220438.359375,45801.181663999974,17.20299752818865
4.894763,266028.886049,4.894763,220054.078125,45974.80792400002,17.28188566542804
4.892368,265740.580269,4.892368,220037.546875,45703.03339400003,17.19836441530173
4.889976,265322.575657,4.889976,220007.015625,45315.56003200001,17.079421123433697
4.887586,265176.088371,4.887586,219496.53125,45679.55712100002,17.22612223508294
4.885198,265071.657133,4.885198,219427.25,45644.40713299997,17.21964831196488
4.882812,264906.393606,4.882812,219346.984375,45559.409231,17.198304884540207
4.880429,264661.728808,4.880429,218824.5,45837.228807999985,17.319175316523683
4.878049,264561.768714,4.878049,218248.046875,46313.721839000005,17.50582560138032
4.87567,264342.867862,4.87567,218238.3125,46104.555362000014,17.441195117119204
4.873294,264208.391184,4.873294,218074.609375,46133.78180900001,17.461134221460632
4.870921,263984.135448,4.870921,217244.8125,46739.322947999986,17.705352963230162
4.868549,263751.185203,4.868549,217034.90625,46716.27895299997,17.712253659464736
4.86618,263352.823179,4.86618,216937.765625,46415.057554,17.624666784928237
4.863813,263281.801389,4.863813,216862.390625,46419.41076399997,17.631074582103416
4.861449,263000.204594,4.861449,216840.8125,46159.39209400001,17.551086002103084
4.859086,262594.452945,4.859086,216830.796875,45763.65607000003,17.427502963889776
4.856727,262357.305039,4.856727,216251.53125,46105.773789,17.573657338089472
4.854369,262120.115269,4.854369,216177.3125,45942.802769,17.527385382785802
4.852014,261796.133589,4.852014,216153.015625,45643.117964000005,17.43460353606911
4.849661,261694.60931,4.849661,215520.59375,46174.01556,17.64423641806961
4.84731,261325.588739,4.84731,215420.703125,45904.885614,17.566165577396898
4.844961,261224.182037,4.844961,215253.984375,45970.19766199999,17.59798702536993
4.842615,261135.195882,4.842615,215000.265625,46134.930257,17.66706709188567
4.840271,260858.05442,4.840271,214587.453125,46270.601295,17.737846507319667
4.837929,260649.434099,4.837929,214091.640625,46557.793474000006,17.86222695435295
4.83559,260579.831169,4.83559,213782.8125,46797.01866900001,17.958803050513005
4.833253,260277.324001,4.833253,212464.125,47813.199001,18.370097811831005
4.830918,260054.479866,4.830918,211861.125,48193.35486600001,18.5320225557479
4.828585,259845.568659,4.828585,211843.4375,48002.13115900001,18.47333068126864
4.826255,259608.258759,4.826255,211238.734375,48369.52438399999,18.631735606263003
4.823927,259352.860786,4.823927,211039.71875,48313.142036000005,18.628343597051995
4.821601,258936.616646,4.821601,210648.28125,48288.33539600001,18.648708715467784
4.819277,258702.676571,4.819277,209422.96875,49279.70782099999,19.04878158748982
4.816956,258482.610299,4.816956,208733.1875,49749.42279899999,19.246719437509665
4.814636,258221.60711,4.814636,208519.34375,49702.26336000001,19.24791031868503
4.81232,258098.077675,4.81232,208060.40625,50037.67142500001,19.38707636870043
4.810005,257863.338627,4.810005,207931.046875,49932.29175199999,19.36385839796606
4.807692,257776.621423,4.807692,207554.0625,50222.558923000004,19.482976635257785
4.805382,257494.712266,4.805382,207427.4375,50067.27476599999,19.44400113128496
4.803074,257336.383564,4.803074,207302.265625,50034.11793899999,19.44307961666696
4.800768,257024.44214,4.800768,207280.9375,49743.50464,19.35360863964251
4.798464,256842.15168,4.798464,205929.40625,50912.74543000001,19.822581728497692
4.796163,256681.503487,4.796163,205636.40625,51045.09723700001,19.886550664366535
4.793864,256599.183724,4.793864,205528.0,51071.183724,19.90309672182455
4.791567,256201.776993,4.791567,204891.0,51310.77699300001,20.02748677047698
4.789272,255813.08239,4.789272,204514.71875,51298.363639999996,20.053064980387923
4.786979,255699.181291,4.786979,204497.8125,51201.368790999986,20.02406442308079
4.784689,255546.647234,4.784689,204352.609375,51194.037859000004,20.033147925483224
4.782401,255314.85501,4.782401,204326.9375,50987.91751,19.970603554580848
4.780115,255134.940363,4.780115,203633.5,51501.440363,20.185961315108376
4.777831,254885.461918,4.777831,203334.328125,51551.133792999986,20.225215437977653
4.775549,254775.329306,4.775549,202701.46875,52073.860556,20.439129918052725
4.77327,254568.355116,4.77327,202658.984375,51909.37074099999,20.391132557440724
4.770992,254281.971894,4.770992,202441.78125,51840.19064399999,20.386891865700214
4.768717,253900.480596,4.768717,202327.328125,51573.15247100001,20.31234929132013
4.766444,253652.162602,4.766444,202271.96875,51380.193852,20.256162346472685
4.764173,253459.962626,4.764173,201923.78125,51536.18137599999,20.3330659572635
4.761905,253269.374265,4.761905,201572.53125,51696.84301499999,20.411801926319253
4.759638,252765.053662,4.759638,200882.875,51882.17866199999,20.52585114530008
4.757374,252449.16723,4.757374,200710.4375,51738.72972999999,20.4947119840812
4.755112,252235.307882,4.755112,200567.703125,51667.604756999994,20.483890693515036
4.752852,252083.040723,4.752852,200385.3125,51697.72822300001,20.508213513580934
4.750594,251773.009749,4.750594,200104.125,51668.88474899999,20.522010997330586
4.748338,251599.044152,4.748338,199800.625,51798.41915199999,20.58768519037247
4.746084,251480.811944,4.746084,199687.0,51793.81194399999,20.59553233649233
4.743833,251188.211075,4.743833,198846.84375,52341.367325,20.83750949178577
4.741584,250968.450766,4.741584,198448.859375,52519.591390999994,20.926770369224073
4.739336,250782.900759,4.739336,198287.4375,52495.46325900001,20.932632607774025
4.737091,250563.994659,4.737091,197194.71875,53369.27590899999,21.299658788419233
4.734848,250399.237196,4.734848,197063.359375,53335.877821,21.300335583391313
4.732608,250257.654898,4.732608,196000.8125,54256.84239800001,21.680392721698766
4.730369,250119.135211,4.730369,195681.59375,54437.541460999986,21.764644842177542
4.728132,249902.990113,4.728132,195629.71875,54273.27136300001,21.71773588561664
4.725898,249692.391486,4.725898,195138.875,54553.51648600001,21.848289473833955
4.723666,249578.824665,4.723666,195096.28125,54482.54341499999,21.829794049286754
4.721435,249343.969892,4.721435,194965.15625,54378.813641999994,21.80875425443553
4.719207,249169.879332,4.719207,194813.96875,54355.91058200001,21.814799897853977
4.716981,249001.466681,4.716981,193619.8125,55381.65418099999,22.241497176380236
4.714757,248852.768306,4.714757,193217.078125,55635.69018100001,22.356870112285826
4.712535,248797.616084,4.712535,192361.0625,56436.55358400001,22.683719591969755
4.710316,248324.512066,4.710316,192290.453125,56034.058940999996,22.564852126280307
4.708098,248076.963063,4.708098,192210.6875,55866.275563,22.519735356810447
4.705882,247734.680777,4.705882,192095.421875,55639.258902,22.459212705904527
4.703669,247487.724383,4.703669,191990.5625,55497.16188299999,22.42420791631478
4.701457,247201.556544,4.701457,191960.65625,55240.90029399999,22.346501804557825
4.699248,247028.124028,4.699248,191698.515625,55329.60840299999,22.398100872404523
4.697041,246832.082286,4.697041,191685.234375,55146.84791099999,22.34184770483049
4.694836,246532.084228,4.694836,191084.09375,55447.99047799999,22.49118635070642
4.692633,246236.125383,4.692633,190755.40625,55480.719133000006,22.531510779218248
4.690432,246121.650264,4.690432,190512.34375,55609.306513999996,22.594236002542324
4.688233,245915.305254,4.688233,189837.9375,56077.367754000006,22.803528920690415
4.686036,245752.667527,4.686036,189494.796875,56257.87065200001,22.89206917594054
4.683841,245508.589337,4.683841,189474.671875,56033.91746200001,22.82360776595252
4.681648,245312.525394,4.681648,189352.453125,55960.072269,22.81174684379516
4.679457,245065.685136,4.679457,188912.5625,56153.122635999986,22.91349872375548
4.677268,244710.817204,4.677268,188653.546875,56057.27032899999,22.90755716052739
4.675082,244448.016945,4.675082,188275.4375,56172.57944500001,22.97935575302239
4.672897,244317.457096,4.672897,188159.96875,56157.488346,22.985458760703274
4.670715,244107.103667,4.670715,187901.78125,56205.32241699999,23.02486145330403
4.668534,243768.707625,4.668534,187836.03125,55932.67637500001,22.944978016228266
4.666356,243676.619882,4.666356,187690.09375,55986.526132,22.975748005332388
4.664179,243437.839751,4.664179,187674.3125,55763.52725099999,22.906680123368506
4.662005,243230.614527,4.662005,187638.21875,55592.395777,22.855838227892534
4.659832,242889.138213,4.659832,187347.71875,55541.419463,22.866983625382755
4.657662,242750.183591,4.657662,187307.171875,55443.01171600001,22.839534411810664
4.655493,242662.088086,4.655493,187046.25,55615.838086,22.919047027358317
4.653327,242582.233191,4.653327,186910.21875,55672.01444100001,22.949749331875424
4.651163,242269.217708,4.651163,186708.796875,55560.42083300001,22.9333389353514
4.649,242202.637543,4.649,186622.0,55580.63754299999,22.947990206395815
4.64684,242033.88507,4.64684,186207.40625,55826.47881999999,23.06556323873994
4.644682,241700.006766,4.644682,186019.3125,55680.694266000006,23.03710910521688
4.642526,241522.152634,4.642526,185980.171875,55541.980759,22.996640330200975
4.640371,241276.080394,4.640371,185862.453125,55413.62726899999,22.966896336557863
4.638219,240947.152715,4.638219,185439.96875,55507.183965000004,23.037078188948627
4.636069,240557.075101,4.636069,185100.03125,55457.043850999995,23.05359084854015
4.63392,240341.39729,4.63392,184182.140625,56159.25666499999,23.36645176329623
4.631774,240193.195974,4.631774,184059.4375,56133.758474,23.370253368907363
4.62963,239960.818301,4.62963,183694.46875,56266.34955099999,23.44814038782827
4.627487,239774.832975,4.627487,183460.484375,56314.3486,23.486346711738335
4.625347,239632.941062,4.625347,183161.171875,56471.769187,23.56594587402285
4.623209,239438.980901,4.623209,183067.84375,56371.137151,23.5430074664023
4.621072,239170.877899,4.621072,183034.375,56136.502899000014,23.471295248038526
4.618938,238944.660234,4.618938,183004.9375,55939.72273400001,23.411162517387034
4.616805,238792.037014,4.616805,182509.765625,56282.271389,23.56957631116496
4.614675,238580.340071,4.614675,182114.75,56465.59007100001,23.66732734733977
4.612546,238328.513672,4.612546,181990.9375,56337.576172,23.638621877000702
4.61042,238079.519471,4.61042,181417.75,56661.76947100001,23.799514379439035
4.608295,237737.514865,4.608295,181355.15625,56382.358615000005,23.716222762325458
4.606172,237310.311068,4.606172,180861.109375,56449.20169300001,23.78708343474582
4.604052,236923.275896,4.604052,180505.125,56418.15089600001,23.812835899147938
4.601933,236570.884638,4.601933,180397.0,56173.88463799999,23.745054140519905
4.599816,236310.593664,4.599816,180237.78125,56072.812414000015,23.728437876859452
4.597701,235989.395701,4.597701,179599.109375,56390.286326,23.89526281826953
4.595588,235785.382585,4.595588,179325.796875,56459.585710000014,23.94532904924523
4.593477,235542.549758,4.593477,179298.640625,56243.90913300001,23.87844964350851
4.591368,235278.206715,4.591368,179225.125,56053.08171500001,23.824170754114466
4.589261,234958.84031,4.589261,178999.515625,55959.324685,23.816650018857935
4.587156,234833.339443,4.587156,178848.21875,55985.120693000004,23.84036305312986
4.585053,234708.464558,4.585053,178451.78125,56256.68330800001,23.96874923703407
4.582951,234557.256188,4.582951,178305.9375,56251.318688,23.981913670969103
4.580852,234438.574987,4.580852,178158.53125,56280.043737,24.006306871691578
4.578755,234135.946604,4.578755,178158.40625,55977.540354,23.90813592099816
4.576659,233922.122762,4.576659,178064.984375,55857.13838700001,23.878518939327037
4.574565,233577.838293,4.574565,177941.796875,55636.04141800001,23.819058273931866
4.572474,233193.569172,4.572474,177596.578125,55596.99104699999,23.841562717363146
4.570384,232693.75878,4.570384,177104.5625,55589.196280000004,23.88942297870427
4.568296,232528.553199,4.568296,176887.9375,55640.61569899999,23.9285089652548
4.56621,232298.161471,4.56621,176813.65625,55484.505221,23.88503846507053
4.564126,232165.481353,4.564126,175809.671875,56355.80947800001,24.273983001078808
4.562044,232066.251022,4.562044,175792.53125,56273.71977200001,24.248989038335107
4.559964,231534.291069,4.559964,175763.171875,55771.119194,24.08762820250221
4.557885,231468.510743,4.557885,175684.234375,55784.27636799999,24.100157809343408
4.555809,231309.653549,4.555809,174419.75,56889.90354900001,24.594694893245606
4.553734,231136.246506,4.553734,174285.140625,56851.105880999996,24.596361124833017
4.551661,230735.561236,4.551661,174251.515625,56484.04561100001,24.479991427601067
4.549591,230565.544439,4.549591,173236.140625,57329.40381399999,24.86468824016654
4.547522,230338.826588,4.547522,172881.875,57456.951587999996,24.944536029425677
4.545455,230157.5033,4.545455,172102.390625,58055.11267500001,25.22407996376628
4.543389,229927.939794,4.543389,171773.203125,58154.736669000005,25.29259241878249
4.541326,229840.34011,4.541326,171615.875,58224.46510999999,25.332570027582697
4.539265,229611.924894,4.539265,171343.84375,58268.081143999996,25.37676611129817
4.537205,229412.06591,4.537205,170678.6875,58733.378410000005,25.601695436996557
4.535147,229122.660958,4.535147,170473.71875,58648.94220799999,25.597180987152907
4.533092,228830.928684,4.533092,170206.890625,58624.03805900001,25.618931145429137
4.531038,228663.077805,4.531038,169523.015625,59140.06218000001,25.86340687254881
4.528986,228552.169456,4.528986,169162.984375,59389.185081,25.984957929893284
4.526935,228338.224135,4.526935,168710.921875,59627.30226,26.113587633381368
4.524887,228223.835443,4.524887,168589.484375,59634.35106799999,26.12976464629347
4.52284,228089.526858,4.52284,167606.15625,60483.370608,26.517381767228045
4.520796,227832.37401,4.520796,167573.140625,60259.233385,26.44893362799929
4.518753,227724.683792,4.518753,167166.96875,60557.715041999996,26.592512517137767
4.516712,227431.645106,4.516712,166862.09375,60569.55135600001,26.631980491443976
4.514673,227315.552991,4.514673,166814.09375,60501.459241000004,26.615626799366172
4.512635,227068.7567,4.512635,166737.15625,60331.60045,26.56974976513799
4.5106,226851.490373,4.5106,166430.625,60420.86537300001,26.63454636055207
4.508566,226620.425189,4.508566,166166.46875,60453.956439,26.676305275035023
4.506534,226364.240189,4.506534,165673.5625,60690.677689000004,26.81107123560112
4.504505,226204.568557,4.504505,165064.40625,61140.16230699999,27.02870357439029
4.502476,225932.479762,4.502476,165046.8125,60885.667262,26.94861195970482
4.50045,225658.352579,4.50045,164918.71875,60739.633829,26.916634432016362
4.498426,225573.212907,4.498426,163358.28125,62214.93165700001,27.580815494546407
4.496403,225424.958518,4.496403,163246.84375,62178.114768,27.582622251224738
4.494382,225147.336554,4.494382,163174.03125,61973.30530400001,27.52566663791563
4.492363,224878.518462,4.492363,163161.0,61717.51846200001,27.44482615952001
4.490346,224612.069282,4.490346,163133.96875,61478.10053200001,27.370791217285113
4.48833,224395.94015,4.48833,162122.5,62273.44015000001,27.75158949327364
4.486317,224275.085721,4.486317,162112.921875,62162.16384600001,27.716927917410423
4.484305,224071.640828,4.484305,162030.78125,62040.859578,27.687957007296294
4.482295,223977.244307,4.482295,161874.265625,62102.978681999986,27.727360819243312
4.480287,223743.649909,4.480287,161866.71875,61876.931159,27.655279237719732
4.47828,223484.607395,4.47828,161654.71875,61829.888645,27.666285103796064
4.476276,222857.733246,4.476276,161454.4375,61403.29574599999,27.552687919615686
4.474273,222411.978636,4.474273,161054.890625,61357.088011000014,27.58713284567158
4.472272,222266.888494,4.472272,160871.671875,61395.21661900001,27.622295446250128
4.470273,221930.723462,4.470273,160642.640625,61288.082836999994,27.615862229861122
4.468275,221811.38497,4.468275,160492.484375,61318.900595000014,27.64461373490517
4.46628,221582.632815,4.46628,160473.96875,61108.66406499999,27.57827330087724
4.464286,221284.468153,4.464286,160422.953125,60861.515027999994,27.50374463060791
4.462294,220942.451992,4.462294,160239.0,60703.45199199999,27.474779719652055
4.460303,220668.185146,4.460303,159358.359375,61309.825771,27.783717770840312
4.458315,220500.567588,4.458315,158777.1875,61723.380088000005,27.992390569864046
4.456328,220370.135584,4.456328,158730.09375,61640.041834,27.97114122140395
4.454343,220208.994648,4.454343,158589.859375,61619.13527299999,27.982115522345964
4.45236,219804.776775,4.45236,158246.3125,61558.464275000006,28.00597201671074
4.450378,219376.608306,4.450378,158212.125,61164.48330600001,27.88104154691097
4.448399,219171.292908,4.448399,158178.546875,60992.746033,27.828802405524204
4.446421,218914.178431,4.446421,158044.75,60869.42843100001,27.805155822826507
4.444444,218792.00251,4.444444,158010.59375,60781.40875999999,27.78045269603579
4.44247,218589.407112,4.44247,157884.84375,60704.563361999986,27.771045342053753
4.440497,218175.085589,4.440497,156963.40625,61211.679338999995,28.05621878123658
4.438526,217984.828663,4.438526,156482.75,61502.07866299999,28.2139261893684
4.436557,217841.774228,4.436557,156376.875,61464.899227999995,28.21538680807333
4.43459,217520.859914,4.43459,156346.890625,61173.969289,28.12326565515878
4.432624,217307.292771,4.432624,156049.9375,61257.35527100001,28.189277262569117
4.43066,217122.916579,4.43066,155906.375,61216.54157900001,28.194417495643037
4.428698,216753.451773,4.428698,155894.90625,60858.54552300001,28.077313198562347
4.426737,216492.344644,4.426737,155861.734375,60630.610269,28.00589109453314
4.424779,216126.233068,4.424779,155842.296875,60283.936193,27.892928746892476
4.422822,216047.229063,4.422822,155216.96875,60830.260313000006,28.156001156238723
4.420866,215876.004476,4.420866,155157.8125,60718.191976,28.12642012871345
4.418913,215481.193736,4.418913,154951.234375,60529.95936099999,28.090599607109645
4.416961,215187.300718,4.416961,154802.3125,60384.98821800001,28.061594720746886
4.415011,215071.796651,4.415011,154743.515625,60328.28102600001,28.050298535374935
4.413063,214692.201289,4.413063,154719.375,59972.82628899999,27.934329206616027
4.411116,214373.439555,4.411116,154614.5,59758.93955499999,27.876093082729188
4.409171,214118.387244,4.409171,154599.3125,59519.07474400001,27.797273980106464
4.407228,213815.518183,4.407228,154134.421875,59681.09630800001,27.912425073338348
4.405286,213514.523427,4.405286,154040.296875,59474.22655200001,27.85488574613711
4.403347,213240.194126,4.403347,153976.65625,59263.53787599999,27.791917053396688
4.401408,213029.633706,4.401408,153955.34375,59074.28995599999,27.730550406676198
4.399472,212895.067133,4.399472,153026.96875,59868.098383000004,28.12094201581437
4.397537,212793.381132,4.397537,152308.703125,60484.67800700001,28.424135038993597
4.395604,212624.889553,4.395604,152127.734375,60497.155177999986,28.45252750286328
4.393673,212448.070852,4.393673,151888.9375,60559.133352000004,28.505381625323377
4.391744,212163.826744,4.391744,151874.0,60289.82674399999,28.416638061843873
4.389816,211990.873094,4.389816,151596.65625,60394.21684400001,28.489064629315568
4.387889,211806.005695,4.387889,151428.203125,60377.80257,28.506180630658722
4.385965,211597.754654,4.385965,151109.46875,60488.28590399999,28.586449796175344
4.384042,211372.671599,4.384042,150803.828125,60568.843473999994,28.65500209455012
4.382121,211061.5016,4.382121,150706.015625,60355.48597499999,28.596160606013616
4.380201,210808.759005,4.380201,150187.203125,60621.55588,28.756658957686938
4.378284,210643.032594,4.378284,150139.625,60503.40759399999,28.723194329724716
4.376368,210348.9222,4.376368,150108.65625,60240.26595,28.638257481882167
4.374453,210164.700685,4.374453,150091.46875,60073.23193499999,28.583882897175595
4.37254,209977.30491,4.37254,149693.34375,60283.961160000006,28.709750887525097
4.370629,209807.638739,4.370629,148700.359375,61107.27936399999,29.12538348521106
4.36872,209717.148338,4.36872,148622.953125,61094.195213,29.131711782831804
4.366812,209547.887053,4.366812,148408.671875,61139.21517800001,29.176727113710456
4.364906,209218.297847,4.364906,148241.125,60977.17284700001,29.145238955912077
4.363002,208921.49353,4.363002,148081.296875,60840.19665500001,29.121080663854094
4.361099,208693.66395,4.361099,147686.09375,61007.57019999999,29.23307255490829
4.359198,208472.761724,4.359198,147116.359375,61356.40234900001,29.43137599444795
4.357298,207910.1809,4.357298,147105.375,60804.80590000001,29.245708717480127
4.355401,207679.107356,4.355401,147062.828125,60616.27923099999,29.18747099923373
4.353505,207454.308088,4.353505,147027.8125,60426.49558799999,29.127616652032934
4.35161,207298.225958,4.35161,146998.34375,60299.882207999995,29.08846997089939
4.349717,207176.714825,4.349717,146782.3125,60394.402325,29.1511535821072
4.347826,206913.809464,4.347826,146619.1875,60294.62196399999,29.139969980829328
4.345937,206591.941876,4.345937,146613.71875,59978.223126,29.032218092029915
4.344049,206438.528543,4.344049,146306.3125,60132.21604299999,29.128388226461706
4.342162,206034.401247,4.342162,145981.953125,60052.448122,29.146806435497822
4.340278,205916.958299,4.340278,145860.34375,60056.61454899999,29.165453416321004
4.338395,205749.509624,4.338395,145677.421875,60072.087749,29.19671004746482
4.336513,205433.699803,4.336513,145584.515625,59849.184177999996,29.133089768325345
4.334634,205132.840023,4.334634,145388.328125,59744.511898,29.12479147234606
4.332756,204770.391521,4.332756,144994.796875,59775.59464600001,29.191522369028526
4.330879,204468.937083,4.330879,144779.546875,59689.390208,29.19240010709808
4.329004,204388.779106,4.329004,144726.828125,59661.950981,29.1904238784352
4.327131,204308.231723,4.327131,144469.71875,59838.512973000004,29.288351462083394
4.32526,204078.79141,4.32526,143900.59375,60178.197660000005,29.487727384224026
4.32339,203676.814872,4.32339,143063.0,60613.81487199999,29.75980104072844
4.321521,203523.356942,4.321521,143052.890625,60470.46631700001,29.71180665727367
4.319654,203233.973182,4.319654,142704.875,60529.09818199999,29.782962579683957
4.317789,202964.175343,4.317789,142207.765625,60756.40971800001,29.934548604611876
4.315926,202815.303866,4.315926,141820.34375,60994.960116,30.074140833227926
4.314064,202409.408744,4.314064,141651.203125,60758.205618999986,30.017480904677086
4.312204,202267.627627,4.312204,140945.875,61321.75262700001,30.317136432767644
4.310345,201926.245655,4.310345,140390.375,61535.870655000006,30.474429143865123
4.308488,201796.79789,4.308488,139709.4375,62087.36038999999,30.76726738936858
4.306632,201638.227282,4.306632,139670.171875,61968.05540700001,30.732295280663685
4.304778,201453.786634,4.304778,139443.265625,62010.52100899999,30.781511752698066
4.302926,201251.579968,4.302926,139080.84375,62170.736218000005,30.89204876199504
4.301075,200882.120753,4.301075,139056.046875,61826.073877999996,30.777290505619415
4.299226,200737.701626,4.299226,138920.78125,61816.920375999995,30.794873048398664
4.297379,200564.257074,4.297379,138872.390625,61691.866448999994,30.75915287649595
4.295533,200479.171951,4.295533,138798.4375,61680.734451,30.76665463586195
4.293688,200305.13898,4.293688,138549.15625,61755.98272999999,30.83095273764603
4.291845,199791.070737,4.291845,138387.71875,61403.351987,30.733781925534526
4.290004,199581.044101,4.290004,137497.25,62083.79410100001,31.107059480850236
4.288165,199415.539127,4.288165,137365.734375,62049.804752,31.115832308575957
4.286327,199292.232771,4.286327,137287.609375,62004.62339600001,31.112413431208548
4.28449,199068.229364,4.28449,137080.609375,61987.619989,31.13888147146498
4.282655,198836.483755,4.282655,136968.625,61867.858754999994,31.11494308621531
4.280822,198468.968023,4.280822,136708.40625,61760.561772999994,31.11849796379389
4.27899,197876.213863,4.27899,136623.203125,61253.01073800001,30.955216669148854
4.27716,197512.39717,4.27716,136489.296875,61023.10029500001,30.895832954969954
4.275331,197421.239592,4.275331,135960.625,61460.614592,31.131713446343156
4.273504,197089.334236,4.273504,135777.90625,61311.427985999995,31.108445428398507
4.271679,196875.231416,4.271679,135619.640625,61255.590790999995,31.113914305231273
4.269855,196718.666043,4.269855,135547.8125,61170.853543000005,31.09560204603507
4.268032,196378.05715,4.268032,135460.515625,60917.54152500001,31.020543949301416
4.266212,196160.074679,4.266212,134703.03125,61457.04342900001,31.33004691682008
4.264392,195957.291496,4.264392,134639.625,61317.66649599999,31.291342122501035
4.262575,195789.311661,4.262575,134241.234375,61548.077286000014,31.435871940020714
4.260758,195403.10286,4.260758,133696.53125,61706.57161000001,31.579115534419515
4.258944,195251.361228,4.258944,133651.75,61599.611227999994,31.548876709785677
4.257131,195032.478784,4.257131,132199.90625,62832.572534000006,32.21646616284233
4.255319,194644.625315,4.255319,131838.4375,62806.18781500001,32.26710612397266
4.253509,194078.970724,4.253509,131719.5625,62359.40822400001,32.130945455539035
4.251701,193816.816982,4.251701,131683.859375,62132.95760699999,32.05756784911515
4.249894,193493.096699,4.249894,131547.359375,61945.73732399999,32.01444308908005
4.248088,193127.463411,4.248088,131175.03125,61952.432161000004,32.07852009590023
4.246285,192976.065315,4.246285,131074.953125,61901.112190000014,32.07709313015434
4.244482,192806.864558,4.244482,130895.851562,61911.012996000005,32.11037798780032
4.242681,192747.307696,4.242681,129672.242188,63075.065508,32.72422648179431
4.240882,192485.018098,4.240882,129664.859375,62820.158723,32.63638871416805
4.239084,192409.514118,4.239084,129505.632812,62903.881305999996,32.69270835922521
4.237288,192223.60468,4.237288,128758.34375,63465.26092999999,33.01637227938389
4.235493,192043.986208,4.235493,128519.5625,63524.42370799999,33.078059335426225
4.2337,191857.522305,4.2337,128482.59375,63374.92855499999,33.032287602594764
4.231909,191401.714321,4.231909,128256.453125,63145.26119600001,32.990959051755944
4.230118,191226.540003,4.230118,128194.171875,63032.368128,32.962144337815836
4.22833,190930.061136,4.22833,128012.0,62918.061136000004,32.95345990131082
4.226543,190778.266403,4.226543,127861.671875,62916.59452799999,32.97891091802615
4.224757,190384.017856,4.224757,127583.515625,62800.50223099999,32.98622591235581
4.222973,190230.70563,4.222973,127315.820312,62914.885318000015,33.07293904506136
4.22119,190114.61024,4.22119,127210.6875,62903.92274000001,33.087369066790984
4.219409,189866.83707,4.219409,127110.390625,62756.44644500001,33.05287401077998
4.21763,189752.29547,4.21763,126712.273438,63040.02203200001,33.22227110657888
4.215852,189512.770948,4.215852,126390.484375,63122.28657299999,33.30766905958015
4.214075,189277.937861,4.214075,126346.46875,62931.46911100001,33.248179804883
4.2123,189039.455943,4.2123,126125.4375,62914.01844300001,33.280892673522146
4.210526,188742.982015,4.210526,125933.1875,62809.79451499999,33.27794964583546
4.208754,188346.026018,4.208754,125925.140625,62420.885393000004,33.141599381042695
4.206984,188065.574986,4.206984,125793.375,62272.19998599999,33.111961075617195
4.205214,187798.605691,4.205214,125345.0,62453.605691000004,33.255627996386664
4.203447,187561.802095,4.203447,125296.453125,62265.34896999999,33.19724393480855
4.201681,187471.941262,4.201681,125134.585938,62337.355324000004,33.25156548994225
4.199916,187168.445055,4.199916,125019.726562,62148.71849299999,33.20469883411032
4.198153,186848.146919,4.198153,124989.195312,61858.951606999995,33.106537381832474
4.196391,186506.488875,4.196391,124790.078125,61716.41075000001,33.09075792604913
4.194631,186221.560625,4.194631,124465.742188,61755.81843700001,33.16255015248184
4.192872,186050.796057,4.192872,124386.210938,61664.585118999996,33.14395123582698
4.191115,185532.34007,4.191115,123864.015625,61668.324445000006,33.23858493981858
4.189359,185407.196235,4.189359,123580.257812,61826.938423000014,33.346568891876004
4.187605,185325.450459,4.187605,123419.609375,61905.841084000014,33.40385302217063
4.185852,184998.200238,4.185852,123369.851562,61628.348675999994,33.31294498904054
4.1841,184834.538027,4.1841,122623.382812,62211.155215000006,33.65775459449706
4.18235,184663.516793,4.18235,122539.609375,62123.90741799999,33.64167892872866
4.180602,184539.550641,4.180602,122491.882812,62047.66782900001,33.62296462383094
4.178855,184309.641501,4.178855,122366.859375,61942.782126000006,33.607998811968784
4.177109,183694.298312,4.177109,122260.0625,61434.235812,33.44373580265162
4.175365,183599.968439,4.175365,121872.609375,61727.35906399999,33.6205717184034
4.173623,183450.101216,4.173623,121791.882812,61658.218404000014,33.610348533632944
4.171882,183253.514791,4.171882,121406.3125,61847.202290999994,33.74953127722353
4.170142,183145.870866,4.170142,121033.171875,62112.69899100001,33.91433216446644
4.168404,183004.408439,4.168404,120823.664062,62180.744376999995,33.97773032212304
4.166667,182845.312498,4.166667,120761.617188,62083.69531000001,33.95421761806395
4.164931,182544.724413,4.164931,120576.078125,61968.64628799999,33.94710336728136
4.163197,182416.759942,4.163197,120541.6875,61875.072442000004,33.9196203581696
4.161465,181996.351591,4.161465,119706.53125,62289.82034100001,34.22586211012833
4.159734,181871.46414,4.159734,119676.15625,62195.30789,34.19739769737799
4.158004,181796.426871,4.158004,119553.515625,62242.911246,34.23769780149014
4.156276,181559.554783,4.156276,119218.070312,62341.484471,34.33665859420649
4.154549,181298.370968,4.154549,118822.265625,62476.105343,34.460378771978775
4.152824,181117.136731,4.152824,118411.695312,62705.44141900001,34.62148449935569
4.1511,180864.049334,4.1511,118098.28125,62765.76808400001,34.703285874182235
4.149378,180599.001196,4.149378,117862.046875,62736.954321,34.73826206431397
4.147657,180404.912114,4.147657,117209.804688,63195.107426,35.029593532390216
4.145937,180184.427814,4.145937,116774.273438,63410.15437599999,35.19180605410405
4.144219,179928.876557,4.144219,116248.5,63680.37655700001,35.39197141423077
4.142502,179659.652395,4.142502,116070.75,63588.90239500001,35.394091854966604
4.140787,179498.047767,4.140787,115959.53125,63538.51651700001,35.39788722352963
4.139073,179441.409228,4.139073,115956.007812,63485.40141600001,35.3794598967593
4.13736,179250.389116,4.13736,115393.203125,63857.185991000006,35.62457314928086
4.135649,179071.963661,4.135649,115113.15625,63958.80741099999,35.71681803416196
4.13394,178839.375819,4.13394,114790.71875,64048.65706900001,35.813509623195316
4.132231,178609.233513,4.132231,114572.359375,64036.874138000014,35.85305914956469
4.130525,178423.952587,4.130525,114536.015625,63887.93696200001,35.806816313436435
4.128819,178160.858424,4.128819,114434.90625,63725.952174000005,35.76877252260449
4.127115,178007.613299,4.127115,113903.734375,64103.87892399999,36.01187484960236
4.125413,177672.333034,4.125413,113652.84375,64019.48928400001,36.032334461296806
4.123711,177399.946615,4.123711,113456.179688,63943.76692699999,36.044975292903075
4.122012,177153.794606,4.122012,113367.054688,63786.73991800001,36.00642033091377
4.120313,177027.874589,4.120313,113081.0625,63946.812089000014,36.12245373078296
4.118616,176778.028332,4.118616,112842.820312,63935.20801999999,36.16694259080984
4.116921,176520.622651,4.116921,112752.757812,63767.864839000016,36.12488098066357
4.115226,176443.061573,4.115226,112732.65625,63710.40532300001,36.108195332260784
4.113534,176331.329635,4.113534,112708.0,63623.329635,36.08169334780052
4.111842,176134.946178,4.111842,112607.90625,63527.03992800001,36.06725485571744
4.110152,175672.658736,4.110152,112474.78125,63197.87748600001,35.97479422280132
4.108463,175316.13077,4.108463,112377.867188,62938.263581999985,35.89987031174541
4.106776,175037.625644,4.106776,112260.734375,62776.891269000014,35.86479823296889
4.10509,174735.420015,4.10509,112191.039062,62544.380953000014,35.79376233372201
4.103406,174661.395739,4.103406,112148.75,62512.645739,35.790762735237664
4.101723,174510.266779,4.101723,112007.195312,62503.071467,35.816271799156645
4.100041,174325.559811,4.100041,111408.75,62916.809811000014,36.09155758869385
4.098361,174198.307224,4.098361,111318.71875,62879.58847399999,36.096555400589345
4.096682,174093.132436,4.096682,110811.398438,63281.73399800001,36.34935687153747
4.095004,173762.219502,4.095004,110305.148438,63457.07106399999,36.519486943633105
4.093328,173474.971341,4.093328,110245.679688,63229.29165299999,36.44865375346284
4.091653,173319.927106,4.091653,110048.929688,63270.997417999984,36.5053219641065
4.08998,173179.205189,4.08998,109161.28125,64017.923939,36.966288111285486
4.088307,172980.26767,4.088307,108671.039062,64309.228608000005,37.177204934544775
4.086637,172807.331304,4.086637,108034.921875,64772.40942899999,37.48244298446654
4.084967,172671.307781,4.084967,107976.734375,64694.57340600001,37.46689258185992
4.083299,172594.441694,4.083299,107938.429688,64656.012006000004,37.4612365099401
4.081633,172250.085664,4.081633,107387.5625,64862.52316400001,37.65601794272789
4.079967,171972.893702,4.079967,107184.21875,64788.674952,37.67377146323294
4.078303,171698.563386,4.078303,106926.75,64771.813385999994,37.72414405144719
4.076641,171600.666211,4.076641,106921.671875,64678.994336,37.69157530919534
4.07498,171531.521362,4.07498,106784.28125,64747.240112,37.74655503425372
4.07332,171173.600423,4.07332,106750.117188,64423.48323499999,37.6363429149111
4.071661,170961.730812,4.071661,106623.359375,64338.371436999994,37.633200793779054
4.070004,170597.946626,4.070004,105915.101562,64682.845063999994,37.91537139998729
4.068348,170350.430907,4.068348,105673.382812,64677.048095000006,37.96705869814287
4.066694,169965.61502,4.066694,105349.625,64615.99002,38.017095406265895
4.065041,169648.659552,4.065041,105311.640625,64337.018927,37.92368244871377
4.063389,169419.932185,4.063389,105256.25,64163.68218500001,37.8725698667709
4.061738,169263.082821,4.061738,105209.609375,64053.47344599999,37.842553957107214
4.060089,168938.668407,4.060089,104779.359375,64159.30903199999,37.97787068939721
4.058442,168717.240104,4.058442,103852.210938,64865.02916599999,38.44599942840231
4.056795,168554.049102,4.056795,103716.3125,64837.73660199999,38.46702998084823
4.05515,168396.489705,4.05515,103693.640625,64702.849080000015,38.42292033126559
4.053506,167923.83465,4.053506,103359.484375,64564.350275000004,38.448592130813395
4.051864,167754.631996,4.051864,103161.804688,64592.82730800001,38.5043480108139
4.050223,167563.43343,4.050223,102960.4375,64602.995930000005,38.554351989324715
4.048583,167298.544881,4.048583,102695.226562,64603.31831900001,38.6155888952606
4.046945,167066.794982,4.046945,102484.851562,64581.943419999996,38.65636102431853
4.045307,166977.332988,4.045307,101781.140625,65196.19236300001,39.044935738484575
4.043672,166764.194369,4.043672,100799.835938,65964.358431,39.555468534834475
4.042037,166588.644534,4.042037,100707.242188,65881.40234599999,39.54735482138694
4.040404,166380.887694,4.040404,100700.78125,65680.106444,39.475751905348524
4.038772,166207.340144,4.038772,100468.34375,65738.99639399999,39.55240264181145
4.037142,165936.196552,4.037142,100292.421875,65643.77467700001,39.559647648323065
4.035513,165769.390079,4.035513,100074.453125,65694.936954,39.63031831310476
4.033885,165627.525838,4.033885,99423.429688,66204.09615,39.97167488618656
4.032258,165233.647707,4.032258,98900.4375,66333.210207,40.145098245742986
4.030633,164917.501633,4.030633,98837.546875,66079.954758,40.068491278173354
4.029009,164761.793647,4.029009,98565.117188,66196.67645900001,40.177200668757905
4.027386,164481.211331,4.027386,98024.671875,66456.539456,40.40372691702985
4.025765,164173.66406,4.025765,97278.445312,66895.21874800001,40.74661982542586
4.024145,164044.323473,4.024145,96452.953125,67591.370348,41.2031144492024
4.022526,163955.098345,4.022526,96365.703125,67589.39522,41.22433269978348
4.020909,163809.34914,4.020909,96349.414062,67459.93507800001,41.18198102377248
4.019293,163648.063861,4.019293,96162.421875,67485.641986,41.238277064689996
4.017678,163421.352139,4.017678,95996.28125,67425.070889,41.25842186867404
4.016064,163254.447488,4.016064,95932.421875,67322.025613,41.237483357351415
4.014452,163121.038677,4.014452,95472.203125,67648.835552,41.47155762412299
4.012841,162833.727275,4.012841,95253.90625,67579.82102500001,41.50234853426191
4.011231,162733.568725,4.011231,94986.828125,67746.74059999999,41.63046452602768
4.009623,162452.755449,4.009623,94493.648438,67959.10701099999,41.8331513203141
4.008016,162285.316878,4.008016,94457.195312,67828.12156600002,41.79559979353563
4.00641,161708.705489,4.00641,93726.578125,67982.12736400001,42.039868638132404
4.004806,161313.370129,4.004806,93495.609375,67817.76075399999,42.04100422659764
4.003203,161164.717394,4.003203,92905.132812,68259.58458200001,42.35392565180724
4.001601,161066.207375,4.001601,92792.734375,68273.473,42.38845262001066
4.0,160775.139821,4.0,92690.859375,68084.28044599999,42.34751748423422
3.998401,160591.753121,3.998401,92356.671875,68235.08124599999,42.48977915733155
3.996803,160340.152765,3.996803,92225.1875,68114.965265,42.481539458697924
3.995206,159918.23537,3.995206,92191.710938,67726.524432,42.350720213553096
3.99361,159745.33544,3.99361,92020.125,67725.21044,42.395735846344905
3.992016,159445.993506,3.992016,91815.640625,67630.352881,42.41583710816481
3.990423,159326.320503,3.990423,91587.109375,67739.211128,42.516020525763984
3.988831,159193.715377,3.988831,91023.21875,68170.49662699999,42.82235417746217
3.987241,158867.895615,3.987241,90646.734375,68221.16123999999,42.942068928342174
3.985652,158677.364647,3.985652,90174.828125,68502.53652200001,43.17095678668062
3.984064,158446.598202,3.984064,90166.921875,68279.676327,43.09317909113567
3.982477,158049.999014,3.982477,90130.1875,67919.811514,42.973623497450134
3.980892,157843.231319,3.980892,89966.617188,67876.61413100001,43.00254978550323
3.979308,157600.662033,3.979308,89818.757812,67781.904221,43.0086418081208
3.977725,157481.377298,3.977725,89612.726562,67868.65073600001,43.096302496499646
3.976143,157157.376454,3.976143,89510.0625,67647.31395400001,43.04431359211471
3.974563,156921.480831,3.974563,89397.039062,67524.441769,43.03071919243607
3.972984,156801.021158,3.972984,89342.921875,67458.09928299999,43.02146681495529
3.971406,156622.926129,3.971406,89318.851562,67304.074567,42.97204517272654
3.969829,156334.060401,3.969829,88808.109375,67525.951026,43.19337120317516
3.968254,156235.041771,3.968254,88754.078125,67480.96364599999,43.19195161410048
3.96668,156050.182251,3.96668,88687.523438,67362.65881299999,43.16730544066271
3.965107,155808.040578,3.965107,88661.328125,67146.71245299999,43.095794160497945
3.963535,155547.036039,3.963535,88476.257812,67070.778227,43.119290431341604
3.961965,155331.967247,3.961965,88396.4375,66935.529747,43.09192172951943
3.960396,155044.856984,3.960396,87942.734375,67102.12260900001,43.27916701933859
3.958828,154699.026904,3.958828,87858.085938,66840.940966,43.207085593032716
3.957262,154619.372802,3.957262,87708.820312,66910.55249,43.27436548050369
3.955696,154435.524139,3.955696,87596.3125,66839.21163899999,43.27968711320669
3.954132,154245.162236,3.954132,86472.953125,67772.209111,43.93798037393638
3.952569,153831.18798,3.952569,86179.757812,67651.43016799999,43.97770767836464
3.951008,153619.769103,3.951008,85550.273438,68069.495665,44.31037493576774
3.949447,153472.201191,3.949447,84795.640625,68676.560566,44.748534283762766
3.947888,153118.259567,3.947888,84495.1875,68623.072067,44.81704028053727
3.94633,152976.700744,3.94633,84055.75,68920.950744,45.053233864244646
3.944773,152817.381103,3.944773,83721.304688,69096.07641499999,45.2148020835593
3.943218,152533.94061,3.943218,82822.640625,69711.29998499999,45.702156324170765
3.941663,152397.359585,3.941663,82771.710938,69625.648647,45.68691271069307
3.94011,152158.575676,3.94011,82350.640625,69807.93505100001,45.878409902867425
3.938558,151887.613069,3.938558,82116.484375,69771.12869400001,45.93602288180285
3.937008,151767.582631,3.937008,82076.859375,69690.723256,45.91937358944597
3.935458,151514.557149,3.935458,82023.671875,69490.885274,45.86416419754466
3.93391,151394.473268,3.93391,81926.84375,69467.629518,45.88518194784278
3.932363,151027.528479,3.932363,81544.523438,69483.005041,46.00684771893187
3.930818,150863.469879,3.930818,81255.742188,69607.72769100001,46.139551043621665
3.929273,150560.869131,3.929273,81224.53125,69336.33788100001,46.05203083722361
3.92773,150370.595202,3.92773,80769.585938,69601.009264,46.286316264494154
3.926188,149985.345653,3.926188,80706.710938,69278.634715,46.190269064872666
3.924647,149667.029601,3.924647,80612.992188,69054.03741299998,46.13844318090122
3.923107,149498.623653,3.923107,80438.9375,69059.68615299999,46.19419528121801
3.921569,149252.658721,3.921569,80291.085938,68961.57278300001,46.20458581706796
3.920031,149050.152953,3.920031,80051.492188,68998.66076500001,46.29224418626216
3.918495,148914.09493,3.918495,78931.304688,69982.79024199999,46.99541052503914
3.91696,148786.676949,3.91696,78540.5,70246.17694899999,47.21267951503377
3.915427,148224.974849,3.915427,78394.921875,69830.05297399999,47.11085499939358
3.913894,147897.72707,3.913894,77726.328125,70171.398945,47.44589408854665
3.912363,147659.925446,3.912363,77543.773438,70116.152008,47.48488921162421
3.910833,147474.016048,3.910833,77356.664062,70117.351986,47.545563527054234
3.909304,147359.856167,3.909304,77178.210938,70181.64522899999,47.62602723326801
3.907776,147056.890365,3.907776,77144.875,69912.015365,47.54079539658162
3.90625,146939.590112,3.90625,76924.21875,70015.371362,47.64908579684551
3.904725,146298.784249,3.904725,76773.125,69525.65924899999,47.5230601579488
3.903201,146144.054181,3.903201,76716.789062,69427.26511900002,47.50604840414107
3.901678,145954.293207,3.901678,76580.25,69374.04320700001,47.531348124587275
3.900156,145767.451714,3.900156,75995.523438,69771.92827599999,47.865231542151506
3.898635,145441.597256,3.898635,75887.382812,69554.21444400001,47.822779559807564
3.897116,145206.136253,3.897116,75765.757812,69440.37844100001,47.8219311062795
3.895598,145030.718179,3.895598,75514.5,69516.21817899999,47.93206504928259
3.894081,144816.625095,3.894081,75356.890625,69459.73447,47.9639229435393
3.892565,144631.925319,3.892565,74928.75,69703.175319,48.193491972994735
3.891051,144417.95036,3.891051,74736.09375,69681.85660999999,48.25013541342991
3.889537,144240.773097,3.889537,74388.648438,69852.124659,48.42744749574059
3.888025,144108.848995,3.888025,74054.070312,70054.77868300001,48.61240594977664
3.886514,144045.187809,3.886514,73472.0625,70573.125309,48.99374035499058
3.885004,143695.147387,3.885004,73369.359375,70325.788012,48.94096237126121
3.883495,143381.054113,3.883495,73211.609375,70169.44473799999,48.939132978265576
3.881988,143198.442573,3.881988,73125.796875,70072.64569800001,48.933944000318455
3.880481,143096.556685,3.880481,72775.5,70321.05668499999,49.14238211880842
3.878976,142865.540141,3.878976,72637.960938,70227.579203,49.156415979451346
3.877472,142643.61263,3.877472,72443.328125,70200.28450499999,49.21375953025734
3.875969,142395.5622,3.875969,72146.726562,70248.83563799999,49.33358494651176
3.874467,142229.234011,3.874467,71924.0625,70305.171511,49.43088669489889
3.872967,141999.027381,3.872967,71547.359375,70451.66800599999,49.61419053735483
3.871467,141703.036674,3.871467,71373.085938,70329.950736,49.631929129225426
3.869969,141604.400477,3.869969,71261.328125,70343.07235199999,49.67576721842442
3.868472,141190.8641,3.868472,71242.015625,69948.848475,49.54204999089598
3.866976,141090.769611,3.866976,71009.046875,70081.722736,49.67137320834073
3.865481,140743.766991,3.865481,70819.015625,69924.75136600001,49.68230768647212
3.863988,140608.777243,3.863988,70546.148438,70062.62880499999,49.828062073193195
3.862495,140343.026046,3.862495,70146.210938,70196.81510800001,50.018028744080034
3.861004,140081.79957,3.861004,69883.59375,70198.20582,50.11229584106063
3.859514,139848.884863,3.859514,69714.914062,70133.97080100002,50.14982484108133
3.858025,139745.55481,3.858025,69645.664062,70099.890748,50.162519189471745
3.856537,139396.029686,3.856537,69353.8125,70042.217186,50.24692406503638
3.85505,139103.800562,3.85505,69227.992188,69875.80837399999,50.23285351779847
3.853565,138841.31517,3.853565,68943.101562,69898.21360799999,50.343958152812995
3.85208,138670.060974,3.85208,68850.421875,69819.63909899999,50.34946881006338
3.850597,138524.002515,3.850597,68650.820312,69873.182203,50.44120941815395
3.849115,138419.759804,3.849115,68534.875,69884.884804,50.48765068148926
3.847634,138226.119372,3.847634,68473.617188,69752.50218399998,50.46260612748527
3.846154,137945.475381,3.846154,68218.34375,69727.131631,50.54687835060656
3.844675,137704.171603,3.844675,67814.914062,69889.257541,50.75318832205763
3.843198,137584.040723,3.843198,67621.015625,69963.02509800001,50.85111959958903
3.841721,137057.401859,3.841721,67445.515625,69611.886234,50.79031507223108
3.840246,136921.753892,3.840246,67419.375,69502.37889200001,50.76065483854487
3.838772,136674.250947,3.838772,67314.015625,69360.235322,50.74857542032313
3.837299,136513.505425,3.837299,66967.601562,69545.90386300001,50.94433964352946
3.835827,136243.436022,3.835827,66586.359375,69657.07664700001,51.126923014296324
3.834356,136203.76262,3.834356,66379.976562,69823.786058,51.26421232048046
3.832886,136048.768846,3.832886,65887.007812,70161.761034,51.571037084076366
3.831418,135746.750796,3.831418,65624.117188,70122.633608,51.65695178470988
3.82995,135634.757677,3.82995,65490.425781,70144.33189599999,51.71560232594759
3.828484,135417.887246,3.828484,65486.109375,69931.777871,51.64146280318346
3.827019,135184.37706,3.827019,65278.679688,69905.697372,51.71137293547846
3.825555,134948.771012,3.825555,65154.097656,69794.67335600001,51.719384202316064
3.824092,134737.072974,3.824092,64876.71875,69860.35422400001,51.84939280778412
3.82263,134521.754674,3.82263,64520.820312,70000.934362,52.03688766299567
3.821169,134177.182946,3.821169,64517.113281,69660.06966499999,51.91647949043235
3.81971,134104.332766,3.81971,64294.648438,69809.684328,52.05624821221222
3.818251,133964.979632,3.818251,63942.671875,70022.307757,52.269113875395156
3.816794,133753.529119,3.816794,63709.753906,70043.77521300002,52.36779595600976
3.815338,133617.005128,3.815338,63487.234375,70129.77075299999,52.485662798547494
3.813883,133477.478404,3.813883,62922.886719,70554.59168499999,52.858798749142125
3.812429,133144.80423,3.812429,62654.773438,70490.030792,52.94238194246959
3.810976,132990.605852,3.810976,62629.265625,70361.34022700001,52.90700029241341
3.809524,132713.177199,3.809524,62416.078125,70297.099074,52.96919308064738
3.808073,132488.967784,3.808073,62408.191406,70080.77637800001,52.89555617359357
3.806624,132250.632801,3.806624,61844.050781,70406.58202,53.23723639639751
3.805175,131979.912383,3.805175,61741.613281,70238.29910199999,53.218931452364885
3.803728,131888.627454,3.803728,61644.203125,70244.424329,53.26041045767938
3.802281,131810.343085,3.802281,61361.695312,70448.647773,53.446980050397165
3.800836,131392.685813,3.800836,61071.125,70321.56081299999,53.520148688552325
3.799392,131321.724575,3.799392,60978.898438,70342.826137,53.56526223262173
3.797949,131070.934862,3.797949,60936.414062,70134.5208,53.50882777622833
3.796507,130897.890181,3.796507,60910.773438,69987.11674299999,53.46695553780493
3.795066,130659.461501,3.795066,60887.316406,69772.145095,53.39999437734251
3.793627,130269.788949,3.793627,60653.28125,69616.507699,53.44025522775241
3.792188,130049.445753,3.792188,60600.117188,69449.328565,53.40224878536088
3.790751,130012.385989,3.790751,60597.578125,69414.807864,53.39091913125339
3.789314,129799.569549,3.789314,60451.667969,69347.90158,53.426911831029464
3.787879,129467.772419,3.787879,60439.8125,69027.959919,53.316712436824034
3.786445,129344.142336,3.786445,60381.015625,68963.126711,53.31754918738649
3.785011,129085.172301,3.785011,60092.308594,68992.863707,53.447551316058885
3.783579,128620.858274,3.783579,59995.867188,68624.991086,53.35448076377217
3.782148,128470.910372,3.782148,59840.480469,68630.429903,53.420988225485374
3.780718,128170.599881,3.780718,59720.441406,68450.158475,53.40550683117077
3.779289,127906.703938,3.779289,59643.542969,68263.160969,53.36949422298388
3.777862,127580.958793,3.777862,59585.28125,67995.677543,53.29610169596148
3.776435,127546.093657,3.776435,59297.25,68248.843657,53.50916025741754
3.775009,127312.990745,3.775009,59275.726562,68037.26418299999,53.44094407402179
3.773585,126910.532264,3.773585,59257.339844,67653.19241999999,53.30778400587545
3.772161,126745.258663,3.772161,59238.46875,67506.789913,53.26178716672331
3.770739,126347.289788,3.770739,58956.289062,67391.000726,53.33790763464445
3.769318,125975.390032,3.769318,58825.828125,67149.561907,53.303714233345744
3.767898,125801.107011,3.767898,58791.089844,67010.017167,53.26663553218229
3.766478,125692.426063,3.766478,58236.875,67455.551063,53.66715654703784
3.76506,125212.595554,3.76506,58133.898438,67078.697116,53.57184460493929
3.763643,124889.499582,3.763643,57668.554688,67220.94489400001,53.82433680892768
3.762227,124690.317104,3.762227,57503.460938,67186.85616600001,53.88297802624218
3.760812,124468.652926,3.760812,57302.335938,67166.316988,53.9624358495566
3.759398,124291.367722,3.759398,57257.550781,67033.816941,53.932801746081985
3.757986,123940.146614,3.757986,56679.207031,67260.939583,54.26888818558358
3.756574,123785.764249,3.756574,56637.21875,67148.545499,54.24577366095832
3.755163,123494.261772,3.755163,56362.042969,67132.218803,54.360597682621204
3.753754,123237.442791,3.753754,55800.773438,67436.669353,54.72092557727504
3.752345,122934.538354,3.752345,55781.980469,67152.557885,54.624647218041154
3.750938,122337.132804,3.750938,55622.015625,66715.117179,54.533824399731756
3.749531,122209.359104,3.749531,55523.535156,66685.823948,54.56687150388413
3.748126,122053.910635,3.748126,55353.1875,66700.723135,54.64857519761681
3.746722,121915.448152,3.746722,55301.671875,66613.776277,54.63932363513787
3.745318,121642.748224,3.745318,55107.203125,66535.545099,54.697502375133446
3.743916,121347.535124,3.743916,54868.804688,66478.73043600001,54.783750133917565
3.742515,121056.591416,3.742515,54683.207031,66373.384385,54.828393570833235
3.741115,120844.297298,3.741115,54585.226562,66259.070736,54.830117943096845
3.739716,120604.900316,3.739716,54255.347656,66349.55266,55.01397744714836
3.738318,120338.596615,3.738318,54089.691406,66248.905209,55.05208393027095
3.736921,120182.975124,3.736921,53979.648438,66203.32668600001,55.08544502055641
3.735525,119997.665514,3.735525,53741.28125,66256.384264,55.21472770340681
3.73413,119901.877042,3.73413,53682.992188,66218.884854,55.22756314382337
3.732736,119629.547805,3.732736,53658.976562,65970.57124299998,55.14571646674962
3.731343,119468.507342,3.731343,53595.59375,65872.913592,55.138308042492724
3.729952,119308.918707,3.729952,53586.085938,65722.832769,55.08626972842053
3.728561,119180.595715,3.728561,53176.722656,66003.873059,55.38139213268993
3.727171,118952.715983,3.727171,52657.320312,66295.395671,55.73256156713104
3.725782,118756.472353,3.725782,52571.699219,66184.773134,55.73150820552144
3.724395,118587.159004,3.724395,52385.3125,66201.846504,55.82547643439791
3.723008,118425.893543,3.723008,52152.96875,66272.924793,55.96151551850993
3.721623,118147.180731,3.721623,52146.75,66000.430731,55.862890948935274
3.720238,118011.778812,3.720238,51960.003906,66051.774906,55.970493429494475
3.718855,117845.663003,3.718855,51748.148438,66097.51456499999,56.08820289238591
3.717472,117748.753848,3.717472,51733.789062,66014.964786,56.06425769160808
3.716091,117675.026036,3.716091,51601.410156,66073.61588,56.14922563075216
3.71471,117610.739201,3.71471,51410.847656,66199.891545,56.28728464316729
3.713331,117477.058885,3.713331,51150.855469,66326.203416,56.45885592090596
3.711952,117157.612313,3.711952,51018.800781,66138.811532,56.452850332339125
3.710575,117047.118686,3.710575,50961.070312,66086.048374,56.46106381421293
3.709199,116781.294278,3.709199,50700.132812,66081.16146599999,56.58539912110632
3.707824,116689.442172,3.707824,50646.539062,66042.90310999998,56.59715384760592
3.706449,116514.565274,3.706449,50558.773438,65955.79183599999,56.60733632820574
3.705076,116286.98261,3.705076,50258.234375,66028.748235,56.78085951928546
3.703704,115939.661398,3.703704,50241.496094,65698.165304,56.66582471590116
3.702332,115616.241464,3.702332,50207.527344,65408.714120000004,56.573984149421285
3.700962,115410.188726,3.700962,50016.664062,65393.52466399999,56.66182976206148
3.699593,115275.751701,3.699593,49970.304688,65305.447013000005,56.65150393674118
3.698225,115087.511592,3.698225,49867.894531,65219.617061,56.66958661180538
3.696858,114686.448369,3.696858,49772.558594,64913.889775,56.601185840319715
3.695492,114585.097184,3.695492,49770.171875,64814.925309,56.5648822594448
3.694126,114445.446995,3.694126,49765.476562,64679.970433,56.51598393060214
3.692762,114279.207305,3.692762,49427.847656,64851.359649000005,56.748170711333415
3.691399,114015.063989,3.691399,49368.308594,64646.755395,56.700187793813825
3.690037,113917.019768,3.690037,49297.164062,64619.855705999995,56.725374169375975
3.688676,113648.479957,3.688676,49086.230469,64562.249488,56.80872239771949
3.687316,113438.172962,3.687316,49084.867188,64353.305774,56.72985036135706
3.685957,113230.711525,3.685957,48878.546875,64352.164650000006,56.83278307033495
3.684598,113035.448816,3.684598,48742.445312,64293.003504,56.87862009435346
3.683241,112759.875904,3.683241,48697.628906,64062.246998,56.81298111088776
3.681885,112216.968356,3.681885,48691.027344,63525.941011999996,56.609924454979634
3.68053,112081.102187,3.68053,48561.824219,63519.277967999995,56.67260289965942
3.679176,111907.986061,3.679176,48473.683594,63434.302467,56.684339250303864
3.677823,111510.779383,3.677823,48340.726562,63170.052821,56.64927926297892
3.676471,111325.95013,3.676471,48240.679688,63085.270442,56.66717451621358
3.675119,110979.691422,3.675119,48057.128906,62922.562516000005,56.69736661704808
3.673769,110533.129446,3.673769,47783.394531,62749.73491500001,56.77006995957338
3.67242,110295.970088,3.67242,47762.96875,62533.001338,56.69563565024891
3.671072,110149.444622,3.671072,47662.171875,62487.272746999995,56.72953954642046
3.669725,109863.084667,3.669725,47205.730469,62657.354198,57.03221822682048
3.668379,109758.013038,3.668379,47010.226562,62747.786476,57.16920773180879
3.667033,109630.265868,3.667033,47002.046875,62628.218993,57.126760112401186
3.665689,109402.999421,3.665689,46900.644531,62502.35489,57.13038510898689
3.664346,109349.671708,3.664346,46488.921875,62860.749832999994,57.485997763997965
3.663004,109184.747818,3.663004,46445.214844,62739.532974,57.4618105805222
3.661662,109084.048927,3.661662,46431.351562,62652.69736499999,57.435251057583805
3.660322,108873.304929,3.660322,46159.09375,62714.211179000005,57.6029277515715
3.658983,108690.81007,3.658983,45927.144531,62763.66553900001,57.745144689397755
3.657644,108532.503124,3.657644,45898.9375,62633.565623999995,57.709500675977424
3.656307,108179.221177,3.656307,45618.726562,62560.494614999996,57.830416908474646
3.654971,107960.768309,3.654971,45486.75,62474.01830900001,57.86733392836732
3.653635,107716.362474,3.653635,45318.890625,62397.471848999994,57.92757053419917
3.652301,107359.875197,3.652301,45316.644531,62043.230666,57.7899616147595
3.650968,107137.376063,3.650968,44807.445312,62329.930751,58.17757820981926
3.649635,106929.853076,3.649635,44667.414062,62262.439013999996,58.22736796406818
3.648304,106804.557137,3.648304,44438.496094,62366.061042999994,58.392696636532094
3.646973,106647.853123,3.646973,44282.792969,62365.06015399999,58.47755798897574
3.645643,106492.05801,3.645643,44144.007812,62348.05019799999,58.54713615558569
3.644315,106373.611579,3.644315,44109.15625,62264.455329000004,58.53374197298768
3.642987,106140.202965,3.642987,44010.648438,62129.55452700001,58.53536434963045
3.641661,105946.466401,3.641661,43955.304688,61991.161713,58.511778465897834
3.640335,105590.466968,3.640335,43732.46875,61857.99821799999,58.582938397977294
3.63901,105222.766146,3.63901,43385.566406,61837.19974,58.76789026264419
3.637686,105094.424946,3.637686,43289.175781,61805.249165,58.80925576856908
3.636364,104850.226075,3.636364,43059.734375,61790.4917,58.932149231419764
3.635042,104594.616355,3.635042,42667.21875,61927.397605000006,59.20706032786137
3.633721,104168.142297,3.633721,42409.460938,61758.681359,59.287494234961144
3.632401,103869.993659,3.632401,42264.183594,61605.810065,59.31049756992264
3.631082,103461.948711,3.631082,42183.03125,61278.917461000005,59.228458601886814
3.629764,102932.893081,3.629764,41969.78125,60963.111831,59.226074392980365
3.628447,102482.905874,3.628447,41918.261719,60564.644155,59.097313487053746
3.627131,102327.097887,3.627131,41910.949219,60416.148667999994,59.04217935968209
3.625816,102178.253392,3.625816,41855.269531,60322.983861,59.037008226765174
3.624502,102055.619592,3.624502,41554.90625,60500.713342,59.28209890241318
3.623188,101530.817335,3.623188,41468.59375,60062.223585,59.156643432530686
3.621876,101379.400329,3.621876,41454.300781,59925.099548,59.1097396054119
3.620565,101182.241958,3.620565,41447.160156,59735.081802,59.0371201962451
3.619254,100833.007354,3.619254,41237.023438,59595.983916000005,59.10364619669936
3.617945,100712.709298,3.617945,40732.628906,59980.080392,59.555621936973466
3.616637,100385.426554,3.616637,40622.953125,59762.473429000005,59.53301737165222
3.615329,100012.365232,3.615329,40610.226562,59402.13866999999,59.394794365880735
3.614022,99900.549953,3.614022,40259.421875,59641.128077999994,59.700500253561394
3.612717,99657.690406,3.612717,39628.976562,60028.71384399999,60.23490369829593
3.611412,99508.801917,3.611412,39215.621094,60293.180823,60.59080167932317
3.610108,99404.512315,3.610108,39179.972656,60224.539659,60.58531776520994
3.608805,99133.564069,3.608805,39071.015625,60062.548444,60.58750031643634
3.607504,98862.158817,3.607504,38884.621094,59977.537723,60.66784140737018
3.606203,98706.62495,3.606203,38852.488281,59854.136669,60.638418849108874
3.604903,98509.646483,3.604903,38281.875,60227.771483000004,61.13895809522941
3.603604,98407.003287,3.603604,38016.078125,60390.925162,61.368523727800486
3.602305,98169.666353,3.602305,37977.191406,60192.474946999995,61.31473925006424
3.601008,98005.785027,3.601008,37769.390625,60236.394402000005,61.46208041229938
3.599712,97894.35294,3.599712,37718.105469,60176.247470999995,61.47060138175932
3.598417,97728.141637,3.598417,37500.527344,60227.61429299999,61.627708543470085
3.597122,97613.206333,3.597122,37469.390625,60143.815707999995,61.614424899458754
3.595829,97409.350442,3.595829,37388.308594,60021.04184799999,61.61733096017107
3.594536,97268.17947,3.594536,37356.484375,59911.695095,61.594341974374366
3.593245,97041.312848,3.593245,37270.929688,59770.383160000005,61.592719024340624
3.591954,96951.486427,3.591954,37146.6875,59804.798926999996,61.68528315657157
3.590664,96709.44711,3.590664,37118.3125,59591.134609999994,61.618731562201354
3.589375,96349.268252,3.589375,36844.4375,59504.830751999994,61.75950459360631
3.588088,96196.678682,3.588088,36800.117188,59396.561494,61.744919167478585
3.586801,95996.526323,3.586801,36428.351562,59568.174760999995,62.052427356142715
3.585515,95711.058821,3.585515,35989.769531,59721.28929,62.39748052698017
3.584229,95369.466781,3.584229,35564.597656,59804.869125,62.70861224623585
3.582945,95142.134002,3.582945,35422.929688,59719.20431400001,62.76840953845395
3.581662,94799.335898,3.581662,34902.011719,59897.324179,63.18327402994356
3.58038,94651.551081,3.58038,34774.835938,59876.715143,63.260152062124455
3.579098,94376.530328,3.579098,34691.4375,59685.09282799999,63.241456981484724
3.577818,94123.643669,3.577818,34500.851562,59622.792106999994,63.34518063991715
3.576538,93811.423305,3.576538,34024.996094,59786.427211,63.730433996958105
3.575259,93524.817106,3.575259,33743.152344,59781.664762,63.920643324267736
3.573981,93255.789029,3.573981,33491.460938,59764.32809100001,64.08645373470053
3.572705,93108.778975,3.572705,33429.640625,59679.138349999994,64.09614539787277
3.571429,92927.9706,3.571429,33424.554688,59503.415912000004,64.03176086576457
3.570154,92692.096516,3.570154,33004.207031,59687.88948500001,64.3937204232909
3.568879,92246.172866,3.568879,32773.734375,59472.43849099999,64.47144270948966
3.567606,92131.449487,3.567606,32614.712891,59516.736596,64.59980487379391
3.566334,91791.315405,3.566334,32050.279297,59741.036108,65.08353850733228
3.565062,91647.113367,3.565062,31873.318359,59773.795008,65.22168872753952
3.563792,91488.435343,3.563792,31760.644531,59727.79081200001,65.28452540266328
3.562522,91270.671431,3.562522,31567.755859,59702.915572,65.41303425946087
3.561254,90990.689752,3.561254,31487.917969,59502.771783000004,65.39435182344259
3.559986,90887.918705,3.559986,31454.003906,59433.914799000006,65.39253582415941
3.558719,90604.92605,3.558719,31449.101562,59155.824488,65.28985461050438
3.557453,90312.872423,3.557453,30079.892578,60232.979844999994,66.69368189607094
3.556188,89969.341919,3.556188,30023.988281,59945.353638,66.62864522446903
3.554924,89757.772606,3.554924,29891.025391,59866.747214999996,66.69812037091272
3.55366,89623.891699,3.55366,29818.544922,59805.346777,66.72924556529529
3.552398,89448.410624,3.552398,29721.277344,59727.133279999995,66.77271609784708
3.551136,89055.207735,3.551136,29578.914062,59476.29367300001,66.7858682110793
3.549876,88751.721665,3.549876,29577.296875,59174.424790000005,66.67411480011428
3.548616,88341.243711,3.548616,29064.259766,59276.983945,67.10001065744447
3.547357,88159.089171,3.547357,28887.603516,59271.485655,67.23241609272138
3.546099,87660.277271,3.546099,28778.806641,58881.470629999996,67.17007116914438
3.544842,87480.220138,3.544842,28388.527344,59091.692794,67.54863293757478
3.543586,87232.487188,3.543586,28368.259766,58864.227421999996,67.47970775513731
3.542331,87130.520091,3.542331,28357.650391,58772.869699999996,67.45382632700576
3.541076,86708.10984,3.541076,27789.152344,58918.957496,67.95091901405932
3.539823,86555.709988,3.539823,27693.003906,58862.706082000004,68.00557246906145
3.53857,86350.837321,3.53857,27586.359375,58764.477946,68.05316516798713
3.537319,86182.527262,3.537319,27238.46875,58944.058512,68.39444187196618
3.536068,86052.595656,3.536068,27219.662109,58832.93354700001,68.36857517022253
3.534818,85816.495354,3.534818,27187.580078,58628.915276,68.31893452902146
3.533569,85556.845363,3.533569,27152.679688,58404.165675,68.26358011121518
3.532321,85298.447311,3.532321,26920.494141,58377.95316999999,68.43964340541007
3.531073,85033.153181,3.531073,26746.492188,58286.660993,68.54580691478309
3.529827,84697.13243,3.529827,26545.240234,58151.892196,68.65863167688828
3.528582,84440.847034,3.528582,26346.130859,58094.71617500001,68.7993053309949
3.527337,84303.111154,3.527337,26208.203125,58094.908029,68.91193840150883
3.526093,83988.258794,3.526093,26168.78125,57819.477543999994,68.84233388599614
3.52485,83916.450514,3.52485,25971.125,57945.325514,69.0512112453241
3.523608,83639.056358,3.523608,25758.828125,57880.228233,69.20239270186818
3.522367,83316.41058,3.522367,25558.029297,57758.381282999995,69.32413540252156
3.521127,83139.798467,3.521127,25040.474609,58099.323858,69.88148267049371
3.519887,83000.042382,3.519887,24970.783203,58029.259179,69.91473439486417
3.518649,82805.661987,3.518649,24736.201172,58069.460815,70.12740363589698
3.517411,82578.044757,3.517411,24517.9375,58060.107256999996,70.30937512246963
3.516174,82448.88547,3.516174,24473.652344,57975.23312599999,70.31657589488577
3.514938,82008.049492,3.514938,24384.464844,57623.584648000004,70.2657665984621
3.513703,81779.384597,3.513703,24340.378906,57439.005691,70.23653451790233
3.512469,81544.269162,3.512469,24323.222656,57221.046506,70.17175712534961
3.511236,81424.883897,3.511236,24318.474609,57106.40928800001,70.13385411791053
3.510004,81120.263049,3.510004,24063.794922,57056.468127,70.33565472110898
3.508772,80910.810999,3.508772,23432.375,57478.435998999994,71.03925333254958
3.507541,80836.737734,3.507541,23228.566406,57608.171328,71.26483940700882
3.506311,80582.643512,3.506311,23098.832031,57483.811481,71.33522676311776
3.505082,80337.951132,3.505082,22893.927734,57444.023398000005,71.50297286473746
3.503854,80093.021655,3.503854,22602.96875,57490.052905000004,71.77910349373246
3.502627,79800.168938,3.502627,22255.320312,57544.848626000006,72.11118646967896
3.501401,79507.432212,3.501401,21931.740234,57575.691978,72.41548415810887
3.500175,79225.426779,3.500175,21798.847656,57426.579123,72.48503600137356
3.49895,78914.34529,3.49895,21437.966797,57476.378493,72.83387865892031
3.497726,78544.875862,3.497726,21420.390625,57124.485237,72.72846842022551
3.496503,78142.933558,3.496503,21389.076172,56753.857386,72.6282656689304
3.495281,77957.590075,3.495281,21152.71875,56804.871325,72.86637679583248
3.49406,77811.902121,3.49406,20739.640625,57072.26149600001,73.34644179145089
3.49284,77610.474519,3.49284,20503.458984,57107.015535,73.58158275532706
3.49162,77372.716333,3.49162,20156.46875,57216.247583000004,73.94886763022545
3.490401,77206.641699,3.490401,19764.875,57441.766699,74.40003273674834
3.489184,76947.768193,3.489184,19742.480469,57205.287723999994,74.34301093765056
3.487967,76478.888995,3.487967,19689.105469,56789.783526,74.2555027567317
3.48675,76092.122169,3.48675,19577.310547,56514.811621999994,74.2715671623418
3.485535,75908.694635,3.485535,19548.050781,56360.64385400001,74.24794237999348
3.484321,75725.271274,3.484321,19451.419922,56273.851352,74.31317234689317
3.483107,75655.197136,3.483107,19437.986328,56217.210808,74.30713676806934
3.481894,75535.320806,3.481894,19277.445312,56257.87549400001,74.47889926685963
3.480682,75364.884389,3.480682,19164.787109,56200.09728,74.57066740780773
3.479471,75017.240125,3.479471,19102.492188,55914.74793699999,74.53586381454473
3.478261,74760.634434,3.478261,18786.705078,55973.92935600001,74.8708592159083
3.477051,74424.744723,3.477051,18581.115234,55843.629489,75.03368630533207
3.475843,73864.465992,3.475843,18540.933594,55323.532397999996,74.89871030001339
3.474635,73516.234781,3.474635,18503.792969,55012.441812000005,74.83033098182791
3.473428,73373.971896,3.473428,18467.488281,54906.483615000005,74.83100913880504
3.472222,73189.772345,3.472222,18274.039062,54915.73328300001,75.03197717864141
3.471017,72858.899308,3.471017,17968.097656,54890.801651999995,75.33849972116299
3.469813,72476.735381,3.469813,17566.988281,54909.74710000001,75.76189353914354
3.468609,72104.109267,3.468609,17371.726562,54732.38270500001,75.90743892602174
3.467406,71907.079984,3.467406,17353.259766,54553.82021799999,75.86710547854082
3.466205,71641.444211,3.466205,17241.177734,54400.266477,75.93407290447567
3.465003,71423.426335,3.465003,17112.84375,54310.582585,76.04029290091043
3.463803,71067.205765,3.463803,17042.601562,54024.60420300001,76.01903525184983
3.462604,70827.111577,3.462604,16981.521484,53845.590093000006,76.0239813457048
3.461405,70636.249957,3.461405,16885.988281,53750.26167600001,76.0944440124166
3.460208,70447.747242,3.460208,16738.683594,53709.063647999996,76.23957578586612
3.459011,70038.067069,3.459011,16684.710938,53353.35613099999,76.17765361576501
3.457815,69758.241833,3.457815,16322.272461,53435.96937199999,76.60165733523611
3.456619,69211.035849,3.456619,16225.432617,52985.60323200001,76.55658173878577
3.455425,68692.329458,3.455425,16137.109375,52555.22008299999,76.50813489318836
3.454231,68487.618287,3.454231,15467.230469,53020.387818,77.41601933916876
3.453039,68211.844713,3.453039,15343.870117,52867.974596,77.505563466933
3.451847,67916.577314,3.451847,15108.549805,52808.02750899999,77.75425322870974
3.450656,67505.582524,3.450656,15029.261719,52476.320804999996,77.73626838394186
3.449465,67339.818445,3.449465,14820.369141,52519.449303999994,77.99167048080983
3.448276,66943.433932,3.448276,14785.322266,52158.111666,77.91370804040515
3.447087,66862.997749,3.447087,14734.642578,52128.355171,77.96293454667853
3.445899,66768.655089,3.445899,14402.822266,52365.832823000004,78.4287668415642
3.444712,66552.754577,3.444712,14368.850586,52183.903991,78.40983340610556
3.443526,66361.689003,3.443526,14345.998047,52015.690956000006,78.38210831802147
3.442341,66095.539749,3.442341,14345.550781,51749.988968000005,78.29573548309357
3.441156,65823.901113,3.441156,14236.798828,51587.102285,78.3713839695407
3.439972,65677.987041,3.439972,13993.253906,51684.733135,78.69414923258138
3.43879,65456.248108,3.43879,13875.217773,51581.030335,78.80230203523661
3.437607,65241.464652,3.437607,13768.773438,51472.691214000006,78.89567085680393
3.436426,65093.19989,3.436426,13758.003906,51335.195984000005,78.86414567228307
3.435246,64969.237274,3.435246,13727.066406,51242.170868,78.87143672611126
3.434066,64752.978228,3.434066,12839.174805,51913.803423,80.17207060377622
3.432887,64370.776892,3.432887,12838.943359,51531.833533,80.0547018710976
3.431709,63966.663217,3.431709,12825.681641,51140.981576000006,79.94942834912264
3.430532,63454.611501,3.430532,12790.813477,50663.798024,79.8425785385221
3.429355,63166.978029,3.429355,12659.857422,50507.120607,79.9581081491854
3.42818,62824.305614,3.42818,12650.568359,50173.737255,79.86357630957897
3.427005,62592.380594,3.427005,12604.999023,49987.381571000005,79.86176767303161
3.425831,62344.938049,3.425831,12541.226562,49803.71148699999,79.88413020453524
3.424658,62041.076591,3.424658,12397.144531,49643.93206,80.01784428608966
3.423485,61725.045354,3.423485,12233.388672,49491.656682,80.18083485910759
3.422313,61613.836185,3.422313,12167.169922,49446.666263,80.25253632079134
3.421143,61058.633781,3.421143,12066.314453,48992.319328,80.23815191103284
3.419973,60840.994632,3.419973,11624.191406,49216.803226,80.8941463296096
3.418803,60693.742398,3.418803,11309.335938,49384.40646,81.36655363276351
3.417635,60416.382716,3.417635,11102.480469,49313.902247,81.62339423531931
3.416467,60118.207814,3.416467,11028.548828,49089.658986,81.65522687881635
3.415301,59822.509766,3.415301,10938.874023,48883.635743000006,81.71445152370207
3.414135,59608.151007,3.414135,10878.739258,48729.411749,81.74957774361685
3.412969,59450.086481,3.412969,10497.125977,48952.960504,82.34295928172479
3.411805,59308.292177,3.411805,10453.060547,48855.23163,82.37504375306605
3.410641,59142.407955,3.410641,10320.289062,48822.118893000006,82.55010335417448
3.409478,58806.415775,3.409478,10207.9375,48598.478275,82.64145609714299
3.408316,58542.396235,3.408316,10043.347656,48499.048579,82.84431744870137
3.407155,58251.598593,3.407155,9145.580078,49106.018515,84.29986421162525
3.405995,58044.192778,3.405995,8806.005859,49238.186919,84.82879089613652
3.404835,57671.672136,3.404835,8537.364258,49134.307878,85.19660703114799
3.403676,57293.566476,3.403676,8141.338379,49152.228097,85.79013512379201
3.402518,57091.321063,3.402518,8110.029297,48981.291766,85.7946371777759
3.401361,57000.496485,3.401361,7682.896484,49317.600001000006,86.52135164117072
3.400204,56812.551427,3.400204,7649.088379,49163.463048,86.53627026621305
3.399048,56377.13473,3.399048,7639.487793,48737.646937,86.44931525948091
3.397893,56185.416807,3.397893,7421.615234,48763.801573000004,86.790851335154
3.396739,55673.840639,3.396739,7343.078125,48330.762514,86.81054146665767
3.395586,55250.581925,3.395586,7289.015137,47961.566788,86.80735137433577
3.394433,55143.718281,3.394433,7124.248047,48019.470234,87.08058094541896
3.393281,54871.846647,3.393281,6925.857422,47945.989225,87.37812221528604
3.39213,54624.454505,3.39213,6887.135742,47737.318763,87.39184527440985
3.39098,54337.57535,3.39098,6838.593262,47498.982088,87.41461462358018
3.389831,54166.876754,3.389831,6753.493164,47413.38359,87.53206097765036
3.388682,54029.901224,3.388682,6742.108887,47287.792337,87.52152283409104
3.387534,53756.320085,3.387534,6689.882812,47066.437273,87.55516969647125
3.386387,53488.512423,3.386387,6391.845215,47096.667208,88.0500598624771
3.38524,53235.663893,3.38524,6332.975098,46902.688794999995,88.10388631439096
3.384095,53015.379629,3.384095,6134.560059,46880.81957,88.42871615382279
3.38295,52802.941599,3.38295,5841.57666,46961.364939,88.93702418254928
3.381806,52605.744097,3.381806,5623.256348,46982.487749,89.31056590012062
3.380663,52309.029989,3.380663,5605.378906,46703.651083000004,89.2841084853251
3.37952,52121.51916,3.37952,5593.924805,46527.594355,89.2675330743372
3.378378,51755.270358,3.378378,5558.28418,46196.986178,89.26044798616178
3.377237,51503.424978,3.377237,5458.341309,46045.083669,89.40198382664538
3.376097,51156.679087,3.376097,5383.02002,45773.659067,89.47738571761994
3.374958,50825.078299,3.374958,5243.680664,45581.397635,89.68288718976126
3.373819,50709.621092,3.373819,5111.30957,45598.311522,89.92043430826115
3.372681,50123.128796,3.372681,4981.845215,45141.283580999996,90.06078563994679
3.371544,49432.674472,3.371544,4904.391602,44528.282869999995,90.07864402566771
3.370408,49328.544925,3.370408,4706.026367,44622.518558,90.45983137318336
3.369272,48898.898888,3.369272,4678.459961,44220.438927,90.43238177670273
3.368137,48678.073293,3.368137,4565.858398,44112.214895,90.6202976224686
3.367003,48488.038198,3.367003,4550.723633,43937.314565,90.61474994220801
3.36587,48196.908666,3.36587,4485.110352,43711.798314,90.69419496781134
3.364738,48078.726322,3.364738,3796.418701,44282.307621,92.1037452706753
3.363606,47931.068063,3.363606,3656.685547,44274.382516,92.37094916768035
3.362475,47845.703707,3.362475,3557.997559,44287.706148,92.56360073458497
3.361345,47601.596955,3.361345,3302.122559,44299.474396,93.06300046588426
3.360215,47463.106418,3.360215,3193.588135,44269.518283000005,93.27143043088124
3.359086,46997.535606,3.359086,2968.950928,44028.584678,93.68275189386533
3.357958,46617.886139,3.357958,2829.430664,43788.455475,93.9305899551869
3.356831,46429.815664,3.356831,2732.081299,43697.734365000004,94.11567489569347
3.355705,46309.037371,3.355705,2589.208984,43719.828387,94.40884732010984
3.354579,46111.521481,3.354579,2583.032227,43528.489254,94.39829321601472
3.353454,45813.991564,3.353454,2490.299316,43323.69224800001,94.56432580749667
3.35233,45522.525533,3.35233,2316.622803,43205.90273,94.91104068617493
3.351206,45326.229827,3.351206,2272.479492,43053.750335000004,94.98639198390526
3.350084,45206.032717,3.350084,2246.136963,42959.895754000005,95.03133358978585
3.348962,44951.422495,3.348962,2061.284912,42890.137582999996,95.41441672456688
3.347841,44786.834821,3.347841,2003.391846,42783.442975,95.52682868970987
3.34672,44511.373801,3.34672,1970.981445,42540.392356000004,95.57195998080896
3.345601,44364.242081,3.345601,1869.645996,42494.596085,95.78569156532323
3.344482,44004.390846,3.344482,1852.607666,42151.78318,95.78994816111991
3.343363,43784.153988,3.343363,1777.126953,42007.027035,95.94116411730357
3.342246,43362.10793,3.342246,1617.604248,41744.503681999995,96.26954425137421
3.341129,43168.85779,3.341129,1435.698853,41733.158937,96.67422552622511
3.340013,42989.438547,3.340013,1430.332642,41559.105905,96.67282781458933
3.338898,42830.997074,3.338898,1281.934082,41549.062992,97.00699453765884
3.337784,42574.660021,3.337784,1145.437988,41429.222033000005,97.30957807429347
3.33667,42211.598154,3.33667,1018.39856,41193.199594,97.58739634475674
3.335557,41935.123327,3.335557,1015.375061,40919.748266,97.57870019104904
3.334445,41757.079463,3.334445,854.631775,40902.447688,97.9533248349965
3.333333,41466.12935,3.333333,738.331726,40727.797624000006,98.21943418020038
3.332223,41175.968897,3.332223,727.262756,40448.706141,98.23376893007858
3.331113,40992.469838,3.331113,707.112793,40285.357045,98.27501783670398
3.330003,40597.036791,3.330003,679.81842,39917.218370999995,98.32544817618138
3.328895,40419.608315,3.328895,579.902039,39839.706276,98.56529525352971
3.327787,40237.023795,3.327787,487.469452,39749.554343,98.78850519739342
3.32668,39860.707708,3.32668,427.105896,39433.601812,98.92850398159318
3.325574,39619.766525,3.325574,380.11441,39239.652115,99.0405940182405
3.324468,39243.277915,3.324468,271.913269,38971.364646,99.30710867326385
3.323363,38976.281915,3.323363,252.079956,38724.201959,99.35324781222144
3.322259,38799.92611,3.322259,153.548553,38646.377557,99.60425555305264
3.321156,38717.459417,3.321156,125.943604,38591.515813,99.67471108410409
3.320053,38377.240437,3.320053,69.32489,38307.915547,99.81935936713894
