RP,Loss_gen,ReturnPeriod,Loss_expected,Loss_Diff,Percent_Diff
10000.0,90000.0,10000.0,90000.007812,0.007811999996192753,8.679999995769726e-06
5000.0,90000.0,5000.0,90000.007812,0.007811999996192753,8.679999995769726e-06
3333.333333,90000.0,3333.333333,90000.007812,0.007811999996192753,8.679999995769726e-06
2500.0,90000.0,2500.0,90000.0,0.0,0.0
2000.0,90000.0,2000.0,90000.0,0.0,0.0
1666.666667,90000.0,1666.666667,90000.0,0.0,0.0
1428.571429,90000.0,1428.571429,90000.0,0.0,0.0
1250.0,90000.0,1250.0,90000.0,0.0,0.0
1111.111111,90000.0,1111.111111,90000.0,0.0,0.0
1000.0,90000.0,1000.0,90000.0,0.0,0.0
909.090909,90000.0,909.090909,90000.0,0.0,0.0
833.333333,90000.0,833.333333,90000.0,0.0,0.0
769.230769,90000.0,769.230769,90000.0,0.0,0.0
714.285714,90000.0,714.285714,90000.0,0.0,0.0
666.666667,90000.0,666.666667,90000.0,0.0,0.0
625.0,90000.0,625.0,90000.0,0.0,0.0
588.235294,90000.0,588.235294,90000.0,0.0,0.0
555.555556,90000.0,555.555556,90000.0,0.0,0.0
526.315789,90000.0,526.315789,90000.0,0.0,0.0
500.0,90000.0,500.0,90000.0,0.0,0.0
476.190476,90000.0,476.190476,90000.0,0.0,0.0
454.545455,90000.0,454.545455,90000.0,0.0,0.0
434.782609,90000.0,434.782609,90000.0,0.0,0.0
416.666667,90000.0,416.666667,90000.0,0.0,0.0
400.0,90000.0,400.0,90000.0,0.0,0.0
384.615385,90000.0,384.615385,90000.0,0.0,0.0
370.37037,90000.0,370.37037,90000.0,0.0,0.0
357.142857,90000.0,357.142857,90000.0,0.0,0.0
344.827586,90000.0,344.827586,90000.0,0.0,0.0
333.333333,90000.0,333.333333,90000.0,0.0,0.0
322.580645,90000.0,322.580645,90000.0,0.0,0.0
312.5,90000.0,312.5,90000.0,0.0,0.0
303.030303,90000.0,303.030303,90000.0,0.0,0.0
294.117647,90000.0,294.117647,90000.0,0.0,0.0
285.714286,90000.0,285.714286,90000.0,0.0,0.0
277.777778,90000.0,277.777778,90000.0,0.0,0.0
270.27027,90000.0,270.27027,90000.0,0.0,0.0
263.157895,90000.0,263.157895,90000.0,0.0,0.0
256.410256,90000.0,256.410256,90000.0,0.0,0.0
250.0,90000.0,250.0,90000.0,0.0,0.0
243.902439,90000.0,243.902439,90000.0,0.0,0.0
238.095238,90000.0,238.095238,90000.0,0.0,0.0
232.55814,90000.0,232.55814,90000.0,0.0,0.0
227.272727,90000.0,227.272727,90000.0,0.0,0.0
222.222222,90000.0,222.222222,90000.0,0.0,0.0
217.391304,90000.0,217.391304,90000.0,0.0,0.0
212.765957,90000.0,212.765957,90000.0,0.0,0.0
208.333333,90000.0,208.333333,90000.0,0.0,0.0
204.081633,90000.0,204.081633,90000.0,0.0,0.0
200.0,90000.0,200.0,90000.0,0.0,0.0
196.078431,90000.0,196.078431,90000.0,0.0,0.0
192.307692,90000.0,192.307692,90000.0,0.0,0.0
188.679245,90000.0,188.679245,90000.0,0.0,0.0
185.185185,90000.0,185.185185,90000.0,0.0,0.0
181.818182,90000.0,181.818182,90000.0,0.0,0.0
178.571429,90000.0,178.571429,90000.0,0.0,0.0
175.438596,90000.0,175.438596,90000.0,0.0,0.0
172.413793,90000.0,172.413793,90000.0,0.0,0.0
169.491525,90000.0,169.491525,90000.0,0.0,0.0
166.666667,90000.0,166.666667,90000.0,0.0,0.0
163.934426,90000.0,163.934426,90000.0,0.0,0.0
161.290323,90000.0,161.290323,90000.0,0.0,0.0
158.730159,90000.0,158.730159,90000.0,0.0,0.0
156.25,90000.0,156.25,90000.0,0.0,0.0
153.846154,90000.0,153.846154,90000.0,0.0,0.0
151.515152,90000.0,151.515152,90000.0,0.0,0.0
149.253731,90000.0,149.253731,90000.0,0.0,0.0
147.058824,90000.0,147.058824,90000.0,0.0,0.0
144.927536,90000.0,144.927536,90000.0,0.0,0.0
142.857143,90000.0,142.857143,90000.0,0.0,0.0
140.84507,90000.0,140.84507,90000.0,0.0,0.0
138.888889,90000.0,138.888889,90000.0,0.0,0.0
136.986301,90000.0,136.986301,90000.0,0.0,0.0
135.135135,90000.0,135.135135,90000.0,0.0,0.0
133.333333,90000.0,133.333333,90000.0,0.0,0.0
131.578947,90000.0,131.578947,90000.0,0.0,0.0
129.87013,90000.0,129.87013,90000.0,0.0,0.0
128.205128,90000.0,128.205128,90000.0,0.0,0.0
126.582278,90000.0,126.582278,90000.0,0.0,0.0
125.0,90000.0,125.0,90000.0,0.0,0.0
123.45679,90000.0,123.45679,90000.0,0.0,0.0
121.95122,90000.0,121.95122,90000.0,0.0,0.0
120.481928,90000.0,120.481928,90000.0,0.0,0.0
119.047619,90000.0,119.047619,90000.0,0.0,0.0
117.647059,90000.0,117.647059,90000.0,0.0,0.0
116.27907,90000.0,116.27907,90000.0,0.0,0.0
114.942529,90000.0,114.942529,90000.0,0.0,0.0
113.636364,90000.0,113.636364,90000.0,0.0,0.0
112.359551,90000.0,112.359551,90000.0,0.0,0.0
111.111111,90000.0,111.111111,90000.0,0.0,0.0
109.89011,89999.999993,109.89011,90000.0,6.999995093792677e-06,7.777772327041244e-09
108.695652,89999.999658,108.695652,90000.0,0.0003419999993639067,3.800000007372296e-07
107.526882,89999.996168,107.526882,90000.0,0.003832000002148561,4.257777961451792e-06
106.382979,89999.953577,106.382979,90000.0,0.046423000007052906,5.158113772507164e-05
105.263158,89999.882119,105.263158,90000.0,0.11788099999830592,0.00013097906044192464
104.166667,89999.572069,104.166667,90000.0,0.4279309999983525,0.00047548114969954577
103.092784,89999.103877,103.092784,90000.0,0.8961229999986244,0.0009957021363494218
102.040816,89997.822731,102.040816,90000.0,2.1772690000070725,0.002419246303896534
101.010101,89993.960774,101.010101,90000.0,6.039225999993505,0.006710701416020226
100.0,89985.630215,100.0,90000.0,14.369785000002594,0.015968977453032548
99.009901,89982.483228,99.009901,90000.0,17.516772000002675,0.019466868852261184
98.039216,89969.79842,98.039216,90000.0,30.201579999993555,0.03356857582252828
97.087379,89937.826968,97.087379,90000.0,62.17303200000606,0.06912890170464905
96.153846,89910.474962,96.153846,90000.0,89.52503800000704,0.09957131028152631
95.238095,89881.177861,95.238095,90000.0,118.82213899999624,0.13219913426563348
94.339623,89847.963884,94.339623,90000.0,152.03611600000295,0.1692148707969523
93.457944,89818.006882,93.457944,90000.0,181.9931179999985,0.20262431144691864
92.592593,89797.397979,92.592593,90000.0,202.60202099999879,0.22562126025898796
91.743119,89743.696723,91.743119,90000.0,256.30327699999907,0.2855947396407087
90.909091,89696.352266,90.909091,90000.0,303.6477339999983,0.33852852020059016
90.09009,89623.304934,90.09009,90000.0,376.6950660000002,0.42030927812515323
89.285714,89556.877699,89.285714,90000.0,443.1223009999958,0.49479427195901865
88.495575,89513.372301,88.495575,90000.0,486.6276990000042,0.5436368740121389
87.719298,89488.204154,87.719298,90000.0,511.7958459999936,0.5719143107612771
86.956522,89401.971353,86.956522,90000.0,598.0286469999992,0.6689210964249409
86.206897,89369.043453,86.206897,90000.0,630.9565469999943,0.7060124206563989
85.470085,89268.22113,85.470085,90000.0,731.7788699999946,0.8197529431378674
84.745763,89162.830629,84.745763,90000.0,837.1693709999963,0.9389219309146842
84.033613,89086.152367,84.033613,90000.0,913.8476329999976,1.0258021125834504
83.333333,89039.965863,83.333333,90000.0,960.0341369999951,1.0782058682245421
82.644628,88931.012171,82.644628,90000.0,1068.9878290000051,1.202041675793045
81.967213,88816.925172,81.967213,90000.0,1183.074827999997,1.3320375882286988
81.300813,88643.912598,81.300813,90000.0,1356.0874020000047,1.5298144703402916
80.645161,88604.706068,80.645161,90000.0,1395.2939320000005,1.574740207285578
80.0,88534.965878,80.0,90000.0,1465.0341219999973,1.6547520038792296
79.365079,88446.092692,79.365079,90000.0,1553.9073079999944,1.7568976318843603
78.740157,88356.874028,78.740157,90000.0,1643.1259719999944,1.8596470168006318
78.125,88291.210482,78.125,90000.0,1708.789518000005,1.9354016200155932
77.51938,88237.327981,77.51938,90000.0,1762.672019000005,1.9976489081577338
76.923077,88064.961077,76.923077,90000.0,1935.038923,2.1972858436945084
76.335878,87949.412911,76.335878,90000.0,2050.5870889999933,2.3315529019790904
75.757576,87869.336557,75.757576,90000.0,2130.6634429999976,2.4248088428639227
75.18797,87678.953306,75.18797,90000.0,2321.046694000004,2.6472107689282502
74.626866,87531.058426,74.626866,90000.0,2468.9415739999968,2.8206463150303103
74.074074,87320.92222,74.074074,90000.0,2679.077780000007,3.0680823242455295
73.529412,87008.593297,73.529412,90000.0,2991.4067030000006,3.438058919983875
72.992701,86894.499544,72.992701,90000.0,3105.5004559999943,3.573874609206408
72.463768,86749.780222,72.463768,90000.0,3250.2197779999988,3.746660532951683
71.942446,86617.58896,71.942446,90000.0,3382.4110400000063,3.9049932936392446
71.428571,86257.148499,71.428571,90000.0,3742.8515009999974,4.339178336092792
70.921986,85960.201116,70.921986,90000.0,4039.7988840000035,4.699615440113327
70.422535,85786.113223,70.422535,90000.0,4213.886777000007,4.912084973527193
69.93007,85675.401545,69.93007,90000.0,4324.598454999999,5.047654725876662
69.444444,85472.993368,69.444444,89999.992188,4526.998820000008,5.296408422844425
68.965517,85422.210703,68.965517,88551.78125,3129.5705469999957,3.6636496775774576
68.493151,85297.583421,68.493151,88474.15625,3176.572828999997,3.72410647711027
68.027211,85044.62468,68.027211,87973.304688,2928.6800080000103,3.4436979632984963
67.567568,84892.76572,67.567568,87728.375,2835.609280000004,3.340224877762416
67.114094,84644.509295,67.114094,87563.804688,2919.2953930000076,3.4488892632430352
66.666667,84510.75612,66.666667,87242.773438,2732.0173179999983,3.2327450888271594
66.225166,84125.474268,66.225166,86826.0,2700.5257319999946,3.2101165021630456
65.789474,83978.736259,65.789474,85706.375,1727.6387410000025,2.057233554541435
65.359477,83798.822989,65.359477,85217.046875,1418.223886000007,1.6924150428534932
64.935065,83695.234634,64.935065,84615.921875,920.6872410000069,1.1000473862414992
64.516129,83548.518885,64.516129,84568.796875,1020.2779900000023,1.221180223917984
64.102564,83382.051643,64.102564,84551.789062,1169.7374189999973,1.4028647604021842
63.694268,83210.053947,63.694268,84332.15625,1122.102303000007,1.3485176968094763
63.291139,82937.391498,63.291139,84325.53125,1388.1397520000028,1.6737200518700628
62.893082,82710.402616,62.893082,84282.75,1572.3473839999933,1.9010273608507724
62.5,82515.07195,62.5,84148.53125,1633.4593000000023,1.979589014949653
62.111801,82046.329245,62.111801,84025.296875,1978.9676299999992,2.4120123937422826
61.728395,81775.962876,61.728395,83167.023438,1391.0605619999988,1.7010628955960037
61.349693,81368.134484,61.349693,83062.703125,1694.5686410000053,2.0825949270512285
60.97561,81219.731599,60.97561,82158.140625,938.4090259999939,1.1553953793311327
60.606061,81111.946288,60.606061,81643.234375,531.2880869999935,0.6550059655991688
60.240964,80975.268179,60.240964,80557.75,417.51817900000606,0.5156119743587149
59.88024,80679.553524,59.88024,80421.640625,257.91289900000265,0.3196756646940051
59.52381,80576.974302,59.52381,80057.921875,519.0524270000024,0.6441696669505236
59.171598,80355.031462,59.171598,79080.367188,1274.6642739999952,1.5862905543167956
58.823529,80223.313605,58.823529,79062.796875,1160.516730000003,1.4466078224019814
58.479532,80125.332245,58.479532,78920.117188,1205.215056999994,1.5041623207437023
58.139535,79845.70841,58.139535,78767.84375,1077.8646600000066,1.3499343690023708
57.803468,79660.876969,57.803468,78335.5,1325.3769690000045,1.6637740123244866
57.471264,79411.723041,57.471264,77862.796875,1548.9261660000047,1.9505006398114537
57.142857,79313.628036,57.142857,77526.617188,1787.0108479999908,2.253094319665817
56.818182,79010.407417,56.818182,77468.015625,1542.391791999995,1.952137499886036
56.497175,78780.825597,56.497175,77245.195312,1535.6302850000066,1.9492437066545336
56.179775,78607.566606,56.179775,76676.0,1931.566605999993,2.457227324796185
55.865922,78356.273555,55.865922,76614.890625,1741.382930000007,2.2223912023811234
55.555556,78075.199769,55.555556,76593.90625,1481.293518999999,1.8972651025968315
55.248619,77945.863175,55.248619,76504.203125,1441.6600500000059,1.8495658284818344
54.945055,77835.719875,54.945055,76339.109375,1496.6104999999952,1.9227810861176224
54.644809,77739.91264,54.644809,76159.296875,1580.615764999995,2.0332101121846526
54.347826,77544.642291,54.347826,76026.296875,1518.3454159999965,1.9580274937656381
54.054054,77417.252451,54.054054,75595.546875,1821.705575999993,2.353100269417353
53.763441,77237.785844,53.763441,75239.390625,1998.3952189999982,2.587328465158531
53.475936,77063.550446,53.475936,74848.78125,2214.769195999994,2.87395167129229
53.191489,76873.615654,53.191489,74804.632812,2068.9828419999976,2.6914082606863063
52.910053,76574.214812,52.910053,74619.148438,1955.0663740000018,2.55316542102319
52.631579,76355.685369,52.631579,74413.90625,1941.779118999999,2.5430707741225396
52.356021,76145.902833,52.356021,73783.296875,2362.605958,3.1027354986933027
52.083333,76106.105332,52.083333,73760.453125,2345.6522070000065,3.0820815186475454
51.813472,75780.611818,51.813472,73221.359375,2559.252443000005,3.3771863034656984
51.546392,75606.827708,51.546392,73155.734375,2451.093332999997,3.241894161287031
51.282051,75359.541297,51.282051,72966.851562,2392.689735000007,3.175032243853716
51.020408,75136.393921,51.020408,72913.226562,2223.167358999999,2.9588422374082586
50.761421,74801.908154,50.761421,72863.5625,1938.3456540000043,2.5913050907864466
50.505051,74611.106822,50.505051,72356.304688,2254.8021339999977,3.022073026445362
50.251256,74479.021413,50.251256,71749.289062,2729.7323509999987,3.6651023324583263
50.0,74283.238514,50.0,70392.234375,3891.004138999997,5.238064759746128
49.751244,74171.699788,49.751244,70307.53125,3864.168537999998,5.209761336257214
49.50495,73723.543201,49.50495,70143.664062,3579.879138999997,4.855815365845627
49.261084,73459.638262,49.261084,70123.875,3335.763261999993,4.5409470301265475
49.019608,73352.922746,49.019608,69924.296875,3428.6258709999966,4.674150316916939
48.780488,73035.640398,48.780488,69916.78125,3118.859148000003,4.270324913979134
48.543689,72922.105435,48.543689,69717.453125,3204.652310000005,4.394623949601277
48.309179,72659.140432,48.309179,69429.648438,3229.4919939999963,4.444715385839724
48.076923,72485.663498,48.076923,69329.867188,3155.7963099999906,4.353683415048087
47.84689,72359.60974,47.84689,69270.4375,3089.17224,4.269194169371428
47.619048,72254.282682,47.619048,69143.265625,3111.0170570000046,4.305650740028759
47.393365,72077.987737,47.393365,68572.117188,3505.8705489999993,4.863996150658796
47.169811,71901.549057,47.169811,68213.070312,3688.4787450000003,5.129901641028564
46.948357,71652.062117,46.948357,67996.617188,3655.44492899999,5.101660470051857
46.728972,71543.52267,46.728972,67970.007812,3573.5148580000096,4.994882450062072
46.511628,71318.430301,46.511628,67896.53125,3421.8990510000003,4.798057159359577
46.296296,71071.964525,46.296296,67504.796875,3567.167650000003,5.019092512554975
46.082949,70926.623266,46.082949,67421.710938,3504.9123279999912,4.941603260675934
45.87156,70808.679248,45.87156,67166.71875,3641.9604980000004,5.143381484696833
45.6621,70555.721486,45.6621,67150.71875,3405.002735999995,4.8259767801759805
45.454545,70359.74731,45.454545,67104.398438,3255.3488720000023,4.626720527657907
45.248869,70147.745376,45.248869,66788.539062,3359.20631400001,4.7887587776261045
45.045045,69920.082358,45.045045,66618.507812,3301.5745460000035,4.721925997019723
44.843049,69722.407056,44.843049,66493.0,3229.4070559999964,4.631806606169212
44.642857,69561.549304,44.642857,66445.632812,3115.916492000004,4.479366148650213
44.444444,69506.028712,44.444444,66314.875,3191.1537119999994,4.5911898163864695
44.247788,69397.483965,44.247788,66224.257812,3173.2261530000105,4.572537751657392
44.052863,69201.731937,44.052863,66167.570312,3034.161625000008,4.384516890071846
43.859649,68908.803411,43.859649,66058.40625,2850.397161000001,4.136477517972672
43.668122,68840.214418,43.668122,66006.53125,2833.683168000003,4.11631949719649
43.478261,68586.292632,43.478261,65788.273438,2798.019193999993,4.079560341616328
43.290043,68466.616323,43.290043,65708.023438,2758.592884999991,4.029106494741871
43.103448,68351.249335,43.103448,65587.789062,2763.4602730000042,4.043028181468725
42.918455,68252.577459,42.918455,65304.828125,2947.749333999993,4.318883540728899
42.735043,68151.270956,42.735043,64722.265625,3429.005330999993,5.031462044506604
42.553191,68007.193748,42.553191,64690.179688,3317.0140600000086,4.877445865934671
42.372881,67894.166508,42.372881,64652.789062,3241.3774459999913,4.774161923937985
42.194093,67668.885047,42.194093,64029.875,3639.0100470000034,5.377671058821935
42.016807,67616.525791,42.016807,63589.183594,4027.342196999991,5.9561507336954085
41.841004,67535.123316,41.841004,63344.410156,4190.713159999999,6.205235075075612
41.666667,67487.918232,41.666667,63325.171875,4162.746356999996,6.168135669394812
41.493776,67360.335395,41.493776,63093.140625,4267.194770000002,6.334877558101865
41.322314,67177.475933,41.322314,62976.289062,4201.186870999991,6.25386234396493
41.152263,66983.675268,41.152263,62709.90625,4273.769018000006,6.380314309271272
40.983607,66651.448044,40.983607,62644.859375,4006.5886690000043,6.011255248880793
40.816327,66467.286597,40.816327,62622.3125,3844.9740969999984,5.784761638176368
40.650407,66275.910755,40.650407,62264.003906,4011.9068490000063,6.053340954952232
40.48583,66115.731139,40.48583,62100.59375,4015.137388999996,6.072892668400922
40.322581,65933.217606,40.322581,61839.828125,4093.3894810000056,6.208387258545535
40.160643,65876.883598,40.160643,61406.632812,4470.250785999997,6.785765418532506
40.0,65756.348783,40.0,61376.007812,4380.3409709999905,6.661472317228843
39.840637,65533.513447,39.840637,61053.808594,4479.704852999996,6.83574650186113
39.68254,65343.656156,39.68254,60730.0,4613.656155999997,7.060603013987245
39.525692,65253.369403,39.525692,60685.839844,4567.529558999995,6.999683848953866
39.370079,65120.171269,39.370079,60647.753906,4472.4173630000005,6.8679447179664646
39.215686,64902.594007,39.215686,60595.289062,4307.304944999996,6.63656824646398
39.0625,64707.66975,39.0625,60516.023438,4191.646312000004,6.477819906348898
38.910506,64636.354295,38.910506,60447.015625,4189.338669999997,6.481396909980221
38.75969,64361.418983,38.75969,60261.328125,4100.090858000003,6.370417126886177
38.610039,64118.101975,38.610039,59944.433594,4173.668380999996,6.509344868984631
38.461538,63864.445282,38.461538,59888.546875,3975.8984070000006,6.225527191920347
38.314176,63722.642708,38.314176,59657.617188,4065.025520000003,6.37924817184279
38.167939,63465.557381,38.167939,59280.8125,4184.744880999999,6.59372587855473
38.022814,63354.876105,38.022814,59254.539062,4100.3370429999995,6.472014934106072
37.878788,63175.712994,37.878788,59026.960938,4148.752056000005,6.567004722833955
37.735849,62948.555783,37.735849,58472.945312,4475.610471,7.109949410799176
37.593985,62794.473725,37.593985,58310.128906,4484.344819000005,7.141304883991214
37.453184,62482.926544,37.453184,58002.132812,4480.793731999998,7.171228973797598
37.313433,62428.517056,37.313433,58002.074219,4426.442836999995,7.090418042493883
37.174721,62279.208883,37.174721,57878.566406,4400.642477000001,7.065989687292286
37.037037,62098.816695,37.037037,57820.65625,4278.160445000001,6.889278528465849
36.900369,61867.709082,36.900369,57791.898438,4075.8106440000047,6.587944995018144
36.764706,61804.573585,36.764706,57437.261719,4367.311865999996,7.066324727560202
36.630037,61641.043033,36.630037,57223.640625,4417.402408000002,7.166332999321753
36.49635,61511.383589,36.49635,56863.257812,4648.125776999994,7.556529386588553
36.363636,61403.736822,36.363636,56624.144531,4779.592291000001,7.783878536342674
36.231884,61102.244075,36.231884,56391.097656,4711.146419000004,7.710267421958028
36.101083,61004.929921,36.101083,56386.492188,4618.437733000006,7.570597554952982
35.971223,60821.939892,35.971223,56068.914062,4753.025829999999,7.814656747942976
35.842294,60724.071804,35.842294,55889.601562,4834.470241999996,7.961373633843738
35.714286,60625.567385,35.714286,55447.539062,5178.028322999999,8.540997711604343
35.587189,60294.201813,35.587189,55244.863281,5049.338532000002,8.374500997061572
35.460993,60002.01034,35.460993,55067.992188,4934.018152000004,8.223088066618942
35.335689,59962.49233,35.335689,54990.421875,4972.070455000001,8.291967631426171
35.211268,59858.851145,35.211268,54955.144531,4903.706614000002,8.192116153585097
35.087719,59602.486702,35.087719,54711.308594,4891.178108,8.206332283508354
34.965035,59470.227738,34.965035,54681.832031,4788.395707000003,8.05175276626751
34.843206,59276.855733,34.843206,54532.664062,4744.191670999993,8.00344689733409
34.722222,59159.331449,34.722222,54372.117188,4787.214261000001,8.092069575071106
34.602076,59012.89149,34.602076,54138.632812,4874.258677999998,8.25965065417268
34.482759,58884.964758,34.482759,54079.125,4805.839758000002,8.161403811228551
34.364261,58720.373185,34.364261,53999.808594,4720.564590999995,8.03905754503252
34.246575,58608.55675,34.246575,53775.324219,4833.2325310000015,8.246632913375745
34.129693,58385.099169,34.129693,53619.597656,4765.501513000003,8.162187922651128
34.013605,58232.565788,34.013605,53428.128906,4804.436882000002,8.250429664203555
33.898305,58165.595174,33.898305,53347.9375,4817.657674000002,8.282658605294376
33.783784,58126.511895,33.783784,53144.011719,4982.500176000001,8.571820351099706
33.670034,58034.016529,33.670034,53111.453125,4922.563404,8.482203539264185
33.557047,57951.938427,33.557047,53043.652344,4908.286082999999,8.469580511414286
33.444816,57867.120705,33.444816,52948.066406,4919.054299000003,8.500603173392335
33.333333,57803.285943,33.333333,52923.003906,4880.2820370000045,8.442914546090798
33.222591,57552.025444,33.222591,52884.367188,4667.658256000002,8.11032838547409
33.112583,57333.364386,33.112583,52750.171875,4583.192511000001,7.993936096516868
33.0033,57097.36293,33.0033,52736.535156,4360.827774000005,7.637529213645602
32.894737,56968.727456,32.894737,52662.984375,4305.7430810000005,7.558081904366841
32.786885,56882.958737,32.786885,52407.589844,4475.368892999999,7.867679516622888
32.679739,56718.475266,32.679739,52059.289062,4659.186203999998,8.214582959342978
32.57329,56674.008202,32.57329,51679.519531,4994.488670999999,8.812661799388572
32.467532,56575.96956,32.467532,51574.609375,5001.360184999998,8.840078612697836
32.36246,56471.231872,32.36246,51458.789062,5012.442809999993,8.876099641958229
32.258065,56386.263441,32.258065,51424.421875,4961.841566000003,8.799734657345837
32.154341,56318.547876,32.154341,51369.710938,4948.836938,8.787223969084144
32.051282,56232.198086,32.051282,51359.039062,4873.159023999993,8.666136466063653
31.948882,56063.802521,31.948882,51301.5625,4762.240020999998,8.49432219517431
31.847134,55862.958403,31.847134,50854.707031,5008.251371999999,8.965245513619347
31.746032,55727.399757,31.746032,50688.550781,5038.848976000001,9.04195960689349
31.64557,55642.120754,31.64557,50529.273438,5112.847316000007,9.18880741193254
31.545741,55353.077618,31.545741,50388.671875,4964.405743000003,8.968617386119199
31.446541,55234.59072,31.446541,50374.300781,4860.289939000002,8.799359016957702
31.347962,55118.59577,31.347962,50190.402344,4928.193425999998,8.941072168392068
31.25,55090.953113,31.25,50082.449219,5008.503894000001,9.091336437267278
31.152648,54994.610707,31.152648,49979.507812,5015.102894999996,9.119262470498128
31.055901,54968.049914,31.055901,49855.132812,5112.917101999999,9.30161632075249
30.959752,54761.102532,30.959752,49687.3125,5073.790031999997,9.265317529052846
30.864198,54655.996892,30.864198,49403.730469,5252.266423000001,9.609680038182187
30.769231,54560.234834,30.769231,49378.09375,5182.141084000003,9.498018290732642
30.674847,54473.678648,30.674847,49304.539062,5169.1395859999975,9.489242721061913
30.58104,54388.820673,30.58104,49243.164062,5145.6566109999985,9.460871824996996
30.487805,54315.655823,30.487805,49163.976562,5151.6792609999975,9.484704148262379
30.395137,54232.470584,30.395137,49157.625,5074.845584000002,9.357577719310495
30.30303,53999.279834,30.30303,49026.351562,4972.928271999997,9.209249247929511
30.21148,53878.787571,30.21148,49007.980469,4870.807101999999,9.040305696525524
30.120482,53720.941353,30.120482,49001.175781,4719.765572000004,8.78570898634566
30.03003,53619.844273,30.03003,48887.375,4732.469273000002,8.825966089914612
29.94012,53507.537815,29.94012,48799.164062,4708.373753,8.799458815090686
29.850746,53361.095738,29.850746,48640.457031,4720.6387070000055,8.846592525344828
29.761905,53129.933316,29.761905,48507.664062,4622.269253999999,8.699934228240428
29.673591,53006.952301,29.673591,48484.242188,4522.710113000001,8.532296079423299
29.585799,52908.99671,29.585799,48437.03125,4471.965459999999,8.452183443415743
29.498525,52804.402565,29.498525,48302.265625,4502.136939999997,8.526063588084451
29.411765,52589.51376,29.411765,48298.902344,4290.611416,8.158682423992047
29.325513,52472.941055,29.325513,48295.4375,4177.503555000003,7.961252925810493
29.239766,52324.07761,29.239766,48074.347656,4249.729954000002,8.121939550804061
29.154519,52229.865227,29.154519,47857.933594,4371.931633,8.370558901499805
29.069767,52104.948984,29.069767,47821.070312,4283.878671999999,8.22163490327082
28.985507,51997.548246,28.985507,47703.648438,4293.899808000002,8.257888982929725
28.901734,51898.422323,28.901734,47589.003906,4309.418417000001,8.303563430463244
28.818444,51763.496287,28.818444,47395.34375,4368.152537000002,8.438673679963594
28.735632,51624.477354,28.735632,47333.105469,4291.3718850000005,8.312668921707726
28.653295,51395.130702,28.653295,47190.132812,4204.997889999999,8.181704827995242
28.571429,51227.01678,28.571429,47013.347656,4213.669124,8.225482155433843
28.490028,51102.926627,28.490028,46810.628906,4292.297721000003,8.399318795045657
28.409091,50993.195236,28.409091,46649.492188,4343.703048000003,8.518201355881011
28.328612,50831.165085,28.328612,46560.335938,4270.829147000004,8.401989487863032
28.248588,50651.141046,28.248588,46445.753906,4205.387139999999,8.302650351313467
28.169014,50517.806168,28.169014,46390.679688,4127.126480000006,8.169647086959792
28.089888,50381.120785,28.089888,46352.519531,4028.601254000001,7.99625175309605
28.011204,50306.277183,28.011204,46205.394531,4100.882652,8.151830907864936
27.932961,50152.666038,27.932961,46189.386719,3963.279319000001,7.902429984473961
27.855153,50114.718862,27.855153,46108.769531,4005.9493310000034,7.993558423486549
27.777778,49899.624212,27.777778,46095.996094,3803.6281180000005,7.622558642606557
27.700831,49749.51293,27.700831,45960.296875,3789.216054999997,7.616589252505064
27.624309,49687.464589,27.624309,45907.316406,3780.148183000005,7.60785082166754
27.548209,49587.716633,27.548209,45797.878906,3789.8377269999983,7.642694571013801
27.472527,49442.801041,27.472527,45655.289062,3787.5119789999953,7.660391198021396
27.39726,49329.623704,27.39726,45558.972656,3770.6510479999997,7.643786359745226
27.322404,49254.28783,27.322404,45464.453125,3789.834705000001,7.694425951463405
27.247956,49133.779894,27.247956,45427.972656,3705.8072380000012,7.542279967050811
27.173913,49060.033919,27.173913,45344.09375,3715.9401690000013,7.5742715040416835
27.100271,48915.181767,27.100271,45329.144531,3586.0372360000038,7.331133415963871
27.027027,48806.372525,27.027027,45190.390625,3615.981899999999,7.408831496640713
26.954178,48742.891488,26.954178,45111.351562,3631.5399259999976,7.450399053355391
26.88172,48566.074245,26.88172,44884.53125,3681.5429950000034,7.580482985772783
26.809651,48376.862575,26.809651,44789.980469,3586.8821059999973,7.414457893872621
26.737968,48233.395958,26.737968,44712.335938,3521.0600200000044,7.300045850111868
26.666667,48129.365976,26.666667,44673.3125,3456.053476000001,7.1807583705203655
26.595745,48035.765259,26.595745,44505.75,3530.015259,7.348722852580379
26.525199,47877.566342,26.525199,44354.601562,3522.964779999995,7.35827872877807
26.455026,47769.868267,26.455026,44350.664062,3419.2042049999945,7.157658852833852
26.385224,47732.525651,26.385224,44137.792969,3594.7326820000017,7.530991987063838
26.315789,47603.874329,26.315789,43916.105469,3687.7688599999965,7.746783033904091
26.246719,47520.94341,26.246719,43829.011719,3691.931690999998,7.769062283016654
26.17801,47313.185004,26.17801,43812.582031,3500.602973000001,7.398789518617378
26.109661,47254.031502,26.109661,43790.609375,3463.422126999998,7.3293685573757035
26.041667,47194.74183,26.041667,43721.234375,3473.507454999999,7.35994587598743
25.974026,47079.360261,25.974026,43671.535156,3407.8251050000035,7.238469439915067
25.906736,47028.47363,25.906736,43345.382812,3683.090817999997,7.831618876208883
25.839793,46944.270209,25.839793,43338.789062,3605.4811469999986,7.6803433751298735
25.773196,46798.257364,25.773196,43284.878906,3513.3784579999992,7.50749847515198
25.706941,46771.551731,25.706941,43280.542969,3491.0087619999977,7.46395753999791
25.641026,46721.244314,25.641026,43188.613281,3532.631033000005,7.561080799257423
25.575448,46646.114515,25.575448,43176.1875,3469.927015000001,7.438833975944934
25.510204,46530.506643,25.510204,43171.445312,3359.061330999997,7.219051700365122
25.445293,46480.289479,25.445293,43031.980469,3448.309009999997,7.418863024848325
25.380711,46403.909708,25.380711,42878.964844,3524.9448639999973,7.596223866008211
25.316456,46287.295157,25.316456,42866.152344,3421.1428129999986,7.39110548887327
25.252525,46237.341105,25.252525,42830.867188,3406.473917000003,7.367365500676756
25.188917,46174.111705,25.188917,42749.132812,3424.9788929999995,7.417530660647496
25.125628,46128.881224,25.125628,42705.914062,3422.9671619999936,7.420442618970537
25.062657,46098.874724,25.062657,42608.859375,3490.015349000001,7.570717007508708
25.0,45885.558755,25.0,42509.074219,3376.4845359999963,7.35849061799225
24.937656,45747.812367,24.937656,42406.542969,3341.2693979999967,7.30367032896683
24.875622,45710.543177,24.875622,42382.203125,3328.3400519999996,7.2813399725136225
24.813896,45646.395371,24.813896,42275.917969,3370.477401999997,7.383885133986556
24.752475,45586.113154,24.752475,42217.125,3368.9881539999988,7.3903825549215165
24.691358,45480.950637,24.691358,42152.675781,3328.2748560000036,7.317953581410765
24.630542,45300.433817,24.630542,42043.601562,3256.832254999994,7.189406327004742
24.570025,45157.165183,24.570025,41997.257812,3159.907370999994,6.997576925377021
24.509804,45071.960595,24.509804,41896.5,3175.460594999997,7.045312768915276
24.449878,44996.623227,24.449878,41756.183594,3240.4396329999945,7.201517359763978
24.390244,44934.932863,24.390244,41718.4375,3216.495363000002,7.15811765604863
24.3309,44769.040643,24.3309,41684.851562,3084.189080999997,6.889111396409238
24.271845,44667.280402,24.271845,41656.535156,3010.7452459999986,6.740381816183263
24.213075,44550.460359,24.213075,41627.3125,2923.147858999997,6.5614313195519385
24.154589,44488.899245,24.154589,41490.460938,2998.438307000004,6.739744875429777
24.096386,44411.286911,24.096386,41379.40625,3031.880661000003,6.826824602214019
24.038462,44351.109239,24.038462,41309.070312,3042.038926999994,6.85899175735832
23.980815,44288.620892,23.980815,41177.101562,3111.5193299999955,7.025550282063625
23.923445,44165.476883,23.923445,41060.058594,3105.418289000001,7.031325162018858
23.866348,44074.558466,23.866348,41057.839844,3016.7186220000003,6.844580472263058
23.809524,44042.835259,23.809524,40993.71875,3049.1165089999995,6.923070440559168
23.752969,43979.408709,23.752969,40859.863281,3119.545428000005,7.093195473911902
23.696682,43888.162027,23.696682,40839.632812,3048.529214999995,6.9461309706351795
23.640662,43786.231375,23.640662,40711.902344,3074.329031000001,7.021223189249638
23.584906,43673.55236,23.584906,40516.0,3157.5523600000015,7.229895873759881
23.529412,43601.551306,23.529412,40476.582031,3124.969275000003,7.1671057138968735
23.474178,43521.51394,23.474178,40423.703125,3097.810814999997,7.117883856868416
23.419204,43471.301803,23.419204,40378.609375,3092.692428000002,7.1143312938159395
23.364486,43427.808353,23.364486,40362.65625,3065.1521030000004,7.05804004218937
23.310023,43314.930242,23.310023,40355.316406,2959.613836000004,6.8327798739711145
23.255814,43264.223439,23.255814,40074.515625,3189.7078140000012,7.372622366601127
23.201856,43233.30662,23.201856,40055.296875,3178.009745000003,7.3508366429919
23.148148,43169.075925,23.148148,39988.328125,3180.7477999999974,7.368116485805916
23.094688,43053.885907,23.094688,39979.109375,3074.7765320000035,7.141693408678088
23.041475,42979.842083,23.041475,39782.113281,3197.728802000005,7.440066428873214
22.988506,42909.382989,22.988506,39640.601562,3268.7814269999944,7.617870962716849
22.93578,42781.125194,22.93578,39599.648438,3181.4767560000037,7.436636464265324
22.883295,42764.588112,22.883295,39542.9375,3221.6506119999976,7.533454089543734
22.83105,42703.878271,22.83105,39508.046875,3195.8313960000014,7.483702945477614
22.779043,42633.594834,22.779043,39476.289062,3157.3057719999997,7.405675698456631
22.727273,42567.551599,22.727273,39358.8125,3208.7390989999985,7.537993092079505
22.675737,42500.098268,22.675737,39339.09375,3161.0045180000016,7.437640492186924
22.624434,42445.229042,22.624434,39307.609375,3137.619666999999,7.392160998578406
22.573363,42406.185292,22.573363,39087.238281,3318.947011000004,7.826563479234075
22.522523,42328.815074,22.522523,39055.042969,3273.7721049999964,7.734145402550789
22.47191,42208.210678,22.47191,39009.539062,3198.6716159999996,7.578316077888678
22.421525,42122.777321,22.421525,38985.992188,3136.785133000005,7.446767123392369
22.371365,42058.442274,22.371365,38911.855469,3146.586804999999,7.481463018769907
22.321429,41981.965053,22.321429,38878.132812,3103.8322409999964,7.3932514523357185
22.271715,41883.219799,22.271715,38874.085938,3009.133861000002,7.184581021805416
22.222222,41858.676204,22.222222,38652.09375,3206.582454000003,7.660496567957835
22.172949,41823.648737,22.172949,38632.140625,3191.508112000003,7.630869635667587
22.123894,41767.781762,22.123894,38597.601562,3170.1801999999952,7.590013321904972
22.075055,41750.614144,22.075055,38575.980469,3174.6336749999973,7.6038011418239835
22.026432,41698.840957,22.026432,38571.453125,3127.3878320000003,7.499939471279247
21.978022,41593.610627,21.978022,38516.367188,3077.2434390000053,7.398356123963061
21.929825,41499.712991,21.929825,38508.839844,2990.8731469999984,7.206973088340697
21.881838,41384.455535,21.881838,38469.960938,2914.4945970000044,7.042486265247912
21.834061,41321.56637,21.834061,38443.699219,2877.8671509999986,6.9645645211779
21.786492,41273.309812,21.786492,38321.25,2952.0598119999995,7.152466873741499
21.73913,41182.919443,21.73913,38267.367188,2915.5522550000023,7.079518145952056
21.691974,41090.122993,21.691974,38128.082031,2962.040961999999,7.208644672357405
21.645022,40973.268953,21.645022,38063.777344,2909.491608999997,7.100950652332486
21.598272,40824.927628,21.598272,37898.867188,2926.060440000001,7.167337727239831
21.551724,40776.604315,21.551724,37898.84375,2877.760564999997,7.057381587660524
21.505376,40731.35304,21.505376,37888.566406,2842.7866340000037,6.97935723178226
21.459227,40677.038109,21.459227,37882.914062,2794.1240469999975,6.869044986787726
21.413276,40606.27056,21.413276,37863.195312,2743.0752479999937,6.755299637642945
21.367521,40521.146241,21.367521,37781.242188,2739.9040530000057,6.761664728594778
21.321962,40433.450995,21.321962,37770.253906,2663.197089000001,6.586618315931855
21.276596,40358.005765,21.276596,37704.292969,2653.712796,6.575430935443793
21.231423,40286.913249,21.231423,37581.503906,2705.4093429999994,6.715355247692384
21.186441,40207.399131,21.186441,37513.261719,2694.1374119999964,6.700601059079224
21.141649,40140.31507,21.141649,37460.347656,2679.967413999999,6.676498202185136
21.097046,39992.595051,21.097046,37408.144531,2584.4505199999985,6.462322629237273
21.052632,39932.496647,21.052632,37325.859375,2606.637272,6.527609067478199
21.008403,39808.398829,21.008403,37209.421875,2598.976953999998,6.528715121560405
20.964361,39760.109891,20.964361,37138.683594,2621.426296999998,6.593106267026133
20.920502,39651.374252,20.920502,37014.039062,2637.335189999998,6.651308409233689
20.876827,39614.548828,20.876827,36871.859375,2742.689452999999,6.923439832442156
20.833333,39531.785975,20.833333,36825.265625,2706.520349999999,6.846440865868314
20.790021,39459.067357,20.790021,36788.546875,2670.520482,6.767824636702296
20.746888,39375.798138,20.746888,36719.957031,2655.841107,6.74485656822015
20.703934,39275.417148,20.703934,36645.789062,2629.628085999997,6.695353676552622
20.661157,39243.499979,20.661157,36597.144531,2646.355448000002,6.743423622806633
20.618557,39176.15214,20.618557,36582.15625,2593.9958899999983,6.621364652480642
20.576132,39144.211399,20.576132,36477.152344,2667.059054999998,6.813418790876784
20.533881,39050.574674,20.533881,36364.25,2686.324674000003,6.879091271833617
20.491803,38971.689498,20.491803,36295.203125,2676.4863729999997,6.867770957523807
20.449898,38923.855597,20.449898,36267.804688,2656.050909000005,6.823709697465624
20.408163,38810.294665,20.408163,36166.625,2643.6696650000013,6.811774267161446
20.366599,38776.168894,20.366599,36076.511719,2699.6571750000003,6.962155499115669
20.325203,38719.876772,20.325203,36011.90625,2707.9705220000033,6.993747779585529
20.283976,38681.570739,20.283976,36009.246094,2672.3246450000006,6.908521536085599
20.242915,38593.047968,20.242915,35975.976562,2617.0714059999955,6.781199059918717
20.20202,38540.843141,20.20202,35949.089844,2591.7532969999957,6.724692782454652
20.16129,38471.64554,20.16129,35935.398438,2536.247102000001,6.592510058773018
20.120724,38405.14377,20.120724,35848.113281,2557.0304890000043,6.658041704813032
20.080321,38318.913613,20.080321,35807.839844,2511.073768999995,6.55309227803393
20.04008,38275.532964,20.04008,35797.367188,2478.1657760000016,6.47454283218169
20.0,38190.994875,20.0,35717.59375,2473.4011249999967,6.476398776977388
19.96008,38118.316693,19.96008,35692.269531,2426.0471620000026,6.3645180912343875
19.920319,38030.32803,19.920319,35491.9375,2538.390529999997,6.674648001977797
19.880716,37960.110426,19.880716,35393.066406,2567.044020000001,6.762477746223196
19.84127,37838.1785,19.84127,35381.613281,2456.5652190000037,6.4922924844281376
19.80198,37780.908594,19.80198,35341.289062,2439.619531999997,6.457281263975302
19.762846,37691.786813,19.762846,35320.632812,2371.1540009999953,6.29090367289825
19.723866,37582.006895,19.723866,35313.367188,2268.639707000002,6.036504951261204
19.685039,37567.080709,19.685039,35290.964844,2276.1158649999998,6.058804203156268
19.646365,37529.919509,19.646365,35288.96875,2240.9507589999994,5.971104623506053
19.607843,37446.889088,19.607843,35269.617188,2177.271900000007,5.814293130955228
19.569472,37387.605319,19.569472,35258.195312,2129.4100069999986,5.69549718103463
19.53125,37371.798198,19.53125,35225.898438,2145.8997600000002,5.7420297215316785
19.493177,37280.22812,19.493177,35186.453125,2093.7749949999998,5.616314868729939
19.455253,37216.142178,19.455253,35168.867188,2047.2749900000053,5.501040328705091
19.417476,37162.703782,19.417476,35165.609375,1997.0944069999969,5.373921172999535
19.379845,37042.252429,19.379845,35085.140625,1957.1118040000001,5.28345787759871
19.34236,37018.625615,19.34236,35079.292969,1939.3326459999953,5.2388023968512085
19.305019,36885.252047,19.305019,35072.992188,1812.2598590000052,4.91323702137316
19.267823,36810.690441,19.267823,35028.375,1782.3154409999988,4.841841920505907
19.230769,36750.575956,19.230769,34917.777344,1832.7986119999987,4.987128947841077
19.193858,36710.462264,19.193858,34882.3125,1828.1497640000016,4.979914856023948
19.157088,36643.414305,19.157088,34879.945312,1763.468992999995,4.81251277056726
19.120459,36594.624982,19.120459,34870.65625,1723.9687320000012,4.710988930336024
19.083969,36527.769015,19.083969,34864.617188,1663.1518270000015,4.553116360095888
19.047619,36484.530153,19.047619,34815.683594,1668.8465589999978,4.574121009648727
19.011407,36444.472608,19.011407,34798.78125,1645.6913579999964,4.515613041519902
18.975332,36382.333223,18.975332,34674.746094,1707.5871289999995,4.69345140272781
18.939394,36259.781018,18.939394,34654.421875,1605.3591430000015,4.427382344650875
18.903592,36201.571721,18.903592,34610.878906,1590.6928150000022,4.39398827006526
18.867925,36132.368232,18.867925,34601.140625,1531.2276070000007,4.237827969559703
18.832392,36046.478547,18.832392,34528.09375,1518.3847969999988,4.21229717355114
18.796992,36009.803288,18.796992,34517.394531,1492.4087570000047,4.144451290288883
18.761726,35974.529012,18.761726,34510.234375,1464.294636999999,4.07036499772257
18.726592,35909.883304,18.726592,34479.855469,1430.0278350000008,3.9822681207117983
18.691589,35869.111826,18.691589,34463.761719,1405.3501069999984,3.917995276318271
18.656716,35815.242183,18.656716,34461.601562,1353.6406209999986,3.779509891580505
18.621974,35745.172192,18.621974,34442.324219,1302.8479729999963,3.6448222042460383
18.587361,35677.257662,18.587361,34425.761719,1251.4959430000017,3.507825502891651
18.552876,35555.751213,18.552876,34417.859375,1137.8918380000032,3.2003031835366307
18.518519,35514.091164,18.518519,34384.472656,1129.6185079999996,3.180761413219195
18.484288,35443.690816,18.484288,34372.285156,1071.405660000004,3.022838861680708
18.450185,35321.070799,18.450185,34351.152344,969.9184549999991,2.7460052401000796
18.416206,35256.448981,18.416206,34345.394531,911.0544500000033,2.5840788744520986
18.382353,35227.491036,18.382353,34341.925781,885.5652550000013,2.513847080664974
18.348624,35198.242089,18.348624,34332.117188,866.1249010000029,2.4607049943289083
18.315018,35129.851221,18.315018,34312.578125,817.2730959999972,2.326434834177282
18.281536,35095.491009,18.281536,34308.03125,787.4597589999976,2.243763333580542
18.248175,35027.232316,18.248175,34304.539062,722.693253999998,2.0632325371304905
18.214936,34959.90112,18.214936,34296.285156,663.6159640000042,1.8982203688795904
18.181818,34885.030623,18.181818,34282.957031,602.0735920000006,1.725879499738918
18.14882,34831.293174,18.14882,34272.0625,559.2306739999985,1.6055409462013293
18.115942,34788.676762,18.115942,34237.679688,550.9970740000063,1.5838402758735148
18.083183,34755.758098,18.083183,34230.054688,525.7034100000019,1.5125649353344222
18.050542,34723.80552,18.050542,34146.480469,577.3250509999998,1.6626203330953333
18.018018,34672.512937,18.018018,34095.699219,576.8137179999976,1.6636051706089745
17.985612,34593.192274,17.985612,34052.292969,540.899304999999,1.563600435356569
17.953321,34558.95797,17.953321,34044.980469,513.9775010000012,1.4872482597599606
17.921147,34469.321112,17.921147,34012.398438,456.9226740000013,1.3255923216919125
17.889088,34389.767702,17.889088,34007.96875,381.79895199999737,1.1102109072338782
17.857143,34350.682586,17.857143,33999.6875,350.99508600000263,1.0217994507714805
17.825312,34336.478561,17.825312,33990.496094,345.98246700000163,1.0076236163395476
17.793594,34279.602812,17.793594,33987.820312,291.7824999999939,0.8511840163382868
17.761989,34222.757933,17.761989,33879.417969,343.3399639999989,1.0032504238032969
17.730496,34184.139528,17.730496,33876.671875,307.4676529999997,0.8994453487651927
17.699115,34127.801337,17.699115,33868.355469,259.44586799999524,0.760218525178516
17.667845,34088.260434,17.667845,33853.242188,235.0182460000069,0.689440420273242
17.636684,34055.356277,17.636684,33793.480469,261.87580799999705,0.7689709832131764
17.605634,33990.298724,17.605634,33770.894531,219.40419300000212,0.6454906289043125
17.574692,33901.984506,17.574692,33658.902344,243.0821619999988,0.7170145510419247
17.54386,33845.976736,17.54386,33589.609375,256.3673609999969,0.757452984736333
17.513135,33796.471262,17.513135,33437.375,359.0962619999991,1.0625259046016409
17.482517,33745.67971,17.482517,33429.15625,316.5234599999967,0.9379673567701171
17.452007,33657.472714,17.452007,33408.726562,248.7461519999997,0.7390517823892715
17.421603,33614.568508,17.421603,33342.507812,272.0606959999932,0.809353527579106
17.391304,33567.879309,17.391304,33311.425781,256.45352800000546,0.763984896511609
17.361111,33524.328814,17.361111,33262.398438,261.9303760000039,0.7813143029745607
17.331023,33487.826258,17.331023,33235.289062,252.5371959999975,0.754116418469139
17.301038,33417.353911,17.301038,33171.714844,245.63906699999643,0.7350643849725617
17.271157,33336.938355,17.271157,33106.09375,230.8446049999984,0.6924589251171456
17.241379,33250.629953,17.241379,33103.101562,147.52839099999983,0.4436860029675595
17.211704,33233.891677,17.211704,33073.078125,160.81355199999962,0.48388420339978716
17.182131,33173.209153,17.182131,33043.21875,129.99040300000343,0.3918535659316753
17.152659,33123.840821,17.152659,33020.085938,103.75488300000143,0.3132332496122323
17.123288,33081.142928,17.123288,33011.699219,69.44370899999922,0.20991931612260534
17.094017,33038.455833,17.094017,32999.433594,39.02223899999808,0.11811157033865144
17.064846,33021.020236,17.064846,32965.679688,55.340548000000126,0.16759187815665083
17.035775,32969.638759,17.035775,32940.6875,28.9512590000013,0.08781187810891082
17.006803,32910.909044,17.006803,32918.027344,7.118300000001909,0.02162899842871295
16.977929,32853.984143,16.977929,32866.335938,12.351794999995036,0.03759603385158009
16.949153,32825.94709,16.949153,32819.421875,6.525215000001481,0.019878223108418105
16.920474,32797.581921,16.920474,32792.539062,5.0428589999937685,0.015375703648337779
16.891892,32694.052113,16.891892,32790.125,96.07288699999845,0.2938543275943375
16.863406,32652.213685,16.863406,32783.316406,131.1027209999993,0.4015125046796633
16.835017,32619.485562,16.835017,32779.820312,160.3347500000018,0.49153059049705994
16.806723,32551.285524,16.806723,32706.580078,155.29455400000006,0.4770765624156431
16.778523,32501.335357,16.778523,32700.0625,198.72714300000007,0.6114430093937634
16.750419,32446.743767,16.750419,32646.787109,200.04334200000085,0.6165282514526317
16.722408,32415.481334,16.722408,32641.357422,225.8760880000009,0.6968154681173394
16.694491,32345.726958,16.694491,32630.492188,284.7652300000009,0.8803797496026613
16.666667,32322.350846,16.666667,32541.277344,218.92649799999708,0.6773223242426687
16.638935,32270.065375,16.638935,32519.566406,249.50103100000342,0.7731655579269289
16.611296,32217.643337,16.611296,32475.390625,257.74728799999866,0.8000190619280697
16.583748,32175.051126,16.583748,32464.966797,289.9156710000025,0.9010573747487461
16.556291,32098.960887,16.556291,32411.544922,312.58403499999986,0.9738135639356339
16.528926,32008.685617,16.528926,32399.412109,390.7264920000016,1.2206889613501795
16.50165,31910.644025,16.50165,32392.921875,482.2778499999986,1.5113385039241576
16.474465,31875.596233,16.474465,32367.994141,492.397907999999,1.544748855521742
16.447368,31844.613098,16.447368,32364.910156,520.2970580000001,1.6338620802168808
16.420361,31786.567486,16.420361,32342.464844,555.8973579999983,1.7488436215858678
16.393443,31753.408464,16.393443,32303.867188,550.4587240000001,1.7335421632738268
16.366612,31713.380843,16.366612,32303.201172,589.820329000002,1.8598468952899145
16.339869,31679.466078,16.339869,32221.234375,541.7682969999987,1.7101560224092065
16.313214,31653.278457,16.313214,32200.125,546.8465429999997,1.7276142303643958
16.286645,31584.380632,16.286645,32192.089844,607.7092119999979,1.9240814600122058
16.260163,31558.713616,16.260163,32186.402344,627.6887279999974,1.9889553662978343
16.233766,31484.567594,16.233766,32177.193359,692.6257650000007,2.199889717183202
16.207455,31453.95459,16.207455,32160.351562,706.3969719999986,2.245812907177592
16.18123,31395.075888,16.18123,32156.642578,761.5666899999997,2.425752027855712
16.155089,31342.622576,16.155089,32135.804688,793.1821119999986,2.530682013212775
16.129032,31326.850644,16.129032,32069.634766,742.7841220000009,2.371078186061661
16.10306,31283.827619,16.10306,32049.412109,765.5844900000011,2.44722129057836
16.07717,31252.110355,16.07717,32016.882812,764.7724569999991,2.4471066059628317
16.051364,31152.820736,16.051364,31900.263672,747.4429359999995,2.3992785190596213
16.025641,31142.912198,16.025641,31884.855469,741.9432709999965,2.3823824383631154
16.0,31107.795786,16.0,31853.488281,745.692495000003,2.397124181121185
15.974441,31040.762305,15.974441,31849.197266,808.434960999999,2.604430113721072
15.948963,31010.792703,15.948963,31844.792969,834.0002659999991,2.6893871239844747
15.923567,30970.644503,15.923567,31800.726562,830.0820590000003,2.680222101673065
15.898251,30919.027685,15.898251,31774.826172,855.798487,2.76786998517156
15.873016,30883.182884,15.873016,31714.664062,831.4811779999982,2.6923428881120053
15.847861,30827.892244,15.847861,31695.128906,867.236662000003,2.8131558756463226
15.822785,30786.060882,15.822785,31680.880859,894.8199769999992,2.906575090687171
15.797788,30744.094201,15.797788,31675.876953,931.7827519999992,3.030769896514601
15.772871,30702.217297,15.772871,31623.083984,920.8666870000015,2.999349128735344
15.748031,30641.965218,15.748031,31617.832031,975.8668130000005,3.1847396407419306
15.72327,30563.542458,15.72327,31608.896484,1045.3540260000009,3.420264609171244
15.698587,30531.462461,15.698587,31599.007812,1067.5453510000007,3.4965418127731422
15.673981,30468.634995,15.673981,31598.015625,1129.3806299999997,3.70669913563681
15.649452,30428.106868,15.649452,31597.976562,1169.869694000001,3.844700884859535
15.625,30402.246709,15.625,31509.271484,1107.0247750000017,3.6412597581884905
15.600624,30360.99585,15.600624,31497.246094,1136.250243999999,3.7424669784011675
15.576324,30323.801275,15.576324,31487.921875,1164.1205999999984,3.8389665907741586
15.5521,30281.351474,15.5521,31476.820312,1195.4688380000007,3.9478714780165847
15.52795,30257.606437,15.52795,31417.107422,1159.5009850000024,3.832097517079627
15.503876,30229.453976,15.503876,31407.390625,1177.9366489999993,3.896652086191156
15.479876,30193.612111,15.479876,31370.433594,1176.8214829999997,3.8975842925771227
15.455951,30131.779586,15.455951,31343.398438,1211.6188519999996,4.02106635800213
15.432099,30093.819709,15.432099,31304.693359,1210.8736500000014,4.023662206090348
15.40832,30046.213079,15.40832,31289.123047,1242.909968,4.13666096533376
15.384615,30024.901701,15.384615,31284.371094,1259.4693929999994,4.194749430130697
15.360983,29991.077468,15.360983,31261.970703,1270.8932349999995,4.2375711121283395
15.337423,29963.701826,15.337423,31078.501953,1114.8001269999986,3.7205020043039814
15.313936,29905.847826,15.313936,31065.650391,1159.8025649999981,3.8781798521413973
15.29052,29838.544911,15.29052,31060.826172,1222.281261,4.096316575240923
15.267176,29793.359733,15.267176,31037.513672,1244.1539389999998,4.175943734274246
15.243902,29724.470084,15.243902,30995.761719,1271.2916349999978,4.276919424996931
15.2207,29686.995602,15.2207,30963.142578,1276.146976,4.298673375739061
15.197568,29628.966477,15.197568,30910.605469,1281.6389919999965,4.325628411625127
15.174507,29577.950943,15.174507,30904.347656,1326.396713000002,4.484410416245925
15.151515,29523.103851,15.151515,30897.623047,1374.519196000001,4.655740815522158
15.128593,29469.030671,15.128593,30897.183594,1428.1529229999978,4.846284015732557
15.10574,29426.374611,15.10574,30881.970703,1455.5960919999998,4.946569569789536
15.082956,29409.42888,15.082956,30865.126953,1455.6980729999996,4.949766549155781
15.060241,29357.868825,15.060241,30818.984375,1461.1155499999986,4.9769128634969935
15.037594,29258.167536,15.037594,30787.916016,1529.7484799999984,5.228449382955226
15.015015,29206.112719,15.015015,30774.830078,1568.7173589999984,5.371195318230321
14.992504,29151.881726,14.992504,30763.605469,1611.7237429999986,5.528712548125267
14.97006,29104.185747,14.97006,30761.919922,1657.7341750000014,5.695861720408644
14.947683,29034.028445,14.947683,30700.423828,1666.3953829999991,5.739456328482629
14.925373,28996.069271,14.925373,30629.837891,1633.768619999999,5.6344486031214895
14.90313,28963.553642,14.90313,30620.109375,1656.555733000001,5.719449185951521
14.880952,28918.871603,14.880952,30616.099609,1697.2280060000012,5.868928875578718
14.858841,28884.767646,14.858841,30590.847656,1706.0800100000015,5.906504185559068
14.836795,28838.826182,14.836795,30560.316406,1721.490224000001,5.969349144572617
14.814815,28802.188106,14.814815,30538.693359,1736.5052529999994,6.0290740641272835
14.792899,28764.986643,14.792899,30509.904297,1744.9176540000008,6.066116684342799
14.771049,28720.984797,14.771049,30476.9375,1755.952702999999,6.113831804205453
14.749263,28687.665839,14.749263,30453.585938,1765.920098999999,6.15567717816653
14.727541,28644.744666,14.727541,30417.460938,1772.7162720000015,6.188626544484911
14.705882,28590.156794,14.705882,30402.863281,1812.706487000003,6.340316704315599
14.684288,28538.59798,14.684288,30370.392578,1831.7945980000004,6.418656583213133
14.662757,28488.088587,14.662757,30366.785156,1878.6965690000034,6.594673992474565
14.641288,28476.190309,14.641288,30359.144531,1882.9542220000003,6.612381085980052
14.619883,28411.174653,14.619883,30299.970703,1888.7960500000008,6.648074474458799
14.59854,28367.857811,14.59854,30294.900391,1927.0425799999975,6.793049347747231
14.577259,28320.404919,14.577259,30266.441406,1946.0364870000012,6.87149951621778
14.556041,28283.846066,14.556041,30247.171875,1963.3258090000018,6.941509313898138
14.534884,28241.261577,14.534884,30175.544922,1934.2833449999998,6.849139298278735
14.513788,28203.365869,14.513788,30149.076172,1945.7103029999998,6.898858498086733
14.492754,28146.315974,14.492754,30136.255859,1989.9398849999998,7.069983463690933
14.47178,28095.998428,14.47178,30132.599609,2036.6011810000018,7.248723287834324
14.450867,28029.895618,14.450867,30129.552734,2099.657116000002,7.490777506326718
14.430014,27972.575603,14.430014,30092.277344,2119.701740999997,7.5777853676536795
14.409222,27934.046971,14.409222,30070.8125,2136.7655290000002,7.649323176188198
14.388489,27889.215385,14.388489,30063.441406,2174.226021000002,7.795938290072487
14.367816,27865.979913,14.367816,29981.910156,2115.9302430000025,7.593238241059959
14.347202,27827.531669,14.347202,29940.867188,2113.335519,7.594405224787744
14.326648,27796.275822,14.326648,29921.697266,2125.4214439999996,7.646425217574601
14.306152,27766.429781,14.306152,29898.546875,2132.117094000001,7.678758525372122
14.285714,27749.689581,14.285714,29866.787109,2117.097528000002,7.629265624108323
14.265335,27723.141081,14.265335,29826.464844,2103.3237629999967,7.5868883574722545
14.245014,27681.20224,14.245014,29816.150391,2134.9481510000005,7.712627986637623
14.224751,27662.298381,14.224751,29784.722656,2122.424275000001,7.67262447164477
14.204545,27599.672487,14.204545,29754.810547,2155.138060000001,7.808563891528475
14.184397,27577.618718,14.184397,29753.535156,2175.916438,7.890153461944023
14.164306,27523.075283,14.164306,29673.464844,2150.389561,7.813042470323864
14.144272,27491.369215,14.144272,29645.748047,2154.378832000002,7.836564323702428
14.124294,27465.277176,14.124294,29619.888672,2154.6114960000014,7.844856187662169
14.104372,27425.517462,14.104372,29604.234375,2178.716913,7.944123264105288
14.084507,27368.013442,14.084507,29603.212891,2235.1994489999997,8.167196547666764
14.064698,27310.696513,14.064698,29587.455078,2276.758565,8.336508605396622
14.044944,27267.532001,14.044944,29553.865234,2286.333233000001,8.384819106166825
14.025245,27227.437133,14.025245,29536.789062,2309.3519290000004,8.48170879146402
14.005602,27209.093182,14.005602,29525.4375,2316.3443179999995,8.513125749932607
13.986014,27158.469253,13.986014,29432.957031,2274.4877780000024,8.374874728069425
13.96648,27097.472315,13.96648,29384.375,2286.902685000001,8.439542472506078
13.947001,26961.659162,13.947001,29285.738281,2324.079119000002,8.619941024533013
13.927577,26929.883772,13.927577,29248.421875,2318.538102999999,8.609536240964653
13.908206,26913.21407,13.908206,29243.699219,2330.4851489999965,8.659259882296162
13.888889,26842.115458,13.888889,29242.349609,2400.2341510000006,8.942045401584162
13.869626,26814.024699,13.869626,29222.751953,2408.7272539999976,8.983087324782797
13.850416,26756.824194,13.850416,29184.113281,2427.289087000001,9.071663622711625
13.831259,26724.251692,13.831259,29155.570312,2431.318619999998,9.097798688701252
13.812155,26656.796242,13.812155,29130.980469,2474.184226999998,9.281626361016764
13.793103,26635.765623,13.793103,29108.003906,2472.2382830000024,9.281649035330238
13.774105,26620.348754,13.774105,29101.824219,2481.4754649999995,9.32172409885175
13.755158,26595.28368,13.755158,29061.734375,2466.4506949999995,9.274015365569507
13.736264,26551.523648,13.736264,29056.910156,2505.3865080000032,9.435942513938263
13.717421,26525.018958,13.717421,29050.771484,2525.752526,9.522151633517412
13.69863,26507.89821,13.69863,28909.142578,2401.2443679999997,9.058599625579292
13.679891,26463.112881,13.679891,28881.740234,2418.627353,9.139617715709202
13.661202,26396.86498,13.661202,28881.076172,2484.2111920000025,9.411008443170067
13.642565,26337.574259,13.642565,28827.708984,2490.134725,9.454685160115222
13.623978,26277.209019,13.623978,28822.773438,2545.5644189999985,9.687346997770586
13.605442,26232.381785,13.605442,28815.716797,2583.3350119999996,9.847885842669392
13.586957,26206.14289,13.586957,28786.029297,2579.886407000002,9.844586507175233
13.568521,26187.93364,13.568521,28735.777344,2547.843703999999,9.729074996999264
13.550136,26130.450737,13.550136,28645.582031,2515.1312940000025,9.625288592663447
13.5318,26110.706455,13.5318,28637.550781,2526.844326000002,9.677426117730073
13.513514,26059.562354,13.513514,28636.246094,2576.6837399999968,9.88767080965383
13.495277,26024.043709,13.495277,28618.792969,2594.749259999997,9.970584468018872
13.477089,25975.229526,13.477089,28617.542969,2642.313442999999,10.172435397943898
13.45895,25942.7112,13.45895,28551.816406,2609.105206,10.057180168586234
13.44086,25896.38222,13.44086,28550.365234,2653.9830140000013,10.248470197317012
13.422819,25836.179845,13.422819,28548.839844,2712.6599989999995,10.499462440941992
13.404826,25779.700213,13.404826,28508.900391,2729.200177999999,10.586624962472364
13.386881,25737.115631,13.386881,28403.654297,2666.5386660000004,10.360674071760362
13.368984,25692.925091,13.368984,28360.349609,2667.424518,10.381941754597552
13.351135,25628.673476,13.351135,28359.181641,2730.5081649999993,10.654114297242058
13.333333,25593.504545,13.333333,28338.996094,2745.4915489999985,10.72729818682203
13.315579,25567.563174,13.315579,28258.570312,2691.007138000001,10.525082580949766
13.297872,25521.711079,13.297872,28222.734375,2701.0232959999994,10.583237493909564
13.280212,25451.481566,13.280212,28191.916016,2740.4344500000007,10.767288508897176
13.262599,25441.270561,13.262599,28180.771484,2739.5009229999996,10.767940682960608
13.245033,25425.937559,13.245033,28175.513672,2749.576112999999,10.814059881251984
13.227513,25378.166158,13.227513,28134.119141,2755.952982999999,10.85954345890054
13.21004,25343.657658,13.21004,28126.576172,2782.918514000001,10.980729583527744
13.192612,25309.481001,13.192612,28021.771484,2712.2904830000007,10.716499808482189
13.175231,25261.888729,13.175231,28014.3125,2752.4237710000016,10.895558129192018
13.157895,25230.093284,13.157895,27969.232422,2739.1391380000023,10.85663499998656
13.140604,25146.441599,13.140604,27924.03125,2777.5896509999984,11.045656857908893
13.12336,25100.044491,13.12336,27903.257812,2803.2133209999993,11.168160765631844
13.10616,25052.759338,13.10616,27860.75,2807.990662,11.208308929630928
13.089005,25034.902843,13.089005,27818.919922,2784.017079000001,11.120542773659851
13.071895,24986.605431,13.071895,27734.005859,2747.400428000001,10.995492907537564
13.05483,24926.072726,13.05483,27733.472656,2807.399930000003,11.262905155017252
13.03781,24877.121354,13.03781,27686.316406,2809.1950520000028,11.292283427914827
13.020833,24809.094549,13.020833,27638.201172,2829.1066229999997,11.403506151392513
13.003901,24788.779088,13.003901,27634.705078,2845.9259899999997,11.480702538422653
12.987013,24765.911134,12.987013,27622.378906,2856.467772,11.533869101542905
12.970169,24726.991284,12.970169,27617.699219,2890.7079349999985,11.690496032448873
12.953368,24700.398686,12.953368,27599.771484,2899.3727980000003,11.738161941666727
12.936611,24683.86629,12.936611,27524.244141,2840.3778509999975,11.507021702474136
12.919897,24625.805594,12.919897,27454.578125,2828.7725309999987,11.487025349088356
12.903226,24598.113264,12.903226,27432.123047,2834.0097830000013,11.52124861197241
12.886598,24578.129371,12.886598,27427.445312,2849.3159410000007,11.59289178598734
12.870013,24545.439322,12.870013,27400.769531,2855.3302090000034,11.632833992263404
12.85347,24515.085761,12.85347,27385.466797,2870.3810360000025,11.708631427944539
12.83697,24491.680053,12.83697,27382.242188,2890.562135,11.802220708194877
12.820513,24419.878252,12.820513,27320.019531,2900.141279000003,11.8761496231558
12.804097,24408.831318,12.804097,27317.314453,2908.4831349999986,11.91570008866083
12.787724,24359.262139,12.787724,27309.458984,2950.196845000002,12.111191333158807
12.771392,24311.876897,12.771392,27278.480469,2966.603572,12.202281150765733
12.755102,24282.020813,12.755102,27246.832031,2964.8112180000026,12.209903124754408
12.738854,24272.601918,12.738854,27200.876953,2928.2750349999988,12.064116755560752
12.722646,24226.653558,12.722646,27197.802734,2971.149175999999,12.263968562091735
12.70648,24174.064456,12.70648,27196.166016,3022.101559999999,12.501420956747362
12.690355,24150.167714,12.690355,27163.363281,3013.1955670000025,12.476913629271547
12.674271,24118.079287,12.674271,27162.46875,3044.3894629999995,12.6228520388063
12.658228,24084.574772,12.658228,27124.105469,3039.5306969999983,12.620238163945768
12.642225,24070.28677,12.642225,27086.751953,3016.4651830000003,12.53190380249051
12.626263,24020.1231,12.626263,26955.492188,2935.3690879999995,12.220458137452257
12.61034,23987.620784,12.61034,26949.316406,2961.695622000003,12.346766895595938
12.594458,23955.696888,12.594458,26935.410156,2979.713268000003,12.438432836794721
12.578616,23909.890758,12.578616,26926.710938,3016.820179999999,12.61745697851255
12.562814,23880.593898,12.562814,26846.576172,2965.982274000002,12.420052393455771
12.547051,23849.402743,12.547051,26811.841797,2962.439054000002,12.421439169454686
12.531328,23777.759933,12.531328,26756.535156,2978.7752230000006,12.527568750771609
12.515645,23737.095264,12.515645,26742.660156,3005.564892000002,12.661890002009986
12.5,23702.442084,12.5,26722.802734,3020.3606500000024,12.742824723697371
12.484395,23654.272226,12.484395,26686.960938,3032.688711999999,12.820892069833235
12.468828,23605.282235,12.468828,26604.304688,2999.0224530000014,12.704878607862158
12.4533,23555.782407,12.4533,26582.013672,3026.231265000002,12.847084476806453
12.437811,23526.882417,12.437811,26579.326172,3052.4437550000002,12.97428065859832
12.42236,23511.965988,12.42236,26571.296875,3059.330887,13.011803813264347
12.406948,23493.937713,12.406948,26554.425781,3060.4880680000024,13.026713977821307
12.391574,23451.839712,12.391574,26493.599609,3041.759897,12.970240008264986
12.376238,23440.800609,12.376238,26470.527344,3029.7267349999966,12.92501389153383
12.360939,23416.844324,12.360939,26457.609375,3040.7650509999985,12.985375010088394
12.345679,23384.353116,12.345679,26452.847656,3068.4945400000033,13.121998820230282
12.330456,23336.424728,12.330456,26436.28125,3099.856521999998,13.283339492363039
12.315271,23319.234905,12.315271,26417.007812,3097.7729069999987,13.284196156606273
12.300123,23296.12545,12.300123,26414.392578,3118.2671279999995,13.385346566289199
12.285012,23259.251484,12.285012,26407.830078,3148.5785939999987,13.536887015327645
12.269939,23250.798242,12.269939,26375.652344,3124.8541019999975,13.439771269251711
12.254902,23222.882783,12.254902,26369.484375,3146.601591999999,13.549573588268837
12.239902,23193.834808,12.239902,26321.90625,3128.0714420000004,13.486650516804874
12.224939,23162.39465,12.224939,26298.832031,3136.4373810000034,13.541075646079639
12.210012,23143.804585,12.210012,26286.126953,3142.3223679999974,13.577380315579592
12.195122,23114.891157,12.195122,26240.378906,3125.4877490000035,13.521533490126329
12.180268,23067.772927,12.180268,26204.892578,3137.1196509999972,13.59957747515414
12.16545,23022.477946,12.16545,26196.408203,3173.930257,13.786223465799646
12.150668,22974.822568,12.150668,26164.388672,3189.5661040000014,13.882875894077726
12.135922,22954.927403,12.135922,26151.087891,3196.1604879999977,13.92363579238455
12.121212,22941.808793,12.121212,26148.111328,3206.302534999999,13.975805325246654
12.106538,22925.413988,12.106538,26137.769531,3212.3555430000015,14.012202984345084
12.091898,22891.754771,12.091898,26092.888672,3201.133901000001,13.983785572678329
12.077295,22853.740425,12.077295,26092.080078,3238.339652999999,14.169845254116641
12.062726,22812.846998,12.062726,26074.455078,3261.608079999998,14.297242603196098
12.048193,22791.488068,12.048193,25988.072266,3196.5841980000005,14.025342217510186
12.033694,22776.781016,12.033694,25971.658203,3194.8771869999982,14.026903910415145
12.019231,22748.041021,12.019231,25964.609375,3216.568353999999,14.13997957463943
12.004802,22725.603914,12.004802,25948.841797,3223.2378830000016,14.183288132617418
11.990408,22692.966583,11.990408,25943.128906,3250.1623230000005,14.322333358719158
11.976048,22668.152433,11.976048,25933.992188,3265.839755000001,14.40717219743782
11.961722,22657.449957,11.961722,25896.359375,3238.9094179999993,14.295118930625028
11.947431,22607.697036,11.947431,25852.773438,3245.076401999999,14.353856550857923
11.933174,22570.922591,11.933174,25784.15625,3213.2336590000014,14.23616445470978
11.918951,22552.263873,11.918951,25737.689453,3185.425579999999,14.124637765584374
11.904762,22531.023166,11.904762,25723.128906,3192.1057400000027,14.1676022277452
11.890606,22498.733172,11.890606,25706.769531,3208.0363590000015,14.25874218994894
11.876485,22480.139938,11.876485,25687.121094,3206.981155999998,14.265841604388674
11.862396,22414.071066,11.862396,25648.578125,3234.5070589999996,14.430698686890652
11.848341,22387.481905,11.848341,25618.373047,3230.8911420000004,14.43168622406978
11.83432,22361.396352,11.83432,25555.0625,3193.6661480000002,14.28205152186017
11.820331,22343.024283,11.820331,25499.478516,3156.4542330000004,14.127247023589518
11.806375,22308.687867,11.806375,25488.347656,3179.659789000001,14.253011239193029
11.792453,22286.54665,11.792453,25470.914062,3184.3674119999996,14.288294467550447
11.778563,22273.697966,11.778563,25439.142578,3165.4446119999993,14.21158092756729
11.764706,22261.642354,11.764706,25390.835938,3129.1935840000006,14.056436332235583
11.750881,22246.961384,11.750881,25382.998047,3136.0366630000026,14.096471913038148
11.737089,22227.208175,11.737089,25364.222656,3137.014481000002,14.11339857125355
11.723329,22215.03965,11.723329,25363.470703,3148.4310530000002,14.172520520349376
11.709602,22164.951437,11.709602,25347.673828,3182.7223909999993,14.359257226646003
11.695906,22148.01225,11.695906,25337.886719,3189.8744689999985,14.402531626737739
11.682243,22135.400646,11.682243,25333.365234,3197.9645880000025,14.447285771526772
11.668611,22083.813934,11.668611,25330.027344,3246.2134099999967,14.699514403180883
11.655012,22066.909356,11.655012,25292.603516,3225.694159999999,14.61778859903157
11.641444,22033.117762,11.641444,25275.953125,3242.8353629999983,14.718004950678566
11.627907,21985.472944,11.627907,25263.830078,3278.357133999998,14.911469688873288
11.614402,21966.085183,11.614402,25257.763672,3291.6784890000017,14.985275990587066
11.600928,21936.031912,11.600928,25249.417969,3313.3860569999997,15.104764937852904
11.587486,21883.173401,11.587486,25213.693359,3330.5199580000008,15.219547443917826
11.574074,21836.564397,11.574074,25203.794922,3367.2305250000027,15.420147894064359
11.560694,21808.400926,11.560694,25193.123047,3384.7221210000025,15.520267315723885
11.547344,21777.471308,11.547344,25170.667969,3393.196660999998,15.581224344230913
11.534025,21727.445378,11.534025,25161.818359,3434.3729810000004,15.806611965884654
11.520737,21704.281877,11.520737,25124.296875,3420.0149979999987,15.757328518775754
11.50748,21666.830158,11.50748,25123.529297,3456.6991390000003,15.95387564213536
11.494253,21643.695388,11.494253,25115.857422,3472.162034000001,16.042371562506304
11.481056,21614.131391,11.481056,25085.890625,3471.759234000001,16.06245086233547
11.46789,21560.90682,11.46789,25022.636719,3461.729898999998,16.05558582438138
11.454754,21519.10329,11.454754,25003.46875,3484.365460000001,16.191964010039385
11.441648,21491.571447,11.441648,24998.638672,3507.0672250000025,16.318337789531686
11.428571,21464.858834,11.428571,24983.130859,3518.272025000002,16.39084632332692
11.415525,21418.185671,11.415525,24963.095703,3544.910032,16.55093520269446
11.402509,21379.945485,11.402509,24887.382812,3507.4373269999996,16.40526786871739
11.389522,21359.191162,11.389522,24866.039062,3506.8479000000007,16.41844896373703
11.376564,21341.014314,11.376564,24833.439453,3492.425138999999,16.364850740524176
11.363636,21318.282337,11.363636,24826.699219,3508.4168819999977,16.45731502444168
11.350738,21300.749266,11.350738,24792.351562,3491.602296000001,16.39192242675357
11.337868,21284.936771,11.337868,24780.527344,3495.5905729999977,16.422837477077312
11.325028,21231.351691,11.325028,24744.197266,3512.8455749999994,16.545557843540877
11.312217,21220.238618,11.312217,24741.273438,3521.0348200000008,16.592814451263024
11.299435,21183.219983,11.299435,24692.681641,3509.461658,16.567177515110643
11.286682,21171.466972,11.286682,24688.710938,3517.243966000002,16.61313299948312
11.273957,21156.923185,11.273957,24682.353516,3525.4303309999996,16.663246825509518
11.261261,21111.467009,11.261261,24652.912109,3541.445100000001,16.77498346510099
11.248594,21074.389119,11.248594,24537.726562,3463.3374430000003,16.433868727789434
11.235955,21058.177361,11.235955,24532.046875,3473.869514000002,16.49653459768864
11.223345,21016.668685,11.223345,24479.667969,3462.9992839999977,16.47739390054527
11.210762,21008.011866,11.210762,24430.982422,3422.970556,16.293643481513065
11.198208,20987.060936,11.198208,24399.480469,3412.4195329999966,16.259635131408643
11.185682,20970.214957,11.185682,24377.527344,3407.312386999998,16.24834268025762
11.173184,20937.231458,11.173184,24341.296875,3404.0654170000016,16.25843141596129
11.160714,20892.60007,11.160714,24329.423828,3436.8237579999986,16.44995714504192
11.148272,20859.108659,11.148272,24269.662109,3410.5534499999994,16.350427555438525
11.135857,20824.298177,11.135857,24214.576172,3390.2779950000004,16.28039497986295
11.123471,20805.670085,11.123471,24177.447266,3371.7771809999977,16.20604944337219
11.111111,20792.48583,11.111111,24161.679688,3369.1938579999987,16.203901185969922
11.098779,20753.865262,11.098779,24151.8125,3397.9472380000007,16.372599489800045
11.086475,20737.058718,11.086475,24092.912109,3355.8533910000006,16.182880304462284
11.074197,20714.328263,11.074197,24080.552734,3366.2244710000014,16.250705445335452
11.061947,20685.213893,11.061947,24049.609375,3364.395482,16.264736247849637
11.049724,20628.570463,11.049724,24048.949219,3420.3787559999982,16.580784219318
11.037528,20572.952546,11.037528,24047.107422,3474.1548760000005,16.88700184493198
11.025358,20545.437127,11.025358,24042.775391,3497.338263999998,17.022457309530466
11.013216,20532.130054,11.013216,24023.492188,3491.362133999999,17.00438349463807
11.0011,20493.844653,11.0011,23965.921875,3472.077222,16.942049092246528
10.989011,20442.5329,10.989011,23964.269531,3521.7366310000034,17.227496456664642
10.976948,20404.535411,10.976948,23944.111328,3539.5759169999983,17.347005681353703
10.964912,20386.823006,10.964912,23917.367188,3530.5441820000015,17.317775216672725
10.952903,20345.536711,10.952903,23902.021484,3556.484773,17.48041756537764
10.940919,20333.124096,10.940919,23847.957031,3514.832935000002,17.28624149641349
10.928962,20320.737819,10.928962,23767.316406,3446.578587,16.960892944435464
10.917031,20286.989651,10.917031,23743.458984,3456.469333000001,17.03786215925645
10.905125,20273.603174,10.905125,23678.552734,3404.949560000001,16.79498967586925
10.893246,20249.932301,10.893246,23649.197266,3399.2649649999985,16.78654977445101
10.881393,20208.150937,10.881393,23580.494141,3372.3432040000007,16.68803451891003
10.869565,20147.756002,10.869565,23574.455078,3426.699076000001,17.007844822320877
10.857763,20119.701274,10.857763,23520.21875,3400.517476000001,16.90143123742286
10.845987,20105.156842,10.845987,23516.515625,3411.3587829999997,16.96758105300435
10.834236,20090.98456,10.834236,23483.769531,3392.784971000001,16.887101579654992
10.822511,20071.756011,10.822511,23477.777344,3406.021332999997,16.96922447210589
10.810811,20047.945611,10.810811,23417.566406,3369.6207950000025,16.807810936753256
10.799136,20029.914441,10.799136,23379.824219,3349.9097779999975,16.724533636264262
10.787487,19991.504302,10.787487,23358.816406,3367.3121040000005,16.8437154759941
10.775862,19981.383262,10.775862,23353.558594,3372.175331999999,16.8765860090032
10.764263,19950.279292,10.764263,23340.166016,3389.886724,16.9916755268651
10.752688,19940.103754,10.752688,23325.488281,3385.384527000002,16.977767863022734
10.741139,19915.753596,10.741139,23325.488281,3409.734685000003,17.120791681640583
10.729614,19894.217099,10.729614,23318.742188,3424.525088999999,17.213671048015936
10.718114,19876.066739,10.718114,23171.556641,3295.4899019999975,16.58019136921956
10.706638,19842.345348,10.706638,23151.492188,3309.1468400000012,16.6771960771943
10.695187,19824.172049,10.695187,23136.380859,3312.20881,16.70793010579768
10.683761,19803.947825,10.683761,23114.130859,3310.1830340000015,16.714763456513
10.672359,19760.901748,10.672359,23112.730469,3351.828720999998,16.96192189882851
10.660981,19733.823182,10.660981,23112.304688,3378.481506,17.12025832420373
10.649627,19692.188676,10.649627,23090.496094,3398.3074179999967,17.257134155644714
10.638298,19673.711825,10.638298,23084.708984,3410.9971590000023,17.33784244346581
10.626993,19636.475353,10.626993,23073.103516,3436.6281629999976,17.50124755701109
10.615711,19608.609086,10.615711,23071.113281,3462.5041950000013,17.658081610042053
10.604454,19598.718264,10.604454,23056.578125,3457.859861000001,17.643295925895252
10.59322,19571.642454,10.59322,23018.125,3446.4825459999993,17.609572390770996
10.582011,19540.867201,10.582011,22967.507812,3426.640610999999,17.53576530536291
10.570825,19515.427533,10.570825,22952.044922,3436.6173890000027,17.609746869182274
10.559662,19490.172447,10.559662,22936.732422,3446.559975,17.6835786567425
10.548523,19477.118422,10.548523,22811.855469,3334.7370469999987,17.121306010201753
10.537408,19424.5632,10.537408,22749.027344,3324.4641439999978,17.114743378116206
10.526316,19384.373635,10.526316,22744.464844,3360.0912089999983,17.33402003216184
10.515247,19369.986747,10.515247,22735.865234,3365.8784870000018,17.376772276425566
10.504202,19355.788276,10.504202,22716.148438,3360.360162000001,17.36100908980619
10.493179,19347.203647,10.493179,22697.466797,3350.2631500000025,17.316523933522035
10.48218,19332.398514,10.48218,22666.697266,3334.298751999999,17.24720680460518
10.471204,19293.387964,10.471204,22663.029297,3369.6413329999996,17.46526498760868
10.460251,19254.493013,10.460251,22624.449219,3369.956205999999,17.5021809388838
10.449321,19227.342954,10.449321,22595.914062,3368.571108,17.51969118176681
10.438413,19207.017227,10.438413,22544.734375,3337.7171479999997,17.377592306774474
10.427529,19168.331873,10.427529,22506.957031,3338.6251580000026,17.41740063830333
10.416667,19137.440455,10.416667,22478.462891,3341.0224359999993,17.458042228040465
10.405827,19098.132594,10.405827,22468.824219,3370.6916249999995,17.649325704540136
10.39501,19040.424845,10.39501,22450.878906,3410.4540610000004,17.91164897192713
10.384216,19018.402138,10.384216,22441.705078,3423.3029399999978,17.99995033841469
10.373444,18992.129168,10.373444,22431.982422,3439.8532540000015,18.11199378211812
10.362694,18962.816907,10.362694,22362.134766,3399.317858999999,17.92622834292706
10.351967,18943.447943,10.351967,22339.548828,3396.100885,17.927575250391154
10.341262,18916.1096,10.341262,22328.28125,3412.17165,18.038443010501485
10.330579,18865.946874,10.330579,22320.810547,3454.863673,18.31269692464416
10.319917,18853.773052,10.319917,22286.087891,3432.3148389999988,18.204922853019596
10.309278,18841.60039,10.309278,22280.179688,3438.5792980000006,18.249932207589932
10.298661,18829.438449,10.298661,22236.582031,3407.1435820000006,18.094770012543567
10.288066,18779.075282,10.288066,22221.259766,3442.1844839999976,18.329893417592174
10.277492,18736.901204,10.277492,22209.810547,3472.9093429999994,18.535131851250803
10.26694,18709.910103,10.26694,22189.03125,3479.1211470000017,18.595071423898236
10.25641,18672.104079,10.25641,22118.941406,3446.837327000001,18.459822805275405
10.245902,18647.641038,10.245902,22101.845703,3454.2046649999975,18.52354760562502
10.235415,18623.914751,10.235415,22098.996094,3475.081342999998,18.659242105977775
10.224949,18593.03869,10.224949,22007.507812,3414.4691219999986,18.364233942224956
10.214505,18569.704562,10.214505,22001.708984,3432.004422000002,18.481739494246252
10.204082,18532.098862,10.204082,21992.210938,3460.1120760000013,18.67091311009002
10.19368,18494.388614,10.19368,21926.675781,3432.2871670000022,18.558532745450194
10.183299,18476.185518,10.183299,21861.613281,3385.4277630000033,18.323196417906868
10.17294,18449.306688,10.17294,21851.439453,3402.1327649999985,18.44043693638011
10.162602,18429.415159,10.162602,21740.34375,3310.928591,17.96545664870493
10.152284,18419.837245,10.152284,21716.509766,3296.6725210000004,17.89740309401958
10.141988,18410.09445,10.141988,21706.65625,3296.5617999999995,17.90627315331345
10.131712,18378.113735,10.131712,21656.560547,3278.446812000002,17.83886452806307
10.121457,18356.146977,10.121457,21620.740234,3264.5932570000004,17.784741324475615
10.111223,18330.72649,10.111223,21590.210938,3259.4844479999992,17.781534462249233
10.10101,18309.447795,10.10101,21546.34375,3236.895955,17.67882893706899
10.090817,18288.9678,10.090817,21517.839844,3228.8720439999997,17.654752741157978
10.080645,18272.905155,10.080645,21514.888672,3241.9835170000006,17.742025635769796
10.070493,18256.528665,10.070493,21506.03125,3249.5025849999984,17.799126244792046
10.060362,18235.378936,10.060362,21353.945312,3118.566375999999,17.101736064521113
10.050251,18218.908586,10.050251,21334.890625,3115.9820389999986,17.103011545896994
10.040161,18193.604784,10.040161,21322.958984,3129.3542000000016,17.20029778129538
10.03009,18150.885513,10.03009,21244.193359,3093.3078459999997,17.042186970902964
10.02004,18124.087061,10.02004,21215.193359,3091.1062980000024,17.055238631310406
10.01001,18096.569687,10.01001,21183.724609,3087.1549220000015,17.059337628046244
10.0,18089.86541,10.0,21181.576172,3091.7107620000024,17.09084446969361
9.99001,18060.89052,9.99001,21158.050781,3097.160261000001,17.148436050649405
9.98004,18030.01811,9.98004,21129.914062,3099.895951999999,17.192971926526806
9.97009,18005.515439,9.97009,21122.873047,3117.357608000002,17.313348337964246
9.960159,17974.122293,9.960159,21089.703125,3115.5808319999996,17.33370220371405
9.950249,17953.687194,9.950249,21048.267578,3094.580384000001,17.23646151657465
9.940358,17920.351782,9.940358,21027.59375,3107.2419679999985,17.339179530621994
9.930487,17895.121918,9.930487,20999.072266,3103.9503479999985,17.34523163476107
9.920635,17870.118476,9.920635,20981.65625,3111.5377740000004,17.411959401270174
9.910803,17849.520055,9.910803,20968.277344,3118.7572889999974,17.47249942513929
9.90099,17838.020708,9.90099,20923.572266,3085.551557999999,17.297611705407373
9.891197,17815.810109,9.891197,20901.275391,3085.465282000001,17.3186920107625
9.881423,17799.455161,9.881423,20886.849609,3087.394447999999,17.345443554725886
9.871668,17770.507168,9.871668,20875.699219,3105.192050999998,17.473851599416538
9.861933,17751.616053,9.861933,20850.875,3099.2589469999984,17.4590242248746
9.852217,17715.132593,9.852217,20823.607422,3108.4748290000025,17.54700289530033
9.84252,17690.108525,9.84252,20731.427734,3041.319209000001,17.192202098149657
9.832842,17643.393611,9.832842,20685.0,3041.6063890000005,17.23935007097315
9.823183,17633.670596,9.823183,20660.248047,3026.577451000001,17.16362701981371
9.813543,17618.918856,9.813543,20616.855469,2997.936612999998,17.01544026340227
9.803922,17594.973795,9.803922,20610.648438,3015.6746429999985,17.139409686742294
9.794319,17583.02059,9.794319,20413.917969,2830.897378999998,16.100176670497763
9.784736,17559.352414,9.784736,20299.871094,2740.5186799999974,15.607173974223521
9.775171,17524.573755,9.775171,20249.1875,2724.6137449999987,15.547389529075586
9.765625,17509.557155,9.765625,20244.96875,2735.4115950000014,15.622391650372963
9.756098,17500.886698,9.756098,20222.802734,2721.9160360000024,15.553017872580496
9.746589,17483.477448,9.746589,20194.265625,2710.7881769999985,15.504857000345176
9.737098,17463.272078,9.737098,20123.269531,2659.997453,15.231953331077225
9.727626,17425.223042,9.727626,20114.550781,2689.3277390000003,15.433534093181567
9.718173,17408.848421,9.718173,20108.402344,2699.5539229999995,15.506792050320648
9.708738,17386.665539,9.708738,20093.523438,2706.8578989999987,15.568585551543798
9.699321,17353.74901,9.699321,20087.142578,2733.3935679999995,15.751026285011365
9.689922,17304.210638,9.689922,20083.951172,2779.7405340000005,16.063954560837914
9.680542,17274.184568,9.680542,20062.666016,2788.4814479999986,16.14247802565217
9.67118,17254.176735,9.67118,20048.996094,2794.8193589999973,16.197929358928622
9.661836,17238.994181,9.661836,20047.978516,2808.984335000001,16.2943632645107
9.65251,17219.751516,9.65251,19911.955078,2692.203561999999,15.634392630454021
9.643202,17203.354152,9.643202,19897.441406,2694.087254000002,15.660244102379284
9.633911,17169.010783,9.633911,19877.564453,2708.5536699999975,15.775828346976684
9.624639,17154.10936,9.624639,19846.339844,2692.2304839999997,15.694376359041703
9.615385,17111.955201,9.615385,19833.439453,2721.4842519999984,15.903993553237905
9.606148,17103.981634,9.606148,19815.115234,2711.133600000001,15.850891669637306
9.596929,17091.437316,9.596929,19811.728516,2720.2911999999997,15.916105531121264
9.587728,17069.623219,9.587728,19793.537109,2723.91389,15.957668514721771
9.578544,17024.871511,9.578544,19709.195312,2684.3238009999986,15.767072305160251
9.569378,16998.590195,9.569378,19707.666016,2709.0758209999985,15.937061779375394
9.560229,16944.217453,9.560229,19703.433594,2759.216140999997,16.28411668260002
9.551098,16908.491663,9.551098,19695.052734,2786.561071,16.48024629599393
9.541985,16897.356559,9.541985,19680.222656,2782.866097000002,16.469239358731354
9.532888,16879.798967,9.532888,19652.697266,2772.8982990000004,16.427318266177316
9.52381,16858.041922,9.52381,19636.382812,2778.3408899999995,16.480804252682645
9.514748,16836.90271,9.514748,19630.917969,2794.015259,16.594591696135065
9.505703,16820.67442,9.505703,19603.714844,2783.040423999999,16.54535575987921
9.496676,16795.574735,9.496676,19450.341797,2654.7670620000026,15.806348421455214
9.487666,16752.111202,9.487666,19434.082031,2681.9708290000017,16.009748244029126
9.478673,16734.497562,9.478673,19396.683594,2662.186031999998,15.908371447286108
9.469697,16715.577594,9.469697,19243.074219,2527.4966249999998,15.120605978385312
9.460738,16703.617839,9.460738,19238.636719,2535.0188799999996,15.176465987393332
9.451796,16681.642999,9.451796,19234.138672,2552.4956730000013,15.301224664459093
9.442871,16656.640732,9.442871,19173.076172,2516.435440000001,15.107700769252572
9.433962,16646.935699,9.433962,19133.71875,2486.7830509999985,14.93838323139184
9.425071,16631.390259,9.425071,19089.230469,2457.8402099999985,14.77832082420139
9.416196,16604.844752,9.416196,19072.669922,2467.82517,14.862079151343819
9.407338,16588.962124,9.407338,19068.197266,2479.2351419999977,14.945088930025202
9.398496,16567.822095,9.398496,19062.390625,2494.5685300000005,15.056707608858474
9.389671,16551.25643,9.389671,18981.892578,2430.636147999998,14.68550836777772
9.380863,16533.125438,9.380863,18965.039062,2431.9136240000007,14.709339943737751
9.372071,16520.50911,9.372071,18965.039062,2444.529952000001,14.79694079476223
9.363296,16505.058997,9.363296,18925.662109,2420.6031120000007,14.665825262666285
9.354537,16468.018027,9.354537,18895.234375,2427.2163480000017,14.738970676498411
9.345794,16456.339627,9.345794,18861.376953,2405.037325999998,14.614655388213066
9.337068,16445.423365,9.337068,18771.957031,2326.533666000003,14.146997704853574
9.328358,16408.203001,9.328358,18750.492188,2342.2891869999985,14.275110972586377
9.319664,16382.516528,9.319664,18749.701172,2367.184644000001,14.449456772737893
9.310987,16353.493676,9.310987,18749.261719,2395.768042999998,14.649885158887917
9.302326,16322.478809,9.302326,18747.863281,2425.3844720000016,14.859167534422998
9.29368,16303.45956,9.29368,18745.853516,2442.393956,14.980832424010993
9.285051,16279.626401,9.285051,18744.71875,2465.0923490000005,15.142192383779635
9.276438,16270.129249,9.276438,18662.806641,2392.6773919999996,14.705951964991668
9.267841,16255.665854,9.267841,18650.027344,2394.3614899999975,14.72939657781426
9.259259,16202.236264,9.259259,18642.265625,2440.029361000001,15.059830761890197
9.250694,16182.461009,9.250694,18641.123047,2458.6620380000004,15.193375325499606
9.242144,16169.011008,9.242144,18597.927734,2428.9167260000013,15.02204881175625
9.23361,16159.636593,9.23361,18573.691406,2414.0548130000025,14.938793945686365
9.225092,16106.95049,9.225092,18542.763672,2435.8131820000017,15.122745820273531
9.21659,16080.07453,9.21659,18512.939453,2432.864922999999,15.129686858484973
9.208103,16065.971991,9.208103,18379.474609,2313.5026180000004,14.400016502555848
9.199632,16046.22143,9.199632,18370.919922,2324.6984920000014,14.487513475625777
9.191176,16020.893049,9.191176,18366.675781,2345.7827320000015,14.64202229442148
9.182736,16005.134705,9.182736,18347.021484,2341.8867790000004,14.63209665001067
9.174312,15978.453149,9.174312,18279.865234,2301.412085,14.403222036195862
9.165903,15967.472856,9.165903,18274.039062,2306.5662059999995,14.445405524101298
9.157509,15938.424734,9.157509,18255.572266,2317.147531999999,14.538121368148998
9.149131,15912.939934,9.149131,18254.558594,2341.6186599999983,14.715185689834945
9.140768,15906.149652,9.140768,18246.427734,2340.2780820000007,14.713039504854276
9.13242,15872.745484,9.13242,18227.216797,2354.471313000002,14.833421951944919
9.124088,15844.952672,9.124088,18196.160156,2351.2074840000023,14.838841949682047
9.11577,15816.092717,9.11577,18191.492188,2375.3994710000006,15.018876744739815
9.107468,15802.380349,9.107468,18184.513672,2382.133323000002,15.074522131412607
9.099181,15770.251833,9.099181,18148.445312,2378.1934789999996,15.080250487969488
9.090909,15737.024844,9.090909,18123.851562,2386.8267180000003,15.166950180611918
9.082652,15721.515136,9.082652,18105.152344,2383.6372079999983,15.161625246550273
9.07441,15707.830568,9.07441,18092.65625,2384.8256820000006,15.182400088134187
9.066183,15692.94256,9.066183,18075.904297,2382.9617370000014,15.184926140454829
9.057971,15663.735265,9.057971,17986.808594,2323.073328999999,14.83090265315461
9.049774,15656.383963,9.049774,17918.8125,2262.428537,14.450517707963034
9.041591,15635.28098,9.041591,17912.519531,2277.238551000002,14.564743376936756
9.033424,15613.818201,9.033424,17900.412109,2286.5939080000007,14.64468125966494
9.025271,15558.529185,9.025271,17838.996094,2280.466908999999,14.657342489665412
9.017133,15535.045159,9.017133,17832.552734,2297.5075750000015,14.78919147955598
9.009009,15522.724534,9.009009,17808.017578,2285.293043999998,14.722241826777482
9.0009,15511.139432,9.0009,17796.705078,2285.565645999999,14.73499516924463
8.992806,15473.168465,8.992806,17793.833984,2320.665519,14.997998142715884
8.984726,15439.635603,8.984726,17781.621094,2341.9854909999976,15.168657805271893
8.976661,15417.047728,8.976661,17766.521484,2349.4737560000012,15.239453087590526
8.96861,15398.294387,8.96861,17684.990234,2286.695847000001,14.850319064756565
8.960573,15372.945541,8.960573,17669.787109,2296.8415680000016,14.9408033865356
8.952551,15363.657958,8.952551,17668.064453,2304.4064949999993,14.999074447632266
8.944544,15351.991252,8.944544,17640.177734,2288.186482000001,14.904818824085147
8.93655,15319.891224,8.93655,17634.699219,2314.8079949999974,15.109820044764028
8.928571,15302.078791,8.928571,17612.445312,2310.366521,15.098383380164362
8.920607,15292.877739,8.920607,17589.154297,2296.2765580000014,15.015333262908534
8.912656,15268.316618,8.912656,17585.511719,2317.1951009999975,15.176493643498516
8.90472,15252.339485,8.90472,17555.605469,2303.265983999998,15.101066864300773
8.896797,15224.28174,8.896797,17543.185547,2318.9038070000006,15.231613856089874
8.888889,15209.191769,8.888889,17542.8125,2333.620731000001,15.343489426943007
8.880995,15198.778031,8.880995,17524.539062,2325.761031,15.30228960681109
8.873114,15187.865138,8.873114,17515.388672,2327.5235340000017,15.32488939592006
8.865248,15180.108345,8.865248,17510.261719,2330.1533739999977,15.35004442025277
8.857396,15164.554983,8.857396,17505.1875,2340.632517,15.434890899363229
8.849558,15155.542474,8.849558,17496.023438,2340.4809640000003,15.44306954380022
8.841733,15118.678949,8.841733,17436.091797,2317.4128480000018,15.328143787015753
8.833922,15113.403316,8.833922,17427.255859,2313.852543000001,15.30993711092465
8.826125,15089.412595,8.826125,17422.833984,2333.421389000001,15.463964381046877
8.818342,15069.823407,8.818342,17414.726562,2344.903155,15.560256359147395
8.810573,15054.4257,8.810573,17397.019531,2342.593831000002,15.560831596518504
8.802817,15040.331469,8.802817,17389.636719,2349.3052499999976,15.620036399079426
8.795075,15003.815494,8.795075,17387.419922,2383.6044280000006,15.886655157504434
8.787346,14985.553682,8.787346,17374.119141,2388.5654589999995,15.939120500225767
8.779631,14980.56017,8.779631,17305.195312,2324.635141999999,15.517678348606099
8.77193,14967.484152,8.77193,17292.564453,2325.080300999998,15.534209205688812
8.764242,14939.53529,8.764242,17261.306641,2321.7713509999994,15.541121634179019
8.756567,14919.791819,8.756567,17241.177734,2321.3859150000008,15.559103928271782
8.748906,14902.372064,8.748906,17196.349609,2293.9775450000016,15.393371841397085
8.741259,14896.578887,8.741259,17193.355469,2296.7765819999986,15.418148015208766
8.733624,14870.97476,8.733624,17193.339844,2322.365083999999,15.616764344504874
8.726003,14862.963413,8.726003,17176.132812,2313.1693990000003,15.563312205806614
8.718396,14850.989106,8.718396,17062.564453,2211.575346999998,14.891771391216574
8.710801,14814.269808,8.710801,17059.544922,2245.275114000002,15.156164583876478
8.70322,14795.860133,8.70322,17039.900391,2244.040257999999,15.166676609729473
8.695652,14777.80918,8.695652,17039.144531,2261.3353510000015,15.302236775803339
8.688097,14770.706984,8.688097,17023.257812,2252.5508279999995,15.250121950425385
8.680556,14733.464614,8.680556,17019.472656,2286.0080420000013,15.515753435399002
8.673027,14709.924491,8.673027,17002.050781,2292.126290000002,15.582175771210776
8.665511,14693.439192,8.665511,16948.142578,2254.703385999999,15.344966937540372
8.658009,14667.40102,8.658009,16937.599609,2270.1985890000014,15.477851774178882
8.650519,14644.83787,8.650519,16935.96875,2291.1308800000006,15.644631236876922
8.643042,14595.288145,8.643042,16935.207031,2339.9188860000013,16.03201569406221
8.635579,14582.083019,8.635579,16925.308594,2343.2255749999986,16.069210221522184
8.628128,14571.4222,8.628128,16916.837891,2345.4156909999983,16.09599707432812
8.62069,14550.804903,8.62069,16910.828125,2360.023222,16.219193630404764
8.613264,14519.419442,8.613264,16877.40625,2357.9868079999997,16.240227905938884
8.605852,14478.441412,8.605852,16845.884766,2367.443353999999,16.351506951831283
8.598452,14448.557682,8.598452,16825.199219,2376.6415369999977,16.44898812260559
8.591065,14437.541588,8.591065,16794.501953,2356.960364999999,16.325219571724215
8.583691,14431.638421,8.583691,16788.355469,2356.7170479999986,16.330211298605253
8.576329,14409.398279,8.576329,16774.517578,2365.119299,16.41372702180689
8.56898,14396.432214,8.56898,16760.666016,2364.233801999999,16.42235914326654
8.561644,14373.414896,8.561644,16719.041016,2345.626119999999,16.319198582744363
8.55432,14361.494047,8.55432,16675.755859,2314.2618120000006,16.114352757632698
8.547009,14337.276527,8.547009,16658.71875,2321.442223,16.191654102703907
8.53971,14325.200446,8.53971,16656.34375,2331.1433039999993,16.273023981670846
8.532423,14311.752145,8.532423,16631.578125,2319.8259799999996,16.209238089764302
8.525149,14291.436944,8.525149,16630.800781,2339.3638370000026,16.368989669594715
8.517888,14265.953106,8.517888,16611.601562,2345.648455999999,16.4422835163636
8.510638,14245.094658,8.510638,16549.714844,2304.6201859999983,16.178342379113158
8.503401,14231.921893,8.503401,16531.140625,2299.2187319999994,16.155363620502126
8.496177,14217.659057,8.496177,16529.636719,2311.9776619999975,16.261310337595315
8.488964,14207.186523,8.488964,16529.578125,2322.3916019999997,16.346597535270494
8.481764,14196.864505,8.481764,16517.181641,2320.3171359999997,16.34387040309363
8.474576,14181.92322,8.474576,16457.556641,2275.6334209999986,16.04601425137315
8.467401,14165.335062,8.467401,16450.492188,2285.157126,16.13203723031003
8.460237,14147.797461,8.460237,16433.171875,2285.374414,16.153570337007526
8.453085,14130.274328,8.453085,16426.927734,2296.6534060000013,16.25342405029634
8.445946,14110.984806,8.445946,16413.558594,2302.573787999998,16.317598095782383
8.438819,14095.684802,8.438819,16408.050781,2312.365979000002,16.40477927451887
8.431703,14084.190239,8.431703,16402.541016,2318.3507769999997,16.460660766852907
8.4246,14057.091243,8.4246,16395.455078,2338.3638349999983,16.634763156740778
8.417508,14049.404732,8.417508,16382.841797,2333.4370649999983,16.60879666798397
8.410429,14035.022871,8.410429,16381.484375,2346.461504000001,16.718615463380537
8.403361,14027.404842,8.403361,16359.18457,2331.7797279999995,16.623030091912135
8.396306,14001.82789,8.396306,16355.402344,2353.5744539999996,16.80905145021033
8.389262,13990.011424,8.389262,16326.789062,2336.7776379999996,16.7031860602432
8.38223,13975.59116,8.38223,16309.379883,2333.7887229999997,16.69903402497644
8.375209,13938.375466,8.375209,16282.438477,2344.063011,16.817332957616856
8.368201,13922.776805,8.368201,16277.756836,2354.980031000001,16.91458581850046
8.361204,13912.431098,8.361204,16267.363281,2354.932183000001,16.92682009644265
8.354219,13898.827433,8.354219,16198.958984,2300.1315510000004,16.549105038449472
8.347245,13890.326986,8.347245,16172.634766,2282.307779999999,16.43091470992963
8.340284,13867.065864,8.340284,16151.067383,2284.0015189999995,16.470690637804267
8.333333,13840.977751,8.333333,16151.067383,2310.0896319999993,16.690219965371284
8.326395,13835.229267,8.326395,16130.271484,2295.042217,16.588393099304614
8.319468,13821.344381,8.319468,16123.867188,2302.5228069999994,16.659181216591662
8.312552,13805.668659,8.312552,16117.460938,2311.7922789999993,16.745239481703248
8.305648,13790.761236,8.305648,16107.84668,2317.0854440000003,16.801722576063316
8.298755,13778.080761,8.298755,16056.105469,2278.024708000001,16.53368671236228
8.291874,13772.142888,8.291874,16044.416992,2272.274104,16.49905989560918
8.285004,13756.020106,8.285004,16041.198242,2285.1781360000004,16.612204099667373
8.278146,13730.791644,8.278146,16030.736328,2299.944684,16.75027007641629
8.271299,13718.127475,8.271299,15983.698242,2265.570767000001,16.51516047746889
8.264463,13704.088309,8.264463,15966.041992,2261.9536829999997,16.505685252440237
8.257638,13691.977431,8.257638,15942.754883,2250.7774520000003,16.438658793754772
8.250825,13658.276356,8.250825,15934.660156,2276.3837999999996,16.66669893525765
8.244023,13640.601468,8.244023,15907.976562,2267.375093999999,16.622251587066152
8.237232,13621.980141,8.237232,15892.089844,2270.109703,16.665049276994097
8.230453,13602.784459,8.230453,15863.567383,2260.782923999999,16.620001080030338
8.223684,13592.359802,8.223684,15856.758789,2264.3989869999987,16.65935142966721
8.216927,13584.38678,8.216927,15842.926758,2258.539977999999,16.62599876297102
8.210181,13572.665418,8.210181,15842.113281,2269.4478629999994,16.720723550661383
8.203445,13546.147296,8.203445,15838.856445,2292.7091490000003,16.925175098878537
8.196721,13533.080789,8.196721,15828.269531,2295.1887420000003,16.959839210193607
8.190008,13524.097963,8.190008,15817.822266,2293.724302999999,16.960275718759956
8.183306,13506.380703,8.183306,15816.044922,2309.6642189999984,17.10054136477126
8.176615,13493.274383,8.176615,15805.443359,2312.168976000001,17.13571450761479
8.169935,13474.973962,8.169935,15799.732422,2324.758459999999,17.252415229564946
8.163265,13455.823784,8.163265,15794.822266,2338.998481999999,17.382796620607106
8.156607,13431.495109,8.156607,15766.244141,2334.7490319999997,17.382644397015504
8.149959,13415.463796,8.149959,15734.061523,2318.5977270000003,17.28302325031298
8.143322,13379.439962,8.143322,15726.788086,2347.348124,17.544442298533333
8.136697,13368.465602,8.136697,15707.27832,2338.812717999999,17.4949974636588
8.130081,13351.774338,8.130081,15701.53418,2349.7598420000013,17.598858267941477
8.123477,13337.51777,8.123477,15668.678711,2331.160941,17.47822181908141
8.116883,13320.849815,8.116883,15624.225586,2303.375771000001,17.291507696500524
8.1103,13307.007542,8.1103,15605.257812,2298.2502700000005,17.27097743610793
8.103728,13287.723424,8.103728,15595.445312,2307.721888,17.367323313125578
8.097166,13279.315801,8.097166,15592.750977,2313.435175999999,17.42134316758839
8.090615,13252.769666,8.090615,15592.050781,2339.2811149999998,17.65126214334977
8.084074,13218.075634,8.084074,15571.219727,2353.144092999999,17.802471086995133
8.077544,13204.882268,8.077544,15535.810547,2330.9282789999997,17.652018637444773
8.071025,13194.521958,8.071025,15498.495117,2303.973159000001,17.461588728518308
8.064516,13172.302666,8.064516,15479.392578,2307.0899120000013,17.514704683752832
8.058018,13145.697777,8.058018,15456.109375,2310.4115980000006,17.575420013400485
8.05153,13127.383575,8.05153,15441.671875,2314.2883,17.62947114920423
8.045052,13101.807888,8.045052,15441.125977,2339.3180890000003,17.854925892651742
8.038585,13089.180096,8.038585,15416.125,2326.944904,17.77762156936862
8.032129,13079.186893,8.032129,15350.960938,2271.774045,17.369382849142227
8.025682,13072.108738,8.025682,15347.613281,2275.504542999999,17.40732569325418
8.019246,13049.338851,8.019246,15319.967773,2270.628922,17.400336890063947
8.012821,13028.425102,8.012821,15311.083984,2282.6588820000015,17.520604863051247
8.006405,13016.711049,8.006405,15278.0,2261.2889510000005,17.37219903313228
8.0,12997.205763,8.0,15263.158203,2265.952440000001,17.434150703766164
7.993605,12968.000154,7.993605,15260.823242,2292.823088000001,17.680621998549068
7.98722,12956.950488,7.98722,15238.461914,2281.511425999999,17.608398118932435
7.980846,12938.116138,7.980846,15196.945312,2258.8291740000004,17.458717713668438
7.974482,12909.394678,7.974482,15168.431641,2259.0369629999987,17.499170327868402
7.968127,12888.844595,7.968127,15108.313477,2219.468881999999,17.2200763663564
7.961783,12874.961847,7.961783,15099.830078,2224.8682310000004,17.28058115774858
7.955449,12857.490468,7.955449,15087.947266,2230.4567979999993,17.34752830306356
7.949126,12835.359134,7.949126,15076.057617,2240.698483,17.457232474816703
7.942812,12820.455535,7.942812,15043.745117,2223.2895820000012,17.341736227159743
7.936508,12785.91429,7.936508,15014.083984,2228.169694,17.426752936570796
7.930214,12766.427504,7.930214,14977.244141,2210.816637,17.317426009017034
7.92393,12748.975354,7.92393,14973.827148,2224.851794,17.451220448880633
7.917656,12729.755767,7.917656,14967.196289,2237.440521999999,17.5764607189105
7.911392,12718.55948,7.911392,14905.363281,2186.803801,17.19380095237012
7.905138,12692.299844,7.905138,14876.19043,2183.8905860000013,17.20642131719246
7.898894,12664.505527,7.898894,14850.412109,2185.9065820000014,17.26010208088878
7.89266,12608.232115,7.89266,14846.939453,2238.707338,17.755917860495384
7.886435,12600.797233,7.886435,14834.928711,2234.131478000001,17.730080380541914
7.880221,12584.123708,7.880221,14831.144531,2247.0208230000007,17.855997565976892
7.874016,12567.057945,7.874016,14827.082031,2260.0240859999994,17.983716601698212
7.867821,12553.078388,7.867821,14813.40332,2260.3249319999995,18.006140503039767
7.861635,12541.570827,7.861635,14774.594727,2233.0239,17.80497778789126
7.85546,12524.569545,7.85546,14767.675781,2243.1062359999996,17.909647337105344
7.849294,12515.804981,7.849294,14749.542969,2233.7379880000008,17.84733775726767
7.843137,12499.48803,7.843137,14747.814453,2248.3264230000004,17.98734810260865
7.836991,12490.288523,7.836991,14745.220703,2254.9321800000016,18.05348351919734
7.830854,12484.71408,7.830854,14735.708008,2250.993928,18.029999834805988
7.824726,12466.254295,7.824726,14734.842773,2268.5884779999997,18.1978357276884
7.818608,12452.118645,7.818608,14701.075195,2248.956549999999,18.06083457856419
7.8125,12431.467429,7.8125,14690.673828,2259.2063990000006,18.173288164917256
7.806401,12419.035976,7.806401,14664.643555,2245.6075790000014,18.081979819848147
7.800312,12402.722436,7.800312,14583.729492,2181.0070560000004,17.584905791888357
7.794232,12386.576458,7.794232,14572.244141,2185.6676829999997,17.64545425776921
7.788162,12367.307253,7.788162,14563.666992,2196.3597389999995,17.759401412681953
7.782101,12348.319318,7.782101,14523.478516,2175.1591979999994,17.615022271324772
7.77605,12327.957375,7.77605,14520.610352,2192.6529769999997,17.786020102945074
7.770008,12313.184167,7.770008,14514.128906,2200.9447390000005,17.874700070666137
7.763975,12307.957346,7.763975,14495.472656,2187.5153100000007,17.773179159667205
7.757952,12275.951715,7.757952,14331.895508,2055.9437930000004,16.747734438282617
7.751938,12230.419802,7.751938,14323.063477,2092.6436749999993,17.110154098371964
7.745933,12195.459823,7.745933,14310.69043,2115.2306070000013,17.34441044207933
7.739938,12181.588871,7.739938,14302.206055,2120.6171840000006,17.408379206167684
7.733952,12148.832501,7.733952,14285.037109,2136.204608,17.583620548099283
7.727975,12136.7385,7.727975,14138.583984,2001.8454840000013,16.494097520515925
7.722008,12124.356273,7.722008,14104.191406,1979.8351330000005,16.329404121923897
7.716049,12118.360218,7.716049,14090.248047,1971.8878289999993,16.271903075393457
7.7101,12102.405571,7.7101,14074.154297,1971.7487259999998,16.292205003646046
7.70416,12080.4133,7.70416,14069.926758,1989.5134579999994,16.468918807604034
7.698229,12061.053326,7.698229,14069.681641,2008.628315,16.653838273561085
7.692308,12030.033568,7.692308,14060.733398,2030.6998299999996,16.88025073680326
7.686395,12006.201517,7.686395,14055.362305,2049.160788000001,17.06751952396037
7.680492,11997.237012,7.680492,14041.033203,2043.7961910000013,17.035557345043152
7.674597,11984.916608,7.674597,14032.072266,2047.1556579999997,17.081100561296452
7.668712,11979.466804,7.668712,14014.644531,2035.1777270000002,16.988884065528236
7.662835,11958.236354,7.662835,13983.615234,2025.3788800000002,16.93710359991769
7.656968,11948.220273,7.656968,13982.441406,2034.221132999999,17.025306585591093
7.651109,11934.233196,7.651109,13940.764648,2006.531452000001,16.81324153002583
7.64526,11910.144034,7.64526,13898.990234,1988.8462,16.698758590344685
7.639419,11880.74545,7.639419,13897.231445,2016.485994999999,16.97272282691655
7.633588,11872.531067,7.633588,13808.583008,1936.0519409999997,16.30698568042753
7.627765,11862.274699,7.627765,13798.614258,1936.339559,16.323509682027808
7.621951,11845.044111,7.621951,13782.291992,1937.2478810000011,16.3549233151522
7.616146,11826.318511,7.616146,13722.332031,1896.0135200000004,16.032153355555778
7.61035,11810.243857,7.61035,13712.322266,1902.0784089999997,16.105327138292974
7.604563,11791.740984,7.604563,13708.681641,1916.9406569999992,16.256638096113722
7.598784,11760.552631,7.598784,13672.235352,1911.6827209999992,16.255041586744284
7.593014,11750.118345,7.593014,13609.106445,1858.9880999999987,15.821015971222533
7.587253,11737.571733,7.587253,13588.925781,1851.3540479999992,15.772888039482188
7.581501,11724.148303,7.581501,13571.803711,1847.6554080000005,15.759399832286483
7.575758,11687.340795,7.575758,13535.919922,1848.579126999999,15.816935258624834
7.570023,11651.908871,7.570023,13515.105469,1863.1965980000004,15.990483779333708
7.564297,11628.342129,7.564297,13500.736328,1872.3941990000003,16.10198752520726
7.558579,11600.048652,7.558579,13485.380859,1885.3322070000013,16.25279568698141
7.55287,11583.762233,7.55287,13472.083008,1888.3207750000001,16.30144625742164
7.54717,11573.990885,7.54717,13460.527344,1886.5364590000008,16.299792161102957
7.541478,11539.489639,7.541478,13446.707031,1907.2173920000005,16.52774474145009
7.535795,11525.055486,7.535795,13419.963867,1894.908381000001,16.44164215349619
7.53012,11515.158787,7.53012,13413.492188,1898.3334009999999,16.485516492774003
7.524454,11508.972176,7.524454,13408.887695,1899.9155190000001,16.508125051878658
7.518797,11477.618916,7.518797,13402.029297,1924.4103809999997,16.766634221644512
7.513148,11442.33607,7.513148,13331.196289,1888.8602190000001,16.50764500749365
7.507508,11429.17759,7.507508,13317.292969,1888.1153790000008,16.52013335283209
7.501875,11418.024256,7.501875,13317.292969,1899.2687129999995,16.633952340764754
7.496252,11406.672336,7.496252,13311.864258,1905.191922,16.702434030537756
7.490637,11389.413313,7.490637,13305.192383,1915.7790700000005,16.820700218274716
7.48503,11374.291417,7.48503,13271.81543,1897.5240130000002,16.682568992068934
7.479432,11351.254529,7.479432,13258.804688,1907.5501590000003,16.804751881183023
7.473842,11328.8988,7.473842,13240.204102,1911.3053019999988,16.871059895071166
7.46826,11307.31383,7.46826,13231.829102,1924.5152720000006,17.020092489995044
7.462687,11300.461882,7.462687,13216.0,1915.5381180000004,16.95097189833608
7.457122,11281.061893,7.457122,13187.591797,1906.529903999999,16.900269868947515
7.451565,11262.179259,7.451565,13134.81543,1872.636171,16.627653742090022
7.446016,11245.211164,7.446016,13123.810547,1878.5993829999989,16.705772400380322
7.440476,11236.929831,7.440476,13110.495117,1873.565286000001,16.67328455528202
7.434944,11219.705549,7.434944,13059.816406,1840.1108569999997,16.400705428174152
7.429421,11209.507866,7.429421,13041.129883,1831.6220169999997,16.33989679917675
7.423905,11198.596021,7.423905,13021.405273,1822.809252000001,16.277123030260267
7.418398,11183.681305,7.418398,13008.864258,1825.1829529999995,16.32005511623437
7.412898,11171.551237,7.412898,12988.910156,1817.3589190000002,16.267740087705427
7.407407,11159.613248,7.407407,12954.59082,1794.9775719999998,16.08458583743206
7.401925,11146.726659,7.401925,12944.220703,1797.494044000001,16.12575690594048
7.39645,11127.238259,7.39645,12934.354492,1807.1162330000006,16.240473969705448
7.390983,11106.935241,7.390983,12904.926758,1797.9915170000004,16.188007564525247
7.385524,11085.589765,7.385524,12890.039062,1804.4492969999992,16.277431650024614
7.380074,11063.477492,7.380074,12889.783203,1826.3057110000009,16.507519559926816
7.374631,11041.064924,7.374631,12848.787109,1807.7221850000005,16.37271583351121
7.369197,11033.37941,7.369197,12833.378906,1799.9994960000004,16.314126697832833
7.36377,11009.769953,7.36377,12818.59082,1808.8208669999985,16.429233986920146
7.358352,10992.470031,7.358352,12810.121094,1817.6510629999993,16.53541977257176
7.352941,10977.013312,7.352941,12796.648438,1819.635126000001,16.576777983960245
7.347539,10954.72653,7.347539,12784.451172,1829.7246419999992,16.70260446017724
7.342144,10944.703914,7.342144,12772.90918,1828.2052660000008,16.704017581155746
7.336757,10916.904854,7.336757,12756.75293,1839.8480760000002,16.853202447082534
7.331378,10902.272132,7.331378,12745.341797,1843.069664999999,16.905372042496353
7.326007,10890.292058,7.326007,12723.454102,1833.1620439999988,16.83299248759228
7.320644,10873.966502,7.320644,12723.208984,1849.2424820000015,17.006144737156205
7.315289,10868.453978,7.315289,12717.557617,1849.1036390000008,17.013492836634995
7.309942,10857.524678,7.309942,12704.40332,1846.8786419999997,17.010126127018875
7.304602,10841.251782,7.304602,12700.130859,1858.8790770000014,17.146350941561423
7.29927,10817.403481,7.29927,12698.685547,1881.2820659999998,17.39125354161318
7.293946,10805.670726,7.293946,12693.918945,1888.2482189999992,17.47460446353045
7.28863,10787.840297,7.28863,12664.34668,1876.506383,17.39464370381752
7.283321,10772.360856,7.283321,12663.392578,1891.0317220000015,17.55447805061908
7.27802,10755.076549,7.27802,12659.574219,1904.4976700000007,17.70789507004559
7.272727,10746.569816,7.272727,12644.292969,1897.7231530000008,17.6588733474246
7.267442,10730.723478,7.267442,12641.426758,1910.7032799999997,17.805912936972987
7.262164,10721.827513,7.262164,12629.001953,1907.1744400000007,17.78777393767611
7.256894,10707.5153,7.256894,12611.270508,1903.7552080000005,17.779616976125176
7.251632,10696.562909,7.251632,12561.024414,1864.4615049999993,17.430472955300967
7.246377,10676.88409,7.246377,12504.384766,1827.5006759999997,17.116423299112537
7.24113,10670.897748,7.24113,12497.655273,1826.757525000001,17.11906128368986
7.23589,10657.018795,7.23589,12475.231445,1818.2126499999995,17.061175221470553
7.230658,10638.490226,7.230658,12455.494141,1817.0039149999993,17.07952798188715
7.225434,10616.597353,7.225434,12453.387695,1836.7903420000002,17.301120885788958
7.220217,10606.493377,7.220217,12431.22168,1824.7283029999999,17.203879153471135
7.215007,10588.130723,7.215007,12424.918945,1836.7882219999992,17.347615646735903
7.209805,10574.557721,7.209805,12421.891602,1847.3338810000005,17.46960894006359
7.204611,10563.404628,7.204611,12421.578125,1858.1734969999998,17.59066856224188
7.199424,10558.061103,7.199424,12402.99707,1844.9359669999994,17.47419293184213
7.194245,10550.259086,7.194245,12310.391602,1760.1325159999997,16.6833108234817
7.189073,10547.819071,7.189073,12301.667969,1753.8488980000002,16.627597479577588
7.183908,10527.699403,7.183908,12297.510742,1769.8113389999999,16.81099802769511
7.178751,10515.802189,7.178751,12275.478516,1759.6763269999992,16.733638531549207
7.173601,10501.722132,7.173601,12266.048828,1764.326696,16.80035592090069
7.168459,10491.21166,7.168459,12260.400391,1769.1887309999984,16.86353100419669
7.163324,10469.968424,7.163324,12258.001953,1788.0335290000003,17.077735639596998
7.158196,10444.5378,7.158196,12256.05957,1811.5217699999994,17.344202344693503
7.153076,10433.456593,7.153076,12256.05957,1822.6029769999986,17.468831740986175
7.147963,10421.106302,7.147963,12256.05957,1834.9532679999993,17.608046735382004
7.142857,10397.339391,7.142857,12222.038086,1824.698695000001,17.549669452739717
7.137759,10378.335907,7.137759,12218.147461,1839.811554,17.727423456770946
7.132668,10358.149857,7.132668,12216.201172,1858.0513149999988,17.93806172580458
7.127584,10322.575176,7.127584,12206.469727,1883.8945509999994,18.25023813224491
7.122507,10286.512168,7.122507,12188.943359,1902.4311910000015,18.49442415397337
7.117438,10261.68834,7.117438,12178.226562,1916.5382219999992,18.676636421799564
7.112376,10252.756312,7.112376,12173.353516,1920.5972039999997,18.73249637028923
7.107321,10219.82725,7.107321,12149.949219,1930.1219689999998,18.88605278528558
7.102273,10208.631419,7.102273,12144.094727,1935.4633080000003,18.959086958490577
7.097232,10190.659031,7.097232,12110.891602,1920.2325710000005,18.843065646281072
7.092199,10152.86726,7.092199,12053.166016,1900.2987559999983,18.716867928400337
7.087172,10142.194604,7.087172,12051.207031,1909.0124269999997,18.82247877838097
7.082153,10134.536055,7.082153,12027.683594,1893.1475389999996,18.680159888187397
7.077141,10109.695734,7.077141,12006.581055,1896.8853209999997,18.763030766797158
7.072136,10098.191567,7.072136,11988.742188,1890.5506210000003,18.72167514803495
7.067138,10089.228064,7.067138,11934.348633,1845.1205689999988,18.28802518186389
7.062147,10077.849748,7.062147,11920.902344,1843.0525959999995,18.288153148599605
7.057163,10065.998753,7.057163,11892.970703,1826.971950000001,18.1499322107059
7.052186,10054.143512,7.052186,11870.282227,1816.1387149999991,18.06358455926523
7.047216,10031.123648,7.047216,11867.321289,1836.1976409999988,18.305004558149363
7.042254,10023.946759,7.042254,11864.359375,1840.4126159999996,18.360159528457043
7.037298,10003.057036,7.037298,11853.498047,1850.441010999999,18.498754974008914
7.032349,9989.47943,7.032349,11829.664062,1840.1846320000004,18.421226500288217
7.027407,9983.382852,7.027407,11823.852539,1840.4696869999989,18.435331132585905
7.022472,9971.20059,7.022472,11791.316406,1820.1158159999995,18.253727819149205
7.017544,9937.052904,7.017544,11772.381836,1835.3289320000003,18.46954977225912
7.012623,9924.581276,7.012623,11750.321289,1825.7400129999987,18.39614148170737
7.007708,9917.203769,7.007708,11749.880859,1832.677090000001,18.479776484261944
7.002801,9901.9521,7.002801,11738.669922,1836.7178219999987,18.549047737768785
6.997901,9880.046448,6.997901,11724.734375,1844.6879270000009,18.670842659585045
6.993007,9863.31456,6.993007,11695.96875,1832.6541899999993,18.580510424276675
6.98812,9854.001052,6.98812,11682.168945,1828.1678929999998,18.552544122460276
6.98324,9844.391658,6.98324,11666.133789,1821.742130999999,18.505380467258924
6.978367,9835.679337,6.978367,11613.753906,1778.0745690000003,18.07780131984594
6.973501,9822.309735,6.973501,11613.338867,1791.0291319999997,18.23429702708311
6.968641,9809.196365,6.968641,11601.43457,1792.2382049999997,18.27099935928339
6.963788,9794.797082,6.963788,11590.588867,1795.7917850000013,18.334139747521125
6.958942,9772.006846,6.958942,11577.287109,1805.2802630000006,18.47399711696846
6.954103,9759.163301,6.954103,11558.613281,1799.4499799999994,18.4385681897096
6.94927,9752.059572,6.94927,11527.43457,1775.3749979999993,18.205128720680044
6.944444,9733.911203,6.944444,11508.416016,1774.5048129999996,18.230131506162657
6.939625,9725.2928,6.939625,11504.410156,1779.1173560000007,18.29371508485586
6.934813,9711.473686,6.934813,11472.938477,1761.4647910000003,18.13797625317481
6.930007,9688.174412,6.930007,11443.604492,1755.43008,18.11930716096196
6.925208,9674.178676,6.925208,11429.686523,1755.5078470000008,18.146324414651538
6.920415,9659.775017,6.920415,11418.134766,1758.3597489999993,18.202905822397575
6.915629,9645.762684,6.915629,11405.067383,1759.3046990000003,18.2391455879198
6.91085,9636.062088,6.91085,11399.03418,1762.972092,18.295565926204105
6.906077,9622.617649,6.906077,11386.963867,1764.3462180000006,18.33540812237671
6.901311,9600.364884,6.901311,11347.694336,1747.329452,18.20065667412397
6.896552,9575.551586,6.896552,11344.670898,1769.1193120000007,18.475377591684154
6.891799,9568.423521,6.891799,11331.09375,1762.6702289999994,18.42174131539468
6.887052,9545.918789,6.887052,11310.151367,1764.232578000001,18.4815376811394
6.882312,9528.978561,6.882312,11308.365234,1779.3866730000009,18.673425085482265
6.877579,9509.247383,6.877579,11252.30957,1743.0621869999995,18.330180263436308
6.872852,9496.17999,6.872852,11234.586914,1738.406923999999,18.30638136419736
6.868132,9480.471952,6.868132,11234.0,1753.5280480000001,18.496210493298026
6.863418,9469.548758,6.863418,11209.271484,1739.722726,18.371759525819634
6.858711,9460.79055,6.858711,11208.258789,1747.4682389999998,18.470636568526505
6.85401,9446.601896,6.85401,11198.125,1751.5231039999999,18.541303246214408
6.849315,9427.471236,6.849315,11183.931641,1756.4604049999998,18.631299539718903
6.844627,9416.093456,6.844627,11149.429688,1733.3362319999997,18.408230972851122
6.839945,9407.544441,6.839945,11147.398438,1739.8539970000002,18.49424159419711
6.83527,9394.919342,6.83527,11111.369141,1716.449799,18.269979086745415
6.830601,9389.010334,6.830601,11052.785156,1663.7748219999994,17.72044936381683
6.825939,9375.558957,6.825939,11027.292969,1651.7340120000008,17.61744573924075
6.821282,9368.70884,6.821282,11026.272461,1657.5636210000011,17.69255133560113
6.816633,9351.922755,6.816633,11015.047852,1663.125097,17.783777096649043
6.811989,9339.284587,6.811989,10966.010742,1626.7261550000003,17.418102423651952
6.807352,9307.745763,6.807352,10946.575195,1638.8294319999986,17.607157240098314
6.802721,9296.210231,6.802721,10938.387695,1642.1774640000003,17.665020725583894
6.798097,9283.05282,6.798097,10901.511719,1618.4588989999993,17.434554455115116
6.793478,9268.461472,6.793478,10860.477539,1592.0160669999987,17.176702647030204
6.788866,9257.7221,6.788866,10841.992188,1584.2700879999993,17.11295792730697
6.784261,9243.576371,6.784261,10822.46582,1578.8894490000002,17.080936919107113
6.779661,9237.040067,6.779661,10804.982422,1567.9423549999992,16.974510705021057
6.775068,9227.225306,6.775068,10770.300781,1543.0754749999996,16.723071387414972
6.770481,9215.75922,6.770481,10727.713867,1511.9546470000005,16.40618652143996
6.7659,9207.478314,6.7659,10677.170898,1469.6925840000004,15.96194456157804
6.761325,9197.664926,6.761325,10677.112305,1479.447379000001,16.08503235226468
6.756757,9192.271009,6.756757,10661.602539,1469.3315299999995,15.984423528868996
6.752194,9175.523643,6.752194,10660.307617,1484.783974,16.18200804411572
6.747638,9165.533305,6.747638,10628.486328,1462.953023,15.96146098996691
6.743088,9156.512648,6.743088,10626.814453,1470.301805000001,16.05744306290179
6.738544,9138.755083,6.738544,10626.415039,1487.6599559999995,16.278584363939885
6.734007,9130.592312,6.734007,10565.246094,1434.6537819999994,15.712603662245295
6.729475,9113.462032,6.729475,10518.905273,1405.4432410000009,15.421617339986533
6.72495,9108.033961,6.72495,10491.453125,1383.4191640000008,15.188998744665538
6.72043,9083.396074,6.72043,10437.28125,1353.8851759999998,14.90505494828431
6.715917,9059.479278,6.715917,10389.591797,1330.1125189999984,14.68199747672074
6.711409,9054.549371,6.711409,10377.77832,1323.2289490000003,14.613968015217313
6.706908,9048.19328,6.706908,10323.383789,1275.190509,14.09331641730801
6.702413,9043.364704,6.702413,10279.371094,1236.0063900000005,13.667549971232482
6.697924,9028.288805,6.697924,10234.238281,1205.9494759999998,13.357453467063737
6.69344,9013.948799,6.69344,10225.833008,1211.8842089999998,13.444542852677898
6.688963,8999.447428,6.688963,10195.851562,1196.4041340000003,13.29419548890997
6.684492,8983.263042,6.684492,10178.508789,1195.245746999999,13.305251570746545
6.680027,8964.449137,6.680027,10172.643555,1208.194418000001,13.477620314819807
6.675567,8951.689427,6.675567,10165.875977,1214.1865500000004,13.56376983251656
6.671114,8939.528685,6.671114,10160.610352,1221.0816670000004,13.659351740197481
6.666667,8924.779772,6.666667,10155.34375,1230.5639780000001,13.788171915016752
6.662225,8912.555181,6.662225,10047.692383,1135.137202,12.736383438274949
6.65779,8899.463782,6.65779,10046.634766,1147.1709839999985,12.890338250718647
6.65336,8872.761738,6.65336,10043.979492,1171.2177540000012,13.200148821577667
6.648936,8855.393139,6.648936,10032.883789,1177.4906499999997,13.296876056402487
6.644518,8847.578346,6.644518,10018.068359,1170.4900130000005,13.229495882669188
6.640106,8829.16127,6.640106,10013.833984,1184.6727140000003,13.417726528852953
6.6357,8816.50966,6.6357,10002.186523,1185.6768630000006,13.44837025903061
6.6313,8804.502245,6.6313,9965.092773,1160.5905280000006,13.181784679072459
6.626905,8783.881062,6.626905,9965.092773,1181.211711,13.447492089915091
6.622517,8779.711522,6.622517,9943.875,1164.1634780000004,13.259700789517586
6.618134,8757.475743,6.618134,9940.691406,1183.215662999999,13.510921385603192
6.613757,8748.761703,6.613757,9939.629883,1190.8681799999995,13.611848401261678
6.609385,8746.570235,6.609385,9935.383789,1188.8135540000003,13.5917682252511
6.60502,8742.664476,6.60502,9921.335938,1178.6714620000002,13.481833430021709
6.60066,8739.862432,6.60066,9879.301758,1139.4393259999997,13.037268433746437
6.596306,8727.89404,6.596306,9824.764648,1096.870608000001,12.567414349590353
6.591958,8718.65561,6.591958,9805.576172,1086.9205619999993,12.466607360351963
6.587615,8704.646177,6.587615,9761.820312,1057.1741349999993,12.144940914351414
6.583278,8689.848318,6.583278,9753.300781,1063.4524629999996,12.2378714113707
6.578947,8679.302441,6.578947,9746.864258,1067.5618169999998,12.300087757709235
6.574622,8662.681895,6.574622,9720.975586,1058.2936910000008,12.216698059879535
6.570302,8652.958791,6.570302,9714.790039,1061.8312480000004,12.271308273239649
6.565988,8640.821249,6.565988,9688.03418,1047.212931,12.11936806494167
6.56168,8620.417282,6.56168,9677.325195,1056.907912999999,12.26051916543405
6.557377,8609.524274,6.557377,9664.46875,1054.9444760000006,12.253226106648418
6.55308,8594.046698,6.55308,9646.246094,1052.199396,12.24335208982361
6.548788,8567.298021,6.548788,9625.923828,1058.6258070000003,12.356589024977497
6.544503,8553.745246,6.544503,9599.02832,1045.283073999999,12.22018009583353
6.540222,8544.636371,6.540222,9599.02832,1054.391948999999,12.339810651024823
6.535948,8529.439262,6.535948,9569.051758,1039.6124959999997,12.18852100432484
6.531679,8509.939217,6.531679,9561.414062,1051.4748450000006,12.355844362548526
6.527415,8486.399388,6.527415,9543.12793,1056.7285420000007,12.452024630071543
6.523157,8477.709378,6.523157,9526.982422,1049.2730439999996,12.376846117453681
6.518905,8466.826061,6.518905,9518.368164,1051.5421029999998,12.419554806300157
6.514658,8459.782341,6.514658,9434.263672,974.481330999999,11.518988216484175
6.510417,8452.007613,6.510417,9422.365234,970.357621000001,11.480794450628483
6.506181,8441.405217,6.506181,9398.586914,957.181697,11.339127460346866
6.501951,8427.873271,6.501951,9374.788086,946.9148150000001,11.235513213734464
6.497726,8421.546225,6.497726,9339.055664,917.5094389999995,10.894785998755228
6.493506,8401.865497,6.493506,9332.554688,930.6891909999995,11.077173174604075
6.489293,8383.248155,6.489293,9285.919922,902.6717669999998,10.767565868387441
6.485084,8373.763323,6.485084,9284.076172,910.3128489999999,10.871012397731223
6.480881,8358.785362,6.480881,9259.859375,901.0740129999995,10.779963523126046
6.476684,8335.954495,6.476684,9213.597656,877.643161,10.52840633338894
6.472492,8316.726008,6.472492,9196.823242,880.0972340000008,10.582255964106793
6.468305,8303.913792,6.468305,9135.764648,831.8508560000009,10.017575770131513
6.464124,8296.282808,6.464124,9115.032227,818.7494189999998,9.86887064903923
6.459948,8284.102338,6.459948,9113.941406,829.8390679999993,10.017247906190693
6.455778,8273.504226,6.455778,9039.624023,766.1197970000012,9.259919087155625
6.451613,8255.972741,6.451613,9033.057617,777.0848760000008,9.412396338724792
6.447453,8240.378447,6.447453,9017.731445,777.3529980000003,9.43346234641692
6.443299,8226.643987,6.443299,8994.624023,767.9800360000008,9.335277389097996
6.43915,8217.229107,6.43915,8986.401367,769.1722600000012,9.36048210393413
6.435006,8198.198541,6.435006,8985.304688,787.1061470000004,9.600964688322744
6.430868,8184.681438,6.430868,8975.980469,791.2990310000005,9.668049233121547
6.426735,8167.083795,6.426735,8971.041016,803.9572209999997,9.843871339880133
6.422608,8161.538445,6.422608,8946.323242,784.7847970000003,9.615647862086377
6.418485,8137.65278,6.418485,8934.224609,796.5718290000004,9.788717343135405
6.414368,8130.650257,6.414368,8917.160156,786.5098989999997,9.673394797948196
6.410256,8119.83673,6.410256,8914.405273,794.5685430000003,9.785523643158282
6.40615,8105.432877,6.40615,8906.722656,801.2897789999997,9.885835724748791
6.402049,8096.166364,6.402049,8904.493164,808.3267999999998,9.984068553658489
6.397953,8080.389698,6.397953,8903.935547,823.5458489999992,10.191907566089755
6.393862,8073.76295,6.393862,8897.464844,823.7018939999998,10.20220557751203
6.389776,8058.006516,6.389776,8888.493164,830.4866479999991,10.30635364157354
6.385696,8041.774029,6.385696,8887.941406,846.1673769999998,10.522148147269208
6.381621,8034.954901,6.381621,8849.820312,814.8654109999998,10.141505721439517
6.377551,8018.26044,6.377551,8835.310547,817.0501069999991,10.18986740470604
6.373486,8010.913305,6.373486,8784.412109,773.4988040000007,9.655563286613306
6.369427,7993.328558,6.369427,8783.301758,789.9731999999995,9.88290665481737
6.365372,7963.975293,6.365372,8779.838867,815.863574,10.244426231672389
6.361323,7949.41208,6.361323,8779.586914,830.1748339999995,10.443223041470501
6.357279,7944.441136,6.357279,8777.746094,833.3049579999997,10.489157685666559
6.35324,7933.592944,6.35324,8758.285156,824.6922119999999,10.394939818833235
6.349206,7905.172566,6.349206,8747.709961,842.5373950000003,10.658051901659148
6.345178,7895.396187,6.345178,8744.369141,848.9729539999989,10.752759378913215
6.341154,7886.688292,6.341154,8727.655273,840.9669810000005,10.663119294990397
6.337136,7874.759141,6.337136,8727.655273,852.8961319999999,10.830758334682123
6.333122,7868.240861,6.333122,8697.524414,829.2835529999993,10.539631000754634
6.329114,7850.589805,6.329114,8669.576172,818.9863669999995,10.432163536023642
6.325111,7840.930368,6.325111,8653.53418,812.6038120000003,10.363614697005307
6.321113,7823.015981,6.321113,8647.742188,824.7262070000006,10.542305026642392
6.317119,7816.281842,6.317119,8634.851562,818.5697199999995,10.472622872956011
6.313131,7807.709935,6.313131,8634.737305,827.0273700000007,10.592444863924118
6.309148,7791.786333,6.309148,8630.366211,838.5798780000005,10.76235720746631
6.30517,7773.887334,6.30517,8576.4375,802.550166,10.32366603114961
6.301197,7759.691847,6.301197,8493.512695,733.8208479999994,9.456829761657408
6.297229,7750.516493,6.297229,8477.103516,726.5870229999991,9.374691656436413
6.293266,7734.620934,6.293266,8470.30957,735.6886359999999,9.511631433236053
6.289308,7720.353779,6.289308,8449.341797,728.9880179999991,9.44241726309106
6.285355,7715.823344,6.285355,8442.536133,726.7127889999992,9.41847365602412
6.281407,7705.976913,6.281407,8424.373047,718.3961339999987,9.322583523291678
6.277464,7690.43134,6.277464,8413.010742,722.5794020000003,9.395824109912674
6.273526,7671.480961,6.273526,8406.758789,735.2778279999993,9.584561725929822
6.269592,7656.216182,6.269592,8394.390625,738.1744429999999,9.641504699612202
6.265664,7636.15214,6.265664,8390.263672,754.111531999999,9.875543574489324
6.261741,7624.21955,6.261741,8361.216797,736.9972469999993,9.666527074236726
6.257822,7610.882808,6.257822,8329.834961,718.9521530000002,9.446370035343213
6.253909,7604.703658,6.253909,8329.360352,724.6566939999993,9.529058942851435
6.25,7589.424162,6.25,8322.546875,733.1227129999997,9.659793646410241
6.246096,7580.675365,6.246096,8321.266602,740.5912369999996,9.769462499598802
6.242197,7564.035955,6.242197,8317.837891,753.8019359999989,9.965604876609802
6.238303,7546.34679,6.238303,8291.527344,745.1805540000005,9.87471918183607
6.234414,7525.786208,6.234414,8286.948242,761.162034,10.11405337545831
6.23053,7510.312076,6.23053,8251.986328,741.6742520000007,9.875411893602925
6.22665,7499.635238,6.22665,8243.952148,744.3169100000005,9.924708154186105
6.222775,7491.562019,6.222775,8208.902344,717.3403250000001,9.575310505081465
6.218905,7474.778832,6.218905,8205.451172,730.6723399999992,9.7751700273986
6.21504,7459.88494,6.21504,8204.875977,744.9910369999998,9.986629056506597
6.21118,7453.664113,6.21118,8199.697266,746.0331529999994,10.00894515354987
6.207325,7443.692746,6.207325,8177.23877,733.5460240000002,9.854598369796822
6.203474,7425.322086,6.203474,8143.785156,718.4630699999998,9.675850578315234
6.199628,7413.495717,6.199628,8137.433105,723.9373880000003,9.76512856600063
6.195787,7398.957918,6.195787,8126.456055,727.4981369999996,9.832440528282508
6.19195,7369.812686,6.19195,8079.001953,709.1892669999997,9.622894057364645
6.188119,7360.518893,6.188119,8061.02832,700.509427,9.517120153936407
6.184292,7352.296163,6.184292,8036.647461,684.3512979999996,9.307994167100578
6.18047,7339.769652,6.18047,8033.742676,693.9730239999999,9.454970072676607
6.176652,7328.135558,6.176652,8026.362793,698.2272350000003,9.528033828983384
6.17284,7325.04774,6.17284,8005.251465,680.2037250000003,9.285997158565964
6.169031,7307.133486,6.169031,7987.202148,680.0686620000006,9.306914446040553
6.165228,7284.209758,6.165228,7967.96875,683.758992,9.386865764663774
6.161429,7270.271559,6.161429,7958.052246,687.7806870000004,9.460178776246456
6.157635,7260.002645,6.157635,7956.885254,696.8826090000002,9.598930511133446
6.153846,7241.472709,6.153846,7941.70752,700.2348110000003,9.669784574755349
6.150062,7227.739656,6.150062,7927.685547,699.9458910000003,9.684160253599487
6.146281,7209.501929,6.146281,7914.237793,704.7358640000002,9.77509779372167
6.142506,7200.007723,6.142506,7913.271484,713.2637610000002,9.906430498977398
6.138735,7181.863449,6.138735,7913.067871,731.2044219999998,10.181263222176863
6.134969,7169.205095,6.134969,7883.210449,714.0053539999999,9.959337814145766
6.131208,7160.10027,6.131208,7853.890625,693.7903550000001,9.689673731342872
6.127451,7148.53205,6.127451,7837.450684,688.9186340000006,9.637204242512986
6.123699,7138.549793,6.123699,7829.432129,690.8823359999997,9.678188932400147
6.119951,7125.184504,6.119951,7823.347168,698.1626640000004,9.798520495968345
6.116208,7115.825749,6.116208,7816.879395,701.0536460000003,9.852035037515087
6.112469,7111.802818,6.112469,7812.762695,700.9598770000002,9.856289536400926
6.108735,7101.094682,6.108735,7809.23291,708.1382279999998,9.97224033352214
6.105006,7089.565382,6.105006,7802.171875,712.6064930000002,10.051483477524128
6.101281,7078.907625,6.101281,7799.817383,720.9097579999998,10.18391249313696
6.097561,7071.605262,6.097561,7793.930176,722.3249139999998,10.214440529952757
6.093845,7065.775234,6.093845,7774.737305,708.9620709999999,10.033747855274616
6.090134,7054.334843,6.090134,7742.040527,687.7056840000005,9.74869635912462
6.086427,7049.101279,6.086427,7731.408691,682.3074119999992,9.679353225249626
6.082725,7029.381638,6.082725,7721.952637,692.5709990000005,9.85251668875174
6.079027,7025.323287,6.079027,7710.953125,685.6298379999998,9.75940622218372
6.075334,7010.999788,6.075334,7682.896484,671.8966959999998,9.58346478843168
6.071645,7002.471884,6.071645,7668.080566,665.608682,9.505338872132487
6.067961,6992.368003,6.067961,7659.185547,666.8175440000005,9.536362269747668
6.064281,6981.925136,6.064281,7635.681152,653.7560160000003,9.363549497675397
6.060606,6978.188207,6.060606,7633.068848,654.8806409999997,9.384680114289152
6.056935,6969.241578,6.056935,7621.779785,652.5382069999996,9.363116484007172
6.053269,6959.669068,6.053269,7620.59082,660.9217520000002,9.496453718451432
6.049607,6950.960051,6.049607,7604.535645,653.5755939999999,9.4026665267048
6.045949,6939.587287,6.045949,7540.177246,600.5899589999999,8.654548666389587
6.042296,6920.424039,6.042296,7533.609863,613.1858239999992,8.860523871722236
6.038647,6899.080566,6.038647,7525.248047,626.1674810000004,9.076100431206363
6.035003,6886.790329,6.035003,7509.111328,622.3209989999996,9.036444690052935
6.031363,6879.993601,6.031363,7507.915527,627.921926,9.12678066893452
6.027728,6870.29161,6.027728,7507.317383,637.0257729999994,9.27217953998898
6.024096,6854.989404,6.024096,7505.523438,650.5340340000002,9.489934931488046
6.02047,6843.965962,6.02047,7494.755859,650.7898969999997,9.508958703380523
6.016847,6820.064872,6.016847,7494.157715,674.0928430000004,9.88396526501545
6.013229,6806.078024,6.013229,7494.157715,688.0796909999999,10.109782588058087
6.009615,6793.565324,6.009615,7493.559082,699.9937579999996,10.30377606773123
6.006006,6785.656159,6.006006,7468.632324,682.976165,10.064998122460866
6.002401,6779.765699,6.002401,7460.591309,680.8256100000008,10.04202269261932
5.9988,6771.834586,5.9988,7458.735352,686.9007659999997,10.143495935652197
5.995204,6760.067662,5.995204,7443.060059,682.992397,10.103336699413052
5.991612,6746.814596,5.991612,7421.615234,674.8006379999997,10.00176643952941
5.988024,6738.787729,5.988024,7418.01123,679.2235010000004,10.079312901888862
5.98444,6724.360766,5.98444,7416.151367,691.7906010000006,10.287826978258838
5.980861,6707.532889,5.980861,7407.193848,699.6609589999998,10.430973214419968
5.977286,6692.023568,5.977286,7401.355957,709.3323890000001,10.599669618497675
5.973716,6683.327107,5.973716,7376.512695,693.1855880000003,10.371863847184283
5.970149,6676.398715,5.970149,7375.910645,699.5119299999997,10.477383988891976
5.966587,6661.615914,5.966587,7374.706543,713.0906290000003,10.704469279013438
5.963029,6646.202523,5.963029,7360.25,714.0474770000001,10.743691221098832
5.959476,6634.750365,5.959476,7351.208984,716.458619,10.798576880593759
5.955926,6631.828084,5.955926,7340.354492,708.5264080000006,10.683727005972862
5.952381,6619.63196,5.952381,7333.718262,714.0863020000006,10.787401872414682
5.94884,6614.249939,5.94884,7330.097656,715.8477169999996,10.822810199220076
5.945303,6601.222148,5.945303,7322.25,721.0278520000002,10.922641835625136
5.941771,6594.479257,5.941771,7321.646484,727.1672269999999,11.026909004651372
5.938242,6567.479374,5.938242,7321.04248,753.5631060000005,11.474160223224791
5.934718,6560.087225,5.934718,7309.566895,749.4796699999997,11.424843059156117
5.931198,6543.478894,5.931198,7307.754395,764.2755010000001,11.679956692468245
5.927682,6528.035124,5.927682,7290.485352,762.4502279999997,11.679628150236033
5.924171,6513.816962,5.924171,7289.015137,775.1981750000004,11.900828339548305
5.920663,6509.315573,5.920663,7264.808594,755.4930210000002,11.60633575876565
5.91716,6494.25615,5.91716,7252.087891,757.831741,11.669261628985792
5.913661,6488.457484,5.913661,7252.087891,763.6304070000006,11.769059269989054
5.910165,6475.310654,5.910165,7247.239746,771.9290920000003,11.92111287391526
5.906675,6463.111399,5.906675,7243.603027,780.4916279999998,12.076097405976334
5.903188,6446.64043,5.903188,7236.422852,789.7824219999993,12.251069849105873
5.899705,6432.346304,5.899705,7231.475586,799.1292819999999,12.423604766165274
5.896226,6418.842782,5.896226,7204.595703,785.7529210000002,12.241348599523937
5.892752,6414.852846,5.892752,7181.065918,766.2130720000005,11.944359292322268
5.889282,6399.227863,5.889282,7153.681641,754.453778,11.789762673747129
5.885815,6393.434321,5.885815,7153.072754,759.6384330000001,11.881539636762621
5.882353,6384.861437,5.882353,7134.794922,749.9334850000005,11.745493498953131
5.878895,6379.801512,5.878895,7130.199219,750.3977070000001,11.762085475363925
5.875441,6365.272244,5.875441,7129.308594,764.0363500000003,12.003199874446727
5.871991,6345.063585,5.871991,7121.990723,776.927138,12.244591840445679
5.868545,6335.641773,5.868545,7121.380859,785.7390859999996,12.40188625165818
5.865103,6317.568734,5.865103,7089.638672,772.0699379999996,12.220997831726947
5.861665,6305.710819,5.861665,7081.351562,775.6407429999999,12.300607580399731
5.858231,6294.275874,5.858231,7063.963867,769.6879930000005,12.228380331713444
5.854801,6280.141198,5.854801,7060.293457,780.1522589999995,12.422527366875924
5.851375,6268.546551,5.851375,7058.458008,789.9114569999992,12.601189934116183
5.847953,6263.62292,5.847953,7010.67627,747.0533500000001,11.926857020952344
5.844535,6255.694344,5.844535,6932.636719,676.9423750000005,10.821218841187049
5.841121,6247.455223,5.841121,6914.774902,667.3196790000002,10.681463975015996
5.837712,6239.306021,5.837712,6898.747559,659.441538,10.569148808865583
5.834306,6224.84482,5.834306,6888.878418,664.033598,10.667472317807915
5.830904,6219.018088,5.830904,6885.793457,666.775369,10.721553781722976
5.827506,6209.570695,5.827506,6836.369629,626.7989339999995,10.09407839586565
5.824112,6196.423246,5.824112,6835.750977,639.3277309999994,10.317689828768668
5.820722,6184.232094,5.820722,6830.771973,646.5398789999999,10.454650944088579
5.817336,6167.525821,5.817336,6799.224121,631.6983,10.242329231101245
5.813953,6162.543968,5.813953,6796.125977,633.5820089999997,10.28117628515068
5.810575,6155.995562,5.810575,6767.598633,611.6030709999995,9.935079790754395
5.807201,6142.77555,5.807201,6763.253906,620.4783559999996,10.100944612895706
5.803831,6126.328992,5.803831,6752.078613,625.7496209999999,10.214104104058535
5.800464,6117.442324,5.800464,6745.867188,628.4248640000005,10.272673295742552
5.797101,6094.335154,5.797101,6728.46582,634.130666,10.405247659932028
5.793743,6087.457457,5.793743,6705.449219,617.9917619999997,10.151886339499056
5.790388,6080.652731,5.790388,6697.978516,617.325785,10.152294701073597
5.787037,6063.975058,5.787037,6696.733398,632.7583400000003,10.434712114543139
5.78369,6058.155477,5.78369,6689.882812,631.7273349999996,10.427717436410711
5.780347,6042.285205,5.780347,6678.044922,635.7597169999999,10.521842240646102
5.777008,6027.951265,5.777008,6646.861328,618.9100630000003,10.267336874363405
5.773672,6013.075675,5.773672,6645.007324,631.9316490000001,10.50929147004291
5.77034,6000.295776,5.77034,6644.364746,644.0689700000003,10.73395369235212
5.767013,5991.889779,5.767013,6635.624023,643.7342440000002,10.743425993183648
5.763689,5987.42971,5.763689,6613.131348,625.7016379999995,10.450254421441876
5.760369,5979.036002,5.760369,6608.129883,629.0938809999998,10.521660695629974
5.757052,5971.605874,5.757052,6586.860352,615.2544779999998,10.302998740737053
5.75374,5953.892308,5.75374,6586.234375,632.3420669999996,10.620650060303367
5.750431,5940.779228,5.750431,6577.469727,636.6904989999994,10.71728934142441
5.747126,5930.54994,5.747126,6571.833984,641.284044,10.813230652940089
5.743825,5917.049354,5.743825,6554.916504,637.86715,10.78015598380625
5.740528,5915.097461,5.740528,6539.240234,624.1427729999996,10.551690434775738
5.737235,5906.792748,5.737235,6529.20166,622.4089119999999,10.537172007782791
5.733945,5893.524037,5.733945,6519.786133,626.2620959999995,10.626275418039826
5.730659,5875.960432,5.730659,6510.994629,635.034197,10.807325957160224
5.727377,5860.481892,5.727377,6509.738281,649.2563890000001,11.078549528261219
5.724098,5846.638041,5.724098,6499.057617,652.4195760000002,11.158884326767925
5.720824,5836.312335,5.720824,6478.30957,641.9972350000007,11.000049314530058
5.717553,5827.517947,5.717553,6432.341797,604.8238499999998,10.378755681247835
5.714286,5823.085337,5.714286,6425.406738,602.3214009999992,10.343681504594086
5.711022,5815.577123,5.711022,6422.253906,606.6767829999999,10.431927393768996
5.707763,5801.578064,5.707763,6415.438477,613.8604129999994,10.580921367052373
5.704507,5783.871341,5.704507,6397.013184,613.1418430000003,10.600890076057457
5.701254,5771.005137,5.701254,6390.69873,619.693593,10.738053047759745
5.698006,5764.413061,5.698006,6376.800293,612.387232,10.623583451074968
5.694761,5752.065194,5.694761,6371.094727,619.0295329999999,10.761865732080226
5.69152,5748.733974,5.69152,6349.609375,600.8754010000002,10.452308346804713
5.688282,5730.758001,5.688282,6347.078613,616.3206119999995,10.754608934672401
5.685048,5719.172386,5.685048,6326.62207,607.4496840000002,10.621286490454112
5.681818,5710.374123,5.681818,6300.835938,590.4618150000006,10.34015989638514
5.678592,5690.500682,5.678592,6260.851074,570.3503920000003,10.022850780145118
5.675369,5675.651666,5.675369,6243.057129,567.405463,9.99718616276336
5.67215,5671.103566,5.67215,6232.882812,561.7792460000001,9.905995181749782
5.668934,5662.426134,5.668934,6219.436523,557.010389,9.836956382626076
5.665722,5648.850162,5.665722,6202.332031,553.4818690000002,9.798133303717115
5.662514,5640.917655,5.662514,6183.854492,542.9368370000002,9.624973633833346
5.65931,5635.28429,5.65931,6163.447754,528.1634640000002,9.372436896169443
5.656109,5624.598712,5.656109,6142.118164,517.5194520000005,9.20100221364913
5.652911,5613.103431,5.652911,6133.442383,520.3389520000001,9.270075964149823
5.649718,5601.162874,5.649718,6095.080078,493.9172040000003,8.818118935493043
5.646527,5587.181444,5.646527,6079.07666,491.8952159999999,8.803995734347229
5.643341,5580.986616,5.643341,6076.75,495.76338399999986,8.88307781600313
5.640158,5576.183292,5.640158,6074.59375,498.4104580000003,8.938200771037359
5.636979,5569.831159,5.636979,6067.547363,497.7162039999994,8.935929829681923
5.633803,5560.332047,5.633803,6063.703125,503.3710780000001,9.05289600953934
5.630631,5551.858706,5.630631,6054.730469,502.8717630000001,9.057719038428283
5.627462,5546.47165,5.627462,6029.716797,483.24514699999963,8.71265874044447
5.624297,5540.635084,5.624297,6026.507812,485.8727280000003,8.769260574533812
5.621135,5523.97638,5.621135,6019.446777,495.47039700000005,8.969451766555164
5.617978,5510.564986,5.617978,5993.751953,483.18696699999964,8.768374354128333
5.614823,5498.885045,5.614823,5990.538086,491.6530409999996,8.940958703020124
5.611672,5488.024586,5.611672,5980.250977,492.22639099999924,8.96909959652282
5.608525,5485.435437,5.608525,5976.822266,491.38682900000003,8.958027756293143
5.605381,5480.980036,5.605381,5976.610352,495.63031599999977,9.042731641870914
5.602241,5460.668355,5.602241,5955.800781,495.1324260000001,9.067249534512339
5.599104,5456.486185,5.599104,5950.005859,493.5196740000001,9.044642600886565
5.595971,5451.928729,5.595971,5942.921875,490.9931459999998,9.005861419066246
5.592841,5447.163813,5.592841,5942.921875,495.7580619999999,9.101214485542771
5.589715,5438.874771,5.589715,5933.902344,495.0275730000003,9.10165418110893
5.586592,5429.158987,5.586592,5905.896484,476.7374970000001,8.781056110928736
5.583473,5424.105447,5.583473,5904.887695,480.78224800000044,8.863807178857753
5.580357,5420.429857,5.580357,5892.626465,472.1966080000002,8.711423640879708
5.577245,5414.230295,5.577245,5878.420898,464.190603,8.573528972874989
5.574136,5403.817856,5.574136,5878.420898,474.60304200000064,8.78273573697597
5.571031,5389.004984,5.571031,5841.57666,452.57167599999957,8.398056363719993
5.567929,5380.751505,5.567929,5816.981445,436.22994000000017,8.107230738952332
5.56483,5374.491781,5.56483,5799.068359,424.57657800000015,7.899846074766938
5.561735,5362.262067,5.561735,5799.068359,436.8062920000002,8.145933312140006
5.558644,5354.155635,5.558644,5794.306152,440.15051700000004,8.220726983032499
5.555556,5350.493319,5.555556,5777.447266,426.95394699999997,7.9797118049630065
5.552471,5337.222311,5.552471,5774.203613,436.98130199999923,8.18742927569987
5.54939,5328.042636,5.54939,5765.769043,437.7264070000001,8.215519974303751
5.546312,5311.653516,5.546312,5740.446289,428.7927730000001,8.072679660078945
5.543237,5300.002766,5.543237,5722.249512,422.2467460000007,7.966915578021054
5.540166,5287.606322,5.540166,5720.298828,432.6925060000003,8.183145257991473
5.537099,5275.006451,5.537099,5713.795898,438.7894470000001,8.318273182714636
5.534034,5255.856407,5.534034,5681.205078,425.34867099999974,8.092851822083649
5.530973,5247.561378,5.530973,5658.452148,410.89077,7.830127947099926
5.527916,5229.912081,5.527916,5646.063965,416.1518839999999,7.957148754218222
5.524862,5220.10674,5.524862,5635.626465,415.5197250000001,7.959985220532101
5.521811,5212.30541,5.521811,5602.981934,390.6765240000004,7.495273075335785
5.518764,5195.54077,5.518764,5534.286133,338.745363,6.5199250279389105
5.51572,5187.879723,5.51572,5527.078125,339.198402,6.538285775905603
5.512679,5183.246364,5.512679,5491.047852,307.80148800000006,5.9383920111886095
5.509642,5179.125266,5.509642,5491.007812,311.8825459999998,6.021915477647376
5.506608,5174.873663,5.506608,5450.283691,275.41002799999933,5.322062835449734
5.503577,5168.17057,5.503577,5433.186035,265.0154649999995,5.127838979199936
5.50055,5143.333019,5.50055,5421.342285,278.009266,5.405235573372467
5.497526,5135.981703,5.497526,5395.00293,259.02122699999927,5.043266155888002
5.494505,5122.311305,5.494505,5385.118652,262.80734699999994,5.130639887963621
5.491488,5098.817122,5.491488,5352.802734,253.9856119999995,4.981265378280015
5.488474,5086.95176,5.488474,5342.631836,255.68007599999964,5.026194233066595
5.485464,5075.319428,5.485464,5320.445312,245.12588400000004,4.829762687401831
5.482456,5062.363926,5.482456,5320.445312,258.08138599999984,5.098040950286272
5.479452,5045.491001,5.479452,5312.600098,267.10909699999957,5.29401592326811
5.476451,5033.583573,5.476451,5303.259766,269.67619300000024,5.357538800915827
5.473454,5030.409861,5.473454,5299.333496,268.9236350000001,5.345958727636171
5.47046,5026.353805,5.47046,5284.73877,258.3849650000002,5.140604402797312
5.467469,5022.68123,5.467469,5257.800293,235.1190630000001,4.681146428239487
5.464481,5014.55101,5.464481,5251.632324,237.08131400000002,4.7278672313276555
5.461496,5003.217526,5.461496,5243.680664,240.46313800000007,4.806169964635674
5.458515,4997.226056,5.458515,5207.203125,209.97706899999957,4.201872531819673
5.455537,4990.160167,5.455537,5184.627441,194.46727399999963,3.8970146747195504
5.452563,4979.83775,5.452563,5177.276367,197.4386170000007,3.9647600366096407
5.449591,4962.368562,5.449591,5171.338379,208.96981700000015,4.211090216075735
5.446623,4960.532025,5.446623,5169.344238,208.81221299999925,4.209472128143337
5.443658,4950.149282,5.443658,5162.696777,212.5474949999998,4.293759296772654
5.440696,4936.036357,5.440696,5161.367188,225.33083100000022,4.565015625957639
5.437738,4923.679264,5.437738,5154.717773,231.03850899999998,4.692395597114994
5.434783,4908.438995,5.434783,5145.405273,236.96627799999987,4.827731957988812
5.431831,4901.432629,5.431831,5112.119629,210.6869999999999,4.298477933848184
5.428882,4892.963805,5.428882,5107.477539,214.5137340000001,4.384126728687299
5.425936,4881.218116,5.425936,5086.794434,205.57631800000036,4.211578198608824
5.422993,4857.14835,5.422993,5079.458984,222.31063399999948,4.576978465152283
5.420054,4850.464552,5.420054,5060.109863,209.6453109999993,4.322169737609069
5.417118,4836.375231,5.417118,5056.10498,219.72974900000008,4.543273391849031
5.414185,4818.716636,5.414185,5041.414551,222.69791499999974,4.621519209829705
5.411255,4810.296444,5.411255,5020.568359,210.27191500000026,4.371288078560679
5.408329,4788.753804,5.408329,4997.294434,208.54063000000042,4.354799568643693
5.405405,4782.076704,5.405405,4984.57959,202.50288600000022,4.234622289320774
5.402485,4777.653452,5.402485,4974.537109,196.8836570000003,4.120927961352697
5.399568,4764.182457,5.399568,4912.189941,148.00748399999975,3.1066711935545785
5.396654,4752.132081,5.396654,4909.505371,157.37329000000045,3.311635436843416
5.393743,4745.420818,5.393743,4879.282227,133.8614090000001,2.820854337980866
5.390836,4740.243606,5.390836,4873.233398,132.9897920000003,2.805547626954603
5.387931,4722.175384,5.387931,4872.561523,150.38613900000018,3.184679237233519
5.38503,4717.630137,5.38503,4871.88916,154.25902299999962,3.2698413932486634
5.382131,4705.308155,5.382131,4844.988281,139.6801260000002,2.968564893068097
5.379236,4700.525912,5.379236,4834.220703,133.6947909999999,2.844251760397484
5.376344,4691.922012,5.376344,4830.181641,138.25962900000013,2.946758889989839
5.373455,4681.81281,5.373455,4826.814941,145.00213099999928,3.097136448733824
5.370569,4675.47055,5.370569,4816.713867,141.2433170000004,3.020943357241345
5.367687,4668.663767,5.367687,4804.586914,135.92314700000043,2.9113929334718875
5.364807,4654.364157,5.364807,4731.037598,76.67344099999991,1.6473451241387236
5.36193,4643.893152,5.36193,4726.983398,83.09024600000066,1.7892368166183135
5.359057,4638.289638,5.359057,4713.464355,75.17471699999987,1.6207421887610862
5.356186,4628.91769,5.356186,4706.026367,77.10867700000017,1.6658035887434446
5.353319,4625.743583,5.353319,4703.589844,77.84626099999969,1.6828918335657708
5.350455,4616.156993,5.350455,4670.837402,54.68040900000051,1.1845439633643005
5.347594,4613.11432,5.347594,4656.613281,43.498961000000236,0.942941318653474
5.344735,4603.720435,5.344735,4617.291016,13.570580999999947,0.2947742199293634
5.34188,4597.986452,5.34188,4601.549805,3.5633529999995517,0.07749811873520396
5.339028,4595.858125,5.339028,4591.498047,4.360077999999703,0.09486972577073848
5.336179,4584.890957,5.336179,4577.131836,7.75912100000005,0.16923239991463226
5.333333,4570.698383,5.333333,4577.023926,6.325542999999925,0.13839335851883808
5.33049,4559.713416,5.33049,4565.85498,6.141564000000471,0.13469188608322993
5.327651,4552.020685,5.327651,4552.663574,0.6428889999997409,0.014123156384552785
5.324814,4532.884328,5.324814,4550.723633,17.839304999999513,0.3935530604609664
5.32198,4526.071998,5.32198,4526.911621,0.8396229999998468,0.018550809628544638
5.319149,4519.161067,5.319149,4521.46582,2.304753000000346,0.05099957637779735
5.316321,4500.589958,5.316321,4516.700195,16.11023700000078,0.3579583376922422
5.313496,4494.992303,5.313496,4515.338379,20.34607599999981,0.4526387283560119
5.310674,4486.948877,5.310674,4513.29541,26.34653299999991,0.5871814839489625
5.307856,4476.296104,5.307856,4498.310547,22.01444300000003,0.49180041910828937
5.30504,4471.85363,5.30504,4492.222168,20.368538000000626,0.4554831102555704
5.302227,4463.534457,5.302227,4469.680176,6.145719000000099,0.13768727583948615
5.299417,4453.533205,5.299417,4464.223633,10.690427999999883,0.24004374746768917
5.29661,4449.245624,5.29661,4442.386719,6.85890500000005,0.15415883004979383
5.293806,4436.850125,5.293806,4421.216309,15.63381599999957,0.3523629502810751
5.291005,4422.814054,5.291005,4419.166504,3.6475500000005923,0.08247124919714276
5.288207,4407.248197,5.288207,4415.75,8.501803000000109,0.19290501963985734
5.285412,4397.647183,5.285412,4413.700195,16.053012000000308,0.3650363781354833
5.28262,4392.131518,5.28262,4388.189941,3.941577000000507,0.08974177990451757
5.279831,4376.247011,5.279831,4371.30127,4.945741000000453,0.11301329626890323
5.277045,4367.693938,5.277045,4365.141113,2.5528250000006665,0.058447891180983806
5.274262,4358.669255,5.274262,4321.985352,36.6839030000001,0.8416308018305946
5.271481,4354.443003,5.271481,4305.527832,48.915171000000555,1.1233393333269117
5.268704,4344.828918,5.268704,4295.237305,49.59161300000051,1.1413939175959171
5.265929,4341.563099,5.265929,4282.197754,59.36534500000016,1.3673726177945884
5.263158,4332.179544,5.263158,4267.77832,64.40122399999927,1.4865779071690126
5.260389,4327.880632,5.260389,4241.667969,86.21266300000025,1.9920295944058801
5.257624,4321.795317,5.257624,4240.293457,81.5018600000003,1.8858334100046021
5.254861,4313.437459,5.254861,4238.230957,75.206502,1.7435398731255838
5.252101,4299.347066,5.252101,4194.198242,105.14882399999988,2.4456928548880232
5.249344,4286.272366,5.249344,4168.711914,117.56045199999971,2.7427200598012513
5.24659,4284.907782,5.24659,4146.651855,138.25592700000016,3.2265788211541997
5.243838,4279.104002,5.243838,4114.912109,164.19189300000016,3.8370624533374023
5.24109,4271.973277,5.24109,4067.23877,204.73450700000012,4.792504393748812
5.238345,4264.370773,5.238345,4062.397949,201.9728239999995,4.736286658721069
5.235602,4256.136245,5.235602,4058.939941,197.1963039999996,4.633223483662225
5.232862,4242.693401,5.232862,4053.90625,188.78715100000045,4.4497005358790105
5.230126,4229.880754,5.230126,4050.638916,179.24183799999992,4.237515155255838
5.227392,4225.450347,5.227392,4039.567383,185.8829639999999,4.399127873599881
5.22466,4201.326336,5.22466,4020.182129,181.14420700000028,4.311595732229268
5.221932,4189.731144,5.221932,4018.104492,171.62665200000038,4.09636432747677
5.219207,4176.729588,5.219207,3993.160889,183.56869899999992,4.3950343236824345
5.216484,4173.298349,5.216484,3988.30835,184.9899989999999,4.432704866267875
5.213764,4161.852766,5.213764,3982.761475,179.09129100000018,4.30316258333489
5.211047,4157.365526,5.211047,3955.012695,202.3528309999997,4.867333164103399
5.208333,4151.426161,5.208333,3950.848389,200.5777720000001,4.831538951223564
5.205622,4142.091386,5.205622,3933.48999,208.60139600000002,5.036136979137138
5.202914,4132.132095,5.202914,3916.12207,216.01002500000004,5.227568239199769
5.200208,4127.176804,5.200208,3902.220459,224.9563449999996,5.450610809354598
5.197505,4115.563913,5.197505,3901.525391,214.03852199999983,5.200709465935096
5.194805,4108.445604,5.194805,3871.61499,236.8306139999995,5.764482162534177
5.192108,4105.042833,5.192108,3861.870605,243.17222800000036,5.9237439873992255
5.189414,4096.548371,5.189414,3860.478271,236.0700999999999,5.762658673120302
5.186722,4086.082763,5.186722,3859.781982,226.30078099999992,5.53833082014839
5.184033,4079.13422,5.184033,3837.49585,241.63837000000012,5.923766097600979
5.181347,4075.863418,5.181347,3832.618652,243.2447659999998,5.967932215926864
5.178664,4064.526981,5.178664,3831.224854,233.30212699999993,5.739957640596111
5.175983,4061.557007,5.175983,3829.831299,231.72570799999994,5.70534175934564
5.173306,4054.211566,5.173306,3810.265625,243.94594099999995,6.017099429290118
5.170631,4044.890718,5.170631,3797.169189,247.72152899999992,6.124307089376349
5.167959,4038.749594,5.167959,3752.550049,286.19954499999994,7.08634042143094
5.165289,4031.191551,5.165289,3746.094727,285.09682399999974,7.072271818223995
5.162623,4016.242744,5.162623,3722.328613,293.914131,7.31813662008075
5.159959,4011.774677,5.159959,3704.142334,307.63234299999976,7.668235825000193
5.157298,4003.219935,5.157298,3694.345215,308.87472000000025,7.715657021477143
5.154639,3990.738699,5.154639,3673.520508,317.21819099999993,7.948858968879334
5.151984,3983.719674,5.151984,3670.540039,313.17963499999996,7.861487770938974
5.149331,3975.395049,5.149331,3668.438721,306.9563280000002,7.721404394192579
5.14668,3968.1309,5.14668,3622.763916,345.36698400000023,8.703517920741985
5.144033,3958.708909,5.144033,3610.94873,347.7601789999999,8.784686800521706
5.141388,3951.476052,5.141388,3593.400635,358.075417,9.061814174952767
5.138746,3943.781782,5.138746,3593.264404,350.517378,8.887849211125546
5.136107,3937.884555,5.136107,3582.164795,355.71975999999995,9.03327040271753
5.13347,3933.028592,5.13347,3561.789795,371.238797,9.439005802172922
5.130836,3923.686077,5.130836,3561.789795,361.8962819999997,9.223375033017447
5.128205,3911.146198,5.128205,3546.324219,364.8219789999998,9.327751010344612
5.125577,3908.579228,5.125577,3544.214844,364.364384,9.322169585044932
5.122951,3901.27387,5.122951,3544.214844,357.0590259999999,9.152370171848508
5.120328,3893.556051,5.120328,3539.995361,353.56069000000025,9.08066264794605
5.117707,3876.944327,5.117707,3528.037354,348.9069730000001,8.999535293043172
5.11509,3869.753521,5.11509,3504.534912,365.218609,9.437774447857398
5.112474,3862.846434,5.112474,3497.066406,365.78002800000013,9.469183780656607
5.109862,3849.164647,5.109862,3496.362305,352.80234199999995,9.165685917721667
5.107252,3844.538027,5.107252,3494.953857,349.5841700000001,9.093008510902683
5.104645,3839.707073,5.104645,3488.614746,351.09232699999984,9.143726860541161
5.102041,3834.199842,5.102041,3468.180664,366.019178,9.546168511891562
5.099439,3831.291686,5.099439,3462.541504,368.7501820000002,9.624696113518521
5.09684,3824.647974,5.09684,3459.721436,364.92653800000016,9.541441211865115
5.094244,3807.57449,5.094244,3456.196045,351.37844499999983,9.228406323312662
5.09165,3802.653746,5.09165,3399.032715,403.62103100000013,10.614193612146988
5.089059,3790.665051,5.089059,3395.500732,395.164319,10.424669911042479
5.08647,3783.928517,5.08647,3383.489502,400.4390149999999,10.582626315506582
5.083884,3776.045858,5.083884,3368.64624,407.3996179999999,10.789053770013826
5.081301,3765.692262,5.081301,3331.154541,434.53772100000015,11.539384813383887
5.07872,3758.460043,5.07872,3319.827881,438.6321619999999,11.670528806523748
5.076142,3741.259537,5.076142,3302.122559,439.136978,11.73767747618307
5.073567,3730.393067,5.073567,3296.454834,433.93823299999985,11.632506955868195
5.070994,3727.517047,5.070994,3275.901123,451.6159239999997,12.115730613853843
5.068424,3719.808746,5.068424,3261.71875,458.08999600000016,12.314880341431406
5.065856,3715.62422,5.065856,3246.787598,468.83662200000026,12.61797733679323
5.063291,3709.139456,5.063291,3234.755859,474.383597,12.789586442554077
5.060729,3698.161079,5.060729,3228.264893,469.89618599999994,12.706211978388515
5.058169,3685.942876,5.058169,3202.797852,483.1450239999999,13.10777297027215
5.055612,3674.041431,5.055612,3199.245117,474.79631400000017,12.922998363433539
5.053057,3663.246312,5.053057,3198.534668,464.71164400000043,12.685787534343676
5.050505,3658.414578,5.050505,3189.29541,469.1191679999997,12.823018222731337
5.047956,3647.917715,5.047956,3187.163086,460.754629,12.630620123513395
5.045409,3643.316431,5.045409,3167.965088,475.35134300000027,13.047215414927003
5.042864,3635.923569,5.042864,3138.07959,497.8439790000002,13.692366452491846
5.040323,3629.692631,5.040323,3105.413818,524.2788129999999,14.444165561632094
5.037783,3624.609188,5.037783,3081.054688,543.5544999999997,14.996223642525287
5.035247,3622.118361,5.035247,3065.810547,556.3078139999998,15.358631567368592
5.032713,3615.817624,5.032713,3058.257324,557.5602999999996,15.420033806439559
5.030181,3611.705601,5.030181,3048.980225,562.7253760000003,15.580599256046627
5.027652,3601.312656,5.027652,3046.125244,555.1874120000002,15.416251379202667
5.025126,3588.698912,5.025126,3045.411377,543.2875349999999,15.138844141628564
5.022602,3581.841484,5.022602,3042.556152,539.2853319999999,15.05609152188824
5.02008,3578.69827,5.02008,3035.416748,543.2815219999998,15.180981491351037
5.017561,3573.922731,5.017561,3031.84668,542.076051,15.167536955907398
5.015045,3569.117153,5.015045,3019.705078,549.4120750000002,15.39350072995489
5.012531,3560.455131,5.012531,3005.415771,555.0393600000002,15.589000270426387
5.01002,3552.54167,5.01002,3005.415771,547.1258990000001,15.400970623942046
5.007511,3541.681286,5.007511,2988.487305,553.1939809999999,15.619530283166194
5.005005,3533.333621,5.005005,2981.110107,552.2235140000003,15.628966104924746
5.002501,3527.072066,5.002501,2978.9646,548.1074660000004,15.540013238844901
5.0,3516.126422,5.0,2968.950928,547.1754939999996,15.561883400334677
4.997501,3509.927645,4.997501,2934.596191,575.3314540000001,16.39154741037404
4.995005,3504.897586,4.995005,2923.853271,581.0443150000001,16.57806828139372
4.992511,3492.361692,4.992511,2917.406006,574.9556859999998,16.463234243951838
4.99002,3487.10024,4.99002,2885.869141,601.2310990000001,17.241577747131238
4.987531,3484.295182,4.987531,2884.687744,599.607438,17.208858798691757
4.985045,3477.933938,4.985045,2860.028809,617.9051290000002,17.766442376859207
4.982561,3469.18345,4.982561,2849.279785,619.9036649999998,17.868863781187468
4.98008,3459.435202,4.98008,2843.536865,615.8983370000001,17.803436140209573
4.977601,3449.511941,4.977601,2827.73877,621.7731710000003,18.024960679502698
4.975124,3443.484875,4.975124,2803.310059,640.1748160000002,18.59089960428533
4.97265,3439.626349,4.97265,2780.302979,659.3233700000001,19.168459102881467
4.970179,3434.464865,4.970179,2775.987549,658.477316,19.172632182393865
4.96771,3427.238486,4.96771,2753.682617,673.5558690000003,19.65302011375698
4.965243,3416.060404,4.965243,2734.244385,681.8160189999999,19.959132402976092
4.962779,3409.608997,4.962779,2725.601807,684.0071899999998,20.06116216263609
4.960317,3400.20058,4.960317,2695.33667,704.86391,20.730068518487226
4.957858,3396.000396,4.957858,2695.33667,700.6637259999998,20.632027217231215
4.955401,3390.571893,4.955401,2693.173828,697.3980649999999,20.56874435961119
4.952947,3382.032329,4.952947,2687.405762,694.6265670000003,20.538732319137456
4.950495,3378.066225,4.950495,2671.538818,706.527407,20.915143752103322
4.948046,3365.657527,4.948046,2629.675049,735.9824779999999,21.86742032116448
4.945598,3363.611549,4.945598,2623.896973,739.7145760000003,21.991676661352795
4.943154,3358.244348,4.943154,2617.395508,740.8488400000001,22.060599623765082
4.940711,3353.428831,4.940711,2606.557129,746.8717020000004,22.271881696003714
4.938272,3347.500214,4.938272,2592.101074,755.39914,22.566066966650236
4.935834,3337.698531,4.935834,2589.208984,748.4895470000001,22.425319124784675
4.933399,3332.727684,4.933399,2579.808838,752.918846,22.591670168993023
4.930966,3326.567901,4.930966,2552.317383,774.2505179999998,23.274754673345228
4.928536,3318.494655,4.928536,2547.250977,771.2436779999998,23.240769028751075
4.926108,3310.548177,4.926108,2535.667969,774.880208,23.406401797245316
4.923683,3306.919301,4.923683,2530.599121,776.3201799999997,23.4756312246641
4.92126,3303.9194,4.92126,2529.150879,774.7685210000004,23.449982496546383
4.918839,3294.948468,4.918839,2517.562012,777.3864560000002,23.59328115598317
4.916421,3284.793796,4.916421,2474.072021,810.721775,24.68105535230985
4.914005,3273.535152,4.914005,2468.269531,805.265621,24.599266041423586
4.911591,3264.935049,4.911591,2457.387451,807.5475980000001,24.733955986271138
4.90918,3253.636726,4.90918,2439.969482,813.6672440000002,25.00793150931504
4.906771,3244.706266,4.906771,2421.817383,822.8888830000001,25.360966927044487
4.904365,3229.587842,4.904365,2372.398682,857.1891599999999,26.541750896274273
4.901961,3218.838209,4.901961,2349.848145,868.9900640000001,26.99700971519069
4.899559,3215.952213,4.899559,2314.122559,901.8296540000001,28.042383538986996
4.89716,3210.460124,4.89716,2285.031982,925.4281420000002,28.8254052770163
4.894763,3206.016986,4.894763,2229.59668,976.420306,30.455868146170822
4.892368,3198.458628,4.892368,2228.136719,970.3219089999998,30.33717242754343
4.889976,3193.001753,4.889976,2225.216797,967.784956,30.309565445453106
4.887586,3187.000077,4.887586,2218.645996,968.354081,30.384501336803698
4.885198,3184.524446,4.885198,2190.290771,994.233675,31.220789535744704
4.882812,3179.441013,4.882812,2166.039795,1013.401218,31.8735656317081
4.880429,3172.553649,4.880429,2157.265381,1015.2882679999998,32.0022411069399
4.878049,3165.662943,4.878049,2150.683105,1014.9798379999997,32.06215747776783
4.87567,3154.486835,4.87567,2147.025879,1007.4609560000004,31.937396118503703
4.873294,3152.147874,4.873294,2140.441895,1011.7059789999998,32.09576515571807
4.870921,3131.96122,4.870921,2096.520264,1035.440956,33.060465416618406
4.868549,3124.598317,4.868549,2078.205322,1046.3929950000002,33.488880452469374
4.86618,3114.943024,4.86618,2070.144043,1044.7989810000004,33.54151176923743
4.863813,3104.82897,4.863813,2062.813965,1042.0150050000002,33.56110803745819
4.861449,3091.77333,4.861449,2051.083496,1040.6898339999998,33.65996542831941
4.859086,3084.683936,4.859086,2040.082764,1044.601172,33.86412331613348
4.856727,3075.683159,4.856727,2037.882202,1037.8009570000002,33.74212828012562
4.854369,3065.714018,4.854369,2026.87793,1038.836088,33.885616267551015
4.852014,3054.333571,4.852014,2003.391846,1050.9417250000001,34.40821706503779
4.849661,3050.929922,4.849661,1995.315308,1055.6146139999998,34.59976600537598
4.84731,3044.930548,4.84731,1976.218872,1068.711676,35.098064115188485
4.844961,3031.262605,4.844961,1963.727783,1067.5348219999998,35.21749716567364
4.842615,3026.003927,4.842615,1951.23291,1074.7710170000003,35.51783285574038
4.840271,3014.409098,4.840271,1932.115479,1082.293619,35.90400585368722
4.837929,3003.989654,4.837929,1931.380005,1072.609649,35.706169878839404
4.83559,3000.320588,4.83559,1923.28894,1077.0316480000001,35.89721886079996
4.833253,2986.279679,4.833253,1912.253174,1074.0265050000003,35.96536896904626
4.830918,2976.173608,4.830918,1912.253174,1063.9204340000001,35.747929191367255
4.828585,2968.196037,4.828585,1911.362183,1056.8338540000002,35.60525790163637
4.826255,2965.215418,4.826255,1901.214233,1064.0011850000003,35.882761789956405
4.823927,2952.67682,4.823927,1897.534058,1055.1427620000002,35.735125322655534
4.821601,2948.887091,4.821601,1863.65979,1085.2273010000001,36.80124967524571
4.819277,2944.065572,4.819277,1862.922974,1081.142598,36.722775752088445
4.816956,2940.168136,4.816956,1852.607666,1087.5604699999997,36.98973731072364
4.814636,2937.128845,4.814636,1846.712036,1090.4168090000003,37.12526302195641
4.81232,2931.860613,4.81232,1845.237915,1086.622698,37.062563383193144
4.810005,2924.316785,4.810005,1809.844849,1114.471936,38.1105064169715
4.807692,2917.055114,4.807692,1809.107178,1107.9479359999998,37.98172789682848
4.805382,2910.941702,4.805382,1805.962402,1104.9793,37.959513213226145
4.803074,2904.370584,4.803074,1803.943115,1100.4274689999997,37.88867285263759
4.800768,2894.152062,4.800768,1800.254028,1093.898034,37.79684033754824
4.798464,2887.714375,4.798464,1800.254028,1087.460347,37.65816856454163
4.796163,2885.402544,4.796163,1791.398926,1094.003618,37.91511240866224
4.793864,2876.629938,4.793864,1774.421265,1102.208673,38.31597031095072
4.791567,2868.095668,4.791567,1761.868164,1106.227504,38.570104768206775
4.789272,2861.253529,4.789272,1750.049927,1111.203602,38.83625099060559
4.786979,2851.879752,4.786979,1750.049927,1101.8298249999998,38.635213291419305
4.784689,2843.420358,4.784689,1736.758789,1106.6615689999999,38.92008319791315
4.782401,2836.091488,4.782401,1699.78479,1136.306698,40.06593943841067
4.780115,2828.182561,4.780115,1682.029663,1146.152898,40.52612846869188
4.777831,2817.659034,4.777831,1682.029663,1135.6293709999998,40.30400262404496
4.775549,2808.229935,4.775549,1678.329712,1129.9002229999999,40.23531723373642
4.77327,2797.503431,4.77327,1677.589722,1119.9137090000002,40.032612528366904
4.770992,2792.765468,4.770992,1665.747559,1127.0179090000001,40.35490705945667
4.768717,2787.388291,4.768717,1663.379028,1124.0092630000001,40.324818276277966
4.766444,2781.405091,4.766444,1641.3125,1140.092591,40.989807442615344
4.764173,2775.123003,4.764173,1620.568481,1154.5545220000001,41.603724258416236
4.761905,2768.719563,4.761905,1617.604248,1151.115315,41.57572801460355
4.759638,2765.376646,4.759638,1612.41626,1152.9603860000002,41.692707127895524
4.757374,2756.150879,4.757374,1594.624268,1161.5266109999998,42.14307060800063
4.755112,2751.900029,4.755112,1557.968384,1193.931645,43.385720135838554
4.752852,2744.12975,4.752852,1528.5802,1215.54955,44.29635843567527
4.750594,2740.344039,4.750594,1516.696167,1223.647872,44.65307474482404
4.748338,2733.848727,4.748338,1489.201904,1244.646823,45.52727481618262
4.746084,2718.361488,4.746084,1488.458618,1229.9028700000001,45.244272162819875
4.743833,2710.842642,4.743833,1486.228516,1224.6141260000002,45.174666615709825
4.741584,2706.395044,4.741584,1484.741821,1221.6532229999998,45.13950118658286
4.739336,2699.981138,4.739336,1481.768066,1218.213072,45.11931786687911
4.737091,2692.931807,4.737091,1464.665161,1228.266646,45.61075935184273
4.734848,2684.211126,4.734848,1463.418213,1220.7929130000002,45.48051012735427
4.732608,2675.690487,4.732608,1445.323364,1230.3671229999998,45.98316318639286
4.730369,2673.057492,4.730369,1431.183594,1241.8738979999998,46.45892958594098
4.728132,2662.381853,4.728132,1357.432983,1304.94887,49.01433911629054
4.725898,2652.681831,4.725898,1349.976562,1302.7052689999998,49.10899052333427
4.723666,2642.995561,4.723666,1340.28125,1302.7143110000002,49.289311348941766
4.721435,2639.995959,4.721435,1320.884155,1319.111804,49.96643269483126
4.719207,2638.195759,4.719207,1295.403198,1342.7925610000002,50.89813962512704
4.716981,2635.287262,4.716981,1271.6073,1363.679962,51.74691889054485
4.714757,2628.800621,4.714757,1216.29248,1412.5081409999998,53.732037710135636
4.712535,2623.741046,4.712535,1200.58252,1423.1585260000002,54.24157723833544
4.710316,2618.479058,4.710316,1192.351318,1426.12774,54.46397349036961
4.708098,2613.204967,4.708098,1184.507935,1428.697032,54.672214772351616
4.705882,2603.771052,4.705882,1141.434082,1462.33697,56.162271597449184
4.703669,2602.130764,4.703669,1137.687866,1464.442898,56.278605143918895
4.701457,2597.287038,4.701457,1110.706177,1486.580861,57.235909595295176
4.699248,2593.461311,4.699248,1091.959595,1501.501716,57.89566667647891
4.697041,2585.87793,4.697041,1082.958496,1502.9194340000001,58.12027770390539
4.694836,2580.289109,4.694836,1079.957642,1500.3314669999997,58.14586674674833
4.692633,2574.210473,4.692633,1079.207397,1495.0030760000002,58.07617876162685
4.690432,2567.548286,4.690432,1018.39856,1549.149726,60.33575821911534
4.688233,2557.610372,4.688233,993.601562,1564.0088100000003,61.151175609949405
4.686036,2553.680376,4.686036,991.346619,1562.3337569999999,61.17969075860573
4.683841,2537.987431,4.683841,989.091553,1548.895878,61.02850861596721
4.681648,2535.351202,4.681648,985.332947,1550.018255,61.13623445056745
4.679457,2526.773669,4.679457,977.062866,1549.7108030000002,61.331603301585616
4.677268,2522.278554,4.677268,976.310913,1545.967641,61.29250231098781
4.675082,2516.294778,4.675082,974.807129,1541.487649,61.260217303522936
4.672897,2511.337293,4.672897,964.27887,1547.058423,61.60297254025606
4.670715,2504.541224,4.670715,956.005066,1548.536158,61.82913434049348
4.668534,2498.766535,4.668534,952.243713,1546.5228220000004,61.89144925458193
4.666356,2491.03082,4.666356,948.482117,1542.548703,61.92411152102887
4.664179,2486.915517,4.664179,943.967712,1542.9478049999998,62.042630497608485
4.662005,2479.057446,4.662005,927.411377,1551.646069,62.59016189816845
4.659832,2474.625471,4.659832,917.625305,1557.0001659999998,62.91861876661334
4.657662,2471.924185,4.657662,900.306519,1571.6176659999999,63.57871635128648
4.655493,2465.115362,4.655493,871.678894,1593.4364679999999,64.63942793765284
4.653327,2449.222603,4.653327,821.161621,1628.0609820000002,66.47256072215826
4.651163,2433.828062,4.651163,820.407227,1613.420835,66.29148789065115
4.649,2427.76726,4.649,815.126099,1612.641161,66.42486648411264
4.64684,2420.995713,4.64684,770.590637,1650.4050759999998,68.17050799131258
4.644682,2416.104784,4.644682,726.769653,1689.3351310000003,69.91977923255502
4.642526,2407.704862,4.642526,707.112793,1700.592069,70.63125119028813
4.640371,2404.268848,4.640371,698.03772,1706.2311280000001,70.96673607942535
4.638219,2399.657329,4.638219,682.908875,1716.748454,71.54140023464993
4.636069,2391.570813,4.636069,667.018433,1724.5523799999999,72.10960974376133
4.63392,2383.351234,4.63392,654.90802,1728.4432140000004,72.5215482024921
4.631774,2378.48162,4.631774,629.16333,1749.3182900000002,73.54769005950949
4.62963,2368.148033,4.62963,620.831238,1747.316795,73.78410347035937
4.627487,2360.127673,4.627487,614.770691,1745.3569819999998,73.9518036234644
4.625347,2356.126866,4.625347,613.255432,1742.8714340000001,73.97188407595706
4.623209,2351.974552,4.623209,601.131714,1750.842838,74.4414022894581
4.621072,2345.281657,4.621072,551.089722,1794.1919349999998,76.50219450806031
4.618938,2343.598433,4.618938,541.985718,1801.6127150000002,76.87378049206949
4.616805,2334.099303,4.616805,535.156677,1798.942626,77.07224040073328
4.614675,2322.817751,4.614675,529.085571,1793.73218,77.22225212149242
4.612546,2320.925469,4.612546,515.422974,1805.5024949999997,77.79235133207114
4.61042,2311.090888,4.61042,509.349487,1801.7414010000002,77.96064665198924
4.608295,2304.334661,4.608295,494.162567,1810.1720939999998,78.55508683857792
4.606172,2298.95056,4.606172,438.391724,1860.5588360000002,80.93078939461839
4.604052,2289.199507,4.604052,437.170654,1852.0288529999998,80.90290284166132
4.601933,2284.77929,4.601933,428.806396,1855.972894,81.2320429427562
4.599816,2280.250557,4.599816,421.961914,1858.2886429999999,81.49493209399094
4.597701,2276.436947,4.597701,380.11441,1896.322537,83.30222102127918
4.595588,2270.962871,4.595588,380.11441,1890.848461,83.26197161327346
4.593477,2266.50908,4.593477,340.517883,1925.9911969999998,84.97610770657049
4.591368,2257.853292,4.591368,335.185242,1922.6680499999998,85.15469347864078
4.589261,2254.556901,4.589261,329.090118,1925.4667829999999,85.40333500325347
4.587156,2248.103146,4.587156,328.328156,1919.77499,85.39532509510576
4.585053,2243.767837,4.585053,285.641479,1958.126358,87.2695617483352
4.582951,2236.689632,4.582951,271.913269,1964.776363,87.84304871316182
4.580852,2229.593857,4.580852,265.047821,1964.5460359999997,88.1122824155682
4.578755,2221.929294,4.578755,236.813614,1985.11568,89.34198245464061
4.576659,2213.452228,4.576659,232.233643,1981.218585,89.50807972892922
4.574565,2205.431214,4.574565,232.233643,1973.1975710000002,89.46992127771708
4.572474,2195.725659,4.572474,216.964203,1978.7614560000002,90.11879275032875
4.570384,2184.129711,4.570384,204.745453,1979.384258,90.62576494569741
4.568296,2176.736116,4.568296,197.871155,1978.864961,90.90973161397208
4.56621,2168.38196,4.56621,189.468002,1978.913958,91.26224044033276
4.564126,2164.443663,4.564126,173.421921,1991.021742,91.98769069555588
4.562044,2157.095063,4.562044,160.428635,1996.6664280000002,92.56274617879463
4.559964,2155.62143,4.559964,153.548553,2002.072877,92.8768312068599
4.557885,2149.36215,4.557885,49.474396,2099.887754,97.6981824119309
4.555809,2146.308017,4.555809,37.983234,2108.324783,98.23029902049703
4.553734,2136.072974,4.553734,14.993573,2121.079401,99.29807767887614
