RP,Loss_gen,ReturnPeriod,Loss_expected,Loss_Diff,Percent_Diff
10000.0,859997.201233,10000.0,860000.0,2.7987669999711215,0.0003254390823549725
5000.0,858964.131747,5000.0,860000.0,1035.8682529999642,0.12059505335725353
3333.333333,858318.418901,3333.333333,860000.0,1681.5810989999445,0.19591576528825502
2500.0,857468.311699,2500.0,860000.0,2531.6883010000456,0.2952515290021298
2000.0,855612.833971,2000.0,860000.0,4387.166028999956,0.5127513116696254
1666.666667,844021.228332,1666.666667,853070.625,9049.39666800003,1.0721764292450242
1428.571429,820293.196377,1428.571429,825724.8125,5431.616123000043,0.6621554520980957
1250.0,791093.614471,1250.0,820078.5,28984.885528999963,3.6639008328214095
1111.111111,767612.606957,1111.111111,792601.5,24988.89304300002,3.255404199530017
1000.0,737750.288411,1000.0,790596.0,52845.711588999955,7.163089248371754
909.090909,720413.704441,909.090909,767142.25,46728.54555899999,6.486348784169602
833.333333,701373.05699,833.333333,759746.1875,58373.130510000046,8.32269359768582
769.230769,683601.588099,769.230769,645651.9375,37949.650599000044,5.5514280919874235
714.285714,663479.457488,714.285714,640643.5625,22835.894988000044,3.441839039668092
666.666667,643950.667701,666.666667,622105.1875,21845.480201,3.3924151797204627
625.0,631469.860289,625.0,599210.0,32259.860288999975,5.10869359215907
588.235294,615928.098664,588.235294,596840.5,19087.59866400005,3.098997870920755
555.555556,598084.04584,555.555556,588229.3125,9854.733340000035,1.6477171408508666
526.315789,584461.185725,526.315789,573886.5625,10574.623224999988,1.8092943523499518
500.0,573859.044699,500.0,557028.8125,16830.232198999962,2.9328164040400795
476.190476,568771.518631,476.190476,550781.625,17989.893630999955,3.1629385511954933
454.545455,560555.375508,454.545455,548015.3125,12540.063008000026,2.2370783611941403
434.782609,556172.066801,434.782609,544612.5,11559.566801000037,2.0784155643573667
416.666667,536141.466567,416.666667,539427.125,3285.658432999975,0.6128342308679413
400.0,525895.773488,400.0,536468.25,10572.476511999965,2.0103748774929464
384.615385,513204.167138,384.615385,536167.625,22963.45786199998,4.474526773634933
370.37037,507463.665613,370.37037,534685.375,27221.70938700001,5.36426767700049
357.142857,497677.25994,357.142857,525722.0625,28044.802559999982,5.635138435575912
344.827586,490861.6006,344.827586,524991.125,34129.524399999995,6.9529831541685265
333.333333,489389.454046,333.333333,518902.375,29512.920953999972,6.030559242746966
322.580645,480051.656901,322.580645,503043.8125,22992.15559899999,4.7895169756161495
312.5,475274.946162,312.5,500320.0,25045.053837999993,5.269592693712758
303.030303,470194.480513,303.030303,495847.96875,25653.488237000012,5.455931385883366
294.117647,468251.157599,294.117647,473870.875,5619.717400999973,1.2001502419803038
285.714286,465778.395889,285.714286,468099.8125,2321.4166110000224,0.49839508046939146
277.777778,463058.821637,277.777778,465880.65625,2821.8346129999845,0.6093900993019135
270.27027,460454.751516,270.27027,465510.46875,5055.7172339999815,1.0979835081198643
263.157895,457557.503883,263.157895,463222.6875,5665.183617000002,1.2381358777690643
256.410256,455271.233704,256.410256,461347.875,6076.641295999987,1.334729902999052
250.0,450565.257078,250.0,460566.53125,10001.274172000005,2.219717125297263
243.902439,449346.695228,243.902439,451169.28125,1822.5860220000031,0.40560797294285583
238.095238,445536.58533,238.095238,436946.84375,8589.741579999973,1.9279542607343287
232.55814,444011.109985,232.55814,436498.0625,7513.047484999988,1.6920854717472726
227.272727,442586.652496,227.272727,435846.78125,6739.871245999995,1.5228365356230233
222.222222,441007.632736,222.222222,431760.09375,9247.538986,2.0969113229692886
217.391304,439531.963493,217.391304,430000.03125,9531.932243000017,2.1686550773802424
212.765957,436876.277651,212.765957,430000.03125,6876.246401000011,1.5739573771256863
208.333333,434457.719003,208.333333,430000.03125,4457.687753000006,1.0260348839536269
204.081633,433793.221431,204.081633,430000.03125,3793.1901809999836,0.8744235717854194
200.0,431729.030303,200.0,430000.03125,1728.9990530000068,0.4004824627583058
196.078431,430354.555089,196.078431,430000.03125,354.5238389999722,0.08237947868976418
192.307692,430000.0,192.307692,430000.03125,0.03125,7.267441860465116e-06
188.679245,430000.0,188.679245,430000.03125,0.03125,7.267441860465116e-06
185.185185,430000.0,185.185185,430000.03125,0.03125,7.267441860465116e-06
181.818182,430000.0,181.818182,430000.03125,0.03125,7.267441860465116e-06
178.571429,430000.0,178.571429,430000.0,0.0,0.0
175.438596,430000.0,175.438596,430000.0,0.0,0.0
172.413793,430000.0,172.413793,430000.0,0.0,0.0
169.491525,430000.0,169.491525,430000.0,0.0,0.0
166.666667,430000.0,166.666667,430000.0,0.0,0.0
163.934426,430000.0,163.934426,430000.0,0.0,0.0
161.290323,430000.0,161.290323,430000.0,0.0,0.0
158.730159,430000.0,158.730159,430000.0,0.0,0.0
156.25,430000.0,156.25,430000.0,0.0,0.0
153.846154,430000.0,153.846154,430000.0,0.0,0.0
151.515152,430000.0,151.515152,430000.0,0.0,0.0
149.253731,430000.0,149.253731,430000.0,0.0,0.0
147.058824,430000.0,147.058824,430000.0,0.0,0.0
144.927536,430000.0,144.927536,430000.0,0.0,0.0
142.857143,430000.0,142.857143,430000.0,0.0,0.0
140.84507,430000.0,140.84507,430000.0,0.0,0.0
138.888889,430000.0,138.888889,430000.0,0.0,0.0
136.986301,430000.0,136.986301,430000.0,0.0,0.0
135.135135,430000.0,135.135135,430000.0,0.0,0.0
133.333333,430000.0,133.333333,430000.0,0.0,0.0
131.578947,430000.0,131.578947,430000.0,0.0,0.0
129.87013,430000.0,129.87013,430000.0,0.0,0.0
128.205128,430000.0,128.205128,430000.0,0.0,0.0
126.582278,430000.0,126.582278,430000.0,0.0,0.0
125.0,430000.0,125.0,430000.0,0.0,0.0
123.45679,430000.0,123.45679,430000.0,0.0,0.0
121.95122,430000.0,121.95122,430000.0,0.0,0.0
120.481928,430000.0,120.481928,430000.0,0.0,0.0
119.047619,430000.0,119.047619,430000.0,0.0,0.0
117.647059,430000.0,117.647059,430000.0,0.0,0.0
116.27907,430000.0,116.27907,430000.0,0.0,0.0
114.942529,430000.0,114.942529,430000.0,0.0,0.0
113.636364,430000.0,113.636364,430000.0,0.0,0.0
112.359551,430000.0,112.359551,430000.0,0.0,0.0
111.111111,430000.0,111.111111,430000.0,0.0,0.0
109.89011,430000.0,109.89011,430000.0,0.0,0.0
108.695652,430000.0,108.695652,430000.0,0.0,0.0
107.526882,430000.0,107.526882,430000.0,0.0,0.0
106.382979,430000.0,106.382979,430000.0,0.0,0.0
105.263158,430000.0,105.263158,430000.0,0.0,0.0
104.166667,430000.0,104.166667,430000.0,0.0,0.0
103.092784,430000.0,103.092784,430000.0,0.0,0.0
102.040816,430000.0,102.040816,430000.0,0.0,0.0
101.010101,430000.0,101.010101,430000.0,0.0,0.0
100.0,430000.0,100.0,430000.0,0.0,0.0
99.009901,430000.0,99.009901,430000.0,0.0,0.0
98.039216,430000.0,98.039216,430000.0,0.0,0.0
97.087379,430000.0,97.087379,430000.0,0.0,0.0
96.153846,430000.0,96.153846,430000.0,0.0,0.0
95.238095,429999.999952,95.238095,430000.0,4.800001624971628e-05,1.1162794477924286e-08
94.339623,429999.99927,94.339623,430000.0,0.0007300000288523734,1.6976744885852925e-07
93.457944,429999.994512,93.457944,430000.0,0.005487999995239079,1.2762790849491338e-06
92.592593,429999.897378,92.592593,430000.0,0.10262199997669086,2.3865587085589215e-05
91.743119,429999.423766,91.743119,430000.0,0.5762339999782853,0.0001340080865531262
90.909091,429998.787754,90.909091,430000.0,1.2122460000100546,0.00028191846919893506
90.09009,429997.497454,90.09009,430000.0,2.502546000003349,0.0005819908289747814
89.285714,429994.016816,89.285714,430000.0,5.9831840000115335,0.0013914575008079277
88.495575,429987.591864,88.495575,430000.0,12.408135999983642,0.00288569629328006
87.719298,429975.187707,87.719298,430000.0,24.812292999995407,0.005770633680588881
86.956522,429956.036064,86.956522,430000.0,43.963936000014655,0.010225216606441715
86.206897,429924.06257,86.206897,430000.0,75.93742999999085,0.017662986701896165
85.470085,429905.164195,85.470085,430000.0,94.83580499998061,0.02205970360406375
84.745763,429875.025047,84.745763,430000.0,124.97495300002629,0.02907239214149793
84.033613,429832.11792,84.033613,430000.0,167.88208000001032,0.03905759318601138
83.333333,429791.56302,83.333333,430000.0,208.43697999999858,0.04849722468616703
82.644628,429739.331761,82.644628,430000.0,260.66823900002055,0.060657291463605545
81.967213,429667.509228,81.967213,430000.0,332.4907719999901,0.07738327075216576
81.300813,429422.708404,81.300813,430000.0,577.2915960000246,0.1344343428286773
80.645161,429336.056698,80.645161,430000.0,663.9433019999997,0.15464419809189825
80.0,429069.811181,80.0,430000.0,930.1888189999736,0.2167919519762205
79.365079,428958.213899,79.365079,430000.0,1041.786100999976,0.2428642388102793
78.740157,428779.431847,78.740157,430000.0,1220.568152999971,0.28466107801446555
78.125,428408.663803,78.125,430000.0,1591.336196999997,0.3714528513204296
77.51938,428200.924437,77.51938,430000.0,1799.0755629999912,0.4201475196172035
76.923077,427786.114439,76.923077,430000.0,2213.8855609999737,0.5175216039686724
76.335878,427530.50969,76.335878,430000.0,2469.490310000023,0.5776173288289148
75.757576,427232.552154,75.757576,430000.0,2767.4478460000246,0.6477614666876957
75.18797,426936.510437,75.18797,430000.0,3063.489562999981,0.7175515534767173
74.626866,426708.067072,74.626866,430000.0,3291.9329279999947,0.7714719223821318
74.074074,426349.293252,74.074074,430000.0,3650.706747999997,0.8562713263000985
73.529412,425569.836965,73.529412,430000.0,4430.163034999976,1.0409955429628637
72.992701,424933.756144,72.992701,430000.0,5066.2438560000155,1.1922432103236311
72.463768,424498.025635,72.463768,430000.0,5501.974364999973,1.296113063604867
71.942446,423910.337987,71.942446,430000.0,6089.662012999994,1.4365448226428355
71.428571,422703.484988,71.428571,430000.0,7296.515011999989,1.7261544489530594
70.921986,421783.870404,70.921986,430000.0,8216.129596000013,1.9479477932928788
70.422535,421532.535523,70.422535,430000.0,8467.464477000001,2.0087333155658618
69.93007,420729.501433,69.93007,430000.0,9270.498566999973,2.203434400350999
69.444444,420398.38801,69.444444,430000.0,9601.611990000005,2.2839316857160763
68.965517,419270.86774,68.965517,429999.96875,10729.101009999984,2.5589903414547175
68.493151,417960.979133,68.493151,429999.96875,12038.989616999985,2.8804099468742606
68.027211,417438.721082,68.027211,429999.96875,12561.247667999996,3.009123742867283
67.567568,416640.665729,67.567568,429999.96875,13359.303021,3.206432813663329
67.114094,415816.84886,67.114094,429999.96875,14183.119889999973,3.4109055294138018
66.666667,415221.553103,66.666667,428938.78125,13717.228147000016,3.3035925145237623
66.225166,414741.855579,66.225166,426023.03125,11281.175670999975,2.7200475474680266
65.789474,413512.683339,65.789474,423696.375,10183.691661000019,2.4627277641811465
65.359477,412318.748456,65.359477,423397.9375,11079.189043999999,2.6870446918768476
64.935065,411773.29477,64.935065,421906.375,10133.080230000021,2.460839583018601
64.516129,411194.792187,64.516129,421667.78125,10472.989063000015,2.546965394989047
64.102564,409955.576383,64.102564,418229.5,8273.923616999993,2.018248828324291
63.694268,408481.980226,63.694268,415015.875,6533.894773999986,1.5995552044633623
63.291139,407200.690597,63.291139,414192.1875,6991.496902999992,1.7169658756594213
62.893082,406438.476963,62.893082,414174.84375,7736.366786999977,1.9034533454627265
62.5,405412.049197,62.5,414039.3125,8627.263303000014,2.1280234073180715
62.111801,405069.188458,62.111801,413654.5,8585.311541999981,2.119467929585604
61.728395,404707.608277,61.728395,413319.4375,8611.829222999979,2.1279138436917293
61.349693,403523.467743,61.349693,412459.625,8936.157256999984,2.2145322320364604
60.97561,402208.792149,60.97561,410311.375,8102.582851000014,2.0145215642124445
60.606061,401480.272609,60.606061,403751.40625,2271.133641000022,0.5656899718238136
60.240964,401068.911849,60.240964,403479.125,2410.2131509999745,0.6009473882900714
59.88024,400227.706357,59.88024,402469.0,2241.293643000012,0.5600046192206382
59.52381,399759.423679,59.52381,402001.09375,2241.6700710000005,0.5607547785540193
59.171598,398686.276793,59.171598,401578.8125,2892.5357070000027,0.725516747219725
58.823529,397610.508567,58.823529,399690.3125,2079.8039330000174,0.5230756954829218
58.479532,396070.490663,58.479532,399647.6875,3577.196837000025,0.9031717639483812
58.139535,395402.267887,58.139535,398102.4375,2700.1696130000055,0.682891786996951
57.803468,394817.779607,57.803468,395540.75,722.970392999996,0.18311495336396394
57.471264,393972.038151,57.471264,393267.125,704.9131509999861,0.17892466539206772
57.142857,392739.485385,57.142857,392136.34375,603.1416350000072,0.15357295546913277
56.818182,392195.473352,56.818182,388814.0625,3381.410852000001,0.862174880066794
56.497175,391636.859966,56.497175,386665.5625,4971.297466000018,1.2693640395420396
56.179775,390564.887561,56.179775,386246.65625,4318.2313110000105,1.105637359765366
55.865922,388979.824037,55.865922,386130.25,2849.574037000013,0.7325763088239147
55.555556,387840.743906,55.555556,385792.78125,2047.9626559999888,0.5280421637434638
55.248619,387004.796699,55.248619,384974.875,2029.9216989999986,0.5245210695873641
54.945055,386571.020768,54.945055,384061.4375,2509.5832679999876,0.6491907393922604
54.644809,385634.060135,54.644809,383526.3125,2107.747634999978,0.5465667722042272
54.347826,385218.313545,54.347826,381199.5,4018.8135449999827,1.0432560975662226
54.054054,384507.215149,54.054054,381184.40625,3322.808898999996,0.8641733543835785
53.763441,383860.268498,53.763441,379848.3125,4011.9559979999904,1.0451605251302256
53.475936,383255.656636,53.475936,376608.125,6647.531636000029,1.7344901558266033
53.191489,381419.258366,53.191489,375927.09375,5492.164616000024,1.4399285027002713
52.910053,380607.361433,52.910053,375912.75,4694.611433000013,1.2334526098824354
52.631579,379943.78793,52.631579,375822.34375,4121.444179999991,1.084751037108499
52.356021,378933.658112,52.356021,373648.5625,5285.0956119999755,1.3947284699734643
52.083333,378177.776153,52.083333,373636.125,4541.651153000013,1.2009302077979829
51.813472,377689.262577,51.813472,373159.4375,4529.825077000016,1.199352358097952
51.546392,377074.629822,51.546392,371220.78125,5853.848571999988,1.5524376632719434
51.282051,376582.24843,51.282051,370055.65625,6526.592179999978,1.7331120113095708
51.020408,375804.568541,51.020408,366930.6875,8873.881041000015,2.361302065978445
50.761421,374474.498442,50.761421,365745.0,8729.498442000011,2.3311329551996365
50.505051,374274.734904,50.505051,363767.8125,10506.922404000012,2.807275357951959
50.251256,373627.280498,50.251256,361782.90625,11844.374247999978,3.1701042365570467
50.0,373344.707915,50.0,360563.4375,12781.270414999977,3.4234502710320753
49.751244,371998.412993,49.751244,358233.09375,13765.319243000005,3.700370421542371
49.50495,370983.481116,49.50495,358041.71875,12941.76236599998,3.4885009777438905
49.261084,369620.358156,49.261084,357922.0625,11698.295655999973,3.1649489531262924
49.019608,368188.350413,49.019608,355914.46875,12273.881662999978,3.3335877273771053
48.780488,367356.200971,48.780488,355269.9375,12086.263471000013,3.2900665455090907
48.543689,366334.955766,48.543689,355139.5625,11195.393266000028,3.0560537807784836
48.309179,365174.076358,48.309179,355133.6875,10040.388857999991,2.749480181653654
48.076923,364616.338193,48.076923,354837.3125,9779.025693000003,2.6820042517742952
47.84689,363387.332508,47.84689,353997.5,9389.832508000021,2.5839735367751993
47.619048,362657.652274,47.619048,352266.0625,10391.589773999993,2.865399284653395
47.393365,362179.985926,47.393365,351311.8125,10868.173425999994,3.0007658756220064
47.169811,361862.604564,47.169811,350956.125,10906.47956399998,3.0139836021854065
46.948357,360454.13868,46.948357,348316.0,12138.138679999975,3.367457154036408
46.728972,359666.698386,46.728972,347384.6875,12282.010886000004,3.414831270483306
46.511628,358829.170183,46.511628,345476.5625,13352.60768299998,3.7211600372930267
46.296296,358352.375804,46.296296,345250.9375,13101.43830400001,3.6560210531897828
46.082949,357829.664883,46.082949,344318.75,13510.91488300002,3.7757950804379785
45.87156,357166.632075,45.87156,344260.4375,12906.194574999972,3.6134939313955434
45.6621,356091.711633,45.6621,343291.75,12799.961632999999,3.5945688188867666
45.454545,355070.264052,45.454545,341970.8125,13099.451552000013,3.6892561496170795
45.248869,353171.227231,45.248869,341151.84375,12019.383481000026,3.4032736967948023
45.045045,351757.269003,45.045045,340823.84375,10933.425252999994,3.1082300826331317
44.843049,350384.325639,44.843049,337544.6875,12839.638138999988,3.6644442115337754
44.642857,348783.187285,44.642857,336063.28125,12719.906034999993,3.646937839525567
44.444444,348468.87185,44.444444,335574.90625,12893.965599999996,3.700177158305911
44.247788,348213.088791,44.247788,334878.375,13334.713791000016,3.8294694312894157
44.052863,347484.275125,44.052863,334870.90625,12613.368874999986,3.6299106975308733
43.859649,346627.768935,43.859649,330887.1875,15740.581435,4.541061866844168
43.668122,345735.664549,43.668122,329172.75,16562.91454899998,4.790629445361304
43.478261,344524.328492,43.478261,328674.9375,15849.390992,4.600369170262538
43.290043,343197.330939,43.290043,326438.3125,16759.018439000007,4.883201857411519
43.103448,342884.930164,43.103448,324315.75,18569.18016400002,5.415571969033016
42.918455,342215.007034,42.918455,323285.4375,18929.56953400001,5.5314843431513525
42.735043,341626.685597,42.735043,322741.0625,18885.623097000003,5.528146334352356
42.553191,340866.32738,42.553191,320908.125,19958.202379999973,5.855140498448367
42.372881,340306.508168,42.372881,320116.09375,20190.41441799997,5.933008606474408
42.194093,339804.286744,42.194093,319170.75,20633.536743999983,6.072182591252821
42.016807,338968.623077,42.016807,316157.1875,22811.435577000026,6.729659922481435
41.841004,338413.174018,41.841004,316076.8125,22336.36151800002,6.600322692169176
41.666667,337284.943301,41.666667,315879.625,21405.318300999992,6.346360466466909
41.493776,336730.354841,41.493776,315308.4375,21421.917340999993,6.361742276283694
41.322314,335522.491273,41.322314,315176.5,20345.99127300002,6.063972401911315
41.152263,334746.379283,41.152263,314570.3125,20176.066783000017,6.027269608177851
40.983607,334134.276534,40.983607,314395.21875,19739.057784000004,5.907522565106081
40.816327,333554.827146,40.816327,313656.4375,19898.389645999996,5.965552894634108
40.650407,332901.903619,40.650407,313572.9375,19328.96611899999,5.806204743461494
40.48583,332228.61781,40.48583,313267.875,18960.742810000025,5.70713713195038
40.322581,331462.361046,40.322581,313167.28125,18295.079795999976,5.519504458444682
40.160643,330974.870772,40.160643,312848.5,18126.370771999995,5.476660729474771
40.0,330089.325557,40.0,311275.75,18813.575557000004,5.699540730453359
39.840637,329763.098704,39.840637,306531.53125,23231.567454000004,7.04492635631526
39.68254,328397.518749,39.68254,305991.25,22406.26874899998,6.822910487982551
39.525692,327389.240241,39.525692,305348.8125,22040.42774100002,6.732178407810675
39.370079,326819.044104,39.370079,304402.0625,22416.98160399997,6.859141781488861
39.215686,325587.360815,39.215686,304213.25,21374.110815000022,6.564785181309564
39.0625,325146.98968,39.0625,303406.84375,21740.14593,6.686251640033944
38.910506,323683.910524,38.910506,302376.6875,21307.223024000006,6.582725409337314
38.75969,322901.209874,38.75969,301419.15625,21482.053623999993,6.652825374170185
38.610039,321854.902697,38.610039,301311.4375,20543.465197000012,6.382834322191449
38.461538,321145.244013,38.461538,300535.53125,20609.71276299999,6.4175674861203
38.314176,320725.119718,38.314176,300449.625,20275.494718,6.321766980967186
38.167939,319874.123487,38.167939,300037.375,19836.748487000004,6.201423319509678
38.022814,318726.588206,38.022814,299631.09375,19095.494455999986,5.991183403769926
37.878788,317582.754371,37.878788,298754.8125,18827.941870999988,5.928515201743354
37.735849,316686.282531,37.735849,298651.28125,18035.001280999975,5.694910792113187
37.593985,316411.600583,37.593985,298471.4375,17940.163082999992,5.669881587762453
37.453184,316072.762516,37.453184,298371.5625,17701.200016000017,5.600356030394729
37.313433,315537.995673,37.313433,297305.96875,18232.026922999998,5.778076546411961
37.174721,314973.153785,37.174721,297220.625,17752.528784999973,5.6362037753597924
37.037037,314455.464361,37.037037,296356.875,18098.58936099999,5.755533425942478
36.900369,313991.870301,36.900369,295741.8125,18250.057801000017,5.812270802904891
36.764706,313077.83217,36.764706,294944.34375,18133.48842000001,5.7920065097913405
36.630037,312364.97233,36.630037,294684.6875,17680.28483000002,5.660136825879941
36.49635,311425.99866,36.49635,293773.9375,17652.061159999983,5.668139858570915
36.363636,310537.999872,36.363636,292340.6875,18197.312372000015,5.859930951928822
36.231884,310061.580553,36.231884,292229.4375,17832.143052999978,5.751161759930416
36.101083,309690.236218,36.101083,291452.4375,18237.798718000005,5.889045434794362
35.971223,309191.322881,35.971223,290266.90625,18924.416631,6.120616987134381
35.842294,308002.297093,35.842294,289798.46875,18203.828342999972,5.910289798099591
35.714286,307156.31124,35.714286,288880.09375,18276.21749000001,5.95013575212514
35.587189,306906.02158,35.587189,288481.21875,18424.80283,6.003402193005613
35.460993,306633.703053,35.460993,288337.875,18295.828052999976,5.966672244713308
35.335689,305364.983194,35.335689,288236.3125,17128.67069399997,5.609245210384203
35.211268,304789.056488,35.211268,287750.1875,17038.868987999973,5.590380830707686
35.087719,303339.499469,35.087719,286554.15625,16785.343218999973,5.533517147744672
34.965035,302044.976127,34.965035,286411.6875,15633.288627000002,5.175814816541334
34.843206,301385.959946,34.843206,285972.375,15413.584946000017,5.114234567782024
34.722222,301049.546362,34.722222,285594.21875,15455.327611999994,5.133815280165074
34.602076,300441.341194,34.602076,284944.75,15496.591193999979,5.157942356539266
34.482759,299668.998465,34.482759,283554.4375,16114.560965000011,5.377453472846348
34.364261,299191.787134,34.364261,283136.25,16055.537133999984,5.366302761114609
34.246575,298598.663349,34.246575,282506.8125,16091.85084899998,5.389123537432564
34.129693,297845.606714,34.129693,281215.0,16630.606713999994,5.5836333788764545
34.013605,297099.143894,34.013605,280706.875,16392.26889399998,5.517440635860084
33.898305,296172.784289,33.898305,280120.71875,16052.065538999974,5.419831392521422
33.783784,295897.250467,33.783784,278009.6875,17887.562967000005,6.045194045828054
33.670034,295154.10887,33.670034,276049.125,19104.983869999996,6.4728842648146045
33.557047,293965.710707,33.557047,275644.375,18321.33570699999,6.232473734074768
33.444816,293547.785462,33.444816,275596.59375,17951.191712,6.115253666024946
33.333333,293067.838171,33.333333,273885.125,19182.71317100001,6.545485608628003
33.222591,292053.881317,33.222591,273770.75,18283.13131700002,6.26019117929654
33.112583,291788.723903,33.112583,273649.75,18138.973903000006,6.216475284024336
33.0033,291375.089079,33.0033,273341.125,18033.964078999998,6.189260768998163
32.894737,290879.810793,32.894737,272664.46875,18215.342042999982,6.2621541155919695
32.786885,290457.360837,32.786885,272436.375,18020.985837000015,6.204348130503431
32.679739,289868.599278,32.679739,272363.03125,17505.56802800001,6.039139138079321
32.57329,289227.474591,32.57329,271388.9375,17838.537091000006,6.167649569331438
32.467532,288634.563344,32.467532,269348.125,19286.438344000024,6.681957323667468
32.36246,288186.552999,32.36246,269138.25,19048.302999000007,6.609712632589801
32.258065,288033.199227,32.258065,268804.65625,19228.542977000005,6.6758078681915825
32.154341,287390.650149,32.154341,268786.4375,18604.212648999994,6.473492662114961
32.051282,286978.511013,32.051282,267673.75,19304.76101299998,6.726901239000953
31.948882,286675.275693,31.948882,266535.875,20139.400693000003,7.025161358723955
31.847134,286138.24737,31.847134,266270.84375,19867.403619999997,6.943288358899406
31.746032,285675.968796,31.746032,265537.0625,20138.906296,7.049562614901328
31.64557,284608.687089,31.64557,264409.3125,20199.374589000014,7.09724456958809
31.545741,283809.366877,31.545741,264219.125,19590.241877000022,6.902605820437993
31.446541,282563.148114,31.446541,263916.53125,18646.61686399998,6.599097224269674
31.347962,282369.214773,31.347962,262625.0625,19744.152272999985,6.992317589887604
31.25,281590.211719,31.25,261749.515625,19840.696094000014,7.045946651653902
31.152648,280534.191391,31.152648,261396.65625,19137.535141,6.821819132316278
31.055901,279973.542825,31.055901,260933.65625,19039.88657500001,6.800602079354714
30.959752,279392.818217,30.959752,259519.53125,19873.286966999993,7.113027132846601
30.864198,278766.193557,30.864198,259463.703125,19302.49043200002,6.924257990434264
30.769231,278369.094617,30.769231,259320.25,19048.844617000024,6.8430170537461334
30.674847,277791.675562,30.674847,259299.390625,18492.28493700002,6.656889519669118
30.58104,277358.592087,30.58104,258516.40625,18842.185837000026,6.793438665527164
30.487805,276884.417663,30.487805,257874.859375,19009.558288,6.865521161662773
30.395137,276258.49826,30.395137,257802.1875,18456.310760000022,6.680811948318747
30.30303,275598.564543,30.30303,257682.5,17916.064543000015,6.5007829676865665
30.21148,275010.627664,30.21148,257634.546875,17376.08078900003,6.318330653835537
30.120482,274367.150364,30.120482,256936.75,17430.400364,6.352947260951347
30.03003,273718.508739,30.03003,256070.375,17648.13373900001,6.44754854916593
29.94012,273052.203146,29.94012,255614.03125,17438.171895999985,6.386387546075159
29.850746,272404.166966,29.850746,254600.71875,17803.44821599999,6.535673963541871
29.761905,271830.97204,29.761905,254201.96875,17629.003290000022,6.4852813340953315
29.673591,271517.358022,29.673591,254084.203125,17433.154897,6.420641031571712
29.585799,270783.415082,29.585799,254074.859375,16708.55570700002,6.170450173966619
29.498525,270183.366853,29.498525,253678.296875,16505.069978000014,6.108840144471221
29.411765,269981.768076,29.411765,253621.96875,16359.799325999978,6.059594113553138
29.325513,269168.654725,29.325513,252622.9375,16545.71722499997,6.146970285936207
29.239766,268516.820912,29.239766,251796.875,16719.945912000025,6.226777844014319
29.154519,267734.046502,29.154519,251658.28125,16075.765252000012,6.004378397903878
29.069767,266866.002855,29.069767,251552.828125,15313.174730000028,5.738151194298191
28.985507,266697.448213,28.985507,250682.09375,16015.354463000025,6.005064754203886
28.901734,266325.661012,28.901734,250592.875,15732.786011999997,5.907348902173988
28.818444,265754.818141,28.818444,250346.15625,15408.661890999996,5.798074329860206
28.735632,265353.490299,28.735632,248972.09375,16381.396548999997,6.173424186183291
28.653295,264689.681789,28.653295,248310.4375,16379.244288999995,6.188093233667065
28.571429,264109.366673,28.571429,246812.09375,17297.272922999982,6.549284162426599
28.490028,263124.538658,28.490028,245949.640625,17174.898033000005,6.527288606602872
28.409091,262762.430036,28.409091,245548.09375,17214.336285999976,6.551292847931689
28.328612,262499.695349,28.328612,244645.03125,17854.664098999987,6.801784693601934
28.248588,262131.198198,28.248588,244631.96875,17499.229448,6.675752282939633
28.169014,261472.966178,28.169014,244131.21875,17341.747428000002,6.632329024865406
28.089888,260993.400263,28.089888,243841.9375,17151.46276299999,6.571607843614689
28.011204,260446.628401,28.011204,243099.90625,17346.722150999994,6.660375009459478
27.932961,259901.070381,27.932961,243092.546875,16808.523505999998,6.46727752269726
27.855153,259584.462565,27.855153,241919.96875,17664.493814999994,6.80491183503589
27.777778,259159.899106,27.777778,241526.46875,17633.430355999997,6.804073630537909
27.700831,258003.280462,27.700831,241327.140625,16676.139836999995,6.463537908176381
27.624309,257582.39319,27.624309,240830.796875,16751.596315000003,6.503393383197413
27.548209,257262.05454,27.548209,240514.375,16747.679540000012,6.509968821459452
27.472527,256355.68054,27.472527,238885.5625,17470.11804,6.81479653706136
27.39726,255576.237334,27.39726,238651.46875,16924.768584000005,6.622199606875759
27.322404,255130.975092,27.322404,238237.203125,16893.771967000008,6.621607572701875
27.247956,254890.767101,27.247956,237742.25,17148.517101000005,6.727790612441028
27.173913,254622.916965,27.173913,237385.25,17237.66696500001,6.769880406078872
27.100271,254294.833995,27.100271,237375.828125,16919.005869999994,6.653303020041948
27.027027,253775.756835,27.027027,236428.90625,17346.850585000007,6.8355034386829105
26.954178,253124.482112,26.954178,236046.71875,17077.763361999998,6.746784514681437
26.88172,252790.023086,26.88172,235885.84375,16904.179336,6.687043709098102
26.809651,252242.791324,26.809651,235884.84375,16357.94757399999,6.485001013562599
26.737968,251823.897656,26.737968,235205.875,16618.022655999986,6.599064985762698
26.666667,251430.352331,26.666667,234973.9375,16456.414831000002,6.5451186296456605
26.595745,251028.107598,26.595745,234433.6875,16594.420098000002,6.610582478904929
26.525199,250264.457273,26.525199,234087.90625,16176.551023000007,6.463782831676286
26.455026,249441.562924,26.455026,233196.90625,16244.656673999998,6.512409753842598
26.385224,248701.886315,26.385224,233100.0625,15601.82381500001,6.273303369818074
26.315789,248464.74384,26.315789,232819.3125,15645.43134000001,6.29684159539148
26.246719,248035.239932,26.246719,231909.78125,16125.458681999997,6.5012772727056305
26.17801,247550.822066,26.17801,231718.0625,15832.759565999993,6.3957612557549055
26.109661,247104.301068,26.109661,231327.28125,15777.019818,6.384761313263569
26.041667,246492.151203,26.041667,231081.1875,15410.963702999987,6.2521113259741075
25.974026,245900.89022,25.974026,230951.859375,14949.030845000001,6.079291063820697
25.906736,245496.696965,25.906736,230112.90625,15383.79071500001,6.266394173601955
25.839793,244785.801965,25.839793,229915.15625,14870.645714999991,6.074962516464182
25.773196,244559.437916,25.773196,229593.9375,14965.500415999995,6.119371447500737
25.706941,244403.022702,25.706941,229506.0,14897.022701999987,6.0952694190545635
25.641026,243875.96911,25.641026,229494.53125,14381.437860000005,5.897029507451499
25.575448,243526.594213,25.575448,229242.03125,14284.562963000004,5.865709660648415
25.510204,243102.677115,25.510204,228726.1875,14376.489614999999,5.913752076123449
25.445293,242565.238427,25.445293,228324.296875,14240.941552000004,5.870973781878401
25.380711,241851.653413,25.380711,228124.625,13727.028412999993,5.67580507277282
25.316456,241298.695537,25.316456,228092.6875,13206.008036999992,5.472888283797218
25.252525,240540.074068,25.252525,227855.234375,12684.839692999987,5.273482908055486
25.188917,239637.971295,25.188917,227207.1875,12430.783794999996,5.187318073101782
25.125628,239086.120983,25.125628,227124.390625,11961.730358,5.003105286421259
25.062657,238821.889047,25.062657,226832.09375,11989.795297000004,5.020392119350676
25.0,238397.042499,25.0,226136.96875,12260.073749000003,5.14271218320648
24.937656,238202.380676,24.937656,225310.28125,12892.099426,5.412246254388061
24.875622,238101.429952,24.875622,225073.703125,13027.726827000006,5.47150297653665
24.813896,237675.312855,24.813896,224774.65625,12900.656604999996,5.427848795078847
24.752475,237226.415316,24.752475,224646.796875,12579.618440999999,5.30278992086239
24.691358,236782.655849,24.691358,224421.875,12360.780849000002,5.220306700539192
24.630542,236619.619754,24.630542,224220.640625,12398.979129000014,5.24004693350895
24.570025,236415.527484,24.570025,224074.65625,12340.871233999991,5.219991836126411
24.509804,236090.793377,24.509804,223088.0625,13002.730876999995,5.507512889855333
24.449878,235642.442094,24.449878,222344.921875,13297.520218999998,5.643092178486035
24.390244,234985.451612,24.390244,222216.296875,12769.154737000004,5.434019276258855
24.3309,234802.762809,24.3309,222118.03125,12684.731559000007,5.402292293007807
24.271845,234463.979822,24.271845,222087.015625,12376.964196999994,5.278833962639514
24.213075,233981.566309,24.213075,221839.84375,12141.722558999987,5.1891791095053295
24.154589,233646.331155,24.154589,221690.625,11955.706154999993,5.117010010770778
24.096386,233292.678201,24.096386,221328.15625,11964.521951000002,5.128545843471189
24.038462,232816.566017,24.038462,221178.296875,11638.269142000005,4.9989007831814645
23.980815,231781.912035,23.980815,221135.828125,10646.083909999987,4.593146987411332
23.923445,231451.580525,23.923445,220834.671875,10616.908649999998,4.587097061907176
23.866348,230942.651847,23.866348,220419.15625,10523.495597000001,4.5567570619098285
23.809524,230688.384169,23.809524,220411.8125,10276.571668999997,4.454741709695917
23.752969,230324.200123,23.752969,220258.328125,10065.871997999988,4.370305852630558
23.696682,229852.215259,23.696682,220133.46875,9718.74650899999,4.228258795787023
23.640662,229319.680721,23.640662,217536.890625,11782.790096000012,5.13815040163755
23.584906,228941.610932,23.584906,217478.984375,11462.62655700001,5.006790382201262
23.529412,228187.414078,23.529412,216632.734375,11554.679703000002,5.06367967299473
23.474178,228036.867582,23.474178,215214.640625,12822.226957000006,5.622874534701828
23.419204,227737.809029,23.419204,214761.625,12976.184028999996,5.697861099272988
23.364486,227371.569823,23.364486,214747.171875,12624.397947999998,5.552320352904106
23.310023,227098.942273,23.310023,214486.84375,12612.098522999993,5.553569909558957
23.255814,226338.744695,23.255814,214204.578125,12134.166570000001,5.3610647113693455
23.201856,226206.59445,23.201856,214115.390625,12091.203825000004,5.345203951458013
23.148148,225800.948994,23.148148,213685.78125,12115.167744000006,5.365419320855879
23.094688,225451.106007,23.094688,213087.125,12363.981006999995,5.484107497177729
23.041475,225358.806074,23.041475,212953.265625,12405.540448999993,5.504795071077207
22.988506,224972.273652,22.988506,212741.3125,12230.961152000003,5.436652683218891
22.93578,224887.55501,22.93578,212619.78125,12267.773760000011,5.45507009467665
22.883295,224346.593364,22.883295,212388.984375,11957.608989,5.32997127778932
22.83105,224018.227248,22.83105,212125.34375,11892.88349800001,5.308890996996401
22.779043,223712.602606,22.779043,211698.28125,12014.321356,5.370426706428999
22.727273,223283.530279,22.727273,211600.109375,11683.420903999999,5.2325493462958
22.675737,223008.785368,22.675737,210826.34375,12182.441618000012,5.462763091551323
22.624434,222652.956676,22.624434,210610.75,12042.206676000002,5.408509662651178
22.573363,222467.395512,22.573363,210465.421875,12001.973636999988,5.394936012703307
22.522523,221789.831702,22.522523,209873.78125,11916.050451999996,5.372676628390508
22.47191,221181.56873,22.47191,209676.078125,11505.490604999999,5.201830636731283
22.421525,220736.797459,22.421525,208834.40625,11902.391208999994,5.392119187201112
22.371365,220234.419042,22.371365,208634.484375,11599.934666999994,5.267085280065973
22.321429,219918.167578,22.321429,208526.03125,11392.136327999993,5.180170630495755
22.271715,219393.561737,22.271715,208065.59375,11327.96798700001,5.1633092135035
22.222222,219162.128554,22.222222,207654.21875,11507.909803999995,5.250866050593467
22.172949,218918.035252,22.172949,207516.9375,11401.097752000001,5.207929871504656
22.123894,218572.533357,22.123894,207453.859375,11118.673982000008,5.086949312080122
22.075055,218226.415971,22.075055,207389.421875,10836.99409600001,4.965940556637347
22.026432,217685.047397,22.026432,206032.828125,11652.219271999988,5.352788081374014
21.978022,217392.745464,21.978022,205969.984375,11422.761089000007,5.254435268582411
21.929825,216890.539761,21.929825,205876.4375,11014.102260999993,5.078184725408888
21.881838,216358.462905,21.881838,205757.296875,10601.166029999993,4.899815744510451
21.834061,216077.913485,21.834061,204572.671875,11505.241609999997,5.324580112996456
21.786492,215866.017225,21.786492,204251.03125,11614.985974999989,5.380645885958759
21.73913,215610.94397,21.73913,203988.4375,11622.506469999993,5.390499320673232
21.691974,215376.371974,21.691974,203738.484375,11637.887599000009,5.403511765164714
21.645022,215105.111421,21.645022,203630.03125,11475.080171000009,5.334638537966297
21.598272,214319.173884,21.598272,201738.71875,12580.455133999989,5.869962498459959
21.551724,214006.443491,21.551724,200810.5,13195.943491000013,6.166143072956102
21.505376,213469.564858,21.505376,200468.75,13000.814857999998,6.090242825317109
21.459227,213048.161858,21.459227,200177.40625,12870.755608000007,6.041242269237963
21.413276,212760.968146,21.413276,199822.125,12938.843146,6.081398885683373
21.367521,212191.205533,21.367521,199761.03125,12430.174283,5.858006344691255
21.321962,211867.622392,21.321962,199461.703125,12405.91926699999,5.855505020982588
21.276596,211612.47805,21.276596,199376.6875,12235.790550000005,5.782168737284444
21.231423,211442.121548,21.231423,199035.96875,12406.152797999996,5.867398939800954
21.186441,211015.110793,21.186441,198538.515625,12476.595168,5.9126548431117785
21.141649,210517.510411,21.141649,196969.71875,13547.791660999996,6.435470206041395
21.097046,210357.148263,21.097046,196909.859375,13447.28888800001,6.392598967536617
21.052632,210086.335684,21.052632,196738.59375,13347.74193399999,6.3534555403340995
21.008403,209713.418028,21.008403,196427.328125,13286.089902999985,6.335355185153717
20.964361,209448.695903,20.964361,196417.421875,13031.274028000014,6.221702155660623
20.920502,208829.942437,20.920502,196185.09375,12644.84868699999,6.055093699417506
20.876827,208593.958673,20.876827,196124.578125,12469.380547999986,5.9778243949756344
20.833333,208465.740591,20.833333,196109.625,12356.115591000009,5.927168443107458
20.790021,208198.034121,20.790021,195839.78125,12358.252871000004,5.935816312183652
20.746888,207858.365361,20.746888,195390.71875,12467.646611000004,5.998145222275129
20.703934,207553.734804,20.703934,195244.71875,12309.016054000007,5.930520144879024
20.661157,207141.257184,20.661157,194786.40625,12354.850933999987,5.964456864826976
20.618557,206857.138032,20.618557,194328.71875,12528.419281999988,6.056556424009836
20.576132,206303.077394,20.576132,194123.453125,12179.624268999993,5.903753071864849
20.533881,206107.694935,20.533881,194042.5625,12065.132435000007,5.853800091648678
20.491803,205576.722982,20.491803,193772.53125,11804.191732000007,5.741988470666285
20.449898,205159.345114,20.449898,193009.765625,12149.579488999996,5.922020994095537
20.408163,204566.594518,20.408163,192952.90625,11613.688267999998,5.677216407382732
20.366599,203824.615822,20.366599,192945.296875,10879.318946999992,5.33758834924085
20.325203,203226.961956,20.325203,192478.609375,10748.352581000014,5.288841833559025
20.283976,203090.179813,20.283976,192223.71875,10866.461062999995,5.350559575556801
20.242915,202816.37863,20.242915,192186.65625,10629.722379999992,5.241057182759339
20.20202,202418.415706,20.20202,192005.96875,10412.446956,5.144021565272708
20.16129,202295.309109,20.16129,191880.109375,10415.199733999994,5.148512726208652
20.120724,202027.22549,20.120724,190504.4375,11522.787990000012,5.703581763325443
20.080321,201876.252082,20.080321,189917.453125,11958.798956999992,5.92382651929879
20.04008,201471.268943,20.04008,189577.1875,11894.081443000003,5.903611718634214
20.0,201320.446334,20.0,189478.515625,11841.930709000007,5.882130168415031
19.96008,201090.462977,19.96008,189102.359375,11988.103601999988,5.961547566465717
19.920319,200853.869753,19.920319,189098.328125,11755.541628000006,5.85278324109781
19.880716,200492.632956,19.880716,188993.875,11498.757955999987,5.735252107005596
19.84127,200275.410287,19.84127,188791.234375,11484.175912000006,5.734191679119706
19.80198,199923.303187,19.80198,188701.65625,11221.646937000012,5.612975955336105
19.762846,199357.574906,19.762846,188618.859375,10738.715530999994,5.386660394551577
19.723866,199070.175618,19.723866,188583.90625,10486.269368000008,5.2676245125348835
19.685039,198765.493329,19.685039,188090.5625,10674.93082899999,5.3706157191634185
19.646365,198189.719486,19.646365,187658.671875,10531.047610999987,5.313619514832552
19.607843,197986.667721,19.607843,187501.328125,10485.339596000005,5.295982662214305
19.569472,197683.806784,19.569472,187059.734375,10624.072408999986,5.374275506849391
19.53125,196805.026582,19.53125,187009.140625,9795.885956999991,4.977457195646615
19.493177,196543.570703,19.493177,186930.90625,9612.664453000005,4.890856728926457
19.455253,196070.539997,19.455253,186900.203125,9170.336872000014,4.677060037749845
19.417476,195767.440787,19.417476,186862.234375,8905.206412,4.5488700144418255
19.379845,195549.604779,19.379845,186626.484375,8923.120403999987,4.5630981530668056
19.34236,195271.635885,19.34236,186434.734375,8836.901509999996,4.525440405079749
19.305019,195042.065877,19.305019,185701.328125,9340.737751999986,4.789088810149584
19.267823,194814.030372,19.267823,185375.71875,9438.311622000008,4.844780226546018
19.230769,194551.388841,19.230769,184556.4375,9994.951341000007,5.137435101616534
19.193858,194138.495861,19.193858,183649.15625,10489.339611000003,5.403018893537838
19.157088,193509.09801,19.157088,183177.5,10331.598009999987,5.3390761035256755
19.120459,193370.622837,19.120459,182501.59375,10869.029087000003,5.620827469828212
19.083969,193073.741167,19.083969,182423.40625,10650.334917,5.516200625018161
19.047619,192813.265536,19.047619,182281.28125,10531.984285999992,5.462271621572414
19.011407,192512.962954,19.011407,181674.609375,10838.353578999988,5.629934427631119
18.975332,192206.358965,18.975332,181654.625,10551.733964999992,5.48979441773902
18.939394,191369.897106,18.939394,181485.8125,9884.08460599999,5.164910863972082
18.903592,191219.930442,18.903592,181370.734375,9849.196067000012,5.150716269080239
18.867925,190848.160717,18.867925,180305.1875,10542.973216999992,5.524272897045984
18.832392,190624.330309,18.832392,179655.5,10968.830309000012,5.754160705099739
18.796992,189992.826106,18.796992,179493.40625,10499.419855999993,5.526219105842555
18.761726,189717.455481,18.761726,179454.078125,10263.377356000012,5.409822375057037
18.726592,188880.929179,18.726592,179436.4375,9444.491678999999,5.000235714665283
18.691589,188677.674865,18.691589,178987.859375,9689.815490000008,5.1356449547796945
18.656716,188379.449722,18.656716,178931.03125,9448.41847199999,5.015631209212812
18.621974,188133.365664,18.621974,178849.296875,9284.068789000012,4.934833731503561
18.587361,187893.598242,18.587361,178271.625,9621.973242000007,5.120969171928498
18.552876,187425.00075,18.552876,177558.40625,9866.594500000007,5.264289428047398
18.518519,187252.292656,18.518519,177015.546875,10236.745781000005,5.466819997662654
18.484288,186997.019808,18.484288,175720.78125,11276.238558000012,6.030170197138937
18.450185,186713.750631,18.450185,175475.34375,11238.406881000003,6.019056894856299
18.416206,186463.535145,18.416206,175021.8125,11441.722645000002,6.136171684239791
18.382353,186231.019508,18.382353,174626.09375,11604.925757999998,6.231467662400613
18.348624,185944.474761,18.348624,174441.140625,11503.33413599999,6.186435037010683
18.315018,185425.841304,18.315018,173983.84375,11441.997554000001,6.170659641360988
18.281536,185086.152342,18.281536,173828.296875,11257.855466999987,6.082494732613954
18.248175,184760.59673,18.248175,173796.90625,10963.69047999999,5.933998197690272
18.214936,184413.99884,18.214936,173795.28125,10618.717589999986,5.758086510131438
18.181818,184281.733767,18.181818,173783.28125,10498.452516999998,5.6969577518051295
18.14882,183747.762095,18.14882,173537.640625,10210.121470000013,5.556596365359403
18.115942,183492.052806,18.115942,173518.171875,9973.880930999992,5.435592865455074
18.083183,183194.747756,18.083183,173440.8125,9753.935255999997,5.3243531135463655
18.050542,182879.241392,18.050542,173439.609375,9439.632016999996,5.16167496384471
18.018018,182491.034042,18.018018,173186.875,9304.159042000014,5.0984198159887
17.985612,182317.598592,17.985612,171941.90625,10375.692341999995,5.690998796676381
17.953321,182036.736914,17.953321,171924.265625,10112.471289000008,5.555181586108887
17.921147,181873.92358,17.921147,171919.4375,9954.486080000002,5.473289344649438
17.889088,181447.841579,17.889088,171809.796875,9638.044704,5.311743926038229
17.857143,181194.572719,17.857143,171731.078125,9463.494593999989,5.222835569515737
17.825312,181030.632251,17.825312,171085.453125,9945.179126000003,5.4936443641267045
17.793594,180699.063474,17.793594,170697.625,10001.438473999995,5.534859053344822
17.761989,180069.938224,17.761989,170677.515625,9392.422599000012,5.215985906162861
17.730496,179706.677668,17.730496,170441.90625,9264.77141799999,5.155496466923861
17.699115,179336.403825,17.699115,170291.21875,9045.185074999987,5.043697142397512
17.667845,179131.750002,17.667845,169881.765625,9249.984376999986,5.1637883160839495
17.636684,178960.406113,17.636684,169825.8125,9134.593613000005,5.104253958404742
17.605634,178712.14905,17.605634,169803.25,8908.899050000007,4.985055071721777
17.574692,178106.685246,17.574692,169604.609375,8502.075871000008,4.773586044373903
17.54386,177921.881116,17.54386,169232.4375,8689.443616000004,4.883853273974062
17.513135,177776.627873,17.513135,169077.390625,8699.23724799999,4.893352603253645
17.482517,177628.929395,17.482517,168973.765625,8655.163770000014,4.872609320722305
17.452007,177223.793534,17.452007,168920.328125,8303.465408999997,4.685299441695449
17.421603,176999.87743,17.421603,168914.265625,8085.611804999993,4.568145426088047
17.391304,176581.239595,17.391304,168791.765625,7789.473969999992,4.411269276320425
17.361111,176270.02701,17.361111,168750.46875,7519.558259999991,4.265931302985162
17.331023,176110.35657,17.331023,168728.375,7381.981570000004,4.1916794183911765
17.301038,175845.799226,17.301038,168517.25,7328.549226000003,4.167599827949957
17.271157,175644.127033,17.271157,168460.4375,7183.689532999997,4.089911603847891
17.241379,175096.018563,17.241379,168303.25,6792.7685629999905,3.8794534671591836
17.211704,174709.084775,17.211704,168120.171875,6588.912899999996,3.77136249582302
17.182131,174535.54018,17.182131,168043.796875,6491.743305000011,3.7194392032161585
17.152659,174128.321539,17.152659,167907.03125,6221.290288999997,3.572819305908601
17.123288,173707.920438,17.123288,167879.703125,5828.217313000001,3.3551822497813006
17.094017,173454.319679,17.094017,167740.71875,5713.600929000007,3.294009016076265
17.064846,173113.597113,17.064846,167679.640625,5433.956487999996,3.138954177269494
17.035775,172930.087511,17.035775,167596.734375,5333.353135999991,3.084109429864678
17.006803,172500.540291,17.006803,167553.046875,4947.493416000012,2.868103141969197
16.977929,172284.922887,16.977929,167368.0,4916.922886999993,2.853948450396298
16.949153,171654.115011,16.949153,167084.578125,4569.536885999987,2.662060787594379
16.920474,171318.29818,16.920474,166488.03125,4830.2669300000125,2.8194693627676406
16.891892,171271.713142,16.891892,166387.046875,4884.666266999993,2.851998253179237
16.863406,171113.867972,16.863406,166111.65625,5002.211722000007,2.9233233876862266
16.835017,170805.759036,16.835017,166083.53125,4722.227786000003,2.7646771471005955
16.806723,170304.575147,16.806723,165986.765625,4317.809521999996,2.5353455820391426
16.778523,170023.526916,16.778523,165878.140625,4145.3862910000025,2.4381251031500057
16.750419,169765.063947,16.750419,165707.421875,4057.642071999988,2.39015141140392
16.722408,169519.056655,16.722408,165704.03125,3815.025404999993,2.2504994307302075
16.694491,169082.379743,16.694491,165673.578125,3408.8016179999977,2.0160596409757607
16.666667,168582.441312,16.666667,165454.1875,3128.25381200001,1.855622559297541
16.638935,168156.526974,16.638935,165343.46875,2813.0582240000076,1.6728807823409415
16.611296,167962.625163,16.611296,165218.25,2744.3751629999897,1.6339201416605034
16.583748,167420.026632,16.583748,165073.90625,2346.1203819999937,1.4013379577085587
16.556291,167063.014768,16.556291,164892.96875,2170.0460179999936,1.298938619666077
16.528926,166852.305222,16.528926,164820.296875,2032.0083469999954,1.217848530349264
16.50165,166549.734066,16.50165,164724.28125,1825.4528160000045,1.0960406669137146
16.474465,166412.442444,16.474465,164693.890625,1718.5518189999857,1.0327063251765574
16.447368,166086.162172,16.447368,164397.6875,1688.4746720000112,1.0166257380620396
16.420361,165643.437761,16.420361,164335.78125,1307.6565110000083,0.789440577106816
16.393443,165195.574301,16.393443,164246.953125,948.621175999986,0.5742412773549973
16.366612,165091.644623,16.366612,163968.6875,1122.9571230000001,0.6802022752661788
16.339869,164923.774209,16.339869,163941.515625,982.2585839999956,0.5955833770546789
16.313214,164715.488703,16.313214,163780.828125,934.66057800001,0.5674393982980587
16.286645,164550.875988,16.286645,163395.046875,1155.8291130000143,0.702414439339906
16.260163,164331.572026,16.260163,163385.4375,946.1345260000089,0.575747261670639
16.233766,164065.580029,16.233766,163274.03125,791.5487790000043,0.482458769755418
16.207455,163722.092714,16.207455,163215.796875,506.2958389999985,0.30924100138667776
16.18123,163433.121647,16.18123,163195.59375,237.52789699999266,0.14533644992294178
16.155089,163248.076533,16.155089,162986.5,261.576533000014,0.1602325359999799
16.129032,162962.521309,16.129032,162882.40625,80.11505900000338,0.04916164671267812
16.10306,162702.330109,16.10306,162865.921875,163.59176599999773,0.10054666450714127
16.07717,162639.062842,16.07717,162575.390625,63.672217000013916,0.03914939983506297
16.051364,162435.288004,16.051364,162359.265625,76.02237900000182,0.04680164016954847
16.025641,162114.900881,16.025641,162304.21875,189.31786899999133,0.11678005412899065
16.0,161949.196305,16.0,162258.0,308.8036950000096,0.19067936244551506
15.974441,161670.366009,15.974441,162148.375,478.0089910000097,0.2956688988836702
15.948963,161459.23056,15.948963,162036.03125,576.8006900000037,0.3572423131210564
15.923567,161133.931319,15.923567,161877.5625,743.6311810000043,0.46149881338637677
15.898251,160619.919312,15.898251,161700.390625,1080.4713129999873,0.6726882429203564
15.873016,160565.565992,15.873016,161667.78125,1102.215258000011,0.6864580529395249
15.847861,160286.979752,15.847861,161629.59375,1342.6139979999862,0.8376313535118772
15.822785,160154.97273,15.822785,161541.21875,1386.2460199999914,0.8655653935497949
15.797788,159821.385843,15.797788,161419.734375,1598.3485320000036,1.0000842650495696
15.772871,159461.477273,15.772871,161021.59375,1560.1164770000032,0.9783657493207998
15.748031,159312.069741,15.748031,161016.171875,1704.102133999986,1.0696629180516033
15.72327,159242.672438,15.72327,160991.515625,1748.8431869999913,1.0982252182943555
15.698587,159033.305753,15.698587,160528.921875,1495.6161220000067,0.9404420759025778
15.673981,158682.738893,15.673981,160473.34375,1790.6048569999984,1.1284181691667208
15.649452,158369.760505,15.649452,160325.21875,1955.458244999987,1.2347421873750006
15.625,158173.749355,15.625,159267.234375,1093.4850199999928,0.6913188973891051
15.600624,157960.859904,15.600624,159017.25,1056.3900959999883,0.6687669949644516
15.576324,157745.828893,15.576324,158559.21875,813.3898570000019,0.5156331946829031
15.5521,157166.853263,15.5521,158458.96875,1292.1154870000028,0.822129768570095
15.52795,156652.766837,15.52795,158066.6875,1413.9206629999971,0.9025826300733052
15.503876,156540.325407,15.503876,157858.9375,1318.6120930000034,0.842346589973959
15.479876,156386.813445,15.479876,157750.4375,1363.624054999993,0.8719559053356942
15.455951,156207.771254,15.455951,157676.9375,1469.166246000008,0.9405205862716559
15.432099,156021.23535,15.432099,157471.375,1450.1396499999973,0.9294501782061407
15.40832,155521.413715,15.40832,157211.671875,1690.2581599999976,1.0868330730953049
15.384615,155268.552532,15.384615,157090.0,1821.4474679999985,1.173094898031337
15.360983,155043.388712,15.360983,157068.03125,2024.6425379999855,1.305855447832638
15.337423,154976.778471,15.337423,157055.296875,2078.518404000002,1.3411805462125699
15.313936,154907.954055,15.313936,156946.453125,2038.4990699999908,1.3159421557373499
15.29052,154808.0357,15.29052,156872.5625,2064.5267999999924,1.3336044157299467
15.267176,154560.724934,15.267176,156639.90625,2079.181316000002,1.345219697234111
15.243902,154300.926075,15.243902,156616.078125,2315.1520500000042,1.5004135807160963
15.2207,154121.581252,15.2207,156586.296875,2464.7156229999964,1.5992021383235144
15.197568,153908.136489,15.197568,156459.84375,2551.707261000003,1.65794175617374
15.174507,153580.033707,15.174507,156421.78125,2841.747543000005,1.8503365798326958
15.151515,153257.597178,15.151515,156137.875,2880.2778220000037,1.8793703379381084
15.128593,153010.32756,15.128593,156110.625,3100.297439999995,2.0262014266875377
15.10574,152767.14819,15.10574,156052.109375,3284.961184999993,2.1503060205813433
15.082956,152326.389458,15.082956,154907.03125,2580.6417920000094,1.6941527999070405
15.060241,152131.948612,15.060241,154477.765625,2345.8170129999926,1.5419621153889282
15.037594,151933.536373,15.037594,154412.109375,2478.57300199999,1.6313534596568868
15.015015,151788.823567,15.015015,154397.421875,2608.598307999986,1.7185707397281087
14.992504,151603.664651,14.992504,154395.328125,2791.663474000001,1.8414221585121733
14.97006,151266.49244,14.97006,154363.828125,3097.335684999998,2.0476019738664593
14.947683,151091.936259,14.947683,154294.390625,3202.454365999991,2.119540225171502
14.925373,150831.691195,14.925373,154276.78125,3445.090055000008,2.284062472352767
14.90313,150646.218158,14.90313,154176.140625,3529.9224669999967,2.3431869118000437
14.880952,150468.447104,14.880952,154091.34375,3622.8966460000083,2.4077450892385124
14.858841,150259.465857,14.858841,153984.46875,3725.002892999997,2.4790470748412177
14.836795,150138.736013,14.836795,153650.25,3511.513987000013,2.3388461101044324
14.814815,149840.861737,14.814815,153548.578125,3707.7163880000007,2.4744361084279984
14.792899,149491.091572,14.792899,153141.53125,3650.439677999995,2.441911179865737
14.771049,149250.917097,14.771049,152881.53125,3630.6141530000023,2.43255734947372
14.749263,149037.698046,14.749263,152847.875,3810.176953999995,2.5565189237047905
14.727541,148842.936069,14.727541,152609.640625,3766.7045560000115,2.530657252188212
14.705882,148610.631045,14.705882,152447.1875,3836.5564550000126,2.5816164213973933
14.684288,148256.746996,14.684288,152252.5625,3995.8155039999983,2.695199769969191
14.662757,147863.691831,14.662757,151985.546875,4121.855043999996,2.787604578892192
14.641288,147690.673121,14.641288,151826.015625,4135.342504,2.800002475858443
14.619883,147321.772942,14.619883,151354.53125,4032.7583079999895,2.737381058798193
14.59854,146739.10287,14.59854,151263.765625,4524.662754999998,3.0834744567087307
14.577259,146435.243654,14.577259,151115.109375,4679.865721000009,3.1958602343420046
14.556041,146262.356912,14.556041,150939.21875,4676.861838000012,3.1975840788712886
14.534884,146115.356404,14.534884,150849.375,4734.018596000009,3.2399185906994874
14.513788,145904.789445,14.513788,150496.421875,4591.632429999998,3.147005967018547
14.492754,145710.105082,14.492754,150484.96875,4774.863668000005,3.276961241166423
14.47178,145604.150447,14.47178,149919.984375,4315.833928000007,2.9640871601190883
14.450867,145449.057382,14.450867,149636.546875,4187.489493000001,2.879007652832147
14.430014,145319.693672,14.430014,149619.203125,4299.509453000006,2.9586557364374833
14.409222,145174.669482,14.409222,149462.78125,4288.1117680000025,2.953760310459449
14.388489,144940.852866,14.388489,149081.546875,4140.694008999999,2.856816368279641
14.367816,144494.466548,14.367816,148785.171875,4290.705327000003,2.969459958921446
14.347202,144428.767855,14.347202,148412.9375,3984.169644999987,2.758570681015512
14.326648,144047.119622,14.326648,148378.875,4331.755378000002,3.007179448896403
14.306152,143862.139768,14.306152,148365.171875,4503.032107000006,3.130102273094119
14.285714,143667.816646,14.285714,148203.46875,4535.652104000008,3.1570411591734104
14.265335,143464.4351,14.265335,148073.59375,4609.158649999998,3.2127534930780888
14.245014,143129.842023,14.245014,147930.890625,4801.048601999995,3.354330958619027
14.224751,142963.561191,14.224751,147918.921875,4955.360684000014,3.466170430225664
14.204545,142795.254397,14.204545,147905.03125,5109.7768529999885,3.5783940261724414
14.184397,142554.716916,14.184397,147903.25,5348.533083999995,3.7519158956708565
14.164306,142362.393784,14.164306,147856.1875,5493.793715999986,3.8590203283147018
14.144272,142091.74602,14.144272,147708.640625,5616.894605000009,3.953005549111493
14.124294,141830.595711,14.124294,147479.953125,5649.357413999998,3.983172590991133
14.104372,141495.730755,14.104372,147250.375,5754.644245000003,4.067009099351679
14.084507,141405.121352,14.084507,147243.6875,5838.566148000013,4.128963712329811
14.064698,141248.478609,14.064698,147120.9375,5872.4588909999875,4.15753780064135
14.044944,141004.700081,14.044944,147104.90625,6100.206169000012,4.326243143310653
14.025245,140711.599508,14.025245,146453.625,5742.025491999986,4.080705153005903
14.005602,140291.396717,14.005602,146194.703125,5903.306408000004,4.207889112336895
13.986014,140145.302352,13.986014,146164.515625,6019.213273000001,4.294980403896572
13.96648,139934.736446,13.96648,145913.75,5979.013554000005,4.27271577154631
13.947001,139800.96569,13.947001,145910.984375,6110.018684999988,4.370512503145777
13.927577,139548.121924,13.927577,145771.984375,6223.862450999994,4.460011618350265
13.908206,139384.272837,13.908206,145747.375,6363.102163000003,4.565150740099064
13.888889,139217.055924,13.888889,145576.0,6358.944076000014,4.567647285596549
13.869626,138866.258464,13.869626,145291.9375,6425.679035999987,4.627242864519024
13.850416,138502.621433,13.850416,145261.53125,6758.909817000007,4.879986925207476
13.831259,138297.68457,13.831259,145130.828125,6833.143554999988,4.9408951250672315
13.812155,138165.868523,13.812155,144828.25,6662.381476999988,4.8220168614877
13.793103,137897.135767,13.793103,144803.640625,6906.504858,5.008446926460954
13.774105,137730.010898,13.774105,144789.09375,7059.082851999992,5.125304794485062
13.755158,137532.924698,13.755158,144737.046875,7204.122177000012,5.238107306173483
13.736264,137129.972395,13.736264,144607.0625,7477.09010500001,5.452557142987246
13.717421,136924.002528,13.717421,144459.890625,7535.888096999988,5.503701292590356
13.69863,136745.363911,13.69863,143727.9375,6982.573589000007,5.106259831627329
13.679891,136387.293331,13.679891,143612.9375,7225.6441690000065,5.297886623106452
13.661202,136303.968279,13.661202,143589.421875,7285.453596000007,5.345004762508046
13.642565,136112.491601,13.642565,143379.140625,7266.649024000013,5.338708401063923
13.623978,135956.725087,13.623978,143267.65625,7310.931163000001,5.377395754657717
13.605442,135631.859781,13.605442,143180.671875,7548.8120939999935,5.565662895273127
13.586957,135351.737776,13.586957,142574.734375,7222.9965990000055,5.336463881205342
13.568521,135022.529045,13.568521,142008.4375,6985.908454999997,5.173883576622794
13.550136,134914.247947,13.550136,141891.875,6977.627053000004,5.171897823379715
13.5318,134669.368292,13.5318,141356.078125,6686.709833000001,4.96527897754847
13.513514,134496.638812,13.513514,141306.734375,6810.09556300001,5.063394612053608
13.495277,134327.730258,13.495277,141038.140625,6710.410367000004,4.995551070587944
13.477089,134127.232423,13.477089,140776.0,6648.767576999991,4.957060141248293
13.45895,133911.709112,13.45895,140667.375,6755.665887999989,5.04486570502191
13.44086,133693.36775,13.44086,140374.28125,6680.913499999995,4.9971914182706305
13.422819,133473.063178,13.422819,140016.59375,6543.530571999989,4.90251022655674
13.404826,133177.165563,13.404826,139995.265625,6818.100062000012,5.119571386864127
13.386881,133005.77814,13.386881,139422.234375,6416.456234999991,4.824193598751867
13.368984,132682.62714,13.368984,139373.484375,6690.857235000003,5.042753056087855
13.351135,132347.239357,13.351135,139327.984375,6980.745017999987,5.2745679108347545
13.333333,132171.363873,13.333333,139041.953125,6870.589252000005,5.198243439934368
13.315579,131992.187106,13.315579,138717.015625,6724.828519000002,5.09486861794285
13.297872,131858.964972,13.297872,138673.03125,6814.066278000013,5.167692829567536
13.280212,131723.50449,13.280212,138614.5625,6891.058010000008,5.231456630827154
13.262599,131533.117801,13.262599,138576.8125,7043.694699000014,5.355073168459833
13.245033,131326.106862,13.245033,138516.671875,7190.565013000014,5.475350777401784
13.227513,131181.079567,13.227513,138338.0625,7156.982932999992,5.455804264321977
13.21004,130976.545158,13.21004,138329.609375,7353.0642170000065,5.614031281806859
13.192612,130793.162162,13.192612,138138.40625,7345.244088000007,5.615923620611153
13.175231,130605.382164,13.175231,138082.03125,7476.649086000005,5.724610243559216
13.157895,130477.092424,13.157895,138081.359375,7604.266950999998,5.828047521391016
13.140604,130280.632104,13.140604,137799.703125,7519.071020999996,5.771441924688926
13.12336,130123.886939,13.12336,137550.5625,7426.675560999996,5.70738834790687
13.10616,130012.109875,13.10616,137384.1875,7372.077625000005,5.670300737437368
13.089005,129738.206212,13.089005,137122.21875,7384.012537999995,5.691471119875109
13.071895,129533.982642,13.071895,137005.6875,7471.704857999997,5.768142618335103
13.05483,129367.181645,13.05483,136783.265625,7416.083979999996,5.732585255162065
13.03781,129190.220862,13.03781,136535.828125,7345.607262999998,5.685884902113852
13.020833,128838.823483,13.020833,136425.875,7587.051517,5.888792921181165
13.003901,128712.732219,13.003901,136358.8125,7646.080281000002,5.94042263665919
12.987013,128596.465151,12.987013,136160.84375,7564.378599000003,5.882260130648063
12.970169,128162.861675,12.970169,136150.40625,7987.544575000007,6.232339439528988
12.953368,128051.694679,12.953368,136132.375,8080.680321000007,6.31048291961825
12.936611,127966.536221,12.936611,136111.109375,8144.573153999998,6.364611713748511
12.919897,127779.89071,12.919897,135913.140625,8133.249914999993,6.365046855031851
12.903226,127512.111303,12.903226,135741.453125,8229.341822000002,6.4537726949286185
12.886598,127319.288284,12.886598,135618.46875,8299.180466000005,6.518399983109982
12.870013,126839.474679,12.870013,135602.140625,8762.665945999994,6.908469124597196
12.85347,126644.371461,12.85347,135279.0625,8634.691038999998,6.818061426171665
12.83697,126409.410275,12.83697,135160.390625,8750.980349999998,6.922728561870904
12.820513,126236.323069,12.820513,134988.234375,8751.911305999995,6.932958037138212
12.804097,125977.59178,12.804097,134982.875,9005.283219999998,7.148321453648919
12.787724,125778.500028,12.787724,134784.75,9006.249972000005,7.160404973819127
12.771392,125524.657527,12.771392,134584.03125,9059.373722999997,7.2172064847508945
12.755102,125207.855138,12.755102,134520.234375,9312.379237000001,7.43753594911134
12.738854,125066.941045,12.738854,134458.1875,9391.246455,7.508975894453964
12.722646,124714.924518,12.722646,134136.78125,9421.856732,7.554714697069116
12.70648,124282.500491,12.70648,133840.5625,9558.062009000001,7.690593584164453
12.690355,124135.192762,12.690355,133260.03125,9124.838487999994,7.3507264821304314
12.674271,123910.01157,12.674271,133229.453125,9319.441554999998,7.521136861273877
12.658228,123749.725755,12.658228,133178.921875,9429.196119999993,7.619569306091181
12.642225,123592.334352,12.642225,133142.015625,9549.681272999995,7.726758559152872
12.626263,123497.597331,12.626263,133127.234375,9629.637044000003,7.79742865619524
12.61034,123107.011493,12.61034,132990.421875,9883.410382000002,8.028308267853602
12.594458,123026.733155,12.594458,132835.78125,9809.048095000006,7.973102953682186
12.578616,122897.540866,12.578616,132819.828125,9922.287259000004,8.073625549447456
12.562814,122750.924535,12.562814,132798.53125,10047.606715000002,8.185361334802106
12.547051,122493.454119,12.547051,132704.5625,10211.108380999998,8.336044121247578
12.531328,122391.112068,12.531328,132513.78125,10122.669181999998,8.270755131611097
12.515645,122252.889898,12.515645,132282.28125,10029.391352000006,8.203807174102707
12.5,122102.118252,12.5,132241.0,10138.881748,8.303608400203922
12.484395,121829.028287,12.484395,132180.890625,10351.862338000006,8.497040880613033
12.468828,121692.961496,12.468828,132177.09375,10484.132253999996,8.615233062878994
12.4533,121442.562668,12.4533,131971.75,10529.187332000001,8.670096464272351
12.437811,121303.063929,12.437811,131850.9375,10547.873571000004,8.695471680067199
12.42236,121149.386929,12.42236,131746.9375,10597.550571,8.747506561639252
12.406948,120946.689026,12.406948,131663.515625,10716.826599000007,8.86078542976584
12.391574,120767.401654,12.391574,131469.875,10702.473345999999,8.862054825575123
12.376238,120627.148041,12.376238,131363.1875,10736.039459000007,8.900185102072488
12.360939,120536.517772,12.360939,131320.96875,10784.450977999993,8.947040430020756
12.345679,120316.081724,12.345679,131225.4375,10909.355775999997,9.067246555639667
12.330456,120191.546614,12.330456,131113.75,10922.203385999994,9.087330759689022
12.315271,119974.670569,12.315271,130455.265625,10480.595056000006,8.735673126914227
12.300123,119832.664205,12.300123,130377.664062,10544.999857000003,8.79977085292911
12.285012,119660.428661,12.285012,130148.570312,10488.141650999998,8.7649206745808
12.269939,119369.739522,12.269939,130093.53125,10723.791727999997,8.983676910867002
12.254902,119292.802629,12.254902,130007.617188,10714.814559000006,8.981945534738609
12.239902,118968.671945,12.239902,129979.671875,11010.999930000005,9.255377697323935
12.224939,118759.240244,12.224939,129909.835938,11150.595694000003,9.38924471989737
12.210012,118614.903554,12.210012,129784.984375,11170.080820999996,9.417097250274931
12.195122,118417.040895,12.195122,129760.890625,11343.849730000002,9.579575409301569
12.180268,118214.58003,12.180268,129707.625,11493.044970000003,9.722189062536403
12.16545,118044.971396,12.16545,129585.015625,11540.044229000006,9.775972743715744
12.150668,117901.552013,12.150668,129511.75,11610.197987000007,9.847366543334264
12.135922,117709.365472,12.135922,129410.28125,11700.915777999995,9.940513850432179
12.121212,117488.845308,12.121212,129343.367188,11854.52188,10.089912662706888
12.106538,117232.47272,12.106538,129280.085938,12047.613217999999,10.276686090870674
12.091898,117107.233336,12.091898,129272.171875,12164.938538999995,10.387862638763549
12.077295,117009.277199,12.077295,129041.703125,12032.425925999996,10.283309335836858
12.062726,116958.691194,12.062726,128639.351562,11680.660367999997,9.986996476067969
12.048193,116875.64138,12.048193,128516.484375,11640.842994999999,9.960024909854317
12.033694,116708.946166,12.033694,128248.21875,11539.272584000006,9.887221985182883
12.019231,116465.961872,12.019231,128229.453125,11763.491253,10.100368437199249
12.004802,116387.995382,12.004802,128220.070312,11832.074930000002,10.166061277338482
11.990408,116196.522622,11.990408,128088.46875,11891.946127999996,10.234339083180481
11.976048,115964.745469,11.976048,127906.140625,11941.395155999999,10.297435748860591
11.961722,115838.808056,11.961722,127745.203125,11906.395069000006,10.278416420897644
11.947431,115707.275204,11.947431,127685.75,11978.474795999995,10.352395538552877
11.933174,115603.902181,11.933174,127647.28125,12043.379069000002,10.417796321566888
11.918951,115314.124809,11.918951,127398.03125,12083.906441,10.479120802429987
11.904762,115188.732926,11.904762,127348.578125,12159.845199000003,10.556453647955117
11.890606,114959.831005,11.890606,126947.570312,11987.739306999996,10.42776350852378
11.876485,114802.630218,11.876485,126742.203125,11939.572906999994,10.40008655230965
11.862396,114705.022546,11.862396,126740.46875,12035.446204000007,10.492518929738626
11.848341,114470.241314,11.848341,126673.9375,12203.696186000001,10.661020756062177
11.83432,114314.716886,11.83432,126673.859375,12359.142489000005,10.81150601223561
11.820331,114175.515072,11.820331,126606.4375,12430.922428000005,10.887555374863837
11.806375,113990.721673,11.806375,126284.921875,12294.200202000007,10.785263942154714
11.792453,113813.636001,11.792453,126129.8125,12316.176498999994,10.821354041348595
11.778563,113618.219621,11.778563,126108.546875,12490.327254000003,10.993243245374197
11.764706,113372.893462,11.764706,125879.21875,12506.325287999993,11.03114237107464
11.750881,113237.344416,11.750881,125657.476562,12420.132145999989,10.968229792083566
11.737089,113019.390602,11.737089,125403.875,12384.484398,10.957840359989381
11.723329,112767.277859,11.723329,125374.015625,12606.737766000006,11.179429002235029
11.709602,112505.254728,11.709602,125341.125,12835.870272,11.409129558466253
11.695906,112421.37889,11.695906,125077.164062,12655.785171999989,11.257454139913358
11.682243,112346.806128,11.682243,124817.460938,12470.654810000007,11.100141819600841
11.668611,112088.626963,11.668611,124773.101562,12684.474598999994,11.316468889557447
11.655012,111945.250364,11.655012,124726.0625,12780.812135999993,11.417020458163288
11.641444,111792.66478,11.641444,124557.890625,12765.225844999994,11.418661385450509
11.627907,111590.81459,11.627907,124473.34375,12882.529160000006,11.544435092917093
11.614402,111476.274501,11.614402,124331.273438,12854.998936999997,11.531600777423433
11.600928,111203.684293,11.600928,124178.625,12974.940707000002,11.667725569967239
11.587486,110900.806848,11.587486,123841.203125,12940.396277000007,11.668441957086968
11.574074,110767.238065,11.574074,123776.195312,13008.957246999998,11.744408792937614
11.560694,110583.215172,11.560694,123770.15625,13186.941078000003,11.924902940730355
11.547344,110489.695586,11.547344,123753.773438,13264.077852000002,12.004809843716028
11.534025,110255.223952,11.534025,123747.351562,13492.127609999996,12.237177637835865
11.520737,110023.196108,11.520737,123653.03125,13629.835141999996,12.388146885517484
11.50748,109903.097658,11.50748,123477.507812,13574.410153999997,12.351253461700674
11.494253,109674.59621,11.494253,123435.148438,13760.552228,12.546708812724427
11.481056,109404.5888,11.481056,123252.703125,13848.114325000002,12.657708855627089
11.46789,109225.645639,11.46789,123089.554688,13863.909049000009,12.692906476214755
11.454754,108932.718447,11.454754,122845.710938,13912.992490999997,12.7720970240628
11.441648,108610.763335,11.441648,122684.6875,14073.924165000004,12.958130237599258
11.428571,108378.459599,11.428571,122646.835938,14268.37633900001,13.165324910312403
11.415525,108161.498971,11.415525,122628.734375,14467.235404000006,13.375587007978623
11.402509,108054.094622,11.402509,122497.742188,14443.647566,13.367052508771145
11.389522,107906.747612,11.389522,122339.609375,14432.861762999994,13.375309776638062
11.376564,107808.935674,11.376564,122212.859375,14403.923701000007,13.360602821045903
11.363636,107601.73534,11.363636,122177.601562,14575.866221999997,13.546125604706253
11.350738,107503.634987,11.350738,122174.070312,14670.435324999999,13.646455142446149
11.337868,107264.519775,11.337868,122063.34375,14798.823975000007,13.796569458421375
11.325028,107058.132307,11.325028,122054.703125,14996.570817999993,14.007876370377742
11.312217,106895.813375,11.312217,121929.992188,15034.178813000006,14.064328937054599
11.299435,106794.379764,11.299435,121809.539062,15015.159297999999,14.059877805537436
11.286682,106497.092124,11.286682,121788.226562,15291.134437999994,14.358264749797812
11.273957,106299.902123,11.273957,121735.460938,15435.558814999997,14.520764842416744
11.261261,106198.162983,11.261261,121454.609375,15256.446391999998,14.366017229923479
11.248594,106057.153926,11.248594,121280.335938,15223.182012000005,14.353753092999067
11.235955,105870.043073,11.235955,121213.976562,15343.933489000003,14.493177714511729
11.223345,105691.312517,11.223345,121188.203125,15496.890608000002,14.662407192178065
11.210762,105510.162605,11.210762,121029.984375,15519.821769999995,14.709314616547212
11.198208,105299.204444,11.198208,120813.515625,15514.311180999997,14.733550232329423
11.185682,105172.263366,11.185682,120797.125,15624.861634,14.856447064969405
11.173184,105135.388821,11.173184,120686.851562,15551.462740999996,14.791844035957672
11.160714,105031.579666,11.160714,120635.328125,15603.748458999995,14.856244672906808
11.148272,104954.940801,11.148272,120159.101562,15204.160760999992,14.486369717294078
11.135857,104873.787946,11.135857,120082.265625,15208.477679000003,14.501695778196662
11.123471,104634.658386,11.123471,119600.617188,14965.958802000008,14.303060795391708
11.111111,104395.191071,11.111111,119467.554688,15072.36361700001,14.437794942823734
11.098779,104237.652559,11.098779,119189.367188,14951.71462900001,14.343871203869568
11.086475,104140.177705,11.086475,119167.054688,15026.87698300001,14.429471232099248
11.074197,103896.229489,11.074197,119021.117188,15124.887698999999,14.557686812495293
11.061947,103799.597173,11.061947,119018.085938,15218.488765000002,14.661414089724985
11.049724,103624.54739,11.049724,119014.796875,15390.249484999993,14.851934095381328
11.037528,103557.117921,11.037528,118808.90625,15251.788329000003,14.727899573870957
11.025358,103420.493773,11.025358,118763.984375,15343.490602000005,14.8360252810993
11.013216,103309.510169,11.013216,118547.625,15238.114830999999,14.749963295801674
11.0011,103235.208172,11.0011,118491.867188,15256.659016000005,14.778542404429421
10.989011,103053.527607,10.989011,118273.8125,15220.284893000004,14.769300233023905
10.976948,102935.492273,10.976948,118179.6875,15244.195227000004,14.8094645397626
10.964912,102675.310214,10.964912,118103.1875,15427.877286000003,15.025888165172915
10.952903,102565.517925,10.952903,117895.359375,15329.841450000007,14.946389157035995
10.940919,102438.205608,10.940919,117850.804688,15412.59908,15.045752694047913
10.928962,102321.336744,10.928962,117841.78125,15520.444506,15.168336341061437
10.917031,102234.137527,10.917031,117740.4375,15506.299973000001,15.167438536765465
10.905125,102022.14598,10.905125,117580.015625,15557.869644999999,15.249502444351542
10.893246,101799.168054,10.893246,117450.257812,15651.089758000002,15.374477077944078
10.881393,101551.631713,10.881393,116933.5,15381.868287000005,15.146845035903953
10.869565,101359.767403,10.869565,116861.890625,15502.123221999995,15.294158243639744
10.857763,101211.017851,10.857763,116850.296875,15639.279024000003,15.452150720412385
10.845987,101121.947685,10.845987,116651.460938,15529.513252999997,15.357213353302113
10.834236,101005.766747,10.834236,116090.414062,15084.647314999995,14.93444166686456
10.822511,100789.507541,10.822511,116052.351562,15262.844020999997,15.143286631092279
10.810811,100660.588168,10.810811,116050.296875,15389.708706999998,15.288713276058907
10.799136,100570.230825,10.799136,115809.84375,15239.612924999994,15.153204680933966
10.787487,100366.874628,10.787487,115642.125,15275.250371999995,15.21941420275984
10.775862,100267.538377,10.775862,115601.257812,15333.719434999992,15.292805311870842
10.764263,100188.791335,10.764263,115530.265625,15341.474289999998,15.31256549318267
10.752688,99932.622504,10.752688,115451.289062,15518.666557999997,15.529129696740254
10.741139,99863.56221,10.741139,115300.960938,15437.398728,15.458489950055226
10.729614,99750.546021,10.729614,115122.492188,15371.946167000002,15.41038799302795
10.718114,99718.835868,10.718114,115023.96875,15305.132882000005,15.348286759243503
10.706638,99543.525503,10.706638,114874.71875,15331.193247000003,15.401497153662655
10.695187,99326.861767,10.695187,114693.484375,15366.622608000005,15.470762223462653
10.683761,99257.88352,10.683761,114475.898438,15218.014918,15.331794693097239
10.672359,99163.964605,10.672359,114439.3125,15275.347894999999,15.404131889891978
10.660981,99075.337868,10.660981,114382.539062,15307.201193999994,15.450062067306877
10.649627,98963.995338,10.649627,114354.78125,15390.785912000007,15.551904366264289
10.638298,98769.063726,10.638298,114285.539062,15516.475336000003,15.709853622835793
10.626993,98705.657996,10.626993,113952.367188,15246.70919200001,15.446641561943567
10.615711,98628.168787,10.615711,113893.015625,15264.846837999998,15.477167451994738
10.604454,98299.408282,10.604454,113713.390625,15413.982342999996,15.680646112111452
10.59322,98232.467934,10.59322,113208.328125,14975.860191,15.245326220513888
10.582011,98081.414021,10.582011,113167.429688,15086.015667,15.381115594204184
10.570825,97891.005122,10.570825,112960.351562,15069.346439999994,15.394005221643509
10.559662,97720.662249,10.559662,112718.023438,14997.361189000003,15.347175145810551
10.548523,97573.458678,10.548523,112699.445312,15125.986634,15.502152776931824
10.537408,97248.20415,10.537408,112315.273438,15067.069287999999,15.493416479711927
10.526316,97165.299781,10.526316,112311.125,15145.825219000006,15.587689487025767
10.515247,97048.186206,10.515247,112257.25,15209.063794000002,15.67166207693607
10.504202,96955.337937,10.504202,111946.039062,14990.701124999992,15.461450028404528
10.493179,96857.593389,10.493179,111837.875,14980.281610999999,15.466295503374845
10.48218,96770.325405,10.48218,111238.140625,14467.815220000004,14.950673317930654
10.471204,96670.490871,10.471204,110904.976562,14234.485690999994,14.724747503346103
10.460251,96597.56835,10.460251,110875.375,14277.806649999999,14.780710212360122
10.449321,96478.19936,10.449321,110710.25,14232.050640000001,14.751571582398986
10.438413,96301.006775,10.438413,110680.570312,14379.563536999995,14.931893256938377
10.427529,96180.263795,10.427529,110606.8125,14426.548704999994,14.999489641397684
10.416667,96098.138778,10.416667,110404.382812,14306.244034000003,14.88711874748106
10.405827,96042.009439,10.405827,110326.492188,14284.482749000003,14.873161059872068
10.39501,95960.577625,10.39501,110306.445312,14345.86768699999,14.949751285430521
10.384216,95716.448304,10.384216,110092.929688,14376.481383999999,15.019865068895585
10.373444,95578.168258,10.373444,109996.335938,14418.167679999999,15.085210297272234
10.362694,95505.55441,10.362694,109893.4375,14387.883090000003,15.064969968378621
10.351967,95402.369121,10.351967,109802.703125,14400.334004000004,15.094314886180534
10.341262,95253.302296,10.341262,109737.15625,14483.853954000006,15.205618708096203
10.330579,95183.127695,10.330579,109552.15625,14369.028554999997,15.096192889398829
10.319917,95051.141723,10.319917,109474.570312,14423.428589000003,15.17438752185961
10.309278,94936.027811,10.309278,109388.265625,14452.237813999993,15.223133037303512
10.298661,94784.338506,10.298661,109269.234375,14484.895869,15.28195068648718
10.288066,94711.548258,10.288066,109004.164062,14292.615804000001,15.090679084947539
10.277492,94500.792134,10.277492,109000.171875,14499.379740999997,15.343130373383751
10.26694,94340.643357,10.26694,108602.570312,14261.926955000003,15.117479007462991
10.25641,94086.306292,10.25641,108588.8125,14502.506208000006,15.414045656113858
10.245902,93935.716649,10.245902,108264.203125,14328.486476000005,15.253502061989687
10.235415,93798.473008,10.235415,108142.914062,14344.441053999995,15.292830036557811
10.224949,93625.424495,10.224949,108141.25,14515.825505,15.504149202309044
10.214505,93530.844357,10.214505,108134.132812,14603.288455000002,15.61333970135069
10.204082,93437.42867,10.204082,107941.554688,14504.12601800001,15.52282230413823
10.19368,93397.584694,10.19368,107907.5,14509.915305999995,15.535642975714053
10.183299,93215.305508,10.183299,107790.789062,14575.483553999991,15.636363014171618
10.17294,93048.624414,10.17294,107574.21875,14525.594335999995,15.610756663496131
10.162602,92740.109331,10.162602,107494.609375,14754.500044,15.9095133167673
10.152284,92658.856213,10.152284,107494.609375,14835.753161999994,16.011155078254184
10.141988,92554.122481,10.141988,107472.460938,14918.338457000005,16.118502403890783
10.131712,92444.569997,10.131712,107370.484375,14925.914378000001,16.145798913321112
10.121457,92369.288278,10.121457,107366.054688,14996.766409999997,16.23566305378997
10.111223,92275.082368,10.111223,107277.265625,15002.183256999997,16.258108767836323
10.10101,92205.664992,10.10101,107153.773438,14948.108445999998,16.211702878881614
10.090817,92019.417042,10.090817,106970.148438,14950.731396000003,16.24736591101866
10.080645,91865.225411,10.080645,106914.203125,15048.977713999993,16.381582526654334
10.070493,91686.187051,10.070493,106840.695312,15154.508260999995,16.528671055510653
10.060362,91630.264756,10.060362,106791.539062,15161.274305999992,16.546142637885616
10.050251,91505.673749,10.050251,106787.070312,15281.396563000002,16.699944317023295
10.040161,91428.025776,10.040161,106764.710938,15336.685162000009,16.77459950800547
10.03009,91391.842751,10.03009,106674.789062,15282.946310999992,16.7224402648701
10.02004,91208.761705,10.02004,106527.335938,15318.574233000007,16.795068748488724
10.01001,91121.942945,10.01001,106271.21875,15149.275804999997,16.62527741988985
10.0,91003.943988,10.0,105960.054688,14956.110700000005,16.43457420040186
9.99001,90879.495837,9.99001,105801.734375,14922.238538000005,16.419807791148283
9.98004,90839.853869,9.98004,105447.757812,14607.903942999998,16.08094170215865
9.97009,90735.357446,9.97009,105423.367188,14688.00974200001,16.18774660224532
9.960159,90515.005065,9.960159,105206.585938,14691.580872999999,16.231099873937787
9.950249,90378.378061,9.950249,105087.609375,14709.231314000004,16.27516628376773
9.940358,90307.265707,9.940358,104647.742188,14340.476481000005,15.879648629300078
9.930487,90185.385055,9.930487,104646.210938,14460.825882999998,16.034555792139706
9.920635,90097.797078,9.920635,104426.898438,14329.10136,15.903941966078177
9.910803,90015.226189,9.910803,104422.234375,14407.008186000006,16.00507913600129
9.90099,89880.080614,9.90099,104321.203125,14441.122510999994,16.06710008752551
9.891197,89641.148796,9.891197,104274.710938,14633.56214200001,16.324603531467677
9.881423,89550.181737,9.881423,104274.710938,14724.529200999998,16.442768641435567
9.871668,89464.08916,9.871668,104219.296875,14755.207714999997,16.492883182000973
9.861933,89325.312318,9.861933,104094.71875,14769.406432000003,16.534402230154658
9.852217,89269.337348,9.852217,104057.460938,14788.123590000003,16.5657369364704
9.84252,89152.17531,9.84252,103714.984375,14562.809064999994,16.33477704202077
9.832842,89002.852439,9.832842,103574.65625,14571.803811000005,16.372288540962327
9.823183,88905.197802,9.823183,103521.351562,14616.153760000001,16.440156617784613
9.813543,88727.714517,9.813543,103336.84375,14609.129233,16.465125144411253
9.803922,88660.61884,9.803922,103303.671875,14643.053035000004,16.515847990442477
9.794319,88573.679603,9.794319,103177.921875,14604.242272000003,16.48824158311851
9.784736,88374.115509,9.784736,103066.609375,14692.493866000004,16.625336255279098
9.775171,88143.032543,9.775171,102892.007812,14748.975269000002,16.733001853328354
9.765625,88045.944627,9.765625,102801.84375,14755.899122999996,16.759317178675577
9.756098,87911.742856,9.756098,102595.6875,14683.944644000003,16.703052592248568
9.746589,87630.674467,9.746589,102583.367188,14952.692721,17.063308951970797
9.737098,87520.777737,9.737098,102411.710938,14890.933201000007,17.014169190483287
9.727626,87382.952974,9.727626,102303.6875,14920.734526,17.075109066684355
9.718173,87256.345812,9.718173,102270.59375,15014.247938,17.2070555995426
9.708738,87101.367535,9.708738,102136.664062,15035.296526999999,17.261837503249712
9.699321,86983.205488,9.699321,101781.242188,14798.036699999997,17.01252168965134
9.689922,86914.878903,9.689922,101499.039062,14584.160158999992,16.77981991469656
9.680542,86879.979394,9.680542,101087.609375,14207.629981000006,16.353169142189273
9.67118,86770.627107,9.67118,100990.21875,14219.591643000007,16.387563530531267
9.661836,86683.062606,9.661836,100824.046875,14140.984268999993,16.313434071053674
9.65251,86574.196696,9.65251,100309.398438,13735.201742000005,15.865237294930182
9.643202,86499.485521,9.643202,100186.625,13687.139479000005,15.823376747919612
9.633911,86437.004606,9.633911,100016.773438,13579.768832000002,15.71059628211291
9.624639,86376.931855,9.624639,99827.117188,13450.185333000001,15.571501608298242
9.615385,86262.86401,9.615385,99448.171875,13185.307864999995,15.285033735341191
9.606148,86131.191867,9.606148,99411.421875,13280.230007999999,15.418607034379306
9.596929,86095.053304,9.596929,99358.515625,13263.462320999999,15.405603239673905
9.587728,85877.748348,9.587728,99329.148438,13451.40009000001,15.663428942607203
9.578544,85701.194396,9.578544,99230.054688,13528.860291999998,15.786081381184857
9.569378,85558.897184,9.569378,99167.875,13608.977815999999,15.905976191737256
9.560229,85474.942537,9.560229,99044.71875,13569.776213000005,15.875735987919482
9.551098,85368.291825,9.551098,98939.375,13571.083175000007,15.897100533322062
9.541985,85262.845692,9.541985,98631.15625,13368.310557999997,15.678940163797877
9.532888,85152.603186,9.532888,98552.164062,13399.560876000003,15.73593803906518
9.52381,84855.747576,9.52381,98551.195312,13695.447736000002,16.13968190396749
9.514748,84743.782284,9.514748,98489.234375,13745.452091,16.220012513643965
9.505703,84652.596291,9.505703,98301.632812,13649.036521000002,16.12358878407032
9.496676,84537.971529,9.496676,98127.734375,13589.762845999998,16.07533585228994
9.487666,84279.226611,9.487666,98056.859375,13777.632763999994,16.347602271663177
9.478673,84198.785969,9.478673,98007.179688,13808.393719,16.39975393954483
9.469697,84145.406643,9.469697,97936.0625,13790.655857000005,16.38907744009012
9.460738,84021.189888,9.460738,97773.3125,13752.122612000006,16.36744567689597
9.451796,83939.542282,9.451796,97738.429688,13798.887406000009,16.439078687898736
9.442871,83757.936666,9.442871,97658.640625,13900.703959000006,16.59628270743057
9.433962,83716.396003,9.433962,97448.875,13732.478996999998,16.403571645042973
9.425071,83678.296062,9.425071,97393.851562,13715.555500000002,16.390815952846
9.416196,83546.045155,9.416196,97280.0625,13734.017345,16.43885993588298
9.407338,83489.684305,9.407338,97123.265625,13633.581319999998,16.329659686093116
9.398496,83397.254607,9.398496,97113.90625,13716.651643000005,16.447365932653483
9.389671,83266.04228,9.389671,96796.492188,13530.44990800001,16.24966137156004
9.380863,83173.806024,9.380863,96645.28125,13471.475225999995,16.196776208741447
9.372071,83061.299134,9.372071,96538.945312,13477.646177999995,16.22614420737263
9.363296,82918.516346,9.363296,96517.992188,13599.475842,16.4010120312
9.354537,82740.248104,9.354537,96448.335938,13708.087834000005,16.56761751157633
9.345794,82652.428184,9.345794,96326.921875,13674.493690999996,16.544575872057838
9.337068,82507.62201,9.337068,96318.039062,13810.41705199999,16.738353034009577
9.328358,82407.601926,9.328358,96073.476562,13665.874635999993,16.58326940307232
9.319664,82221.915631,9.319664,95931.242188,13709.326557000008,16.673567444628112
9.310987,82174.302221,9.310987,95926.15625,13751.854028999995,16.73498120131971
9.302326,82080.703607,9.302326,95900.40625,13819.702642999997,16.83672536381794
9.29368,81985.09871,9.29368,95768.421875,13783.323164999994,16.81198581434262
9.285051,81905.628027,9.285051,95646.117188,13740.489161000005,16.77600122481264
9.276438,81757.14488,9.276438,95574.703125,13817.558244999993,16.900734810738406
9.267841,81645.694727,9.267841,95550.28125,13904.586523000005,17.030397707427188
9.259259,81475.768225,9.259259,95465.8125,13990.044274999993,17.17080376139036
9.250694,81368.425628,9.250694,95452.148438,14083.722810000007,17.308584627639156
9.242144,81282.170193,9.242144,95078.382812,13796.212618999998,16.973233596299973
9.23361,81139.652269,9.23361,94928.148438,13788.496169000005,16.993536185350404
9.225092,81011.982187,9.225092,94727.25,13715.267812999999,16.929924984851056
9.21659,80932.53916,9.21659,94718.578125,13786.038965,17.033987946115985
9.208103,80746.941245,9.208103,94641.015625,13894.074380000005,17.206935848929575
9.199632,80692.097985,9.199632,94558.804688,13866.706703000003,17.18471454984069
9.191176,80571.216268,9.191176,94535.023438,13963.80717,17.331012012469674
9.182736,80477.767538,9.182736,94409.085938,13931.318400000004,17.310766471525085
9.174312,80333.963103,9.174312,94328.875,13994.911896999998,17.420915583433192
9.165903,80226.777616,9.165903,94108.953125,13882.175508999993,17.30366832810621
9.157509,80131.218206,9.157509,93911.804688,13780.586481999999,17.19752524736751
9.149131,80059.156931,9.149131,93690.65625,13631.499318999995,17.02678349554502
9.140768,79894.387189,9.140768,93641.359375,13746.972185999999,17.20643047612324
9.13242,79855.320414,9.13242,93443.25,13587.929585999998,17.015684760332892
9.124088,79765.981528,9.124088,93393.375,13627.393471999996,17.084217119821204
9.11577,79696.958729,9.11577,93385.828125,13688.869395999995,17.176150275128265
9.107468,79437.35777,9.107468,92839.648438,13402.290668000001,16.87152121399166
9.099181,79305.843109,9.099181,92757.171875,13451.328766000006,16.961333791650326
9.090909,79207.833484,9.090909,92663.421875,13455.588390999998,16.987699068575115
9.082652,79146.003742,9.082652,92662.523438,13516.519696000003,17.077956001494567
9.07441,79030.248804,9.07441,92507.03125,13476.782445999997,17.052688875399173
9.066183,78876.47162,9.066183,92425.820312,13549.348692,17.17793457759641
9.057971,78776.494161,9.057971,92371.796875,13595.302714000005,17.258070264226934
9.049774,78548.528033,9.049774,92332.953125,13784.425092000005,17.54892858871761
9.041591,78409.953296,9.041591,92192.476562,13782.52326599999,17.577517504659816
9.033424,78285.183081,9.033424,92187.078125,13901.895044000004,17.758015625531606
9.025271,78180.505024,9.025271,91711.695312,13531.190287999998,17.307627117330806
9.017133,78027.647168,9.017133,91669.78125,13642.134082000004,17.483718370524947
9.009009,77944.515828,9.009009,91572.789062,13628.273233999993,17.484582576756875
9.0009,77839.662032,9.0009,91533.171875,13693.509843000007,17.59194411374832
8.992806,77738.324244,8.992806,91519.585938,13781.261694,17.727757612505606
8.984726,77634.264622,8.984726,91365.125,13730.860377999998,17.686598108264874
8.976661,77508.000566,8.976661,91331.984375,13823.983808999998,17.83555724318876
8.96861,77436.908566,8.96861,91121.71875,13684.810184000002,17.672206235268735
8.960573,77371.506814,8.960573,91099.101562,13727.594748000003,17.742442034896573
8.952551,77199.015963,8.952551,91061.335938,13862.319975000006,17.95660191011236
8.944544,77099.046012,8.944544,91039.476562,13940.43054999999,18.08119720162328
8.93655,76958.302965,8.93655,90363.40625,13405.103285000005,17.41865759578474
8.928571,76849.753649,8.928571,90336.203125,13486.449475999994,17.549112177505965
8.920607,76730.985585,8.920607,90115.796875,13384.811289999998,17.44381515231908
8.912656,76635.76537,8.912656,90007.109375,13371.344005000006,17.447916048652633
8.90472,76373.068992,8.90472,89890.414062,13517.345069999996,17.69909897350848
8.896797,76224.177329,8.896797,89577.3125,13353.135171000002,17.51824111313788
8.888889,76136.002613,8.888889,89460.625,13324.622386999996,17.50107955460858
8.880995,75980.0864,8.880995,89395.195312,13415.108911999996,17.65608536080843
8.873114,75894.092469,8.873114,89242.914062,13348.821593,17.58874921450904
8.865248,75781.51626,8.865248,89115.429688,13333.913428,17.59520538260605
8.857396,75653.223492,8.857396,89041.335938,13388.112446,17.696684725424465
8.849558,75581.96192,8.849558,88684.84375,13102.881829999998,17.335990621504095
8.841733,75474.425429,8.841733,88576.773438,13102.348009000008,17.35998377533274
8.833922,75427.772104,8.833922,88390.367188,12962.595084,17.185440750029237
8.826125,75348.970265,8.826125,88222.890625,12873.920360000004,17.08572833141956
8.818342,75280.209812,8.818342,87917.367188,12637.157376000003,16.786825392170446
8.810573,75202.119317,8.810573,87840.1875,12638.068182999996,16.80546811417197
8.802817,75039.587132,8.802817,87235.640625,12196.053493,16.25282595378126
8.795075,74980.273979,8.795075,87082.242188,12101.968208999999,16.14020270503338
8.787346,74862.434027,8.787346,86973.0625,12110.628473000004,16.177177018626146
8.779631,74681.801247,8.779631,86851.84375,12170.042503000004,16.29586097254032
8.77193,74537.270935,8.77193,86803.210938,12265.94000300001,16.456116314878884
8.764242,74498.090632,8.764242,86703.296875,12205.206242999993,16.383247059700285
8.756567,74363.056277,8.756567,86651.273438,12288.217161000008,16.524626308024235
8.748906,74249.860402,8.748906,86496.8125,12246.952097999994,16.4942425907512
8.741259,74197.102021,8.741259,86360.039062,12162.937040999997,16.392738678065246
8.733624,74027.134853,8.733624,86180.359375,12153.224522000004,16.417256383261854
8.726003,73910.929309,8.726003,86065.820312,12154.891002999997,16.445322926713516
8.718396,73718.222745,8.718396,86050.195312,12331.97256699999,16.72852668960527
8.710801,73662.661122,8.710801,85931.09375,12268.432627999995,16.654886534279605
8.70322,73503.004763,8.70322,85912.203125,12409.198361999996,16.882572898906233
8.695652,73445.689764,8.695652,85866.039062,12420.349298000001,16.910930155206923
8.688097,73300.607766,8.688097,85805.429688,12504.821922000003,17.059642891256193
8.680556,73169.348331,8.680556,85699.945312,12530.596980999995,17.12547298400784
8.673027,73001.376793,8.673027,85312.78125,12311.404456999997,16.8646195426009
8.665511,72922.435183,8.665511,85128.09375,12205.658567000006,16.737864741310016
8.658009,72784.691649,8.658009,85093.835938,12309.144289000003,16.911721421257297
8.650519,72690.354081,8.650519,85042.546875,12352.192794000002,16.992891216674717
8.643042,72585.379469,8.643042,84970.367188,12384.987718999997,17.06264789080481
8.635579,72515.402738,8.635579,84870.742188,12355.33945,17.038227719206297
8.628128,72441.536571,8.628128,84760.632812,12319.096240999992,17.005570041886173
8.62069,72370.417843,8.62069,84627.445312,12257.027468999993,16.936516099147475
8.613264,72311.777541,8.613264,84546.789062,12235.011520999993,16.919804680590065
8.605852,72259.812839,8.605852,84522.609375,12262.796535999994,16.970423883220366
8.598452,72185.294132,8.598452,84414.148438,12228.854306000008,16.940921905281694
8.591065,72045.601058,8.591065,84242.570312,12196.969253999996,16.929512801455953
8.583691,71911.698727,8.583691,84238.640625,12326.941898000005,17.141775422100725
8.576329,71787.911737,8.576329,84214.34375,12426.432012999998,17.309922676849958
8.56898,71706.41345,8.56898,84090.078125,12383.664675000007,17.269954079679337
8.561644,71655.161314,8.561644,84002.25,12347.088686000003,17.23126214438879
8.55432,71602.85898,8.55432,83950.0,12347.141019999995,17.243921815257096
8.547009,71549.62497,8.547009,83680.726562,12131.101591999992,16.954808074936008
8.53971,71348.341962,8.53971,83382.992188,12034.650225999998,16.867456054423283
8.532423,71165.009938,8.532423,83351.492188,12186.482250000001,17.124261291633406
8.525149,70979.416832,8.525149,83238.414062,12258.997229999994,17.271200267840477
8.517888,70860.303587,8.517888,83159.898438,12299.594851000002,17.357524916470272
8.510638,70721.028134,8.510638,83107.0625,12386.034366000007,17.51393424672975
8.503401,70619.038268,8.503401,82967.273438,12348.23517,17.48570282582767
8.496177,70577.063996,8.496177,82964.53125,12387.467254000003,17.551689674569165
8.488964,70548.541313,8.488964,82848.578125,12300.036812000006,17.43485631748062
8.481764,70342.028216,8.481764,82815.125,12473.096783999994,17.732068722412617
8.474576,70257.885705,8.474576,82769.054688,12511.16898300001,17.807494286879226
8.467401,70211.982085,8.467401,82694.585938,12482.603853000008,17.778452455434635
8.460237,70105.266208,8.460237,82556.0625,12450.796291999999,17.760144088261356
8.453085,70010.803749,8.453085,82447.382812,12436.579062999997,17.763799866642206
8.445946,69954.017854,8.445946,82418.882812,12464.864957999991,17.818654796948515
8.438819,69889.822393,8.438819,82356.695312,12466.872919000001,17.837894692158578
8.431703,69807.996052,8.431703,82102.6875,12294.691447999998,17.612153540178515
8.4246,69709.406337,8.4246,81995.695312,12286.288975000003,17.625008762237513
8.417508,69615.169101,8.417508,81806.6875,12191.518398999993,17.512732578889715
8.410429,69456.311623,8.410429,81737.234375,12280.922751999999,17.6815072165929
8.403361,69320.790747,8.403361,81640.070312,12319.27956499999,17.77140657549861
8.396306,69267.692624,8.396306,81564.414062,12296.721437999993,17.75246290467513
8.389262,69180.0948,8.389262,81492.28125,12312.186449999994,17.797296296853286
8.38223,69037.134468,8.38223,81485.492188,12448.35772,18.03139399676278
8.375209,68859.838796,8.375209,81443.171875,12583.333079000004,18.273834645879187
8.368201,68766.469073,8.368201,81423.695312,12657.226238999996,18.40610170861549
8.361204,68593.221381,8.361204,81253.742188,12660.520807000008,18.457393532631077
8.354219,68556.358221,8.354219,81188.429688,12632.071467000002,18.42582044145189
8.347245,68467.130873,8.347245,81178.359375,12711.228501999998,18.565446426516857
8.340284,68383.939133,8.340284,81019.734375,12635.795241999993,18.477723573988065
8.333333,68293.453124,8.333333,81006.671875,12713.218750999993,18.615574655328498
8.326395,68170.788944,8.326395,80996.257812,12825.468867999996,18.813731022734217
8.319468,67985.118763,8.319468,80808.546875,12823.428111999994,18.862110334326537
8.312552,67874.520926,8.312552,80664.921875,12790.400949000003,18.84418596920146
8.305648,67823.164211,8.305648,80657.570312,12834.406101,18.92333725550132
8.298755,67749.754965,8.298755,80598.585938,12848.830973000004,18.965132758986066
8.291874,67689.93924,8.291874,80502.71875,12812.779509999993,18.928632015123068
8.285004,67640.099075,8.285004,79924.757812,12284.65873699999,18.161798851563834
8.278146,67504.226604,8.278146,79709.734375,12205.507771000004,18.081101562130574
8.271299,67377.99758,8.271299,79696.078125,12318.080545000004,18.282051986443147
8.264463,67319.865854,8.264463,79669.359375,12349.493520999997,18.3445010835033
8.257638,67279.969676,8.257638,79666.507812,12386.538136000003,18.41043953445554
8.250825,67144.409616,8.250825,79621.273438,12476.863822,18.582133484165535
8.244023,67058.788865,8.244023,79532.242188,12473.453323000009,18.600773342493635
8.237232,66997.408688,8.237232,79468.320312,12470.911624,18.61402085277021
8.230453,66930.270029,8.230453,79317.226562,12386.95653299999,18.507256175169896
8.223684,66826.742306,8.223684,78495.476562,11668.734255999996,17.461174753317767
8.216927,66729.390712,8.216927,78461.671875,11732.281163000007,17.581879645261296
8.210181,66641.97183,8.210181,78435.375,11793.403170000005,17.696659996922552
8.203445,66540.675876,8.203445,78377.171875,11836.495999000006,17.78836154453492
8.196721,66480.08988,8.196721,78376.351562,11896.261681999997,17.89447292185279
8.190008,66368.395736,8.190008,78333.835938,11965.440201999998,18.028822407574967
8.183306,66292.903141,8.183306,78292.429688,11999.526547000001,18.100770939957048
8.176615,66208.547033,8.176615,78205.789062,11997.242029000001,18.120382589003615
8.169935,66137.625067,8.169935,78149.234375,12011.609308,18.161537091529624
8.163265,66052.99214,8.163265,77986.875,11933.882859999998,18.0671343921953
8.156607,65936.364598,8.156607,77826.523438,11890.158840000004,18.032778895973074
8.149959,65865.223468,8.149959,77563.273438,11698.049970000007,17.760586473502812
8.143322,65792.094367,8.143322,77426.34375,11634.249383000002,17.683354656719228
8.136697,65693.350731,8.136697,77299.765625,11606.414894000001,17.667564167225613
8.130081,65503.822752,8.130081,77074.5,11570.677248,17.66412517908616
8.123477,65363.980929,8.123477,77047.726562,11683.745632999999,17.87489909112356
8.116883,65294.697208,8.116883,76807.546875,11512.849667000002,17.632135777159913
8.1103,65179.076807,8.1103,76740.328125,11561.251318000002,17.737672707813445
8.103728,65061.397619,8.103728,76724.960938,11663.563319,17.92701009483674
8.097166,64992.774778,8.097166,76698.203125,11705.428347000001,18.010353284627385
8.090615,64897.590783,8.090615,76664.34375,11766.752967,18.13126315635482
8.084074,64748.232135,8.084074,76524.539062,11776.306926999998,18.18784318689414
8.077544,64691.551317,8.077544,76259.820312,11568.268994999999,17.88219444346518
8.071025,64538.949551,8.071025,76023.882812,11484.933260999998,17.79535201750436
8.064516,64481.792646,8.064516,75849.398438,11367.605792000002,17.62917146923515
8.058018,64392.996108,8.058018,75798.921875,11405.925767,17.712991251206837
8.05153,64307.188611,8.05153,75739.976562,11432.787950999998,17.778398026631155
8.045052,64108.463665,8.045052,75569.445312,11460.981646999993,17.877486047535893
8.038585,64062.022824,8.038585,75561.648438,11499.625614000004,17.950768812894587
8.032129,64044.199241,8.032129,75464.210938,11420.011697000002,17.83145364036202
8.025682,63876.934035,8.025682,75194.6875,11317.753465000002,17.718059947584024
8.019246,63775.792734,8.019246,75104.65625,11328.863515999998,17.763579299203883
8.012821,63604.158473,8.012821,75036.046875,11431.888401999997,17.973492105634634
8.006405,63489.128958,8.006405,74905.671875,11416.542916999999,17.98188619748176
8.0,63448.731465,8.0,74590.460938,11141.729473000007,17.56020840092931
7.993605,63316.656568,7.993605,74558.453125,11241.796557000001,17.754880257972374
7.98722,63225.013955,7.98722,74499.296875,11274.282919999998,17.83199751924831
7.980846,63107.687099,7.980846,74407.375,11299.687900999998,17.90540648918672
7.974482,62964.587751,7.974482,74349.257812,11384.670060999997,18.081068212535364
7.968127,62782.975153,7.968127,74337.398438,11554.423285000004,18.403752381664397
7.961783,62689.431109,7.961783,73980.914062,11291.482952999999,18.011780858829553
7.955449,62643.251586,7.955449,73917.421875,11274.170289000002,17.997421914669005
7.949126,62572.987954,7.949126,73872.101562,11299.113608,18.05749410002036
7.942812,62488.514966,7.942812,73869.351562,11380.836595999994,18.2126853265633
7.936508,62422.516757,7.936508,73826.492188,11403.975431000006,18.26900936306958
7.930214,62375.546616,7.930214,73796.90625,11421.359634,18.310636545300106
7.92393,62340.514918,7.92393,73771.6875,11431.172582,18.33666692845907
7.917656,62272.397836,7.917656,73765.164062,11492.766226,18.455634639711867
7.911392,62214.505331,7.911392,73614.96875,11400.463419,18.324445976619252
7.905138,62153.609379,7.905138,73427.414062,11273.804682999995,18.1386162374813
7.898894,62103.965175,7.898894,73411.429688,11307.464513000006,18.207314913205952
7.89266,62046.844195,7.89266,73135.296875,11088.452680000002,17.871098560873396
7.886435,61999.931339,7.886435,72801.960938,10802.029599000001,17.422647679942134
7.880221,61916.017612,7.880221,72618.40625,10702.388637999997,17.285331083576917
7.874016,61805.388708,7.874016,72487.546875,10682.158167000001,17.283538523587215
7.867821,61611.221255,7.867821,72382.078125,10770.856870000003,17.481972683873565
7.861635,61542.957939,7.861635,72139.578125,10596.620186,17.21824972485582
7.85546,61471.456368,7.85546,72074.6875,10603.231132,17.249031922269033
7.849294,61362.706938,7.849294,71977.265625,10614.558686999997,17.298061341597585
7.843137,61228.52573,7.843137,71973.828125,10745.302394999999,17.549503710711015
7.836991,61150.393854,7.836991,71944.765625,10794.371770999998,17.652170477874872
7.830854,60987.5433,7.830854,71826.859375,10839.316075000002,17.77300000703587
7.824726,60858.380504,7.824726,71329.132812,10470.752307999996,17.205111639984885
7.818608,60809.393625,7.818608,71296.398438,10487.004813000007,17.245698711734207
7.8125,60716.673055,7.8125,71280.03125,10563.358195,17.39778822438314
7.806401,60644.435606,7.806401,71226.796875,10582.361269,17.44984706882656
7.800312,60600.029127,7.800312,70988.9375,10388.908372999998,17.14340491689843
7.794232,60485.296623,7.794232,70756.375,10271.078376999998,16.981115990913963
7.788162,60440.476132,7.788162,70669.429688,10228.953556,16.924012202783288
7.782101,60332.781704,7.782101,70531.0,10198.218296,16.90327879465877
7.77605,60269.78389,7.77605,70527.84375,10258.059860000001,17.020236672363488
7.770008,60153.322984,7.770008,70453.515625,10300.192641000001,17.12323131963918
7.763975,60030.778563,7.763975,70296.414062,10265.635498999996,17.100620289684578
7.757952,59971.429109,7.757952,70201.203125,10229.774016000003,17.05774594333422
7.751938,59843.297325,7.751938,70196.523438,10353.226113000004,17.30056092459809
7.745933,59773.199215,7.745933,70155.625,10382.425785,17.369700670789165
7.739938,59683.323039,7.739938,69998.015625,10314.692585999997,17.282369782359257
7.733952,59599.61153,7.733952,69900.703125,10301.091594999998,17.2838233850146
7.727975,59545.792465,7.727975,69881.710938,10335.918473000005,17.35793251735676
7.722008,59500.309393,7.722008,69862.289062,10361.979668999993,17.41500132471419
7.716049,59419.860936,7.716049,69860.921875,10441.060939000003,17.57166841949676
7.7101,59291.86092,7.7101,69736.117188,10444.256268000005,17.61499151138467
7.70416,59147.368002,7.70416,69710.757812,10563.389809999993,17.859441876843622
7.698229,59055.857578,7.698229,69498.53125,10442.673671999997,17.682706001191306
7.692308,58922.422394,7.692308,69377.414062,10454.991667999995,17.743655544386808
7.686395,58894.769165,7.686395,69285.429688,10390.660523000006,17.64275617396421
7.680492,58794.020261,7.680492,69218.476562,10424.456300999998,17.73047030076098
7.674597,58741.333991,7.674597,69216.28125,10474.947259,17.83232784704023
7.668712,58670.61056,7.668712,69187.179688,10516.569128000003,17.924765104063717
7.662835,58615.567669,7.662835,69106.328125,10490.760456000004,17.89756693177647
7.656968,58547.035486,7.656968,68940.9375,10393.902014,17.753079942852835
7.651109,58407.581959,7.651109,68558.960938,10151.378979000001,17.380241808547904
7.64526,58237.562462,7.64526,68537.882812,10300.320349999995,17.68672986051048
7.639419,58131.378933,7.639419,68277.632812,10146.253878999996,17.454005160782753
7.633588,58048.505273,7.633588,68263.421875,10214.916601999998,17.597208668784177
7.627765,57882.558535,7.627765,68072.078125,10189.519590000004,17.603782292793227
7.621951,57797.968695,7.621951,68065.210938,10267.242243,17.764019177179495
7.616146,57713.755201,7.616146,68060.234375,10346.479174,17.92723266397458
7.61035,57648.329175,7.61035,67639.804688,9991.475513000005,17.331769464938713
7.604563,57581.995264,7.604563,67486.46875,9904.473486000003,17.20064308398885
7.598784,57514.65362,7.598784,67413.96875,9899.315130000003,17.211813871652424
7.593014,57454.44291,7.593014,67398.960938,9944.518028000006,17.308527459882747
7.587253,57358.51416,7.587253,67174.78125,9816.267090000001,17.113879663301237
7.581501,57187.603068,7.581501,67119.171875,9931.568807000003,17.366646395706923
7.575758,57151.396777,7.575758,67083.617188,9932.220411000002,17.378788570565824
7.570023,57067.356939,7.570023,66996.117188,9928.760249000006,17.398318025509717
7.564297,56957.067974,7.564297,66926.429688,9969.361714000006,17.503291634588464
7.558579,56835.666924,7.558579,66875.507812,10039.840887999999,17.66468387082562
7.55287,56749.09286,7.55287,66857.8125,10108.719640000003,17.81300657076266
7.54717,56691.234231,7.54717,66746.195312,10054.961080999994,17.73635945202569
7.541478,56668.370819,7.541478,66714.78125,10046.410430999997,17.728426432248153
7.535795,56649.215964,7.535795,66711.828125,10062.612160999997,17.763021058216736
7.53012,56536.026452,7.53012,66577.085938,10041.059486000006,17.760461985288316
7.524454,56395.76576,7.524454,66574.234375,10178.468614999998,18.048285146647146
7.518797,56317.289472,7.518797,66450.140625,10132.851153000003,17.99243402514584
7.513148,56201.419422,7.513148,66432.140625,10230.721203000001,18.203670491274448
7.507508,56150.181144,7.507508,66427.835938,10277.654794000002,18.30386756481236
7.501875,56075.256844,7.501875,66417.765625,10342.508780999997,18.44397932901601
7.496252,56037.785902,7.496252,66339.8125,10302.026597999997,18.384071447819846
7.490637,55980.812359,7.490637,66289.84375,10309.031390999997,18.415294377811257
7.48503,55841.413615,7.48503,66186.226562,10344.812946999999,18.525342174040517
7.479432,55772.56609,7.479432,66117.09375,10344.52766,18.547698958852045
7.473842,55715.725405,7.473842,66099.796875,10384.071470000003,18.63759539074066
7.46826,55598.37938,7.46826,65443.609375,9845.229995000002,17.70776433555823
7.462687,55560.432083,7.462687,65421.359375,9860.927292,17.748111240872046
7.457122,55451.607857,7.457122,65402.992188,9951.384330999994,17.946069943838012
7.451565,55305.475612,7.451565,65243.71875,9938.243137999998,17.969727279306916
7.446016,55183.569805,7.446016,65185.828125,10002.25832,18.12542819419727
7.440476,55131.80221,7.440476,65120.234375,9988.432164999998,18.117369221767
7.434944,55021.575859,7.434944,65048.035156,10026.459297000001,18.222777411345177
7.429421,54933.921013,7.429421,64903.761719,9969.840706000003,18.148787711040434
7.423905,54874.449149,7.423905,64741.753906,9867.304756999998,17.98160147395268
7.418398,54778.1648,7.418398,64711.074219,9932.909419000003,18.132972244079276
7.412898,54732.180711,7.412898,64676.0,9943.819289,18.168140132230295
7.407407,54672.594642,7.407407,64614.363281,9941.768639000002,18.184190276864314
7.401925,54580.613182,7.401925,64599.21875,10018.605567999999,18.35561197268485
7.39645,54439.595834,7.39645,64541.886719,10102.290885000002,18.556880759740437
7.390983,54366.162248,7.390983,64470.179688,10104.017439999996,18.585121741551102
7.385524,54316.286025,7.385524,64399.378906,10083.092880999997,18.563664084762866
7.380074,54232.786706,7.380074,64307.800781,10075.014075,18.577349029872657
7.374631,54135.060818,7.374631,64052.445312,9917.384494000005,18.319706940649557
7.369197,54086.200371,7.369197,64049.742188,9963.541816999998,18.421596911330198
7.36377,53977.207862,7.36377,63742.175781,9764.967918999995,18.09090967425631
7.358352,53841.778693,7.358352,63498.527344,9656.748651000002,17.935419084242625
7.352941,53681.95911,7.352941,63263.199219,9581.240108999998,17.84815656479121
7.347539,53571.373581,7.347539,63236.523438,9665.149856999997,18.041631585918317
7.342144,53483.328078,7.342144,63085.863281,9602.535203,17.954258921575857
7.336757,53371.319767,7.336757,63031.796875,9660.477108,18.10050257361851
7.331378,53224.787841,7.331378,63001.710938,9776.923096999999,18.369116146046263
7.326007,53178.40734,7.326007,62941.117188,9762.709847999999,18.358409618365226
7.320644,53106.414457,7.320644,62844.523438,9738.108980999998,18.33697318971684
7.315289,53056.271446,7.315289,62661.386719,9605.115273000003,18.103637913523507
7.309942,52999.990343,7.309942,62640.710938,9640.720594999999,18.19004217285353
7.304602,52956.865884,7.304602,62625.617188,9668.751303999998,18.257786110641497
7.29927,52803.006259,7.29927,62428.660156,9625.653896999997,18.22936718751568
7.293946,52752.601414,7.293946,62252.925781,9500.324367000001,18.009205446461095
7.28863,52689.849061,7.28863,61826.589844,9136.740783000001,17.34060914166262
7.283321,52541.334045,7.283321,61750.667969,9209.333923999999,17.52778853333357
7.27802,52516.227765,7.27802,61320.769531,8804.541765999995,16.765373563003465
7.272727,52437.340789,7.272727,61290.296875,8852.956085999998,16.88292341448619
7.267442,52394.879277,7.267442,61239.253906,8844.374628999998,16.880227134872797
7.262164,52306.369774,7.262164,61080.097656,8773.727882,16.77372740625783
7.256894,52188.459262,7.256894,61044.277344,8855.818082000005,16.968920346050904
7.251632,52136.382811,7.251632,61039.019531,8902.636719999995,17.075670079132667
7.246377,52104.033765,7.246377,60985.265625,8881.23186,17.04519058938162
7.24113,52003.824629,7.24113,60970.242188,8966.417558999994,17.241842543249906
7.23589,51919.168579,7.23589,60653.28125,8734.112671000003,16.822520294619533
7.230658,51799.397198,7.230658,60580.757812,8781.360614000005,16.95263089729364
7.225434,51742.120309,7.225434,60480.070312,8737.950003000005,16.887498909626498
7.220217,51673.53736,7.220217,60333.996094,8660.458734,16.75994943729937
7.215007,51597.701062,7.215007,60265.457031,8667.755968999998,16.79872511875052
7.209805,51538.835821,7.209805,60089.070312,8550.234491000003,16.58988674229255
7.204611,51433.857052,7.204611,60073.484375,8639.627323,16.79754896519869
7.199424,51279.357791,7.199424,60059.585938,8780.228146999994,17.122344204827396
7.194245,51251.355917,7.194245,60055.003906,8803.647988999997,17.177395273711852
7.189073,51215.476882,7.189073,59977.128906,8761.652023999995,17.107430326552972
7.183908,51127.20135,7.183908,59945.046875,8817.845524999997,17.2468769894834
7.178751,51049.56592,7.178751,59880.851562,8831.285642000003,17.29943336999094
7.173601,50917.737854,7.173601,59867.09375,8949.355896000001,17.576106624495214
7.168459,50881.607876,7.168459,59789.085938,8907.478061999995,17.506282591752573
7.163324,50768.67511,7.163324,59678.863281,8910.188171000002,17.550562727300612
7.158196,50730.359858,7.158196,59591.523438,8861.163579999993,17.467180609014775
7.153076,50624.834056,7.153076,59536.332031,8911.497974999998,17.60301666399994
7.147963,50522.448602,7.147963,59449.648438,8927.199836,17.66976875235339
7.142857,50434.272391,7.142857,59228.65625,8794.383859000001,17.437316812702466
7.137759,50356.870651,7.137759,58963.570312,8606.699661000006,17.091410863572186
7.132668,50298.235596,7.132668,58892.667969,8594.432373000003,17.086946035306816
7.127584,50236.508716,7.127584,58797.792969,8561.284253000005,17.041957078265856
7.122507,50130.947454,7.122507,58719.039062,8588.091608000002,17.13131716866195
7.117438,50028.901407,7.117438,58705.136719,8676.235312000004,17.342446202078772
7.112376,49990.271347,7.112376,58375.59375,8385.322402999998,16.773908556716037
7.107321,49885.056488,7.107321,58230.808594,8345.752106,16.72996422888204
7.102273,49821.538931,7.102273,58217.445312,8395.906381,16.851961142002967
7.097232,49746.171781,7.097232,58166.234375,8420.062594000003,16.926051377517158
7.092199,49647.860162,7.092199,58059.078125,8411.217963000003,16.941753250904192
7.087172,49537.420211,7.087172,58040.433594,8503.013383000005,17.164828823911733
7.082153,49488.200917,7.082153,57993.09375,8504.892832999998,17.185698157150888
7.077141,49397.202105,7.077141,57783.746094,8386.543989000005,16.97777127371171
7.072136,49325.663086,7.072136,57776.125,8450.461914,17.131978336036756
7.067138,49285.176928,7.067138,57734.230469,8449.053541000001,17.1431940953425
7.062147,49235.163408,7.062147,57606.066406,8370.902997999998,17.00187918263281
7.057163,49064.950198,7.057163,57469.664062,8404.713864000005,17.129771517311355
7.052186,49007.11597,7.052186,57442.171875,8435.055905000001,17.211900227231432
7.047216,48950.324115,7.047216,57231.109375,8280.785259999997,16.91671180878349
7.042254,48892.314719,7.042254,57132.484375,8240.169655999998,16.853711474612986
7.037298,48780.793083,7.037298,57109.175781,8328.382698000001,17.07307768413963
7.032349,48733.974441,7.032349,57019.664062,8285.689621000005,17.0018754186181
7.027407,48638.356355,7.027407,57014.960938,8376.604582999993,17.222219685758112
7.022472,48426.687647,7.022472,56911.445312,8484.757665000005,17.520830098578156
7.017544,48367.250645,7.017544,56869.070312,8501.819667000003,17.577636838199908
7.012623,48288.788361,7.012623,56869.070312,8580.281951000004,17.768683460962112
7.007708,48244.79735,7.007708,56713.570312,8468.772962000003,17.55375382875352
7.002801,48181.133577,7.002801,56614.5,8433.366423,17.503462033582778
6.997901,48100.073654,6.997901,56241.089844,8141.016190000002,16.925163667234834
6.993007,48045.495666,6.993007,56229.507812,8184.012146000001,17.033880143298262
6.98812,47988.681226,6.98812,56127.414062,8138.732836000003,16.95969263600118
6.98324,47939.813693,6.98324,56032.597656,8092.783963000002,16.88113352885575
6.978367,47819.437357,6.978367,55976.625,8157.1876429999975,17.0583095365632
6.973501,47754.630645,6.973501,55866.492188,8111.861542999999,16.98654441137286
6.968641,47608.432695,6.968641,55695.398438,8086.965742999993,16.986414559808253
6.963788,47528.22552,6.963788,55566.515625,8038.290105,16.912666141128003
6.958942,47486.466399,6.958942,55314.3125,7827.846101000003,16.48437269521669
6.954103,47407.638801,6.954103,55204.527344,7796.888543000001,16.446481495795435
6.94927,47277.294634,6.94927,55194.976562,7917.681928000005,16.747324459437056
6.944444,47255.02675,6.944444,55110.8125,7855.785750000003,16.6242329976038
6.939625,47223.065501,6.939625,54850.625,7627.559499000003,16.152190498599634
6.934813,47157.361298,6.934813,54692.46875,7535.107451999997,15.978645209564702
6.930007,47075.506455,6.930007,54591.714844,7516.208388999999,15.966282585158858
6.925208,47005.20958,6.925208,54394.769531,7389.559950999996,15.720725462192473
6.920415,46944.804714,6.920415,53959.4375,7014.632786000002,14.942298362374656
6.915629,46904.348898,6.915629,53932.382812,7028.033914000007,14.98375753873791
6.91085,46857.38348,6.91085,53745.285156,6887.901676000001,14.69971467557497
6.906077,46775.500391,6.906077,53527.328125,6751.827733999999,14.434538759737366
6.901311,46669.282167,6.901311,53342.25,6672.967833000002,14.298415409779924
6.896552,46596.745667,6.896552,53256.433594,6659.687926999999,14.292173909725236
6.891799,46459.293553,6.891799,53153.007812,6693.714259,14.40769703345558
6.887052,46399.030303,6.887052,53070.425781,6671.395477999999,14.37830798280422
6.882312,46278.080488,6.882312,52978.066406,6699.9859179999985,14.47766598646484
6.877579,46160.691273,6.877579,52958.613281,6797.922008000001,14.72664689485748
6.872852,46114.74466,6.872852,52909.96875,6795.224090000003,14.735469403767926
6.868132,46046.458608,6.868132,52765.847656,6719.389047999997,14.592629381562444
6.863418,46011.189692,6.863418,52637.511719,6626.322027000002,14.401544648935966
6.858711,45952.546993,6.858711,52624.4375,6671.890506999996,14.519087501322467
6.85401,45852.9153,6.85401,52517.40625,6664.490949999999,14.534497766164932
6.849315,45703.418148,6.849315,52402.933594,6699.515446000005,14.658674815754843
6.844627,45607.950625,6.844627,52192.695312,6584.744687000006,14.43771227771541
6.839945,45460.346415,6.839945,51938.15625,6477.809835,14.249363117177205
6.83527,45374.95598,6.83527,51859.515625,6484.559645000001,14.291054404236144
6.830601,45286.08163,6.830601,51810.476562,6524.394932000003,14.407064372020836
6.825939,45233.440104,6.825939,51628.71875,6395.278645999999,14.138386625682408
6.821282,45180.178083,6.821282,51520.542969,6340.364886000003,14.033510169774429
6.816633,45077.836107,6.816633,51510.335938,6432.499830999994,14.269761786549266
6.811989,45011.20814,6.811989,51459.820312,6448.612172000001,14.326680927876112
6.807352,44966.287046,6.807352,51136.273438,6169.986391999999,13.72136059552387
6.802721,44911.81238,6.802721,51028.4375,6116.625119999997,13.6191901325359
6.798097,44848.57068,6.798097,50948.652344,6100.081664000005,13.601507409288088
6.793478,44761.615702,6.793478,50938.769531,6177.153828999995,13.800113628883134
6.788866,44672.343209,6.788866,50899.230469,6226.887260000003,13.939020908008898
6.784261,44621.507778,6.784261,50896.511719,6275.003941000003,14.062733989669898
6.779661,44536.960457,6.779661,50885.40625,6348.445792999999,14.254331072120113
6.775068,44481.452646,6.775068,50844.847656,6363.39501,14.305726615185598
6.770481,44424.815107,6.770481,50636.988281,6212.173173999996,13.983565624387136
6.7659,44354.662583,6.7659,50597.359375,6242.6967920000025,14.074499564320138
6.761325,44260.572151,6.761325,50554.949219,6294.377068000002,14.221183238495009
6.756757,44180.439503,6.756757,50356.296875,6175.857371999999,13.978714203557521
6.752194,44111.174662,6.752194,50344.433594,6233.258932000004,14.130793341510595
6.747638,44002.597642,6.747638,50245.117188,6242.519545999996,14.186706877599379
6.743088,43918.819653,6.743088,50110.949219,6192.129566000003,14.099034570882491
6.738544,43827.952725,6.738544,50005.496094,6177.543368999999,14.094985015068367
6.734007,43777.0189,6.734007,49996.484375,6219.465474999997,14.207147108868112
6.729475,43707.915632,6.729475,49971.597656,6263.682024000002,14.330772660808734
6.72495,43596.399138,6.72495,49517.796875,5921.397736999999,13.582309213787159
6.72043,43547.662521,6.72043,49513.648438,5965.985916999998,13.699899309458964
6.715917,43467.095596,6.715917,49507.582031,6040.486434999999,13.896687487801385
6.711409,43422.370281,6.711409,49466.0,6043.629718999997,13.918240022112432
6.706908,43357.049562,6.706908,49427.847656,6070.798093999998,14.001870872968048
6.702413,43319.254241,6.702413,49376.25,6056.995758999998,13.98222537558665
6.697924,43259.17445,6.697924,49167.65625,5908.481800000001,13.6583323078187
6.69344,43190.81074,6.69344,49164.699219,5973.888479000001,13.831387687907986
6.688963,43091.340383,6.688963,48866.800781,5775.460397999996,13.402833020897342
6.684492,43055.742922,6.684492,48834.277344,5778.534422000004,13.42105380104212
6.680027,42966.831015,6.680027,48726.167969,5759.3369539999985,13.404146449593584
6.675567,42922.604196,6.675567,48560.234375,5637.630179,13.134408511786841
6.671114,42858.054482,6.671114,48515.101562,5657.047080000004,13.19949575027003
6.666667,42727.392793,6.666667,48358.828125,5631.435332000001,13.179917996125884
6.662225,42568.276646,6.662225,48315.257812,5746.981166000005,13.500619754452828
6.65779,42507.094153,6.65779,48288.261719,5781.167566000004,13.600477005535296
6.65336,42463.788052,6.65336,47995.535156,5531.747103999995,13.026975118719902
6.648936,42372.536215,6.648936,47889.390625,5516.85441,13.019882458787107
6.644518,42302.458481,6.644518,47808.464844,5506.006363,13.015807025667323
6.640106,42260.805438,6.640106,47722.425781,5461.620342999995,12.923606841835117
6.6357,42216.092131,6.6357,47585.664062,5369.571931000006,12.719253867311506
6.6313,42150.20788,6.6313,47443.695312,5293.487432000002,12.558627105874196
6.626905,42017.462003,6.626905,47372.652344,5355.190341000001,12.745154242342496
6.622517,41934.053571,6.622517,47096.773438,5162.719867,12.31152113224356
6.618134,41819.075992,6.618134,47043.140625,5224.064633000002,12.492061359747323
6.613757,41771.237502,6.613757,46818.289062,5047.05156,12.08260004209439
6.609385,41720.519793,6.609385,46803.0,5082.4802070000005,12.182207298032646
6.60502,41677.232278,6.60502,46792.808594,5115.576315999999,12.274270714229596
6.60066,41582.289362,6.60066,46731.628906,5149.339543999995,12.38349216218413
6.596306,41534.021717,6.596306,46501.96875,4967.947032999997,11.961150949575877
6.591958,41433.148819,6.591958,46230.988281,4797.839461999996,11.57971237706136
6.587615,41303.70939,6.587615,46067.125,4763.415609999996,11.5326581567351
6.583278,41245.185962,6.583278,46015.878906,4770.692943999995,11.566666103518912
6.578947,41175.72532,6.578947,45800.433594,4624.708274000004,11.231637665296152
6.574622,41143.282271,6.574622,45668.164062,4524.881791000007,10.997862934696844
6.570302,41096.746748,6.570302,45466.359375,4369.612627000002,10.632502503893821
6.565988,41060.867609,6.565988,45361.792969,4300.925360000001,10.474511646844245
6.56168,41001.235084,6.56168,45186.480469,4185.245385000002,10.207608079184958
6.557377,40961.012142,6.557377,45059.257812,4098.245670000004,10.005235358424665
6.55308,40905.018429,6.55308,45024.28125,4119.262820999997,10.070311612620142
6.548788,40809.66209,6.548788,44905.429688,4095.7675979999985,10.036269325061689
6.544503,40712.403004,6.544503,44806.167969,4093.764965000002,10.055326296013009
6.540222,40649.670798,6.540222,44747.007812,4097.337014000004,10.079631479331924
6.535948,40543.312754,6.535948,44709.457031,4166.144276999999,10.275786545313736
6.531679,40451.097823,6.531679,44693.0625,4241.964677000004,10.486649078255855
6.527415,40375.382934,6.527415,44599.226562,4223.843628000002,10.461432984807965
6.523157,40319.555708,6.523157,44568.160156,4248.604447999998,10.537329525079594
6.518905,40266.393292,6.518905,44417.90625,4151.512957999999,10.310118733243508
6.514658,40204.347606,6.514658,44314.195312,4109.8477060000005,10.222396210171699
6.510417,40149.133575,6.510417,44288.253906,4139.120330999998,10.309364019694161
6.506181,40077.316893,6.506181,43966.207031,3888.890137999995,9.703469292574418
6.501951,40015.813266,6.501951,43903.792969,3887.9797030000045,9.716108172424628
6.497726,39982.005581,6.497726,43844.835938,3862.830356999999,9.66142218447308
6.493506,39947.372791,6.493506,43773.675781,3826.3029899999965,9.578359533225795
6.489293,39893.807423,6.489293,43721.597656,3827.7902329999997,9.594948389892616
6.485084,39804.919365,6.485084,43612.167969,3807.2486040000003,9.564769040450988
6.480881,39779.266362,6.480881,43552.34375,3773.077387999998,9.485035127757687
6.476684,39760.551247,6.476684,43521.816406,3761.265158999995,9.459791278129698
6.472492,39686.843735,6.472492,43487.003906,3800.160170999996,9.575365066505952
6.468305,39485.155128,6.468305,43105.644531,3620.4894029999996,9.169241937288508
6.464124,39451.196235,6.464124,42987.453125,3536.256889999997,8.963623989841727
6.459948,39310.185531,6.459948,42885.238281,3575.0527499999953,9.094469287560877
6.455778,39266.714166,6.455778,42819.671875,3552.957709000002,9.048268449404441
6.451613,39234.892552,6.451613,42764.554688,3529.662135999999,8.99623245131093
6.447453,39156.963679,6.447453,42679.246094,3522.2824150000015,8.995289940953754
6.443299,39117.253394,6.443299,42569.992188,3452.738793999997,8.826639128322837
6.43915,39036.493814,6.43915,42559.460938,3522.9671239999952,9.02480417628215
6.435006,38972.195104,6.435006,42538.390625,3566.1955210000015,9.150614974299913
6.430868,38902.147855,6.430868,42533.125,3630.977144999997,9.333616124574252
6.426735,38793.983806,6.426735,42403.945312,3609.961506000007,9.305467373633537
6.422608,38747.709431,6.422608,42364.359375,3616.649943999997,9.333841915069453
6.418485,38673.782388,6.418485,42311.539062,3637.756674000004,9.406260389800288
6.414368,38575.41857,6.414368,42274.546875,3699.1283049999984,9.589340678928629
6.410256,38515.681845,6.410256,42216.375,3700.693155000001,9.608276363619446
6.40615,38479.482226,6.40615,42211.085938,3731.6037119999964,9.697645332344438
6.402049,38434.549036,6.402049,42211.085938,3776.536902,9.825891019204308
6.397953,38404.945359,6.397953,42203.734375,3798.7890160000024,9.891405860599086
6.393862,38370.240937,6.393862,42181.980469,3811.7395319999996,9.934103719229922
6.389776,38333.034516,6.389776,42140.542969,3807.508453000002,9.932708174748777
6.385696,38286.022316,6.385696,42113.140625,3827.1183089999977,9.996124113944889
6.381621,38241.296942,6.381621,42102.546875,3861.249932999999,10.097068462024964
6.377551,38145.628548,6.377551,41789.296875,3643.6683269999994,9.551994463572784
6.373486,38115.18697,6.373486,41787.125,3671.9380299999975,9.633792516589608
6.369427,38087.653131,6.369427,41677.488281,3589.835149999999,9.425193874910052
6.365372,37979.588851,6.365372,41557.507812,3577.918961000003,9.420636371385566
6.361323,37890.494303,6.361323,41448.03125,3557.5369470000005,9.388995874668044
6.357279,37817.337416,6.357279,41426.261719,3608.924303,9.543041762303215
6.35324,37746.417195,6.35324,41386.550781,3640.1335859999963,9.643653243153839
6.349206,37698.552597,6.349206,41351.777344,3653.224747,9.690623367038018
6.345178,37647.753655,6.345178,41331.632812,3683.879157000003,9.785123412033235
6.341154,37571.033291,6.341154,41008.566406,3437.5331149999984,9.149423941511468
6.337136,37555.374869,6.337136,40968.246094,3412.8712250000026,9.087570652415854
6.333122,37520.496764,6.333122,40914.453125,3393.956360999997,9.045606145216112
6.329114,37437.37716,6.329114,40910.417969,3473.0408090000055,9.276934102933843
6.325111,37385.133897,6.325111,40736.675781,3351.5418839999984,8.96490539055939
6.321113,37305.057771,6.321113,40734.484375,3429.426604,9.19292666708038
6.317119,37262.022373,6.317119,40728.585938,3466.5635649999967,9.303208318375825
6.313131,37241.550305,6.313131,40709.707031,3468.156726000001,9.312600301535705
6.309148,37168.390521,6.309148,40607.132812,3438.7422910000023,9.251792296621307
6.30517,37079.307141,6.30517,40595.164062,3515.856921000006,9.48199195748291
6.301197,36971.850768,6.301197,40396.164062,3424.313294000007,9.261947191899385
6.297229,36900.630696,6.297229,40306.742188,3406.1114919999964,9.230496681915023
6.293266,36844.331992,6.293266,40244.355469,3400.0234770000025,9.228077408862369
6.289308,36760.522344,6.289308,40228.070312,3467.547968000006,9.432803852870101
6.285355,36658.022935,6.285355,40157.476562,3499.4536270000026,9.546214844169427
6.281407,36566.147774,6.281407,40152.042969,3585.8951950000046,9.806598215275278
6.277464,36513.109282,6.277464,40130.308594,3617.1993120000043,9.906577070891052
6.273526,36449.985188,6.273526,40119.4375,3669.4523120000013,10.067088623147239
6.269592,36376.029924,6.269592,40075.941406,3699.911481999996,10.171289966855031
6.265664,36333.963474,6.265664,39975.265625,3641.3021510000035,10.021758715108692
6.261741,36289.999874,6.261741,39958.234375,3668.234500999999,10.10811384330731
6.257822,36239.994259,6.257822,39901.867188,3661.8729289999974,10.104507475440872
6.253909,36217.038614,6.253909,39741.25,3524.2113860000027,9.730810471725563
6.25,36121.157148,6.25,39740.015625,3618.8584770000016,10.018667071412953
6.246096,36078.915546,6.246096,39695.355469,3616.4399230000054,10.023693529227913
6.242197,35999.622988,6.242197,39530.253906,3530.6309179999953,9.807410814210149
6.238303,35943.333642,6.238303,39464.523438,3521.1897959999988,9.796503104223666
6.234414,35900.766105,6.234414,39405.808594,3505.0424889999995,9.763141206370642
6.23053,35881.016535,6.23053,39208.117188,3327.100652999994,9.27259307091979
6.22665,35754.773302,6.22665,39203.820312,3449.047010000002,9.646395967519878
6.222775,35697.668123,6.222775,39187.328125,3489.660001999997,9.775596517890223
6.218905,35659.240348,6.218905,39065.4375,3406.1971520000006,9.552074353684436
6.21504,35601.692495,6.21504,38934.015625,3332.323129999997,9.360013236640357
6.21118,35571.177846,6.21118,38889.882812,3318.704966000005,9.329758436360564
6.207325,35519.966968,6.207325,38768.394531,3248.4275629999975,9.145356373575773
6.203474,35433.604733,6.203474,38735.230469,3301.625736000002,9.317781131438581
6.199628,35379.992119,6.199628,38715.222656,3335.230536999996,9.42688321066326
6.195787,35335.076648,6.195787,38508.257812,3173.1811640000014,8.98025832973425
6.19195,35256.329121,6.19195,38314.011719,3057.6825979999994,8.672719690997916
6.188119,35202.788294,6.188119,38227.847656,3025.059362,8.59323794676683
6.184292,35128.955895,6.184292,38222.285156,3093.329260999999,8.80563962745127
6.18047,35057.192532,6.18047,38051.355469,2994.162937000001,8.540794971722127
6.176652,35002.667995,6.176652,37977.191406,2974.5234109999947,8.497990528678825
6.17284,34973.686366,6.17284,37913.015625,2939.3292589999983,8.404402178940721
6.169031,34935.458138,6.169031,37857.171875,2921.713736999998,8.363175675151634
6.165228,34907.147934,6.165228,37834.617188,2927.469253999996,8.386446407867668
6.161429,34866.299084,6.161429,37739.777344,2873.4782600000035,8.241420327053383
6.157635,34774.944039,6.157635,37664.109375,2889.165335999998,8.308181122476595
6.153846,34720.30864,6.153846,37594.214844,2873.906203999999,8.277306039523728
6.150062,34670.311598,6.150062,37569.507812,2899.1962140000032,8.362186782789824
6.146281,34589.389371,6.146281,37462.433594,2873.0442230000044,8.306143228445617
6.142506,34549.456547,6.142506,37310.78125,2761.3247029999984,7.992382453957209
6.138735,34519.124515,6.138735,37251.867188,2732.7426729999934,7.916604813695383
6.134969,34452.889447,6.134969,37217.972656,2765.0832089999967,8.02569321000961
6.131208,34357.377452,6.131208,37170.121094,2812.7436420000013,8.18672393121282
6.127451,34322.455077,6.127451,37147.597656,2825.1425789999994,8.231178604974474
6.123699,34236.172966,6.123699,37119.429688,2883.2567219999983,8.421667704691659
6.119951,34200.628285,6.119951,37102.683594,2902.055309000003,8.485385954949871
6.116208,34171.442921,6.116208,36878.90625,2707.4633289999983,7.923175311207392
6.112469,34031.729405,6.112469,36871.90625,2840.176845000002,8.345672978296301
6.108735,34017.165412,6.108735,36794.867188,2777.7017759999944,8.165588585520778
6.105006,33978.639825,6.105006,36794.867188,2816.227362999998,8.28822865630996
6.101281,33927.080351,6.101281,36783.558594,2856.478243000005,8.419463783643295
6.097561,33876.019102,6.097561,36690.1875,2814.1683980000016,8.307258268826093
6.093845,33816.382215,6.093845,36619.476562,2803.0943470000057,8.289160943291655
6.090134,33743.415673,6.090134,36605.222656,2861.806982999995,8.481082682124226
6.086427,33716.244546,6.086427,36582.550781,2866.3062349999964,8.501261850469188
6.082725,33630.766895,6.082725,36469.105469,2838.3385740000012,8.439708148380008
6.079027,33579.809674,6.079027,36454.914062,2875.104388000007,8.562003227272989
6.075334,33523.646592,6.075334,36454.914062,2931.267470000006,8.743880120426747
6.071645,33473.340946,6.071645,36406.648438,2933.307492,8.763115390041532
6.067961,33388.60927,6.067961,36389.519531,3000.9102609999973,8.98782646720283
6.064281,33335.541473,6.064281,36372.566406,3037.0249330000006,9.110471283209327
6.060606,33304.226525,6.060606,36281.605469,2977.3789440000037,8.939943228421829
6.056935,33190.695186,6.056935,36213.328125,3022.632939000003,9.106868422192509
6.053269,33150.131989,6.053269,36173.472656,3023.3406669999968,9.12014669505151
6.049607,33125.055293,6.049607,36150.691406,3025.6361130000005,9.133980566183023
6.045949,33035.240247,6.045949,36130.984375,3095.7441279999985,9.371035611830095
6.042296,32985.438477,6.042296,36113.660156,3128.2216789999948,9.483644369867124
6.038647,32931.350177,6.038647,36079.757812,3148.407635000003,9.560517920090996
6.035003,32881.449696,6.035003,36056.660156,3175.210459999995,9.656540357423037
6.031363,32835.816497,6.031363,35892.996094,3057.179597000002,9.310502747142948
6.027728,32724.296405,6.027728,35816.855469,3092.559064000001,9.450345473363587
6.024096,32685.626158,6.024096,35802.46875,3116.842592000001,9.535820353978854
6.02047,32600.531584,6.02047,35791.125,3190.5934159999997,9.78693677978524
6.016847,32565.634246,6.016847,35762.867188,3197.232941999995,9.817812599159518
6.013229,32497.314888,6.013229,35742.5,3245.185111999999,9.986009992469624
6.009615,32435.56071,6.009615,35728.195312,3292.634602000002,10.151310875858762
6.006006,32406.127088,6.006006,35695.519531,3289.392442999997,10.150526269515433
6.002401,32386.023066,6.002401,35639.449219,3253.4261530000003,10.045772357939073
5.9988,32321.332851,5.9988,35539.148438,3217.8155869999973,9.955702018335671
5.995204,32282.045184,5.995204,35470.308594,3188.263410000003,9.876274541552922
5.991612,32255.424358,5.991612,35467.4375,3212.013142,9.958055756297483
5.988024,32232.203638,5.988024,35410.027344,3177.823706000003,9.859157449146675
5.98444,32185.182767,5.98444,35211.691406,3026.5086389999997,9.403422254613167
5.980861,32118.993891,5.980861,35099.398438,2980.4045469999983,9.279258737413725
5.977286,32089.641331,5.977286,35059.054688,2969.4133569999976,9.253495002860673
5.973716,31980.946531,5.973716,34992.746094,3011.7995630000005,9.417480999446283
5.970149,31922.350802,5.970149,34943.691406,3021.3406039999973,9.464655728959361
5.966587,31843.230054,5.966587,34935.03125,3091.8011960000003,9.709445903436615
5.963029,31763.520143,5.963029,34885.953125,3122.4329819999984,9.830248561691974
5.959476,31725.4767,5.959476,34706.746094,2981.2693940000026,9.397083051552706
5.955926,31652.030125,5.955926,34666.234375,3014.204249999999,9.52294130296326
5.952381,31593.023219,5.952381,34657.550781,3064.5275619999993,9.700013641483341
5.94884,31543.385109,5.94884,34651.15625,3107.771141000001,9.852370410661118
5.945303,31518.743826,5.945303,34489.503906,2970.7600799999964,9.425375885537033
5.941771,31454.811813,5.941771,34396.660156,2941.848342999998,9.352617845846268
5.938242,31384.115411,5.938242,34309.535156,2925.4197449999992,9.321338857856265
5.934718,31352.083748,5.934718,34286.289062,2934.2053140000025,9.358884524500482
5.931198,31313.462922,5.931198,34207.792969,2894.330047000003,9.243085168221764
5.927682,31235.923583,5.927682,34206.488281,2970.5646979999983,9.510090809726252
5.924171,31175.202536,5.924171,34158.332031,2983.1294949999974,9.568917769035139
5.920663,31065.929868,5.920663,34009.804688,2943.8748199999973,9.476216654414028
5.91716,31023.714311,5.91716,33925.242188,2901.527876999997,9.352612804235402
5.913661,30999.002939,5.913661,33896.066406,2897.0634669999963,9.345666609667584
5.910165,30945.11449,5.910165,33863.960938,2918.8464479999966,9.432333653001121
5.906675,30886.332876,5.906675,33858.121094,2971.7882180000015,9.621693290462488
5.903188,30838.796047,5.903188,33828.925781,2990.1297339999983,9.696000224661423
5.899705,30702.704744,5.899705,33811.402344,3108.697600000003,10.125158763439279
5.896226,30677.439561,5.896226,33767.582031,3090.142469999999,10.073012983549233
5.892752,30626.331888,5.892752,33712.050781,3085.7188929999975,10.075378613032802
5.889282,30591.448233,5.889282,33694.503906,3103.055672999999,10.143539623771819
5.885815,30543.498028,5.885815,33688.65625,3145.158221999998,10.297308511018455
5.882353,30520.908306,5.882353,33665.257812,3144.3495060000023,10.302280241711763
5.878895,30443.94276,5.878895,33636.003906,3192.0611459999964,10.485045157140469
5.875441,30371.235722,5.875441,33518.890625,3147.6549029999987,10.36393425612226
5.871991,30332.916899,5.871991,33425.101562,3092.1846630000036,10.194155324053074
5.868545,30274.854791,5.868545,33407.507812,3132.653021000002,10.3473758755443
5.865103,30219.908094,5.865103,33319.480469,3099.5723750000034,10.256723367121712
5.861665,30150.028863,5.861665,33063.75,2913.7211370000005,9.664074121586358
5.858231,30038.273239,5.858231,33037.257812,2998.984573000005,9.983878064955789
5.854801,29954.283401,5.854801,32957.738281,3003.4548799999975,10.026795967015953
5.851375,29878.217775,5.851375,32951.84375,3073.625974999999,10.28717977138447
5.847953,29792.738668,5.847953,32833.910156,3041.1714879999963,10.207760763083119
5.844535,29758.524982,5.844535,32696.449219,2937.9242369999993,9.872546568679255
5.841121,29682.886987,5.841121,32600.576172,2917.6891849999993,9.829533044672637
5.837712,29677.289509,5.837712,32467.417969,2790.12846,9.401560944957119
5.834306,29665.549855,5.834306,32405.216797,2739.666942,9.235180050230017
5.830904,29585.497986,5.830904,32295.529297,2710.0313110000025,9.159998970720055
5.827506,29524.975522,5.827506,32274.765625,2749.7901029999994,9.313437367462145
5.824112,29504.781827,5.824112,32147.113281,2642.331454000003,8.955604110185252
5.820722,29467.781041,5.820722,32043.091797,2575.3107560000026,8.73941187637048
5.817336,29448.709555,5.817336,31930.033203,2481.323647999998,8.42591640005734
5.813953,29379.244117,5.813953,31795.984375,2416.7402580000016,8.226012379268735
5.810575,29316.420558,5.810575,31754.244141,2437.8235829999976,8.315556731003278
5.807201,29272.102166,5.807201,31661.757812,2389.6556459999993,8.163594238802641
5.803831,29204.878029,5.803831,31624.517578,2419.6395489999995,8.285052745631514
5.800464,29120.829168,5.800464,31581.138672,2460.3095040000007,8.448624487325933
5.797101,29090.374141,5.797101,31548.273438,2457.899297,8.449184204667324
5.793743,29046.320151,5.793743,31539.310547,2492.990396000001,8.582809743333952
5.790388,28999.065316,5.790388,31536.322266,2537.256949999999,8.749443895352337
5.787037,28979.800874,5.787037,31147.369141,2167.5682669999987,7.479583025515852
5.78369,28917.002179,5.78369,31047.257812,2130.2556330000007,7.366792794818224
5.780347,28857.940142,5.780347,30930.882812,2072.9426700000004,7.1832662338329145
5.777008,28770.760356,5.777008,30913.535156,2142.774800000003,7.447751722533597
5.773672,28741.488965,5.773672,30879.769531,2138.2805660000013,7.439700039910585
5.77034,28684.353454,5.77034,30839.449219,2155.095764999998,7.513140459853986
5.767013,28659.857782,5.767013,30807.564453,2147.706671,7.493779931974681
5.763689,28635.508484,5.763689,30789.505859,2153.997374999999,7.522120224278672
5.760369,28587.650375,5.760369,30750.367188,2162.716812999999,7.565213596187332
5.757052,28555.852475,5.757052,30711.214844,2155.3623689999986,7.54788312093631
5.75374,28520.943249,5.75374,30587.636719,2066.6934699999983,7.246231136035308
5.750431,28450.705081,5.750431,30542.390625,2091.685544,7.351963819683586
5.747126,28399.801451,5.747126,30469.953125,2070.1516740000006,7.2893174185452185
5.743825,28328.440317,5.743825,30382.359375,2053.9190579999995,7.250378188902391
5.740528,28274.269674,5.740528,30370.271484,2096.0018100000016,7.413106807591248
5.737235,28230.419303,5.737235,30318.884766,2088.4654630000005,7.39792576434762
5.733945,28174.536105,5.733945,30313.144531,2138.6084260000025,7.590571919373941
5.730659,28121.70774,5.730659,30237.216797,2115.5090569999993,7.52269057256051
5.727377,28069.674405,5.727377,30206.953125,2137.2787199999984,7.614191348152185
5.724098,28026.156279,5.724098,30179.708984,2153.552705000002,7.6840815542503025
5.720824,27974.804559,5.720824,30085.71875,2110.914191,7.545769217254033
5.717553,27929.121225,5.717553,30010.033203,2080.911978,7.450689054037718
5.714286,27822.358816,5.714286,29934.199219,2111.8404029999983,7.590443416269678
5.711022,27757.698184,5.711022,29694.207031,1936.508847000001,6.976474901352724
5.707763,27707.185161,5.707763,29569.443359,1862.2581979999995,6.721210354566337
5.704507,27677.380838,5.704507,29502.4375,1825.056661999999,6.594036743152608
5.701254,27642.590072,5.701254,29478.0625,1835.472428000001,6.640016088286912
5.698006,27607.84114,5.698006,29322.535156,1714.6940160000013,6.210894967501256
5.694761,27575.951557,5.694761,29292.015625,1716.0640679999997,6.223045701443389
5.69152,27520.032917,5.69152,29261.484375,1741.4514579999995,6.327941042992902
5.688282,27434.740842,5.688282,29230.947266,1796.206424,6.547196615942432
5.685048,27397.190712,5.685048,28998.576172,1601.3854600000013,5.845071769707369
5.681818,27377.460336,5.681818,28989.392578,1611.932241999999,5.887807788658863
5.678592,27368.073731,5.678592,28958.779297,1590.7055660000005,5.812267175377409
5.675369,27313.304623,5.675369,28869.949219,1556.6445959999983,5.699217350247609
5.67215,27263.975102,5.67215,28661.378906,1397.4038040000014,5.125458773975671
5.668934,27222.552771,5.668934,28660.152344,1437.5995729999995,5.280913899197082
5.665722,27207.726365,5.665722,28646.027344,1438.3009789999996,5.286369613192777
5.662514,27194.603869,5.662514,28403.191406,1208.587537000003,4.444218208957663
5.65931,27145.360171,5.65931,28335.472656,1190.1124850000015,4.384220645823021
5.656109,27084.909848,5.656109,28301.597656,1216.6878080000024,4.492124267084629
5.652911,27017.214753,5.652911,28295.4375,1278.2227469999998,4.731141824521588
5.649718,27002.433501,5.649718,28224.570312,1222.1368110000003,4.526024704235416
5.646527,26929.972868,5.646527,28135.154297,1205.1814290000002,4.4752418983387745
5.643341,26887.71453,5.643341,27970.195312,1082.4807819999987,4.025930804911735
5.640158,26826.343084,5.640158,27925.207031,1098.8639470000016,4.096212232726553
5.636979,26781.945353,5.636979,27922.117188,1140.171835000001,4.2572405401173885
5.633803,26710.323977,5.633803,27789.152344,1078.8283669999983,4.038993940803439
5.630631,26682.868835,5.630631,27569.263672,886.3948369999998,3.3219622765499377
5.627462,26624.966639,5.627462,27536.28125,911.3146110000016,3.422782170420137
5.624297,26604.084592,5.624297,27532.058594,927.974001999999,3.4880884504443586
5.621135,26551.361975,5.621135,27389.324219,837.9622439999985,3.156004745779142
5.617978,26499.606885,5.617978,27342.742188,843.1353029999991,3.181689851698338
5.614823,26459.152907,5.614823,27246.412109,787.2592020000011,2.975375684804047
5.611672,26390.350645,5.611672,27246.412109,856.0614640000022,3.243842704159728
5.608525,26350.17848,5.608525,27204.935547,854.7570670000023,3.243837864888733
5.605381,26299.648681,5.605381,27181.783203,882.1345220000003,3.354168463236136
5.602241,26253.802361,5.602241,27061.644531,807.8421700000035,3.0770482648260216
5.599104,26171.817461,5.599104,26997.447266,825.6298050000005,3.1546521605934124
5.595971,26114.003226,5.595971,26932.005859,818.0026330000001,3.1324290876458516
5.592841,26059.237376,5.592841,26925.771484,866.5341079999998,3.325247379641506
5.589715,25984.629874,5.589715,26860.289062,875.6591880000014,3.369912106680337
5.586592,25959.257624,5.586592,26797.892578,838.6349539999974,3.230581421653051
5.583473,25910.739536,5.583473,26753.304688,842.5651519999992,3.2517989339105955
5.580357,25863.835507,5.580357,26704.232422,840.3969150000012,3.24931278956112
5.577245,25810.18305,5.577245,26694.863281,884.6802310000021,3.427640281691075
5.574136,25768.825145,5.574136,26588.617188,819.7920430000013,3.1813326311427437
5.571031,25731.279876,5.571031,26457.238281,725.9584050000012,2.8213070181445383
5.567929,25669.812413,5.567929,26397.757812,727.9453990000002,2.8358033447542677
5.56483,25630.618408,5.56483,26224.441406,593.8229980000033,2.3168500601400055
5.561735,25530.156463,5.561735,26029.976562,499.8200990000005,1.9577635559122915
5.558644,25494.678734,5.558644,26011.972656,517.2939220000007,2.029027027158148
5.555556,25429.841792,5.555556,26008.832031,578.9902390000025,2.276814160842116
5.552471,25396.027378,5.552471,25971.125,575.0976220000011,2.264518042291115
5.54939,25368.007919,5.54939,25933.408203,565.4002839999994,2.2287926028930665
5.546312,25293.309116,5.546312,25912.339844,619.0307279999979,2.4474090169894476
5.543237,25252.252454,5.543237,25905.113281,652.8608270000004,2.5853568040683284
5.540166,25226.875923,5.540166,25861.083984,634.2080610000012,2.51401744288827
5.537099,25158.012311,5.537099,25845.355469,687.3431579999997,2.732104386877449
5.534034,25091.631486,5.534034,25826.478516,734.8470300000008,2.9286538438523313
5.530973,25036.375031,5.530973,25684.806641,648.4316099999996,2.5899580478288593
5.527916,24994.695648,5.527916,25681.65625,686.9606019999992,2.7484255526630816
5.524862,24965.437642,5.524862,25483.029297,517.5916550000002,2.0732328526428168
5.521811,24901.358357,5.521811,25475.279297,573.92094,2.3047776421347934
5.518764,24878.08842,5.518764,25429.376953,551.288532999999,2.2159601802717566
5.51572,24842.944845,5.51572,25268.275391,425.3305459999974,1.7120778098317972
5.512679,24804.974435,5.512679,25138.607422,333.63298700000087,1.3450245146362347
5.509642,24734.187431,5.509642,25040.474609,306.2871780000023,1.2383151007262307
5.506608,24716.266176,5.506608,25008.800781,292.53460500000074,1.1835711871563264
5.503577,24689.324802,5.503577,24970.783203,281.45840099999987,1.1400003979744309
5.50055,24637.841885,5.50055,24954.939453,317.0975679999974,1.2870346740598761
5.497526,24598.128378,5.497526,24939.09375,340.96537199999875,1.386143558405648
5.494505,24569.969506,5.494505,24935.923828,365.9543219999978,1.4894374285268508
5.491488,24498.006925,5.491488,24926.414062,428.40713699999833,1.7487428194120258
5.488474,24463.0365,5.488474,24535.916016,72.87951600000088,0.29791688370330016
5.485464,24433.987096,5.485464,24440.484375,6.497278999999253,0.026591153439149105
5.482456,24410.825825,5.482456,24402.292969,8.53285600000163,0.034955212335597535
5.479452,24390.279593,5.479452,24335.427734,54.85185899999851,0.22489229281217826
5.476451,24345.361883,5.476451,24300.388672,44.97321100000045,0.1847300985548486
5.473454,24315.038441,5.473454,24294.015625,21.022816000000603,0.08646013886020408
5.47046,24243.755959,5.47046,24294.015625,50.259666000001744,0.20730973404038028
5.467469,24157.226946,5.467469,24274.898438,117.67149200000131,0.4871067869794781
5.464481,24120.831566,5.464481,24246.21875,125.38718399999925,0.5198294414390806
5.461496,24082.491308,5.461496,24211.154297,128.66298900000038,0.5342594640831848
5.458515,24050.409326,5.458515,24187.169922,136.76059600000008,0.5686414486598916
5.455537,24036.533687,5.455537,24150.566406,114.03271900000254,0.4744141584012024
5.452563,24013.366016,5.452563,24035.689453,22.323436999999103,0.0929625483787866
5.449591,23958.659409,5.449591,24010.146484,51.487075000000914,0.21489964910415624
5.446623,23931.166585,5.446623,24000.566406,69.3998210000027,0.28999765119474935
5.443658,23890.96012,5.443658,24000.566406,109.606286000002,0.458777233938985
5.440696,23853.979205,5.440696,23821.609375,32.36982999999964,0.1356999170738551
5.437738,23832.459347,5.437738,23818.412109,14.047237999999197,0.05894162157363522
5.434783,23789.495367,5.434783,23802.419922,12.924555000001419,0.05432883211944855
5.431831,23737.036742,5.431831,23642.400391,94.63635100000101,0.3986864579122157
5.428882,23720.585163,5.428882,23616.779297,103.80586599999879,0.43761933058008173
5.425936,23710.204216,5.425936,23566.238281,143.96593499999653,0.6071897723379632
5.422993,23630.64206,5.422993,23523.855469,106.78659100000004,0.4518988131124866
5.420054,23603.691438,5.420054,23511.644531,92.04690699999992,0.3899682693352446
5.417118,23587.282232,5.417118,23478.972656,108.30957599999965,0.45918633157770083
5.414185,23544.174652,5.414185,23462.939453,81.23519900000247,0.3450331141384979
5.411255,23502.189618,5.411255,23337.808594,164.38102400000207,0.6994285497301278
5.408329,23457.750382,5.408329,23331.941406,125.80897599999662,0.5363215736856614
5.405405,23435.831727,5.405405,23183.634766,252.19696100000147,1.0761169645600837
5.402485,23369.707662,5.402485,22942.369141,427.3385210000015,1.8286001997999723
5.399568,23334.179418,5.399568,22942.369141,391.8102770000005,1.679126015023943
5.396654,23291.103502,5.396654,22932.710938,358.3925640000016,1.5387530434924497
5.393743,23262.555202,5.393743,22903.726562,358.8286399999997,1.54251601719638
5.390836,23221.092533,5.390836,22903.726562,317.36597099999926,1.3667142084248776
5.387931,23195.407908,5.387931,22881.177734,314.23017400000026,1.3547085494091422
5.38503,23134.581057,5.38503,22803.841797,330.73925999999847,1.429631507850125
5.382131,23087.776896,5.382131,22781.277344,306.49955200000113,1.3275403404175425
5.379236,23057.001243,5.379236,22758.708984,298.292258999998,1.2937166280049457
5.376344,22981.901367,5.376344,22671.621094,310.2802730000003,1.3501070605304035
5.373455,22954.647017,5.373455,22652.259766,302.3872510000001,1.317324769908485
5.370569,22898.975025,5.370569,22649.033203,249.94182200000068,1.0914978584287123
5.367687,22853.355238,5.367687,22402.792969,450.56226900000183,1.9715366269317771
5.364807,22795.256223,5.364807,22377.677734,417.57848899999954,1.8318657395860742
5.36193,22735.449765,5.36193,22345.335938,390.11382700000104,1.7158834816655362
5.359057,22703.871467,5.359057,22345.335938,358.5355290000007,1.5791823413074322
5.356186,22688.027707,5.356186,22338.867188,349.16051900000093,1.5389637367741464
5.353319,22659.704495,5.353319,22241.791016,417.91347900000255,1.8443024227973388
5.350455,22606.541559,5.350455,22173.794922,432.7466370000002,1.9142540484159876
5.347594,22595.751318,5.347594,22031.214844,564.5364740000005,2.498418689668819
5.344735,22548.261427,5.344735,22008.517578,539.7438490000022,2.3937271205916386
5.34188,22523.184717,5.34188,21972.841797,550.3429199999991,2.4434507238428522
5.339028,22468.509351,5.339028,21963.173828,505.33552300000156,2.249083439874531
5.336179,22415.383205,5.336179,21917.689453,497.6937519999992,2.22032230030751
5.333333,22369.241262,5.333333,21911.199219,458.0420430000013,2.047642285382765
5.33049,22333.489797,5.33049,21885.236328,448.2534689999993,2.007091023724434
5.327651,22281.74047,5.327651,21794.324219,487.4162510000024,2.1875142637813982
5.324814,22208.751667,5.324814,21703.351562,505.4001050000006,2.2756799327491017
5.32198,22146.5443,5.32198,21700.101562,446.44273800000155,2.015857336261719
5.319149,22065.176809,5.319149,21696.851562,368.3252470000007,1.6692603471446792
5.316321,22046.43021,5.316321,21693.601562,352.8286479999988,1.6003890182636458
5.313496,22002.802076,5.313496,21672.447266,330.3548100000007,1.5014215410333664
5.310674,21946.27375,5.310674,21615.568359,330.7053909999995,1.506886293168559
5.307856,21927.604176,5.307856,21614.705078,312.8990980000017,1.426964366414791
5.30504,21866.578601,5.30504,21573.283203,293.295398000002,1.3412953318018808
5.302227,21843.300473,5.302227,21286.693359,556.6071139999985,2.5481822890639068
5.299417,21821.947246,5.299417,21283.433594,538.5136520000015,2.4677616801530484
5.29661,21752.005371,5.29661,21169.277344,582.728027000001,2.678962316628057
5.293806,21700.443059,5.293806,21139.908203,560.534856000002,2.583057196002857
5.291005,21657.2844,5.291005,21087.935547,569.3488529999995,2.6289023244299248
5.288207,21615.633063,5.288207,21071.353516,544.2795470000019,2.517990314758157
5.285412,21540.064979,5.285412,21032.164062,507.900916999999,2.3579358627523432
5.28262,21497.906698,5.28262,20855.675781,642.2309169999971,2.9874114071754967
5.279831,21437.892875,5.279831,20642.935547,794.9573280000004,3.708187799217186
5.277045,21412.888247,5.277045,20593.794922,819.093324999998,3.8252351366694084
5.274262,21379.402215,5.274262,20567.578125,811.8240899999983,3.7972253940309635
5.271481,21315.909709,5.271481,20554.46875,761.4409589999996,3.5721720038929616
5.268704,21301.630165,5.268704,20551.191406,750.4387589999969,3.52291704056067
5.265929,21261.813928,5.265929,20456.109375,805.7045529999996,3.7894440978949366
5.263158,21245.970952,5.263158,20439.708984,806.2619679999989,3.794893487436031
5.260389,21195.331121,5.260389,20288.736328,906.5947930000002,4.277332530567359
5.257624,21147.227826,5.257624,20288.736328,858.4914979999994,4.059593555541617
5.254861,21121.232397,5.254861,20203.332031,917.900365999998,4.345865566681488
5.252101,21082.047357,5.252101,20101.435547,980.6118099999985,4.651406921702033
5.249344,20991.989912,5.249344,20078.416016,913.5738960000017,4.352011885627671
5.24659,20879.797775,5.24659,19959.974609,919.8231659999983,4.405326028115702
5.243838,20842.819575,5.243838,19956.681641,886.1379340000021,4.251526194963006
5.24109,20793.100983,5.24109,19834.84375,958.2572330000003,4.608534502782683
5.238345,20784.926564,5.238345,19805.191406,979.7351579999995,4.713681113970951
5.235602,20756.280612,5.235602,19759.009766,997.2708459999994,4.804670280972396
5.232862,20668.737668,5.232862,19706.304688,962.4329800000014,4.656467150822039
5.230126,20631.200767,5.230126,19653.537109,977.6636579999977,4.738762755698589
5.227392,20578.231939,5.227392,19607.349609,970.8823300000004,4.718006546325186
5.22466,20540.633152,5.22466,19600.75,939.8831519999985,4.575726293561131
5.221932,20477.445868,5.221932,19587.550781,889.8950869999971,4.345732825941108
5.219207,20454.428257,5.219207,19574.349609,880.0786479999988,4.302631376160879
5.216484,20415.360301,5.216484,19495.119141,920.2411600000014,4.507592060253404
5.213764,20394.090859,5.213764,19422.451172,971.639686999999,4.764319692982098
5.211047,20334.80997,5.211047,19343.134766,991.6752039999992,4.87673701137616
5.208333,20285.295678,5.208333,19343.134766,942.1609119999994,4.644551043058252
5.205622,20259.913901,5.205622,19339.830078,920.0838230000008,4.541400459528048
5.202914,20204.369037,5.202914,19283.621094,920.7479430000021,4.55717246756802
5.200208,20177.775737,5.200208,19261.355469,916.4202680000017,4.541730862433768
5.197505,20118.250415,5.197505,19200.162109,918.0883059999978,4.563459978187163
5.194805,20044.266398,5.194805,19190.992188,853.2742099999996,4.256949059932364
5.192108,19996.927095,5.192108,18955.847656,1041.0794389999974,5.206197102455343
5.189414,19951.460794,5.189414,18949.216797,1002.2439969999978,5.023411605537187
5.186722,19913.040952,5.186722,18786.705078,1126.3358740000003,5.6562725739128
5.184033,19878.428578,5.184033,18786.705078,1091.7235,5.492001018673279
5.181347,19865.380562,5.181347,18736.919922,1128.4606399999975,5.680538746680757
5.178664,19809.850043,5.178664,18660.550781,1149.2992619999968,5.801655537549679
5.175983,19775.829068,5.175983,18594.109375,1181.719692999999,5.97557598691113
5.173306,19750.892548,5.173306,18546.753906,1204.138641999998,6.09662899574597
5.170631,19687.960431,5.170631,18540.933594,1147.0268370000013,5.826031807712958
5.167959,19662.410335,5.167959,18507.691406,1154.7189289999988,5.872723177506603
5.165289,19598.573586,5.165289,18501.041016,1097.5325699999994,5.600063520867704
5.162623,19581.69394,5.162623,18278.103516,1303.5904240000018,6.657189250298341
5.159959,19559.384762,5.159959,18114.847656,1444.5371059999998,7.385391327882912
5.157298,19522.579328,5.157298,17968.097656,1554.481671999998,7.962481011771347
5.154639,19491.144665,5.154639,17687.539062,1803.605603,9.253461682210546
5.151984,19383.706654,5.151984,17227.615234,2156.0914200000007,11.123215278100961
5.149331,19343.683736,5.149331,17198.658203,2145.025533,11.089022971399972
5.14668,19289.343652,5.14668,17165.115234,2124.228417999999,11.012445297897681
5.144033,19201.592053,5.144033,17138.275391,2063.316662000001,10.745549933072526
5.141388,19164.043533,5.141388,17108.076172,2055.967360999999,10.728254491071652
5.138746,19114.158964,5.138746,17044.300781,2069.8581829999966,10.828926278673366
5.136107,19078.082242,5.136107,17010.724609,2067.3576329999996,10.836296891774348
5.13347,19028.0463,5.13347,16953.626953,2074.4193470000027,10.901904033100879
5.130836,18970.380959,5.130836,16895.324219,2075.05674,10.938403105792895
5.128205,18897.568121,5.128205,16860.152344,2037.415777000002,10.781364903433872
5.125577,18849.057779,5.125577,16852.816406,1996.241372999997,10.590669286525493
5.122951,18815.710312,5.122951,16802.386719,2013.323593000001,10.700226351359023
5.120328,18761.9139,5.120328,16768.560547,1993.3533529999986,10.624467011331923
5.117707,18698.576484,5.117707,16767.228516,1931.3479680000019,10.328850271851538
5.11509,18654.924531,5.11509,16728.392578,1926.5319530000015,10.327203145735425
5.112474,18623.708477,5.112474,16590.400391,2033.308086000001,10.917847476570554
5.109862,18596.977746,5.109862,16293.80957,2303.168176000001,12.384636941856783
5.107252,18535.757922,5.107252,16260.070312,2275.687610000001,12.277283829322124
5.104645,18502.551658,5.104645,16185.818359,2316.7332989999995,12.521155686104013
5.102041,18473.120406,5.102041,16033.830078,2439.2903279999973,13.20453867234972
5.099439,18453.784132,5.099439,16023.692383,2430.091749000001,13.168528100348112
5.09684,18426.903121,5.09684,15969.613281,2457.2898399999995,13.335338140458223
5.094244,18398.073459,5.094244,15759.883789,2638.1896699999998,14.339488728964966
5.09165,18393.937408,5.09165,15742.958008,2650.979400000002,14.412245411072359
5.089059,18332.951183,5.089059,15709.100586,2623.8505970000006,14.312210679059007
5.08647,18311.188859,5.08647,15692.168945,2619.0199140000022,14.302839286771633
5.083884,18264.921692,5.083884,15678.623047,2586.2986450000008,14.159921890783659
5.081301,18218.414027,5.081301,15549.875977,2668.538049999999,14.647477250463078
5.07872,18169.381253,5.07872,15186.796875,2982.5843779999996,16.415442752116483
5.076142,18085.463324,5.076142,15169.810547,2915.652777000001,16.121526580581623
5.073567,18071.578628,5.073567,14993.046875,3078.5317529999993,17.035212121591524
5.070994,18044.008457,5.070994,14901.19043,3142.8180269999993,17.417515816895847
5.068424,17971.814572,5.068424,14867.15625,3104.6583219999993,17.275152208820593
5.065856,17947.756937,5.065856,14828.455078,3119.3018589999974,17.37989805605978
5.063291,17915.914877,5.063291,14792.255859,3123.6590179999985,17.435107497692307
5.060729,17884.814563,5.060729,14734.355469,3150.459094,17.61527402424206
5.058169,17805.866589,5.058169,14727.541992,3078.3245970000007,17.288260482091385
5.055612,17788.41199,5.055612,14693.47168,3094.94031,17.398631826943646
5.053057,17763.507579,5.053057,14676.433594,3087.073985000001,17.37874105815417
5.050505,17696.501653,5.050505,14536.657227,3159.8444259999997,17.85575752744513
5.047956,17675.379906,5.047956,14502.546875,3172.8330309999983,17.95057898542234
5.045409,17624.985331,5.045409,14502.546875,3122.438456,17.715977615641172
5.042864,17597.02683,5.042864,14499.135742,3097.8910879999985,17.604627860875965
5.040323,17572.994187,5.040323,14454.78125,3118.2129370000002,17.7443462611896
5.037783,17544.661702,5.037783,14369.451172,3175.210530000002,18.097872640303144
5.035247,17498.817858,5.035247,14345.550781,3153.2670769999986,18.019886272251288
5.032713,17463.304154,5.032713,14301.155273,3162.148881000001,18.1073916660594
5.030181,17422.65871,5.030181,14143.967773,3278.6909369999994,18.81854538720973
5.027652,17385.628649,5.027652,13925.025391,3460.603257999999,19.904964772148457
5.025126,17306.954388,5.025126,13812.022461,3494.931926999998,20.193800992641744
5.022602,17244.395535,5.022602,13774.049805,3470.345729999999,20.124484635929566
5.02008,17218.990793,5.02008,13674.946289,3544.0445040000013,20.582184790067686
5.017561,17178.76856,5.017561,13527.464844,3651.3037160000003,21.254746539294434
5.015045,17156.833693,5.015045,13441.661133,3715.172560000001,21.65418530294313
5.012531,17119.218609,5.012531,13417.628906,3701.5897029999996,21.622422071612437
5.01002,17101.445177,5.01002,13379.856445,3721.588732000002,21.761837631156602
5.007511,17082.045223,5.007511,13366.118164,3715.9270590000015,21.753408391617633
5.005005,17053.909967,5.005005,13355.814453,3698.0955139999987,21.68473693807439
5.002501,16960.589671,5.002501,13271.265625,3689.3240460000015,21.752333601396995
5.0,16927.612273,5.0,13225.244141,3702.3681319999996,21.87176828184668
4.997501,16909.740163,4.997501,13180.552734,3729.187428999998,22.05348747557806
4.995005,16882.035578,4.995005,13153.044922,3728.990656,22.088513193630945
4.992511,16859.421395,4.992511,12919.045898,3940.375497000001,23.37194975249031
4.99002,16794.445275,4.99002,12853.607422,3940.837852999999,23.46512664438093
4.987531,16769.627265,4.987531,12746.785156,4022.8421089999993,23.988858222246236
4.985045,16716.625633,4.985045,12677.833984,4038.791648999999,24.160328392035595
4.982561,16690.97547,4.982561,12667.835938,4023.139532000001,24.103681293110192
4.98008,16669.429484,4.98008,12622.652344,4046.77714,24.276638524937294
4.977601,16643.125179,4.977601,12564.00293,4079.122248999998,24.50935269144621
4.975124,16616.440731,4.975124,12387.936523,4228.5042079999985,25.447713360847533
4.97265,16555.364839,4.97265,12387.936523,4167.428316000001,25.172675785330068
4.970179,16511.043013,4.970179,12339.574219,4171.4687939999985,25.264720046550575
4.96771,16487.952538,4.96771,12325.75293,4162.199608000001,25.24388397168978
4.965243,16422.58367,4.965243,12222.06543,4200.518239999999,25.57769425570538
4.962779,16398.133022,4.962779,12190.947266,4207.185756000003,25.656492421152905
4.960317,16371.541084,4.960317,12118.317383,4253.223701000001,25.979372859142142
4.957858,16320.130442,4.957858,12083.21582,4236.914622,25.96127915188878
4.955401,16271.48085,4.955401,12069.879883,4201.600967,25.821872057821952
4.952947,16235.729261,4.952947,12045.65625,4190.073011,25.807729013226492
4.950495,16192.240901,4.950495,12024.642578,4167.598322999998,25.73824307877371
4.948046,16149.913758,4.948046,12014.507812,4135.405946000001,25.606365507379202
4.945598,16070.115956,4.945598,11966.041992,4104.073963999999,25.538546051795517
4.943154,16026.646249,4.943154,11938.341797,4088.3044520000003,25.509419678213057
4.940711,15998.169979,4.940711,11917.563477,4080.6065020000005,25.506708000705135
4.938272,15962.221067,4.938272,11917.563477,4044.6575900000007,25.338939819357915
4.935834,15928.152345,4.935834,11626.415039,4301.737306000001,27.00713311139542
4.933399,15895.123488,4.933399,11591.723633,4303.399855,27.073711369709365
4.930966,15860.436406,4.930966,11574.375,4286.061406000001,27.023603236910837
4.928536,15844.218299,4.928536,11559.546875,4284.671424,27.042491735110875
4.926108,15827.465062,4.926108,11550.083984,4277.3810779999985,27.025054620209016
4.923683,15811.343627,4.923683,11144.894531,4666.449096,29.51329884470672
4.92126,15776.261212,4.92126,11049.661133,4726.600079,29.96020423016814
4.918839,15746.164765,4.918839,10990.493164,4755.671601,30.20209474481515
4.916421,15703.405398,4.916421,10708.308594,4995.096804000001,31.80900369951718
4.914005,15668.218442,4.914005,10649.029297,5019.189145,32.034204549673845
4.911591,15599.546702,4.911591,10540.883789,5058.662913,32.428268651879705
4.90918,15579.302608,4.90918,10471.079102,5108.223506,32.78852484306273
4.906771,15532.792264,4.906771,10457.115234,5075.677029999999,32.67717061898639
4.904365,15485.118521,4.904365,10397.755859,5087.362662,32.85323683574536
4.901961,15426.469086,4.901961,10387.27832,5039.190766,32.66587277948926
4.899559,15398.462741,4.899559,10383.786133,5014.676608,32.56608592913567
4.89716,15360.523961,4.89716,10352.350586,5008.173375,32.604183214815016
4.894763,15284.123159,4.894763,10327.896484,4956.226675,32.42728826142404
4.892368,15226.888298,4.892368,10313.921875,4912.966423,32.26507167354279
4.889976,15187.76155,4.889976,10226.555664,4961.205886,32.665813653098866
4.887586,15161.013531,4.887586,10198.588867,4962.424664,32.73148364291899
4.885198,15131.326082,4.885198,10153.135742,4978.190339999999,32.899894649167464
4.882812,15106.266003,4.882812,10135.650391,4970.615612000001,32.904329971502364
4.880429,15048.437185,4.880429,9985.210938,5063.2262470000005,33.64619318773466
4.878049,15012.877138,4.878049,9870.211914,5142.665224,34.255027712063864
4.87567,14983.375228,4.87567,9852.165039,5131.210189000001,34.24602341541254
4.873294,14950.807519,4.873294,9827.646484,5123.161034999999,34.26678477727246
4.870921,14911.410064,4.870921,9736.548828,5174.861235999999,34.704036799936524
4.868549,14875.583846,4.868549,9697.994141,5177.589705,34.80595960871975
4.86618,14828.742514,4.86618,9659.431641,5169.310873,34.8600757489692
4.863813,14806.775032,4.863813,9445.444336,5361.330695999999,36.20863209181768
4.861449,14768.154931,4.861449,9343.628906,5424.526024999999,36.73123724896274
4.859086,14729.723233,4.859086,9329.581055,5400.142178,36.66153187387591
4.856727,14686.370402,4.856727,9287.431641,5398.938761000001,36.76155927719738
4.854369,14667.920194,4.854369,9224.19043,5443.729764,37.11316732025028
4.852014,14617.157973,4.852014,9210.133789,5407.024184,36.99094033181795
4.849661,14583.581332,4.849661,9177.867188,5405.714144,37.0671237807583
4.84731,14560.623707,4.84731,9167.958008,5392.665699000001,37.03595263166841
4.844961,14543.208076,4.844961,9160.927734,5382.280342,37.0088931814304
4.842615,14473.785391,4.842615,9132.804688,5340.980702999999,36.901063258275855
4.840271,14435.682234,4.840271,9129.289062,5306.393172,36.758866577860694
4.837929,14391.179161,4.837929,9125.773438,5265.405723,36.5877296369794
4.83559,14351.740929,4.83559,9037.858398,5313.882530999999,37.026048319074974
4.833253,14321.920799,4.833253,9013.235352,5308.685447,37.06685382152559
4.830918,14287.546429,4.830918,8883.032227,5404.514202,37.826748132417215
4.828585,14251.55452,4.828585,8865.430664,5386.123856,37.7932375618488
4.826255,14204.343514,4.826255,8826.701172,5377.642342000001,37.8591403164794
4.823927,14185.568832,4.823927,8770.353516,5415.215316000002,38.174114694535795
4.821601,14159.073771,4.821601,8587.112305,5571.961465999999,39.35258447068938
4.819277,14110.502891,4.819277,8565.958008,5544.5448830000005,39.29374399927615
4.816956,14090.165421,4.816956,8502.481445,5587.683976,39.656624383359684
4.814636,14063.62642,4.814636,8474.262695,5589.363725000001,39.7434030034481
4.81232,14043.748935,4.81232,8340.927734,5702.821200999999,40.60754167135073
4.810005,13981.675134,4.810005,8273.09082,5708.584314,40.82904415450281
4.807692,13968.759946,4.807692,8262.49707,5706.262876000001,40.850174947948815
4.805382,13921.283838,4.805382,8240.398438,5680.885399999999,40.80719469632007
4.803074,13897.783584,4.803074,8203.548828,5694.234756,40.97225087427293
4.800768,13827.712151,4.800768,8202.455078,5625.257072999999,40.681039723503275
4.798464,13790.785261,4.798464,8128.71875,5662.066511000001,41.05688257660124
4.796163,13775.505734,4.796163,8099.989746,5675.515988,41.2000553561673
4.793864,13719.30144,4.793864,8075.249023,5644.052416999999,41.1395029235541
4.791567,13627.775841,4.791567,8025.757812,5602.018029000001,41.10735379243607
4.789272,13581.305674,4.789272,7901.976074,5679.329599999999,41.8172577535935
4.786979,13536.231183,4.786979,7855.980469,5680.250714,41.96331044592207
4.784689,13505.459099,4.784689,7788.737793,5716.7213059999995,42.328966857730066
4.782401,13480.95026,4.782401,7774.578125,5706.372135,42.329153545886605
4.780115,13450.290521,4.780115,7742.716309,5707.574212,42.43457940992975
4.777831,13412.620639,4.777831,7733.494141,5679.1264980000005,42.34166201261782
4.775549,13359.589586,4.775549,7710.849121,5648.740465,42.28229039999493
4.77327,13338.572619,4.77327,7576.243652,5762.328967,43.200491773699284
4.770992,13305.837347,4.770992,7523.084961,5782.752386000001,43.46026661226104
4.768717,13283.345639,4.768717,7487.638672,5795.706966999999,43.6313796577254
4.766444,13255.545303,4.766444,7480.54834,5774.9969630000005,43.56664951152934
4.764173,13217.590755,4.764173,7427.365234,5790.225520999999,43.80696624919826
4.761905,13205.011689,4.761905,7377.714355,5827.297334000001,44.12943715039827
4.759638,13177.882775,4.759638,7363.526367,5814.356408,44.12208324565248
4.757374,13120.818312,4.757374,7324.504395,5796.3139169999995,44.17646658287177
4.755112,13093.708988,4.755112,7193.192871,5900.516117,45.06374872396851
4.752852,13053.731083,4.752852,7186.092773,5867.63831,44.94989419263801
4.750594,13028.431246,4.750594,7143.485352,5884.945894,45.17002686571955
4.748338,13020.018144,4.748338,7118.627441,5901.390703,45.32551827294904
4.746084,12998.683077,4.746084,7090.214355,5908.468722,45.45436400749321
4.743833,12956.647071,4.743833,7036.929199,5919.717871999999,45.68865571131987
4.741584,12918.416007,4.741584,6968.127441,5950.288566,46.060512084266094
4.739336,12888.463466,4.739336,6950.557617,5937.905848999999,46.07147985222833
4.737091,12835.507793,4.737091,6937.427246,5898.0805470000005,45.951283284768756
4.734848,12779.733921,4.734848,6731.163086,6048.5708349999995,47.329395685311
4.732608,12746.051737,4.732608,6724.046875,6022.004862,47.246041254633894
4.730369,12736.819122,4.730369,6570.989258,6165.829864000001,48.409495376674634
4.728132,12717.000392,4.728132,6524.694336,6192.306056,48.693134112785366
4.725898,12691.085697,4.725898,6510.447266,6180.638431,48.700627972759015
4.723666,12678.30639,4.723666,6439.199219,6239.107171,49.21088810348588
4.721435,12651.629023,4.721435,6367.926758,6283.702265,49.66713973020042
4.719207,12616.248236,4.719207,6089.733398,6526.514837999999,51.73102744900683
4.716981,12581.17523,4.716981,6054.041016,6527.134214000001,51.880162979019254
4.714757,12551.958891,4.714757,6028.568359,6523.390532,51.97109541744436
4.712535,12529.375587,4.712535,5929.070801,6600.304786000001,52.678641007842586
4.710316,12495.699387,4.710316,5921.927734,6573.771653000001,52.60827304983886
4.708098,12458.816909,4.708098,5814.748535,6644.0683739999995,53.32824474850785
4.705882,12434.604543,4.705882,5725.391602,6709.212941,53.95598161404271
4.703669,12392.471873,4.703669,5678.911133,6713.560740000001,54.17450859523125
4.701457,12370.486554,4.701457,5650.302734,6720.183819999999,54.32432904449524
4.699248,12359.58251,4.699248,5643.150391,6716.432119,54.341901221710444
4.697041,12320.408258,4.697041,5553.722168,6766.686089999999,54.922580066339876
4.694836,12263.238764,4.694836,5528.675293,6734.5634709999995,54.91667903237768
4.692633,12225.565739,4.692633,5528.675293,6696.890445999999,54.777754984676704
4.690432,12189.868687,4.690432,5410.55957,6779.309117,55.61429159798791
4.688233,12160.928363,4.688233,5313.871582,6847.056781000001,56.30373419378394
4.686036,12135.107175,4.686036,5278.049805,6857.0573699999995,56.50594816440094
4.683841,12088.942625,4.683841,5231.473633,6857.468992,56.72513473443671
4.681648,12066.550278,4.681648,5098.85498,6967.695298000001,57.743888165813686
4.679457,12046.200438,4.679457,5048.653809,6997.5466289999995,58.08924286969431
4.677268,12010.581285,4.677268,4941.041992,7069.539293,58.860925422728194
4.675082,11956.947344,4.675082,4847.735352,7109.2119920000005,59.45674750811214
4.672897,11931.150562,4.672897,4847.735352,7083.415210000001,59.369087442080016
4.670715,11911.536231,4.670715,4671.78125,7239.754981,60.77935574891171
4.668534,11863.260356,4.668534,4563.98584,7299.274516,61.52840194819037
4.666356,11847.945037,4.666356,4463.329102,7384.615935,62.328242677853
4.664179,11827.040418,4.664179,4445.350098,7381.690320000001,62.41367289795966
4.662005,11769.38237,4.662005,4430.965332,7338.417038,62.35175990802651
4.659832,11755.490421,4.659832,4297.866211,7457.624210000001,63.43949884623874
4.657662,11737.662409,4.657662,4179.089355,7558.573054,64.3958975017408
4.655493,11703.74734,4.655493,4092.667236,7611.080104000001,65.03113817219503
4.653327,11692.111534,4.653327,3894.491455,7797.620079,66.69129058788879
4.651163,11667.370475,4.651163,3825.990479,7841.379996,67.20777413215723
4.649,11655.600074,4.649,3815.172607,7840.4274669999995,67.26747157780012
4.64684,11632.071007,4.64684,3793.5354,7838.535607,67.38727439234931
4.644682,11615.491405,4.644682,3782.716064,7832.7753410000005,67.43386971668119
4.642526,11592.587795,4.642526,3782.716064,7809.871730999999,67.36952843582065
4.640371,11574.484886,4.640371,3577.051025,7997.4338609999995,69.09537607736956
4.638219,11528.547357,4.638219,3555.391357,7973.155999999999,69.16010970938842
4.636069,11504.037791,4.636069,3360.362793,8143.674998,70.78971006485283
4.63392,11473.344995,4.63392,3349.522949,8123.822045999999,70.80604696834534
4.631774,11414.82764,4.631774,3327.842041,8086.985599,70.84632246799303
4.62963,11394.911737,4.62963,3078.364746,8316.546991,72.98474251446498
4.627487,11354.345854,4.627487,2875.694336,8478.651517999999,74.67318352834101
4.625347,11308.227499,4.625347,2864.832031,8443.395468,74.66594980289051
4.623209,11273.892415,4.623209,2788.781982,8485.110433,75.26336176235367
4.621072,11258.342378,4.621072,2777.915771,8480.426607,75.32571245631733
4.618938,11222.293081,4.618938,2690.967529,8531.325552,76.0212328302496
4.616805,11203.360552,4.616805,2624.683838,8578.676714000001,76.57235232395118
4.614675,11164.723068,4.614675,2419.048584,8745.674484,78.33310715127895
4.612546,11141.017746,4.612546,2273.898193,8867.119553,79.58985215855702
4.61042,11093.757562,4.61042,2223.074707,8870.682855000001,79.96103038509867
4.608295,11064.535537,4.608295,2154.755127,8909.78041,80.52557091262926
4.606172,11023.505454,4.606172,2121.395752,8902.109702,80.75570642340247
4.604052,11012.601443,4.604052,1801.554688,9211.046755,83.64097077947797
4.601933,10993.541276,4.601933,1754.269775,9239.271501,84.04272353231849
4.599816,10956.12301,4.599816,1741.852173,9214.270837,84.10156429048709
4.597701,10927.828064,4.597701,1528.631226,9399.196838,86.01157323260024
4.595588,10875.553159,4.595588,1419.376831,9456.176328,86.94892287087575
4.593477,10855.361295,4.593477,1357.44458,9497.916715000001,87.495169040341
4.591368,10823.19755,4.591368,1335.582397,9487.615153,87.66000166928488
4.589261,10777.7085,4.589261,1291.852295,9485.856205,88.01366454659633
4.587156,10750.284411,4.587156,1269.984375,9480.300036,88.18650440819486
4.585053,10726.605673,4.585053,1237.178833,9489.42684,88.466259777647
4.582951,10701.265031,4.582951,1051.199219,9650.065812,90.17686959481118
4.580852,10691.01626,4.580852,1029.310181,9661.706079,90.37219515930283
4.578755,10667.615375,4.578755,1025.661865,9641.95351,90.38527516277273
4.576659,10642.637337,4.576659,1011.067871,9631.569466,90.49983722094017
4.574565,10602.540274,4.574565,824.920105,9777.620169000002,92.21959941974563
4.572474,10582.362986,4.572474,806.662903,9775.700083,92.37728941950697
4.570384,10559.549229,4.570384,645.942627,9913.606602,93.88285794221188
4.568296,10503.449843,4.568296,507.056732,9996.393111000001,95.17247438147261
4.56621,10460.312636,4.56621,463.182312,9997.130324,95.57200316933242
4.564126,10417.73669,4.564126,430.271515,9987.465175,95.86981771757566
4.562044,10387.677073,4.562044,408.328644,9979.348429000001,96.06910533384465
4.559964,10338.346651,4.559964,353.463196,9984.883455,96.58104716419224
4.557885,10308.021433,4.557885,221.73822,10086.283213,97.84887699893474
4.555809,10294.938477,4.555809,174.820068,10120.118408999999,98.30188331488753
4.553734,10252.141521,4.553734,163.172119,10088.969401999999,98.40840941703968
4.551661,10234.779026,4.551661,60.649445,10174.129581000001,99.40741812943955
4.549591,10218.285087,4.549591,42.337543,10175.947544,99.5856688021568
