RP,Loss_gen,ReturnPeriod,Loss_expected,Loss_Diff,Percent_Diff
10000.0,90000.007763,10000.0,90000.007812,4.8999994760379195e-05,5.4444433926508656e-08
5000.0,90000.006341,5000.0,90000.007812,0.0014709999959450215,1.6344443247832298e-06
3333.333333,90000.00574,3333.333333,90000.007812,0.002072000002954155,2.302222078674009e-06
2500.0,90000.003075,2500.0,90000.0,0.0030750000005355105,3.416666550525571e-06
2000.0,90000.002774,2000.0,90000.0,0.002773999993223697,3.0822221196920617e-06
1666.666667,90000.001255,1666.666667,90000.0,0.0012549999955808744,1.3944444200895523e-06
1428.571429,90000.0,1428.571429,90000.0,0.0,0.0
1250.0,90000.0,1250.0,90000.0,0.0,0.0
1111.111111,90000.0,1111.111111,90000.0,0.0,0.0
1000.0,90000.0,1000.0,90000.0,0.0,0.0
909.090909,90000.0,909.090909,90000.0,0.0,0.0
833.333333,90000.0,833.333333,90000.0,0.0,0.0
769.230769,90000.0,769.230769,90000.0,0.0,0.0
714.285714,90000.0,714.285714,90000.0,0.0,0.0
666.666667,90000.0,666.666667,90000.0,0.0,0.0
625.0,90000.0,625.0,90000.0,0.0,0.0
588.235294,90000.0,588.235294,90000.0,0.0,0.0
555.555556,90000.0,555.555556,90000.0,0.0,0.0
526.315789,90000.0,526.315789,90000.0,0.0,0.0
500.0,90000.0,500.0,90000.0,0.0,0.0
476.190476,90000.0,476.190476,90000.0,0.0,0.0
454.545455,90000.0,454.545455,90000.0,0.0,0.0
434.782609,90000.0,434.782609,90000.0,0.0,0.0
416.666667,90000.0,416.666667,90000.0,0.0,0.0
400.0,90000.0,400.0,90000.0,0.0,0.0
384.615385,90000.0,384.615385,90000.0,0.0,0.0
370.37037,90000.0,370.37037,90000.0,0.0,0.0
357.142857,90000.0,357.142857,90000.0,0.0,0.0
344.827586,90000.0,344.827586,90000.0,0.0,0.0
333.333333,90000.0,333.333333,90000.0,0.0,0.0
322.580645,90000.0,322.580645,90000.0,0.0,0.0
312.5,90000.0,312.5,90000.0,0.0,0.0
303.030303,90000.0,303.030303,90000.0,0.0,0.0
294.117647,90000.0,294.117647,90000.0,0.0,0.0
285.714286,90000.0,285.714286,90000.0,0.0,0.0
277.777778,90000.0,277.777778,90000.0,0.0,0.0
270.27027,90000.0,270.27027,90000.0,0.0,0.0
263.157895,90000.0,263.157895,90000.0,0.0,0.0
256.410256,90000.0,256.410256,90000.0,0.0,0.0
250.0,90000.0,250.0,90000.0,0.0,0.0
243.902439,90000.0,243.902439,90000.0,0.0,0.0
238.095238,90000.0,238.095238,90000.0,0.0,0.0
232.55814,90000.0,232.55814,90000.0,0.0,0.0
227.272727,90000.0,227.272727,90000.0,0.0,0.0
222.222222,90000.0,222.222222,90000.0,0.0,0.0
217.391304,90000.0,217.391304,90000.0,0.0,0.0
212.765957,90000.0,212.765957,90000.0,0.0,0.0
208.333333,90000.0,208.333333,90000.0,0.0,0.0
204.081633,90000.0,204.081633,90000.0,0.0,0.0
200.0,90000.0,200.0,90000.0,0.0,0.0
196.078431,90000.0,196.078431,90000.0,0.0,0.0
192.307692,90000.0,192.307692,90000.0,0.0,0.0
188.679245,90000.0,188.679245,90000.0,0.0,0.0
185.185185,90000.0,185.185185,90000.0,0.0,0.0
181.818182,90000.0,181.818182,90000.0,0.0,0.0
178.571429,90000.0,178.571429,90000.0,0.0,0.0
175.438596,90000.0,175.438596,90000.0,0.0,0.0
172.413793,90000.0,172.413793,90000.0,0.0,0.0
169.491525,90000.0,169.491525,90000.0,0.0,0.0
166.666667,90000.0,166.666667,90000.0,0.0,0.0
163.934426,90000.0,163.934426,90000.0,0.0,0.0
161.290323,90000.0,161.290323,90000.0,0.0,0.0
158.730159,90000.0,158.730159,90000.0,0.0,0.0
156.25,90000.0,156.25,90000.0,0.0,0.0
153.846154,90000.0,153.846154,90000.0,0.0,0.0
151.515152,90000.0,151.515152,90000.0,0.0,0.0
149.253731,90000.0,149.253731,90000.0,0.0,0.0
147.058824,90000.0,147.058824,90000.0,0.0,0.0
144.927536,90000.0,144.927536,90000.0,0.0,0.0
142.857143,90000.0,142.857143,90000.0,0.0,0.0
140.84507,90000.0,140.84507,90000.0,0.0,0.0
138.888889,90000.0,138.888889,90000.0,0.0,0.0
136.986301,90000.0,136.986301,90000.0,0.0,0.0
135.135135,90000.0,135.135135,90000.0,0.0,0.0
133.333333,90000.0,133.333333,90000.0,0.0,0.0
131.578947,90000.0,131.578947,90000.0,0.0,0.0
129.87013,90000.0,129.87013,90000.0,0.0,0.0
128.205128,90000.0,128.205128,90000.0,0.0,0.0
126.582278,90000.0,126.582278,90000.0,0.0,0.0
125.0,90000.0,125.0,90000.0,0.0,0.0
123.45679,90000.0,123.45679,90000.0,0.0,0.0
121.95122,90000.0,121.95122,90000.0,0.0,0.0
120.481928,90000.0,120.481928,90000.0,0.0,0.0
119.047619,90000.0,119.047619,90000.0,0.0,0.0
117.647059,90000.0,117.647059,90000.0,0.0,0.0
116.27907,90000.0,116.27907,90000.0,0.0,0.0
114.942529,90000.0,114.942529,90000.0,0.0,0.0
113.636364,90000.0,113.636364,90000.0,0.0,0.0
112.359551,90000.0,112.359551,90000.0,0.0,0.0
111.111111,90000.0,111.111111,90000.0,0.0,0.0
109.89011,90000.0,109.89011,90000.0,0.0,0.0
108.695652,90000.0,108.695652,90000.0,0.0,0.0
107.526882,90000.0,107.526882,90000.0,0.0,0.0
106.382979,90000.0,106.382979,90000.0,0.0,0.0
105.263158,90000.0,105.263158,90000.0,0.0,0.0
104.166667,90000.0,104.166667,90000.0,0.0,0.0
103.092784,90000.0,103.092784,90000.0,0.0,0.0
102.040816,90000.0,102.040816,90000.0,0.0,0.0
101.010101,90000.0,101.010101,90000.0,0.0,0.0
100.0,90000.0,100.0,90000.0,0.0,0.0
99.009901,90000.0,99.009901,90000.0,0.0,0.0
98.039216,90000.0,98.039216,90000.0,0.0,0.0
97.087379,90000.0,97.087379,90000.0,0.0,0.0
96.153846,90000.0,96.153846,90000.0,0.0,0.0
95.238095,90000.0,95.238095,90000.0,0.0,0.0
94.339623,90000.0,94.339623,90000.0,0.0,0.0
93.457944,90000.0,93.457944,90000.0,0.0,0.0
92.592593,90000.0,92.592593,90000.0,0.0,0.0
91.743119,90000.0,91.743119,90000.0,0.0,0.0
90.909091,90000.0,90.909091,90000.0,0.0,0.0
90.09009,90000.0,90.09009,90000.0,0.0,0.0
89.285714,90000.0,89.285714,90000.0,0.0,0.0
88.495575,90000.0,88.495575,90000.0,0.0,0.0
87.719298,90000.0,87.719298,90000.0,0.0,0.0
86.956522,89594.067823,86.956522,90000.0,405.93217699999514,0.45307930185952205
86.206897,89555.338545,86.206897,90000.0,444.661454999994,0.49652143827981776
85.470085,89295.302872,85.470085,90000.0,704.6971279999998,0.7891760320362484
84.745763,89116.596004,84.745763,90000.0,883.4039959999936,0.9912901026429937
84.033613,89070.241835,84.033613,90000.0,929.7581650000066,1.0438482548664865
83.333333,88841.70686,83.333333,90000.0,1158.2931399999943,1.3037718217472734
82.644628,88720.381409,82.644628,90000.0,1279.6185910000058,1.4423051058594734
81.967213,88513.945551,81.967213,90000.0,1486.054449000003,1.6788930148230345
81.300813,88496.162685,81.300813,90000.0,1503.837314999997,1.699324885252788
80.645161,88256.96251,80.645161,90000.0,1743.0374900000024,1.9749574882576622
80.0,88253.952839,80.0,90000.0,1746.047160999995,1.9784350783531197
79.365079,88199.048025,79.365079,90000.0,1800.9519750000036,2.0419177024331647
78.740157,87899.107871,78.740157,90000.0,2100.892129,2.3901176927566223
78.125,87796.855006,78.125,90000.0,2203.144994000002,2.5093666439981708
77.51938,87633.904225,77.51938,90000.0,2366.0957749999943,2.6999775896381895
76.923077,87376.115801,76.923077,90000.0,2623.884198999993,3.0029764712543594
76.335878,87010.156816,76.335878,90000.0,2989.8431839999976,3.4362002016874946
75.757576,86867.048859,75.757576,90000.0,3132.9511409999977,3.6066047853027796
75.18797,86857.623078,75.18797,90000.0,3142.376921999996,3.6178481642055464
74.626866,86542.397284,74.626866,90000.0,3457.602715999994,3.9952703235772704
74.074074,86359.815301,74.074074,90000.0,3640.184699000005,4.215137198142958
73.529412,86341.174187,73.529412,90000.0,3658.825813000003,4.237637312037964
72.992701,86231.768148,72.992701,90000.0,3768.231851999997,4.369888189620051
72.463768,85937.831896,72.463768,90000.0,4062.1681039999967,4.726868265557292
71.942446,85799.144871,71.942446,90000.0,4200.855129000003,4.896150346621796
71.428571,85732.231356,71.428571,90000.0,4267.768643999996,4.978021190511466
70.921986,85535.641771,70.921986,90000.0,4464.358229000005,5.219295882472236
70.422535,85470.937487,70.422535,90000.0,4529.062512999997,5.298950317104993
69.93007,84913.987559,69.93007,90000.0,5086.012440999999,5.989604995839033
69.444444,84876.139474,69.444444,89999.992188,5123.852714000008,6.036858822460453
68.965517,84754.381301,68.965517,88551.78125,3797.3999489999987,4.4804762782867416
68.493151,84466.600161,68.493151,88474.15625,4007.556089000005,4.744545277495823
68.027211,84426.710225,68.027211,87973.304688,3546.5944630000013,4.200796707047105
67.567568,84233.364317,67.567568,87728.375,3495.0106830000004,4.149199917798649
67.114094,84209.603296,67.114094,87563.804688,3354.2013920000027,3.9831578118351363
66.666667,84081.977306,66.666667,87242.773438,3160.796132000003,3.7591838742051706
66.225166,83886.147239,66.225166,86826.0,2939.852761000002,3.5045747811305104
65.789474,83803.621608,65.789474,85706.375,1902.7533919999987,2.2704906488413137
65.359477,83669.167163,65.359477,85217.046875,1547.8797119999945,1.8500001428058848
64.935065,83563.135329,64.935065,84615.921875,1052.786546000003,1.259869608595982
64.516129,83416.42083,64.516129,84568.796875,1152.3760449999972,1.3814738555475818
64.102564,83000.931676,64.102564,84551.789062,1550.8573860000033,1.8684819009669493
63.694268,82927.231968,63.694268,84332.15625,1404.9242820000072,1.6941651718727815
63.291139,82591.806997,63.291139,84325.53125,1733.724252999993,2.0991479857838287
62.893082,82457.081111,62.893082,84282.75,1825.6688889999932,2.214083817182857
62.5,82366.787768,62.5,84148.53125,1781.7434820000053,2.1631819453959857
62.111801,82201.550483,62.111801,84025.296875,1823.746392000001,2.2186277281681783
61.728395,81690.972181,61.728395,83167.023438,1476.0512569999992,1.8068719438539191
61.349693,81601.204048,61.349693,83062.703125,1461.4990770000004,1.7910263629692373
60.97561,81413.409981,60.97561,82158.140625,744.7306439999957,0.9147518132133251
60.606061,81151.990575,60.606061,81643.234375,491.24379999999655,0.6053379547677183
60.240964,80915.162628,60.240964,80557.75,357.4126280000055,0.44171279694904286
59.88024,80821.787543,59.88024,80421.640625,400.14691799999855,0.49509783211254327
59.52381,80724.761235,59.52381,80057.921875,666.8393599999981,0.8260654473275484
59.171598,80584.829354,59.171598,79080.367188,1504.4621659999975,1.8669297658881503
58.823529,80322.921106,58.823529,79062.796875,1260.1242309999943,1.5688227141752504
58.479532,80076.606592,58.479532,78920.117188,1156.4894039999926,1.4442287869320514
58.139535,79878.474943,58.139535,78767.84375,1110.6311929999938,1.3904010984092054
57.803468,79805.393665,57.803468,78335.5,1469.893664999996,1.8418475211966063
57.471264,79700.33164,57.471264,77862.796875,1837.534765000004,2.3055547288058986
57.142857,79680.601987,57.142857,77526.617188,2153.984798999998,2.7032737520625454
56.818182,79478.86679,56.818182,77468.015625,2010.851165,2.530045087725137
56.497175,79172.487441,56.497175,77245.195312,1927.2921290000086,2.4342952852608586
56.179775,79139.919449,56.179775,76676.0,2463.9194489999936,3.113371186317435
55.865922,79042.52809,55.865922,76614.890625,2427.637465000007,3.0713054398207404
55.555556,78863.029056,55.555556,76593.90625,2269.1228059999994,2.8772960323255066
55.248619,78304.17687,55.248619,76504.203125,1799.9737449999957,2.2986944208459
54.945055,77929.657579,54.945055,76339.109375,1590.548204000006,2.0410049952902876
54.644809,77008.528136,54.644809,76159.296875,849.2312609999935,1.1027756036321312
54.347826,76827.398078,54.347826,76026.296875,801.1012029999983,1.0427285357063247
54.054054,76785.462136,54.054054,75595.546875,1189.915261000002,1.5496621728895261
53.763441,76778.94123,53.763441,75239.390625,1539.5506049999967,2.005173007515302
53.475936,76018.877471,53.475936,74848.78125,1170.0962209999998,1.539217967861171
53.191489,75959.186416,53.191489,74804.632812,1154.5536040000006,1.5199657322248599
52.910053,75695.452948,52.910053,74619.148438,1076.3045100000018,1.4218879312861545
52.631579,75362.375428,52.631579,74413.90625,948.4691779999994,1.2585446950330692
52.356021,74986.655612,52.356021,73783.296875,1203.3587370000023,1.6047638438850855
52.083333,74749.037371,52.083333,73760.453125,988.5842459999985,1.322537762049541
51.813472,74416.512296,51.813472,73221.359375,1195.1529210000008,1.6060318928225854
51.546392,74349.145811,51.546392,73155.734375,1193.4114359999949,1.605144784089004
51.282051,74290.790613,51.282051,72966.851562,1323.9390510000085,1.782103865197438
51.020408,74240.495226,51.020408,72913.226562,1327.268664000003,1.7877960807771875
50.761421,74195.269917,50.761421,72863.5625,1331.7074169999978,1.794868350084498
50.505051,74176.348454,50.505051,72356.304688,1820.0437660000025,2.4536712900186655
50.251256,74131.318582,50.251256,71749.289062,2382.029520000011,3.2132566445113753
50.0,74057.808581,50.0,70392.234375,3665.574206000005,4.9496120344836
49.751244,73925.851536,49.751244,70307.53125,3618.320286000002,4.894526354205027
49.50495,73905.413725,49.50495,70143.664062,3761.7496630000096,5.089951430347681
49.261084,73856.103626,49.261084,70123.875,3732.2286259999964,5.053378722630201
49.019608,72758.953615,49.019608,69924.296875,2834.656740000006,3.8959558915586334
48.780488,72641.984105,48.780488,69916.78125,2725.202854999996,3.751553441961146
48.543689,72217.741947,48.543689,69717.453125,2500.2888220000023,3.4621531421391483
48.309179,72129.436363,48.309179,69429.648438,2699.787924999997,3.7429766003064158
48.076923,72032.483534,48.076923,69329.867188,2702.6163459999952,3.7519410874183388
47.84689,71729.67148,47.84689,69270.4375,2459.2339800000045,3.4284751752776383
47.619048,71312.962803,47.619048,69143.265625,2169.697178000002,3.0425003992524164
47.393365,71239.846937,47.393365,68572.117188,2667.729748999991,3.744715722591546
47.169811,71192.037986,47.169811,68213.070312,2978.9676739999995,4.184411288500853
46.948357,70996.961061,46.948357,67996.617188,3000.3438729999907,4.2260173226599385
46.728972,70697.246255,46.728972,67970.007812,2727.2384430000093,3.8576303710091504
46.511628,70693.069941,46.511628,67896.53125,2796.5386909999943,3.9558880288180562
46.296296,69069.584542,46.296296,67504.796875,1564.7876669999969,2.2655234968851983
46.082949,68851.941522,46.082949,67421.710938,1430.23058399999,2.0772552703441107
45.87156,67901.650406,45.87156,67166.71875,734.9316560000007,1.0823472649128125
45.6621,67860.898123,45.6621,67150.71875,710.1793730000063,1.0465222132969474
45.454545,67358.391056,45.454545,67104.398438,253.9926179999893,0.3770764325246821
45.248869,67272.887583,45.248869,66788.539062,484.34852100000717,0.719975815520669
45.045045,67139.413645,45.045045,66618.507812,520.9058329999971,0.7758569887939288
44.843049,66771.370386,44.843049,66493.0,278.37038599999505,0.4169008130142574
44.642857,66576.26413,44.642857,66445.632812,130.63131799999974,0.19621304936083944
44.444444,66512.561801,44.444444,66314.875,197.68680100000347,0.2972172408446178
44.247788,66499.693003,44.247788,66224.257812,275.43519099999685,0.41419016925021174
44.052863,66348.658421,44.052863,66167.570312,181.0881090000039,0.27293409288090104
43.859649,65898.265864,43.859649,66058.40625,160.14038599999913,0.24301153285352728
43.668122,65732.621542,43.668122,66006.53125,273.9097080000065,0.4167028509961242
43.478261,65534.817803,43.478261,65788.273438,253.4556350000057,0.38674958365170464
43.290043,65484.387211,43.290043,65708.023438,223.6362270000027,0.3415107577924109
43.103448,65394.829546,43.103448,65587.789062,192.95951599999535,0.29506845929503317
42.918455,65288.582773,42.918455,65304.828125,16.245351999998093,0.024882378066745744
42.735043,65197.174303,42.735043,64722.265625,474.9086779999998,0.7284191118358748
42.553191,64802.806461,42.553191,64690.179688,112.6267730000036,0.17379922128493816
42.372881,64674.432517,42.372881,64652.789062,21.64345499999763,0.03346524145273101
42.194093,64419.96426,42.194093,64029.875,390.08926000000065,0.6055409444587615
42.016807,64333.135129,42.016807,63589.183594,743.9515350000001,1.1564049125046336
41.841004,64113.496369,41.841004,63344.410156,769.0862130000023,1.1995699136007016
41.666667,63997.105769,41.666667,63325.171875,671.9338940000016,1.0499441903285012
41.493776,63899.924212,41.493776,63093.140625,806.7835869999981,1.2625736210943568
41.322314,63653.791507,41.322314,62976.289062,677.5024449999983,1.0643552080090835
41.152263,63356.308492,41.152263,62709.90625,646.4022419999965,1.0202650018373747
40.983607,63308.925474,40.983607,62644.859375,664.0660990000033,1.048929663594946
40.816327,63150.780211,40.816327,62622.3125,528.4677109999975,0.836834809062178
40.650407,62968.537057,40.650407,62264.003906,704.5331510000033,1.118865363446907
40.48583,62922.333117,40.48583,62100.59375,821.739367000002,1.3059581968647456
40.322581,62911.915484,40.322581,61839.828125,1072.0873589999974,1.704108594933268
40.160643,62886.375481,40.160643,61406.632812,1479.7426689999993,2.353041748203595
40.0,62748.189052,40.0,61376.007812,1372.181239999998,2.1868061225844446
39.840637,62187.181136,39.840637,61053.808594,1133.3725419999973,1.8225179551415474
39.68254,62178.816679,39.68254,60730.0,1448.8166790000032,2.330080815914466
39.525692,61968.170909,39.525692,60685.839844,1282.3310649999985,2.0693382525088504
39.370079,61948.550517,39.370079,60647.753906,1300.7966110000052,2.099801529081845
39.215686,61578.59869,39.215686,60595.289062,983.3096279999954,1.5968366427923912
39.0625,61218.847287,39.0625,60516.023438,702.8238490000003,1.1480514255766574
38.910506,61217.363017,38.910506,60447.015625,770.3473920000033,1.2583805542000863
38.75969,61077.92551,38.75969,60261.328125,816.5973850000009,1.336976294105312
38.610039,61058.509307,38.610039,59944.433594,1114.0757129999984,1.824603524790403
38.461538,61047.472954,38.461538,59888.546875,1158.9260789999971,1.8984013963579818
38.314176,60296.611186,38.314176,59657.617188,638.9939980000054,1.0597510961749879
38.167939,60097.876695,38.167939,59280.8125,817.064194999999,1.3595558444546125
38.022814,59601.493564,38.022814,59254.539062,346.9545019999932,0.5821238382683045
37.878788,59595.768076,37.878788,59026.960938,568.8071380000038,0.9544421631996213
37.735849,58963.380388,37.735849,58472.945312,490.4350759999943,0.831762142490402
37.593985,58845.879174,37.593985,58310.128906,535.7502680000034,0.9104295415756404
37.453184,58782.587601,37.453184,58002.132812,780.4547889999958,1.327697232890644
37.313433,58756.749019,37.313433,58002.074219,754.6748000000007,1.2844053025397366
37.174721,58406.324715,37.174721,57878.566406,527.7583090000044,0.9035978750165472
37.037037,58220.698355,37.037037,57820.65625,400.04210500000045,0.6871132025259274
36.900369,57954.545695,36.900369,57791.898438,162.64725700000417,0.2806462462081495
36.764706,57527.744772,36.764706,57437.261719,90.48305299999629,0.1572859380436487
36.630037,57370.9389,36.630037,57223.640625,147.298275000001,0.25674719261044027
36.49635,56990.727144,36.49635,56863.257812,127.4693319999933,0.223666793508202
36.363636,56691.22039,36.363636,56624.144531,67.07585900000413,0.1183178956786683
36.231884,56547.011159,36.231884,56391.097656,155.9135030000034,0.27572368513271683
36.101083,56484.985275,36.101083,56386.492188,98.49308700000256,0.17437038625483214
35.971223,56413.693905,35.971223,56068.914062,344.7798429999966,0.6111633880607106
35.842294,56285.533401,35.842294,55889.601562,395.9318389999971,0.7034344618877909
35.714286,56030.437565,35.714286,55447.539062,582.8985029999967,1.040324738359906
35.587189,55453.78103,35.587189,55244.863281,208.91774900000019,0.37674211770515265
35.460993,55449.256058,35.460993,55067.992188,381.2638700000025,0.687590595627108
35.335689,55353.702065,35.335689,54990.421875,363.2801899999977,0.6562888776136597
35.211268,55001.106491,35.211268,54955.144531,45.961960000000545,0.08356551882737386
35.087719,54959.647995,35.087719,54711.308594,248.33940099999745,0.45185769934805686
34.965035,54886.901788,34.965035,54681.832031,205.06975700000476,0.37362239499705086
34.843206,54790.069315,34.843206,54532.664062,257.4052529999972,0.46980275115207193
34.722222,54787.570512,34.722222,54372.117188,415.4533240000019,0.7582984974831217
34.602076,54670.352183,34.602076,54138.632812,531.7193709999992,0.9725918157983621
34.482759,54454.534125,34.482759,54079.125,375.4091249999983,0.6893992043679031
34.364261,54324.156868,34.364261,53999.808594,324.3482739999963,0.5970608522983921
34.246575,54233.790665,34.246575,53775.324219,458.46644599999854,0.8453520220113836
34.129693,54038.000816,34.129693,53619.597656,418.40316000000166,0.7742757942224198
34.013605,53983.454469,34.013605,53428.128906,555.3255629999985,1.028695863320296
33.898305,53915.986555,33.898305,53347.9375,568.0490550000031,1.0535818618853114
33.783784,53835.786865,33.783784,53144.011719,691.775146,1.284972666480594
33.670034,53530.887341,33.670034,53111.453125,419.43421600000147,0.7835368267447929
33.557047,53498.919688,33.557047,53043.652344,455.26734399999987,0.8509841818396905
33.444816,53000.506776,33.444816,52948.066406,52.440370000003895,0.09894314826391482
33.333333,52462.480728,33.333333,52923.003906,460.5231779999958,0.8778143381889446
33.222591,52413.612431,33.222591,52884.367188,470.75475699999515,0.8981536191952447
33.112583,51937.216777,33.112583,52750.171875,812.9550979999985,1.565265042003578
33.0033,51702.612266,33.0033,52736.535156,1033.9228900000016,1.9997498089277719
32.894737,51692.290984,32.894737,52662.984375,970.6933910000007,1.8778300836007706
32.786885,51367.002042,32.786885,52407.589844,1040.5878020000018,2.0257904114185403
32.679739,51202.395616,32.679739,52059.289062,856.8934460000019,1.6735417077482118
32.57329,51152.751894,32.57329,51679.519531,526.7676369999972,1.0297933493227855
32.467532,50816.021192,32.467532,51574.609375,758.5881829999998,1.4928130247226536
32.36246,50628.572538,32.36246,51458.789062,830.2165240000031,1.6398181548114403
32.258065,50618.364176,32.258065,51424.421875,806.0576989999972,1.5924214701947608
32.154341,50392.184836,32.154341,51369.710938,977.5261019999962,1.9398367131358334
32.051282,50307.303,32.051282,51359.039062,1051.7360620000036,2.090623029423787
31.948882,50264.375094,31.948882,51301.5625,1037.1874059999973,2.063464240946676
31.847134,50058.625784,31.847134,50854.707031,796.0812469999946,1.5902978448410428
31.746032,49947.542569,31.746032,50688.550781,741.0082120000006,1.4835729124737926
31.64557,49857.317053,31.64557,50529.273438,671.9563849999977,1.3477588139884973
31.545741,49659.147029,31.545741,50388.671875,729.5248460000003,1.469064391246937
31.446541,49536.45388,31.446541,50374.300781,837.8469009999972,1.6913744028380522
31.347962,49382.920361,31.347962,50190.402344,807.4819830000051,1.635144250475943
31.25,49344.278299,31.25,50082.449219,738.1709200000041,1.4959605154767532
31.152648,49328.433414,31.152648,49979.507812,651.0743980000043,1.3198764950342445
31.055901,49031.083908,31.055901,49855.132812,824.048904000003,1.6806663004762772
30.959752,48841.375336,30.959752,49687.3125,845.9371640000027,1.7320093019093985
30.864198,48435.561664,30.864198,49403.730469,968.1688050000012,1.9988801032519006
30.769231,48324.657074,30.769231,49378.09375,1053.4366759999975,2.179915471281793
30.674847,48303.754244,30.674847,49304.539062,1000.7848180000001,2.071857216200357
30.58104,48170.987707,30.58104,49243.164062,1072.1763550000032,2.225771996873959
30.487805,48127.152257,30.487805,49163.976562,1036.824305000002,2.1543437672425294
30.395137,48026.43472,30.395137,49157.625,1131.1902800000025,2.355349270865057
30.30303,48016.354757,30.30303,49026.351562,1009.9968050000025,2.1034433165769655
30.21148,47882.21711,30.21148,49007.980469,1125.7633590000041,2.351109507761062
30.120482,47766.30511,30.120482,49001.175781,1234.870670999997,2.585233813158124
30.03003,47619.002266,30.03003,48887.375,1268.3727339999969,2.663585278235902
29.94012,47427.824435,29.94012,48799.164062,1371.3396270000012,2.891424271166869
29.850746,47232.427662,29.850746,48640.457031,1408.0293689999962,2.9810649985556448
29.761905,47110.304941,29.761905,48507.664062,1397.3591210000013,2.966143230764534
29.673591,47107.85507,29.673591,48484.242188,1376.3871179999987,2.921778365741242
29.585799,47004.629184,29.585799,48437.03125,1432.4020660000024,3.0473638253646316
29.498525,46837.084485,29.498525,48302.265625,1465.1811400000006,3.128250095219394
29.411765,46681.01493,29.411765,48298.902344,1617.8874140000044,3.465835985841545
29.325513,46669.180291,29.325513,48295.4375,1626.257209000003,3.484649181450529
29.239766,46655.477184,29.239766,48074.347656,1418.870471999995,3.0411659201432015
29.154519,46624.752613,29.154519,47857.933594,1233.180981000005,2.644906218024988
29.069767,46566.211325,29.069767,47821.070312,1254.858987000007,2.6947843753960523
28.985507,46499.103799,28.985507,47703.648438,1204.5446389999997,2.590468504956228
28.901734,46495.187081,28.901734,47589.003906,1093.8168250000017,2.3525377435183694
28.818444,46249.300884,28.818444,47395.34375,1146.0428660000034,2.4779679780986235
28.735632,45883.887979,28.735632,47333.105469,1449.2174900000027,3.1584452709484347
28.653295,45802.259014,28.653295,47190.132812,1387.8737980000005,3.030142678280957
28.571429,45770.913821,28.571429,47013.347656,1242.4338349999962,2.714461502470504
28.490028,45768.49177,28.490028,46810.628906,1042.1371359999976,2.276975044834425
28.409091,45755.797471,28.409091,46649.492188,893.6947169999985,1.9531835666647963
28.328612,45657.768394,28.328612,46560.335938,902.5675439999977,1.9768104656613186
28.248588,45351.328438,28.248588,46445.753906,1094.4254680000013,2.41321589839688
28.169014,45219.038952,28.169014,46390.679688,1171.640735999994,2.5910341377305484
28.089888,45172.523762,28.089888,46352.519531,1179.995769000001,2.6121980149194948
28.011204,44963.592242,28.011204,46205.394531,1241.8022889999993,2.7617951037284905
27.932961,44885.298396,27.932961,46189.386719,1304.0883230000036,2.9053796445658002
27.855153,44785.309758,27.855153,46108.769531,1323.459772999995,2.955120284198962
27.777778,44711.162393,27.777778,46095.996094,1384.8337010000032,3.097288522332878
27.700831,44608.230217,27.700831,45960.296875,1352.0666580000034,3.0309802729737907
27.624309,44462.318911,27.624309,45907.316406,1444.997494999996,3.249937318592042
27.548209,44380.619307,27.548209,45797.878906,1417.2595989999973,3.1934200584182877
27.472527,44333.223979,27.472527,45655.289062,1322.0650830000013,2.982109046764215
27.39726,44175.453432,27.39726,45558.972656,1383.519223999996,3.131873283722305
27.322404,44167.233637,27.322404,45464.453125,1297.2194880000025,2.9370630242807176
27.247956,44116.099643,27.247956,45427.972656,1311.8730129999967,2.9736831306848193
27.173913,44075.33151,27.173913,45344.09375,1268.7622399999964,2.8786221147585334
27.100271,44063.639963,27.100271,45329.144531,1265.5045679999967,2.8719928019170315
27.027027,44006.843036,27.027027,45190.390625,1183.5475890000016,2.6894626093305423
26.954178,43935.332349,26.954178,45111.351562,1176.0192130000069,2.6767049436619863
26.88172,43902.63917,26.88172,44884.53125,981.8920799999978,2.236521763983051
26.809651,43743.284088,26.809651,44789.980469,1046.6963810000016,2.39281618383824
26.737968,43632.268228,26.737968,44712.335938,1080.0677099999957,2.4753874915604026
26.666667,43507.506708,26.666667,44673.3125,1165.8057919999992,2.6795509102010553
26.595745,43461.811865,26.595745,44505.75,1043.9381349999967,2.401966439509359
26.525199,43425.414448,26.525199,44354.601562,929.1871140000003,2.1397311362742673
26.455026,43336.559132,26.455026,44350.664062,1014.1049300000013,2.3400679479677002
26.385224,43107.4827,26.385224,44137.792969,1030.3102690000014,2.390096114334232
26.315789,43080.140661,26.315789,43916.105469,835.9648080000043,1.940487647378539
26.246719,43039.052644,26.246719,43829.011719,789.9590749999988,1.8354471729064084
26.17801,42939.900996,26.17801,43812.582031,872.6810350000014,2.0323312694207067
26.109661,42939.634152,26.109661,43790.609375,850.9752230000013,1.9817943021770374
26.041667,42825.518237,26.041667,43721.234375,895.7161380000034,2.0915476913625084
25.974026,42755.500393,25.974026,43671.535156,916.034762999996,2.142495713019349
25.906736,42751.418976,25.906736,43345.382812,593.9638360000026,1.389342974401493
25.839793,42747.448782,25.839793,43338.789062,591.340280000004,1.3833346710716554
25.773196,42474.912066,25.773196,43284.878906,809.966840000001,1.9069299984457346
25.706941,42424.967255,25.706941,43280.542969,855.5757139999987,2.016679727429052
25.641026,42191.469045,25.641026,43188.613281,997.1442360000001,2.363378802801295
25.575448,42024.833589,25.575448,43176.1875,1151.3539109999983,2.7396989176927167
25.510204,41966.101214,25.510204,43171.445312,1205.3440980000014,2.872185080652418
25.445293,41948.768501,25.445293,43031.980469,1083.2119680000033,2.5822259072377323
25.380711,41838.319936,25.380711,42878.964844,1040.644908000002,2.4873008992518693
25.316456,41828.101307,25.316456,42866.152344,1038.0510370000047,2.4817072842517125
25.252525,41791.483026,25.252525,42830.867188,1039.3841619999948,2.4870717350550975
25.188917,41605.940164,25.188917,42749.132812,1143.1926480000038,2.747666904037813
25.125628,41579.965589,25.125628,42705.914062,1125.948473000004,2.707911026501365
25.062657,41562.129701,25.062657,42608.859375,1046.729674000002,2.518469774119437
25.0,41181.950922,25.0,42509.074219,1327.1232969999983,3.222584815162386
24.937656,41083.053264,24.937656,42406.542969,1323.489705,3.2214979166598092
24.875622,40992.231065,24.875622,42382.203125,1389.97206,3.390818269432488
24.813896,40843.698395,24.813896,42275.917969,1432.2195740000025,3.5065864020172373
24.752475,40799.521311,24.752475,42217.125,1417.6036890000032,3.4745596111143633
24.691358,40665.406429,24.691358,42152.675781,1487.2693519999957,3.6573330567756703
24.630542,40612.424594,24.630542,42043.601562,1431.176968000007,3.523987997041296
24.570025,40576.50212,24.570025,41997.257812,1420.755692000006,3.5014247600699946
24.509804,40567.38326,24.509804,41896.5,1329.1167399999977,3.276318641213728
24.449878,40557.43043,24.449878,41756.183594,1198.7531640000016,2.9556930784088666
24.390244,40465.075561,24.390244,41718.4375,1253.3619390000022,3.097391816581667
24.3309,40411.245733,24.3309,41684.851562,1273.605829,3.151612393774755
24.271845,40308.705717,24.271845,41656.535156,1347.829439000001,3.3437675931915636
24.213075,40181.802718,24.213075,41627.3125,1445.509782000001,3.597423918843902
24.154589,40180.350013,24.154589,41490.460938,1310.1109249999936,3.260576188550171
24.096386,40063.457966,24.096386,41379.40625,1315.9482839999982,3.2846597643088686
24.038462,39878.899407,24.038462,41309.070312,1430.1709050000063,3.5862847928771235
23.980815,39768.368848,23.980815,41177.101562,1408.7327140000052,3.542344719705174
23.923445,39750.377022,23.923445,41060.058594,1309.6815720000013,3.2947651572591448
23.866348,39557.082331,23.866348,41057.839844,1500.757513000004,3.7939034543604193
23.809524,39482.275626,23.809524,40993.71875,1511.4431239999976,3.828156052395007
23.752969,39463.030004,23.752969,40859.863281,1396.833276999998,3.5395996629210025
23.696682,39295.366901,23.696682,40839.632812,1544.2659110000022,3.929893096279254
23.640662,39286.864856,23.640662,40711.902344,1425.0374880000018,3.627261918769184
23.584906,39203.856692,23.584906,40516.0,1312.1433079999988,3.3469750650010837
23.529412,39181.807796,23.529412,40476.582031,1294.7742349999971,3.304529085899345
23.474178,39159.79928,23.474178,40423.703125,1263.9038450000007,3.227554451857243
23.419204,39120.190817,23.419204,40378.609375,1258.4185579999976,3.2168006641039733
23.364486,39097.020165,23.364486,40362.65625,1265.6360849999983,3.2371676400366876
23.310023,38842.852931,23.310023,40355.316406,1512.4634749999968,3.893801203754831
23.255814,38817.969074,23.255814,40074.515625,1256.5465509999995,3.23702290710934
23.201856,38595.302844,23.201856,40055.296875,1459.994031000002,3.782828280687974
23.148148,38590.762725,23.148148,39988.328125,1397.5653999999995,3.621502404498017
23.094688,38520.083952,23.094688,39979.109375,1459.0254229999991,3.787700527387467
23.041475,38434.366419,23.041475,39782.113281,1347.746862,3.506619173338948
22.988506,38353.757462,22.988506,39640.601562,1286.844100000002,3.355196948499705
22.93578,38285.077883,22.93578,39599.648438,1314.5705549999984,3.433636883323977
22.883295,38265.733606,22.883295,39542.9375,1277.2038939999984,3.33772222205544
22.83105,38262.384987,22.83105,39508.046875,1245.6618880000024,3.2555782615830866
22.779043,38196.559006,22.779043,39476.289062,1279.7300560000003,3.350380477463893
22.727273,38120.149784,22.727273,39358.8125,1238.662715999999,3.2493647664519334
22.675737,38077.65618,22.675737,39339.09375,1261.4375700000019,3.3128025633640825
22.624434,38036.373608,22.624434,39307.609375,1271.2357669999983,3.3421581670778036
22.573363,37973.259391,22.573363,39087.238281,1113.9788899999985,2.9335877611391488
22.522523,37833.757992,22.522523,39055.042969,1221.284977000003,3.228029785616976
22.47191,37646.277465,22.47191,39009.539062,1363.2615970000043,3.621238775247932
22.421525,37608.25841,22.421525,38985.992188,1377.7337779999943,3.6633809600543907
22.371365,37573.598252,22.371365,38911.855469,1338.2572169999985,3.5616956566803246
22.321429,37564.545514,22.321429,38878.132812,1313.5872980000058,3.496880582544098
22.271715,37514.940391,22.271715,38874.085938,1359.145547,3.6229447063870728
22.222222,37365.992894,22.222222,38652.09375,1286.1008559999973,3.441901998023747
22.172949,37307.906895,22.172949,38632.140625,1324.23373,3.5494720562237534
22.123894,37190.606157,22.123894,38597.601562,1406.9954050000015,3.783201056364545
22.075055,36962.623162,22.075055,38575.980469,1613.3573069999984,4.3648344435105875
22.026432,36933.635186,22.026432,38571.453125,1637.8179390000005,4.434488862934426
21.978022,36902.745354,21.978022,38516.367188,1613.6218339999978,4.372633576501897
21.929825,36872.653071,21.929825,38508.839844,1636.1867730000013,4.43739909316926
21.881838,36835.495982,21.881838,38469.960938,1634.4649559999962,4.4372008912237595
21.834061,36817.543052,21.834061,38443.699219,1626.156167000001,4.416797081497987
21.786492,36747.073238,21.786492,38321.25,1574.1767620000028,4.283815344434433
21.73913,36669.465529,21.73913,38267.367188,1597.9016589999956,4.3575809899282465
21.691974,36652.084508,21.691974,38128.082031,1475.9975229999982,4.027049328334475
21.645022,36545.030865,21.645022,38063.777344,1518.7464790000013,4.155822126981809
21.598272,36501.891053,21.598272,37898.867188,1396.9761349999972,3.827133594179042
21.551724,36480.561985,21.551724,37898.84375,1418.2817649999997,3.8877738933494657
21.505376,36459.249424,21.505376,37888.566406,1429.3169819999966,3.9203137875326672
21.459227,36347.799368,21.459227,37882.914062,1535.1146940000035,4.223404774682159
21.413276,36276.896249,21.413276,37863.195312,1586.2990630000058,4.372752983363988
21.367521,36192.953629,21.367521,37781.242188,1588.2885589999933,4.388391661208217
21.321962,36158.319828,21.321962,37770.253906,1611.9340779999984,4.457989435537216
21.276596,36082.405347,21.276596,37704.292969,1621.887622000002,4.494954275920661
21.231423,36072.044045,21.231423,37581.503906,1509.4598609999957,4.184569799030349
21.186441,35749.936924,21.186441,37513.261719,1763.3247950000004,4.93238575147311
21.141649,35747.382612,21.141649,37460.347656,1712.9650439999969,4.791861442255561
21.097046,35746.087516,21.097046,37408.144531,1662.0570149999985,4.649619386334405
21.052632,35659.527123,21.052632,37325.859375,1666.3322520000002,4.672894977693729
21.008403,35595.759573,21.008403,37209.421875,1613.662301999997,4.533299250689365
20.964361,35588.721965,20.964361,37138.683594,1549.961629000005,4.355204523849793
20.920502,35462.87438,20.920502,37014.039062,1551.1646820000024,4.3740523268886875
20.876827,35395.613151,20.876827,36871.859375,1476.2462240000023,4.170703916618818
20.833333,35390.492776,20.833333,36825.265625,1434.7728490000009,4.054119444115199
20.790021,35243.113867,20.790021,36788.546875,1545.433008,4.385063742755917
20.746888,35228.336321,20.746888,36719.957031,1491.6207099999956,4.234150305618673
20.703934,35162.739953,20.703934,36645.789062,1483.0491090000069,4.21767220353793
20.661157,35157.361453,20.661157,36597.144531,1439.7830780000004,4.095253507362234
20.618557,35138.899797,20.618557,36582.15625,1443.2564530000018,4.1072898165218605
20.576132,35074.384447,20.576132,36477.152344,1402.7678970000052,3.9994084546792026
20.533881,35060.660593,20.533881,36364.25,1303.5894069999995,3.718097106419798
20.491803,35028.650791,20.491803,36295.203125,1266.552334,3.6157611138291927
20.449898,34994.915682,20.449898,36267.804688,1272.8890059999976,3.6373541161429954
20.408163,34930.926324,20.408163,36166.625,1235.698676,3.5375491177598346
20.366599,34834.91132,20.366599,36076.511719,1241.6003990000027,3.564241595434045
20.325203,34814.821033,20.325203,36011.90625,1197.0852169999998,3.438435647465532
20.283976,34709.071204,20.283976,36009.246094,1300.174890000002,3.745922448798242
20.242915,34705.02003,20.242915,35975.976562,1270.9565320000038,3.662169135477672
20.20202,34685.420563,20.20202,35949.089844,1263.6692810000022,3.6432289431369815
20.16129,34613.247573,20.16129,35935.398438,1322.150864999996,3.8197827644214963
20.120724,34560.677524,20.120724,35848.113281,1287.4357569999993,3.7251461754647726
20.080321,34552.086092,20.080321,35807.839844,1255.7537520000042,3.634378973982571
20.04008,34534.350776,20.04008,35797.367188,1263.0164119999972,3.657275679488793
20.0,34527.910449,20.0,35717.59375,1189.6833009999973,3.4455699332203666
19.96008,34519.433115,19.96008,35692.269531,1172.8364159999983,3.3976120409994697
19.920319,34443.08209,19.920319,35491.9375,1048.8554099999965,3.045184537374821
19.880716,34416.511704,19.880716,35393.066406,976.5547020000013,2.8374598518260146
19.84127,34347.561722,19.84127,35381.613281,1034.0515589999995,3.0105530266437452
19.80198,34330.118588,19.80198,35341.289062,1011.1704740000059,2.94543251112875
19.762846,34299.961338,19.762846,35320.632812,1020.6714740000025,2.975721937240868
19.723866,34265.769836,19.723866,35313.367188,1047.597351999997,3.0572707311521707
19.685039,34259.199285,19.685039,35290.964844,1031.7655589999995,3.0116452822402837
19.646365,34229.380996,19.646365,35288.96875,1059.5877540000001,3.095550439909568
19.607843,34212.02397,19.607843,35269.617188,1057.5932179999945,3.0912910002851097
19.569472,34183.907812,19.569472,35258.195312,1074.2875000000058,3.142670246796317
19.53125,34169.792066,19.53125,35225.898438,1056.1063719999947,3.090760312383795
19.493177,34164.568953,19.493177,35186.453125,1021.8841719999982,2.991064144277068
19.455253,34123.718936,19.455253,35168.867188,1045.148251999999,3.062820479679264
19.417476,34109.022285,19.417476,35165.609375,1056.587090000001,3.0976762721945637
19.379845,34092.40949,19.379845,35085.140625,992.7311350000018,2.9118831723853082
19.34236,34087.493086,19.34236,35079.292969,991.7998829999997,2.9095712040124755
19.305019,34083.367115,19.305019,35072.992188,989.6250729999956,2.9035425686110226
19.267823,34075.084198,19.267823,35028.375,953.2908020000032,2.7976183315079104
19.230769,34009.69314,19.230769,34917.777344,908.0842039999989,2.670074676245664
19.193858,33988.96209,19.193858,34882.3125,893.3504099999991,2.628354486478522
19.157088,33950.33694,19.157088,34879.945312,929.6083720000024,2.738141814742185
19.120459,33874.134205,19.120459,34870.65625,996.5220449999979,2.9418376834939326
19.083969,33871.888329,19.083969,34864.617188,992.7288589999953,2.9308341163549874
19.047619,33737.112435,19.047619,34815.683594,1078.5711589999992,3.1969871786687163
19.011407,33703.237763,19.011407,34798.78125,1095.5434870000026,3.250558580465849
18.975332,33695.567435,18.975332,34674.746094,979.1786590000047,2.9059568766392694
18.939394,33679.539151,18.939394,34654.421875,974.8827240000028,2.8945845120658578
18.903592,33616.248054,18.903592,34610.878906,994.6308519999948,2.9587800827809616
18.867925,33597.897791,18.867925,34601.140625,1003.242833999997,2.986028590957674
18.832392,33589.457425,18.832392,34528.09375,938.6363249999995,2.7944372935937634
18.796992,33557.189306,18.796992,34517.394531,960.2052249999979,2.861399434392778
18.761726,33499.012863,18.761726,34510.234375,1011.2215119999964,3.0186606278088295
18.726592,33465.396148,18.726592,34479.855469,1014.4593210000021,3.031368033157526
18.691589,33464.117628,18.691589,34463.761719,999.6440910000019,2.987211861111744
18.656716,33356.329195,18.656716,34461.601562,1105.272367000005,3.313531175863565
18.621974,33258.154003,18.621974,34442.324219,1184.1702159999986,3.560541020686783
18.587361,33243.005684,18.587361,34425.761719,1182.7560349999985,3.557909432868352
18.552876,33223.755339,18.552876,34417.859375,1194.104035999997,3.5941272255827363
18.518519,33173.360008,18.518519,34384.472656,1211.1126479999948,3.6508591463388878
18.484288,33053.604756,18.484288,34372.285156,1318.6803999999975,3.9895206883921674
18.450185,33046.938723,18.450185,34351.152344,1304.2136210000026,3.9465489736642274
18.416206,33003.54133,18.416206,34345.394531,1341.853200999998,4.065785509448534
18.382353,32999.270801,18.382353,34341.925781,1342.6549799999993,4.0687413612767225
18.348624,32961.302696,18.348624,34332.117188,1370.8144919999977,4.15886017807892
18.315018,32932.719137,18.315018,34312.578125,1379.858988,4.1899333676633
18.281536,32898.005808,18.281536,34308.03125,1410.0254419999983,4.286051410621108
18.248175,32890.377201,18.248175,34304.539062,1414.1618610000005,4.299621899614469
18.214936,32887.239881,18.214936,34296.285156,1409.0452749999968,4.2844741002848545
18.181818,32838.674275,18.181818,34282.957031,1444.2827560000005,4.398115295109612
18.14882,32837.160273,18.14882,34272.0625,1434.9022269999987,4.3697512667678255
18.115942,32812.454833,18.115942,34237.679688,1425.224854999993,4.343548394211036
18.083183,32738.3125,18.083183,34230.054688,1491.7421879999965,4.556564080692908
18.050542,32700.718895,18.050542,34146.480469,1445.761574,4.421192019179308
18.018018,32661.72152,18.018018,34095.699219,1433.9776990000028,4.390392276542816
17.985612,32652.426116,17.985612,34052.292969,1399.8668530000032,4.287175623725108
17.953321,32650.867319,17.953321,34044.980469,1394.113150000001,4.26975839992081
17.921147,32645.389167,17.921147,34012.398438,1367.0092709999954,4.187449762068861
17.889088,32632.828005,17.889088,34007.96875,1375.1407450000006,4.21397969182843
17.857143,32626.437223,17.857143,33999.6875,1373.2502769999992,4.2090108325769835
17.825312,32618.613376,17.825312,33990.496094,1371.8827180000008,4.205827826542128
17.793594,32591.66821,17.793594,33987.820312,1396.1521020000037,4.283769989937571
17.761989,32568.16213,17.761989,33879.417969,1311.2558390000013,4.026189238944326
17.730496,32533.30735,17.730496,33876.671875,1343.3645250000009,4.129197534538402
17.699115,32499.937993,17.699115,33868.355469,1368.4174760000024,4.210523344059115
17.667845,32443.978927,17.667845,33853.242188,1409.2632609999964,4.3436819638271995
17.636684,32388.649107,17.636684,33793.480469,1404.8313620000008,4.337418820275469
17.605634,32270.585588,17.605634,33770.894531,1500.3089429999964,4.649153139501425
17.574692,32250.633321,17.574692,33658.902344,1408.2690230000007,4.3666399012480985
17.54386,32206.344479,17.54386,33589.609375,1383.2648960000006,4.2950074538945335
17.513135,32165.404957,17.513135,33437.375,1271.9700430000012,3.95446612501979
17.482517,31991.904153,17.482517,33429.15625,1437.2520970000005,4.49254939664235
17.452007,31956.224101,17.452007,33408.726562,1452.5024610000037,4.5452881304413895
17.421603,31848.104578,17.421603,33342.507812,1494.4032340000049,4.692283116378321
17.391304,31833.375815,17.391304,33311.425781,1478.0499659999987,4.643082702223294
17.361111,31786.362322,17.361111,33262.398438,1476.0361159999957,4.643614456563343
17.331023,31742.497689,17.331023,33235.289062,1492.7913730000037,4.702816355618145
17.301038,31741.371591,17.301038,33171.714844,1430.3432530000027,4.506242740328098
17.271157,31670.720298,17.271157,33106.09375,1435.3734519999998,4.5321781080256756
17.241379,31643.729454,17.241379,33103.101562,1459.3721080000032,4.611884038894561
17.211704,31608.996673,17.211704,33073.078125,1464.0814519999985,4.631850441651627
17.182131,31580.663251,17.182131,33043.21875,1462.5554989999982,4.6311741060526534
17.152659,31573.034804,17.152659,33020.085938,1447.0511339999975,4.583186706577443
17.123288,31551.041881,17.123288,33011.699219,1460.657338000001,4.629505876570139
17.094017,31533.96106,17.094017,32999.433594,1465.4725340000005,4.647283388254429
17.064846,31518.505999,17.064846,32965.679688,1447.1736889999956,4.591504714867864
17.035775,31487.453215,17.035775,32940.6875,1453.2342849999986,4.615280489905441
17.006803,31478.58804,17.006803,32918.027344,1439.4393040000032,4.572756891671572
16.977929,31410.19458,16.977929,32866.335938,1456.1413579999971,4.635887734764861
16.949153,31372.480329,16.949153,32819.421875,1446.9415459999982,4.612136276207905
16.920474,31364.815339,16.920474,32792.539062,1427.7237230000028,4.5519914833508555
16.891892,31361.918185,16.891892,32790.125,1428.2068150000014,4.553952365334255
16.863406,31332.796164,16.863406,32783.316406,1450.5202419999987,4.629399286318987
16.835017,31307.903197,16.835017,32779.820312,1471.9171150000038,4.701423489584082
16.806723,31190.578467,16.806723,32706.580078,1516.0016109999997,4.860447242438762
16.778523,31166.18233,16.778523,32700.0625,1533.8801700000004,4.921617135389455
16.750419,31105.784957,16.750419,32646.787109,1541.002152000001,4.954069328680342
16.722408,31041.379485,16.722408,32641.357422,1599.9779369999997,5.154339025986749
16.694491,30959.973449,16.694491,32630.492188,1670.5187389999992,5.395736988443563
16.666667,30940.292282,16.666667,32541.277344,1600.9850619999997,5.1744341889472
16.638935,30934.981505,16.638935,32519.566406,1584.584901000002,5.122307575143973
16.611296,30928.330916,16.611296,32475.390625,1547.059709000001,5.002079527672372
16.583748,30891.418103,16.583748,32464.966797,1573.548694000001,5.093805304610431
16.556291,30821.318542,16.556291,32411.544922,1590.22638,5.159501459462254
16.528926,30661.686906,16.528926,32399.412109,1737.7252030000018,5.667415521942326
16.50165,30646.434904,16.50165,32392.921875,1746.4869709999984,5.698825904125133
16.474465,30620.22586,16.474465,32367.994141,1747.7682810000006,5.7078882729051195
16.447368,30562.749689,16.447368,32364.910156,1802.1604670000015,5.896591390952715
16.420361,30546.041504,16.420361,32342.464844,1796.4233399999976,5.881034829880514
16.393443,30477.719083,16.393443,32303.867188,1826.1481050000002,5.991747938967642
16.366612,30443.162898,16.366612,32303.201172,1860.0382740000023,6.1098719611758865
16.339869,30372.082986,16.339869,32221.234375,1849.1513889999987,6.088325880883324
16.313214,30304.730652,16.313214,32200.125,1895.3943480000016,6.254450401706219
16.286645,30297.852001,16.286645,32192.089844,1894.237842999999,6.252053257562544
16.260163,30284.983269,16.260163,32186.402344,1901.419074999998,6.278422075095906
16.233766,30283.389777,16.233766,32177.193359,1893.8035820000005,6.253605015639067
16.207455,30279.704111,16.207455,32160.351562,1880.6474510000007,6.210917531115504
16.18123,30266.588664,16.18123,32156.642578,1890.053914,6.244687615714313
16.155089,30233.890193,16.155089,32135.804688,1901.914495000001,6.290670776598732
16.129032,30173.94885,16.129032,32069.634766,1895.6859159999985,6.282525119346448
16.10306,30152.131335,16.10306,32049.412109,1897.2807740000026,6.292360407032575
16.07717,30151.463916,16.07717,32016.882812,1865.4188959999992,6.1868269520741475
16.051364,30135.974123,16.051364,31900.263672,1764.289549000001,5.854430129914009
16.025641,30113.214912,16.025641,31884.855469,1771.6405569999988,5.883266074968326
16.0,29986.137604,16.0,31853.488281,1867.3506770000022,6.227379803495956
15.974441,29977.68065,15.974441,31849.197266,1871.5166160000008,6.243033401585059
15.948963,29962.792758,15.948963,31844.792969,1882.0002109999987,6.281124146872152
15.923567,29957.98359,15.923567,31800.726562,1842.742972,6.1510914660328115
15.898251,29948.416919,15.898251,31774.826172,1826.4092530000016,6.098516852960209
15.873016,29931.163543,15.873016,31714.664062,1783.500519000001,5.958674197338741
15.847861,29851.902411,15.847861,31695.128906,1843.2264950000026,6.174569612423763
15.822785,29807.39734,15.822785,31680.880859,1873.4835190000013,6.285297228838838
15.797788,29786.526501,15.797788,31675.876953,1889.3504519999988,6.342970040285056
15.772871,29776.245412,15.772871,31623.083984,1846.8385720000006,6.202389006559282
15.748031,29660.94296,15.748031,31617.832031,1956.8890710000014,6.59752818256322
15.72327,29615.997374,15.72327,31608.896484,1992.899110000002,6.729130492662645
15.698587,29614.645396,15.698587,31599.007812,1984.362416,6.700611773214156
15.673981,29600.088782,15.673981,31598.015625,1997.926843000001,6.749732602879735
15.649452,29567.773496,15.649452,31597.976562,2030.2030659999982,6.86626967794734
15.625,29563.851016,15.625,31509.271484,1945.4204680000003,6.5804027592587175
15.600624,29553.797305,15.600624,31497.246094,1943.4487889999982,6.575969811741247
15.576324,29480.00128,15.576324,31487.921875,2007.9205949999996,6.811127909828908
15.5521,29475.698206,15.5521,31476.820312,2001.122105999999,6.789057521265622
15.52795,29475.366523,15.52795,31417.107422,1941.7408990000004,6.587673464500722
15.503876,29433.042997,15.503876,31407.390625,1974.3476279999995,6.707929004151006
15.479876,29385.125455,15.479876,31370.433594,1985.308138999997,6.756166966311823
15.455951,29361.455523,15.455951,31343.398438,1981.9429149999996,6.750152128689481
15.432099,29340.183896,15.432099,31304.693359,1964.5094630000021,6.695627641474419
15.40832,29326.622919,15.40832,31289.123047,1962.5001279999997,6.691872205744303
15.384615,29325.388041,15.384615,31284.371094,1958.983053,6.680160720332615
15.360983,29276.542299,15.360983,31261.970703,1985.4284039999984,6.781635562433938
15.337423,29272.308617,15.337423,31078.501953,1806.1933360000003,6.170313929223358
15.313936,29254.832605,15.313936,31065.650391,1810.8177859999996,6.1898073745617985
15.29052,29234.013556,15.29052,31060.826172,1826.8126159999993,6.248928538329501
15.267176,29168.308581,15.267176,31037.513672,1869.2050909999998,6.408342416596568
15.243902,29164.290579,15.243902,30995.761719,1831.4711399999978,6.2798412155403645
15.2207,29163.508894,15.2207,30963.142578,1799.6336840000004,6.170840726131727
15.197568,29162.814906,15.197568,30910.605469,1747.7905629999987,5.993216253758843
15.174507,29153.846226,15.174507,30904.347656,1750.5014300000003,6.004358452158079
15.151515,29152.820614,15.151515,30897.623047,1744.8024330000007,5.98502099025745
15.128593,29142.37217,15.128593,30897.183594,1754.8114239999995,6.021511954357831
15.10574,29140.112594,15.10574,30881.970703,1741.8581090000007,5.97752703727937
15.082956,29116.675211,15.082956,30865.126953,1748.4517419999975,6.004984186310699
15.060241,29034.100022,15.060241,30818.984375,1784.8843530000013,6.147544961433423
15.037594,29011.435586,15.037594,30787.916016,1776.4804299999996,6.123379950412632
15.015015,28986.613833,15.015015,30774.830078,1788.2162449999996,6.169110525646128
14.992504,28985.566818,14.992504,30763.605469,1778.038650999999,6.134220738770716
14.97006,28898.659541,14.97006,30761.919922,1863.260381,6.447566809652529
14.947683,28880.446765,14.947683,30700.423828,1819.9770629999985,6.3017621500426895
14.925373,28831.123169,14.925373,30629.837891,1798.7147220000006,6.238795177893129
14.90313,28830.847343,14.90313,30620.109375,1789.2620319999987,6.206068141921689
14.880952,28823.455944,14.880952,30616.099609,1792.6436649999996,6.219391833105853
14.858841,28819.067966,14.858841,30590.847656,1771.779690000003,6.147942369580805
14.836795,28815.325057,14.836795,30560.316406,1744.9913490000035,6.05577534019905
14.814815,28799.696168,14.814815,30538.693359,1738.9971910000022,6.0382483928154835
14.792899,28758.108222,14.792899,30509.904297,1751.796075000002,6.091485787162715
14.771049,28719.146593,14.771049,30476.9375,1757.7909069999987,6.12062374941337
14.749263,28691.725208,14.749263,30453.585938,1761.8607300000003,6.140658037212582
14.727541,28669.291512,14.727541,30417.460938,1748.1694260000004,6.097707106812442
14.705882,28646.243281,14.705882,30402.863281,1756.6200000000026,6.132112971214987
14.684288,28614.124213,14.684288,30370.392578,1756.268365,6.137767320525191
14.662757,28584.841081,14.662757,30366.785156,1781.944075000003,6.23387784438109
14.641288,28582.372739,14.641288,30359.144531,1776.7717920000032,6.216320136276295
14.619883,28505.86022,14.619883,30299.970703,1794.1104830000004,6.2938303533153315
14.59854,28484.394631,14.59854,30294.900391,1810.50576,6.356132132889352
14.577259,28479.92047,14.577259,30266.441406,1786.5209360000008,6.272914061968238
14.556041,28465.79141,14.556041,30247.171875,1781.3804649999984,6.257969221169102
14.534884,28463.908691,14.534884,30175.544922,1711.6362310000004,6.013356245557387
14.513788,28424.166895,14.513788,30149.076172,1724.9092770000025,6.068460276678947
14.492754,28394.017274,14.492754,30136.255859,1742.2385849999991,6.135935497212444
14.47178,28358.061741,14.47178,30132.599609,1774.5378679999994,6.257613387710409
14.450867,28149.06404,14.450867,30129.552734,1980.4886939999997,7.035717746017106
14.430014,28142.709728,14.430014,30092.277344,1949.5676159999966,6.927433906836324
14.409222,28137.761481,14.409222,30070.8125,1933.0510189999986,6.8699531066296435
14.388489,28078.89724,14.388489,30063.441406,1984.5441660000033,7.0677425435814705
14.367816,28059.543309,14.367816,29981.910156,1922.3668470000011,6.851026853253911
14.347202,28038.929674,14.347202,29940.867188,1901.937514000001,6.78320298282867
14.326648,27996.887839,14.326648,29921.697266,1924.8094270000001,6.875083538102109
14.306152,27929.288954,14.306152,29898.546875,1969.2579210000004,7.05087023247674
14.285714,27850.320418,14.285714,29866.787109,2016.4666910000014,7.2403716033971905
14.265335,27776.072391,14.265335,29826.464844,2050.3924529999967,7.381866032522167
14.245014,27757.748781,14.245014,29816.150391,2058.401610000001,7.415592763808582
14.224751,27719.784039,14.224751,29784.722656,2064.9386170000034,7.4493315463596845
14.204545,27703.693189,14.204545,29754.810547,2051.1173579999995,7.403768674475552
14.184397,27692.545233,14.184397,29753.535156,2060.989923000001,7.442399770982441
14.164306,27680.257964,14.164306,29673.464844,1993.206879999998,7.200824799365291
14.144272,27677.00378,14.144272,29645.748047,1968.7442670000019,7.113285392628588
14.124294,27661.236004,14.124294,29619.888672,1958.6526680000024,7.080857369196258
14.104372,27638.220813,14.104372,29604.234375,1966.013562,7.113386839558282
14.084507,27637.300437,14.084507,29603.212891,1965.9124539999975,7.113257890297027
14.064698,27633.755096,14.064698,29587.455078,1953.6999819999983,7.069976466147365
14.044944,27628.483409,14.044944,29553.865234,1925.3818250000004,6.968829220545655
14.025245,27603.446638,14.025245,29536.789062,1933.3424239999986,7.003989209588352
14.005602,27511.374594,14.005602,29525.4375,2014.0629059999992,7.320837056390666
13.986014,27500.138777,13.986014,29432.957031,1932.8182540000016,7.028394546199644
13.96648,27473.943982,13.96648,29384.375,1910.4310179999993,6.953610370799508
13.947001,27443.368247,13.947001,29285.738281,1842.3700340000032,6.71335244791391
13.927577,27403.858915,13.927577,29248.421875,1844.5629599999993,6.731033631874174
13.908206,27397.302281,13.908206,29243.699219,1846.396937999998,6.739338490565447
13.888889,27348.184206,13.888889,29242.349609,1894.165402999999,6.926110299434185
13.869626,27346.98382,13.869626,29222.751953,1875.7681329999978,6.85914083010562
13.850416,27335.378275,13.850416,29184.113281,1848.7350060000026,6.763158670794003
13.831259,27304.962145,13.831259,29155.570312,1850.6081669999985,6.777552582466686
13.812155,27289.236957,13.812155,29130.980469,1841.7435119999973,6.748974018225779
13.793103,27282.732073,13.793103,29108.003906,1825.2718330000025,6.690209133440705
13.774105,27264.00268,13.774105,29101.824219,1837.8215389999968,6.740835381255899
13.755158,27242.280938,13.755158,29061.734375,1819.4534370000001,6.678785235130813
13.736264,27175.508181,13.736264,29056.910156,1881.4019750000007,6.923152871582359
13.717421,27110.722088,13.717421,29050.771484,1940.0493960000022,7.156022586571846
13.69863,27040.701882,13.69863,28909.142578,1868.4406959999978,6.90973445938454
13.679891,26996.953733,13.679891,28881.740234,1884.7865010000023,6.981478427679471
13.661202,26986.38286,13.661202,28881.076172,1894.6933119999994,7.020923559223526
13.642565,26846.182548,13.642565,28827.708984,1981.526436,7.381036139708515
13.623978,26823.092936,13.623978,28822.773438,1999.6805019999993,7.455070549735798
13.605442,26788.843842,13.605442,28815.716797,2026.8729550000025,7.566108365685559
13.586957,26768.650476,13.586957,28786.029297,2017.378821000002,7.536348620968868
13.568521,26722.673721,13.568521,28735.777344,2013.103622999999,7.53331662848543
13.550136,26701.992935,13.550136,28645.582031,1943.5890960000033,7.278816606427971
13.5318,26683.4928,13.5318,28637.550781,1954.0579810000017,7.323096701193488
13.513514,26605.291885,13.513514,28636.246094,2030.9542089999995,7.633647538161559
13.495277,26596.383758,13.495277,28618.792969,2022.4092109999983,7.60407591273258
13.477089,26585.275434,13.477089,28617.542969,2032.267534999999,7.644335075802619
13.45895,26580.192991,13.45895,28551.816406,1971.6234150000018,7.417641458312923
13.44086,26575.349445,13.44086,28550.365234,1975.015789000001,7.43175849140749
13.422819,26555.730205,13.422819,28548.839844,1993.1096389999984,7.5053844259373035
13.404826,26544.185214,13.404826,28508.900391,1964.7151769999982,7.4016782250440425
13.386881,26541.010213,13.386881,28403.654297,1862.6440839999996,7.017984880950995
13.368984,26534.810503,13.368984,28360.349609,1825.5391060000002,6.879789496870936
13.351135,26516.088994,13.351135,28359.181641,1843.0926469999977,6.950846512157387
13.333333,26477.479374,13.333333,28338.996094,1861.5167199999996,7.03056621706954
13.315579,26473.142829,13.315579,28258.570312,1785.4274829999995,6.744297398056393
13.297872,26447.602105,13.297872,28222.734375,1775.1322699999982,6.711883606508145
13.280212,26419.236398,13.280212,28191.916016,1772.6796179999983,6.7098064126266515
13.262599,26398.987517,13.262599,28180.771484,1781.7839669999994,6.749440545220131
13.245033,26397.931161,13.245033,28175.513672,1777.5825110000005,6.733794781714487
13.227513,26336.941041,13.227513,28134.119141,1797.178100000001,6.823792091884346
13.21004,26282.149861,13.21004,28126.576172,1844.4263109999993,7.01779086092549
13.192612,26244.753673,13.192612,28021.771484,1777.0178110000015,6.7709449025164865
13.175231,26165.794139,13.175231,28014.3125,1848.5183609999985,7.064636949981923
13.157895,26154.982426,13.157895,27969.232422,1814.2499960000023,6.936536857300668
13.140604,26153.654656,13.140604,27924.03125,1770.3765940000012,6.769136540517303
13.12336,26147.951447,13.12336,27903.257812,1755.3063650000004,6.712978523605869
13.10616,26109.684188,13.10616,27860.75,1751.0658120000007,6.706575994529991
13.089005,26093.071005,13.089005,27818.919922,1725.8489169999993,6.614203888339894
13.071895,26030.844919,13.071895,27734.005859,1703.1609400000016,6.542856927232734
13.05483,25953.637661,13.05483,27733.472656,1779.834995000001,6.85774772017613
13.03781,25906.37334,13.03781,27686.316406,1779.9430660000035,6.870676349173634
13.020833,25903.61519,13.020833,27638.201172,1734.5859820000005,6.696308485425738
13.003901,25883.879662,13.003901,27634.705078,1750.8254159999997,6.7641537468989945
12.987013,25855.438267,12.987013,27622.378906,1766.9406390000004,6.833922599777373
12.970169,25810.226602,12.970169,27617.699219,1807.4726169999994,7.0029319961876695
12.953368,25804.785348,12.953368,27599.771484,1794.9861359999995,6.956020411691275
12.936611,25763.947646,12.936611,27524.244141,1760.2964949999987,6.832402080561185
12.919897,25715.669472,12.919897,27454.578125,1738.9086529999986,6.762058654134496
12.903226,25671.166645,12.903226,27432.123047,1760.9564019999998,6.85966643570125
12.886598,25665.847458,12.886598,27427.445312,1761.5978539999996,6.863587328969777
12.870013,25654.513381,12.870013,27400.769531,1746.256150000001,6.806818449705214
12.85347,25573.918431,12.85347,27385.466797,1811.5483660000027,7.08357763354752
12.83697,25496.517013,12.83697,27382.242188,1885.7251749999996,7.3960108905797535
12.820513,25481.194589,12.820513,27320.019531,1838.824942000003,7.21640006153325
12.804097,25479.509748,12.804097,27317.314453,1837.8047049999986,7.212873101470314
12.787724,25472.895408,12.787724,27309.458984,1836.5635760000005,7.20987365819125
12.771392,25390.256768,12.771392,27278.480469,1888.223700999999,7.436804275960597
12.755102,25387.184268,12.755102,27246.832031,1859.6477630000009,7.325143833867574
12.738854,25378.798178,12.738854,27200.876953,1822.0787749999981,7.179531364016658
12.722646,25374.423707,12.722646,27197.802734,1823.379026999999,7.185893354878386
12.70648,25324.253538,12.70648,27196.166016,1871.9124779999984,7.391777511590314
12.690355,25319.478812,12.690355,27163.363281,1843.8844690000005,7.2824740299397615
12.674271,25280.082763,12.674271,27162.46875,1882.3859870000015,7.446122722964605
12.658228,25278.336567,12.658228,27124.105469,1845.7689019999998,7.3017814962143825
12.642225,25250.076152,12.642225,27086.751953,1836.6758009999976,7.273941630685017
12.626263,25222.972581,12.626263,26955.492188,1732.5196069999984,6.868816121637754
12.61034,25218.522669,12.61034,26949.316406,1730.793737,6.863184492276334
12.594458,25140.449662,12.594458,26935.410156,1794.9604940000027,7.13973106341491
12.578616,25113.073001,12.578616,26926.710938,1813.6379369999995,7.221887727271691
12.562814,25110.528294,12.562814,26846.576172,1736.0478780000012,6.91362546288928
12.547051,25103.674433,12.547051,26811.841797,1708.1673640000008,6.804451549748158
12.531328,25096.96053,12.531328,26756.535156,1659.5746260000014,6.612651854857905
12.515645,25060.223907,12.515645,26742.660156,1682.4362490000021,6.713572293861477
12.5,25051.725882,12.5,26722.802734,1671.076852000002,6.670505895965808
12.484395,24983.060247,12.484395,26686.960938,1703.900690999999,6.820224080453096
12.468828,24958.226883,12.468828,26604.304688,1646.0778050000008,6.595331522213252
12.4533,24901.348086,12.4533,26582.013672,1680.6655859999992,6.749295581089044
12.437811,24888.978773,12.437811,26579.326172,1690.347399000002,6.791549843875959
12.42236,24882.123058,12.42236,26571.296875,1689.173816999999,6.788704537239649
12.406948,24860.154389,12.406948,26554.425781,1694.2713920000024,6.815208648702822
12.391574,24845.076292,12.391574,26493.599609,1648.5233169999992,6.635211329702441
12.376238,24746.055976,12.376238,26470.527344,1724.4713679999986,6.968671572037499
12.360939,24707.818228,12.360939,26457.609375,1749.791147,7.081933058002907
12.345679,24680.268953,12.345679,26452.847656,1772.5787030000029,7.182169312561474
12.330456,24664.644076,12.330456,26436.28125,1771.6371739999995,7.18290184338762
12.315271,24646.100923,12.315271,26417.007812,1770.906888999998,7.1853430063145165
12.300123,24640.147828,12.300123,26414.392578,1774.244749999998,7.200625428000975
12.285012,24552.6735,12.285012,26407.830078,1855.1565779999983,7.555823108224846
12.269939,24531.343991,12.269939,26375.652344,1844.3083529999967,7.518170849818224
12.254902,24508.217906,12.254902,26369.484375,1861.2664689999983,7.594458626648374
12.239902,24432.469451,12.239902,26321.90625,1889.4367989999992,7.733302615150374
12.224939,24428.458273,12.224939,26298.832031,1870.3737580000015,7.656536229579689
12.210012,24403.194448,12.210012,26286.126953,1882.9325050000007,7.715926326826934
12.195122,24400.675472,12.195122,26240.378906,1839.7034340000027,7.539559452405649
12.180268,24397.575063,12.180268,26204.892578,1807.3175149999988,7.4077752003348705
12.16545,24387.165244,12.16545,26196.408203,1809.2429589999992,7.418832574011976
12.150668,24375.503339,12.150668,26164.388672,1788.885333000002,7.338865204632901
12.135922,24362.917016,12.135922,26151.087891,1788.1708749999998,7.339724031509215
12.121212,24340.864138,12.121212,26148.111328,1807.2471899999982,7.424745398330352
12.106538,24303.467728,12.106538,26137.769531,1834.301803000002,7.547490027057764
12.091898,24261.400561,12.091898,26092.888672,1831.4881110000024,7.54897931961976
12.077295,24229.801229,12.077295,26092.080078,1862.2788489999984,7.685902296099263
12.062726,24208.219756,12.062726,26074.455078,1866.2353220000005,7.709097739570274
12.048193,24190.190709,12.048193,25988.072266,1797.8815570000006,7.432275250029741
12.033694,24185.808394,12.033694,25971.658203,1785.8498089999994,7.383874790982929
12.019231,24182.306533,12.019231,25964.609375,1782.302842000001,7.370276443927339
12.004802,24127.299106,12.004802,25948.841797,1821.5426910000024,7.549716538918439
11.990408,24092.229734,11.990408,25943.128906,1850.8991720000013,7.682556543896525
11.976048,24082.504561,11.976048,25933.992188,1851.4876269999986,7.688102465880391
11.961722,24078.633702,11.961722,25896.359375,1817.7256730000008,7.549122992177992
11.947431,24074.531159,11.947431,25852.773438,1778.2422790000019,7.386404608486948
11.933174,24051.136636,11.933174,25784.15625,1733.0196140000007,7.205562216157378
11.918951,24036.429547,11.918951,25737.689453,1701.2599059999993,7.077839504712689
11.904762,24025.776219,11.904762,25723.128906,1697.3526870000023,7.064715293808932
11.890606,23950.923438,11.890606,25706.769531,1755.846093,7.3310162655950615
11.876485,23949.045345,11.876485,25687.121094,1738.0757489999996,7.257390530444961
11.862396,23895.778486,11.862396,25648.578125,1752.7996390000008,7.335185334208412
11.848341,23887.737183,11.848341,25618.373047,1730.6358639999999,7.244871503491038
11.83432,23866.999189,11.83432,25555.0625,1688.0633110000017,7.072792426196625
11.820331,23841.706636,11.820331,25499.478516,1657.7718800000002,6.953243344991221
11.806375,23826.236273,11.806375,25488.347656,1662.1113830000031,6.975971210709077
11.792453,23793.546575,11.792453,25470.914062,1677.3674869999995,7.049674085839805
11.778563,23736.609231,11.778563,25439.142578,1702.5333470000005,7.172605532792328
11.764706,23730.28905,11.764706,25390.835938,1660.5468880000008,6.9975839084859395
11.750881,23716.424156,11.750881,25382.998047,1666.573891,7.027087557709979
11.737089,23690.560871,11.737089,25364.222656,1673.6617850000002,7.064677759692708
11.723329,23673.820294,11.723329,25363.470703,1689.650408999998,7.137210589658107
11.709602,23638.514899,11.709602,25347.673828,1709.1589289999974,7.230398932854709
11.695906,23597.181036,11.695906,25337.886719,1740.7056829999965,7.376752673738298
11.682243,23589.967744,11.682243,25333.365234,1743.3974899999994,7.3904191346061685
11.668611,23542.265353,11.668611,25330.027344,1787.7619909999994,7.593840117736097
11.655012,23539.768291,11.655012,25292.603516,1752.835224999999,7.446272211906875
11.641444,23533.139813,11.641444,25275.953125,1742.8133119999984,7.405783188511235
11.627907,23519.911498,11.627907,25263.830078,1743.9185799999977,7.4146477130591695
11.614402,23511.174896,11.614402,25257.763672,1746.5887760000005,7.42876008419788
11.600928,23499.012835,11.600928,25249.417969,1750.405133999997,7.448845388913107
11.587486,23465.011491,11.587486,25213.693359,1748.6818679999997,7.45229495698609
11.574074,23436.202519,11.574074,25203.794922,1767.5924030000024,7.542145113172643
11.560694,23394.212854,11.560694,25193.123047,1798.9101929999997,7.689552130805792
11.547344,23394.141546,11.547344,25170.667969,1776.5264229999993,7.593894477840993
11.534025,23358.981564,11.534025,25161.818359,1802.8367949999993,7.717959749488671
11.520737,23332.847814,11.520737,25124.296875,1791.4490609999993,7.677798592270882
11.50748,23301.217807,11.50748,25123.529297,1822.31149,7.820670597965712
11.494253,23295.396651,11.494253,25115.857422,1820.4607710000018,7.814680291875842
11.481056,23290.870314,11.481056,25085.890625,1795.0203110000002,7.706969670090107
11.46789,23281.912635,11.46789,25022.636719,1740.7240839999977,7.476722859028105
11.454754,23237.824626,11.454754,25003.46875,1765.6441239999986,7.598147212215727
11.441648,23206.443631,11.441648,24998.638672,1792.1950410000027,7.722833664206627
11.428571,23206.139859,11.428571,24983.130859,1776.9910000000018,7.657417436923851
11.415525,23171.895185,11.415525,24963.095703,1791.2005179999978,7.730056189618474
11.402509,23106.555557,11.402509,24887.382812,1780.8272550000002,7.707021717741521
11.389522,23105.913153,11.389522,24866.039062,1760.1259089999985,7.617642710526111
11.376564,23096.498009,11.376564,24833.439453,1736.941444,7.520367128051911
11.363636,23092.455383,11.363636,24826.699219,1734.2438359999978,7.5100018912527515
11.350738,23088.718378,11.350738,24792.351562,1703.6331839999984,7.378639022351708
11.337868,23086.521005,11.337868,24780.527344,1694.0063389999996,7.337642335253188
11.325028,23075.985766,11.325028,24744.197266,1668.2114999999976,7.229210127430087
11.312217,23063.671749,11.312217,24741.273438,1677.6016889999992,7.273784101929637
11.299435,23045.147131,11.299435,24692.681641,1647.5345099999977,7.14916030101521
11.286682,23032.417364,11.286682,24688.710938,1656.2935739999994,7.191140850846208
11.273957,22999.433898,11.273957,24682.353516,1682.919618,7.31722191712877
11.261261,22979.066554,11.261261,24652.912109,1673.8455549999999,7.284219100312546
11.248594,22977.854915,11.248594,24537.726562,1559.871647,6.788586892772623
11.235955,22960.873335,11.235955,24532.046875,1571.1735399999998,6.842830048650672
11.223345,22951.119784,11.223345,24479.667969,1528.5481849999996,6.660015717688869
11.210762,22943.514414,11.210762,24430.982422,1487.4680079999998,6.4831742040894795
11.198208,22932.821946,11.198208,24399.480469,1466.6585229999982,6.395455938451641
11.185682,22924.769015,11.185682,24377.527344,1452.7583289999966,6.33706855693698
11.173184,22845.847017,11.173184,24341.296875,1495.449858,6.5458280311831265
11.160714,22835.384698,11.160714,24329.423828,1494.0391299999974,6.5426492689253894
11.148272,22828.185989,11.148272,24269.662109,1441.4761199999994,6.3144575775516705
11.135857,22816.722185,11.135857,24214.576172,1397.8539870000022,6.126445225857065
11.123471,22816.04708,11.123471,24177.447266,1361.400185999999,5.966853860471605
11.111111,22808.839348,11.111111,24161.679688,1352.8403399999988,5.931210787885281
11.098779,22796.767468,11.098779,24151.8125,1355.0450320000018,5.9440226948934285
11.086475,22787.329523,11.086475,24092.912109,1305.5825860000004,5.729423382771698
11.074197,22765.841221,11.074197,24080.552734,1314.711513000002,5.774930520850979
11.061947,22759.057259,11.061947,24049.609375,1290.552115999999,5.670499007552934
11.049724,22758.472153,11.049724,24048.949219,1290.4770659999995,5.6703150252109085
11.037528,22706.638598,11.037528,24047.107422,1340.4688239999996,5.903422552900754
11.025358,22649.270644,11.025358,24042.775391,1393.504746999999,6.152536957604642
11.013216,22596.861357,11.013216,24023.492188,1426.6308309999986,6.313402593666223
11.0011,22557.540703,11.0011,23965.921875,1408.3811720000012,6.243504957137
10.989011,22485.860463,10.989011,23964.269531,1478.4090680000008,6.574838754481693
10.976948,22475.786038,10.976948,23944.111328,1468.3252900000007,6.532920750880485
10.964912,22465.824776,10.964912,23917.367188,1451.5424119999989,6.461113386545532
10.952903,22463.309312,10.952903,23902.021484,1438.7121719999996,6.4047204800382325
10.940919,22450.012273,10.940919,23847.957031,1397.9447580000015,6.2269220212466
10.928962,22443.133636,10.928962,23767.316406,1324.182770000003,5.900168806533961
10.917031,22425.248807,10.917031,23743.458984,1318.2101770000008,5.878241032440737
10.905125,22424.044965,10.905125,23678.552734,1254.5077689999998,5.594475800231699
10.893246,22371.251397,10.893246,23649.197266,1277.9458689999992,5.712446954001744
10.881393,22364.702071,10.881393,23580.494141,1215.7920699999995,5.436209550837256
10.869565,22360.166966,10.869565,23574.455078,1214.2881119999984,5.430586067833919
10.857763,22288.027782,10.857763,23520.21875,1232.190967999999,5.528488119505696
10.845987,22263.004203,10.845987,23516.515625,1253.5114219999996,5.630468424522355
10.834236,22220.620479,10.834236,23483.769531,1263.1490520000007,5.684580469720737
10.822511,22212.059708,10.822511,23477.777344,1265.7176359999976,5.69833528560222
10.810811,22205.70406,10.810811,23417.566406,1211.8623460000017,5.457437164458012
10.799136,22194.521649,10.799136,23379.824219,1185.3025699999998,5.340518659267455
10.787487,22174.309448,10.787487,23358.816406,1184.5069580000018,5.341798628623529
10.775862,22165.950377,10.775862,23353.558594,1187.6082169999972,5.357804185252946
10.764263,22149.220841,10.764263,23340.166016,1190.9451750000007,5.3769167933684825
10.752688,22141.878457,10.752688,23325.488281,1183.6098240000028,5.3455709564055205
10.741139,22096.962929,10.741139,23325.488281,1228.5253520000006,5.559702281021103
10.729614,22093.448486,10.729614,23318.742188,1225.293701999999,5.545959485575253
10.718114,22067.00319,10.718114,23171.556641,1104.5534509999998,5.005452899470034
10.706638,22062.297525,10.706638,23151.492188,1089.1946629999984,4.9369049699641305
10.695187,22045.323479,10.695187,23136.380859,1091.057380000002,4.949155683922374
10.683761,22007.172191,10.683761,23114.130859,1106.9586679999993,5.029990488522184
10.672359,21978.975829,10.672359,23112.730469,1133.7546399999992,5.158359738055105
10.660981,21954.360743,10.660981,23112.304688,1157.943944999999,5.274323213301493
10.649627,21884.095241,10.649627,23090.496094,1206.4008529999992,5.5126832510754165
10.638298,21869.694301,10.638298,23084.708984,1215.0146830000012,5.555700350802089
10.626993,21854.734511,10.626993,23073.103516,1218.3690050000005,5.574851547095055
10.615711,21808.581423,10.615711,23071.113281,1262.531858000002,5.789151680762221
10.604454,21796.371517,10.604454,23056.578125,1260.2066080000004,5.78172659158937
10.59322,21730.67021,10.59322,23018.125,1287.4547899999998,5.924597711705826
10.582011,21702.555177,10.582011,22967.507812,1264.9526350000015,5.828588498835275
10.570825,21691.432931,10.570825,22952.044922,1260.6119910000016,5.8115662299027555
10.559662,21676.364987,10.559662,22936.732422,1260.3674350000001,5.814477822992379
10.548523,21661.50803,10.548523,22811.855469,1150.3474389999974,5.310560268504064
10.537408,21658.158684,10.537408,22749.027344,1090.8686599999965,5.03675624468426
10.526316,21657.277298,10.526316,22744.464844,1087.1875459999974,5.01996410278404
10.515247,21598.185391,10.515247,22735.865234,1137.6798430000017,5.267478829374596
10.504202,21574.663438,10.504202,22716.148438,1141.4850000000006,5.290858896966495
10.493179,21571.722561,10.493179,22697.466797,1125.7442360000023,5.218610766092739
10.48218,21560.098631,10.48218,22666.697266,1106.5986349999985,5.132623249732657
10.471204,21550.10394,10.471204,22663.029297,1112.925357,5.164361898664699
10.460251,21528.582725,10.460251,22624.449219,1095.866493999998,5.090286285903189
10.449321,21502.408729,10.449321,22595.914062,1093.505333000001,5.085501567669512
10.438413,21495.005579,10.438413,22544.734375,1049.7287959999994,4.883593968570793
10.427529,21490.637083,10.427529,22506.957031,1016.3199480000003,4.729128988009165
10.416667,21465.824076,10.416667,22478.462891,1012.6388149999984,4.717446725617143
10.405827,21465.143298,10.405827,22468.824219,1003.6809209999992,4.675864060472015
10.39501,21460.972416,10.39501,22450.878906,989.9064900000012,4.612589172622891
10.384216,21423.902648,10.384216,22441.705078,1017.8024299999997,4.7507797562505045
10.373444,21379.471623,10.373444,22431.982422,1052.5107989999997,4.922997245019425
10.362694,21372.512762,10.362694,22362.134766,989.6220040000007,4.63034934179351
10.351967,21317.643931,10.351967,22339.548828,1021.9048970000003,4.793704690385376
10.341262,21284.316184,10.341262,22328.28125,1043.9650660000007,4.904856030962262
10.330579,21233.304397,10.330579,22320.810547,1087.506150000001,5.121699993872136
10.319917,21215.401992,10.319917,22286.087891,1070.685899,5.04673868260304
10.309278,21189.462941,10.309278,22280.179688,1090.7167469999986,5.147448758078453
10.298661,21170.672066,10.298661,22236.582031,1065.9099650000026,5.034842359642654
10.288066,21142.078088,10.288066,22221.259766,1079.1816780000008,5.104425749957532
10.277492,21136.627093,10.277492,22209.810547,1073.1834540000018,5.077363806808218
10.26694,21129.796,10.26694,22189.03125,1059.2352500000015,5.012993263162605
10.25641,21117.752202,10.25641,22118.941406,1001.1892040000021,4.740983767700344
10.245902,21090.07,10.245902,22101.845703,1011.7757029999993,4.797403247120561
10.235415,21089.43241,10.235415,22098.996094,1009.563683999997,4.787059529972418
10.224949,21073.666023,10.224949,22007.507812,933.8417889999982,4.431321004996446
10.214505,21066.427427,10.214505,22001.708984,935.2815570000021,4.43967806236234
10.204082,21062.337349,10.204082,21992.210938,929.8735889999989,4.414864189059945
10.19368,21039.517961,10.19368,21926.675781,887.1578200000004,4.216626168168323
10.183299,21035.68939,10.183299,21861.613281,825.9238910000022,3.926298186322489
10.17294,21031.225623,10.17294,21851.439453,820.2138300000006,3.8999811266491524
10.162602,21000.464995,10.162602,21740.34375,739.8787550000015,3.5231541548063787
10.152284,20979.635983,10.152284,21716.509766,736.8737829999991,3.512328734383642
10.141988,20952.47939,10.141988,21706.65625,754.1768599999996,3.599463557329382
10.131712,20933.41299,10.131712,21656.560547,723.1475570000002,3.4545134008747236
10.121457,20915.217967,10.121457,21620.740234,705.5222670000003,3.37324845532651
10.111223,20867.890531,10.111223,21590.210938,722.3204069999992,3.461396377975849
10.10101,20838.909928,10.10101,21546.34375,707.433821999999,3.394773644323221
10.090817,20771.341794,10.090817,21517.839844,746.4980499999983,3.5938845809933735
10.080645,20749.57894,10.080645,21514.888672,765.3097320000015,3.6883145157450676
10.070493,20708.937567,10.070493,21506.03125,797.0936829999991,3.8490322375116905
10.060362,20688.00152,10.060362,21353.945312,665.9437919999982,3.218985610360677
10.050251,20675.834756,10.050251,21334.890625,659.0558689999998,3.1875659521255644
10.040161,20589.305095,10.040161,21322.958984,733.6538890000011,3.5632765924585037
10.03009,20582.957815,10.03009,21244.193359,661.2355439999992,3.212538984645435
10.02004,20580.887073,10.02004,21215.193359,634.3062859999991,3.082016259795446
10.01001,20548.6424,10.01001,21183.724609,635.0822090000001,3.090628551694491
10.0,20510.195742,10.0,21181.576172,671.3804300000011,3.273398452386165
9.99001,20473.836918,9.99001,21158.050781,684.2138630000009,3.341893684805411
9.98004,20430.152143,9.98004,21129.914062,699.7619190000005,3.4251429656619594
9.97009,20423.628327,9.97009,21122.873047,699.2447200000024,3.423704685594979
9.960159,20416.792157,9.960159,21089.703125,672.9109680000001,3.2958701975583824
9.950249,20388.438834,9.950249,21048.267578,659.8287439999986,3.236288709362388
9.940358,20369.607891,9.940358,21027.59375,657.9858590000003,3.230233308961835
9.930487,20349.594295,9.930487,20999.072266,649.4779710000003,3.1916015699614233
9.920635,20343.858419,9.920635,20981.65625,637.7978309999999,3.1350878376362132
9.910803,20322.279529,9.910803,20968.277344,645.9978149999988,3.1787665063761996
9.90099,20282.152778,9.90099,20923.572266,641.4194879999995,3.1624822819387575
9.891197,20278.493071,9.891197,20901.275391,622.7823199999984,3.071146942820081
9.881423,20270.084895,9.881423,20886.849609,616.7647140000008,3.0427337487478288
9.871668,20268.976338,9.871668,20875.699219,606.7228809999979,2.993357290878682
9.861933,20267.712309,9.861933,20850.875,583.1626910000014,2.8772990365619333
9.852217,20264.466686,9.852217,20823.607422,559.1407360000012,2.7592176229650875
9.84252,20227.886735,9.84252,20731.427734,503.54099900000074,2.489340609806419
9.832842,20212.655006,9.832842,20685.0,472.34499399999913,2.336877534691937
9.823183,20181.115338,9.823183,20660.248047,479.13270900000134,2.3741636722020965
9.813543,20178.700277,9.813543,20616.855469,438.15519199999835,2.17137469700868
9.803922,20154.692274,9.803922,20610.648438,455.95616399999926,2.2622829354144636
9.794319,20153.1611,9.794319,20413.917969,260.7568689999971,1.2938757731659134
9.784736,20152.294074,9.784736,20299.871094,147.577019999997,0.7323087855808796
9.775171,20046.749195,9.775171,20249.1875,202.43830499999967,1.009831085483382
9.765625,19984.155698,9.765625,20244.96875,260.81305200000133,1.3050991792768274
9.756098,19959.056476,9.756098,20222.802734,263.7462579999992,1.3214365033594848
9.746589,19946.544093,9.746589,20194.265625,247.72153199999957,1.2419270769162187
9.737098,19920.520027,9.737098,20123.269531,202.74950400000307,1.0177922249278593
9.727626,19878.660382,9.727626,20114.550781,235.89039900000353,1.1866513862956318
9.718173,19856.225204,9.718173,20108.402344,252.17713999999978,1.2700155110509082
9.708738,19828.684424,9.708738,20093.523438,264.83901400000104,1.335635831086446
9.699321,19816.621328,9.699321,20087.142578,270.52124999999796,1.3651229718850382
9.689922,19787.833861,9.689922,20083.951172,296.1173110000018,1.49646147769424
9.680542,19768.543849,9.680542,20062.666016,294.1221669999977,1.4878291959520122
9.67118,19759.505988,9.67118,20048.996094,289.49010599999747,1.4650675283876304
9.661836,19758.652612,9.661836,20047.978516,289.32590399999754,1.4642997661909474
9.65251,19738.894286,9.65251,19911.955078,173.06079200000022,0.8767501841414961
9.643202,19738.400167,9.643202,19897.441406,159.04123900000195,0.8057453372837071
9.633911,19731.269406,9.633911,19877.564453,146.2950469999996,0.7414375831060994
9.624639,19720.163627,9.624639,19846.339844,126.17621699999654,0.6398335195720256
9.615385,19711.810339,9.615385,19833.439453,121.62911399999939,0.6170367505989801
9.606148,19696.669006,9.606148,19815.115234,118.4462280000007,0.6013515684500745
9.596929,19675.403812,9.596929,19811.728516,136.32470399999875,0.6928686460648625
9.587728,19668.673933,9.587728,19793.537109,124.86317600000257,0.6348327112714386
9.578544,19661.03532,9.578544,19709.195312,48.159992000000784,0.24495145457070866
9.569378,19590.851383,9.569378,19707.666016,116.81463299999814,0.5962713448041582
9.560229,19541.465821,9.560229,19703.433594,161.96777299999667,0.8288414721987741
9.551098,19515.377347,9.551098,19695.052734,179.67538699999932,0.9206862045515092
9.541985,19464.742176,9.541985,19680.222656,215.480480000002,1.1070297158402083
9.532888,19464.608063,9.532888,19652.697266,188.08920299999954,0.9663138471179169
9.52381,19457.488414,9.52381,19636.382812,178.89439800000036,0.9194115612130225
9.514748,19449.5261,9.514748,19630.917969,181.39186899999913,0.9326287338178341
9.505703,19442.751793,9.505703,19603.714844,160.9630509999988,0.8278820442379486
9.496676,19440.952433,9.496676,19450.341797,9.389364000002388,0.048296831301662124
9.487666,19408.765676,9.487666,19434.082031,25.31635500000266,0.13043773840449688
9.478673,19301.115124,9.478673,19396.683594,95.56846999999834,0.49514481099158664
9.469697,19286.055092,9.469697,19243.074219,42.98087300000043,0.22285984767216194
9.460738,19272.957406,9.460738,19238.636719,34.32068700000309,0.17807690992622893
9.451796,19266.378292,9.451796,19234.138672,32.239620000000286,0.16733617243146928
9.442871,19244.153306,9.442871,19173.076172,71.0771339999992,0.3693440437197024
9.433962,19193.388946,9.433962,19133.71875,59.67019599999912,0.31088931802444764
9.425071,19181.421631,9.425071,19089.230469,92.1911620000028,0.4806273683646488
9.416196,19166.721457,9.416196,19072.669922,94.0515349999987,0.4907022581352824
9.407338,19151.73407,9.407338,19068.197266,83.53680399999939,0.4361840222648799
9.398496,19151.443142,9.398496,19062.390625,89.05251700000008,0.46499115674841124
9.389671,19130.494293,9.389671,18981.892578,148.6017150000007,0.7767792756634377
9.380863,19101.903693,9.380863,18965.039062,136.86463100000037,0.7164973355517188
9.372071,19077.52946,9.372071,18965.039062,112.49039800000173,0.5896486661748378
9.363296,19074.482682,9.363296,18925.662109,148.82057300000088,0.7802076495654492
9.354537,19055.607944,9.354537,18895.234375,160.3735689999994,0.8416082523911073
9.345794,19024.008516,9.345794,18861.376953,162.63156300000264,0.8548753690013468
9.337068,19001.538798,9.337068,18771.957031,229.58176699999967,1.2082272359129367
9.328358,18978.263838,9.328358,18750.492188,227.77164999999877,1.2001711639393153
9.319664,18976.670621,9.319664,18749.701172,226.96944900000017,1.1960446251769306
9.310987,18961.603497,9.310987,18749.261719,212.3417780000018,1.1198513777255037
9.302326,18954.60372,9.302326,18747.863281,206.74043899999742,1.0907135915579955
9.29368,18945.181277,9.29368,18745.853516,199.32776100000046,1.0521290774978762
9.285051,18793.744229,9.285051,18744.71875,49.025478999999905,0.26086062682682637
9.276438,18792.174551,9.276438,18662.806641,129.36791000000085,0.6884137311991747
9.267841,18777.492686,9.267841,18650.027344,127.46534200000315,0.6788198197251218
9.259259,18777.219212,9.259259,18642.265625,134.95358699999997,0.718709120218157
9.250694,18771.191628,9.250694,18641.123047,130.06858099999954,0.6929159510895572
9.242144,18759.869871,9.242144,18597.927734,161.94213699999818,0.8632369953180588
9.23361,18664.059917,9.23361,18573.691406,90.36851099999694,0.4841846382934377
9.225092,18659.426968,9.225092,18542.763672,116.66329599999881,0.6252244305254959
9.21659,18626.6969,9.21659,18512.939453,113.75744699999996,0.6107225967691564
9.208103,18624.685756,9.208103,18379.474609,245.21114699999816,1.3165921305330086
9.199632,18614.19707,9.199632,18370.919922,243.2771479999974,1.3069440872745495
9.191176,18581.152109,9.191176,18366.675781,214.476327999997,1.1542681893019588
9.182736,18548.673416,9.182736,18347.021484,201.65193200000067,1.0871501561187478
9.174312,18526.820736,9.174312,18279.865234,246.9555020000007,1.3329621175646953
9.165903,18469.708294,9.165903,18274.039062,195.6692320000002,1.0594061849020353
9.157509,18442.675152,9.157509,18255.572266,187.10288600000058,1.0145105547755113
9.149131,18442.279718,9.149131,18254.558594,187.72112400000333,1.017884593826999
9.140768,18440.04869,9.140768,18246.427734,193.62095599999884,1.050002411897096
9.13242,18433.279014,9.13242,18227.216797,206.06221699999878,1.1178815057456428
9.124088,18421.821711,9.124088,18196.160156,225.66155499999877,1.2249687275241201
9.11577,18416.054508,9.11577,18191.492188,224.5623200000009,1.2193834455824955
9.107468,18346.408624,9.107468,18184.513672,161.89495199999874,0.88243402465273
9.099181,18339.665614,9.099181,18148.445312,191.22030200000154,1.042659697426703
9.090909,18287.079644,9.090909,18123.851562,163.22808200000145,0.8925869257290442
9.082652,18283.997648,9.082652,18105.152344,178.84530400000222,0.9781520838226823
9.07441,18275.020735,9.07441,18092.65625,182.36448499999824,0.9978893465808057
9.066183,18269.179403,9.066183,18075.904297,193.27510599999732,1.0579298705023361
9.057971,18259.918793,9.057971,17986.808594,273.11019900000247,1.495681345005215
9.049774,18253.826871,9.049774,17918.8125,335.0143710000011,1.8353103344715134
9.041591,18205.083224,9.041591,17912.519531,292.56369300000006,1.6070439744780154
9.033424,18178.439508,9.033424,17900.412109,278.0273989999987,1.5294349048918303
9.025271,18172.552836,9.025271,17838.996094,333.55674200000067,1.8354974395189079
9.017133,18126.550981,9.017133,17832.552734,293.99824699999954,1.6219205038408266
9.009009,18124.082841,9.009009,17808.017578,316.0652630000004,1.743896592025075
9.0009,18111.868633,9.0009,17796.705078,315.1635549999992,1.7400940862930518
8.992806,18072.68439,8.992806,17793.833984,278.85040599999775,1.5429385031162919
8.984726,18053.716823,8.984726,17781.621094,272.0957290000006,1.5071452137399053
8.976661,18027.994432,8.976661,17766.521484,261.4729479999987,1.4503718036204836
8.96861,18015.332049,8.96861,17684.990234,330.34181499999977,1.8336704208476495
8.960573,17996.449917,8.960573,17669.787109,326.66280800000095,1.8151513743353638
8.952551,17961.391755,8.952551,17668.064453,293.3273020000015,1.63309896026485
8.944544,17956.744635,8.944544,17640.177734,316.5669009999983,1.762941487640075
8.93655,17952.964696,8.93655,17634.699219,318.2654770000008,1.7727739255840667
8.928571,17947.582406,8.928571,17612.445312,335.1370940000015,1.8673105180336873
8.920607,17821.758142,8.920607,17589.154297,232.60384499999782,1.3051677794449885
8.912656,17768.27328,8.912656,17585.511719,182.76156100000298,1.0285836902661762
8.90472,17763.936381,8.90472,17555.605469,208.33091200000126,1.1727744770738338
8.896797,17728.753409,8.896797,17543.185547,185.56786199999988,1.0467056409380502
8.888889,17715.051761,8.888889,17542.8125,172.2392609999988,0.9722763631952044
8.880995,17701.174178,8.880995,17524.539062,176.6351160000013,0.9978723118804921
8.873114,17690.452121,8.873114,17515.388672,175.0634489999975,0.9895928481792899
8.865248,17689.192982,8.865248,17510.261719,178.93126300000222,1.011528695413507
8.857396,17674.422879,8.857396,17505.1875,169.23537900000156,0.9575157285677477
8.849558,17647.309898,8.849558,17496.023438,151.28645999999935,0.8572777430351859
8.841733,17641.081881,8.841733,17436.091797,204.9900839999973,1.162004039110425
8.833922,17580.220592,8.833922,17427.255859,152.9647330000007,0.8700956407202783
8.826125,17569.320502,8.826125,17422.833984,146.4865179999979,0.8337631383258257
8.818342,17553.264073,8.818342,17414.726562,138.53751099999863,0.789240738496572
8.810573,17534.697422,8.810573,17397.019531,137.67789099999936,0.7851740334410394
8.802817,17446.748319,8.802817,17389.636719,57.11160000000018,0.3273481049635137
8.795075,17446.464453,8.795075,17387.419922,59.04453099999955,0.3384326443851297
8.787346,17441.116745,8.787346,17374.119141,66.99760400000014,0.3841359758067495
8.779631,17404.992128,8.779631,17305.195312,99.79681600000185,0.5733804144585353
8.77193,17398.397475,8.77193,17292.564453,105.83302200000253,0.6082917817694157
8.764242,17387.431929,8.764242,17261.306641,126.12528799999927,0.7253819225002315
8.756567,17379.415543,8.756567,17241.177734,138.23780899999838,0.795411149805191
8.748906,17326.244837,8.748906,17196.349609,129.8952279999976,0.7497021381263631
8.741259,17299.468313,8.741259,17193.355469,106.11284400000295,0.6133878919288087
8.733624,17293.703548,8.733624,17193.339844,100.36370400000305,0.5803482390075433
8.726003,17275.160773,8.726003,17176.132812,99.02796099999978,0.57323901236725
8.718396,17259.940135,8.718396,17062.564453,197.3756820000017,1.1435478944666784
8.710801,17206.411748,8.710801,17059.544922,146.86682599999767,0.853558709107777
8.70322,17205.237273,8.70322,17039.900391,165.3368819999996,0.9609683340982519
8.695652,17194.330319,8.695652,17039.144531,155.18578799999887,0.9025404602615792
8.688097,17191.934658,8.688097,17023.257812,168.67684599999848,0.9811394084231663
8.680556,17191.390918,8.680556,17019.472656,171.91826199999923,1.0000253197662714
8.673027,17181.122579,8.673027,17002.050781,179.07179799999722,1.0422590094250979
8.665511,17180.649825,8.665511,16948.142578,232.50724700000137,1.3533088059432663
8.658009,17177.302302,8.658009,16937.599609,239.70269299999927,1.3954618064333073
8.650519,17116.972659,8.650519,16935.96875,181.0039089999991,1.0574528136833143
8.643042,17116.288038,8.643042,16935.207031,181.08100699999704,1.057945546358987
8.635579,17089.178577,8.635579,16925.308594,163.8699830000005,0.9589108233707032
8.628128,17061.420055,8.628128,16916.837891,144.58216399999947,0.8474216304030825
8.62069,17027.743244,8.62069,16910.828125,116.91511900000114,0.6866154682077324
8.613264,17010.951008,8.613264,16877.40625,133.544758,0.7850516878050842
8.605852,16967.513343,8.605852,16845.884766,121.6285769999995,0.7168320692682865
8.598452,16953.694957,8.598452,16825.199219,128.49573800000144,0.7579217293097923
8.591065,16910.836712,8.591065,16794.501953,116.33475900000121,0.6879302365769376
8.583691,16849.410408,8.583691,16788.355469,61.05493900000147,0.3623565307128666
8.576329,16848.958432,8.576329,16774.517578,74.4408540000004,0.44181279395063555
8.56898,16811.125679,8.56898,16760.666016,50.459663000001456,0.30015636051685873
8.561644,16797.5037,8.561644,16719.041016,78.4626840000019,0.4671091931356556
8.55432,16792.744387,8.55432,16675.755859,116.98852799999804,0.6966611609390303
8.547009,16787.799727,8.547009,16658.71875,129.08097700000144,0.7688975273656565
8.53971,16786.617307,8.53971,16656.34375,130.27355700000044,0.7760560368864579
8.532423,16773.322801,8.532423,16631.578125,141.74467599999844,0.8450602047171468
8.525149,16742.350974,8.525149,16630.800781,111.55019299999913,0.6662755617370031
8.517888,16673.824984,8.517888,16611.601562,62.22342199999912,0.3731802514402542
8.510638,16672.88738,8.510638,16549.714844,123.17253600000186,0.7387594793434145
8.503401,16669.218264,8.503401,16531.140625,138.07763899999918,0.828339018742116
8.496177,16638.539038,8.496177,16529.636719,108.90231900000072,0.654518517228488
8.488964,16580.995116,8.488964,16529.578125,51.416990999998234,0.31009592995044605
8.481764,16563.225606,8.481764,16517.181641,46.04396500000075,0.27798911936163817
8.474576,16554.409411,8.474576,16457.556641,96.85277000000133,0.5850572351777469
8.467401,16468.726079,8.467401,16450.492188,18.233890999999858,0.11071828453841792
8.460237,16464.043924,8.460237,16433.171875,30.872049000001425,0.1875119450756479
8.453085,16449.974995,8.453085,16426.927734,23.047260999999708,0.1401051430595181
8.445946,16429.364071,8.445946,16413.558594,15.805477000001702,0.09620260974008396
8.438819,16411.949489,8.438819,16408.050781,3.8987079999969865,0.023755300993401608
8.431703,16403.953033,8.431703,16402.541016,1.412017000002379,0.008607784947700167
8.4246,16399.852933,8.4246,16395.455078,4.397854999999254,0.026816429500717245
8.417508,16372.192213,8.417508,16382.841797,10.649583999998868,0.06504678091638079
8.410429,16365.509761,8.410429,16381.484375,15.974614000000656,0.09761146602392508
8.403361,16356.150616,8.403361,16359.18457,3.03395399999863,0.018549315613606173
8.396306,16338.142709,8.396306,16355.402344,17.259635000000344,0.10564012879195096
8.389262,16338.011599,8.389262,16326.789062,11.222536999999647,0.06868973578575832
8.38223,16330.414084,8.38223,16309.379883,21.034201000000394,0.12880384350210083
8.375209,16329.564137,8.375209,16282.438477,47.1256599999997,0.28859104630491034
8.368201,16325.00181,8.368201,16277.756836,47.244973999999274,0.28940256515658713
8.361204,16294.500292,8.361204,16267.363281,27.13701100000071,0.1665409218675088
8.354219,16293.207506,8.354219,16198.958984,94.24852199999987,0.5784528427891973
8.347245,16292.231583,8.347245,16172.634766,119.59681700000147,0.7340726553678123
8.340284,16283.005756,8.340284,16151.067383,131.93837300000087,0.8102826651116544
8.333333,16219.122017,8.333333,16151.067383,68.05463400000008,0.4195950553221618
8.326395,16133.44196,8.326395,16130.271484,3.1704759999993257,0.019651578428583043
8.319468,16125.530999,8.319468,16123.867188,1.6638110000003508,0.01031786798278785
8.312552,16063.534729,8.312552,16117.460938,53.92620899999929,0.3357057454026269
8.305648,16057.89277,8.305648,16107.84668,49.95391000000018,0.31108633439953015
8.298755,16046.007336,8.298755,16056.105469,10.098132999999507,0.06293237182650324
8.291874,16036.985159,8.291874,16044.416992,7.431833000000552,0.046341833744416645
8.285004,16036.726154,8.285004,16041.198242,4.47208800000044,0.027886539665609857
8.278146,16003.709214,8.278146,16030.736328,27.027114000000438,0.16888031167397866
8.271299,15975.663963,8.271299,15983.698242,8.034278999999515,0.05029073607586568
8.264463,15974.219352,8.264463,15966.041992,8.17735999999968,0.05119098354547047
8.257638,15940.76333,8.257638,15942.754883,1.9915529999998398,0.012493460687994793
8.250825,15921.085942,8.250825,15934.660156,13.574214000000211,0.0852593475686937
8.244023,15918.796559,8.244023,15907.976562,10.819997000000512,0.06796994333018985
8.237232,15894.518639,8.237232,15892.089844,2.428794999999809,0.0152807081180825
8.230453,15889.822704,8.230453,15863.567383,26.25532100000055,0.16523356798305375
8.223684,15889.626026,8.223684,15856.758789,32.86723700000039,0.20684714005364335
8.216927,15871.978026,8.216927,15842.926758,29.051268000001073,0.18303495602383008
8.210181,15839.386778,8.210181,15842.113281,2.726502999999866,0.017213437857245977
8.203445,15830.70981,8.203445,15838.856445,8.14663499999915,0.05146095846474966
8.196721,15761.532206,8.196721,15828.269531,66.73732500000006,0.4234190187080601
8.190008,15713.478348,8.190008,15817.822266,104.34391799999867,0.6640408679042058
8.183306,15707.048249,8.183306,15816.044922,108.99667299999965,0.6939347945718509
8.176615,15703.419025,8.176615,15805.443359,102.02433400000155,0.6496950367151114
8.169935,15691.510694,8.169935,15799.732422,108.22172799999862,0.6896832950659085
8.163265,15638.88534,8.163265,15794.822266,155.9369259999985,0.9971102326657155
8.156607,15621.224627,8.156607,15766.244141,145.01951399999962,0.928349200928494
8.149959,15620.517462,8.149959,15734.061523,113.54406100000051,0.7268905225209018
8.143322,15615.045915,8.143322,15726.788086,111.74217099999987,0.7156057792481993
8.136697,15526.61308,8.136697,15707.27832,180.66524000000027,1.1635843507475379
8.130081,15511.890491,8.130081,15701.53418,189.64368900000045,1.2225698028878667
8.123477,15504.799259,8.123477,15668.678711,163.87945200000104,1.0569595211293992
8.116883,15500.048154,8.116883,15624.225586,124.17743200000041,0.8011422336643174
8.1103,15477.700743,8.1103,15605.257812,127.55706900000041,0.824134483008982
8.103728,15463.732324,8.103728,15595.445312,131.7129879999993,0.8517541899996438
8.097166,15462.631995,8.097166,15592.750977,130.11898199999996,0.8415060388300987
8.090615,15451.353083,8.090615,15592.050781,140.69769799999995,0.9105849645931616
8.084074,15421.310445,8.084074,15571.219727,149.90928200000053,0.9720917203155399
8.077544,15392.111996,8.077544,15535.810547,143.6985509999995,0.9335856641203165
8.071025,15389.107752,8.071025,15498.495117,109.3873650000005,0.710810313130625
8.064516,15378.035671,8.064516,15479.392578,101.35690700000123,0.6591017810625888
8.058018,15371.866537,8.058018,15456.109375,84.24283800000012,0.548032587956889
8.05153,15352.979336,8.05153,15441.671875,88.69253899999967,0.5776894312104718
8.045052,15335.830408,8.045052,15441.125977,105.29556899999989,0.6865984182054596
8.038585,15328.277525,8.038585,15416.125,87.84747500000049,0.5731072839510093
8.032129,15302.020684,8.032129,15350.960938,48.940254000001005,0.3198287011281693
8.025682,15297.178761,8.025682,15347.613281,50.4345200000007,0.3296981802198912
8.019246,15284.425687,8.019246,15319.967773,35.54208599999947,0.23253792277082025
8.012821,15258.446235,8.012821,15311.083984,52.63774900000135,0.3449745025758932
8.006405,15232.035475,8.006405,15278.0,45.96452499999941,0.3017621976750249
8.0,15216.447101,8.0,15263.158203,46.71110200000112,0.30697771753125824
7.993605,15213.69576,7.993605,15260.823242,47.12748199999987,0.30977010940305455
7.98722,15177.257244,7.98722,15238.461914,61.20466999999917,0.40326568243544203
7.980846,15147.182578,7.980846,15196.945312,49.76273399999991,0.3285279869292397
7.974482,15091.380291,7.974482,15168.431641,77.05134999999973,0.5105652929967619
7.968127,15089.274885,7.968127,15108.313477,19.03859199999897,0.12617300794834696
7.961783,15073.791412,7.961783,15099.830078,26.038666000000376,0.17274131828088995
7.955449,15069.661022,7.955449,15087.947266,18.286243999998987,0.12134476000026238
7.949126,15065.930178,7.949126,15076.057617,10.127438999999868,0.06722080137334263
7.942812,15035.922998,7.942812,15043.745117,7.822119000000384,0.052022872164487956
7.936508,15024.973817,7.936508,15014.083984,10.889832999999271,0.07247821615288257
7.930214,15012.946819,7.930214,14977.244141,35.70267800000147,0.23781259222751044
7.92393,15012.82665,7.92393,14973.827148,38.999502000000575,0.2597745441895219
7.917656,15007.833204,7.917656,14967.196289,40.636915000000954,0.27077136617676495
7.911392,14972.430169,7.911392,14905.363281,67.06688799999938,0.44793588778166094
7.905138,14941.956244,7.905138,14876.19043,65.76581400000032,0.44014192603735425
7.898894,14921.494196,7.898894,14850.412109,71.08208699999886,0.4763737871442782
7.89266,14901.844637,7.89266,14846.939453,54.90518399999928,0.36844555380529487
7.886435,14834.834575,7.886435,14834.928711,0.09413599999970756,0.0006345604969424309
7.880221,14818.875656,7.880221,14831.144531,12.268874999999753,0.08279221234326384
7.874016,14810.926078,7.874016,14827.082031,16.1559529999995,0.10908131547558925
7.867821,14791.293015,7.867821,14813.40332,22.110305000000153,0.14948189436567763
7.861635,14767.791292,7.861635,14774.594727,6.8034349999998085,0.04606941461642515
7.85546,14728.578408,7.85546,14767.675781,39.097373000000516,0.2654524551993716
7.849294,14712.907929,7.849294,14749.542969,36.63503999999921,0.2489993152732874
7.843137,14712.713336,7.843137,14747.814453,35.10111700000016,0.23857677505421462
7.836991,14671.141834,7.836991,14745.220703,74.07886900000085,0.5049291312031688
7.830854,14643.081173,7.830854,14735.708008,92.62683499999912,0.6325638293311612
7.824726,14611.388056,7.824726,14734.842773,123.45471700000053,0.8449212116387892
7.818608,14585.731071,7.818608,14701.075195,115.34412399999928,0.7908011154088231
7.8125,14572.603854,7.8125,14690.673828,118.069974,0.8102187857634737
7.806401,14537.000742,7.806401,14664.643555,127.64281300000039,0.8780546638566058
7.800312,14533.970093,7.800312,14583.729492,49.759399000000485,0.34236618543728886
7.794232,14521.190729,7.794232,14572.244141,51.0534119999993,0.35157868905365647
7.788162,14348.122905,7.788162,14563.666992,215.54408700000022,1.5022458925612348
7.782101,14288.908659,7.782101,14523.478516,234.5698569999986,1.6416219222750268
7.77605,14273.483374,7.77605,14520.610352,247.12697800000024,1.7313711833661907
7.770008,14272.442616,7.770008,14514.128906,241.68628999999964,1.6933772060085865
7.763975,14252.691855,7.763975,14495.472656,242.7808010000008,1.7034031428584533
7.757952,14235.832268,7.757952,14331.895508,96.0632399999995,0.674798903158863
7.751938,14208.348893,7.751938,14323.063477,114.71458399999938,0.8073744870983257
7.745933,14179.644598,7.745933,14310.69043,131.0458319999998,0.924182768434714
7.739938,14173.699697,7.739938,14302.206055,128.50635800000055,0.906653596076966
7.733952,14167.027513,7.733952,14285.037109,118.00959599999987,0.8329876954901899
7.727975,14149.726103,7.727975,14138.583984,11.142119000000093,0.07874441468967912
7.722008,14143.819277,7.722008,14104.191406,39.627871000000596,0.28017800725467085
7.716049,14129.225179,7.716049,14090.248047,38.97713199999998,0.2758617794408922
7.7101,14089.948647,7.7101,14074.154297,15.794350000000122,0.11209657604652108
7.70416,14077.218562,7.70416,14069.926758,7.291804000000411,0.05179861325506364
7.698229,14067.067137,7.698229,14069.681641,2.614503999999215,0.018585992193940682
7.692308,14034.918053,7.692308,14060.733398,25.81534500000089,0.18393655668322761
7.686395,14033.74287,7.686395,14055.362305,21.61943500000052,0.1540532358350137
7.680492,14024.489876,7.680492,14041.033203,16.543327000001227,0.11796027624727866
7.674597,14023.712085,7.674597,14032.072266,8.360181000000011,0.05961460809611318
7.668712,14019.514898,7.668712,14014.644531,4.870366999999533,0.034739911012857734
7.662835,14017.731048,7.662835,13983.615234,34.11581399999886,0.24337614898715287
7.656968,14009.324732,7.656968,13982.441406,26.883325999999215,0.19189594441045768
7.651109,14006.929282,7.651109,13940.764648,66.16463399999884,0.47237072928629387
7.64526,13981.708094,7.64526,13898.990234,82.71785999999884,0.5916148402175249
7.639419,13972.867037,7.639419,13897.231445,75.63559200000054,0.5413033116232934
7.633588,13950.464995,7.633588,13808.583008,141.88198700000066,1.0170412746159552
7.627765,13920.010694,7.627765,13798.614258,121.3964360000009,0.8721001633448954
7.621951,13899.698026,7.621951,13782.291992,117.40603399999964,0.8446660767765346
7.616146,13895.76953,7.616146,13722.332031,173.43749899999966,1.2481316606868025
7.61035,13884.327452,7.61035,13712.322266,172.00518600000032,1.238844204695154
7.604563,13878.555283,7.604563,13708.681641,169.87364200000047,1.2240009030916974
7.598784,13868.556087,7.598784,13672.235352,196.32073500000115,1.415581649368868
7.593014,13811.769224,7.593014,13609.106445,202.66277900000023,1.4673194701794146
7.587253,13773.565067,7.587253,13588.925781,184.63928599999963,1.3405337332915772
7.581501,13767.599376,7.581501,13571.803711,195.79566499999964,1.4221481875868294
7.575758,13758.596472,7.575758,13535.919922,222.67655000000013,1.6184539640592501
7.570023,13749.802075,7.570023,13515.105469,234.69660599999952,1.7069089774515864
7.564297,13741.020125,7.564297,13500.736328,240.28379699999823,1.7486605420425307
7.558579,13713.317316,7.558579,13485.380859,227.9364569999998,1.6621540342689738
7.55287,13705.731823,7.55287,13472.083008,233.64881500000047,1.7047525664255838
7.54717,13647.754733,7.54717,13460.527344,187.22738899999968,1.3718548776912554
7.541478,13625.811178,7.541478,13446.707031,179.104147,1.3144475925894121
7.535795,13619.070005,7.535795,13419.963867,199.1061379999992,1.4619657430859885
7.53012,13615.017849,7.53012,13413.492188,201.52566099999967,1.4801718457886663
7.524454,13570.205317,7.524454,13408.887695,161.31762200000048,1.1887633107356947
7.518797,13465.406651,7.518797,13402.029297,63.377354000000196,0.47066795413336826
7.513148,13434.248199,7.513148,13331.196289,103.05191000000013,0.767083564882112
7.507508,13431.950858,7.507508,13317.292969,114.65788900000007,0.8536205217852656
7.501875,13430.792698,7.501875,13317.292969,113.4997289999992,0.8450709615740003
7.496252,13427.016578,7.496252,13311.864258,115.15232000000105,0.857616577227414
7.490637,13407.666909,7.490637,13305.192383,102.47452599999997,0.7642979699265438
7.48503,13400.15872,7.48503,13271.81543,128.3432899999989,0.957774401645288
7.479432,13322.859641,7.479432,13258.804688,64.05495299999893,0.48078982084953525
7.473842,13320.192381,7.473842,13240.204102,79.98827900000106,0.6005039320160029
7.46826,13318.024881,7.46826,13231.829102,86.19577899999967,0.6472114278970139
7.462687,13299.341513,7.462687,13216.0,83.3415129999994,0.6266589433659835
7.457122,13279.288358,7.457122,13187.591797,91.69656100000066,0.690523155518035
7.451565,13271.490058,7.451565,13134.81543,136.67462799999885,1.0298363439424945
7.446016,13246.379836,7.446016,13123.810547,122.56928900000094,0.9253040492383547
7.440476,13224.184582,7.440476,13110.495117,113.68946499999947,0.859708697311644
7.434944,13192.695195,7.434944,13059.816406,132.87878900000032,1.0072148794157016
7.429421,13183.343627,7.429421,13041.129883,142.2137440000006,1.078738050252603
7.423905,13159.333117,7.423905,13021.405273,137.92784399999982,1.0481370353169077
7.418398,13156.670381,7.418398,13008.864258,147.8061230000003,1.1234310712340427
7.412898,13152.6798,7.412898,12988.910156,163.76964399999997,1.2451427883160358
7.407407,13138.568525,7.407407,12954.59082,183.97770500000115,1.4002872889076867
7.401925,13133.087049,7.401925,12944.220703,188.86634599999888,1.43809559241732
7.39645,13112.576136,7.39645,12934.354492,178.2216439999993,1.3591657516534803
7.390983,13083.633356,7.390983,12904.926758,178.70659800000067,1.3658789813003123
7.385524,13081.788642,7.385524,12890.039062,191.7495799999997,1.4657749429185412
7.380074,13043.838403,7.380074,12889.783203,154.05519999999888,1.1810572566167883
7.374631,13023.645185,7.374631,12848.787109,174.85807599999862,1.3426200845934564
7.369197,13020.175875,7.369197,12833.378906,186.7969690000009,1.4346731625850706
7.36377,13014.972037,7.36377,12818.59082,196.3812170000001,1.5088869683447028
7.358352,12964.521754,7.358352,12810.121094,154.40065999999933,1.1909475947491965
7.352941,12921.266626,7.352941,12796.648438,124.61818800000037,0.9644425086720625
7.347539,12916.804549,7.347539,12784.451172,132.35337700000127,1.0246603678016315
7.342144,12882.77767,7.342144,12772.90918,109.86848999999893,0.8528323069321349
7.336757,12873.339464,7.336757,12756.75293,116.58653400000003,0.9056432818075808
7.331378,12855.517253,7.331378,12745.341797,110.17545600000085,0.8570285724931838
7.326007,12848.114649,7.326007,12723.454102,124.6605469999995,0.9702633452893584
7.320644,12831.925157,7.320644,12723.208984,108.71617299999889,0.8472319754818134
7.315289,12829.943806,7.315289,12717.557617,112.38618899999892,0.8759678974388091
7.309942,12800.57134,7.309942,12704.40332,96.16802000000098,0.7512791222020639
7.304602,12789.155169,7.304602,12700.130859,89.02430999999888,0.6960921876668402
7.29927,12772.573038,7.29927,12698.685547,73.88749100000132,0.5784855626205996
7.293946,12770.417274,7.293946,12693.918945,76.49832900000001,0.5990276383195966
7.28863,12740.981382,7.28863,12664.34668,76.63470199999938,0.6014819400667686
7.283321,12732.998909,7.283321,12663.392578,69.60633099999905,0.5466609358679797
7.27802,12710.244212,7.27802,12659.574219,50.66999299999952,0.3986547556038377
7.272727,12704.318188,7.272727,12644.292969,60.0252189999992,0.4724788698751001
7.267442,12699.430579,7.267442,12641.426758,58.003821000000244,0.4567434786872758
7.262164,12667.964164,7.262164,12629.001953,38.962211000000025,0.3075648975288657
7.256894,12663.136936,7.256894,12611.270508,51.86642800000118,0.4095859364242539
7.251632,12659.443668,7.251632,12561.024414,98.41925400000036,0.7774374339117314
7.246377,12655.943839,7.246377,12504.384766,151.55907300000035,1.197532755581315
7.24113,12650.20839,7.24113,12497.655273,152.55311699999947,1.2059336281020703
7.23589,12625.526883,7.23589,12475.231445,150.295438000001,1.1904092351375102
7.230658,12621.938017,7.230658,12455.494141,166.44387600000118,1.3186871602112478
7.225434,12614.884308,7.225434,12453.387695,161.49661300000116,1.2802068497575092
7.220217,12602.30394,7.220217,12431.22168,171.08225999999922,1.357547483496095
7.215007,12600.497563,7.215007,12424.918945,175.57861800000137,1.3934260700590826
7.209805,12596.6225,7.209805,12421.891602,174.7308979999998,1.3871249852887138
7.204611,12595.229426,7.204611,12421.578125,173.65130099999988,1.3787069304314226
7.199424,12591.323348,7.199424,12402.99707,188.32627800000046,1.4956829619494612
7.194245,12587.615016,7.194245,12310.391602,277.22341400000005,2.2023505934017202
7.189073,12563.279307,7.189073,12301.667969,261.6113380000006,2.082349135183488
7.183908,12541.544816,7.183908,12297.510742,244.03407399999924,1.9458055413450372
7.178751,12502.745777,7.178751,12275.478516,227.26726100000087,1.8177387995689778
7.173601,12462.889638,7.173601,12266.048828,196.8408099999997,1.5794154944598224
7.168459,12435.062867,7.168459,12260.400391,174.66247600000133,1.404596646338783
7.163324,12429.267713,7.163324,12258.001953,171.2657599999984,1.3779231725845635
7.158196,12412.551279,7.158196,12256.05957,156.4917089999999,1.2607537764195038
7.153076,12402.494095,7.153076,12256.05957,146.43452500000058,1.180686109409517
7.147963,12401.918758,7.147963,12256.05957,145.85918800000036,1.1761017859104441
7.142857,12401.749705,7.142857,12222.038086,179.7116189999997,1.4490827768241894
7.137759,12388.715873,7.137759,12218.147461,170.56841199999872,1.376804615979094
7.132668,12360.956287,7.132668,12216.201172,144.75511500000175,1.171067283461236
7.127584,12339.827948,7.127584,12206.469727,133.3582210000004,1.0807137794949133
7.122507,12335.134272,7.122507,12188.943359,146.19091299999855,1.1851586677239743
7.117438,12334.822045,7.117438,12178.226562,156.59548300000097,1.269539863880549
7.112376,12327.763714,7.112376,12173.353516,154.4101980000014,1.2525402139614807
7.107321,12322.811147,7.107321,12149.949219,172.86192800000026,1.402779982082933
7.102273,12317.81913,7.102273,12144.094727,173.72440300000017,1.4103503320396633
7.097232,12298.026933,7.097232,12110.891602,187.1353309999995,1.521669549266058
7.092199,12294.283673,7.092199,12053.166016,241.1176570000007,1.9612176147320355
7.087172,12249.663717,7.087172,12051.207031,198.45668599999954,1.620099054022052
7.082153,12249.237818,7.082153,12027.683594,221.55422399999952,1.808718446746378
7.077141,12244.014643,7.077141,12006.581055,237.43358799999987,1.9391808563030632
7.072136,12207.167244,7.072136,11988.742188,218.42505600000004,1.7893181246235415
7.067138,12193.705081,7.067138,11934.348633,259.35644800000046,2.1269699921160528
7.062147,12149.128267,7.062147,11920.902344,228.22592299999997,1.8785374389363994
7.057163,12135.505375,7.057163,11892.970703,242.53467199999977,1.9985543618120623
7.052186,12132.730515,7.052186,11870.282227,262.4482879999996,2.1631428117152045
7.047216,12125.82452,7.047216,11867.321289,258.5032310000006,2.131840441642814
7.042254,12125.638929,7.042254,11864.359375,261.27955400000064,2.1547693736378504
7.037298,12111.160345,7.037298,11853.498047,257.6622980000011,2.127478215630883
7.032349,12102.835443,7.032349,11829.664062,273.1713810000001,2.2570858067643655
7.027407,12091.671736,7.027407,11823.852539,267.8191970000007,2.214906282996705
7.022472,12058.619526,7.022472,11791.316406,267.3031200000005,2.2166975201735086
7.017544,12015.789089,7.017544,11772.381836,243.4072529999994,2.0257284078232494
7.012623,12003.633575,7.012623,11750.321289,253.3122860000003,2.110296723215331
7.007708,11988.863488,7.007708,11749.880859,238.9826290000001,1.9933718424536628
7.002801,11910.914399,7.002801,11738.669922,172.2444770000002,1.4461062453312674
6.997901,11907.172323,6.997901,11724.734375,182.4379480000007,1.5321685371731952
6.993007,11902.764776,6.993007,11695.96875,206.79602599999998,1.7373780788894586
6.98812,11876.960046,6.98812,11682.168945,194.7911010000007,1.6400754085689102
6.98324,11873.900119,6.98324,11666.133789,207.76633000000038,1.7497732667259298
6.978367,11866.018783,6.978367,11613.753906,252.26487699999961,2.1259436851845375
6.973501,11863.529783,6.973501,11613.338867,250.19091599999956,2.1089078931509397
6.968641,11815.270568,6.968641,11601.43457,213.83599800000047,1.8098273481704705
6.963788,11783.05408,6.963788,11590.588867,192.4652129999995,1.6334068543967806
6.958942,11781.175988,6.958942,11577.287109,203.8888790000001,1.7306326567710726
6.954103,11780.320071,6.954103,11558.613281,221.70679000000018,1.8820099001026558
6.94927,11780.00202,6.94927,11527.43457,252.56745000000046,2.1440357104454932
6.944444,11773.533099,6.944444,11508.416016,265.117083000001,2.251805645516205
6.939625,11752.411958,6.939625,11504.410156,248.00180200000068,2.110220462712618
6.934813,11751.19722,6.934813,11472.938477,278.2587430000003,2.367918245184556
6.930007,11725.545074,6.930007,11443.604492,281.94058199999927,2.404498726674711
6.925208,11725.443455,6.925208,11429.686523,295.75693200000023,2.522351782557807
6.920415,11722.912857,6.920415,11418.134766,304.77809100000013,2.5998494974566895
6.915629,11719.22518,6.915629,11405.067383,314.15779699999985,2.6807045020018965
6.91085,11703.034808,6.91085,11399.03418,304.0006279999998,2.597622180805529
6.906077,11698.947749,6.906077,11386.963867,311.98388200000045,2.666768744451125
6.901311,11692.585738,6.901311,11347.694336,344.8914019999993,2.949658952502943
6.896552,11687.901752,6.896552,11344.670898,343.23085399999945,2.9366336343584236
6.891799,11683.052002,6.891799,11331.09375,351.95825200000036,3.0125540136237454
6.887052,11663.935675,6.887052,11310.151367,353.78430800000024,3.0331469399157176
6.882312,11646.866675,6.882312,11308.365234,338.5014409999985,2.9063734517249338
6.877579,11632.845886,6.877579,11252.30957,380.5363159999997,3.2712228781262453
6.872852,11624.003485,6.872852,11234.586914,389.41657099999975,3.35010714253928
6.868132,11623.108969,6.868132,11234.0,389.1089690000008,3.3477184980179873
6.863418,11610.991918,6.863418,11209.271484,401.72043399999893,3.4598287281315714
6.858711,11579.868328,6.858711,11208.258789,371.60953900000095,3.209099866027431
6.85401,11558.173533,6.85401,11198.125,360.0485329999992,3.115098868969363
6.849315,11557.191596,6.849315,11183.931641,373.25995500000136,3.22967696693017
6.844627,11551.672952,6.844627,11149.429688,402.24326400000064,3.482121296814919
6.839945,11544.426127,6.839945,11147.398438,397.02768900000046,3.4391288456637588
6.83527,11531.09497,6.83527,11111.369141,419.7258290000009,3.63994772475628
6.830601,11503.839022,6.830601,11052.785156,451.0538660000002,3.920898624688702
6.825939,11487.639691,6.825939,11027.292969,460.3467220000002,4.007322081668867
6.821282,11461.855782,6.821282,11026.272461,435.58332100000007,3.8002861777763033
6.816633,11419.640728,6.816633,11015.047852,404.5928760000006,3.542956259630593
6.811989,11388.132024,6.811989,10966.010742,422.12128200000006,3.7066771013050914
6.807352,11378.681621,6.807352,10946.575195,432.1064260000003,3.797508713158152
6.802721,11371.581737,6.802721,10938.387695,433.194042000001,3.8094440335464212
6.798097,11359.410381,6.798097,10901.511719,457.8986619999996,4.031007302684398
6.793478,11313.029617,6.793478,10860.477539,452.5520780000006,4.000273077336898
6.788866,11312.053105,6.788866,10841.992188,470.0609170000007,4.155398782491843
6.784261,11304.316636,6.784261,10822.46582,481.8508160000001,4.262538210098312
6.779661,11281.184566,6.779661,10804.982422,476.20214400000077,4.221206923918355
6.775068,11262.620876,6.775068,10770.300781,492.32009500000095,4.371274683045638
6.770481,11257.820798,6.770481,10727.713867,530.1069310000003,4.708788143920144
6.7659,11256.626665,6.7659,10677.170898,579.4557669999995,5.147685752088496
6.761325,11246.156815,6.761325,10677.112305,569.0445099999997,5.059901967941745
6.756757,11244.386238,6.756757,10661.602539,582.7836989999996,5.182885812215371
6.752194,11216.163903,6.752194,10660.307617,555.8562860000002,4.955850242624617
6.747638,11144.218891,6.747638,10628.486328,515.7325629999996,4.627803599734584
6.743088,11107.740879,6.743088,10626.814453,480.926426,4.329651107627354
6.738544,11092.072016,6.738544,10626.415039,465.65697700000055,4.198106326106641
6.734007,11075.907805,6.734007,10565.246094,510.66171100000065,4.610563034566543
6.729475,11055.804466,6.729475,10518.905273,536.8991929999993,4.856265273604734
6.72495,11030.659378,6.72495,10491.453125,539.2062530000003,4.888250416610773
6.72043,11028.987816,6.72043,10437.28125,591.7065660000007,5.365012418833202
6.715917,10981.289708,6.715917,10389.591797,591.6979110000011,5.3882369624484285
6.711409,10969.008098,6.711409,10377.77832,591.2297780000008,5.390002201819879
6.706908,10959.655312,6.706908,10323.383789,636.2715230000013,5.805579691026703
6.702413,10932.156887,6.702413,10279.371094,652.7857929999991,5.9712442818695814
6.697924,10915.410353,6.697924,10234.238281,681.1720719999994,6.2404623369270364
6.69344,10914.891832,6.69344,10225.833008,689.0588239999997,6.313015599291921
6.688963,10911.063272,6.688963,10195.851562,715.2117099999996,6.554922212167698
6.684492,10907.848904,6.684492,10178.508789,729.3401150000009,6.686378968199181
6.680027,10904.872242,6.680027,10172.643555,732.2286869999989,6.714692944130311
6.675567,10895.630319,6.675567,10165.875977,729.7543420000002,6.697678983541147
6.671114,10890.60007,6.671114,10160.610352,729.9897180000007,6.702933844856545
6.666667,10863.341581,6.666667,10155.34375,707.9978310000006,6.517311691996225
6.662225,10829.381129,6.662225,10047.692383,781.6887459999998,7.218221768063141
6.65779,10794.880689,6.65779,10046.634766,748.2459230000004,6.931488587571553
6.65336,10794.336702,6.65336,10043.979492,750.3572100000001,6.951397114201304
6.648936,10774.324133,6.648936,10032.883789,741.4403440000006,6.881548530075214
6.644518,10768.354646,6.644518,10018.068359,750.286286999999,6.967510930545916
6.640106,10730.386356,6.640106,10013.833984,716.5523720000001,6.6777872504034566
6.6357,10724.256714,6.6357,10002.186523,722.0701909999989,6.733055821550515
6.6313,10719.581111,6.6313,9965.092773,754.4883379999992,7.03841251059497
6.626905,10704.121712,6.626905,9965.092773,739.0289389999998,6.904152987829926
6.622517,10703.848377,6.622517,9943.875,759.9733770000003,7.100001328802458
6.618134,10699.582996,6.618134,9940.691406,758.8915899999993,7.092721186271541
6.613757,10691.96943,6.613757,9939.629883,752.3395469999996,7.036491751361093
6.609385,10687.372763,6.609385,9935.383789,751.9889739999999,7.036237910624845
6.60502,10687.262255,6.60502,9921.335938,765.9263169999995,7.166721455175888
6.60066,10676.93029,6.60066,9879.301758,797.6285320000006,7.47057918648264
6.596306,10639.321426,6.596306,9824.764648,814.5567780000001,7.6560970891377975
6.591958,10634.8558,6.591958,9805.576172,829.2796280000002,7.7977515031280475
6.587615,10624.720885,6.587615,9761.820312,862.9005730000008,8.121630510014107
6.583278,10617.564369,6.583278,9753.300781,864.2635879999998,8.139942061697143
6.578947,10598.88671,6.578947,9746.864258,852.0224520000011,8.038791953461695
6.574622,10585.951449,6.574622,9720.975586,864.9758629999997,8.170978935310623
6.570302,10575.714359,6.570302,9714.790039,860.9243200000001,8.140578411777433
6.565988,10559.20638,6.565988,9688.03418,871.1721999999991,8.250356784862833
6.56168,10546.61734,6.56168,9677.325195,869.2921450000013,8.242378736005238
6.557377,10543.904833,6.557377,9664.46875,879.4360830000005,8.340705809934548
6.55308,10531.503846,6.55308,9646.246094,885.2577519999995,8.405805713456886
6.548788,10490.302387,6.548788,9625.923828,864.3785589999989,8.23978687278997
6.544503,10479.819276,6.544503,9599.02832,880.7909560000007,8.404638790070685
6.540222,10475.704907,6.540222,9599.02832,876.6765869999999,8.368664398079726
6.535948,10471.283429,6.535948,9569.051758,902.2316709999996,8.61624725486169
6.531679,10458.36227,6.531679,9561.414062,896.9482079999998,8.576373478406957
6.527415,10442.228456,6.527415,9543.12793,899.1005260000002,8.61023611759218
6.523157,10438.617405,6.523157,9526.982422,911.6349830000017,8.73329242398842
6.518905,10436.325532,6.518905,9518.368164,917.9573680000012,8.79579086705707
6.514658,10419.939176,6.514658,9434.263672,985.6755040000007,9.459513029310996
6.510417,10414.994798,6.510417,9422.365234,992.6295639999989,9.53077349775167
6.506181,10394.085752,6.506181,9398.586914,995.4988380000013,9.577550750997512
6.501951,10354.693005,6.501951,9374.788086,979.9049189999987,9.463389388046844
6.497726,10343.667972,6.497726,9339.055664,1004.6123079999998,9.71234102563477
6.493506,10341.876849,6.493506,9332.554688,1009.322161,9.759564687695885
6.489293,10321.82005,6.489293,9285.919922,1035.9001280000011,10.036021970756998
6.485084,10315.948707,6.485084,9284.076172,1031.8725350000004,10.00269160217724
6.480881,10313.76827,6.480881,9259.859375,1053.9088950000005,10.2184659128472
6.476684,10280.974768,6.476684,9213.597656,1067.3771120000001,10.382061390932112
6.472492,10266.280985,6.472492,9196.823242,1069.457742999999,10.417187534245139
6.468305,10252.613234,6.468305,9135.764648,1116.848586,10.893306521075777
6.464124,10250.183319,6.464124,9115.032227,1135.151092,11.074446735951105
6.459948,10223.599361,6.459948,9113.941406,1109.6579550000006,10.853887323020663
6.455778,10217.708328,6.455778,9039.624023,1178.0843050000003,11.529829069123535
6.451613,10208.585401,6.451613,9033.057617,1175.5277839999999,11.515089876064993
6.447453,10207.575273,6.447453,9017.731445,1189.843828000001,11.656478607091442
6.443299,10164.613319,6.443299,8994.624023,1169.9892959999997,11.510416178970829
6.43915,10159.400567,6.43915,8986.401367,1172.9992000000002,11.545948919566802
6.435006,10139.057593,6.435006,8985.304688,1153.7529049999994,11.379291363297412
6.430868,10116.358131,6.430868,8975.980469,1140.3776620000008,11.272610629565312
6.426735,10072.175875,6.426735,8971.041016,1101.1348590000016,10.93244272802178
6.422608,10057.235007,6.422608,8946.323242,1110.911764999999,11.045896453913887
6.418485,10046.873098,6.418485,8934.224609,1112.6484889999992,11.074574926416565
6.414368,10044.566284,6.414368,8917.160156,1127.4061280000005,11.224039904996664
6.410256,10030.087023,6.410256,8914.405273,1115.6817499999997,11.123350649317688
6.40615,10018.892768,6.40615,8906.722656,1112.1701119999998,11.100728770670477
6.402049,10012.878679,6.402049,8904.493164,1108.385515,11.06959896882218
6.397953,10008.860792,6.397953,8903.935547,1104.9252450000004,11.039470604718153
6.393862,10003.93929,6.393862,8897.464844,1106.4744460000002,11.060387452631174
6.389776,9997.744556,6.389776,8888.493164,1109.2513920000001,11.095016338803127
6.385696,9997.268782,6.385696,8887.941406,1109.3273759999993,11.09630440263179
6.381621,9994.019839,6.381621,8849.820312,1144.1995270000007,11.448841861759693
6.377551,9988.074058,6.377551,8835.310547,1152.763511000001,11.541399315884018
6.373486,9967.29536,6.373486,8784.412109,1182.8832509999993,11.86764521644515
6.369427,9961.915273,6.369427,8783.301758,1178.613515000001,11.831193929087343
6.365372,9953.065668,6.365372,8779.838867,1173.2268009999989,11.787592286987802
6.361323,9900.513242,6.361323,8779.586914,1120.9263280000014,11.321901204523446
6.357279,9892.027583,6.357279,8777.746094,1114.281488999999,11.264439768798805
6.35324,9857.80202,6.35324,8758.285156,1099.5168639999993,11.153773039560388
6.349206,9838.98283,6.349206,8747.709961,1091.2728690000004,11.091317952833547
6.345178,9828.64482,6.345178,8744.369141,1084.2756790000003,11.031792264927937
6.341154,9824.989682,6.341154,8727.655273,1097.3344089999991,11.168809785219265
6.337136,9799.738722,6.337136,8727.655273,1072.0834489999997,10.939918700007967
6.333122,9780.377304,6.333122,8697.524414,1082.8528900000001,11.071688303447482
6.329114,9779.905495,6.329114,8669.576172,1110.3293230000018,11.35317026905485
6.325111,9752.949701,6.325111,8653.53418,1099.415520999999,11.272646273232318
6.321113,9749.373193,6.321113,8647.742188,1101.6310049999993,11.299505959941762
6.317119,9727.932568,6.317119,8634.851562,1093.0810060000003,11.236519151003229
6.313131,9714.806018,6.313131,8634.737305,1080.0687129999988,11.117758923840602
6.309148,9694.424841,6.309148,8630.366211,1064.0586299999995,10.97598514044738
6.30517,9687.544973,6.30517,8576.4375,1111.107473,11.469443250036512
6.301197,9685.832835,6.301197,8493.512695,1192.3201399999998,12.309939272248444
6.297229,9685.463163,6.297229,8477.103516,1208.3596470000011,12.476013037932207
6.293266,9682.593367,6.293266,8470.30957,1212.283797,12.52023864940646
6.289308,9662.060311,6.289308,8449.341797,1212.7185140000001,12.551344899175929
6.285355,9639.783903,6.285355,8442.536133,1197.24777,12.419861088664074
6.281407,9621.019863,6.281407,8424.373047,1196.6468160000004,12.437837495814765
6.277464,9533.260254,6.277464,8413.010742,1120.2495120000003,11.750959085900984
6.273526,9527.973239,6.273526,8406.758789,1121.2144500000013,11.767607043758629
6.269592,9504.089665,6.269592,8394.390625,1109.6990399999995,11.676016105851833
6.265664,9500.144738,6.265664,8390.263672,1109.8810660000017,11.682780595547614
6.261741,9493.272999,6.261741,8361.216797,1132.0562020000016,11.92482510635952
6.257822,9481.159502,6.257822,8329.834961,1151.324541,12.14328838953858
6.253909,9476.367794,6.253909,8329.360352,1147.007442,12.103872147366761
6.25,9476.253913,6.25,8322.546875,1153.7070380000005,12.174716386791697
6.246096,9475.347596,6.246096,8321.266602,1154.080994,12.17982751880462
6.242197,9463.554,6.242197,8317.837891,1145.7161090000009,12.106615643552104
6.238303,9452.47355,6.238303,8291.527344,1160.9462060000005,12.281930225554563
6.234414,9389.264779,6.234414,8286.948242,1102.3165369999988,11.74017948099021
6.23053,9357.038197,6.23053,8251.986328,1105.051868999999,11.809846724301012
6.22665,9324.363922,6.22665,8243.952148,1080.4117740000002,11.586975616115385
6.222775,9289.406712,6.222775,8208.902344,1080.5043679999999,11.6315756377015
6.218905,9283.427514,6.218905,8205.451172,1077.9763420000018,11.611835611085935
6.21504,9279.112837,6.21504,8204.875977,1074.236860000001,11.576934981505289
6.21118,9267.357079,6.21118,8199.697266,1067.6598130000002,11.520650428149972
6.207325,9254.03097,6.207325,8177.23877,1076.7921999999999,11.635926046614472
6.203474,9234.387318,6.203474,8143.785156,1090.6021619999992,11.81022762467585
6.199628,9230.286374,6.199628,8137.433105,1092.8532689999993,11.839863084620687
6.195787,9209.650236,6.195787,8126.456055,1083.1941809999998,11.761512687700726
6.19195,9205.700931,6.19195,8079.001953,1126.6989779999994,12.239143835379931
6.188119,9182.193586,6.188119,8061.02832,1121.165265999999,12.210211595946188
6.184292,9180.693708,6.184292,8036.647461,1144.0462470000011,12.461435740995109
6.18047,9150.689684,6.18047,8033.742676,1116.947008000001,12.206151083376646
6.176652,9141.417988,6.176652,8026.362793,1115.055194999999,12.197836226980753
6.17284,9133.813084,6.17284,8005.251465,1128.5616189999992,12.355865054617086
6.169031,9131.938053,6.169031,7987.202148,1144.7359049999995,12.535519824556124
6.165228,9123.852912,6.165228,7967.96875,1155.8841620000003,12.668816268177036
6.161429,9122.017405,6.161429,7958.052246,1163.9651590000003,12.759953279216532
6.157635,9086.63338,6.157635,7956.885254,1129.7481259999995,12.433077012731856
6.153846,9079.92961,6.153846,7941.70752,1138.2220899999993,12.535582751064956
6.150062,9077.666247,6.150062,7927.685547,1149.9806999999992,12.668241690203653
6.146281,9056.159456,6.146281,7914.237793,1141.9216629999992,12.609336977204382
6.142506,9049.228872,6.142506,7913.271484,1135.9573879999998,12.55308495417619
6.138735,9022.85412,6.138735,7913.067871,1109.7862489999998,12.299725056399335
6.134969,9015.471674,6.134969,7883.210449,1132.2612250000002,12.559090261082664
6.131208,9014.128491,6.131208,7853.890625,1160.2378659999995,12.871326020684295
6.127451,8994.912801,6.127451,7837.450684,1157.462117,12.867963732470205
6.123699,8993.401471,6.123699,7829.432129,1163.9693419999994,12.942481726778452
6.119951,8989.803195,6.119951,7823.347168,1166.4560270000002,12.975323282369144
6.116208,8968.46923,6.116208,7816.879395,1151.5898350000007,12.840428009139757
6.112469,8963.658573,6.112469,7812.762695,1150.8958780000003,12.83957737375993
6.108735,8937.807199,6.108735,7809.23291,1128.574289000001,12.626970618993333
6.105006,8937.497871,6.105006,7802.171875,1135.3259959999996,12.702951232960352
6.101281,8936.195017,6.101281,7799.817383,1136.3776340000004,12.716571559127607
6.097561,8916.518689,6.097561,7793.930176,1122.5885130000006,12.589986654599839
6.093845,8912.334043,6.093845,7774.737305,1137.596738000001,12.764296451539558
6.090134,8895.617204,6.090134,7742.040527,1153.576677,12.96792173657476
6.086427,8890.133216,6.086427,7731.408691,1158.7245250000005,13.033826342608549
6.082725,8889.773128,6.082725,7721.952637,1167.8204910000004,13.136673728171214
6.079027,8884.246436,6.079027,7710.953125,1173.2933109999994,13.206447158485817
6.075334,8880.109512,6.075334,7682.896484,1197.213028000001,13.481962428303001
6.071645,8844.163073,6.071645,7668.080566,1176.082507,13.297838328992558
6.067961,8835.054514,6.067961,7659.185547,1175.8689669999994,13.309130862030576
6.064281,8823.824689,6.064281,7635.681152,1188.143536999999,13.465176143868412
6.060606,8785.856155,6.060606,7633.068848,1152.7873069999996,13.120944466453077
6.056935,8777.037754,6.056935,7621.779785,1155.2579690000011,13.162276400981753
6.053269,8775.370784,6.053269,7620.59082,1154.7799640000003,13.1593295875941
6.049607,8758.670904,6.049607,7604.535645,1154.1352590000006,13.17705930100557
6.045949,8753.334769,6.045949,7540.177246,1213.157522999999,13.859375369675172
6.042296,8728.245495,6.042296,7533.609863,1194.6356319999995,13.68700768882303
6.038647,8674.373863,6.038647,7525.248047,1149.1258160000007,13.247363258131228
6.035003,8663.689038,6.035003,7509.111328,1154.5777100000005,13.326629163810951
6.031363,8637.656597,6.031363,7507.915527,1129.7410699999991,13.07925427820755
6.027728,8637.284142,6.027728,7507.317383,1129.9667590000008,13.08243124138269
6.024096,8621.756011,6.024096,7505.523438,1116.2325729999993,12.946696375725116
6.02047,8619.838405,6.02047,7494.755859,1125.0825460000005,13.052246377929638
6.016847,8602.660616,6.016847,7494.157715,1108.502900999999,12.885582152785451
6.013229,8589.009974,6.013229,7494.157715,1094.8522590000002,12.747129905708038
6.009615,8575.726541,6.009615,7493.559082,1082.1674590000002,12.618959499538922
6.006006,8564.98219,6.006006,7468.632324,1096.3498660000005,12.800375315199581
6.002401,8552.852248,6.002401,7460.591309,1092.2609389999989,12.770721477801905
5.9988,8548.894412,5.9988,7458.735352,1090.15906,12.752047311167564
5.995204,8539.344543,5.995204,7443.060059,1096.2844839999989,12.838040185398794
5.991612,8514.700954,5.991612,7421.615234,1093.08572,12.837629012519752
5.988024,8511.897857,5.988024,7418.01123,1093.8866269999999,12.851265903060751
5.98444,8482.59687,5.98444,7416.151367,1066.445502999999,12.572158259360958
5.980861,8481.202435,5.980861,7407.193848,1074.0085869999994,12.663399974605127
5.977286,8469.888153,5.977286,7401.355957,1068.532196,12.615658869373975
5.973716,8460.470072,5.973716,7376.512695,1083.9573769999997,12.812023064621034
5.970149,8423.024421,5.970149,7375.910645,1047.1137760000001,12.431565239076969
5.966587,8410.721958,5.966587,7374.706543,1036.0154149999998,12.317794122472165
5.963029,8400.732362,5.963029,7360.25,1040.4823620000006,12.385614934080442
5.959476,8371.688082,5.959476,7351.208984,1020.4790980000007,12.189645481347267
5.955926,8349.777696,5.955926,7340.354492,1009.4232039999988,12.089222500900448
5.952381,8340.223006,5.952381,7333.718262,1006.5047439999998,12.068079513892076
5.94884,8328.580455,5.94884,7330.097656,998.4827989999994,11.988631248684978
5.945303,8328.311033,5.945303,7322.25,1006.061033,12.080012730235408
5.941771,8264.540757,5.941771,7321.646484,942.8942730000008,11.408913099029451
5.938242,8252.114832,5.938242,7321.04248,931.0723519999992,11.282833200399644
5.934718,8223.719227,5.934718,7309.566895,914.1523319999997,11.11604502496471
5.931198,8205.108786,5.931198,7307.754395,897.3543910000008,10.936532523872385
5.927682,8203.717448,5.927682,7290.485352,913.2320959999997,11.131930149820535
5.924171,8196.71712,5.924171,7289.015137,907.701982999999,11.073969855385215
5.920663,8196.14925,5.920663,7264.808594,931.3406560000003,11.363149054417235
5.91716,8192.2596,5.91716,7252.087891,940.1717089999993,11.476341753134864
5.913661,8185.411438,5.913661,7252.087891,933.323547,11.402280191648442
5.910165,8185.356598,5.910165,7247.239746,938.1168520000001,11.460916097769259
5.906675,8166.444663,5.906675,7243.603027,922.8416360000001,11.300408857004216
5.903188,8159.688729,5.903188,7236.422852,923.2658770000007,11.314964426506382
5.899705,8139.331917,5.899705,7231.475586,907.8563310000009,11.153941628843404
5.896226,8132.154685,5.896226,7204.595703,927.5589820000005,11.40606663214253
5.892752,8114.824836,5.892752,7181.065918,933.7589179999995,11.506827773503398
5.889282,8089.004639,5.889282,7153.681641,935.3229979999996,11.562893578901798
5.885815,8069.889025,5.885815,7153.072754,916.8162710000006,11.36095264953164
5.882353,8068.615955,5.882353,7134.794922,933.8210330000002,11.57349709303397
5.878895,8060.658339,5.878895,7130.199219,930.4591199999995,11.543214969156375
5.875441,8060.50978,5.875441,7129.308594,931.2011860000002,11.55263390797598
5.871991,8042.259659,5.871991,7121.990723,920.2689360000004,11.442914989323157
5.868545,8023.355305,5.868545,7121.380859,901.9744460000002,11.24186093862635
5.865103,7961.710015,5.865103,7089.638672,872.0713429999996,10.9533170808407
5.861665,7952.744913,5.861665,7081.351562,871.3933510000006,10.957139459805537
5.858231,7914.795282,5.858231,7063.963867,850.8314149999997,10.749885305751103
5.854801,7911.230107,5.854801,7060.293457,850.9366500000006,10.7560599109243
5.851375,7896.611695,5.851375,7058.458008,838.153687,10.614092719421732
5.847953,7890.883554,5.847953,7010.67627,880.2072840000001,11.154736703139037
5.844535,7870.560484,5.844535,6932.636719,937.9237649999995,11.916861155018088
5.841121,7857.232048,5.841121,6914.774902,942.4571459999997,11.994772971480398
5.837712,7844.998959,5.837712,6898.747559,946.2513999999992,12.061842263400601
5.834306,7829.95839,5.834306,6888.878418,941.0799719999995,12.018965173581204
5.830904,7793.088915,5.830904,6885.793457,907.2954580000005,11.642308562060085
5.827506,7790.658966,5.827506,6836.369629,954.2893370000002,12.2491478726602
5.824112,7786.583261,5.824112,6835.750977,950.8322840000001,12.211161842477857
5.820722,7782.87004,5.820722,6830.771973,952.0980669999999,12.233251513987762
5.817336,7755.891941,5.817336,6799.224121,956.6678199999997,12.334723424172054
5.813953,7742.430837,5.813953,6796.125977,946.3048600000002,12.222322419436296
5.810575,7740.68174,5.810575,6767.598633,973.0831070000004,12.571025908113365
5.807201,7731.466185,5.807201,6763.253906,968.2122790000003,12.52300994187172
5.803831,7728.982956,5.803831,6752.078613,976.9043430000002,12.639494077828578
5.800464,7714.483707,5.800464,6745.867188,968.6165190000002,12.555817806979006
5.797101,7707.793906,5.797101,6728.46582,979.3280859999995,12.70568593223099
5.793743,7706.875786,5.793743,6705.449219,1001.4265669999995,12.993936775510912
5.790388,7692.173015,5.790388,6697.978516,994.1944990000002,12.924754774252827
5.787037,7660.442384,5.787037,6696.733398,963.7089859999996,12.580330713182471
5.78369,7647.693574,5.78369,6689.882812,957.8107620000001,12.524178077117085
5.780347,7643.858663,5.780347,6678.044922,965.8137409999999,12.635159591254727
5.777008,7628.464155,5.777008,6646.861328,981.6028269999997,12.867633734067137
5.773672,7599.41373,5.773672,6645.007324,954.4064060000001,12.558947833466622
5.77034,7582.637971,5.77034,6644.364746,938.2732249999999,12.373968381300159
5.767013,7581.991282,5.767013,6635.624023,946.3672589999996,12.481777198118383
5.763689,7571.661646,5.763689,6613.131348,958.5302979999997,12.659444423356895
5.760369,7564.805721,5.760369,6608.129883,956.6758380000001,12.646403269078748
5.757052,7530.051619,5.757052,6586.860352,943.1912670000002,12.525694573196791
5.75374,7521.763717,5.75374,6586.234375,935.5293419999998,12.437632677633868
5.750431,7496.271075,5.750431,6577.469727,918.801348,12.256778587746041
5.747126,7490.154128,5.747126,6571.833984,918.3201440000003,12.260363782997446
5.743825,7489.585028,5.743825,6554.916504,934.6685240000006,12.479576912548813
5.740528,7488.22243,5.740528,6539.240234,948.9821959999999,12.672996894404484
5.737235,7477.743122,5.737235,6529.20166,948.5414620000001,12.68486288609367
5.733945,7471.287622,5.733945,6519.786133,951.5014890000002,12.735441829306678
5.730659,7453.369306,5.730659,6510.994629,942.3746769999998,12.643606378680088
5.727377,7452.280451,5.727377,6509.738281,942.5421699999997,12.647701280129933
5.724098,7448.828087,5.724098,6499.057617,949.7704699999995,12.750602630467172
5.720824,7430.993511,5.720824,6478.30957,952.6839409999993,12.820411423987304
5.717553,7401.313776,5.717553,6432.341797,968.9719789999999,13.091891633375333
5.714286,7400.69093,5.714286,6425.406738,975.2841920000001,13.178285665822287
5.711022,7395.366611,5.711022,6422.253906,973.1127050000005,13.158410612836628
5.707763,7382.354182,5.707763,6415.438477,966.9157050000003,13.097660734804343
5.704507,7379.86647,5.704507,6397.013184,982.8532859999996,13.318036173085387
5.701254,7370.553675,5.701254,6390.69873,979.854945,13.294183696450729
5.698006,7362.657058,5.698006,6376.800293,985.8567649999995,13.389959049210404
5.694761,7346.628513,5.694761,6371.094727,975.533786,13.278659514003932
5.69152,7334.13697,5.69152,6349.609375,984.5275949999996,13.423905212394741
5.688282,7332.460665,5.688282,6347.078613,985.3820519999999,13.438627181507016
5.685048,7283.201536,5.685048,6326.62207,956.5794659999992,13.134051848925788
5.681818,7278.748809,5.681818,6300.835938,977.9128709999995,13.435178169506736
5.678592,7253.189645,5.678592,6260.851074,992.3385710000002,13.681409415291803
5.675369,7252.694025,5.675369,6243.057129,1009.636896,13.920853306644215
5.67215,7251.570991,5.67215,6232.882812,1018.6881789999998,14.04782743303905
5.668934,7214.61689,5.668934,6219.436523,995.1803669999999,13.793946125945988
5.665722,7213.680888,5.665722,6202.332031,1011.348857,14.019872416069648
5.662514,7199.050083,5.662514,6183.854492,1015.1955909999997,14.101799255394898
5.65931,7166.964272,5.65931,6163.447754,1003.5165180000004,14.001974614559657
5.656109,7159.279262,5.656109,6142.118164,1017.1610979999996,14.20759074728212
5.652911,7154.395683,5.652911,6133.442383,1020.9533000000001,14.270294029528591
5.649718,7151.27798,5.649718,6095.080078,1056.1979019999999,14.769358776904934
5.646527,7137.472512,5.646527,6079.07666,1058.3958520000006,14.82872053406236
5.643341,7135.543836,5.643341,6076.75,1058.7938359999998,14.838306096000837
5.640158,7100.83102,5.640158,6074.59375,1026.2372699999996,14.4523544794902
5.636979,7095.843809,5.636979,6067.547363,1028.2964460000003,14.491531573676445
5.633803,7074.53459,5.633803,6063.703125,1010.8314650000002,14.288310448419198
5.630631,7069.993242,5.630631,6054.730469,1015.2627729999995,14.360166102687764
5.627462,7058.673486,5.627462,6029.716797,1028.9566889999996,14.577196282570757
5.624297,7050.943813,5.624297,6026.507812,1024.436001,14.529062040052313
5.621135,7034.335693,5.621135,6019.446777,1014.8889159999999,14.427644063247294
5.617978,7032.490205,5.617978,5993.751953,1038.738252,14.770560949540634
5.614823,7005.63404,5.614823,5990.538086,1015.0959540000003,14.489708543211322
5.611672,6993.095753,5.611672,5980.250977,1012.8447759999999,14.483496462428604
5.608525,6983.45715,5.608525,5976.822266,1006.634884,14.414563766600901
5.605381,6983.372795,5.605381,5976.610352,1006.7624430000005,14.41656449618197
5.602241,6975.093642,5.602241,5955.800781,1019.2928609999999,14.613321531088916
5.599104,6955.671304,5.599104,5950.005859,1005.6654450000005,14.458208288561195
5.595971,6953.438202,5.595971,5942.921875,1010.5163270000003,14.532613904720515
5.592841,6913.967262,5.592841,5942.921875,971.0453870000001,14.044691711761248
5.589715,6890.204804,5.589715,5933.902344,956.3024599999999,13.879158707224981
5.586592,6888.748161,5.586592,5905.896484,982.8516770000006,14.267493222706598
5.583473,6878.717546,5.583473,5904.887695,973.8298509999995,14.157142584903564
5.580357,6867.005584,5.580357,5892.626465,974.3791190000002,14.189286830788166
5.577245,6849.783557,5.577245,5878.420898,971.3626589999994,14.180924855754526
5.574136,6838.390129,5.574136,5878.420898,959.969231,14.037941867765
5.571031,6833.908156,5.571031,5841.57666,992.3314960000007,14.52070284451743
5.567929,6832.389905,5.567929,5816.981445,1015.4084599999996,14.861687844496627
5.56483,6793.075404,5.56483,5799.068359,994.0070450000003,14.632651426402454
5.561735,6790.913243,5.561735,5799.068359,991.8448840000001,14.605471289482061
5.558644,6783.76092,5.558644,5794.306152,989.4547679999996,14.585637372373666
5.555556,6782.934074,5.555556,5777.447266,1005.4868079999997,14.823773857012423
5.552471,6781.495155,5.552471,5774.203613,1007.2915419999999,14.853531838879563
5.54939,6762.135845,5.54939,5765.769043,996.3668019999996,14.734498460818774
5.546312,6740.043575,5.546312,5740.446289,999.5972859999993,14.830724384448796
5.543237,6707.168329,5.543237,5722.249512,984.9188169999998,14.684569831675082
5.540166,6693.394692,5.540166,5720.298828,973.0958639999999,14.538151547570502
5.537099,6685.802759,5.537099,5713.795898,972.0068609999998,14.538371771311176
5.534034,6681.652211,5.534034,5681.205078,1000.4471329999997,14.973050099090226
5.530973,6676.125625,5.530973,5658.452148,1017.6734769999994,15.243474047119948
5.527916,6668.055712,5.527916,5646.063965,1021.991747,15.326682786420006
5.524862,6626.380708,5.524862,5635.626465,990.7542429999994,14.951664968538047
5.521811,6624.358302,5.521811,5602.981934,1021.3763679999993,15.418495217742517
5.518764,6619.749991,5.518764,5534.286133,1085.463858,16.397354272831482
5.51572,6619.264732,5.51572,5527.078125,1092.1866069999996,16.5001197447197
5.512679,6613.25602,5.512679,5491.047852,1122.2081680000001,16.969071885409935
5.509642,6610.266081,5.509642,5491.007812,1119.258269,16.932121268417667
5.506608,6587.062845,5.506608,5450.283691,1136.7791540000007,17.25775479526339
5.503577,6582.434555,5.503577,5433.186035,1149.24852,17.459323148561104
5.50055,6581.800476,5.50055,5421.342285,1160.4581910000006,17.631318287929222
5.497526,6581.777237,5.497526,5395.00293,1186.7743070000006,18.031213519783858
5.494505,6577.204404,5.494505,5385.118652,1192.085752,18.12450516628341
5.491488,6574.610915,5.491488,5352.802734,1221.8081810000003,18.583733650495425
5.488474,6562.365286,5.488474,5342.631836,1219.7334500000006,18.586796023106974
5.485464,6561.221053,5.485464,5320.445312,1240.7757410000004,18.910744371776318
5.482456,6532.23544,5.482456,5320.445312,1211.7901280000005,18.550925470010316
5.479452,6521.811235,5.479452,5312.600098,1209.2111370000002,18.54103244372727
5.476451,6516.238998,5.476451,5303.259766,1212.9792319999997,18.61471367720389
5.473454,6511.616015,5.473454,5299.333496,1212.2825189999994,18.617229827548414
5.47046,6488.436861,5.47046,5284.73877,1203.6980910000002,18.551434140248162
5.467469,6487.441475,5.467469,5257.800293,1229.6411819999994,18.954177648284674
5.464481,6451.914504,5.464481,5251.632324,1200.2821800000002,18.60350411115739
5.461496,6386.491495,5.461496,5243.680664,1142.8108309999998,17.894188568084825
5.458515,6356.721217,5.458515,5207.203125,1149.5180920000003,18.083506461252448
5.455537,6351.316244,5.455537,5184.627441,1166.688803,18.369244392485648
5.452563,6343.761133,5.452563,5177.276367,1166.4847659999996,18.38790492807163
5.449591,6342.213147,5.449591,5171.338379,1170.8747680000006,18.46161175699131
5.446623,6336.111563,5.446623,5169.344238,1166.7673250000007,18.414564096588663
5.443658,6303.344058,5.443658,5162.696777,1140.6472809999996,18.095907037667207
5.440696,6297.492373,5.440696,5161.367188,1136.1251849999999,18.040914029067295
5.437738,6296.502276,5.437738,5154.717773,1141.7845029999999,18.13363122811964
5.434783,6285.115641,5.434783,5145.405273,1139.710368,18.133482868083952
5.431831,6266.894239,5.431831,5112.119629,1154.7746100000004,18.426585258350652
5.428882,6217.331136,5.428882,5107.477539,1109.8535969999994,17.850964870982214
5.425936,6213.469944,5.425936,5086.794434,1126.67551,18.132790858479446
5.422993,6205.370836,5.422993,5079.458984,1125.9118520000002,18.14415095820069
5.420054,6196.535587,5.420054,5060.109863,1136.4257240000006,18.33969494799902
5.417118,6186.952036,5.417118,5056.10498,1130.8470559999996,18.27793474751288
5.414185,6183.746506,5.414185,5041.414551,1142.3319550000006,18.47313685791635
5.411255,6168.732631,5.411255,5020.568359,1148.164272,18.61264445520106
5.408329,6163.680055,5.408329,4997.294434,1166.3856209999994,18.923526376970575
5.405405,6150.36093,5.405405,4984.57959,1165.7813399999995,18.95468173767811
5.402485,6133.521736,5.402485,4974.537109,1158.9846269999998,18.895908042478645
5.399568,6130.387316,5.399568,4912.189941,1218.1973750000006,19.871458558916288
5.396654,6108.151913,5.396654,4909.505371,1198.6465419999995,19.623718582521107
5.393743,6104.925109,5.393743,4879.282227,1225.642882,20.07629676231627
5.390836,6101.425677,5.390836,4873.233398,1228.1922789999999,20.1295950162895
5.387931,6100.538858,5.387931,4872.561523,1227.9773349999996,20.128997840734673
5.38503,6094.328399,5.38503,4871.88916,1222.4392390000003,20.058637457091855
5.382131,6092.846076,5.382131,4844.988281,1247.857795,20.48070441029799
5.379236,6062.11627,5.379236,4834.220703,1227.8955670000005,20.25522956523565
5.376344,6056.448576,5.376344,4830.181641,1226.2669349999996,20.24729376650452
5.373455,6033.425799,5.373455,4826.814941,1206.610858,19.998768497326804
5.370569,6025.159749,5.370569,4816.713867,1208.445882,20.056661272766526
5.367687,6008.817127,5.367687,4804.586914,1204.2302129999998,20.04105279871001
5.364807,5994.328075,5.364807,4731.037598,1263.2904770000005,21.07476369651323
5.36193,5987.924523,5.36193,4726.983398,1260.9411249999994,21.058066449512584
5.359057,5972.558447,5.359057,4713.464355,1259.0940920000003,21.081318888263702
5.356186,5971.561088,5.356186,4706.026367,1265.534721,21.192694880792953
5.353319,5965.182835,5.353319,4703.589844,1261.5929909999995,21.14927615626051
5.350455,5964.857323,5.350455,4670.837402,1294.019921,21.694063259658623
5.347594,5959.956328,5.347594,4656.613281,1303.3430470000003,21.8683321701011
5.344735,5926.795375,5.344735,4617.291016,1309.5043589999996,22.094644342263962
5.34188,5906.023467,5.34188,4601.549805,1304.4736620000003,22.087173701370602
5.339028,5871.700903,5.339028,4591.498047,1280.2028559999999,21.802930311826884
5.336179,5870.997671,5.336179,4577.131836,1293.8658350000005,22.038261765817015
5.333333,5868.87041,5.333333,4577.023926,1291.8464840000006,22.011842036907414
5.33049,5814.193797,5.33049,4565.85498,1248.3388169999998,21.470540208758024
5.327651,5796.576201,5.327651,4552.663574,1243.9126269999997,21.4594371550814
5.324814,5772.116205,5.324814,4550.723633,1221.3925720000007,21.16022146161904
5.32198,5762.199628,5.32198,4526.911621,1235.288007,21.437785685130034
5.319149,5748.675591,5.319149,4521.46582,1227.2097709999998,21.347695683529132
5.316321,5747.094002,5.316321,4516.700195,1230.3938069999995,21.408973066593656
5.313496,5746.088117,5.313496,4515.338379,1230.7497380000004,21.41891514609365
5.310674,5711.311583,5.310674,4513.29541,1198.016173,20.976200573016435
5.307856,5704.69739,5.307856,4498.310547,1206.3868430000002,21.147253929975772
5.30504,5697.606532,5.30504,4492.222168,1205.3843639999996,21.15597764131459
5.302227,5689.498213,5.302227,4469.680176,1219.818037,21.439817560937513
5.299417,5676.262177,5.299417,4464.223633,1212.038544,21.35275831534235
5.29661,5649.849819,5.29661,4442.386719,1207.4631,21.37159639074647
5.293806,5613.837426,5.293806,4421.216309,1192.6211169999997,21.244311626775627
5.291005,5609.126353,5.291005,4419.166504,1189.9598489999998,21.21470928112644
5.288207,5608.980775,5.288207,4415.75,1193.230775,21.27357576831773
5.285412,5588.679577,5.285412,4413.700195,1174.9793819999995,21.02427533751591
5.28262,5584.292808,5.28262,4388.189941,1196.1028670000005,21.419057132650277
5.279831,5578.482261,5.279831,4371.30127,1207.1809910000002,21.639953925095043
5.277045,5569.277046,5.277045,4365.141113,1204.1359330000005,21.621045659146052
5.274262,5565.653582,5.274262,4321.985352,1243.6682300000002,22.345412118752314
5.271481,5538.092594,5.271481,4305.527832,1232.564762,22.25612412720162
5.268704,5521.380914,5.268704,4295.237305,1226.1436090000007,22.207191065028567
5.265929,5504.092939,5.265929,4282.197754,1221.8951850000003,22.199755682577514
5.263158,5504.014508,5.263158,4267.77832,1236.2361879999999,22.460627351238802
5.260389,5487.600013,5.260389,4241.667969,1245.9320440000001,22.70449816036911
5.257624,5471.555823,5.257624,4240.293457,1231.262366,22.50296635601007
5.254861,5471.323944,5.254861,4238.230957,1233.092987,22.53737851424869
5.252101,5400.627481,5.252101,4194.198242,1206.429239,22.338686444202093
5.249344,5387.758375,5.249344,4168.711914,1219.046461,22.626227387192355
5.24659,5304.296079,5.24659,4146.651855,1157.6442239999997,21.824653201075574
5.243838,5298.781568,5.243838,4114.912109,1183.8694590000005,22.34229593741956
5.24109,5297.210435,5.24109,4067.23877,1229.971665,23.219233596484447
5.238345,5295.692454,5.238345,4062.397949,1233.2945049999998,23.288635352463764
5.235602,5291.071905,5.235602,4058.939941,1232.1319639999997,23.287000935210305
5.232862,5290.567738,5.232862,4053.90625,1236.6614879999997,23.37483516405172
5.230126,5258.299257,5.230126,4050.638916,1207.6603409999998,22.96674802964718
5.227392,5219.031422,5.227392,4039.567383,1179.464039,22.59928986110634
5.22466,5217.613626,5.22466,4020.182129,1197.4314970000005,22.94979243064405
5.221932,5199.70932,5.221932,4018.104492,1181.604828,22.724440065430425
5.219207,5148.217872,5.219207,3993.160889,1155.056983,22.436054800285266
5.216484,5147.883282,5.216484,3988.30835,1159.574932,22.52527628306084
5.213764,5139.939788,5.213764,3982.761475,1157.178313,22.513460482584158
5.211047,5136.536872,5.211047,3955.012695,1181.5241769999998,23.002349762943545
5.208333,5136.351232,5.208333,3950.848389,1185.5028429999998,23.08064206384864
5.205622,5128.882342,5.205622,3933.48999,1195.3923519999998,23.30707300908483
5.202914,5114.311816,5.202914,3916.12207,1198.1897460000005,23.428171552846912
5.200208,5093.362954,5.200208,3902.220459,1191.142495,23.386169526060442
5.197505,5064.671119,5.197505,3901.525391,1163.1457279999995,22.965868872244922
5.194805,5064.628364,5.194805,3871.61499,1193.013374,23.55579300704639
5.192108,5062.825192,5.192108,3861.870605,1200.9545870000002,23.721036011626136
5.189414,5033.359536,5.189414,3860.478271,1172.881265,23.302155481070326
5.186722,5026.717226,5.186722,3859.781982,1166.9352439999998,23.214658623806976
5.184033,4996.129483,5.184033,3837.49585,1158.633633,23.19062460135203
5.181347,4989.676046,5.181347,3832.618652,1157.0573939999995,23.189028372444355
5.178664,4976.852321,5.178664,3831.224854,1145.6274670000003,23.019117167009068
5.175983,4972.822685,5.175983,3829.831299,1142.9913860000001,22.984760535454324
5.173306,4969.649035,5.173306,3810.265625,1159.3834100000004,23.329281440897574
5.170631,4959.566002,5.170631,3797.169189,1162.3968129999994,23.43747038614367
5.167959,4945.664749,5.167959,3752.550049,1193.1146999999996,24.1244556708225
5.165289,4931.682793,5.165289,3746.094727,1185.5880659999998,24.04023364363207
5.162623,4915.668817,5.162623,3722.328613,1193.3402039999996,24.276253108692693
5.159959,4910.228725,5.159959,3704.142334,1206.0863909999998,24.56273339894161
5.157298,4903.922357,5.157298,3694.345215,1209.5771420000005,24.665503528485015
5.154639,4895.083993,5.154639,3673.520508,1221.5634850000001,24.95490346533059
5.151984,4894.611101,5.151984,3670.540039,1224.0710620000004,25.008545862814614
5.149331,4885.326548,5.149331,3668.438721,1216.887827,24.909037605647484
5.14668,4860.260453,5.14668,3622.763916,1237.496537,25.461527195238155
5.144033,4858.165883,5.144033,3610.94873,1247.2171529999996,25.67259297102926
5.141388,4848.736395,5.141388,3593.400635,1255.33576,25.889956841013213
5.138746,4844.601226,5.138746,3593.264404,1251.3368219999998,25.82951131837904
5.136107,4837.077126,5.136107,3582.164795,1254.912331,25.943608057325818
5.13347,4830.312112,5.13347,3561.789795,1268.5223169999995,26.26170499104178
5.130836,4824.860898,5.130836,3561.789795,1263.0711029999998,26.178394148597476
5.128205,4778.870042,5.128205,3546.324219,1232.5458229999995,25.791574413355846
5.125577,4770.542981,5.125577,3544.214844,1226.3281369999995,25.706259054455412
5.122951,4746.330811,5.122951,3544.214844,1202.1159669999997,25.32726889187749
5.120328,4728.097247,5.120328,3539.995361,1188.101886,25.128541650742402
5.117707,4709.336541,5.117707,3528.037354,1181.2991869999996,25.084195548894826
5.11509,4695.621569,5.11509,3504.534912,1191.0866569999998,25.36589968969026
5.112474,4679.289884,5.112474,3497.066406,1182.223478,25.26501899449322
5.109862,4657.777783,5.109862,3496.362305,1161.4154780000003,24.9349696810128
5.107252,4655.131657,5.107252,3494.953857,1160.1778,24.92255612696627
5.104645,4652.299903,5.104645,3488.614746,1163.685157,25.01311569036223
5.102041,4636.24099,5.102041,3468.180664,1168.0603260000003,25.194124475397473
5.099439,4629.896476,5.099439,3462.541504,1167.354972,25.213414123862588
5.09684,4628.107068,5.09684,3459.721436,1168.3856320000004,25.245432200100527
5.094244,4607.974757,5.094244,3456.196045,1151.7787119999998,24.995334669538423
5.09165,4602.723069,5.09165,3399.032715,1203.6903539999998,26.151700546726936
5.089059,4599.29718,5.089059,3395.500732,1203.7964479999996,26.173486967415304
5.08647,4585.422938,5.08647,3383.489502,1201.9334359999998,26.2120518052854
5.083884,4565.788931,5.083884,3368.64624,1197.142691,26.219843034614428
5.081301,4564.363012,5.081301,3331.154541,1233.208471,27.01819438457933
5.07872,4550.146037,5.07872,3319.827881,1230.3181560000003,27.03909162465416
5.076142,4502.095449,5.076142,3302.122559,1199.9728900000005,26.653652806640004
5.073567,4497.967253,5.073567,3296.454834,1201.5124189999997,26.71234251869285
5.070994,4468.408633,5.070994,3275.901123,1192.50751,26.687521396165913
5.068424,4463.972591,5.068424,3261.71875,1202.2538409999997,26.93237506484501
5.065856,4462.044944,5.065856,3246.787598,1215.2573460000003,27.23543490152708
5.063291,4461.49522,5.063291,3234.755859,1226.739361,27.496148723880058
5.060729,4432.259868,5.060729,3228.264893,1203.994975,27.164358834024938
5.058169,4431.361713,5.058169,3202.797852,1228.563861,27.72429651580555
5.055612,4414.925283,5.055612,3199.245117,1215.6801659999996,27.535690596646496
5.053057,4414.68071,5.053057,3198.534668,1216.1460419999999,27.547768952921626
5.050505,4360.754449,5.050505,3189.29541,1171.4590389999998,26.863678124977586
5.047956,4357.987104,5.047956,3187.163086,1170.8240179999998,26.866165274453273
5.045409,4349.530421,5.045409,3167.965088,1181.5653330000005,27.16535392637504
5.042864,4348.659258,5.042864,3138.07959,1210.5796679999999,27.837997786857184
5.040323,4333.149322,5.040323,3105.413818,1227.7355040000002,28.33356094530638
5.037783,4318.265974,5.037783,3081.054688,1237.2112859999997,28.65065036403892
5.035247,4313.089801,5.035247,3065.810547,1247.279254,28.918462437550346
5.032713,4294.58024,5.032713,3058.257324,1236.322916,28.787980359170096
5.030181,4289.684248,5.030181,3048.980225,1240.7040229999998,28.92296848138553
5.027652,4285.469616,5.027652,3046.125244,1239.3443720000005,28.91968635999309
5.025126,4280.273704,5.025126,3045.411377,1234.8623270000003,28.850078578993603
5.022602,4278.056435,5.022602,3042.556152,1235.5002830000003,28.87994353912725
5.02008,4257.682433,5.02008,3035.416748,1222.2656849999998,28.707300373710137
5.017561,4251.193773,5.017561,3031.84668,1219.3470929999999,28.682463282296496
5.015045,4240.822696,5.015045,3019.705078,1221.1176180000002,28.79435679194451
5.012531,4222.319574,5.012531,3005.415771,1216.9038030000002,28.82074134069323
5.01002,4216.923848,5.01002,3005.415771,1211.5080770000004,28.729664577049302
5.007511,4209.061948,5.007511,2988.487305,1220.5746429999995,28.998733163810392
5.005005,4193.284642,5.005005,2981.110107,1212.1745349999997,28.907518532341975
5.002501,4186.165625,5.002501,2978.9646,1207.2010249999998,28.837870575175824
5.0,4181.798476,5.0,2968.950928,1212.8475479999997,29.00301281758848
4.997501,4177.735317,4.997501,2934.596191,1243.1391259999996,29.756292145685485
4.995005,4173.222457,4.995005,2923.853271,1249.369186,29.93775670655555
4.992511,4170.408349,4.992511,2917.406006,1253.002343,30.045075641104802
4.99002,4159.419308,4.99002,2885.869141,1273.5501669999994,30.618460719998165
4.987531,4158.097478,4.987531,2884.687744,1273.4097339999998,30.62481677588031
4.985045,4138.335414,4.985045,2860.028809,1278.3066050000002,30.889390953557932
4.982561,4108.860025,4.982561,2849.279785,1259.5802399999998,30.655223890232175
4.98008,4108.119646,4.98008,2843.536865,1264.582781,30.782520714344358
4.977601,4100.194805,4.977601,2827.73877,1272.4560350000002,31.034038515640727
4.975124,4099.651026,4.975124,2803.310059,1296.3409669999996,31.62076378644429
4.97265,4071.042817,4.97265,2780.302979,1290.739838,31.705385966713106
4.970179,4069.493397,4.970179,2775.987549,1293.5058480000002,31.78542687779179
4.96771,4054.019939,4.96771,2753.682617,1300.3373219999999,32.075257190786104
4.965243,4044.386704,4.965243,2734.244385,1310.142319,32.39409124019314
4.962779,4036.333464,4.962779,2725.601807,1310.7316569999998,32.473324334830025
4.960317,3967.297992,4.960317,2695.33667,1271.9613219999997,32.061149038083144
4.957858,3953.280488,4.957858,2695.33667,1257.9438179999997,31.820252112604457
4.955401,3941.902567,4.955401,2693.173828,1248.7287390000001,31.678325828087374
4.952947,3937.036618,4.952947,2687.405762,1249.6308560000002,31.740392006686697
4.950495,3923.275954,4.950495,2671.538818,1251.7371360000002,31.905406366426604
4.948046,3921.659307,4.948046,2629.675049,1291.984258,32.944836786149715
4.945598,3911.931552,4.945598,2623.896973,1288.0345790000001,32.92579540001113
4.943154,3899.896159,4.943154,2617.395508,1282.5006509999998,32.88550768307777
4.940711,3898.181944,4.940711,2606.557129,1291.6248150000001,33.13403103177475
4.938272,3896.362242,4.938272,2592.101074,1304.261168,33.47381703736364
4.935834,3891.641218,4.935834,2589.208984,1302.4322340000003,33.46742829158719
4.933399,3886.990537,4.933399,2579.808838,1307.1816990000002,33.62965992731461
4.930966,3874.763389,4.930966,2552.317383,1322.4460060000001,34.12972285622058
4.928536,3846.429615,4.928536,2547.250977,1299.1786379999999,33.77622283620026
4.926108,3840.66722,4.926108,2535.667969,1304.9992509999997,33.97845156186168
4.923683,3839.486328,4.923683,2530.599121,1308.8872069999998,34.09016454765717
4.92126,3837.334358,4.92126,2529.150879,1308.1834790000003,34.09094326828009
4.918839,3835.995746,4.918839,2517.562012,1318.4337340000002,34.370052036027474
4.916421,3825.571589,4.916421,2474.072021,1351.4995680000002,35.32804279198656
4.914005,3819.676345,4.914005,2468.269531,1351.406814,35.38013936099604
4.911591,3818.195886,4.911591,2457.387451,1360.808435,35.64008960330224
4.90918,3802.77481,4.90918,2439.969482,1362.805328,35.83712936186195
4.906771,3802.190887,4.906771,2421.817383,1380.3735040000001,36.304687087637014
4.904365,3798.338865,4.904365,2372.398682,1425.9401830000002,37.54115242690439
4.901961,3772.699153,4.901961,2349.848145,1422.851008,37.71440420497266
4.899559,3768.225365,4.899559,2314.122559,1454.1028059999999,38.588530810974994
4.89716,3759.027487,4.89716,2285.031982,1473.9955049999999,39.21215021964004
4.894763,3754.524211,4.894763,2229.59668,1524.9275309999998,40.615733054331336
4.892368,3722.399906,4.892368,2228.136719,1494.263187,40.14246788990758
4.889976,3718.153442,4.889976,2225.216797,1492.9366449999998,40.15263673994441
4.887586,3703.658258,4.887586,2218.645996,1485.0122619999997,40.095823063381566
4.885198,3702.855402,4.885198,2190.290771,1512.5646310000002,40.848601060225796
4.882812,3688.447169,4.882812,2166.039795,1522.407374,41.27502182477376
4.880429,3684.638455,4.880429,2157.265381,1527.3730739999996,41.452454362988504
4.878049,3674.402167,4.878049,2150.683105,1523.7190620000001,41.46848909693668
4.87567,3669.220456,4.87567,2147.025879,1522.1945770000002,41.48550339925392
4.873294,3659.325787,4.873294,2140.441895,1518.8838920000003,41.507205983023894
4.870921,3634.665969,4.870921,2096.520264,1538.145705,42.31876376313027
4.868549,3627.189774,4.868549,2078.205322,1548.9844520000001,42.70480864010068
4.86618,3623.817716,4.86618,2070.144043,1553.6736730000002,42.87394661547596
4.863813,3611.759164,4.863813,2062.813965,1548.9451990000002,42.8861706627347
4.861449,3601.361733,4.861449,2051.083496,1550.278237,43.04700143821959
4.859086,3599.82514,4.859086,2040.082764,1559.742376,43.3282816620365
4.856727,3587.727628,4.856727,2037.882202,1549.845426,43.1985252699902
4.854369,3586.231786,4.854369,2026.87793,1559.3538559999997,43.48168074599737
4.852014,3584.132457,4.852014,2003.391846,1580.7406110000002,44.10385581349624
4.849661,3567.579844,4.849661,1995.315308,1572.264536,44.07089973457087
4.84731,3564.747128,4.84731,1976.218872,1588.528256,44.56215823901212
4.844961,3563.938091,4.844961,1963.727783,1600.210308,44.900059067833006
4.842615,3562.92005,4.842615,1951.23291,1611.6871400000002,45.23500716778644
4.840271,3560.110077,4.840271,1932.115479,1627.9945979999998,45.72877138034628
4.837929,3532.307903,4.837929,1931.380005,1600.927898,45.32243343340276
4.83559,3524.466802,4.83559,1923.28894,1601.177862,45.43035732643
4.833253,3515.122707,4.833253,1912.253174,1602.869533,45.59924835079164
4.830918,3485.787355,4.830918,1912.253174,1573.534181,45.14142776790238
4.828585,3483.348904,4.828585,1911.362183,1571.986721,45.12860366054218
4.826255,3476.687331,4.826255,1901.214233,1575.4730980000002,45.3153518854641
4.823927,3450.93257,4.823927,1897.534058,1553.398512,45.013876118709554
4.821601,3449.102669,4.821601,1863.65979,1585.442879,45.96682184180004
4.819277,3414.648363,4.819277,1862.922974,1551.7253889999997,45.4431971916635
4.816956,3401.851896,4.816956,1852.607666,1549.24423,45.54120159733138
4.814636,3387.516177,4.814636,1846.712036,1540.804141,45.484775879787634
4.81232,3310.675992,4.81232,1845.237915,1465.438077,44.264013770635394
4.810005,3309.434635,4.810005,1809.844849,1499.589786,45.312566990766385
4.807692,3304.19728,4.807692,1809.107178,1495.090102,45.24820933210138
4.805382,3300.539131,4.805382,1805.962402,1494.576729,45.28280591986715
4.803074,3291.833074,4.803074,1803.943115,1487.889959,45.19943525544637
4.800768,3246.995273,4.800768,1800.254028,1446.741245,44.55630893676389
4.798464,3223.008927,4.798464,1800.254028,1422.7548989999998,44.14368471279136
4.796163,3213.950289,4.796163,1791.398926,1422.5513629999998,44.26177243216222
4.793864,3213.74859,4.793864,1774.421265,1439.3273250000002,44.786556405770376
4.791567,3207.778053,4.791567,1761.868164,1445.909889,45.07512256490895
4.789272,3205.512107,4.789272,1750.049927,1455.46218,45.404981526092236
4.786979,3201.083862,4.786979,1750.049927,1451.033935,45.32945707000037
4.784689,3193.468845,4.784689,1736.758789,1456.710056,45.61528941422943
4.782401,3183.064559,4.782401,1699.78479,1483.279769,46.5991104329342
4.780115,3180.774897,4.780115,1682.029663,1498.7452339999998,47.11887142386485
4.777831,3166.798004,4.777831,1682.029663,1484.7683410000002,46.885476722057454
4.775549,3162.576058,4.775549,1678.329712,1484.2463460000001,46.931562080395665
4.77327,3157.61854,4.77327,1677.589722,1480.028818,46.87167874305679
4.770992,3149.067446,4.770992,1665.747559,1483.319887,47.10346515074292
4.768717,3139.752475,4.768717,1663.379028,1476.3734469999997,47.02196936718713
4.766444,3138.70828,4.766444,1641.3125,1497.3957799999998,47.707389359548884
4.764173,3137.075136,4.764173,1620.568481,1516.506655,48.34141961080526
4.761905,3125.111156,4.761905,1617.604248,1507.5069079999998,48.23850521622853
4.759638,3109.159721,4.759638,1612.41626,1496.743461,48.13980609907689
4.757374,3108.703839,4.757374,1594.624268,1514.0795709999998,48.70452926410144
4.755112,3080.852406,4.755112,1557.968384,1522.884022,49.430606251508955
4.752852,3062.417989,4.752852,1528.5802,1533.837789,50.08584048648624
4.750594,3057.152911,4.750594,1516.696167,1540.456744,50.38860628976893
4.748338,3047.096422,4.748338,1489.201904,1557.894518,51.127181494882144
4.746084,3032.302821,4.746084,1488.458618,1543.8442030000003,50.913259464332384
4.743833,3030.703315,4.743833,1486.228516,1544.4747990000003,50.960936735570904
4.741584,3028.696355,4.741584,1484.741821,1543.954534,50.97752805265947
4.739336,3026.560044,4.739336,1481.768066,1544.7919779999997,51.04118059915813
4.737091,3007.325569,4.737091,1464.665161,1542.6604080000002,51.296754295643744
4.734848,2981.852535,4.734848,1463.418213,1518.434322,50.922515589792575
4.732608,2976.701617,4.732608,1445.323364,1531.378253,51.44547388472763
4.730369,2965.105903,4.730369,1431.183594,1533.922309,51.732462825291535
4.728132,2957.517439,4.728132,1357.432983,1600.0844560000003,54.10228304658866
4.725898,2943.93843,4.725898,1349.976562,1593.961868,54.143858844221825
4.723666,2939.214714,4.723666,1340.28125,1598.9334640000002,54.40002244082397
4.721435,2934.64243,4.721435,1320.884155,1613.758275,54.989945572346954
4.719207,2932.119389,4.719207,1295.403198,1636.716191,55.82024378475947
4.716981,2906.724874,4.716981,1271.6073,1635.117574,56.25291848656744
4.714757,2873.153181,4.714757,1216.29248,1656.860701,57.666981070021826
4.712535,2868.101841,4.712535,1200.58252,1667.5193210000002,58.14017121576821
4.710316,2867.154359,4.710316,1192.351318,1674.8030410000001,58.41342429795563
4.708098,2852.528879,4.708098,1184.507935,1668.0209439999999,58.47516413522696
4.705882,2845.759132,4.705882,1141.434082,1704.3250500000001,59.889996691399524
4.703669,2809.334628,4.703669,1137.687866,1671.646762,59.50329823080086
4.701457,2808.931161,4.701457,1110.706177,1698.224984,60.4580492245107
4.699248,2804.331886,4.699248,1091.959595,1712.372291,61.06168458692909
4.697041,2802.297287,4.697041,1082.958496,1719.338791,61.35461783359318
4.694836,2792.329187,4.694836,1079.957642,1712.3715449999997,61.32412872279303
4.692633,2788.252425,4.692633,1079.207397,1709.0450280000002,61.29448728086375
4.690432,2787.779005,4.690432,1018.39856,1769.3804449999998,63.469178935150204
4.688233,2779.867282,4.688233,993.601562,1786.2657200000003,64.25723024859143
4.686036,2767.462954,4.686036,991.346619,1776.1163350000002,64.17850444692891
4.683841,2767.204469,4.683841,989.091553,1778.1129159999998,64.2566509240485
4.681648,2760.88807,4.681648,985.332947,1775.555123,64.31101435416033
4.679457,2747.331673,4.679457,977.062866,1770.2688070000002,64.43593339667365
4.677268,2696.965514,4.677268,976.310913,1720.654601,63.79965157389106
4.675082,2695.294217,4.675082,974.807129,1720.487088,63.832997420036385
4.672897,2682.398543,4.672897,964.27887,1718.1196729999997,64.0516181864031
4.670715,2674.812859,4.670715,956.005066,1718.807793,64.25899244564683
4.668534,2672.132853,4.668534,952.243713,1719.8891400000002,64.36390833146947
4.666356,2659.373577,4.666356,948.482117,1710.8914599999998,64.33437839636021
4.664179,2659.293406,4.664179,943.967712,1715.3256939999997,64.5030627357559
4.662005,2654.604289,4.662005,927.411377,1727.192912,65.06404435331642
4.659832,2604.881834,4.659832,917.625305,1687.2565289999998,64.77286251442298
4.657662,2602.329514,4.657662,900.306519,1702.022995,65.40382322236538
4.655493,2601.605236,4.655493,871.678894,1729.9263419999997,66.49457489022366
4.653327,2595.378829,4.653327,821.161621,1774.2172080000003,68.36062574663161
4.651163,2581.460198,4.651163,820.407227,1761.052971,68.2192571616787
4.649,2571.999869,4.649,815.126099,1756.8737700000001,68.30769282593614
4.64684,2570.996467,4.64684,770.590637,1800.40583,70.02754975003238
4.644682,2545.775123,4.644682,726.769653,1819.00547,71.45193043824084
4.642526,2538.030391,4.642526,707.112793,1830.9175979999998,72.13930946187791
4.640371,2531.495728,4.640371,698.03772,1833.4580079999998,72.42587801830965
4.638219,2513.299611,4.638219,682.908875,1830.3907359999998,72.82819477585953
4.636069,2509.140538,4.636069,667.018433,1842.1221050000001,73.41645783094833
4.63392,2478.477112,4.63392,654.90802,1823.5690920000002,73.57619254060718
4.631774,2469.998751,4.631774,629.16333,1840.8354210000002,74.52778752437516
4.62963,2461.014814,4.62963,620.831238,1840.1835760000001,74.77336444834583
4.627487,2460.968133,4.627487,614.770691,1846.1974419999997,75.01915271651345
4.625347,2451.968753,4.625347,613.255432,1838.7133210000002,74.98926398431148
4.623209,2449.106348,4.623209,601.131714,1847.9746339999997,75.45505876088644
4.621072,2442.009471,4.621072,551.089722,1890.9197489999997,77.43294084054762
4.618938,2436.053407,4.618938,541.985718,1894.067689,77.75148457572384
4.616805,2435.16248,4.616805,535.156677,1900.005803,78.02377946460476
4.614675,2431.961375,4.614675,529.085571,1902.8758039999998,78.2444911979739
4.612546,2427.310025,4.612546,515.422974,1911.8870510000002,78.76567192936139
4.61042,2426.037468,4.61042,509.349487,1916.687981,79.00487961466224
4.608295,2422.25707,4.608295,494.162567,1928.094503,79.59908660726914
4.606172,2419.561201,4.606172,438.391724,1981.169477,81.88135419683479
4.604052,2410.029108,4.604052,437.170654,1972.8584540000002,81.86035792892174
4.601933,2404.695038,4.601933,428.806396,1975.888642,82.16795106141022
4.599816,2399.811887,4.599816,421.961914,1977.8499729999999,82.41687541070172
4.597701,2388.964157,4.597701,380.11441,2008.8497469999998,84.08873532546683
4.595588,2387.446268,4.595588,380.11441,2007.331858,84.07861927219716
4.593477,2381.269609,4.593477,340.517883,2040.751726,85.7001541651137
4.591368,2375.846584,4.591368,335.185242,2040.6613419999999,85.89196607822721
4.589261,2369.06825,4.589261,329.090118,2039.9781319999997,86.10887980960446
4.587156,2332.894444,4.587156,328.328156,2004.566288,85.92614608670223
4.585053,2328.816411,4.585053,285.641479,2043.174932,87.73447843931396
4.582951,2296.001539,4.582951,271.913269,2024.0882699999997,88.15709552536148
4.580852,2267.914629,4.580852,265.047821,2002.8668079999998,88.31314822829691
4.578755,2261.155537,4.578755,236.813614,2024.3419230000002,89.52687640788331
4.576659,2260.845524,4.576659,232.233643,2028.6118809999998,89.72801810054139
4.574565,2242.45318,4.574565,232.233643,2010.219537,89.64376848215845
4.572474,2230.917165,4.572474,216.964203,2013.9529619999998,90.27466342525543
4.570384,2229.645695,4.570384,204.745453,2024.9002420000002,90.81713056656744
4.568296,2200.06629,4.568296,197.871155,2002.1951350000002,91.00612759263723
4.56621,2199.378334,4.56621,189.468002,2009.910332,91.38538381182398
4.564126,2195.97878,4.564126,173.421921,2022.5568589999998,92.10275060126037
4.562044,2184.762578,4.562044,160.428635,2024.3339429999999,92.65693047768781
4.559964,2181.929856,4.559964,153.548553,2028.3813030000001,92.96271818373249
4.557885,2168.015204,4.557885,49.474396,2118.5408079999997,97.71798666777246
4.555809,2159.444952,4.555809,37.983234,2121.461718,98.2410649567695
4.553734,2141.636942,4.553734,14.993573,2126.643369,99.29990127150131
