RP,Loss_gen,ReturnPeriod,Loss_expected,Loss_Diff,Percent_Diff
10000.0,250000.012486,10000.0,250000.015625,0.0031390000076498836,1.25559994035027e-06
5000.0,250000.011655,5000.0,250000.015625,0.003969999990658835,1.5879999222309772e-06
3333.333333,250000.01148,3333.333333,250000.015625,0.004145000013522804,1.6579999292737648e-06
2500.0,250000.009775,2500.0,250000.015625,0.005849999986821786,2.339999903234718e-06
2000.0,250000.006389,2000.0,250000.015625,0.009236000012606382,3.694399910628469e-06
1666.666667,250000.005548,1666.666667,250000.015625,0.010077000013552606,4.03079991596953e-06
1428.571429,250000.005291,1428.571429,250000.015625,0.010333999991416931,4.133599909083264e-06
1250.0,250000.004299,1250.0,250000.0,0.004298999992897734,1.7195999675888529e-06
1111.111111,250000.004041,1111.111111,250000.0,0.004041000007418916,1.616399976840077e-06
1000.0,250000.003441,1000.0,250000.0,0.0034410000080242753,1.3763999842649407e-06
909.090909,250000.002861,909.090909,250000.0,0.0028609999862965196,1.1443999814220946e-06
833.333333,250000.002646,833.333333,250000.0,0.002646000008098781,1.058399992037407e-06
769.230769,250000.00251,769.230769,250000.0,0.0025099999911617488,1.0039999863845396e-06
714.285714,250000.001299,714.285714,250000.0,0.0012989999959245324,5.195999956699714e-07
666.666667,250000.001233,666.666667,250000.0,0.0012329999881330878,4.931999928207728e-07
625.0,250000.0,625.0,250000.0,0.0,0.0
588.235294,250000.0,588.235294,250000.0,0.0,0.0
555.555556,250000.0,555.555556,250000.0,0.0,0.0
526.315789,250000.0,526.315789,250000.0,0.0,0.0
500.0,250000.0,500.0,250000.0,0.0,0.0
476.190476,250000.0,476.190476,250000.0,0.0,0.0
454.545455,250000.0,454.545455,250000.0,0.0,0.0
434.782609,250000.0,434.782609,250000.0,0.0,0.0
416.666667,250000.0,416.666667,250000.0,0.0,0.0
400.0,250000.0,400.0,250000.0,0.0,0.0
384.615385,250000.0,384.615385,250000.0,0.0,0.0
370.37037,250000.0,370.37037,250000.0,0.0,0.0
357.142857,250000.0,357.142857,250000.0,0.0,0.0
344.827586,250000.0,344.827586,250000.0,0.0,0.0
333.333333,250000.0,333.333333,250000.0,0.0,0.0
322.580645,250000.0,322.580645,250000.0,0.0,0.0
312.5,250000.0,312.5,250000.0,0.0,0.0
303.030303,250000.0,303.030303,250000.0,0.0,0.0
294.117647,250000.0,294.117647,250000.0,0.0,0.0
285.714286,250000.0,285.714286,250000.0,0.0,0.0
277.777778,250000.0,277.777778,250000.0,0.0,0.0
270.27027,250000.0,270.27027,250000.0,0.0,0.0
263.157895,250000.0,263.157895,250000.0,0.0,0.0
256.410256,250000.0,256.410256,250000.0,0.0,0.0
250.0,250000.0,250.0,250000.0,0.0,0.0
243.902439,250000.0,243.902439,250000.0,0.0,0.0
238.095238,250000.0,238.095238,250000.0,0.0,0.0
232.55814,250000.0,232.55814,250000.0,0.0,0.0
227.272727,250000.0,227.272727,250000.0,0.0,0.0
222.222222,250000.0,222.222222,250000.0,0.0,0.0
217.391304,250000.0,217.391304,250000.0,0.0,0.0
212.765957,250000.0,212.765957,250000.0,0.0,0.0
208.333333,250000.0,208.333333,250000.0,0.0,0.0
204.081633,250000.0,204.081633,250000.0,0.0,0.0
200.0,250000.0,200.0,250000.0,0.0,0.0
196.078431,250000.0,196.078431,250000.0,0.0,0.0
192.307692,250000.0,192.307692,250000.0,0.0,0.0
188.679245,250000.0,188.679245,250000.0,0.0,0.0
185.185185,250000.0,185.185185,250000.0,0.0,0.0
181.818182,250000.0,181.818182,250000.0,0.0,0.0
178.571429,250000.0,178.571429,250000.0,0.0,0.0
175.438596,250000.0,175.438596,250000.0,0.0,0.0
172.413793,250000.0,172.413793,250000.0,0.0,0.0
169.491525,250000.0,169.491525,250000.0,0.0,0.0
166.666667,250000.0,166.666667,250000.0,0.0,0.0
163.934426,250000.0,163.934426,250000.0,0.0,0.0
161.290323,250000.0,161.290323,250000.0,0.0,0.0
158.730159,250000.0,158.730159,250000.0,0.0,0.0
156.25,250000.0,156.25,250000.0,0.0,0.0
153.846154,250000.0,153.846154,250000.0,0.0,0.0
151.515152,250000.0,151.515152,250000.0,0.0,0.0
149.253731,250000.0,149.253731,250000.0,0.0,0.0
147.058824,250000.0,147.058824,250000.0,0.0,0.0
144.927536,250000.0,144.927536,250000.0,0.0,0.0
142.857143,250000.0,142.857143,250000.0,0.0,0.0
140.84507,250000.0,140.84507,250000.0,0.0,0.0
138.888889,250000.0,138.888889,250000.0,0.0,0.0
136.986301,250000.0,136.986301,250000.0,0.0,0.0
135.135135,250000.0,135.135135,250000.0,0.0,0.0
133.333333,250000.0,133.333333,250000.0,0.0,0.0
131.578947,250000.0,131.578947,250000.0,0.0,0.0
129.87013,250000.0,129.87013,250000.0,0.0,0.0
128.205128,250000.0,128.205128,250000.0,0.0,0.0
126.582278,250000.0,126.582278,250000.0,0.0,0.0
125.0,250000.0,125.0,250000.0,0.0,0.0
123.45679,250000.0,123.45679,250000.0,0.0,0.0
121.95122,250000.0,121.95122,250000.0,0.0,0.0
120.481928,250000.0,120.481928,250000.0,0.0,0.0
119.047619,250000.0,119.047619,250000.0,0.0,0.0
117.647059,250000.0,117.647059,250000.0,0.0,0.0
116.27907,250000.0,116.27907,250000.0,0.0,0.0
114.942529,250000.0,114.942529,250000.0,0.0,0.0
113.636364,250000.0,113.636364,250000.0,0.0,0.0
112.359551,250000.0,112.359551,250000.0,0.0,0.0
111.111111,250000.0,111.111111,250000.0,0.0,0.0
109.89011,250000.0,109.89011,250000.0,0.0,0.0
108.695652,250000.0,108.695652,250000.0,0.0,0.0
107.526882,250000.0,107.526882,250000.0,0.0,0.0
106.382979,250000.0,106.382979,250000.0,0.0,0.0
105.263158,250000.0,105.263158,250000.0,0.0,0.0
104.166667,250000.0,104.166667,250000.0,0.0,0.0
103.092784,250000.0,103.092784,250000.0,0.0,0.0
102.040816,250000.0,102.040816,250000.0,0.0,0.0
101.010101,250000.0,101.010101,250000.0,0.0,0.0
100.0,250000.0,100.0,250000.0,0.0,0.0
99.009901,250000.0,99.009901,250000.0,0.0,0.0
98.039216,250000.0,98.039216,250000.0,0.0,0.0
97.087379,250000.0,97.087379,250000.0,0.0,0.0
96.153846,250000.0,96.153846,250000.0,0.0,0.0
95.238095,250000.0,95.238095,250000.0,0.0,0.0
94.339623,250000.0,94.339623,250000.0,0.0,0.0
93.457944,250000.0,93.457944,250000.0,0.0,0.0
92.592593,249999.99673,92.592593,250000.0,0.003269999986514449,1.3080000117144197e-06
91.743119,249999.995471,91.743119,250000.0,0.004528999998001382,1.811600032019499e-06
90.909091,249999.994736,90.909091,250000.0,0.005264000006718561,2.105600047022939e-06
90.09009,249999.994024,90.09009,250000.0,0.005975999985821545,2.3904000514687407e-06
89.285714,249999.993188,89.285714,250000.0,0.006812000006902963,2.7248000770065377e-06
88.495575,249999.991008,88.495575,250000.0,0.008991999988211319,3.5968001246542343e-06
87.719298,249999.989082,87.719298,250000.0,0.01091800001449883,4.3672001965239e-06
86.956522,249944.819517,86.956522,250000.0,55.18048300000373,0.02207706609268236
86.206897,249908.832464,86.206897,250000.0,91.16753599999356,0.03648031768269994
85.470085,249801.597976,85.470085,250000.0,198.40202400001,0.07942384100323958
84.745763,249595.527619,84.745763,250000.0,404.4723809999996,0.16205113323080628
84.033613,249500.752338,84.033613,250000.0,499.24766200000886,0.20009865995260623
83.333333,248974.131277,83.333333,250000.0,1025.8687229999923,0.4120382779280175
82.644628,248487.853775,82.644628,250000.0,1512.146225000004,0.6085392915700489
81.967213,247967.51252,81.967213,250000.0,2032.4874800000107,0.8196587768069332
81.300813,247759.348233,81.300813,250000.0,2240.651767000003,0.9043661855668227
80.645161,247613.466881,80.645161,250000.0,2386.5331189999997,0.9638139431838489
80.0,246695.940433,80.0,250000.0,3304.0595669999893,1.3393246606331315
79.365079,246310.518037,79.365079,250000.0,3689.4819629999984,1.4978986656370783
78.740157,246245.095216,78.740157,250000.0,3754.904784000013,1.524864802162376
78.125,245665.899817,78.125,250000.0,4334.100183000002,1.764225391569825
77.51938,244789.101217,77.51938,249999.984375,5210.8831580000115,2.128723514279617
76.923077,244600.576043,76.923077,249999.984375,5399.408331999992,2.207438927310945
76.335878,244373.132392,76.335878,249999.984375,5626.8519830000005,2.3025657231311105
75.757576,244086.084405,75.757576,249999.984375,5913.899969999999,2.4228746937442596
75.18797,243730.252456,75.18797,249999.984375,6269.731919000013,2.5724061152941498
74.626866,242790.447891,74.626866,249999.984375,7209.536484000011,2.969448158535755
74.074074,241992.234377,74.074074,249999.984375,8007.749998000014,3.30909378915223
73.529412,241413.571824,73.529412,249999.984375,8586.412550999987,3.556723214078378
72.992701,241065.236245,72.992701,249999.984375,8934.748129999993,3.706361095101829
72.463768,241028.421237,72.463768,249999.984375,8971.563137999998,3.722201345366811
71.942446,239798.956084,71.942446,249999.96875,10201.012665999995,4.253985435377228
71.428571,239547.644088,71.428571,249326.53125,9778.887161999999,4.082230572222883
70.921986,239193.550255,70.921986,249239.046875,10045.49661999999,4.199735573676909
70.422535,238913.332756,70.422535,247411.203125,8497.870369000011,3.5568841098034527
69.93007,238342.89985,69.93007,246231.71875,7888.818900000013,3.309861088777893
69.444444,236630.106483,69.444444,245669.875,9039.76851699999,3.8202106449415068
68.965517,236590.296459,68.965517,245069.53125,8479.234790999995,3.5839317663940653
68.493151,235839.358353,68.493151,242510.125,6670.766647000011,2.8285213687765087
68.027211,235626.233693,68.027211,242047.84375,6421.610057000013,2.725337478918752
67.567568,232434.25551,67.567568,237600.09375,5165.838240000012,2.2224943688550947
67.114094,231988.306041,67.114094,236076.21875,4087.9127089999965,1.7621201597452623
66.666667,231294.915232,66.666667,235621.9375,4327.022268000001,1.8707814063529185
66.225166,228450.877762,66.225166,232743.640625,4292.762863000011,1.8790747950078832
65.789474,227871.71155,65.789474,232732.28125,4860.569699999993,2.1330290043191598
65.359477,226763.623079,65.359477,230325.71875,3562.095670999988,1.5708408706095789
64.935065,226291.375235,64.935065,230206.734375,3915.359139999986,1.7302290623908878
64.516129,226114.945061,64.516129,229722.65625,3607.711188999994,1.5955208922730544
64.102564,225362.266983,64.102564,229109.78125,3747.5142669999914,1.6628845268417014
63.694268,224788.584013,63.694268,228572.796875,3784.2128619999858,1.6834542014736549
63.291139,224304.904743,63.291139,228060.875,3755.970257000008,1.6744931464175765
62.893082,222815.936395,62.893082,226112.0,3296.063605000003,1.4792764190604668
62.5,222314.357323,62.5,226038.3125,3723.955176999996,1.6750853259510676
62.111801,222100.726671,62.111801,225568.59375,3467.8670789999887,1.5613938463771775
61.728395,221500.061656,61.728395,225155.34375,3655.2820939999947,1.6502397636696007
61.349693,221163.164528,61.349693,224181.4375,3018.272972000006,1.3647267972682144
60.97561,220796.041016,60.97561,222037.53125,1241.4902339999971,0.5622792094854783
60.606061,220455.713663,60.606061,221666.625,1210.9113369999977,0.5492764586954908
60.240964,220288.337083,60.240964,220706.65625,418.31916700000875,0.18989619357033638
59.88024,220026.695404,59.88024,219993.4375,33.257903999998234,0.015115394947386743
59.52381,219962.206475,59.52381,219740.328125,221.8783500000136,0.10087112397885105
59.171598,219815.624421,59.171598,219692.234375,123.39004599998589,0.056133428333403707
58.823529,219729.502857,58.823529,219657.296875,72.20598200001405,0.03286130495048073
58.479532,218699.639084,58.479532,218157.65625,541.9828339999949,0.24782063485336872
58.139535,217967.842054,58.139535,216788.078125,1179.763929000008,0.5412559567882173
57.803468,216711.328669,57.803468,216134.1875,577.1411690000095,0.2663179504941903
57.471264,216509.745248,57.471264,216076.3125,433.432747999992,0.20019087247251555
57.142857,215691.437001,57.142857,216035.953125,344.51612399998703,0.15972637986476476
56.818182,214695.628421,56.818182,215790.28125,1094.6528289999987,0.5098626539584108
56.497175,214297.233726,56.497175,215675.03125,1377.7975239999942,0.6429376152198227
56.179775,214196.778531,56.179775,214123.59375,73.18478099998902,0.034167078282831054
55.865922,213848.639334,55.865922,213985.125,136.48566599999322,0.06382349049545401
55.555556,213736.15265,55.555556,213944.9375,208.78484999999637,0.09768345102659746
55.248619,213530.167462,55.248619,212795.4375,734.7299620000122,0.3440871942044279
54.945055,213466.94319,54.945055,211916.609375,1550.3338149999909,0.7262641193208492
54.644809,213112.412564,54.644809,211669.65625,1442.7563139999984,0.6769930932890748
54.347826,212484.144357,54.347826,210048.390625,2435.753732000012,1.146322582972422
54.054054,211082.690991,54.054054,209908.125,1174.5659910000104,0.5564482741268875
53.763441,210815.218198,53.763441,208701.53125,2113.6869479999878,1.0026254110435184
53.475936,209806.819984,53.475936,207344.96875,2461.8512340000016,1.1733895181232639
53.191489,209479.151799,53.191489,205916.15625,3562.995549000014,1.7008831277008363
52.910053,209310.122448,52.910053,205881.34375,3428.778698000009,1.6381332435806293
52.631579,208383.046686,52.631579,205380.34375,3002.702935999987,1.4409535630432457
52.356021,207527.784457,52.356021,204617.375,2910.4094570000016,1.40241918190142
52.083333,207375.106017,52.083333,203887.03125,3488.074767000013,1.6820122887431197
51.813472,207348.770292,51.813472,203425.578125,3923.192167000001,1.8920739975815362
51.546392,206855.427005,51.546392,202495.0,4360.427005000005,2.1079587169325786
51.282051,206228.168786,51.282051,201542.0625,4686.106285999995,2.272292050880159
51.020408,205272.352525,51.020408,200839.796875,4432.555649999995,2.1593534616212655
50.761421,204408.57691,50.761421,200063.359375,4345.217535000003,2.1257510818213756
50.505051,203898.662651,50.505051,200011.1875,3887.4751509999915,1.9065721670052973
50.251256,203606.655292,50.251256,199650.53125,3956.1240420000104,1.9430229509572676
50.0,202495.304729,50.0,199538.59375,2956.710978999996,1.4601380426854687
49.751244,201246.322975,49.751244,199537.578125,1708.7448499999882,0.8490812774811585
49.50495,200668.882034,49.50495,197683.5625,2985.3195340000093,1.487684340362347
49.261084,200445.417378,49.261084,196964.515625,3480.901753000013,1.7365833544778564
49.019608,199626.490014,49.019608,196325.578125,3300.91188900001,1.6535440205197784
48.780488,199350.367889,48.780488,196312.5625,3037.8053889999865,1.5238524117956296
48.543689,198669.161294,48.543689,195825.359375,2843.8019189999904,1.4314259447602933
48.309179,198309.01366,48.309179,195245.0625,3063.951159999997,1.5450387773362277
48.076923,197804.826767,48.076923,195056.0,2748.8267669999914,1.389666173433631
47.84689,195703.186149,47.84689,194967.34375,735.8423989999865,0.3759991921847137
47.619048,195626.148409,47.619048,194834.9375,791.2109089999867,0.4044504865197184
47.393365,195169.249955,47.393365,194817.0,352.2499550000066,0.18048435144431027
47.169811,195043.909821,47.169811,194507.671875,536.2379460000084,0.27493190968748343
46.948357,193584.232655,46.948357,194175.375,591.1423450000002,0.305366990323802
46.728972,192855.506985,46.728972,192725.5,130.00698500001454,0.0674116010646905
46.511628,192781.858245,46.511628,192013.21875,768.6394950000104,0.39870945430102256
46.296296,191701.086912,46.296296,191528.765625,172.32128699999885,0.08989061552848815
46.082949,189872.544103,46.082949,190579.859375,707.3152720000071,0.37252109057764055
45.87156,189759.754892,45.87156,190030.84375,271.0888580000028,0.14285898406344932
45.6621,189718.592929,45.6621,189474.578125,244.01480400000582,0.12861934101067551
45.454545,189461.86792,45.454545,188596.28125,865.5866699999897,0.4568659010400353
45.248869,189008.702756,45.248869,187862.15625,1146.5465060000133,0.6066104307800804
45.045045,188716.70958,45.045045,187805.828125,910.8814549999952,0.4826713315568159
44.843049,187165.995094,44.843049,186524.921875,641.0732190000126,0.34251586068187634
44.642857,184279.792918,44.642857,186298.53125,2018.738332000008,1.0954746041516865
44.444444,184206.231477,44.444444,185957.671875,1751.440398000006,0.950804098187466
44.247788,183999.3841,44.247788,185493.25,1493.8659000000043,0.8118863589174398
44.052863,183273.331004,44.052863,185482.125,2208.793995999993,1.205191166603386
43.859649,183150.838212,43.859649,184831.75,1680.9117879999976,0.9177745537010951
43.668122,182812.044267,43.668122,184566.90625,1754.8619830000098,0.9599268965216564
43.478261,182488.658594,43.478261,184326.09375,1837.4351559999923,1.0068763561290186
43.290043,182211.166282,43.290043,184141.703125,1930.536843000009,1.0595052336211954
43.103448,181080.107559,43.103448,183910.53125,2830.4236910000036,1.5630782028764743
42.918455,180809.618255,42.918455,183772.390625,2962.7723699999915,1.638614360559915
42.735043,180774.087878,42.735043,182557.875,1783.7871220000088,0.9867493416444967
42.553191,180567.374691,42.553191,182312.5,1745.1253089999955,0.9664676755623105
42.372881,179735.42748,42.372881,181836.390625,2100.963144999987,1.1689198809921717
42.194093,179535.738461,42.194093,181436.3125,1900.5740389999992,1.058604852321843
42.016807,179098.668377,42.016807,181399.09375,2300.4253730000055,1.2844458274573236
41.841004,178899.035669,41.841004,181115.25,2216.2143309999956,1.2388073097836299
41.666667,178263.825807,41.666667,180770.828125,2507.0023180000135,1.4063438314816923
41.493776,176387.451742,41.493776,180513.71875,4126.267007999995,2.3393200407676624
41.322314,176048.350846,41.322314,179489.4375,3441.0866540000134,1.9546258953656075
41.152263,175670.42458,41.152263,179314.84375,3644.4191700000083,2.0745775384292684
40.983607,175591.544166,40.983607,178862.65625,3271.112083999993,1.862909799863462
40.816327,175293.445208,40.816327,178567.75,3274.30479200001,1.8678991608127617
40.650407,174659.741625,40.650407,178294.71875,3634.977125000005,2.081176286636457
40.48583,174553.669981,40.48583,177544.125,2990.4550189999864,1.7132008850489906
40.322581,174092.761592,40.322581,176370.9375,2278.1759080000047,1.3085988683085448
40.160643,174019.011162,40.160643,175377.8125,1358.8013379999902,0.7808349955138163
40.0,173755.541388,40.0,175188.109375,1432.5679869999876,0.8244732660358908
39.840637,172117.290244,39.840637,174570.65625,2453.3660059999966,1.4254035736456294
39.68254,171941.019226,39.68254,173604.8125,1663.793273999996,0.967653490417606
39.525692,171716.188158,39.525692,173097.796875,1381.6087169999955,0.8045885084106024
39.370079,169659.970298,39.370079,172338.03125,2678.060952,1.5784872219982755
39.215686,169297.541141,39.215686,171839.5,2541.9588590000058,1.5014741749160594
39.0625,168964.403546,39.0625,171671.34375,2706.940204000013,1.6020772110517691
38.910506,168305.44522,38.910506,171417.8125,3112.367280000006,1.8492374242150535
38.75969,166859.888648,38.75969,170527.5,3667.611352000007,2.1980185781719133
38.610039,165908.406152,38.610039,169697.03125,3788.6250979999895,2.2835642785507635
38.461538,165692.790809,38.461538,169092.09375,3399.3029410000017,2.051569609276785
38.314176,165396.806118,38.314176,168776.1875,3379.3813819999923,2.0431962752587984
38.167939,165123.446526,38.167939,167834.78125,2711.3347239999857,1.6420046825833812
38.022814,164737.374573,38.022814,167499.03125,2761.6566769999918,1.6763995930845796
37.878788,164718.914529,37.878788,167362.46875,2643.5542209999985,1.6048880777043857
37.735849,164575.893012,37.735849,167238.28125,2662.388238000014,1.6177267455604125
37.593985,164108.753192,37.593985,166791.6875,2682.9343079999962,1.6348514359018265
37.453184,164085.431926,37.453184,166603.765625,2518.33369900001,1.534769826571648
37.313433,163289.175443,37.313433,166365.03125,3075.8558070000145,1.8836862876276301
37.174721,162998.223801,37.174721,165150.453125,2152.2293240000145,1.3204004766503539
37.037037,162732.181599,37.037037,164843.65625,2111.474650999997,1.2975151136380834
36.900369,162208.541902,36.900369,164609.09375,2400.551848000003,1.4799170375690336
36.764706,161981.645312,36.764706,164118.40625,2136.760937999992,1.3191376923504405
36.630037,157705.814997,36.630037,163654.0,5948.185002999991,3.7716966892521637
36.49635,157521.508412,36.49635,163574.0625,6052.554088000004,3.84236676566698
36.363636,157463.95014,36.363636,163075.609375,5611.659234999999,3.563773949536205
36.231884,157365.553182,36.231884,162843.8125,5478.259317999997,3.481231570205301
36.101083,157332.644711,36.101083,162431.78125,5099.136538999999,3.240990799059192
35.971223,157278.626588,35.971223,162379.8125,5101.185911999986,3.2434069540566517
35.842294,156397.180019,35.842294,162207.0625,5809.882481000008,3.7148255999847257
35.714286,156141.314893,35.714286,161437.65625,5296.3413569999975,3.3920179041847165
35.587189,155345.122963,35.587189,161126.875,5781.752036999998,3.7218754774664484
35.460993,155209.724561,35.460993,160951.25,5741.52543899999,3.699204708493297
35.335689,155176.403771,35.335689,160892.53125,5716.127478999988,3.683631879648084
35.211268,155138.186169,35.211268,159938.375,4800.188831000007,3.0941375231568804
35.087719,154722.736457,35.087719,159596.0,4873.263543000008,3.1496751250611243
34.965035,153728.913765,34.965035,159570.78125,5841.867484999995,3.8001097789126725
34.843206,153334.33764,34.843206,159125.921875,5791.5842349999875,3.777095413942786
34.722222,152911.036191,34.722222,157932.640625,5021.604434000008,3.284003927438933
34.602076,151473.206703,34.602076,157827.71875,6354.5120469999965,4.195139315601577
34.482759,150679.598694,34.482759,157066.640625,6387.041931000014,4.238823295495241
34.364261,150282.607916,34.364261,155093.75,4811.142083999992,3.2013964561282866
34.246575,150188.864745,34.246575,155002.53125,4813.666505000001,3.2050754982221505
34.129693,150113.167629,34.129693,154996.90625,4883.738620999997,3.253371238604467
34.013605,150075.805906,34.013605,154531.453125,4455.647219000006,2.968931062606321
33.898305,149950.418489,33.898305,154000.03125,4049.6127609999967,2.7006345176002733
33.783784,149705.059295,33.783784,153106.859375,3401.8000799999863,2.2723347467480033
33.670034,149418.869152,33.670034,151974.34375,2555.4745980000007,1.7102756917537514
33.557047,148430.684476,33.557047,151793.46875,3362.784274000005,2.2655586921744195
33.444816,147402.55111,33.444816,150623.9375,3221.3863899999997,2.1854346249380865
33.333333,146588.584561,33.333333,150151.859375,3563.274814000004,2.430799659244418
33.222591,146008.249316,33.222591,149517.671875,3509.4225589999987,2.403578274132095
33.112583,144930.751008,33.112583,149346.390625,4415.639617000008,3.0467237534402
33.0033,143379.222652,33.0033,149249.328125,5870.105473000003,4.0941116602699905
32.894737,143280.345326,32.894737,149223.890625,5943.54529899999,4.148193030577139
32.786885,142566.265791,32.786885,148875.4375,6309.1717089999875,4.4254309909815115
32.679739,142438.499321,32.679739,148220.609375,5782.11005399999,4.0593730498166805
32.57329,141887.308264,32.57329,147307.15625,5419.847986000008,3.81982578449911
32.467532,141739.277623,32.467532,147302.4375,5563.159876999998,3.9249246717603317
32.36246,140893.066994,32.36246,147207.796875,6314.729881000007,4.481930882567077
32.258065,140586.928518,32.258065,147010.5625,6423.633981999999,4.569154507972305
32.154341,140534.535424,32.154341,146990.40625,6455.8708259999985,4.593796682446988
32.051282,139794.544369,32.051282,146986.625,7192.08063099999,5.144750579118352
31.948882,138407.604764,31.948882,146677.59375,8269.988986000011,5.975097249967761
31.847134,137605.55524,31.847134,146422.765625,8817.210385000013,6.407597694454835
31.746032,137305.703143,31.746032,145805.046875,8499.343732000008,6.190087911460009
31.64557,137174.937458,31.64557,144311.328125,7136.390667,5.20240125437273
31.545741,136772.46142,31.545741,144056.109375,7283.647954999993,5.32537608768582
31.446541,136417.833305,31.446541,143701.609375,7283.776069999993,5.339313705206771
31.347962,136201.182071,31.347962,143651.84375,7450.661679000012,5.47033554754031
31.25,135388.473925,31.25,143090.359375,7701.885450000002,5.688730529798681
31.152648,135329.51026,31.152648,142597.015625,7267.50536499999,5.3702295611928195
31.055901,135293.193137,31.055901,141968.625,6675.431863000005,4.93404857126874
30.959752,135227.320283,30.959752,141883.078125,6655.757841999992,4.92190322789138
30.864198,135188.503333,30.864198,141417.03125,6228.527916999999,4.607291125679319
30.769231,134924.679523,30.769231,141080.78125,6156.101727000001,4.562620973986156
30.674847,134697.851011,30.674847,140842.546875,6144.695864000008,4.561836597896582
30.58104,134309.285308,30.58104,140375.59375,6066.308442000009,4.516670927172803
30.487805,134251.011898,30.487805,139916.71875,5665.706852000003,4.220234001889418
30.395137,134145.872988,30.395137,139745.140625,5599.267637000012,4.174014088007683
30.30303,133964.413917,30.30303,139726.96875,5762.554833000002,4.301556409279179
30.21148,133690.006524,30.21148,139556.359375,5866.352851000003,4.3880264527826744
30.120482,133595.6157,30.120482,139476.40625,5880.790550000005,4.40193379040657
30.03003,132640.676235,30.03003,139409.3125,6768.636265000008,5.102986849228656
29.94012,131752.847736,29.94012,138993.78125,7240.933514000004,5.49584592547786
29.850746,130853.000997,29.850746,138144.0,7290.999003000004,5.571900489440942
29.761905,130766.213162,29.761905,137907.359375,7141.146213,5.461002532934999
29.673591,129832.945401,29.673591,137326.40625,7493.4608489999955,5.7716173855994795
29.585799,129552.83896,29.585799,137114.515625,7561.676665000006,5.836751032013051
29.498525,129460.866939,29.498525,136627.953125,7167.086186,5.5361024187927175
29.411765,128960.422701,29.411765,136405.546875,7445.124173999997,5.773185306054572
29.325513,128804.070693,29.325513,136337.25,7533.1793069999985,5.848556855749589
29.239766,127947.886072,29.239766,136191.671875,8243.785803000006,6.443080894952019
29.154519,127853.270682,29.154519,134719.53125,6866.260567999998,5.37042230626852
29.069767,127328.73419,29.069767,134068.25,6739.515809999997,5.2930046409974425
28.985507,127156.527759,28.985507,133463.4375,6306.909740999996,4.959957504465279
28.901734,126948.788339,28.901734,132281.25,5332.461660999994,4.200482518005889
28.818444,126550.709044,28.818444,131386.78125,4836.072205999997,3.8214501068647184
28.735632,126379.294089,28.735632,131376.9375,4997.643410999997,3.9544796060346012
28.653295,126209.344404,28.653295,131193.359375,4984.014970999997,3.9490063073666017
28.571429,125756.883595,28.571429,131190.6875,5433.803904999993,4.320879899107199
28.490028,125192.323898,28.490028,131175.5,5983.176101999998,4.779187665591038
28.409091,125127.903095,28.409091,131049.585938,5921.682843000002,4.732503859274397
28.328612,125073.124587,28.328612,131031.851562,5958.726974999998,4.764194541933866
28.248588,124640.605322,28.248588,130777.726562,6137.121239999993,4.923853846942722
28.169014,123654.880232,28.169014,130529.328125,6874.447893000004,5.559382597841862
28.089888,123438.267363,28.089888,130295.015625,6856.748261999994,5.554799503006691
28.011204,123256.306377,28.011204,129661.835938,6405.529561000003,5.196918315406614
27.932961,122520.016518,27.932961,129199.1875,6679.170981999996,5.451493700230384
27.855153,122516.442725,27.855153,128984.460938,6468.018213000003,5.2793062458710915
27.777778,122423.886404,27.777778,128938.046875,6514.160470999996,5.3209881358472835
27.700831,122233.405643,27.700831,128529.421875,6296.0162319999945,5.150814704769335
27.624309,122168.022031,27.624309,128453.953125,6285.931094,5.145316253384991
27.548209,122126.891784,27.548209,128251.773438,6124.881653999997,5.0151785282743315
27.472527,121439.275608,27.472527,128108.664062,6669.388454,5.491953423312947
27.39726,121196.406534,27.39726,127432.578125,6236.171591000006,5.145508657676689
27.322404,120956.361362,27.322404,127353.5,6397.138638000004,5.288798841141189
27.247956,120934.01659,27.247956,127318.140625,6384.124035000001,5.27901430467158
27.173913,120882.773311,27.173913,127114.765625,6231.992314000003,5.15540150453589
27.100271,120735.900548,27.100271,126998.4375,6262.536951999995,5.186971665904996
27.027027,120596.164071,27.027027,126917.546875,6321.3828039999935,5.241777674021481
26.954178,120514.306831,26.954178,126557.179688,6042.872857000009,5.014236911700508
26.88172,120137.622102,26.88172,126095.265625,5957.643523000006,4.95901568448043
26.809651,120099.471118,26.809651,125937.757812,5838.286693999995,4.861209328943478
26.737968,119879.60728,26.737968,125932.40625,6052.7989700000035,5.049064730302813
26.666667,119567.517436,26.666667,125546.078125,5978.560689000005,5.0001545714120095
26.595745,119461.940734,26.595745,124862.328125,5400.387390999997,4.520592380986654
26.525199,118853.953439,26.525199,124803.03125,5949.077810999996,5.005368049497209
26.455026,118784.558915,26.455026,124104.382812,5319.823896999995,4.478548344660488
26.385224,118729.776138,26.385224,123865.125,5135.348861999999,4.325240920214628
26.315789,118627.300429,26.315789,123829.304688,5202.0042590000085,4.3851661802870385
26.246719,118583.32443,26.246719,123463.132812,4879.808382000003,4.115088192590321
26.17801,118205.656513,26.17801,123424.40625,5218.749737000006,4.414974622154447
26.109661,118197.568092,26.109661,122828.992188,4631.4240960000025,3.918375116140374
26.041667,117778.266034,26.041667,122402.609375,4624.343341,3.926312974980506
25.974026,117748.470346,25.974026,122187.429688,4438.959342000002,3.7698658241217626
25.906736,117556.452178,25.906736,122125.914062,4569.461883999989,3.8870362275658543
25.839793,117475.39492,25.839793,121688.6875,4213.292579999994,3.586531956644384
25.773196,117393.745269,25.773196,121330.148438,3936.4031689999974,3.3531626067300175
25.706941,117134.114929,25.706941,121289.65625,4155.541320999997,3.5476780812480193
25.641026,116832.122697,25.641026,120604.125,3772.002303000001,3.228566096314587
25.575448,116709.169284,25.575448,120387.453125,3678.2838409999968,3.1516665430539255
25.510204,116596.456994,25.510204,120379.359375,3782.902381000007,3.2444402501824507
25.445293,116595.37219,25.445293,120045.953125,3450.5809350000054,2.959449307625222
25.380711,116540.948499,25.380711,119807.015625,3266.0671259999945,2.802506044498187
25.316456,115871.068235,25.316456,119659.695312,3788.6270769999974,3.269692024687493
25.252525,115845.805243,25.252525,119631.328125,3785.5228820000048,3.2677254684012356
25.188917,115807.34946,25.188917,119532.984375,3725.6349150000024,3.2170971293033883
25.125628,115609.180452,25.125628,119489.492188,3880.3117360000033,3.356404500774986
25.062657,115603.724478,25.062657,119196.507812,3592.7833339999925,3.1078439299624105
25.0,115555.578084,25.0,119088.78125,3533.2031660000066,3.0575790667860625
24.937656,115235.32868,24.937656,118848.429688,3613.101007999998,3.1354108582736053
24.875622,115078.150302,24.875622,118737.46875,3659.3184480000054,3.1798551144564304
24.813896,115074.324568,24.813896,118719.140625,3644.8160570000036,3.167358201478037
24.752475,115014.492209,24.752475,118671.335938,3656.843729,3.17946343870729
24.691358,114424.451823,24.691358,118550.640625,4126.188802000004,3.6060376399116953
24.630542,113980.744927,24.630542,118250.335938,4269.591010999997,3.7458879688270987
24.570025,113226.889772,24.570025,117714.382812,4487.493040000001,3.963275021539732
24.509804,112852.289417,24.509804,117649.53125,4797.241832999993,4.250903422325555
24.449878,112493.668855,24.449878,117550.140625,5056.471770000004,4.4948945318136975
24.390244,112009.315247,24.390244,117215.507812,5206.19256499999,4.6479996360297635
24.3309,111121.985779,24.3309,117099.695312,5977.709533000001,5.379412085821164
24.271845,110113.535588,24.271845,116577.289062,6463.753473999997,5.870080766623215
24.213075,109508.819128,24.213075,116283.328125,6774.508996999997,6.186267965396992
24.154589,109448.354088,24.154589,115715.046875,6266.692787000007,5.725707653823085
24.096386,109288.956838,24.096386,115321.617188,6032.660350000006,5.519917587778124
24.038462,109191.963229,24.038462,114667.984375,5476.021145999999,5.015040470071553
23.980815,109139.954104,23.980815,114618.664062,5478.709957999992,5.019893954490124
23.923445,108867.353121,23.923445,114583.46875,5716.115629000007,5.25053238195923
23.866348,108786.911629,23.866348,114439.554688,5652.643059000009,5.196069062312777
23.809524,108740.454339,23.809524,113194.914062,4454.459722999993,4.096414485370042
23.752969,108247.796486,23.752969,113173.351562,4925.55507599999,4.5502589760679575
23.696682,108039.59791,23.696682,112900.109375,4860.511465000003,4.498824096928743
23.640662,108010.67775,23.640662,112893.445312,4882.767561999994,4.520634129619646
23.584906,107760.169182,23.584906,112545.476562,4785.307379999998,4.4407014357205785
23.529412,107742.154759,23.529412,112205.585938,4463.4311790000065,4.142697154130532
23.474178,107601.260026,23.474178,112157.921875,4556.661848999996,4.234766254501999
23.419204,107469.355879,23.419204,112134.132812,4664.776933000001,4.3405647078150205
23.364486,107452.43638,23.364486,112028.5625,4576.126120000001,4.258745798761385
23.310023,107302.204231,23.310023,111797.226562,4495.022331,4.18912394504322
23.255814,107276.026818,23.255814,111616.132812,4340.105993999998,4.045737079136273
23.201856,107098.401995,23.201856,111574.632812,4476.230817000003,4.179549585818266
23.148148,106970.493917,23.148148,111381.328125,4410.834208,4.123412023714159
23.094688,106821.304347,23.094688,111323.78125,4502.4769030000025,4.214961547720936
23.041475,106612.177042,23.041475,111135.289062,4523.1120200000005,4.242584801751225
22.988506,106483.721259,22.988506,111042.015625,4558.294366000002,4.280742926811205
22.93578,106445.979844,22.93578,110933.09375,4487.113905999999,4.21539067288028
22.883295,106403.805315,22.883295,110805.101562,4401.296246999991,4.136408687612538
22.83105,106233.191577,22.83105,110287.96875,4054.777172999995,3.8168646849520744
22.779043,106203.579888,22.779043,110154.375,3950.795112000007,3.720020658594023
22.727273,106157.034689,22.727273,109850.132812,3693.0981230000034,3.478900982699249
22.675737,106075.375891,22.675737,109579.632812,3504.256920999993,3.3035536207770466
22.624434,105968.635268,22.624434,109477.03125,3508.395982000002,3.310787171248448
22.573363,105853.675074,22.573363,109354.414062,3500.7389879999973,3.307149218534649
22.522523,105648.539491,22.522523,109228.929688,3580.3901970000006,3.388963268446325
22.47191,105569.784069,22.47191,109037.421875,3467.637805999999,3.2846877888218127
22.421525,105417.718756,22.421525,108807.0625,3389.343743999998,3.2151556531449685
22.371365,105116.342423,22.371365,108762.492188,3646.149765000009,3.4686802079999057
22.321429,105013.337076,22.321429,108695.859375,3682.522299000004,3.506718671681577
22.271715,104932.562594,22.271715,108216.773438,3284.210844000001,3.129830019216352
22.222222,104715.892196,22.222222,108035.53125,3319.6390539999993,3.1701387290732597
22.172949,104569.045374,22.172949,107791.765625,3222.720251000006,3.081906542680653
22.123894,104021.997915,22.123894,107302.125,3280.127085,3.153301369658662
22.075055,103657.465316,22.075055,107134.664062,3477.1987459999946,3.3545087518778764
22.026432,103609.526211,22.026432,107101.351562,3491.825350999992,3.3701778964695936
21.978022,103420.375861,21.978022,107027.8125,3607.436639000007,3.488129499595425
21.929825,103113.152904,21.929825,107005.726562,3892.573657999994,3.7750505618076113
21.881838,102482.298295,21.881838,106972.625,4490.3267049999995,4.381563235510574
21.834061,102182.8577,21.834061,106829.46875,4646.611050000007,4.547348894510324
21.786492,101793.703285,21.786492,106784.421875,4990.718590000004,4.902777312293167
21.73913,101707.9793,21.73913,106767.890625,5059.911324999994,4.974940373237749
21.691974,101653.267865,21.691974,106740.679688,5087.411823000002,5.004671202264062
21.645022,101629.378992,21.645022,106664.875,5035.496008000002,4.9547641222882834
21.598272,101367.893907,21.598272,106637.734375,5269.840467999995,5.1987273927529865
21.551724,101337.456145,21.551724,106633.515625,5296.059479999996,5.226161857094637
21.505376,101053.856463,21.505376,106144.640625,5090.784161999996,5.037694097170792
21.459227,100777.596296,21.459227,106000.890625,5223.294328999997,5.182991578463869
21.413276,100547.382514,21.413276,105948.3125,5400.929986000003,5.371527185452082
21.367521,100514.150356,21.367521,105467.625,4953.474644000002,4.928136612064904
21.321962,100425.691251,21.321962,105422.96875,4997.277499000003,4.976094699223933
21.276596,100382.72938,21.276596,105301.25,4918.520619999996,4.899767769195513
21.231423,100257.620528,21.231423,105267.992188,5010.371660000004,4.99749708163152
21.186441,100237.037443,21.186441,104520.242188,4283.20474500001,4.273075955018786
21.141649,99966.619076,21.141649,104471.046875,4504.427798999997,4.5059319207099415
21.097046,99924.086019,21.097046,104465.53125,4541.445231000005,4.544895442062362
21.052632,99680.690683,21.052632,104448.453125,4767.762442000007,4.783035118769621
21.008403,99516.38639,21.008403,104325.453125,4809.066735,4.832437058308665
20.964361,99392.15601,20.964361,103803.03125,4410.875239999994,4.437850447228661
20.920502,99323.673846,20.920502,103753.03125,4429.357403999995,4.459518292554958
20.876827,98927.968943,20.876827,103682.25,4754.281057,4.805800733399577
20.833333,98797.044936,20.833333,103681.421875,4884.376938999994,4.943849223591715
20.790021,98712.636965,20.790021,103442.140625,4729.503660000002,4.791183586430698
20.746888,98490.436044,20.746888,103311.46875,4821.032705999998,4.894924725326864
20.703934,98454.563724,20.703934,103240.640625,4786.076900999993,4.861203706530979
20.661157,98366.759753,20.661157,102908.3125,4541.552746999994,4.616958775915647
20.618557,98364.855235,20.618557,102893.25,4528.394765000005,4.603671457840686
20.576132,98320.743189,20.576132,102826.15625,4505.413060999999,4.582362698723029
20.533881,98269.879697,20.533881,102346.867188,4076.987491000007,4.148766136247209
20.491803,97597.732527,20.491803,102262.0625,4664.329973,4.7791376420652325
20.449898,97544.469329,20.449898,102171.9375,4627.468171,4.743957502492919
20.408163,97490.573427,20.408163,102128.90625,4638.332823000004,4.7577244239650955
20.366599,97295.187613,20.366599,101875.0,4579.812386999998,4.70713146185256
20.325203,97034.530813,20.325203,101873.4375,4838.906686999995,4.986788359213371
20.283976,96952.867026,20.283976,101715.90625,4763.039223999993,4.912736848434488
20.242915,96846.043639,20.242915,101068.429688,4222.386049000008,4.35989524232836
20.20202,96411.779971,20.20202,100951.8125,4540.032529000004,4.7090018775357265
20.16129,96375.072706,20.16129,100942.921875,4567.849168999994,4.739658337726591
20.120724,96312.247772,20.120724,100349.375,4037.1272279999976,4.191706996141435
20.080321,96308.122689,20.080321,100167.835938,3859.7132490000076,4.007671566253935
20.04008,96172.73656,20.04008,99962.132812,3789.3962519999914,3.9401980098963625
20.0,96165.429309,20.0,99960.375,3794.945691000001,3.9462681321850415
19.96008,96122.660901,19.96008,99854.632812,3731.9719110000005,3.882509988819063
19.920319,96076.468732,19.920319,99835.96875,3759.500018000006,3.9130289316595555
19.880716,96058.371106,19.880716,99785.03125,3726.660143999994,3.8795787406051683
19.84127,95993.849719,19.84127,99782.226562,3788.376842999991,3.946478710969084
19.80198,95966.562452,19.80198,99693.195312,3726.632859999998,3.8832617995085146
19.762846,95931.842929,19.762846,99565.734375,3633.891445999994,3.7879929490038764
19.723866,95802.615368,19.723866,99552.242188,3749.626820000005,3.9139086188793715
19.685039,95741.502009,19.685039,99427.382812,3685.8808029999927,3.8498255465571325
19.646365,95739.456302,19.646365,99406.148438,3666.692135999998,3.8298652171512284
19.607843,95677.830601,19.607843,99229.96875,3552.138149000006,3.712603146086466
19.569472,95664.733347,19.569472,99224.0625,3559.3291529999988,3.7206283114692
19.53125,95444.774651,19.53125,99215.476562,3770.7019109999965,3.9506635379336505
19.493177,95432.770703,19.493177,99058.171875,3625.401171999998,3.7989059159591507
19.455253,95366.610251,19.455253,99024.679688,3658.0694369999983,3.835796855285249
19.417476,95332.820582,19.417476,98835.671875,3502.8512929999997,3.674339300584358
19.379845,95068.673917,19.379845,98698.390625,3629.716708000007,3.8179944648948645
19.34236,94983.652403,19.34236,98670.804688,3687.1522850000038,3.8818809255260303
19.305019,94865.186994,19.305019,98660.84375,3795.6567559999967,4.001106070913098
19.267823,94847.382934,19.267823,98642.617188,3795.23425400001,4.001411674838663
19.230769,94811.299904,19.230769,98616.546875,3805.2469710000005,4.01349520031152
19.193858,94707.911292,19.193858,98460.601562,3752.690269999992,3.962383098524719
19.157088,94522.712845,19.157088,98289.953125,3767.240279999998,3.985539736018352
19.120459,93840.875935,19.120459,98270.039062,4429.1631269999925,4.719865498770392
19.083969,93699.582355,19.083969,98121.046875,4421.464519999994,4.7187665183483665
19.047619,93565.267655,19.047619,98080.054688,4514.7870330000005,4.825280946822296
19.011407,93415.611814,19.011407,97748.84375,4333.2319359999965,4.638659268889554
18.975332,93410.886643,18.975332,97671.953125,4261.066481999995,4.561637979398528
18.939394,93328.463618,18.939394,97454.265625,4125.802007000006,4.420732804396315
18.903592,93158.161404,18.903592,97371.765625,4213.604221000001,4.5230650299406605
18.867925,93090.953203,18.867925,97311.78125,4220.828047000003,4.534090480087576
18.832392,92929.280838,18.832392,97244.179688,4314.898849999998,4.643206975336431
18.796992,92871.394095,18.796992,97216.429688,4345.035593000008,4.67855106014171
18.761726,92730.473413,18.761726,97122.601562,4392.1281489999965,4.7364452993122095
18.726592,92726.502463,18.726592,96960.679688,4234.177225000007,4.566307487645768
18.691589,92513.380073,18.691589,96829.78125,4316.401177000007,4.665704759240278
18.656716,92420.181424,18.656716,96735.429688,4315.248264000009,4.669162294978367
18.621974,92346.763782,18.621974,96493.15625,4146.3924680000055,4.490024661598602
18.587361,92337.079128,18.587361,96435.007812,4097.928683999999,4.438009868515926
18.552876,92260.344623,18.552876,96232.5,3972.1553770000028,4.305376695948051
18.518519,92202.921119,18.518519,96195.570312,3992.64919299999,4.330284924321378
18.484288,92001.442897,18.484288,96148.96875,4147.525852999999,4.508109571328519
18.450185,91897.317233,18.450185,96126.21875,4228.901517000006,4.601768195558839
18.416206,91895.426434,18.416206,95955.25,4059.8235660000064,4.417873362735635
18.382353,91863.408917,18.382353,95758.0625,3894.6535830000066,4.2396136055857525
18.348624,91710.383686,18.348624,95735.5,4025.116313999999,4.388942835286001
18.315018,91658.042543,18.315018,95680.945312,4022.902768999993,4.38903412879749
18.281536,91543.539964,18.281536,95613.828125,4070.288161000004,4.44628661137713
18.248175,91426.467099,18.248175,95598.007812,4171.540712999995,4.562727671061482
18.214936,91244.393331,18.214936,95591.65625,4347.262919000001,4.764416486643494
18.181818,91164.869655,18.181818,95459.578125,4294.708469999998,4.71092481813739
18.14882,90958.336639,18.14882,95431.367188,4473.030549000003,4.917669687334753
18.115942,90904.944514,18.115942,95201.0625,4296.1179859999975,4.725945336601976
18.083183,90425.243602,18.083183,95084.03125,4658.787647999998,5.152087472946499
18.050542,90179.090291,18.050542,94992.453125,4813.362834,5.337559758551234
18.018018,90169.635927,18.018018,94811.148438,4641.512511000008,5.1475338269722055
17.985612,90103.649267,17.985612,94590.421875,4486.772607999999,4.979568135697314
17.953321,90095.771711,17.953321,94565.335938,4469.56422700001,4.960903427673633
17.921147,90049.924292,17.921147,94439.140625,4389.216333000004,4.874203246154134
17.889088,89904.193448,17.889088,94352.90625,4448.712801999995,4.948281755703754
17.857143,89891.946049,17.857143,94156.539062,4264.593012999991,4.74413248398846
17.825312,89848.605196,17.825312,94145.21875,4296.613553999996,4.782059270288236
17.793594,89814.491886,17.793594,94050.515625,4236.023738999997,4.7164145229221015
17.761989,89669.458049,17.761989,93818.328125,4148.8700760000065,4.62684861297238
17.730496,89627.30266,17.730496,93804.46875,4177.166089999999,4.660595561874738
17.699115,89520.257598,17.699115,93761.179688,4240.922090000007,4.737388166424082
17.667845,89416.734651,17.667845,93739.570312,4322.83566099999,4.8344816860874325
17.636684,89254.355321,17.636684,93725.96875,4471.6134290000045,5.009966642992392
17.605634,89231.375861,17.605634,93720.085938,4488.710077000011,5.030416749364361
17.574692,89073.872268,17.574692,93653.390625,4579.518356999994,5.141258867944373
17.54386,88977.194409,17.54386,93484.5,4507.305590999997,5.065686349112492
17.513135,88727.529331,17.513135,93392.40625,4664.876919000002,5.257530502847178
17.482517,88542.974522,17.482517,93348.320312,4805.345789999992,5.427133904120222
17.452007,88455.846191,17.452007,93300.351562,4844.505370999992,5.476749790555844
17.421603,88362.62803,17.421603,93281.4375,4918.809469999993,5.5666174486458315
17.391304,88350.604784,17.391304,93268.4375,4917.832716000004,5.566269442097365
17.361111,88345.545781,17.361111,93208.71875,4863.172969000007,5.504717782892348
17.331023,88267.368478,17.331023,93109.28125,4841.912771999996,5.485507108107349
17.301038,88210.507189,17.301038,93031.179688,4820.6724990000075,5.464964041835998
17.271157,88147.917074,17.271157,92991.015625,4843.098551000003,5.494285868302743
17.241379,88026.973772,17.241379,92990.414062,4963.440289999999,5.638544729318857
17.211704,87873.881267,17.211704,92750.25,4876.368732999996,5.549281154639585
17.182131,87553.251537,17.182131,92724.148438,5170.896901,5.906002130388932
17.152659,87543.909287,17.152659,92595.015625,5051.106337999998,5.7697975554652
17.123288,87346.840928,17.123288,92557.398438,5210.557509999999,5.965364579464369
17.094017,87315.405448,17.094017,92479.46875,5164.063301999995,5.914263669170513
17.064846,87172.367885,17.064846,92464.414062,5292.0461769999965,6.070784017225961
17.035775,87113.34346,17.035775,92336.359375,5223.015914999996,5.9956554387081455
17.006803,87074.444467,17.006803,92328.304688,5253.86022100001,6.033756807935938
16.977929,86977.686903,16.977929,92131.40625,5153.719347000006,5.925335026151686
16.949153,86958.565022,16.949153,92061.617188,5103.052166000009,5.868372097341955
16.920474,86893.166743,16.920474,92047.640625,5154.473882000006,5.931966891303618
16.891892,86876.1047,16.891892,91997.648438,5121.543738000008,5.895227180921255
16.863406,86793.368754,16.863406,91957.210938,5163.842184000008,5.949581469335496
16.835017,86647.669049,16.835017,91939.554688,5291.885639,6.107360644643993
16.806723,86629.581064,16.806723,91936.84375,5307.262686000002,6.12638618450563
16.778523,86335.123971,16.778523,91634.34375,5299.219779000006,6.137965100716154
16.750419,86259.865097,16.750419,91623.132812,5363.2677149999945,6.217570255841406
16.722408,86259.862542,16.722408,91566.671875,5306.809332999997,6.152118930651098
16.694491,86233.259192,16.694491,91369.546875,5136.287683000002,5.95627224475415
16.666667,86209.23552,16.666667,91285.070312,5075.834791999994,5.887808610508364
16.638935,86205.576818,16.638935,91264.71875,5059.141931999999,5.86869448444272
16.611296,86198.346091,16.611296,91025.625,4827.278909000001,5.600198992105741
16.583748,86084.617057,16.583748,91006.765625,4922.148568000004,5.717802711186897
16.556291,86044.856729,16.556291,90996.703125,4951.846395999994,5.754959197149845
16.528926,85996.274363,16.528926,90836.90625,4840.631886999996,5.6288855800509925
16.50165,85925.302549,16.50165,90783.601562,4858.299012999996,5.654095905253856
16.474465,85589.170779,16.474465,90772.046875,5182.876096000007,6.055527876748244
16.447368,85357.445826,16.447368,90726.664062,5369.218236000001,6.290275188113149
16.420361,85274.240995,16.420361,90720.953125,5446.71213,6.387288900430511
16.393443,85242.643467,16.393443,90559.84375,5317.200282999998,6.237723358565771
16.366612,85125.919446,16.366612,90414.046875,5288.127429,6.212123714392943
16.339869,84804.724577,16.339869,90189.28125,5384.556672999999,6.349359307347307
16.313214,84631.42843,16.313214,90140.40625,5508.97782,6.509375916485402
16.286645,84560.528487,16.286645,89836.539062,5276.010574999993,6.239330180878784
16.260163,84526.85638,16.260163,89574.40625,5047.549870000003,5.971533884222754
16.233766,84371.981439,16.233766,89552.148438,5180.166999000008,6.139676834240537
16.207455,84314.905479,16.207455,89532.335938,5217.43045900001,6.1880285927610945
16.18123,84215.953885,16.18123,89528.617188,5312.663303000008,6.3083810821102215
16.155089,84190.074111,16.155089,89482.382812,5292.308701000002,6.286143297631955
16.129032,84154.600325,16.129032,89226.265625,5071.665299999993,6.026604939496506
16.10306,84104.715976,16.10306,88756.257812,4651.541835999989,5.5306551862410975
16.07717,84059.701384,16.07717,88633.117188,4573.415804000004,5.440675768175536
16.051364,84045.375868,16.051364,88595.898438,4550.522570000001,5.414363994453378
16.025641,84040.366495,16.025641,88592.726562,4552.360067000001,5.416873172811361
16.0,83524.045761,16.0,88459.390625,4935.344863999999,5.908891049317999
15.974441,83457.789719,15.974441,88405.9375,4948.147781000007,5.928922629823147
15.948963,83235.174445,15.948963,88323.828125,5088.653680000003,6.113585649252739
15.923567,83018.738823,15.923567,88283.507812,5264.768988999989,6.341663416767548
15.898251,83013.105601,15.898251,88177.359375,5164.253773999997,6.221010208703464
15.873016,82986.536169,15.873016,88112.53125,5125.995081000001,6.176899672690327
15.847861,82889.727676,15.847861,88067.820312,5178.092636000001,6.246965433690613
15.822785,82886.895671,15.822785,87786.0625,4899.166828999994,5.910665117012082
15.797788,82804.784458,15.797788,87758.460938,4953.676480000009,5.982355382511259
15.772871,82659.131011,15.772871,87741.382812,5082.251800999991,6.148445717780001
15.748031,82638.174594,15.748031,87708.664062,5070.489468,6.135771382791588
15.72327,82628.011817,15.72327,87704.03125,5076.019432999994,6.143218651130181
15.698587,82621.130255,15.698587,87604.476562,4983.346307,6.031563949342634
15.673981,82542.979082,15.673981,87527.679688,4984.7006059999985,6.038915315920555
15.649452,82445.150134,15.649452,87523.09375,5077.943616000004,6.159178081120242
15.625,82414.344111,15.625,87477.234375,5062.8902640000015,6.1432148961605915
15.600624,82321.084744,15.600624,87459.671875,5138.587130999993,6.242127575189077
15.576324,82035.829754,15.576324,87360.375,5324.545245999994,6.490511843381913
15.5521,82017.899185,15.5521,87334.203125,5316.303939999998,6.481882604684272
15.52795,81950.318274,15.52795,87320.6875,5370.369225999995,6.553201182262922
15.503876,81895.63391,15.503876,87188.640625,5293.006714999996,6.463112210373506
15.479876,81849.079396,15.479876,87157.242188,5308.162792000003,6.485305431864656
15.455951,81789.079821,15.455951,87073.75,5284.670178999993,6.461339570717498
15.432099,81766.033142,15.432099,87061.140625,5295.107483,6.475925613028316
15.40832,81721.697262,15.40832,86986.65625,5264.9589879999985,6.442547284744374
15.384615,81682.708574,15.384615,86873.351562,5190.642987999992,6.354641121257086
15.360983,81670.410202,15.360983,86825.476562,5155.066359999997,6.31203681633248
15.337423,81656.939048,15.337423,86619.53125,4962.592202,6.077367410359166
15.313936,81550.398093,15.313936,86510.90625,4960.508157000004,6.082751614949868
15.29052,81425.962546,15.29052,86409.8125,4983.849954000005,6.120713588352704
15.267176,81415.119453,15.267176,86306.710938,4891.591484999997,6.008210167675128
15.243902,81327.219333,15.243902,86274.460938,4947.241605000003,6.083131386483504
15.2207,81207.882345,15.2207,86173.351562,4965.469216999991,6.114516317399965
15.197568,81069.44733,15.197568,86121.28125,5051.833920000005,6.231489280340212
15.174507,81037.7838,15.174507,86029.71875,4991.934949999995,6.160009215355658
15.151515,81026.023251,15.151515,86014.9375,4988.914248999994,6.1571752491733225
15.128593,80960.326734,15.128593,86006.960938,5046.634204000002,6.233465707939915
15.10574,80922.287969,15.10574,85939.726562,5017.438592999999,6.200317266019589
15.082956,80917.445263,15.082956,85877.523438,4960.078175000002,6.1298007603658595
15.060241,80816.411627,15.060241,85871.40625,5054.994623000006,6.254911002892364
15.037594,80760.35712,15.037594,85527.664062,4767.306941999996,5.903028555107008
15.015015,80754.50849,15.015015,85357.492188,4602.983698000011,5.69997116454496
14.992504,80518.867045,14.992504,85353.828125,4834.961079999994,6.004755478362423
14.97006,80375.270891,14.97006,85343.390625,4968.119734000007,6.181154575189509
14.947683,80188.441494,14.947683,85276.148438,5087.706944000005,6.344688647403986
14.925373,80165.443073,14.925373,85197.53125,5032.088176999998,6.277128877610886
14.90313,80066.153867,14.90313,85120.976562,5054.822694999995,6.313307747236985
14.880952,80065.693258,14.880952,85115.945312,5050.252053999997,6.30763545345982
14.858841,79851.883275,14.858841,85101.9375,5250.054225,6.574740644399661
14.836795,79783.331082,14.836795,85068.851562,5285.520479999992,6.624843069748016
14.814815,79750.650106,14.814815,85004.890625,5254.240518999999,6.588335658726748
14.792899,79615.746298,14.792899,84980.859375,5365.113077000002,6.7387587587491815
14.771049,79564.519225,14.771049,84835.90625,5271.387025000004,6.625298658681117
14.749263,79485.813401,14.749263,84791.96875,5306.155348999993,6.675600490153928
14.727541,79323.485822,14.727541,84717.820312,5394.334489999994,6.800425415122012
14.705882,79184.058432,14.705882,84360.5625,5176.504067999995,6.537305829613876
14.684288,79157.826908,14.684288,84130.921875,4973.094966999997,6.282505674113442
14.662757,79105.217177,14.662757,84072.71875,4967.501573000001,6.279613090354188
14.641288,79091.33969,14.641288,83977.609375,4886.269685000007,6.178008495180172
14.619883,79054.753244,14.619883,83960.421875,4905.668630999993,6.205406290825804
14.59854,78702.522785,14.59854,83843.804688,5141.28190300001,6.532550318679102
14.577259,78580.081878,14.577259,83828.460938,5248.379060000007,6.679019586857152
14.556041,78573.932957,14.556041,83723.664062,5149.731104999999,6.553994322542334
14.534884,78502.344833,14.534884,83661.578125,5159.233292000004,6.572075398480607
14.513788,78463.429971,14.513788,83604.601562,5141.171590999991,6.552315636596771
14.492754,78399.478362,14.492754,83591.390625,5191.912263000006,6.622381132470023
14.47178,78271.829247,14.47178,83535.148438,5263.319191000002,6.724410610605136
14.450867,78118.664204,14.450867,83441.164062,5322.499857999996,6.813352368776758
14.430014,78094.200631,14.430014,83434.3125,5340.111869,6.838038965572315
14.409222,77986.362297,14.409222,83346.453125,5360.090828,6.873113029156117
14.388489,77919.822995,14.388489,83083.953125,5164.130130000005,6.6274921213968625
14.367816,77899.066904,14.367816,83038.703125,5139.636220999993,6.597814871561806
14.347202,77821.871162,14.347202,83012.554688,5190.683526000008,6.66995466505127
14.326648,77356.684488,14.326648,82908.25,5551.565512000001,7.176581505197771
14.306152,77334.33358,14.306152,82874.351562,5540.01798199999,7.1637236988264865
14.285714,77204.847178,14.285714,82812.867188,5608.0200100000075,7.263818548944744
14.265335,77098.049948,14.265335,82800.546875,5702.496927,7.396421739390477
14.245014,77032.422725,14.245014,82543.984375,5511.561650000003,7.154859544890425
14.224751,76978.102696,14.224751,82432.1875,5454.084803999998,7.085241923328682
14.204545,76946.089816,14.204545,82095.140625,5149.050808999993,6.691764092643095
14.184397,76907.272798,14.184397,82089.703125,5182.430326999995,6.738543883374792
14.164306,76888.270603,14.164306,82026.195312,5137.924708999999,6.6823257548980814
14.144272,76786.554691,14.144272,81962.515625,5175.960934000002,6.740712556812587
14.124294,76783.010418,14.124294,81823.6875,5040.677081999995,6.564833879993749
14.104372,76706.416607,14.104372,81821.671875,5115.2552679999935,6.668614562204943
14.084507,76702.649527,14.084507,81667.5,4964.850472999999,6.472853941313107
14.064698,76626.40608,14.064698,81543.710938,4917.304858000003,6.417245841944102
14.044944,76530.372677,14.044944,81484.367188,4953.994510999997,6.473239757904435
14.025245,76510.76117,14.025245,81170.21875,4659.457580000002,6.089937557472613
14.005602,76494.108377,14.005602,81056.75,4562.641623000003,5.964696784898906
13.986014,76439.015052,13.986014,81048.109375,4609.0943229999975,6.029766762254221
13.96648,76233.713696,13.96648,81004.640625,4770.926928999994,6.258290063140824
13.947001,76177.152269,13.947001,80911.414062,4734.261792999998,6.214805426543344
13.927577,76055.881251,13.927577,80910.53125,4854.649999000001,6.383004074305129
13.908206,75947.771655,13.908206,80431.359375,4483.587719999996,5.903514510428457
13.888889,75899.320443,13.888889,80355.554688,4456.234245,5.871243930763001
13.869626,75821.528973,13.869626,80235.117188,4413.588215000011,5.8210224388533325
13.850416,75806.054778,13.850416,80157.132812,4351.078033999991,5.739750006437132
13.831259,75748.413651,13.831259,80118.578125,4370.164474000005,5.76931484550279
13.812155,75677.869879,13.812155,80072.25,4394.380120999995,5.806691081588436
13.793103,75525.668669,13.793103,80027.96875,4502.300080999994,5.9612846338797025
13.774105,75490.857003,13.774105,80007.59375,4516.736747000003,5.983157333636454
13.755158,75301.35721,13.755158,79904.101562,4602.744351999994,6.1124321294288055
13.736264,75279.585953,13.736264,79798.875,4519.289046999998,6.003339404419105
13.717421,75208.296348,13.717421,79731.96875,4523.6724019999965,6.0148582292946635
13.69863,75204.750516,13.69863,79712.15625,4507.405734,5.993511983050909
13.679891,75052.468067,13.679891,79618.78125,4566.313183000006,6.084161254928509
13.661202,75016.333159,13.661202,79391.0,4374.666840999998,5.831619137831923
13.642565,74988.444267,13.642565,79328.710938,4340.266671000005,5.787914009185568
13.623978,74870.643923,13.623978,79205.164062,4334.520139,5.789345345363659
13.605442,74558.224854,13.605442,79076.148438,4517.923584000004,6.059591135447507
13.586957,74477.602777,13.586957,79069.382812,4591.780035000003,6.165316637202543
13.568521,74445.442883,13.568521,79002.992188,4557.549305000008,6.121999048568691
13.550136,74139.936127,13.550136,78989.226562,4849.290435000003,6.540726480655825
13.5318,74080.336456,13.5318,78797.539062,4717.202605999992,6.367685180266119
13.513514,73997.562851,13.513514,78692.34375,4694.780899000005,6.344507465000329
13.495277,73806.728661,13.495277,78623.367188,4816.638527000003,6.526015465504771
13.477089,73786.00315,13.477089,78578.085938,4792.082788,6.494568865938091
13.45895,73734.262318,13.45895,78506.382812,4772.1204940000025,6.472052942523347
13.44086,73694.753612,13.44086,78493.960938,4799.207326000003,6.512278134842058
13.422819,73589.420275,13.422819,78371.546875,4782.126600000003,6.49838873866574
13.404826,73575.293981,13.404826,78335.023438,4759.729457000009,6.469195295677861
13.386881,73474.46606,13.386881,78129.375,4654.908939999994,6.335410367186264
13.368984,73134.007127,13.368984,78028.59375,4894.586622999996,6.692627431859926
13.351135,72943.739572,13.351135,77958.789062,5015.04948999999,6.875229484292925
13.333333,72905.482624,13.333333,77921.132812,5015.650188,6.879661182503277
13.315579,72783.424941,13.315579,77873.921875,5090.496933999995,6.994033240571565
13.297872,72693.733626,13.297872,77778.40625,5084.672623999999,6.994650529521556
13.280212,72652.048404,13.280212,77617.789062,4965.740657999995,6.834963042455107
13.262599,72640.256088,13.262599,77506.726562,4866.470474000002,6.6994126068395445
13.245033,72620.939524,13.245033,77498.171875,4877.232350999999,6.716013842520112
13.227513,72596.782674,13.227513,77354.4375,4757.654825999998,6.553533986987438
13.21004,72476.166183,13.21004,77341.53125,4865.365067000006,6.713055233516513
13.192612,72449.375186,13.192612,77239.023438,4789.648251999999,6.611027686164977
13.175231,72402.619368,13.175231,77169.09375,4766.474382,6.5832899743219135
13.157895,72300.072181,13.157895,76986.734375,4686.662194000004,6.482237226910584
13.140604,72092.017986,13.140604,76896.484375,4804.466388999994,6.664352758072332
13.12336,72081.963355,13.12336,76823.125,4741.161645,6.577459081753948
13.10616,72076.431053,13.10616,76790.304688,4713.873635000011,6.540104117438552
13.089005,71938.984031,13.089005,76788.109375,4849.125344,6.740608599518741
13.071895,71806.43183,13.071895,76665.265625,4858.833794999999,6.766571839279203
13.05483,71694.293,13.05483,76579.46875,4885.175749999995,6.813897655703216
13.03781,71497.553126,13.03781,76455.773438,4958.220312000005,6.934811186142473
13.020833,71362.755646,13.020833,76146.773438,4784.017791999999,6.703801932385371
13.003901,71234.35455,13.003901,76052.710938,4818.356388,6.764090751489794
12.987013,71131.087683,12.987013,76015.375,4884.287316999995,6.866600070516447
12.970169,71032.871132,12.970169,76006.117188,4973.246056000004,7.001330478051841
12.953368,71026.783393,12.953368,75992.289062,4965.505668999991,6.99103272286066
12.936611,70846.92934,12.936611,75978.820312,5131.890971999994,7.243632179697788
12.919897,70828.892621,12.919897,75906.890625,5077.998003999994,7.169387824784969
12.903226,70815.719817,12.903226,75717.34375,4901.623932999995,6.921660820036333
12.886598,70786.587579,12.886598,75679.539062,4892.951482999997,6.912257887187051
12.870013,70668.888478,12.870013,75610.804688,4941.91621000001,6.9930577888436485
12.85347,70512.462377,12.85347,75584.195312,5071.732934999993,7.192675966815064
12.83697,70471.426663,12.83697,75512.21875,5040.792086999994,7.152958760300774
12.820513,70324.753052,12.820513,75319.828125,4995.075073,7.102868984561536
12.804097,70244.405985,12.804097,75216.21875,4971.812764999995,7.077877156597603
12.787724,70235.337429,12.787724,75040.40625,4805.0688209999935,6.841383549779874
12.771392,70112.124773,12.771392,75033.75,4921.625226999997,7.019649230335838
12.755102,69974.429329,12.755102,75029.132812,5054.70348299999,7.223643738820937
12.738854,69872.585577,12.738854,74972.453125,5099.867547999995,7.298810407380603
12.722646,69872.111413,12.722646,74853.171875,4981.060461999994,7.128824879153782
12.70648,69737.046571,12.70648,74789.210938,5052.164367000005,7.244591813701695
12.690355,69713.221644,12.690355,74780.195312,5066.973667999991,7.2683108720397085
12.674271,69650.032039,12.674271,74588.359375,4938.327336000002,7.090201097445044
12.658228,69606.332296,12.658228,74559.703125,4953.370829000007,7.116264663875499
12.642225,69541.359681,12.642225,74511.96875,4970.609068999998,7.147701873821805
12.626263,69522.805107,12.626263,74437.1875,4914.382393000007,7.0687343317584235
12.61034,69455.163806,12.61034,74418.914062,4963.750255999999,7.146697212988501
12.594458,69433.56331,12.594458,74253.882812,4820.3195019999985,6.942347867815339
12.578616,69423.917748,12.578616,74244.726562,4820.808813999989,6.944017235528125
12.562814,69380.757361,12.562814,74149.0625,4768.305139000004,6.872662277509732
12.547051,69271.483006,12.547051,73747.3125,4475.829494000005,6.461287242273025
12.531328,69259.472108,12.531328,73588.8125,4329.340391999998,6.250900072193772
12.515645,69137.043586,12.515645,73366.476562,4229.432975999996,6.117462877536814
12.5,69131.414323,12.5,73366.414062,4234.999738999992,6.126013449128884
12.484395,68957.183898,12.484395,73322.789062,4365.605163999993,6.330892471562503
12.468828,68879.555179,12.468828,73302.84375,4423.288570999997,6.421772846100739
12.4533,68819.666238,12.4533,73226.234375,4406.568136999995,6.403065254284581
12.437811,68770.272694,12.437811,73155.015625,4384.742931000001,6.375927794427019
12.42236,68747.021972,12.42236,73101.21875,4354.196777999998,6.333651484966753
12.406948,68675.772112,12.406948,73036.226562,4360.45444999999,6.34933443906351
12.391574,68524.961164,12.391574,72964.140625,4439.179461000007,6.478193326335159
12.376238,68448.1842,12.376238,72866.773438,4418.5892380000005,6.455378312285457
12.360939,68390.109955,12.360939,72801.046875,4410.936919999993,6.449670753420844
12.345679,68327.269083,12.345679,72798.703125,4471.4340419999935,6.544142773463337
12.330456,68312.255792,12.330456,72789.429688,4477.1738960000075,6.553983387157193
12.315271,68306.258063,12.315271,72510.101562,4203.843498999995,6.154404615639638
12.300123,68092.921711,12.300123,72485.039062,4392.1173509999935,6.450181958179177
12.285012,68041.469662,12.285012,72451.65625,4410.186587999997,6.481615711576863
12.269939,68037.034269,12.269939,72424.023438,4386.989169000008,6.447942971257451
12.254902,67997.264408,12.254902,72411.398438,4414.134030000001,6.491634727412167
12.239902,67983.652164,12.239902,72295.46875,4311.816586000001,6.342431523976401
12.224939,67880.27182,12.224939,71998.710938,4118.439118000009,6.067210704342772
12.210012,67871.294238,12.210012,71972.992188,4101.697950000002,6.043347185360625
12.195122,67843.831116,12.195122,71941.0,4097.168883999999,6.0391178042328155
12.180268,67837.275055,12.180268,71876.1875,4038.9124449999945,5.953824710272325
12.16545,67828.183295,12.16545,71874.015625,4045.8323300000047,5.964824846338242
12.150668,67815.652269,12.150668,71871.210938,4055.5586690000055,5.9802693527345
12.135922,67773.936285,12.135922,71750.796875,3976.8605899999966,5.867831806723864
12.121212,67512.986495,12.121212,71619.734375,4106.747879999995,6.082900628761461
12.106538,67425.254285,12.106538,71372.078125,3946.8238399999973,5.853628409493505
12.091898,67394.003256,12.091898,71267.164062,3873.160806,5.747040714123445
12.077295,67391.874845,12.077295,71262.34375,3870.4689050000015,5.743227820715783
12.062726,67356.619535,12.062726,71051.9375,3695.3179649999947,5.48619866987212
12.048193,67297.004311,12.048193,71031.4375,3734.433189000003,5.549181909705887
12.033694,67276.114758,12.033694,70928.125,3652.010242000004,5.428390529293657
12.019231,67253.775277,12.019231,70922.554688,3668.7794110000104,5.455127828719364
12.004802,67194.354874,12.004802,70885.492188,3691.137314000007,5.493225317694426
11.990408,67063.574656,11.990408,70819.5,3755.925344000003,5.600544503131359
11.976048,67013.0937,11.976048,70726.460938,3713.367238000006,5.5412562425841365
11.961722,66988.696896,11.961722,70525.0,3536.303104000006,5.278954910094937
11.947431,66976.848287,11.947431,70379.78125,3402.9329629999993,5.08076006864076
11.933174,66946.570428,11.933174,70352.71875,3406.1483219999936,5.087860812322348
11.918951,66882.24393,11.918951,70204.671875,3322.427945000003,4.9675784629434805
11.904762,66866.921709,11.904762,70152.03125,3285.109540999998,4.912906796123435
11.890606,66853.484332,11.890606,70143.601562,3290.117229999989,4.921384820663933
11.876485,66844.759547,11.876485,70050.726562,3205.967015000002,4.796138151631494
11.862396,66757.400971,11.862396,70006.304688,3248.9037170000083,4.866731882523948
11.848341,66674.029907,11.848341,69974.539062,3300.5091549999925,4.950216987939223
11.83432,66652.14585,11.83432,69940.1875,3288.041649999999,4.933136972663573
11.820331,66623.927221,11.820331,69903.203125,3279.2759039999946,4.922069353735665
11.806375,66620.830894,11.806375,69813.140625,3192.309731000001,4.791759106215991
11.792453,66504.840532,11.792453,69701.90625,3197.065717999998,4.807267700253596
11.778563,66454.372226,11.778563,69670.203125,3215.830898999993,4.83915623800267
11.764706,66314.707021,11.764706,69378.1875,3063.4804790000053,4.619609460130598
11.750881,66296.154842,11.750881,69286.148438,2989.9935960000003,4.51005582921949
11.737089,66275.098736,11.737089,69276.679688,3001.580952000004,4.528972433457234
11.723329,66263.37823,11.723329,69257.210938,2993.8327080000017,4.518080405753562
11.709602,66221.40128,11.709602,69185.71875,2964.3174699999945,4.476373819796032
11.695906,66207.702508,11.695906,69105.914062,2898.211553999994,4.377453746638917
11.682243,66191.952641,11.682243,69010.585938,2818.6332970000076,4.258271866199815
11.668611,66185.287924,11.668611,68909.359375,2724.071450999996,4.115826245446003
11.655012,66107.342317,11.655012,68867.953125,2760.6108079999976,4.175951885589697
11.641444,66062.168509,11.641444,68830.421875,2768.2533660000045,4.190376169112388
11.627907,66013.631661,11.627907,68725.09375,2711.4620889999933,4.1074275430325855
11.614402,65931.997387,11.614402,68654.148438,2722.151051000008,4.128725291032579
11.600928,65820.888636,11.600928,68617.242188,2796.3535520000005,4.248428743440826
11.587486,65669.481429,11.587486,68599.609375,2930.1279459999932,4.461932517569771
11.574074,65650.157119,11.574074,68484.734375,2834.577256000004,4.3177006429123095
11.560694,65640.255795,11.560694,68431.59375,2791.3379549999954,4.252478789414801
11.547344,65582.384451,11.547344,68428.429688,2846.0452369999985,4.33964891765475
11.534025,65569.513128,11.534025,68393.765625,2824.252496999994,4.307264706215975
11.520737,65341.445325,11.520737,68347.023438,3005.578113000003,4.599803536714931
11.50748,65292.050834,11.50748,68226.992188,2934.9413540000023,4.495097514185707
11.494253,65279.675057,11.494253,68157.976562,2878.301504999996,4.409184792183417
11.481056,65250.515472,11.481056,68015.1875,2764.672028000001,4.23701178144158
11.46789,65223.648852,11.46789,67872.867188,2649.2183360000054,4.061745061229844
11.454754,65174.76814,11.454754,67839.476562,2664.708421999996,4.088558345579403
11.441648,65114.846538,11.441648,67774.078125,2659.231587000002,4.083909781539785
11.428571,65082.979985,11.428571,67716.460938,2633.4809530000057,4.046343534987115
11.415525,65059.611166,11.415525,67704.046875,2644.4357089999976,4.064634973382646
11.402509,65041.143366,11.402509,67702.492188,2661.348822000007,4.091792801095217
11.389522,65031.445179,11.389522,67672.375,2640.929820999998,4.061004355248142
11.376564,64876.034579,11.376564,67629.351562,2753.316982999997,4.243966205498062
11.363636,64843.993332,11.363636,67547.429688,2703.4363560000056,4.169139217195436
11.350738,64755.230398,11.350738,67292.445312,2537.2149139999965,3.918162128998247
11.337868,64712.759726,11.337868,67260.421875,2547.6621490000034,3.936877610825204
11.325028,64684.234884,11.325028,67244.429688,2560.194804000006,3.9579888493560653
11.312217,64494.315868,11.312217,67234.671875,2740.356007000002,4.248988411023177
11.299435,64465.603652,11.299435,67099.242188,2633.638536000006,4.085339137157524
11.286682,63995.699112,11.286682,66993.976562,2998.277449999994,4.685123362356985
11.273957,63957.468361,11.273957,66862.351562,2904.883200999997,4.541898351266414
11.261261,63886.339774,11.261261,66806.789062,2920.449287999996,4.571320407979515
11.248594,63803.211592,11.248594,66799.835938,2996.624346000004,4.696666940784118
11.235955,63764.764104,11.235955,66520.8125,2756.0483959999983,4.3222121727054414
11.223345,63648.564178,11.223345,66502.078125,2853.5139469999995,4.48323380715996
11.210762,63613.022383,11.210762,66354.671875,2741.649491999997,4.309887172933128
11.198208,63567.550004,11.198208,66310.96875,2743.418746000003,4.315753471429012
11.185682,63240.667594,11.185682,66272.53125,3031.8636560000014,4.794167695167803
11.173184,63235.369902,11.173184,66253.726562,3018.3566599999976,4.77320946280182
11.160714,63178.419594,11.160714,66213.664062,3035.244467999997,4.804242473150202
11.148272,63130.538429,11.148272,66173.726562,3043.188132999996,4.8204691560211055
11.135857,62901.851552,11.135857,66055.773438,3153.9218860000037,5.01403664309103
11.123471,62881.639622,11.123471,65963.523438,3081.8838160000014,4.901086922233755
11.111111,62869.152446,11.111111,65904.273438,3035.1209920000038,4.8276791938732595
11.098779,62827.739412,11.098779,65752.179688,2924.440276000001,4.6546960042962136
11.086475,62787.740404,11.086475,65726.78125,2939.0408460000035,4.680915138989087
11.074197,62784.446258,11.074197,65582.765625,2798.3193669999964,4.457026435338568
11.061947,62762.223085,11.061947,65570.804688,2808.581603000006,4.474955578288382
11.049724,62583.630423,11.049724,65394.367188,2810.736764999994,4.491169249853912
11.037528,62525.293809,11.037528,65273.074219,2747.7804099999994,4.394670128850285
11.025358,62500.19045,11.025358,65253.789062,2753.5986120000016,4.405744354015806
11.013216,62465.85306,11.013216,65036.1875,2570.3344399999987,4.114783220091669
11.0011,62458.284941,11.0011,64947.742188,2489.4572469999985,3.9857918758922306
10.989011,62335.542512,10.989011,64912.460938,2576.9184259999965,4.133947218802055
10.976948,62286.336472,10.976948,64841.796875,2555.4604029999973,4.10276241587715
10.964912,62111.448116,10.964912,64755.382812,2643.934696000004,4.256759061650219
10.952903,61929.701443,10.952903,64607.148438,2677.4469949999984,4.323364932518392
10.940919,61927.816945,10.940919,64501.75,2573.9330550000013,4.156343920997555
10.928962,61901.967564,10.928962,64472.171875,2570.2043110000013,4.152055923493362
10.917031,61894.223957,10.917031,64459.0625,2564.838542999998,4.1439061337644
10.905125,61861.212942,10.905125,64312.167969,2450.9550270000036,3.9620222598900163
10.893246,61814.213261,10.893246,64293.386719,2479.1734580000048,4.010685127596976
10.881393,61804.726138,10.881393,64269.683594,2464.9574560000037,3.9882992936432577
10.869565,61799.930097,10.869565,64077.316406,2277.3863090000013,3.6850952831588306
10.857763,61756.982322,10.857763,63896.03125,2139.0489279999965,3.4636551974755285
10.845987,61557.726882,10.845987,63853.949219,2296.2223369999992,3.7301935164071724
10.834236,61529.98653,10.834236,63825.648438,2295.6619079999946,3.730964424769873
10.822511,61474.897267,10.822511,63638.769531,2163.872263999998,3.519928231196206
10.810811,61431.275674,10.810811,63577.742188,2146.4665139999997,3.4940939943860947
10.799136,61277.536007,10.799136,63546.039062,2268.503055000001,3.702014152039109
10.787487,61247.049304,10.787487,63421.746094,2174.696790000002,3.5506964249100146
10.775862,61195.509113,10.775862,63225.492188,2029.9830749999965,3.31720922731691
10.764263,61099.225537,10.764263,63169.324219,2070.0986820000035,3.3880931612568626
10.752688,61088.293139,10.752688,63148.632812,2060.339673000002,3.3727242440902963
10.741139,61059.462489,10.741139,63146.101562,2086.6390730000057,3.4173885388786687
10.729614,60993.064802,10.729614,63026.699219,2033.6344170000011,3.334205984896363
10.718114,60973.747576,10.718114,62919.34375,1945.5961739999984,3.1908751739015764
10.706638,60936.37545,10.706638,62855.910156,1919.5347059999986,3.150063803146662
10.695187,60912.069055,10.695187,62817.582031,1905.5129759999982,3.1283011816253237
10.683761,60766.134182,10.683761,62791.757812,2025.6236300000019,3.333474569787635
10.672359,60664.109226,10.672359,62759.9375,2095.8282739999995,3.4548076296515524
10.660981,60559.821267,10.660981,62728.019531,2168.1982639999987,3.580258690726163
10.649627,60333.674102,10.649627,62628.003906,2294.329804000001,3.802735102989437
10.638298,60308.571814,10.638298,62618.199219,2309.6274049999993,3.8296834687500314
10.626993,60270.374203,10.626993,62604.890625,2334.5164220000006,3.8734062180151496
10.615711,60262.08597,10.615711,62597.183594,2335.097624000002,3.874903409686935
10.604454,60247.477494,10.604454,62447.921875,2200.444381000001,3.6523427577845755
10.59322,60226.37658,10.59322,62292.957031,2066.5804510000016,3.4313544469256225
10.582011,60224.975008,10.582011,62199.5,1974.5249919999987,3.278581671038821
10.570825,60213.979148,10.570825,61947.535156,1733.5560079999996,2.8789926069145677
10.559662,60081.951808,10.559662,61743.273438,1661.3216299999985,2.7650926443085213
10.548523,60050.849875,10.548523,61690.40625,1639.5563750000001,2.73028005167762
10.537408,59987.647398,10.537408,61602.902344,1615.254946000001,2.6926459297249483
10.526316,59967.707477,10.526316,61588.976562,1621.269085,2.703570226728812
10.515247,59863.200345,10.515247,61401.9375,1538.7371550000025,2.570422473459563
10.504202,59826.084759,10.504202,61359.695312,1533.610553000006,2.5634479661804974
10.493179,59779.827227,10.493179,61203.585938,1423.758710999995,2.3816708362063377
10.48218,59756.092793,10.48218,60942.929688,1186.836894999993,1.9861353705157618
10.471204,59725.411394,10.471204,60941.183594,1215.7721999999994,2.0356028893291733
10.460251,59545.021497,10.460251,60892.4375,1347.4160029999985,2.2628524923244573
10.449321,59544.237749,10.449321,60858.320312,1314.0825630000036,2.206901310147467
10.438413,59477.590127,10.438413,60826.6875,1349.0973729999969,2.268244846704996
10.427529,59371.971103,10.427529,60698.773438,1326.802334999993,2.2347284591549483
10.416667,59371.222015,10.416667,60662.214844,1290.9928290000025,2.174442070055146
10.405827,59354.174452,10.405827,60502.503906,1148.3294539999988,1.9347071450360382
10.39501,59302.845399,10.39501,60245.179688,942.3342889999985,1.589020362614656
10.384216,59195.84369,10.384216,60230.117188,1034.273497999995,1.747206279238682
10.373444,59113.505251,10.373444,60000.367188,886.8619369999942,1.500269580080419
10.362694,59108.955343,10.362694,59794.570312,685.614969000002,1.1599172494615846
10.351967,59071.626633,10.351967,59790.898438,719.2718049999967,1.2176265425509374
10.341262,59061.755187,10.341262,59785.4375,723.6823129999975,1.225297674795967
10.330579,58983.47149,10.330579,59632.214844,648.7433539999984,1.0998731298987474
10.319917,58979.041609,10.319917,59629.472656,650.4310469999982,1.1028172538170655
10.309278,58938.153188,10.309278,59393.199219,455.0460310000053,0.7720737864800524
10.298661,58888.618887,10.298661,59258.0625,369.4436130000031,0.6273599550855826
10.288066,58881.315229,10.288066,59199.296875,317.9816460000002,0.5400382867864152
10.277492,58868.233587,10.277492,59181.574219,313.34063199999946,0.5322745611806419
10.26694,58846.345442,10.26694,59100.390625,254.045183000002,0.43170936290409645
10.25641,58814.82368,10.25641,59085.328125,270.50444499999867,0.4599256243149868
10.245902,58766.377884,10.245902,59051.125,284.74711599999864,0.48454086546233294
10.235415,58756.298656,10.235415,58758.414062,2.115406000004441,0.0036003050709328896
10.224949,58719.190711,10.224949,58678.316406,40.874305000004824,0.06960978941480497
10.214505,58704.74216,10.214505,58529.683594,175.0585659999997,0.29820174581957437
10.204082,58701.690039,10.204082,58527.25,174.44003900000098,0.2971635720949553
10.19368,58696.488422,10.19368,58103.820312,592.6681099999987,1.0097164684520736
10.183299,58495.160222,10.183299,57931.4375,563.7227219999986,0.9637083134067266
10.17294,58447.907814,10.17294,57927.921875,519.9859389999983,0.8896570612155366
10.162602,58445.915724,10.162602,57890.742188,555.1735360000021,0.949892783991453
10.152284,58348.557002,10.152284,57786.738281,561.8187210000033,0.962866521241898
10.141988,58166.820457,10.141988,57777.960938,388.8595190000051,0.6685246261439899
10.131712,58107.369774,10.131712,57749.503906,357.8658680000008,0.615870016818636
10.121457,58062.823357,10.121457,57655.480469,407.3428879999992,0.7015554264308616
10.111223,58025.875705,10.111223,57395.3125,630.5632049999986,1.0866931301575582
10.10101,57880.32096,10.10101,57355.167969,525.1529909999954,0.9073083602333835
10.090817,57844.304626,10.090817,57257.550781,586.7538449999993,1.0143675315897283
10.080645,57804.472748,10.080645,57202.917969,601.5547789999982,1.0406716823151227
10.070493,57788.548891,10.070493,57199.835938,588.712953000002,1.018736348805755
10.060362,57765.229119,10.060362,57145.4375,619.7916190000033,1.072949295714198
10.050251,57656.185384,10.050251,56958.027344,698.1580399999948,1.2108987706178334
10.040161,57647.384954,10.040161,56923.414062,723.9708919999975,1.2558607690144028
10.03009,57399.873699,10.03009,56865.222656,534.6510430000053,0.9314498596350043
10.02004,57371.234358,10.02004,56792.78125,578.4531080000015,1.0082633125695342
10.01001,57332.406387,10.01001,56766.679688,565.7266990000062,0.9867485679587373
10.0,57141.994965,10.0,56731.855469,410.13949599999614,0.7177549475673897
9.99001,57088.631675,9.99001,56679.851562,408.78011299999343,0.7160446852661292
9.98004,56866.306273,9.98004,56676.078125,190.22814800000197,0.3345182067686395
9.97009,56834.679579,9.97009,56667.949219,166.73036000000138,0.29336025334364163
9.960159,56799.685191,9.960159,56446.589844,353.09534699999494,0.6216501831174647
9.950249,56786.937944,9.950249,56343.113281,443.8246629999994,0.7815611812661456
9.940358,56745.016982,9.940358,56277.03125,467.985732000001,0.8247168771637694
9.930487,56601.965272,9.930487,56253.601562,348.3637099999978,0.6154622164194133
9.920635,56506.186952,9.920635,56068.734375,437.4525769999964,0.7741675745553259
9.910803,56466.567012,9.910803,55983.421875,483.1451369999995,0.8556304421646952
9.90099,56451.569478,9.90099,55926.066406,525.5030719999995,0.9308918721999319
9.891197,56369.685745,9.891197,55903.871094,465.8146510000006,0.8263566575609629
9.881423,56287.469433,9.881423,55877.011719,410.4577139999965,0.7292168543632466
9.871668,56250.340554,9.871668,55873.878906,376.46164800000406,0.6692611000969906
9.861933,56162.085371,9.861933,55818.292969,343.79240199999913,0.6121432274619928
9.852217,56128.470577,9.852217,55656.570312,471.9002649999966,0.8407502647923016
9.84252,56034.764037,9.84252,55637.847656,396.91638100000273,0.7083395242601844
9.832842,56028.24241,9.832842,55634.882812,393.35959799999546,0.7020737775807654
9.823183,55887.693096,9.823183,55584.484375,303.2087210000027,0.5425321823163676
9.813543,55883.517313,9.813543,55413.171875,470.34543799999665,0.8416532469952134
9.803922,55812.616938,9.803922,55350.960938,461.6560000000027,0.8271534741200861
9.794319,55799.975569,9.794319,55127.347656,672.6279130000039,1.205426895157435
9.784736,55797.554841,9.784736,54956.445312,841.1095289999939,1.5074308030106498
9.775171,55767.110941,9.775171,54807.867188,959.2437530000025,1.720088663038067
9.765625,55559.772999,9.765625,54803.039062,756.7339369999972,1.3620176904135612
9.756098,55326.243784,9.756098,54790.125,536.1187839999984,0.9690135229369043
9.746589,55303.438392,9.746589,54727.414062,576.0243299999929,1.0415705546498508
9.737098,55236.949562,9.737098,54717.523438,519.4261240000051,0.9403599006078022
9.727626,55137.364458,9.727626,54660.242188,477.12226999999984,0.865333834306571
9.718173,55094.372917,9.718173,54600.425781,493.9471360000025,0.8965473420382455
9.708738,55079.847051,9.708738,54545.507812,534.3392389999935,0.9701175068718575
9.699321,55013.504243,9.699321,54542.453125,471.05111800000304,0.8562463425694978
9.689922,55004.492531,9.689922,54539.464844,465.0276870000016,0.845435828242423
9.680542,54946.009808,9.680542,54478.976562,467.03324599999905,0.8499857362381211
9.67118,54883.787918,9.67118,54424.480469,459.3074489999999,0.8368727203855455
9.661836,54581.047222,9.661836,54424.480469,156.56675299999915,0.2868518670284724
9.65251,54549.974507,9.65251,54363.207031,186.7674760000009,0.3423786677957739
9.643202,54235.301187,9.643202,54327.472656,92.1714690000008,0.16994737188275072
9.633911,54132.390332,9.633911,54142.082031,9.691698999995424,0.017903696734164427
9.624639,54052.370536,9.624639,54139.035156,86.66461999999592,0.16033454063272856
9.615385,54049.485039,9.615385,54104.882812,55.397773000004236,0.1024945435835908
9.606148,54036.506546,9.606148,54047.632812,11.12626600000658,0.02059027629873714
9.596929,54032.378613,9.596929,54044.582031,12.203417999997328,0.02258537993931888
9.587728,53962.224997,9.587728,54015.460938,53.235940999999,0.09865408811989984
9.578544,53898.645892,9.578544,53894.964844,3.6810479999985546,0.006829574174042322
9.569378,53842.669109,9.569378,53864.070312,21.40120300000126,0.03974766361726293
9.560229,53800.347596,9.560229,53812.351562,12.003966000003857,0.022312060305157467
9.551098,53771.59352,9.551098,53741.886719,29.70680100000027,0.055246272344432225
9.541985,53757.150413,9.541985,53617.984375,139.16603800000303,0.2588791201371953
9.532888,53738.286291,9.532888,53592.4375,145.8487909999967,0.2714057352149379
9.52381,53703.283101,9.52381,53498.445312,204.83778899999743,0.38142507714986085
9.514748,53682.439756,9.514748,53495.039062,187.4006939999963,0.3490912388702505
9.505703,53556.608114,9.505703,53366.648438,189.95967600000586,0.3546895195372713
9.496676,53523.935806,9.496676,53288.445312,235.49049399999785,0.439972304827403
9.487666,53460.823193,9.487666,53221.4375,239.38569299999654,0.44777779073057933
9.478673,53458.128491,9.478673,53107.164062,350.96442899999965,0.6565221022638056
9.469697,53454.340572,9.469697,52982.746094,471.59447799999907,0.8822379491610934
9.460738,53440.534776,9.460738,52677.539062,762.995713999997,1.4277471533511978
9.451796,53356.861417,9.451796,52663.855469,693.0059479999982,1.2988131790285549
9.442871,53356.448408,9.442871,52610.019531,746.4288769999985,1.3989478296836615
9.433962,53355.978319,9.433962,52521.890625,834.0876940000016,1.5632506802016297
9.425071,53009.657103,9.425071,52475.832031,533.8250719999996,1.007033625897174
9.416196,52966.371037,9.416196,52420.628906,545.7421309999991,1.0303559037842474
9.407338,52926.481106,9.407338,52345.628906,580.8522000000012,1.0974699013839275
9.398496,52834.693963,9.398496,52211.464844,623.229118999996,1.1795830963579381
9.389671,52793.865471,9.389671,52005.535156,788.3303149999992,1.4932233280645724
9.380863,52730.59529,9.380863,51945.503906,785.0913839999994,1.4888725979334556
9.372071,52609.709165,9.372071,51812.589844,797.1193209999983,1.5151562965307228
9.363296,52476.968201,9.363296,51794.625,682.3432010000033,1.3002717656752902
9.354537,52406.089447,9.354537,51717.46875,688.6206969999985,1.3140089334397356
9.345794,52380.706991,9.345794,51647.621094,733.0858969999972,1.3995341779673864
9.337068,52344.381315,9.337068,51474.296875,870.0844399999987,1.662230822376086
9.328358,52284.376045,9.328358,51278.195312,1006.1807329999938,1.9244386356145793
9.319664,52174.086708,9.319664,51211.773438,962.313270000006,1.8444276281935412
9.310987,52141.576214,9.310987,51146.796875,994.7793390000006,1.9078428602104718
9.302326,52104.746761,9.302326,51113.886719,990.8600420000002,1.9016694324319243
9.29368,52030.915264,9.29368,51047.421875,983.4933890000029,1.890209664792267
9.285051,51942.824775,9.285051,50993.28125,949.543525000001,1.828055230174957
9.276438,51837.19196,9.276438,50986.433594,850.7583659999946,1.641212291469182
9.267841,51819.183762,9.267841,50936.007812,883.1759499999971,1.7043416856126685
9.259259,51692.411848,9.259259,50912.527344,779.8845040000015,1.5087021017576596
9.250694,51685.075325,9.250694,50761.222656,923.8526689999999,1.7874650722490746
9.242144,51683.142937,9.242144,50645.078125,1038.064811999997,2.0085171934403503
9.23361,51681.783616,9.23361,50598.757812,1083.0258039999972,2.095565842013058
9.225092,51630.794256,9.225092,50586.648438,1044.1458180000045,2.0223315039912726
9.21659,51512.56173,9.21659,50538.421875,974.1398550000013,1.891072434148969
9.208103,51357.942784,9.208103,50421.859375,936.0834089999989,1.8226653137898379
9.199632,51326.787211,9.199632,50292.941406,1033.8458050000045,2.0142421943340296
9.191176,51284.28879,9.191176,50165.304688,1118.9841020000022,2.181923798499073
9.182736,51167.124719,9.182736,50087.15625,1079.9684689999995,2.1106686665138574
9.174312,51107.59593,9.174312,49968.019531,1139.576399000005,2.2297593503729596
9.165903,51087.760759,9.165903,49705.546875,1382.213883999997,2.705567563472619
9.157509,51016.09706,9.157509,49562.042969,1454.0540909999982,2.850186852376978
9.149131,50961.379272,9.149131,49558.730469,1402.6488029999964,2.7523760601406284
9.140768,50911.763654,9.140768,49551.054688,1360.7089660000056,2.67268086654291
9.13242,50867.801906,9.13242,49524.925781,1342.8761250000025,2.63993346416175
9.124088,50790.812133,9.124088,49357.441406,1433.3707270000014,2.8221063353871956
9.11577,50785.812891,9.11577,49275.433594,1510.3792969999995,2.9740181578695597
9.107468,50723.509489,9.107468,49269.425781,1454.0837079999983,2.866685926602405
9.099181,50647.138218,9.099181,49245.386719,1401.7514989999981,2.767681547901981
9.090909,50646.781943,9.090909,49074.222656,1572.5592870000037,3.104954010246549
9.082652,50638.418917,9.082652,49036.433594,1601.9853230000008,3.1635768992427855
9.07441,50579.425425,9.07441,49012.253906,1567.1715190000032,3.098436777072193
9.066183,50495.552779,9.066183,48919.421875,1576.1309039999978,3.121326170837517
9.057971,50471.079077,9.057971,48868.875,1602.2040770000021,3.174499349529733
9.049774,50364.648741,9.049774,48735.035156,1629.6135849999991,3.235629803317562
9.041591,50352.570976,9.041591,48670.125,1682.4459760000027,3.3413308265866344
9.033424,50322.059901,9.033424,48661.828125,1660.2317760000005,3.2992126698831905
9.025271,49933.816764,9.025271,48633.511719,1300.305045000001,2.6040569883643694
9.017133,49931.005601,9.017133,48621.300781,1309.704819999999,2.623029126362656
9.009009,49866.683604,9.009009,48586.679688,1280.0039160000015,2.566851900889851
9.0009,49744.947313,9.0009,48531.636719,1213.310593999995,2.4390629793328116
8.992806,49742.437105,8.992806,48419.554688,1322.8824170000007,2.6594644211090084
8.984726,49705.21721,8.984726,48310.96875,1394.2484600000025,2.805034437550952
8.976661,49699.686775,8.976661,48041.097656,1658.5891190000038,3.337222478903649
8.96861,49662.519306,8.96861,48040.171875,1622.347431000002,3.2667441234782406
8.960573,49653.476307,8.960573,48020.53125,1632.9450569999972,3.288682240300242
8.952551,49633.747885,8.952551,48006.558594,1627.1892909999951,3.27839294902764
8.944544,49603.85713,8.944544,47912.878906,1690.9782239999986,3.408965193106544
8.93655,49577.212487,8.93655,47842.015625,1735.196861999997,3.499988754823591
8.928571,49520.213929,8.928571,47836.648438,1683.5654910000012,3.399754075000214
8.920607,49438.565113,8.920607,47819.566406,1618.9987069999988,3.274768803057917
8.912656,49410.712946,8.912656,47688.578125,1722.1348209999996,3.4853470397848483
8.90472,49367.274659,8.90472,47609.367188,1757.907471000006,3.5608760725452098
8.896797,49337.670724,8.896797,47511.191406,1826.4793180000052,3.701997461974883
8.888889,49220.561477,8.888889,47486.089844,1734.471633000001,3.523876162628686
8.880995,49203.703011,8.880995,47454.691406,1749.0116049999997,3.554634098594144
8.873114,49159.145054,8.873114,47274.867188,1884.277866000004,3.833015940228772
8.865248,49099.107634,8.865248,47257.382812,1841.7248219999965,3.751035223957196
8.857396,48981.475779,8.857396,47122.519531,1858.9562480000022,3.7952230275532024
8.849558,48862.36004,8.849558,47002.046875,1860.3131649999996,3.80725196956737
8.841733,48822.883153,8.841733,46993.578125,1829.3050280000025,3.7468189296960803
8.833922,48819.898282,8.833922,46987.226562,1832.6717199999985,3.75394415902687
8.826125,48814.48006,8.826125,46906.695312,1907.7847479999982,3.908235313896731
8.818342,48770.370721,8.818342,46747.308594,2023.0621269999974,4.148137685016383
8.810573,48769.809387,8.810573,46738.792969,2031.0164179999992,4.164495296431041
8.802817,48762.259874,8.802817,46696.179688,2066.0801860000065,4.237047649839623
8.795075,48699.942985,8.795075,46636.457031,2063.4859540000034,4.237142443135046
8.787346,48685.473571,8.787346,46585.195312,2100.278258999999,4.313973152458049
8.779631,48512.599663,8.779631,46578.785156,1933.8145070000028,3.9862108409640653
8.77193,48509.470466,8.77193,46527.457031,1982.0134350000008,4.0858278104461725
8.764242,48485.009708,8.764242,46509.621094,1975.3886139999959,4.0742254686484225
8.756567,48461.384676,8.756567,46488.921875,1972.4628010000015,4.070174251493981
8.748906,48356.302387,8.748906,46487.65625,1868.6461370000034,3.864328008467343
8.741259,48354.136683,8.741259,46467.5,1886.636682999997,3.9017068909086476
8.733624,48241.59012,8.733624,46454.640625,1786.9494950000008,3.7041678986015993
8.726003,48219.361346,8.726003,46321.78125,1897.5800959999979,3.935307401489278
8.718396,48202.377389,8.718396,46293.585938,1908.7914510000046,3.9599529201553434
8.710801,48189.426877,8.710801,46244.078125,1945.348751999998,4.036878788713049
8.70322,48167.728919,8.70322,46157.84375,2009.885169000001,4.172679954207249
8.695652,48098.434287,8.695652,46121.144531,1977.2897559999983,4.110923329024908
8.688097,47737.969083,8.688097,46108.183594,1629.7854890000017,3.414023512743833
8.680556,47687.982086,8.680556,46064.957031,1623.0250550000055,3.4034257353835167
8.673027,47679.002858,8.673027,46025.0,1654.0028579999998,3.4690382744077812
8.665511,47651.365578,8.665511,45891.621094,1759.7444839999953,3.6929570908508147
8.658009,47619.45014,8.658009,45782.945312,1836.5048279999974,3.856627538958805
8.650519,47535.269767,8.650519,45737.222656,1798.0471109999999,3.782553711829869
8.643042,47479.444734,8.643042,45694.375,1785.069733999997,3.7596685133971457
8.635579,47453.401237,8.635579,45639.140625,1814.2606119999982,3.823246731965331
8.628128,47449.833908,8.628128,45539.339844,1910.4940639999986,4.026345103134052
8.62069,47443.265495,8.62069,45525.421875,1917.8436199999996,4.042393793913952
8.613264,47224.760772,8.613264,45503.882812,1720.877959999998,3.644016257294251
8.605852,47139.652142,8.605852,45481.628906,1658.023236000001,3.517258105777901
8.598452,47128.314712,8.598452,45444.296875,1684.0178369999994,3.5732613128455624
8.591065,47100.346198,8.591065,45439.984375,1660.3618229999993,3.5251584266922062
8.583691,47076.965612,8.583691,45308.230469,1768.735142999998,3.757113739185315
8.576329,47070.765902,8.576329,45275.234375,1795.5315269999992,3.8145364592924724
8.56898,46915.261853,8.56898,45264.226562,1651.0352910000001,3.519185923278449
8.561644,46871.710082,8.561644,45234.007812,1637.7022699999943,3.4940100694745424
8.55432,46855.949609,8.55432,45226.792969,1629.156640000001,3.476947225688231
8.547009,46849.929594,8.547009,45207.59375,1642.335844000001,3.5055246789748273
8.53971,46582.127635,8.53971,45198.144531,1383.983103999999,2.9710603063139778
8.532423,46520.476995,8.532423,45171.683594,1348.7934009999954,2.899354194379742
8.525149,46517.433157,8.525149,45156.542969,1360.8901879999976,2.925548758047088
8.517888,46470.403667,8.517888,45107.675781,1362.7278860000006,2.932464059845716
8.510638,46469.235094,8.510638,45039.046875,1430.1882190000033,3.0777098355653068
8.503401,46381.336628,8.503401,45030.304688,1351.0319400000008,2.912878408045694
8.496177,46287.039944,8.496177,44993.023438,1294.016506,2.795634604341853
8.488964,46265.910362,8.488964,44955.023438,1310.8869240000058,2.8333754026305478
8.481764,46259.718547,8.481764,44860.085938,1399.6326090000002,3.0255968971751734
8.474576,46061.452,8.474576,44846.308594,1215.1434059999956,2.638091838702774
8.467401,46002.320936,8.467401,44806.308594,1196.0123419999945,2.599895652360514
8.460237,45874.697709,8.460237,44801.863281,1072.834428000002,2.3386190679781333
8.453085,45866.62079,8.453085,44752.921875,1113.6989150000009,2.428125063102127
8.445946,45854.911651,8.445946,44737.757812,1117.1538389999987,2.4362795582349266
8.438819,45807.876609,8.438819,44706.160156,1101.716453000001,2.4050808170041735
8.431703,45752.502353,8.431703,44666.039062,1086.463291,2.374653265120832
8.4246,45716.036463,8.4246,44658.101562,1057.9349009999933,2.3141439697123056
8.417508,45698.706972,8.417508,44498.054688,1200.6522840000034,2.627322223221006
8.410429,45675.497306,8.410429,44417.871094,1257.6262119999956,2.7533935833793146
8.403361,45660.174263,8.403361,44379.75,1280.4242630000008,2.8042474293348727
8.396306,45553.695747,8.396306,44250.933594,1302.762152999996,2.859838552365515
8.389262,45527.625807,8.389262,44240.449219,1287.1765879999948,2.8272429435626045
8.38223,45424.840098,8.38223,44229.199219,1195.6408789999987,2.6321300777735512
8.375209,45404.243059,8.375209,44165.460938,1238.7821210000038,2.7283399910230486
8.368201,45324.478186,8.368201,44130.070312,1194.4078739999968,2.6352380033995186
8.361204,45283.570494,8.361204,44062.363281,1221.2072130000015,2.696799743654952
8.354219,45246.354407,8.354219,44051.609375,1194.745031999999,2.64053324882935
8.347245,45241.774249,8.347245,43980.988281,1260.7859680000038,2.7867739250475383
8.340284,45231.673402,8.340284,43980.988281,1250.6851210000023,2.7650648913305536
8.333333,45221.254583,8.333333,43931.191406,1290.0631770000036,2.8527805981857397
8.326395,45128.203179,8.326395,43888.90625,1239.2969289999965,2.7461694499210467
8.319468,45107.45951,8.319468,43876.808594,1230.6509159999987,2.7282647468256824
8.312552,45064.621078,8.312552,43861.15625,1203.4648279999965,2.6705313374697686
8.305648,45044.020477,8.305648,43831.445312,1212.5751649999947,2.6919780964471185
8.298755,44953.855977,8.298755,43808.746094,1145.1098829999974,2.5473006889239413
8.291874,44925.428994,8.291874,43792.851562,1132.5774319999982,2.521016398421614
8.285004,44743.901518,8.285004,43715.570312,1028.3312059999953,2.2982600334624563
8.278146,44678.983103,8.278146,43645.0,1033.9831029999987,2.314249410324138
8.271299,44646.26976,8.271299,43602.121094,1044.148666000001,2.3387142343871394
8.264463,44525.553374,8.264463,43551.503906,974.0494680000047,2.187619005693898
8.257638,44467.23938,8.257638,43544.65625,922.5831299999991,2.074747933227779
8.250825,44436.637474,8.250825,43531.160156,905.4773180000047,2.0376818982529943
8.244023,44429.981942,8.244023,43505.832031,924.1499110000004,2.0800141494687274
8.237232,44365.451535,8.237232,43480.867188,884.5843470000036,1.9938585462207077
8.230453,44352.166005,8.230453,43405.207031,946.958974000001,2.1350907053631754
8.223684,44249.547465,8.223684,43377.726562,871.8209029999998,1.970236879121945
8.216927,44064.198543,8.216927,43368.5625,695.6360429999986,1.5786876103537044
8.210181,44044.079798,8.210181,43118.199219,925.8805789999969,2.1021680626462773
8.203445,43969.803084,8.203445,43037.539062,932.2640219999957,2.1202369731313024
8.196721,43739.515329,8.196721,42794.765625,944.7497040000017,2.159945524987602
8.190008,43646.650712,8.190008,42678.742188,967.9085240000059,2.21760091143464
8.183306,43626.20939,8.183306,42625.28125,1000.9281400000036,2.2943275475806897
8.176615,43476.559902,8.176615,42583.402344,893.157557999999,2.0543427539190198
8.169935,43336.654355,8.169935,42464.375,872.2793549999988,2.0127980989362158
8.163265,43255.006137,8.163265,42403.863281,851.1428559999986,1.9677325979430103
8.156607,43186.157136,8.156607,42272.886719,913.2704169999997,2.114729528084584
8.149959,43160.939834,8.149959,42054.628906,1106.310927999999,2.563222516133681
8.143322,43133.349949,8.143322,42009.925781,1123.424168000005,2.6045372532583695
8.136697,43081.579383,8.136697,41934.542969,1147.0364139999947,2.6624753094651297
8.130081,42922.511381,8.130081,41906.25,1016.2613809999966,2.3676652374302893
8.123477,42865.542636,8.123477,41905.585938,959.9566980000018,2.239460039387898
8.116883,42749.445897,8.116883,41904.519531,844.9263659999997,1.9764615617141685
8.1103,42733.215893,8.1103,41878.683594,854.5322989999986,1.9996910626611113
8.103728,42705.655296,8.103728,41844.886719,860.7685769999953,2.015584519272366
8.097166,42702.382138,8.097166,41804.726562,897.6555759999974,2.102120610271977
8.090615,42684.571749,8.090615,41783.078125,901.4936240000025,2.1119893841294597
8.084074,42574.441455,8.084074,41686.425781,888.015674000002,2.0857952415855174
8.077544,42569.129964,8.077544,41686.425781,882.7041830000016,2.0735781627355077
8.071025,42568.745673,8.071025,41684.058594,884.6870789999957,2.0782549849974195
8.064516,42460.596362,8.064516,41648.511719,812.0846429999947,1.912560615203153
8.058018,42403.07633,8.058018,41636.25,766.8263300000035,1.8084214551609714
8.05153,42372.616345,8.05153,41610.574219,762.0421260000003,1.798430665209376
8.045052,42353.159562,8.045052,41579.726562,773.4329999999973,1.8261518337676392
8.038585,42281.944341,8.038585,41508.46875,773.4755910000022,1.8293283411046393
8.032129,42281.513202,8.032129,41406.167969,875.345233,2.0702788682562914
8.025682,42185.88331,8.025682,41380.398438,805.4848720000009,1.909370644395311
8.019246,42178.398153,8.019246,41363.285156,815.1129970000038,1.9325366365105254
8.012821,42007.638272,8.012821,41329.90625,677.7320219999965,1.613354260983855
8.006405,41951.967123,8.006405,41301.28125,650.6858730000022,1.551025893713733
8.0,41901.011214,8.0,41090.875,810.1362139999983,1.9334526555037292
7.993605,41727.608519,7.993605,41081.292969,646.3155499999993,1.5488919037996387
7.98722,41693.974163,7.98722,41078.683594,615.290568999997,1.4757302016702865
7.980846,41475.798421,7.980846,41002.160156,473.6382650000014,1.141962983309778
7.974482,41328.162801,7.974482,40997.359375,330.8034259999986,0.8004309980892601
7.968127,41326.392833,7.968127,40841.132812,485.2600209999946,1.174213348261318
7.961783,41271.928965,7.961783,40769.757812,502.1711529999957,1.2167377818125582
7.955449,41215.763843,7.955449,40766.464844,449.29899899999873,1.0901144540508299
7.949126,41173.424011,7.949126,40650.644531,522.7794800000047,1.2697012516139963
7.942812,41160.85386,7.942812,40628.898438,531.9554220000064,1.2923818922934422
7.936508,41113.110912,7.936508,40579.640625,533.4702869999965,1.297567309226139
7.930214,41061.442315,7.930214,40532.507812,528.9345029999968,1.2881537354248604
7.92393,41048.291094,7.92393,40532.152344,516.1387499999983,1.2573940016602587
7.917656,41017.162893,7.917656,40503.09375,514.0691430000006,1.2533025366504122
7.911392,40843.581138,7.911392,40432.804688,410.77645000000484,1.005730737988171
7.905138,40837.397743,7.905138,40337.726562,499.6711809999979,1.223562735668306
7.898894,40824.082342,7.898894,40335.707031,488.3753110000034,1.1962921956424744
7.89266,40737.352786,7.89266,40274.933594,462.4191920000012,1.1351233214125744
7.886435,40727.132201,7.886435,40265.53125,461.60095100000035,1.1333991028925585
7.880221,40460.078099,7.880221,40192.226562,267.851536999995,0.6620143845115691
7.874016,40455.516518,7.874016,40104.398438,351.1180800000002,0.8679114993965684
7.867821,40350.550014,7.867821,40099.519531,251.03048300000228,0.6221240674858333
7.861635,40307.314575,7.861635,40033.59375,273.7208249999967,0.6790847464935506
7.85546,40296.691342,7.85546,40028.710938,267.9804040000017,0.6650183801087759
7.849294,40286.496336,7.849294,39974.929688,311.566648,0.7733773753901357
7.843137,40284.948028,7.843137,39962.699219,322.248808999997,0.7999236061469369
7.836991,40132.227549,7.836991,39938.230469,193.997080000001,0.48339474743368677
7.830854,40062.954411,7.830854,39850.054688,212.89972300000227,0.5314129377876007
7.824726,39875.327759,7.824726,39842.703125,32.62463399999979,0.08181659144516071
7.818608,39761.012,7.818608,39823.042969,62.03096899999946,0.15600953265475098
7.8125,39746.375868,7.8125,39805.640625,59.26475699999719,0.14910732288352238
7.806401,39633.45966,7.806401,39728.335938,94.87627799999609,0.2393842950221926
7.800312,39583.885653,7.800312,39702.085938,118.20028499999898,0.2986070797499911
7.794232,39524.113215,7.794232,39684.363281,160.25006600000052,0.40544885884797843
7.788162,39430.893322,7.788162,39522.335938,91.442615999993,0.23190602163956978
7.782101,39409.124885,7.782101,39517.648438,108.52355299999908,0.27537671368415895
7.77605,39324.573112,7.77605,39495.945312,171.37220000000525,0.4357890917516675
7.770008,39299.260285,7.770008,39441.648438,142.38815299999987,0.3623176415214806
7.763975,39290.281151,7.763975,39355.152344,64.87119299999904,0.1651074797624551
7.757952,39278.018414,7.757952,39263.574219,14.444194999996398,0.03677424570595956
7.751938,39264.846594,7.751938,39206.570312,58.2762819999989,0.148418463473391
7.745933,39238.030993,7.745933,39142.800781,95.23021200000221,0.2426987531993925
7.739938,39237.343501,7.739938,38811.902344,425.4411570000011,1.0842761487896302
7.733952,39207.982239,7.733952,38811.789062,396.19317699999374,1.01049111526556
7.727975,39202.178739,7.727975,38778.453125,423.7256140000027,1.0808726137929225
7.722008,39198.766458,7.722008,38683.433594,515.3328639999963,1.3146660228508875
7.716049,39161.959895,7.716049,38655.898438,506.06145700000343,1.2922270957757014
7.7101,39159.401546,7.7101,38643.378906,516.0226400000029,1.317749045255041
7.70416,39158.002823,7.70416,38593.441406,564.5614170000044,1.4417523272366723
7.698229,39101.784188,7.698229,38575.722656,526.0615319999997,1.3453645221678747
7.692308,39051.850479,7.692308,38543.117188,508.7332910000041,1.3027123804890466
7.686395,38979.906292,7.686395,38489.152344,490.75394799999776,1.2589921184616013
7.680492,38965.448823,7.680492,38483.734375,481.7144479999988,1.2362604885886979
7.674597,38963.037401,7.674597,38442.488281,520.5491200000033,1.336007546441036
7.668712,38929.251239,7.668712,38399.945312,529.305926999994,1.3596612063006395
7.662835,38816.364565,7.662835,38284.140625,532.2239400000035,1.3711328867719363
7.656968,38761.720951,7.656968,38266.5,495.22095100000297,1.2776031064926876
7.651109,38715.922059,7.651109,38253.894531,462.0275279999987,1.19337859833457
7.64526,38702.567101,7.64526,38236.28125,466.28585100000055,1.204793082027762
7.639419,38619.449716,7.639419,38137.804688,481.6450280000063,1.247156631029005
7.633588,38587.211131,7.633588,38112.535156,474.6759749999983,1.2301380718822035
7.627765,38539.523378,7.627765,38044.257812,495.2655659999946,1.2850848235521077
7.621951,38516.808367,7.621951,38016.417969,500.3903979999959,1.2991481361387014
7.616146,38435.965519,7.616146,38013.882812,422.0827069999941,1.0981451911006281
7.61035,38421.089664,7.61035,37975.898438,445.19122600000264,1.1587157727521205
7.604563,38113.383737,7.604563,37940.421875,172.96186199999647,0.45380872817148293
7.598784,38090.927015,7.598784,37902.386719,188.54029599999922,0.4949742911894821
7.593014,37914.953546,7.593014,37874.480469,40.4730769999951,0.10674700405709711
7.587253,37862.640573,7.587253,37755.089844,107.55072899999504,0.2840550140517402
7.581501,37804.542632,7.581501,37660.933594,143.60903799999505,0.3798724386059253
7.575758,37754.486634,7.575758,37398.386719,356.0999149999989,0.9431989327576003
7.570023,37689.050734,7.570023,37385.234375,303.81635899999674,0.8061130569306654
7.564297,37685.212796,7.564297,37269.984375,415.2284209999998,1.1018338233825051
7.558579,37677.920424,7.558579,37253.171875,424.74854900000355,1.1273142047655265
7.55287,37667.96587,7.55287,37230.808594,437.1572759999981,1.1605545080632147
7.54717,37637.295054,7.54717,37226.390625,410.904429000002,1.0917480345238892
7.541478,37567.738313,7.541478,37216.128906,351.60940700000356,0.9359344554376117
7.535795,37501.572286,7.535795,37182.761719,318.81056700000045,0.8501258682399778
7.53012,37473.300315,7.53012,37157.082031,316.2182840000023,0.8438495711396545
7.524454,37462.360371,7.524454,37128.824219,333.5361520000006,0.8903233771094529
7.518797,37381.0646,7.518797,37110.835938,270.22866200000135,0.7229025307106993
7.513148,37180.343989,7.513148,37060.121094,120.22289499999897,0.3233506796913109
7.507508,37173.157633,7.507508,37036.246094,136.91153900000063,0.3683075308040529
7.501875,37141.34322,7.501875,36944.300781,197.04243900000438,0.530520497960613
7.496252,37129.364371,7.496252,36902.273438,227.09093300000677,0.6116208473996306
7.490637,37124.43728,7.490637,36815.320312,309.1169679999948,0.8326509185003189
7.48503,37089.681045,7.48503,36747.324219,342.35682599999564,0.9230514157957371
7.479432,36959.869855,7.479432,36726.632812,233.23704299999372,0.6310548276144458
7.473842,36931.978233,7.473842,36695.585938,236.3922950000051,0.6400748248811119
7.46826,36914.474995,7.46826,36628.261719,286.21327599999495,0.7753415862984969
7.462687,36868.814717,7.462687,36455.078125,413.7365920000011,1.1221857691270707
7.457122,36866.356566,7.457122,36436.238281,430.1182850000041,1.1666959392365903
7.451565,36856.744089,7.451565,36431.671875,425.0722139999998,1.1533091826384736
7.446016,36798.867697,7.446016,36428.4375,370.4301970000015,1.0066347694448232
7.440476,36790.187134,7.440476,36345.207031,444.9801030000017,1.2095075824954669
7.434944,36747.242891,7.434944,36198.71875,548.5241410000017,1.4926946835903823
7.429421,36737.131671,7.429421,36181.011719,556.1199520000009,1.5137816337441432
7.423905,36683.953194,7.423905,36154.910156,529.0430380000034,1.4421647394494368
7.418398,36564.724033,7.418398,36126.183594,438.5404389999967,1.1993538871077214
7.412898,36563.156321,7.412898,36123.570312,439.58600899999874,1.2022649388929343
7.407407,36544.726321,7.407407,35950.929688,593.7966330000054,1.6248490350816693
7.401925,36414.675792,7.401925,35743.65625,671.0195420000018,1.8427173314211387
7.39645,36235.9439,7.39645,35725.257812,510.6860879999949,1.4093356845052267
7.390983,36219.131468,7.390983,35694.335938,524.795530000003,1.448945650349638
7.385524,36218.719924,7.385524,35374.65625,844.0636739999973,2.3304624673957246
7.380074,36137.807416,7.380074,35331.832031,805.9753850000052,2.23028302664306
7.374631,36086.793275,7.374631,35260.886719,825.9065560000017,2.2886670747000633
7.369197,36049.210508,7.369197,35184.046875,865.1636329999965,2.399951679407793
7.36377,35907.29025,7.36377,35181.394531,725.8957190000001,2.021583121271592
7.358352,35901.409818,7.358352,35169.273438,732.1363800000036,2.039297018450039
7.352941,35796.547371,7.352941,35164.960938,631.586433000004,1.7643780738241637
7.347539,35768.752877,7.347539,35061.96875,706.784126999999,1.9759820238364387
7.342144,35627.271617,7.342144,35054.0,573.2716169999985,1.6090808837757165
7.336757,35566.626392,7.336757,34979.28125,587.3451419999983,1.6513940218184704
7.331378,35555.524949,7.331378,34883.742188,671.7827610000022,1.8893906417176836
7.326007,35498.758305,7.326007,34878.417969,620.3403360000011,1.7474986890249233
7.320644,35379.570368,7.320644,34814.882812,564.6875559999971,1.5960837006396884
7.315289,35247.897713,7.315289,34775.78125,472.1164629999985,1.3394173656656814
7.309942,35180.343753,7.309942,34715.421875,464.921878000001,1.3215387583026525
7.304602,35158.287321,7.304602,34683.652344,474.6349770000015,1.349994590653745
7.29927,35157.872073,7.29927,34624.84375,533.0283229999986,1.5160995008265745
7.293946,35105.097598,7.293946,34563.144531,541.9530670000022,1.5438016244993384
7.28863,35056.101651,7.28863,34526.761719,529.3399319999953,1.5099794531343607
7.283321,34959.755696,7.283321,34493.667969,466.08772699999827,1.333212197055847
7.27802,34823.971137,7.27802,34490.988281,332.98285600000236,0.9561886399745277
7.272727,34773.907619,7.272727,34488.304688,285.60293100000126,0.8213138831827794
7.267442,34772.53877,7.267442,34370.28125,402.2575199999992,1.1568252829070014
7.262164,34761.374432,7.262164,34289.683594,471.690837999995,1.356939550600089
7.256894,34749.655996,7.256894,34030.089844,719.5661519999994,2.070714461411727
7.251632,34717.005452,7.251632,34004.125,712.8804519999976,2.0534042113327766
7.246377,34706.951322,7.246377,33993.324219,713.6271029999989,2.0561503555273255
7.24113,34612.521643,7.24113,33894.496094,718.0255489999981,2.0744676057001783
7.23589,34600.323504,7.23589,33871.703125,728.620379,2.1058195566170563
7.230658,34562.777843,7.230658,33782.371094,780.4067490000016,2.2579398928667342
7.225434,34559.012303,7.225434,33755.933594,803.0787090000013,2.323789528354916
7.220217,34547.538945,7.220217,33736.304688,811.2342570000037,2.348168007832616
7.215007,34542.987868,7.215007,33713.898438,829.08943,2.4001670995231237
7.209805,34514.591027,7.209805,33709.800781,804.7902460000041,2.3317391921881225
7.204611,34474.641634,7.204611,33706.242188,768.3994460000031,2.228883056008863
7.199424,34452.084233,7.199424,33701.339844,750.7443889999995,2.1790971597616653
7.194245,34363.873333,7.194245,33614.214844,749.6584890000013,2.1815308237680417
7.189073,34350.209018,7.189073,33483.738281,866.4707370000033,2.522461323440449
7.183908,34271.509051,7.183908,33467.410156,804.0988950000028,2.346260544884119
7.178751,34260.741371,7.178751,33432.019531,828.7218399999983,2.41886721313471
7.173601,34219.978017,7.173601,33382.988281,836.9897360000032,2.445909625027224
7.168459,34138.496888,7.168459,33374.8125,763.6843880000015,2.2370181982688395
7.163324,34085.571175,7.163324,33359.5,726.0711749999973,2.1301423152695556
7.158196,34040.960538,7.158196,33246.601562,794.3589759999959,2.3335386647308356
7.153076,34003.936437,7.153076,33185.898438,818.0379990000001,2.4057155868280162
7.147963,33987.220674,7.147963,33136.230469,850.9902049999946,2.503853472346436
7.142857,33904.676639,7.142857,33014.113281,890.5633579999994,2.6266681953120266
7.137759,33895.717582,7.137759,33005.03125,890.6863319999975,2.6277252571663743
7.132668,33873.645189,7.132668,32884.007812,989.6373769999991,2.921555597215059
7.127584,33842.586778,7.127584,32852.273438,990.3133400000006,2.9262341749944842
7.122507,33707.87796,7.122507,32846.78125,861.096709999998,2.554585936919056
7.117438,33689.798366,7.117438,32731.330078,958.4682880000037,2.8449807790102333
7.112376,33647.734723,7.112376,32692.986328,954.7483950000023,2.8374819370748945
7.107321,33600.625727,7.107321,32659.761719,940.8640080000005,2.800138353506801
7.102273,33502.499234,7.102273,32632.216797,870.2824370000017,2.5976642247537036
7.097232,33490.530864,7.097232,32596.390625,894.1402390000003,2.669829996517431
7.092199,33369.297921,7.092199,32589.568359,779.7295619999968,2.336667567432687
7.087172,33363.47478,7.087172,32574.335938,789.1388419999967,2.365277739215138
7.082153,33351.046684,7.082153,32521.923828,829.1228560000018,2.486047481075817
7.077141,33252.432415,7.077141,32488.802734,763.6296810000022,2.2964626210488372
7.072136,33208.007897,7.072136,32483.28125,724.7266470000031,2.1823851922941593
7.067138,33159.832622,7.067138,32455.664062,704.1685600000019,2.1235588491264545
7.062147,33056.169796,7.062147,32386.576172,669.593624000001,2.0256237432596502
7.057163,33038.389555,7.057163,32381.15625,657.2333050000016,1.9893018813943262
7.052186,33010.803139,7.052186,32309.115234,701.6879050000025,2.1256311215615544
7.047216,32928.094145,7.047216,32308.980469,619.1136760000045,1.880198936730793
7.042254,32925.696067,7.042254,32059.552734,866.1433329999963,2.630599915754232
7.037298,32903.899115,7.037298,31850.902344,1052.996771000002,3.2002188169850334
7.032349,32835.383456,7.032349,31842.542969,992.8404870000049,3.0236908557210205
7.027407,32784.412477,7.027407,31834.183594,950.2288829999998,2.8984166901469886
7.022472,32722.439776,7.022472,31775.636719,946.803057000001,2.8934366247788947
7.017544,32719.785547,7.017544,31524.171875,1195.6136719999995,3.65409996432456
7.012623,32702.767144,7.012623,31479.753906,1223.0132379999995,3.7397851766326347
7.007708,32679.13235,7.007708,31476.574219,1202.5581310000016,3.679896143264653
7.002801,32659.46433,7.002801,31391.017578,1268.4467519999998,3.88385657273271
6.997901,32648.875441,6.997901,31310.095703,1338.779738000001,4.100538594106614
6.993007,32640.544504,6.993007,31263.191406,1377.3530979999996,4.219761400828375
6.98812,32608.103368,6.98812,31184.037109,1424.0662589999993,4.367215851006864
6.98324,32496.916668,6.98324,30990.523438,1506.3932300000015,4.635495869930824
6.978367,32456.055002,6.978367,30923.080078,1532.974924000002,4.723232456641872
6.973501,32382.054578,6.973501,30917.025391,1465.029187,4.52420084547484
6.968641,32338.859557,6.968641,30869.023438,1469.8361189999996,4.545108080912031
6.963788,32282.417313,6.963788,30801.201172,1481.2161410000008,4.588306156377952
6.958942,32265.001872,6.958942,30726.595703,1538.4061690000017,4.768033719951683
6.954103,32188.523958,6.954103,30702.181641,1486.3423170000024,4.6176156413366485
6.94927,32056.201788,6.94927,30662.535156,1393.6666319999968,4.3475725577747815
6.944444,32055.523041,6.944444,30645.537109,1409.9859319999996,4.398574093445876
6.939625,31912.193027,6.939625,30625.300781,1286.8922459999994,4.032603603616951
6.934813,31891.992834,6.934813,30622.867188,1269.1256460000004,3.97944917586645
6.930007,31738.246332,6.930007,30617.199219,1121.0471130000005,3.5321646359197483
6.925208,31625.053355,6.925208,30520.09375,1104.959605,3.4939375203466754
6.920415,31610.311205,6.920415,30429.890625,1180.4205800000018,3.734289651072107
6.915629,31474.501912,6.915629,30306.525391,1167.9765210000005,3.710865780388082
6.91085,31419.810078,6.91085,30273.433594,1146.3764840000003,3.6485786551672623
6.906077,31350.475269,6.906077,30211.537109,1138.9381599999979,3.6329215114840814
6.901311,31214.245457,6.901311,30125.205078,1089.0403790000018,3.4889210456816517
6.896552,31152.329156,6.896552,30100.371094,1051.9580620000015,3.376819937707266
6.891799,31103.124255,6.891799,29956.664062,1146.460192999999,3.6859968908612104
6.887052,31024.469609,6.887052,29936.642578,1087.8270310000007,3.5063517433491564
6.882312,31024.151394,6.882312,29856.501953,1167.6494410000014,3.763678903481054
6.877579,30908.493875,6.877579,29615.5625,1292.9313750000001,4.183094071904208
6.872852,30884.86618,6.872852,29612.689453,1272.1767270000018,4.11909418543578
6.868132,30807.01082,6.868132,29606.943359,1200.0674609999987,3.895436230446972
6.863418,30759.694265,6.863418,29500.501953,1259.1923119999992,4.093643783165864
6.858711,30681.126287,6.858711,29336.105469,1345.0208180000009,4.383870414072459
6.85401,30630.348483,6.85401,29324.039062,1306.3094210000017,4.264755334811192
6.849315,30513.243426,6.849315,29321.953125,1191.290301000001,3.9041746050009074
6.844627,30511.254112,6.844627,29241.154297,1270.0998149999978,4.1627256956982
6.839945,30508.521798,6.839945,29200.722656,1307.7991419999998,4.28666833043918
6.83527,30457.234737,6.83527,29142.925781,1314.3089559999971,4.315260289875728
6.830601,30348.171843,6.830601,29116.289062,1231.8827810000003,4.059166355630552
6.825939,30299.693276,6.825939,28969.273438,1330.4198380000016,4.390868996201391
6.821282,30230.274372,6.821282,28966.375,1263.8993719999999,4.180906056117881
6.816633,30223.094843,6.816633,28859.087891,1364.0069519999997,4.513127987340843
6.811989,30220.801901,6.811989,28787.875,1432.926900999999,4.741525078302385
6.807352,30048.131865,6.807352,28765.230469,1282.9013960000011,4.269488039269163
6.802721,29983.599743,6.802721,28716.121094,1267.4786490000006,4.227239757280669
6.798097,29975.02642,6.798097,28681.880859,1293.1455609999975,4.314076467793144
6.793478,29853.675292,6.793478,28652.792969,1200.8823230000016,4.022561079177432
6.788866,29827.553678,6.788866,28635.333984,1192.2196939999994,3.997041483423257
6.784261,29788.840436,6.784261,28612.048828,1176.7916079999995,3.9504444979262754
6.779661,29746.724551,6.779661,28594.582031,1152.1425199999976,3.873174399502973
6.775068,29722.107423,6.775068,28564.835938,1157.2714850000011,3.893638726655244
6.770481,29709.066158,6.770481,28562.546875,1146.5192830000015,3.8591562484749082
6.7659,29685.535781,6.7659,28540.158203,1145.3775779999996,3.858369228872365
6.761325,29590.869631,6.761325,28399.255859,1191.6137720000006,4.026964353733091
6.756757,29589.19164,6.756757,28358.443359,1230.7482810000001,4.15945219448381
6.752194,29543.605721,6.752194,28329.167969,1214.4377520000016,4.110661926200709
6.747638,29490.415409,6.747638,28308.712891,1181.7025180000019,4.007073151093577
6.743088,29469.897752,6.743088,28288.253906,1181.643845999999,4.0096638812389696
6.738544,29466.697143,6.738544,28229.769531,1236.9276119999995,4.197713798724264
6.734007,29393.740691,6.734007,28156.597656,1237.1430349999973,4.208865581299747
6.729475,29320.135711,6.729475,28127.314453,1192.821258,4.068266496981086
6.72495,29239.202181,6.72495,28106.808594,1132.3935870000023,3.87286075724681
6.72043,29226.401899,6.72043,27988.048828,1238.3530710000014,4.237104092660727
6.715917,29185.51599,6.715917,27964.378906,1221.1370839999981,4.184051720786446
6.711409,29135.422019,6.711409,27957.238281,1178.1837379999997,4.0438190228776305
6.706908,29118.612412,6.706908,27939.623047,1178.9893649999976,4.048920148798461
6.702413,29083.371195,6.702413,27933.75,1149.6211949999997,3.9528471004683325
6.697924,29041.091588,6.697924,27816.207031,1224.8845569999976,4.217763486225598
6.69344,29004.503775,6.69344,27758.292969,1246.2108060000028,4.296611366522173
6.688963,28963.366383,6.688963,27612.175781,1351.1906019999988,4.665171113510748
6.684492,28897.468318,6.684492,27548.623047,1348.8452709999983,4.667693571480839
6.680027,28851.693526,6.680027,27542.240234,1309.4532919999983,4.538566482483848
6.675567,28847.958495,6.675567,27542.240234,1305.7182609999982,4.526206806718433
6.671114,28824.632881,6.671114,27453.662109,1370.9707720000006,4.756247122591065
6.666667,28778.131529,6.666667,27359.070312,1419.0612169999986,4.931040139176503
6.662225,28760.333216,6.662225,27228.824219,1531.5089970000008,5.325073897780812
6.65779,28751.236823,6.65779,27202.15625,1549.0805729999993,5.38787455488102
6.65336,28729.173146,6.65336,27160.65625,1568.516896000001,5.45966599187832
6.648936,28703.282401,6.648936,26941.591797,1761.6906039999994,6.137592834813288
6.644518,28634.744451,6.644518,26911.205078,1723.5393729999996,6.019049256574767
6.640106,28524.854253,6.640106,26899.308594,1625.545659000003,5.698699262693138
6.6357,28485.100087,6.6357,26896.332031,1588.7680559999972,5.577540718296712
6.6313,28441.807795,6.6313,26709.240234,1732.5675609999998,6.091622492802939
6.626905,28386.46498,6.626905,26574.417969,1812.0470110000024,6.383489498522272
6.622517,28380.090583,6.622517,26550.523438,1829.567145000001,6.446657172038529
6.618134,28378.917198,6.618134,26472.8125,1906.1046979999992,6.716622359835251
6.613757,28370.900595,6.613757,26404.005859,1966.8947359999984,6.932789212714092
6.609385,28308.834983,6.609385,26371.912109,1936.9228739999999,6.842114397018313
6.60502,28224.435665,6.60502,26282.181641,1942.2540240000017,6.881462740488072
6.60066,28192.386127,6.60066,26211.441406,1980.9447209999998,7.02652379999449
6.596306,28123.337303,6.596306,26141.357422,1981.9798809999993,7.047456209219435
6.591958,27990.613661,6.591958,25950.849609,2039.7640519999986,7.2873145144440015
6.587615,27954.091062,6.587615,25893.654297,2060.4367649999986,7.370787912331365
6.583278,27919.947897,6.583278,25883.261719,2036.686178,7.294734881001845
6.578947,27707.236909,6.578947,25773.113281,1934.1236279999976,6.980572022942303
6.574622,27678.775294,6.574622,25752.820312,1925.9549819999993,6.958237716599743
6.570302,27654.100537,6.570302,25723.285156,1930.8153809999967,6.982021991337772
6.565988,27630.638365,6.565988,25610.107422,2020.530942999998,7.312646621872568
6.56168,27576.706743,6.56168,25477.052734,2099.654008999998,7.613867850746786
6.557377,27575.599773,6.557377,25395.300781,2180.298992,7.906624007992705
6.55308,27483.824648,6.55308,25358.941406,2124.883242,7.731395718079679
6.548788,27462.882579,6.548788,25222.455078,2240.427501000002,8.15802017342923
6.544503,27434.985603,6.544503,25134.378906,2300.6066969999993,8.385667593528566
6.540222,27400.591817,6.540222,25123.328125,2277.2636920000004,8.311001847000728
6.535948,27376.494557,6.535948,25052.296875,2324.197682000002,8.489756338821394
6.531679,27319.734114,6.531679,25006.660156,2313.073957999997,8.466678146822309
6.527415,27307.423017,6.527415,24985.066406,2322.3566109999992,8.50448835671618
6.523157,27295.234473,6.523157,24977.455078,2317.7793950000014,8.491516705206218
6.518905,27217.044127,6.518905,24960.703125,2256.341002000001,8.290176521269087
6.514658,27199.377491,6.514658,24924.292969,2275.084522000001,8.364472763219686
6.510417,27166.397844,6.510417,24889.056641,2277.341203,8.382934005742598
6.506181,27151.026425,6.506181,24870.744141,2280.282284000001,8.398512263611414
6.501951,27099.582739,6.501951,24823.402344,2276.180395000003,8.399318974473612
6.497726,26925.536199,6.497726,24782.125,2143.4111989999983,7.960514446800891
6.493506,26923.897005,6.493506,24774.476562,2149.420442999999,7.983318472065292
6.489293,26900.896109,6.489293,24746.933594,2153.962515000003,8.007028859828095
6.485084,26897.436561,6.485084,24690.259766,2207.1767949999994,8.205900179351294
6.480881,26877.536513,6.480881,24671.861328,2205.675185,8.206388944660793
6.476684,26738.802314,6.476684,24599.732422,2139.0698919999995,7.999871747733509
6.472492,26726.418794,6.472492,24560.599609,2165.8191850000003,8.103664025074021
6.468305,26720.266864,6.468305,24552.091797,2168.175067,8.114346604528732
6.464124,26665.553345,6.464124,24530.560547,2134.9927979999993,8.006557262762849
6.459948,26658.258271,6.459948,24452.033203,2206.2250679999997,8.275953535944343
6.455778,26640.622778,6.455778,24413.488281,2227.134496999999,8.359919043781444
6.451613,26608.46934,6.451613,24390.34375,2218.1255899999996,8.336163804302467
6.447453,26605.015953,6.447453,24382.626953,2222.388999999999,8.353270691233702
6.443299,26580.400891,6.443299,24359.466797,2220.934094,8.355532721675383
6.43915,26567.486778,6.43915,24327.023438,2240.4633399999984,8.433102305541679
6.435006,26562.929562,6.435006,24274.443359,2288.4862030000004,8.615338145058475
6.430868,26552.695196,6.430868,24257.419922,2295.2752739999996,8.644227100327535
6.426735,26517.637708,6.426735,24125.648438,2391.989269999998,9.020370880466357
6.422608,26274.519401,6.422608,24047.953125,2226.5662760000014,8.47424168647309
6.418485,26257.162929,6.418485,24046.398438,2210.764490999998,8.419662463069443
6.414368,26251.284541,6.414368,24011.070312,2240.214229000001,8.533731846535627
6.410256,26246.493108,6.410256,23988.814453,2257.6786549999997,8.60182975954168
6.40615,26228.755209,6.40615,23928.005859,2300.7493499999982,8.771858716385179
6.402049,26207.449326,6.402049,23926.478516,2280.9708100000025,8.70352082580233
6.397953,26126.071596,6.397953,23856.248047,2269.8235490000006,8.687963441650826
6.393862,26083.067766,6.393862,23779.650391,2303.417375000001,8.831083044620117
6.389776,26043.038967,6.389776,23685.625,2357.4139670000004,9.051992626464054
6.385696,25945.689371,6.385696,23631.572266,2314.117105000001,8.919081208096689
6.381621,25902.836179,6.381621,23630.777344,2272.0588350000035,8.771467414993001
6.377551,25854.271175,6.377551,23630.777344,2223.4938310000034,8.600102536056127
6.373486,25851.254334,6.373486,23605.65625,2245.598084000001,8.68661170164789
6.369427,25801.757473,6.369427,23534.011719,2267.745754000003,8.789113518228609
6.365372,25799.269184,6.365372,23516.050781,2283.218402999999,8.849934417584155
6.361323,25762.237969,6.361323,23511.328125,2250.9098440000016,8.737244981233957
6.357279,25601.040102,6.357279,23487.716797,2113.323304999998,8.254833774643796
6.35324,25592.346294,6.35324,23475.119141,2117.227153,8.272891936822429
6.349206,25584.426033,6.349206,23393.148438,2191.2775949999996,8.56488862471875
6.345178,25553.830032,6.345178,23301.546875,2252.2831570000017,8.8138770359651
6.341154,25522.44208,6.341154,23252.316406,2270.125673999999,8.894625627454843
6.337136,25520.57293,6.337136,23209.765625,2310.8073049999985,9.054684278986516
6.333122,25488.860861,6.333122,23165.111328,2323.749533000002,9.116725716666
6.329114,25482.855938,6.329114,23127.324219,2355.5317190000023,9.24359390772773
6.325111,25474.310679,6.325111,23124.150391,2350.160287999999,9.225608958036997
6.321113,25435.539509,6.321113,23114.628906,2320.9106029999966,9.124676133481564
6.317119,25392.302732,6.317119,23103.517578,2288.785154000001,9.013696702330263
6.313131,25310.471281,6.313131,23101.929688,2208.541592999998,8.725801935809471
6.309148,25220.680316,6.309148,23101.929688,2118.7506280000016,8.400846453994605
6.30517,25183.791087,6.30517,23046.330078,2137.4610090000024,8.487447349034635
6.301197,25182.407124,6.301197,23000.458984,2181.9481400000004,8.664573363681754
6.297229,25147.735091,6.297229,22950.861328,2196.8737629999996,8.73587126256244
6.293266,25052.845407,6.293266,22942.898438,2109.9469690000005,8.421985346265146
6.289308,24983.579826,6.289308,22923.777344,2059.802482000003,8.244625055118803
6.285355,24887.937219,6.285355,22887.109375,2000.8278439999995,8.039347843068825
6.281407,24864.974167,6.281407,22836.046875,2028.9272920000003,8.159780413899355
6.277464,24861.400607,6.277464,22812.091797,2049.3088099999986,8.242933865210286
6.273526,24857.259024,6.273526,22760.949219,2096.309805000001,8.433390837565748
6.269592,24722.871555,6.269592,22708.148438,2014.7231170000014,8.149227780915036
6.265664,24720.934094,6.265664,22706.332031,2014.6020629999985,8.14937678058436
6.261741,24719.060849,6.261741,22648.322266,2070.738583000002,8.377092461762247
6.257822,24700.151446,6.257822,22644.072266,2056.0791800000006,8.324156167605064
6.253909,24682.256974,6.253909,22629.642578,2052.614396000001,8.31615357607775
6.25,24670.147992,6.25,22624.832031,2045.3159609999966,8.290651364001743
6.246096,24614.844832,6.246096,22623.228516,1991.6163159999996,8.091118711464887
6.242197,24602.120537,6.242197,22580.460938,2021.6595989999987,8.217420103927845
6.238303,24523.10027,6.238303,22562.25,1960.850269999999,7.9959313806614345
6.234414,24479.019149,6.234414,22383.6875,2095.3316489999997,8.559704276736092
6.23053,24465.624992,6.23053,22380.464844,2085.1601480000027,8.522815782069038
6.22665,24446.283297,6.22665,22377.240234,2069.043063000001,8.463630392657317
6.222775,24431.781038,6.222775,22333.701172,2098.079866,8.587502739717374
6.218905,24417.232262,6.218905,22328.861328,2088.3709340000023,8.55285689873249
6.21504,24388.052908,6.21504,22257.759766,2130.2931420000023,8.734986552785456
6.21118,24365.360492,6.21118,22217.408203,2147.9522890000007,8.815598233013004
6.207325,24334.811279,6.207325,22212.556641,2122.254638000002,8.721064707131818
6.203474,24296.957018,6.203474,22185.054688,2111.902330000001,8.692044557001244
6.199628,24263.644777,6.199628,22167.251953,2096.3928240000023,8.640057350275814
6.195787,24232.921795,6.195787,22146.203125,2086.7186699999984,8.611089853929844
6.19195,24199.326235,6.19195,22126.765625,2072.5606100000005,8.564538491168452
6.188119,24181.185254,6.188119,22066.787109,2114.398144999999,8.74398058982754
6.184292,24178.480351,6.184292,22024.595703,2153.8846479999993,8.90827139146864
6.18047,24144.399357,6.18047,22005.111328,2139.2880289999994,8.860390342987646
6.176652,24141.069146,6.176652,21969.369141,2171.7000050000024,8.995873347058604
6.17284,24056.255785,6.17284,21937.408203,2118.847582000002,8.807885985819892
6.169031,23898.419296,6.169031,21896.179688,2002.2396079999999,8.378125696100431
6.165228,23846.440492,6.165228,21892.923828,1953.5166640000025,8.192068181644837
6.161429,23726.410392,6.161429,21891.296875,1835.1135170000016,7.734475998184536
6.157635,23725.836346,6.157635,21865.246094,1860.5902520000018,7.8420428467369225
6.153846,23706.688854,6.153846,21827.773438,1878.9154159999998,7.925676283058706
6.150062,23673.940585,6.150062,21780.486328,1893.4542570000012,7.998052754258027
6.146281,23580.588516,6.146281,21734.425781,1846.162734999998,7.829163100604261
6.142506,23576.238659,6.142506,21667.902344,1908.3363150000005,8.094320483439422
6.138735,23546.605413,6.138735,21633.447266,1913.158147000002,8.12498495406796
6.134969,23535.566482,6.134969,21631.810547,1903.7559349999974,8.08884687970434
6.131208,23520.011571,6.131208,21572.875,1947.136570999999,8.278637810709261
6.127451,23447.012872,6.127451,21484.339844,1962.673028000001,8.370674075689147
6.123699,23399.97972,6.123699,21458.078125,1941.9015949999994,8.298731957191626
6.119951,23249.501145,6.119951,21407.158203,1842.3429419999993,7.924225687724963
6.116208,23228.116545,6.116208,21402.226562,1825.889983000001,7.860688917513785
6.112469,23186.742235,6.112469,21389.076172,1797.6660630000006,7.7529911049188
6.108735,23173.527012,6.108735,21277.164062,1896.3629499999988,8.183316027025153
6.105006,22923.298453,6.105006,21217.816406,1705.4820469999977,7.439950452578953
6.101281,22859.311324,6.101281,21198.019531,1661.2917929999967,7.267462127154312
6.097561,22804.007791,6.097561,21166.65625,1637.351541,7.180104286958758
6.093845,22750.06809,6.093845,21165.005859,1585.0622309999999,6.967285657033829
6.090134,22734.357638,6.090134,21163.355469,1571.002169000003,6.910255367735159
6.086427,22730.633886,6.086427,21156.976562,1573.6573239999998,6.923068366207022
6.082725,22717.479225,6.082725,21096.117188,1621.362036999999,7.1370684262175175
6.079027,22679.054203,6.079027,21084.595703,1594.4585000000006,7.030533485779511
6.075334,22659.745828,6.075334,21032.744141,1627.001687,7.180140939575591
6.071645,22554.837022,6.071645,21026.128906,1528.708115999998,6.777739579802307
6.067961,22544.856551,6.067961,21004.595703,1540.2608480000017,6.831983359555604
6.064281,22420.102645,6.064281,20971.460938,1448.6417069999989,6.461351805287414
6.060606,22407.723942,6.060606,20959.857422,1447.8665199999996,6.461461787674855
6.056935,22393.565522,6.056935,20920.058594,1473.5069280000025,6.580046069717627
6.053269,22376.858606,6.053269,20830.400391,1546.4582150000024,6.910971026940055
6.049607,22368.904243,6.049607,20683.962891,1684.9413520000016,7.532516272124852
6.045949,22217.061556,6.045949,20675.630859,1541.4306969999998,6.938049359564009
6.042296,22198.741962,6.042296,20667.296875,1531.445087,6.898792236161586
6.038647,22196.634131,6.038647,20652.292969,1544.3411620000006,6.957546594162045
6.035003,22183.59005,6.035003,20645.623047,1537.967002999998,6.93290400486822
6.031363,22136.071813,6.031363,20625.607422,1510.4643909999977,6.8235430556967085
6.027728,22132.23531,6.027728,20623.939453,1508.295857000001,6.814927800440058
6.024096,22114.023031,6.024096,20603.917969,1510.1050620000024,6.828721575821363
6.02047,22107.116474,6.02047,20592.234375,1514.8820989999986,6.852463552999502
6.016847,22075.471238,6.016847,20592.234375,1483.2368629999983,6.71893635704955
6.013229,22024.707564,6.013229,20563.058594,1461.648970000002,6.636405799045014
6.009615,22017.719347,6.009615,20545.474609,1472.2447379999976,6.686635953512582
6.006006,22009.93873,6.006006,20453.507812,1556.4309180000018,7.071491370753133
6.002401,21980.104024,6.002401,20411.652344,1568.451680000002,7.13577914957734
5.9988,21972.872409,5.9988,20331.197266,1641.6751430000004,7.471372483497318
5.995204,21930.666641,5.995204,20272.457031,1658.209609999998,7.561145482463029
5.991612,21904.149491,5.991612,20259.023438,1645.126053,7.510568048651928
5.988024,21880.02511,5.988024,20168.248047,1711.7770629999977,7.823469371694874
5.98444,21822.236405,5.98444,20151.419922,1670.8164829999987,7.656486035579628
5.980861,21817.978594,5.980861,20148.054688,1669.923906,7.653889194204422
5.977286,21787.84106,5.977286,20143.005859,1644.835200999998,7.549326234161533
5.973716,21785.828544,5.973716,20087.431641,1698.3969030000007,7.795879323890821
5.970149,21761.238441,5.970149,19998.445312,1762.7931290000015,8.100610329597561
5.966587,21650.418582,5.966587,19984.554688,1665.8638939999983,7.694372687025024
5.963029,21610.896728,5.963029,19972.738281,1638.158446999998,7.580242817400215
5.959476,21595.239285,5.959476,19960.917969,1634.3213160000014,7.567970395841813
5.955926,21494.08123,5.955926,19950.783203,1543.2980270000007,7.180106981479016
5.952381,21467.087257,5.952381,19915.300781,1551.7864759999975,7.228677358145037
5.94884,21446.386994,5.94884,19879.794922,1566.5920719999995,7.304689934198618
5.945303,21443.092209,5.945303,19845.958984,1597.1332249999978,7.4482411838422085
5.941771,21439.522097,5.941771,19818.875,1620.647097000001,7.5591568210691396
5.938242,21390.06708,5.938242,19808.714844,1581.3522360000024,7.392927895390231
5.934718,21386.326429,5.934718,19796.859375,1589.4670540000006,7.432164936212106
5.931198,21331.885684,5.931198,19788.390625,1543.4950590000008,7.235624088111912
5.927682,21235.737181,5.927682,19617.023438,1618.7137430000002,7.622592656911825
5.924171,21230.369183,5.924171,19545.607422,1684.761760999998,7.935621592247457
5.920663,21170.501722,5.920663,19503.054688,1667.4470340000007,7.876275469972542
5.91716,21154.353705,5.91716,19480.914062,1673.4396430000015,7.910615783097503
5.913661,21111.973328,5.913661,19475.804688,1636.1686399999999,7.7499559827030104
5.910165,21052.595811,5.910165,19422.96875,1629.6270609999992,7.740741691095963
5.906675,21049.612571,5.906675,19402.501953,1647.1106180000024,7.824897548324583
5.903188,21040.966791,5.903188,19276.132812,1764.833978999999,8.387608784948437
5.899705,20992.901433,5.899705,19134.060547,1858.8408859999981,8.854616366073033
5.896226,20967.150342,5.896226,19113.490234,1853.660108,8.840782260653093
5.892752,20945.890791,5.892752,19079.191406,1866.699385,8.912007627778145
5.889282,20911.651486,5.889282,19070.613281,1841.038204999997,8.803887183336723
5.885815,20892.41684,5.885815,19035.501953,1856.9148870000026,8.887985058027411
5.882353,20883.490438,5.882353,19012.248047,1871.2423909999998,8.960390967953572
5.878895,20868.366934,5.878895,19008.8125,1859.5544340000015,8.9108766387
5.875441,20784.399056,5.875441,18966.958984,1817.4400719999976,8.74425123912997
5.871991,20742.019261,5.871991,18957.261719,1784.757542000003,8.60455059626609
5.868545,20720.011602,5.868545,18919.427734,1800.583867999998,8.690071717074698
5.865103,20594.697241,5.865103,18856.916016,1737.7812250000025,8.438003262026212
5.861665,20579.664514,5.861665,18731.617188,1848.0473259999999,8.979968185306443
5.858231,20562.498436,5.858231,18719.535156,1842.96328,8.96274003733619
5.854801,20497.447387,5.854801,18717.808594,1779.638793000002,8.682245937260918
5.851375,20471.718956,5.851375,18698.595703,1773.1232530000016,8.66133057419842
5.847953,20465.136912,5.847953,18697.089844,1768.0470680000035,8.63931219030001
5.844535,20400.230424,5.844535,18645.261719,1754.968705000003,8.60269059968733
5.841121,20348.043968,5.841121,18625.476562,1722.567406000002,8.465518399257284
5.837712,20330.239566,5.837712,18475.638672,1854.6008939999992,9.122375995517569
5.834306,20329.245986,5.834306,18390.642578,1938.6034080000027,9.53603202664303
5.830904,20295.719782,5.830904,18387.171875,1908.5479070000001,9.403696579870331
5.827506,20282.02312,5.827506,18350.705078,1931.3180420000026,9.52231456681232
5.824112,20264.090603,5.824112,18348.96875,1915.1218530000006,9.45081568435386
5.820722,20252.120281,5.820722,18328.121094,1923.9991870000013,9.500235828665534
5.817336,20226.187513,5.817336,18319.431641,1906.7558720000015,9.4271640207749
5.813953,20057.808705,5.813953,18296.833984,1760.9747209999987,8.77949703728615
5.810575,20051.189485,5.810575,18284.662109,1766.5273759999982,8.810087687423788
5.807201,20012.410792,5.807201,18263.792969,1748.6178230000005,8.737667046585981
5.803831,19999.627039,5.803831,18255.539062,1744.0879769999992,8.72060250723158
5.800464,19866.685616,5.800464,18218.546875,1648.1387409999988,8.295992461231885
5.797101,19845.736063,5.797101,18192.427734,1653.3083289999995,8.330798735565143
5.793743,19839.804822,5.793743,18171.525391,1668.279430999999,8.408749208813154
5.790388,19798.309751,5.790388,18124.466797,1673.8429539999997,8.45447401849774
5.787037,19771.083672,5.787037,18110.517578,1660.5660940000016,8.398963463756473
5.78369,19717.760953,5.78369,18107.847656,1609.9132969999991,8.164787578252161
5.780347,19708.717773,5.780347,18067.3125,1641.4052730000003,8.328320958802541
5.777008,19630.471845,5.777008,18034.152344,1596.3195010000018,8.13184478500752
5.773672,19558.273538,5.773672,17995.304688,1562.968850000001,7.991343647808639
5.77034,19537.227095,5.77034,17981.324219,1555.902876,7.963785589604931
5.767013,19489.820011,5.767013,17975.220703,1514.5993080000007,7.7712329161847835
5.763689,19434.676765,5.763689,17969.087891,1465.588874000001,7.541102389926993
5.760369,19427.043053,5.760369,17955.103516,1471.939537000002,7.576755417612045
5.757052,19397.434608,5.757052,17920.123047,1477.3115609999986,7.616015163111917
5.75374,19390.889973,5.75374,17809.806641,1581.083332000002,8.153742990659596
5.750431,19359.014814,5.750431,17783.509766,1575.505047999999,8.138353439662795
5.747126,19334.318811,5.747126,17718.599609,1615.7192020000002,8.356742318124798
5.743825,19307.239532,5.743825,17713.333984,1593.9055479999988,8.255481294248433
5.740528,19216.55416,5.740528,17702.800781,1513.753378999998,7.877340372244958
5.737235,19180.306026,5.737235,17685.240234,1495.0657919999976,7.794796339398082
5.733945,19169.392536,5.733945,17599.125,1570.2675359999994,8.191535193674222
5.730659,19101.557503,5.730659,17581.537109,1520.0203939999992,7.957573060528032
5.727377,19095.713435,5.727377,17497.037109,1598.6763260000007,8.371912007591355
5.724098,19091.697646,5.724098,17488.230469,1603.4671770000023,8.398766870980449
5.720824,19050.634717,5.720824,17472.371094,1578.2636230000026,8.28457238535798
5.717553,19033.035995,5.717553,17467.083984,1565.9520109999976,8.227547152284979
5.714286,18969.000807,5.714286,17440.642578,1528.3582290000013,8.057136190515642
5.711022,18954.981406,5.711022,17396.546875,1558.434530999999,8.22176765895794
5.707763,18831.682085,5.707763,17334.390625,1497.2914600000004,7.950917253390964
5.704507,18778.286439,5.704507,17290.591797,1487.6946419999986,7.922419581960657
5.701254,18716.890754,5.701254,17145.148438,1571.7423159999998,8.397454131980236
5.698006,18689.980199,5.698006,17134.160156,1555.8200429999997,8.324353618540716
5.694761,18689.412077,5.694761,17003.615234,1685.796843,9.020063531450594
5.69152,18667.593208,5.69152,16964.541016,1703.0521919999992,9.123041053145277
5.688282,18652.290206,5.688282,16960.988281,1691.3019249999998,9.067529543669377
5.685048,18636.017351,5.685048,16948.550781,1687.4665699999969,9.054866918276657
5.681818,18618.910283,5.681818,16876.367188,1742.543095000001,9.358996141632575
5.678592,18612.998457,5.678592,16857.857422,1755.1410350000006,9.429652288720439
5.675369,18605.013334,5.675369,16808.011719,1797.001615000001,9.6586956576701
5.67215,18531.907136,5.67215,16727.818359,1804.0887770000008,9.735041103758748
5.668934,18527.635543,5.668934,16720.685547,1806.9499959999994,9.75272852170654
5.665722,18502.4245,5.665722,16663.591797,1838.832703,9.938333773500872
5.662514,18497.465389,5.662514,16658.238281,1839.2271079999991,9.943130419877653
5.65931,18481.84736,5.65931,16626.097656,1855.749703999998,10.040931882255293
5.656109,18413.261663,5.656109,16624.3125,1788.9491630000011,9.715547390469954
5.652911,18384.680306,5.652911,16624.3125,1760.3678059999984,9.57518856297701
5.649718,18377.385042,5.649718,16599.302734,1778.082308000001,9.6753825636038
5.646527,18367.850509,5.646527,16586.794922,1781.055586999999,9.696592348284334
5.643341,18355.926083,5.643341,16518.851562,1837.0745209999986,10.00807321130679
5.640158,18234.457843,5.640158,16454.453125,1780.0047180000001,9.761763872147828
5.636979,18212.782765,5.636979,16450.835938,1761.9468269999998,9.674231827911443
5.633803,18199.446809,5.633803,16418.59375,1780.853059000001,9.785204339943633
5.630631,18192.785078,5.630631,16402.466797,1790.3182809999998,9.840814769834108
5.627462,18188.399281,5.627462,16375.578125,1812.8211560000018,9.966908731180729
5.624297,18154.34568,5.624297,16345.092773,1809.2529069999982,9.96594941448751
5.621135,18153.293437,5.621135,16319.975586,1833.3178509999998,10.099092252116277
5.617978,18093.114249,5.617978,16319.975586,1773.138662999998,9.80007442940896
5.614823,18089.858606,5.614823,16178.066406,1911.7922000000017,10.568309247955664
5.611672,18077.271189,5.611672,16174.469727,1902.8014619999994,10.525933046564308
5.608525,18009.512798,5.608525,16050.266602,1959.246196,10.878951685009374
5.605381,17974.54301,5.605381,16044.892578,1929.6504320000004,10.735463098708289
5.602241,17959.166049,5.602241,16011.692383,1947.4736659999999,10.84389810020404
5.599104,17953.031502,5.599104,15997.995117,1955.0363850000012,10.889728482803623
5.595971,17940.182896,5.595971,15840.9375,2099.2453959999984,11.701360059534583
5.592841,17932.591854,5.592841,15770.412109,2162.1797449999976,12.057262902114774
5.589715,17886.165965,5.589715,15750.506836,2135.6591289999997,11.940284648924198
5.586592,17882.749721,5.586592,15717.922852,2164.8268690000004,12.105671123148413
5.583473,17846.390102,5.583473,15705.246094,2141.144008000001,11.99763086967402
5.580357,17725.056302,5.580357,15627.479492,2097.5768100000005,11.83396415933145
5.577245,17702.423965,5.577245,15625.513672,2076.9102930000026,11.732349745471721
5.574136,17678.933532,5.574136,15618.260742,2060.6727899999987,11.656092186047589
5.571031,17670.081275,5.571031,15575.769531,2094.3117440000005,11.852303967402099
5.567929,17618.839925,5.567929,15574.726562,2044.1133630000004,11.601861255913535
5.56483,17604.937271,5.56483,15467.584961,2137.3523099999984,12.140641441084737
5.561735,17596.439646,5.561735,15460.31543,2136.1242159999983,12.139525148120402
5.558644,17593.960797,5.558644,15456.680664,2137.280133,12.14780547518575
5.555556,17560.995851,5.555556,15438.500977,2122.494874,12.08641521248999
5.552471,17553.409674,5.552471,15429.410156,2123.9995179999987,12.100210485863915
5.54939,17502.45146,5.54939,15409.404297,2093.047163000001,11.958594301966436
5.546312,17490.524645,5.546312,15356.635742,2133.888903000001,12.200256689327006
5.543237,17419.250736,5.543237,15267.381836,2151.8689000000013,12.353395290147462
5.540166,17417.250662,5.540166,15265.55957,2151.691091999999,12.353792993830195
5.537099,17411.385559,5.537099,15240.036133,2171.349425999999,12.470859476646428
5.534034,17366.279735,5.534034,15227.271484,2139.0082509999993,12.317020591860226
5.530973,17360.088531,5.530973,15178.012695,2182.075836000002,12.569497166465812
5.527916,17288.371291,5.527916,15125.066406,2163.3048849999996,12.513063541885957
5.524862,17230.638957,5.524862,15125.066406,2105.5725509999993,12.21993308695383
5.521811,17204.140498,5.521811,15121.413086,2082.727412,12.105966073935047
5.518764,17184.976519,5.518764,15114.107422,2070.8690970000007,12.050462185446765
5.51572,17169.419081,5.51572,15099.492188,2069.926893,12.05589358169153
5.512679,17078.0797,5.512679,15086.77832,1991.301379999999,11.659984114021901
5.509642,17077.780138,5.509642,15051.970703,2025.8094349999974,11.862252696955276
5.506608,17068.066611,5.506608,14872.5625,2195.5041109999984,12.863226755777035
5.503577,17025.087425,5.503577,14856.063477,2169.023948000002,12.740163347501879
5.50055,17024.0273,5.50055,14791.15918,2232.868120000001,13.115980611708727
5.497526,16998.128365,5.497526,14644.898438,2353.2299270000003,13.84405315967268
5.494505,16992.815531,5.494505,14639.380859,2353.4346719999994,13.849586419075917
5.491488,16954.840099,5.491488,14637.949219,2316.890880000001,13.665070661071296
5.488474,16944.045195,5.488474,14608.109375,2335.935819999999,13.786175574468531
5.485464,16934.26296,5.485464,14580.505859,2353.7571009999992,13.89937729536709
5.482456,16892.920527,5.482456,14574.983398,2317.937128999998,13.721352239213067
5.479452,16882.985245,5.479452,14573.142578,2309.842666999999,13.681482471733327
5.476451,16880.951317,5.476451,14538.15918,2342.7921369999985,13.878318188387196
5.473454,16843.526687,5.473454,14499.472656,2344.0540310000015,13.916646285300605
5.47046,16838.535579,5.47046,14480.957031,2357.5785479999995,14.001090159765607
5.467469,16802.559086,5.467469,14455.950195,2346.6088910000017,13.965782706011796
5.464481,16801.451433,5.464481,14429.416016,2372.035416999999,14.118038709090614
5.461496,16792.49772,5.461496,14420.636719,2371.8610009999993,14.124527753694997
5.458515,16785.131822,5.458515,14405.432617,2379.699204999999,14.17742339015155
5.455537,16781.935859,5.455537,14384.397461,2397.5383980000006,14.286423319358729
5.452563,16675.169848,5.452563,14353.750977,2321.4188710000017,13.921410649250026
5.449591,16642.242633,5.449591,14352.661133,2289.581500000002,13.75765003846283
5.446623,16623.097424,5.446623,14346.365234,2276.732189999999,13.696197116145825
5.443658,16622.947839,5.443658,14333.4375,2289.5103390000004,13.773190899561483
5.440696,16547.986088,5.440696,14283.551758,2264.434330000002,13.684047822847079
5.437738,16534.035315,5.437738,14265.067383,2268.9679320000014,13.723013703385217
5.434783,16530.896928,5.434783,14246.577148,2284.319779999998,13.818486619021996
5.431831,16520.72028,5.431831,14163.316406,2357.4038740000015,14.269377085537105
5.428882,16467.387495,5.428882,14026.19043,2441.1970649999985,14.824434451070157
5.425936,16464.384778,5.425936,13974.237305,2490.147472999999,15.124448964089918
5.422993,16462.089836,5.422993,13929.677734,2532.4121019999984,15.383296575517477
5.420054,16441.809564,5.420054,13917.099609,2524.7099549999984,15.35542633049316
5.417118,16438.836612,5.417118,13883.231445,2555.6051669999997,15.546143728531634
5.414185,16415.901457,5.414185,13864.645508,2551.2559490000003,15.541369785160988
5.411255,16336.782002,5.411255,13850.667969,2486.114033,15.217893173182098
5.408329,16317.209234,5.408329,13797.511719,2519.697515,15.441963627883942
5.405405,16246.287952,5.405405,13779.087891,2467.2000610000014,15.186238655189394
5.402485,16244.784235,5.402485,13692.983398,2551.800836999999,15.70843170389452
5.399568,16233.014051,5.399568,13643.108398,2589.905653,15.954558068287103
5.396654,16224.555812,5.396654,13618.866211,2605.689601,16.060159866273693
5.393743,16185.9542,5.393743,13564.760742,2621.1934579999997,16.194247343168684
5.390836,16164.558593,5.390836,13546.094727,2618.463866,16.198795970425792
5.387931,16143.002831,5.387931,13534.892578,2608.110252999999,16.156289386207312
5.38503,16135.449486,5.38503,13482.594727,2652.854759,16.44115809294164
5.382131,16087.746269,5.382131,13465.776367,2621.969901999999,16.297931718704177
5.379236,16049.225668,5.379236,13456.222656,2593.003011999999,16.156561479287433
5.376344,16033.674108,5.376344,13405.949219,2627.724888999999,16.388788192276504
5.373455,16030.162912,5.373455,13357.304688,2672.8582239999996,16.673930506340195
5.370569,16023.696135,5.370569,13329.226562,2694.4695730000003,16.815530888123646
5.367687,16006.125188,5.367687,13288.026367,2718.0988209999996,16.98161665658965
5.364807,15986.912992,5.364807,13258.047852,2728.86514,17.069368810386027
5.36193,15971.122971,5.36193,13188.678711,2782.44426,17.421719593871384
5.359057,15958.676478,5.359057,13173.392578,2785.2838999999985,17.453100849808447
5.356186,15945.588136,5.356186,13151.155273,2794.432863,17.52480271763116
5.353319,15941.119379,5.353319,13123.0,2818.1193789999998,17.678302959781128
5.350455,15917.614907,5.350455,13119.245117,2798.369789999999,17.580333525780773
5.347594,15905.571476,5.347594,13108.603516,2796.96796,17.58483160583296
5.344735,15843.687976,5.344735,13102.34668,2741.3412959999987,17.302419109443328
5.34188,15839.937977,5.34188,13083.566406,2756.3715709999997,17.401403812327565
5.339028,15794.620743,5.339028,13062.902344,2731.7183989999994,17.29524528286421
5.336179,15774.986068,5.336179,13059.144531,2715.8415370000002,17.216126374331072
5.333333,15772.658067,5.333333,12872.90918,2899.7488869999997,18.384655742122096
5.33049,15761.365291,5.33049,12825.808594,2935.556697,18.625015300395653
5.327651,15739.993726,5.327651,12782.451172,2957.5425540000015,18.789985596465677
5.324814,15731.37002,5.324814,12746.230469,2985.139551,18.97571252347925
5.32198,15646.896063,5.32198,12739.069336,2907.8267269999997,18.58404833324162
5.319149,15636.41234,5.319149,12731.522461,2904.8898790000003,18.57772624458687
5.316321,15609.676983,5.316321,12729.635742,2880.041240999999,18.450357711671806
5.313496,15605.365893,5.313496,12716.425781,2888.940112,18.512479180612313
5.310674,15604.442633,5.310674,12714.538086,2889.904547,18.51975501443724
5.307856,15591.284034,5.307856,12708.875977,2882.4080570000006,18.48730387256314
5.30504,15530.891444,5.30504,12688.112305,2842.779139,18.30403070712494
5.302227,15463.11681,5.302227,12688.112305,2775.004504999999,17.94595836723812
5.299417,15441.67979,5.299417,12654.12207,2787.5577200000007,18.052166331056917
5.29661,15382.755202,5.29661,12604.999023,2777.756179,18.057598541507364
5.293806,15345.095448,5.293806,12578.535156,2766.560292,18.028954602303106
5.291005,15296.814093,5.291005,12402.515625,2894.298468000001,18.920923340007548
5.288207,15288.78001,5.288207,12372.193359,2916.5866509999996,19.07664737861579
5.285412,15263.919162,5.285412,12298.233398,2965.685764,19.42938594291803
5.28262,15245.266241,5.28262,12279.113281,2966.1529599999994,19.456222758661625
5.279831,15200.266115,5.279831,12241.293945,2958.972170000001,19.466581358598805
5.277045,15176.420028,5.277045,12169.113281,3007.3067470000005,19.815653108253578
5.274262,15164.224973,5.274262,12127.293945,3036.931028000001,20.02694521749233
5.271481,15116.788386,5.271481,12072.135742,3044.652644,20.14086964940067
5.268704,15107.433334,5.268704,12028.362305,3079.071028999999,20.38116575414834
5.265929,15065.885424,5.265929,11994.088867,3071.7965569999997,20.389087468477747
5.263158,15001.219758,5.263158,11976.946289,3024.2734689999997,20.160183756972064
5.260389,14976.178024,5.260389,11971.225586,3004.9524380000003,20.064881929050447
5.257624,14966.96879,5.257624,11961.705078,3005.263712,20.079307668550296
5.254861,14960.105467,5.254861,11952.178711,3007.926755999999,20.106320524511574
5.252101,14932.935498,5.252101,11770.423828,3162.51167,21.17809770505981
5.249344,14871.106848,5.249344,11748.033203,3123.0736449999986,21.000949538736034
5.24659,14846.216692,5.24659,11684.969727,3161.2469650000003,21.293283201931594
5.243838,14826.001612,5.243838,11679.451172,3146.550440000001,21.22318965251709
5.24109,14805.891831,5.24109,11665.849609,3140.042222,21.20805864207046
5.238345,14709.846041,5.238345,11654.375977,3055.470064000001,20.771597850063458
5.235602,14705.542252,5.235602,11616.117188,3089.425063999999,21.008576297686865
5.232862,14659.635454,5.232862,11612.290039,3047.345415,20.787320561702693
5.230126,14646.452151,5.230126,11541.461914,3104.990237,21.19960660089279
5.227392,14621.496945,5.227392,11516.561523,3104.9354220000005,21.23541408707657
5.22466,14583.421169,5.22466,11482.072266,3101.348903,21.266264390639297
5.221932,14541.492394,5.221932,11455.237305,3086.255089,21.22378505161841
5.219207,14531.880164,5.219207,11435.036133,3096.8440310000005,21.310690674919336
5.216484,14528.892358,5.216484,11416.885742,3112.0066159999988,21.419434732658367
5.213764,14523.554625,5.213764,11355.487305,3168.06732,21.81330536359655
5.211047,14499.381416,5.211047,11260.419922,3238.961494000001,22.338618462894026
5.208333,14498.335385,5.208333,11238.321289,3260.014096000001,22.485437185932504
5.205622,14492.271193,5.205622,11192.177734,3300.0934589999997,22.771402874340342
5.202914,14454.479029,5.202914,11176.791016,3277.688013000001,22.675933227506714
5.200208,14437.912168,5.200208,11176.791016,3261.1211520000015,22.58720730569277
5.197505,14421.016469,5.197505,11103.665039,3317.3514300000006,23.003589498223747
5.194805,14395.362183,5.194805,11049.742188,3345.619994999999,23.240957417180944
5.192108,14390.252184,5.192108,11038.183594,3352.0685900000008,23.294022558736284
5.189414,14382.457875,5.189414,11028.548828,3353.909046999999,23.31944286678468
5.186722,14358.375456,5.186722,11005.422852,3352.952604,23.351893912196637
5.184033,14283.354206,5.184033,10999.640625,3283.713581,22.98979310910467
5.181347,14272.10396,5.181347,10991.929688,3280.174272,22.98311644305035
5.178664,14242.032405,5.178664,10976.506836,3265.5255689999995,22.92878906702642
5.175983,14166.715598,5.175983,10964.9375,3201.7780980000007,22.60070851180223
5.173306,14162.085266,5.173306,10916.714844,3245.370422,22.915907940417565
5.170631,14111.326947,5.170631,10868.464844,3242.8621029999995,22.98056104276867
5.167959,13998.655395,5.167959,10816.324219,3182.3311759999997,22.73312033337613
5.165289,13982.157442,5.165289,10800.868164,3181.289278,22.75249217580653
5.162623,13871.627841,5.162623,10764.151367,3107.476473999999,22.40167130792908
5.159959,13867.082923,5.159959,10750.620117,3116.4628059999995,22.473816759478822
5.157298,13857.723337,5.157298,10638.419922,3219.3034150000003,23.231113341716732
5.154639,13857.676502,5.154639,10601.632812,3256.0436900000004,23.496317651303766
5.151984,13839.619833,5.151984,10597.759766,3241.8600670000014,23.42448785529441
5.149331,13729.136098,5.149331,10570.642578,3158.49352,23.005770337291036
5.14668,13721.432534,5.14668,10551.267578,3170.1649559999987,23.103746260783815
5.144033,13698.593892,5.144033,10545.454102,3153.139790000001,23.017981369908625
5.141388,13677.860611,5.141388,10539.640625,3138.219986,22.943792711823534
5.138746,13675.999568,5.138746,10533.827148,3142.172419999999,22.975815437668338
5.136107,13658.294842,5.136107,10531.888672,3126.40617,22.890164593504974
5.13347,13609.236942,5.13347,10526.074219,3083.1627229999995,22.654927209658098
5.130836,13600.893273,5.130836,10518.320312,3082.572961,22.664489009110984
5.128205,13503.764614,5.128205,10510.566406,2993.198208,22.165657455972003
5.125577,13439.475829,5.125577,10489.239258,2950.2365710000013,21.952021109587587
5.122951,13432.852236,5.122951,10454.329102,2978.523134000001,22.17342290133713
5.120328,13411.950548,5.120328,10389.982422,3021.9681260000016,22.53190626661414
5.117707,13389.876149,5.117707,10355.338867,3034.5372819999993,22.66292270542494
5.11509,13376.093283,5.11509,10333.973633,3042.1196500000005,22.742960785615214
5.112474,13281.473974,5.112474,10332.03125,2949.4427240000005,22.20719424496009
5.109862,13277.523949,5.109862,10317.613281,2959.9106680000004,22.292640400192436
5.107252,13270.975286,5.107252,10258.181641,3012.7936450000016,22.70212686009821
5.104645,13191.593758,5.104645,10114.191406,3077.402352000001,23.328510629230983
5.102041,13143.517414,5.102041,10063.543945,3079.9734690000005,23.433403494557126
5.099439,13119.303169,5.099439,10010.917969,3108.3852000000006,23.69321876290578
5.09684,13094.456077,5.09684,9928.994141,3165.4619360000015,24.174062041110936
5.094244,13040.369577,5.094244,9907.525391,3132.8441860000003,24.02419783811623
5.09165,13030.764015,5.09165,9858.712891,3172.0511240000014,24.34278696436052
5.089059,13029.011504,5.089059,9853.231445,3175.7800590000006,24.374681517665504
5.08647,12938.721919,5.08647,9770.78418,3167.937738999999,24.484162800871452
5.083884,12931.572909,5.083884,9733.632812,3197.9400970000006,24.72970704727131
5.081301,12930.788423,5.081301,9651.454102,3279.3343210000003,25.36066799428136
5.07872,12902.840519,5.07872,9545.686523,3357.153995999999,26.018720382201444
5.076142,12872.460429,5.076142,9512.364258,3360.096171000001,26.102983105157858
5.073567,12809.132187,5.073567,9504.521484,3304.6107029999985,25.798864862631767
5.070994,12725.511039,5.070994,9495.359375,3230.151664000001,25.383276585910952
5.068424,12708.282309,5.068424,9473.144531,3235.1377780000003,25.456924069973464
5.065856,12692.043438,5.065856,9437.833008,3254.210430000001,25.639767511801047
5.063291,12685.642203,5.063291,9420.172852,3265.4693509999997,25.741458719588955
5.060729,12674.386006,5.060729,9331.816406,3342.5696000000007,26.37263531675335
5.058169,12612.03229,5.058169,9329.852539,3282.1797509999997,26.024194004025976
5.055612,12586.657324,5.055612,9217.810547,3368.8467770000007,26.765222014715118
5.053057,12571.283117,5.053057,9202.075195,3369.2079220000014,26.800827653335247
5.050505,12486.466756,5.050505,9093.816406,3392.65035,27.17061932968158
5.047956,12410.64753,5.047956,9070.179688,3340.467842,26.916144656635815
5.045409,12315.653117,5.045409,8882.844727,3432.80839,27.87353912446185
5.042864,12259.366183,5.042864,8786.072266,3473.293917000001,28.331757654946305
5.040323,12191.362349,5.040323,8764.333984,3427.028365,28.110298643376
5.037783,12139.868096,5.037783,8750.498047,3389.370049000001,27.919331760423116
5.035247,12135.973186,5.035247,8692.43457,3443.538616,28.37463929116496
5.032713,12119.462794,5.032713,8576.387695,3543.0750989999997,29.23458868782596
5.030181,12090.186548,5.030181,8518.94043,3571.246117999999,29.53838721860555
5.027652,12034.03137,5.027652,8509.032227,3524.999143000001,29.2919225039381
5.025126,12022.468233,5.025126,8499.123047,3523.3451860000005,29.30633808063563
5.022602,12022.073075,5.022602,8429.729492,3592.343583,29.881232301526328
5.02008,12016.99632,5.02008,8405.926758,3611.0695620000006,30.04968517790143
5.017561,12002.785865,5.017561,8362.182617,3640.6032479999994,30.331318820041282
5.015045,11999.28461,5.015045,8358.301758,3640.982852000001,30.343332709732273
5.012531,11945.557614,5.012531,8356.316406,3589.2412079999995,30.046661059953088
5.01002,11800.071424,5.01002,8342.421875,3457.6495489999998,29.30193746088295
5.007511,11790.740687,5.007511,8314.625,3476.1156869999995,29.481741472209848
5.005005,11782.693079,5.005005,8278.875,3503.8180790000006,29.73698844150297
5.002501,11767.460421,5.002501,8255.03418,3512.426240999999,29.848634415050046
5.0,11705.379041,5.0,8244.258789,3461.1202520000006,29.568630284221143
4.997501,11555.206463,4.997501,8227.211914,3327.994549000001,28.800822898805876
4.995005,11516.94497,4.995005,8225.224609,3291.7203609999997,28.58154110811905
4.992511,11503.875098,4.992511,8149.666992,3354.208106,29.157202050838887
4.99002,11496.137511,4.99002,8143.699219,3352.4382920000007,29.16143173124228
4.987531,11444.3799,4.987531,8113.855957,3330.523943,29.10182965002761
4.985045,11441.593184,4.985045,8105.895996,3335.697187999999,29.154132071962323
4.982561,11431.903341,4.982561,8097.507812,3334.3955289999994,29.16745733006106
4.98008,11285.828264,4.98008,8085.993652,3199.8346119999997,28.352678573064626
4.977601,11276.90497,4.977601,8082.012695,3194.8922749999992,28.331286673953404
4.975124,11269.496151,4.975124,8046.692871,3222.803279999999,28.59758091060729
4.97265,11220.736172,4.97265,8010.327637,3210.4085350000005,28.61138953619807
4.970179,11220.362093,4.970179,7984.428711,3235.933382,28.8398302584084
4.96771,11218.965071,4.96771,7984.428711,3234.536360000001,28.830969162752652
4.965243,11216.415609,4.965243,7970.952148,3245.4634609999994,28.934942981212775
4.962779,11197.59055,4.962779,7956.529297,3241.0612530000008,28.944273667874025
4.960317,11129.43647,4.960317,7934.603027,3194.8334430000004,28.70615643129683
4.957858,11106.884371,4.957858,7920.647461,3186.2369100000005,28.687044931513316
4.955401,11080.792445,4.955401,7880.763672,3200.028772999999,28.879060670827318
4.952947,11005.943614,4.952947,7804.939453,3201.004161,29.084322737472455
4.950495,10999.693191,4.950495,7669.108887,3330.584304,30.278883657637827
4.948046,10926.010535,4.948046,7665.111328,3260.8992069999995,29.84528704740078
4.945598,10858.777738,4.945598,7615.125,3243.6527380000007,29.871250855876024
4.943154,10854.041289,4.943154,7585.121094,3268.9201950000006,30.11707904882285
4.940711,10835.583764,4.940711,7567.114258,3268.4695060000013,30.164221671739742
4.938272,10821.281799,4.938272,7555.108398,3266.173401,30.182869845435768
4.935834,10817.100729,4.935834,7543.100586,3274.000143,30.266891517637458
4.933399,10798.982004,4.933399,7483.56543,3315.416574,30.701195471683835
4.930966,10763.444099,4.930966,7304.652832,3458.7912670000005,32.13461448943974
4.928536,10687.552329,4.928536,7300.640625,3386.911704,31.690246744428364
4.926108,10616.148875,4.926108,7288.602539,3327.5463360000003,31.344194351268463
4.923683,10567.538301,4.923683,7274.556641,3292.9816600000004,31.161293824583414
4.92126,10545.102757,4.92126,7167.207031,3377.8957260000006,32.032838406981874
4.918839,10424.118073,4.918839,7166.135742,3257.9823309999992,31.25427310190061
4.916421,10400.879838,4.916421,7089.770508,3311.109330000001,31.8348964854179
4.914005,10359.926605,4.914005,7067.654297,3292.2723080000005,31.778915368097827
4.911591,10337.468791,4.911591,7019.383789,3318.085001999999,32.097654358954756
4.90918,10300.5152,4.90918,7011.336426,3289.178774,31.93217727594829
4.906771,10294.470082,4.906771,6991.21582,3303.2542619999995,32.087657117735255
4.904365,10236.877939,4.904365,6818.01416,3418.8637790000002,33.39752412183177
4.901961,10197.401815,4.901961,6799.871582,3397.5302329999995,33.31760672608153
4.899559,10011.07372,4.899559,6757.526855,3253.5468650000003,32.49947963623626
4.89716,9882.927647,4.89716,6753.493164,3129.434483,31.665055080616234
4.894763,9882.682446,4.894763,6692.597168,3190.0852780000005,32.27954854798741
4.892368,9873.449565,4.892368,6668.749023,3204.7005420000005,32.45775978195317
4.889976,9855.396254,4.889976,6640.485352,3214.9109019999996,32.620818271971224
4.887586,9841.858501,4.887586,6630.389648,3211.4688530000003,32.630715557165274
4.885198,9781.091098,4.885198,6614.234375,3166.856723000001,32.37733593594223
4.882812,9762.151154,4.882812,6587.976074,3174.175079999999,32.51511915690216
4.880429,9753.000685,4.880429,6551.608398,3201.3922870000006,32.824690476272636
4.878049,9740.827658,4.878049,6533.419434,3207.408224,32.92747122330824
4.87567,9700.160942,4.87567,6515.228027,3184.9329150000003,32.83381517114626
4.873294,9667.753959,4.873294,6452.542969,3215.2109899999996,33.257062639734066
4.870921,9658.354284,4.870921,6422.19873,3236.155553999999,33.506283356793034
4.868549,9649.958861,4.868549,6391.845215,3258.113645999999,33.76297964510047
4.86618,9591.327185,4.86618,6387.797363,3203.5298220000004,33.400276731358325
4.863813,9587.96636,4.863813,6383.749512,3204.216848,33.41914987695055
4.861449,9575.718822,4.861449,6302.758789,3272.9600330000003,34.17978424220694
4.859086,9541.961304,4.859086,6239.94873,3302.0125740000003,34.60517674302235
4.856727,9521.158002,4.856727,6124.363281,3396.794721,35.67627719534194
4.854369,9465.45729,4.854369,6124.363281,3341.0940090000004,35.297755899546196
4.852014,9409.478933,4.852014,6102.042969,3307.4359640000002,35.15004377554304
4.849661,9365.07124,4.849661,5907.051758,3458.0194819999997,36.92464684336987
4.84731,9362.373245,4.84731,5841.977051,3520.396194000001,37.601536510842244
4.844961,9311.941625,4.844961,5829.770996,3482.1706289999993,37.39467845944534
4.842615,9281.483193,4.842615,5740.220215,3541.2629779999997,38.154063357791614
4.840271,9239.380946,4.840271,5723.930176,3515.4507699999995,38.048553150327045
4.837929,9232.851426,4.837929,5685.231934,3547.619491999999,38.42387717850404
4.83559,9227.716994,4.83559,5662.41748,3565.2995140000003,38.63685369109403
4.833253,9197.702516,4.833253,5334.29541,3863.4071059999997,42.00404502406283
4.830918,9135.093331,4.830918,5283.986816,3851.1065150000004,42.15727607216934
4.828585,9118.642148,4.828585,5107.233398,4011.4087500000005,43.991294810048295
4.826255,9118.475088,4.826255,5094.946777,4023.528310999999,44.12501292343279
4.823927,9114.928556,4.823927,5068.321289,4046.6072670000003,44.39538107335221
4.821601,9068.526956,4.821601,4957.65625,4110.870706,45.33118472212435
4.819277,9048.442586,4.819277,4953.555664,4094.886921999999,45.25515726138022
4.816956,8982.586392,4.816956,4951.505371,4031.081020999999,44.87661843798273
4.814636,8972.751276,4.814636,4934.814941,4037.9363350000012,45.00220958760476
4.81232,8969.407976,4.81232,4916.64209,4052.765886,45.18431870692287
4.810005,8908.941985,4.810005,4910.48877,3998.4532149999995,44.881347546456155
4.807692,8901.305284,4.807692,4902.283691,3999.0215930000004,44.92623795510304
4.805382,8894.104828,4.805382,4889.975098,4004.1297299999997,45.02004201023568
4.803074,8838.552468,4.803074,4672.304688,4166.24778,47.13721839728745
4.800768,8827.927335,4.800768,4485.110352,4342.816983000001,49.19407260843749
4.798464,8821.323789,4.798464,4314.880371,4506.443418,51.085795349893374
4.796163,8804.179222,4.796163,4184.152832,4620.026390000001,52.4753787207718
4.793864,8659.745672,4.793864,4058.184082,4601.561589999999,53.137375672341804
4.791567,8658.423306,4.791567,4025.121338,4633.301968000001,53.51207493850845
4.789272,8637.822574,4.789272,3973.442383,4664.380191,53.99949062440652
4.786979,8627.786842,4.786979,3923.80957,4703.977272,54.521250445144
4.784689,8615.868413,4.784689,3921.741211,4694.127202,54.48234556272116
4.782401,8613.852997,4.782401,3917.604004,4696.248993,54.51972531497336
4.780115,8607.396017,4.780115,3874.156494,4733.239522999999,54.99037703913745
4.777831,8596.917113,4.777831,3807.920654,4788.996459,55.70597454939078
4.775549,8551.716966,4.775549,3783.072998,4768.643968,55.76241574597501
4.77327,8534.176279,4.77327,3770.647217,4763.529062,55.81709243247751
4.770992,8511.193046,4.770992,3741.648926,4769.5441200000005,56.038490658387076
4.768717,8502.086818,4.768717,3729.218994,4772.867824,56.137603933839294
4.766444,8498.97785,4.766444,3656.685547,4842.292302999999,56.97499615203727
4.764173,8405.634181,4.764173,3627.659912,4777.974268999999,56.84251974467409
4.761905,8402.478774,4.761905,3625.586426,4776.892347999999,56.85098976722509
4.759638,8400.788594,4.759638,3579.960449,4820.8281449999995,57.38542389274175
4.757374,8363.323378,4.757374,3503.187744,4860.135633999999,58.11249206009118
4.755112,8257.68045,4.755112,3391.05542,4866.625029999999,58.9345284001635
4.752852,8255.258287,4.752852,3320.401855,4934.8564320000005,59.778340791240716
4.750594,8237.256785,4.750594,3124.856934,5112.399851,62.06434963044557
4.748338,8217.041457,4.748338,3093.625,5123.416456999999,62.351108775719055
4.746084,8201.865196,4.746084,3068.633789,5133.231407000001,62.58614698402318
4.743833,8198.191247,4.743833,2949.858154,5248.333093000001,64.01818321718886
4.741584,8180.615645,4.741584,2881.04248,5299.573165,64.78208236368009
4.739336,8150.792695,4.739336,2830.97168,5319.8210149999995,65.26752935654191
4.737091,8145.07825,4.737091,2726.594482,5418.483768,66.52463735385231
4.734848,8097.749157,4.734848,2701.53125,5396.217907,66.63849178799649
4.732608,8056.87086,4.732608,2680.641602,5376.229257999999,66.7285023108835
4.730369,7995.661884,4.730369,2599.139648,5396.522236000001,67.49312707680775
4.728132,7985.506045,4.728132,2597.049316,5388.4567289999995,67.47796193046398
4.725898,7973.580784,4.725898,2569.870117,5403.710666999999,67.77018774103637
4.723666,7970.881377,4.723666,2551.050537,5419.83084,67.99537696846093
4.721435,7964.229446,4.721435,2492.483154,5471.746292,68.70402628528188
4.719207,7912.021436,4.719207,2400.395752,5511.625684000001,69.661409901165
4.716981,7904.805395,4.716981,2345.949951,5558.855444000001,70.32248317607066
4.714757,7900.078883,4.714757,2329.192871,5570.886012,70.51684033165621
4.712535,7886.187651,4.712535,2322.908447,5563.279204,70.54459581994038
4.710316,7818.170403,4.710316,2278.908936,5539.261467,70.85112221235887
4.708098,7814.501997,4.708098,2251.663818,5562.838179,71.18608685666192
4.705882,7806.264223,4.705882,2226.509521,5579.754702,71.47791238682494
4.703669,7795.256094,4.703669,2213.93042,5581.325674,71.59900337714292
4.701457,7787.6052,4.701457,2213.93042,5573.674779999999,71.57110095925252
4.699248,7765.302168,4.699248,2138.431641,5626.870527,72.46170728793719
4.697041,7758.437946,4.697041,2134.236084,5624.201862,72.49142032385085
4.694836,7747.834546,4.694836,2056.593018,5691.2415280000005,73.45589911878328
4.692633,7731.888944,4.692633,2041.898804,5689.99014,73.59120366589683
4.690432,7716.633764,4.690432,2014.605103,5702.028661,73.89269512311665
4.688233,7697.917782,4.688233,1920.084229,5777.833553,75.05709617359486
4.686036,7681.632629,4.686036,1869.645996,5811.9866329999995,75.66082516180688
4.683841,7644.945031,4.683841,1846.005981,5798.93905,75.85324716509398
4.681648,7642.997995,4.681648,1817.08606,5825.911935,76.22548035222924
4.679457,7632.397216,4.679457,1806.571655,5825.825561000001,76.33021966921697
4.677268,7627.452046,4.677268,1800.262695,5827.189351000001,76.39758750179104
4.675082,7589.595341,4.675082,1777.126953,5812.468388,76.58469426690347
4.672897,7582.968946,4.672897,1695.223633,5887.745312999999,77.64432842766385
4.670715,7479.581011,4.670715,1657.179199,5822.401812,77.84395681305095
4.668534,7471.853268,4.668534,1596.112793,5875.740475,78.63832792547285
4.666356,7450.322689,4.666356,1587.687622,5862.635066999999,78.68967978602946
4.664179,7435.450254,4.664179,1524.922241,5910.528013,79.491191670879
4.662005,7430.032386,4.662005,1524.483032,5905.549354,79.48214822222714
4.659832,7425.06181,4.659832,1446.490723,5978.571087,80.51880563402341
4.657662,7422.55024,4.657662,1376.892944,6045.657295999999,81.44986696647808
4.655493,7394.103403,4.655493,1288.263672,6105.839731,82.57714827902846
4.653327,7360.381593,4.653327,1224.922485,6135.459108,83.35789429497858
4.651163,7347.093352,4.651163,1220.69873,6126.394622,83.38528351939742
4.649,7329.265396,4.649,1195.353516,6133.91188,83.69067769530663
4.64684,7310.530514,4.64684,1167.891113,6142.639401,84.02453678616845
4.644682,7307.217861,4.644682,1163.665649,6143.5522120000005,84.0751203654307
4.642526,7294.373116,4.642526,1087.585449,6206.787667,85.09007653290435
4.640371,7253.058101,4.640371,1076.416992,6176.641109,85.15912905962257
4.638219,7203.523479,4.638219,1047.415527,6156.107952,85.45967775279045
4.636069,7195.717084,4.636069,1003.003967,6192.713117,86.0610977989918
4.63392,7088.278464,4.63392,969.157227,6119.121237,86.32732571212937
4.631774,7085.655074,4.631774,956.462646,6129.192428,86.50142243714868
4.62963,7068.34187,4.62963,955.123474,6113.218396,86.48730506296238
4.627487,6912.750059,4.627487,945.882996,5966.867063,86.31683500883248
4.625347,6849.465833,4.625347,837.925354,6011.540479,87.76655910942772
4.623209,6817.36198,4.623209,820.983459,5996.378521,87.95746123781444
4.621072,6793.661817,4.621072,793.448547,6000.21327,88.3207529551364
4.618938,6755.879622,4.618938,742.601135,6013.2784870000005,89.00807627504527
4.616805,6755.26942,4.616805,460.613068,6294.656352,93.18142564919343
4.614675,6740.059935,4.614675,441.388367,6298.671568,93.4512694062564
4.612546,6696.65804,4.612546,303.302246,6393.355794,95.47084166179106
4.61042,6678.172396,4.61042,243.779251,6434.393145,96.3496112926642
4.608295,6646.809044,4.608295,173.596512,6473.212532,97.38827291635971
4.606172,6619.369488,4.606172,168.761856,6450.607632,97.45048442595716
4.604052,6597.762781,4.604052,133.173279,6464.589502000001,97.98153884247692
4.601933,6525.0049,4.601933,133.173279,6391.831621,97.95903173957771
4.599816,6524.641839,4.599816,92.739128,6431.902711,98.57863266232229
4.597701,6512.887606,4.597701,69.32489,6443.562716,98.9355736780083
4.595588,6452.030291,4.595588,58.680851,6393.34944,99.09050564933251
4.593477,6451.202596,4.593477,50.165073,6401.037523,99.22239191447647
4.591368,6425.708339,4.591368,11.838115,6413.870224,99.81576949379807
