RP,Loss_gen,ReturnPeriod,Loss_expected,Loss_Diff,Percent_Diff
10000.0,430000.030291,10000.0,430000.03125,0.0009590000263415277,2.230232462291991e-07
5000.0,430000.029873,5000.0,430000.03125,0.0013770000077784061,3.202325377012419e-07
3333.333333,430000.029066,3333.333333,430000.03125,0.002183999982662499,5.079069383800623e-07
2500.0,430000.027364,2500.0,430000.03125,0.003886000020429492,9.037208774733282e-07
2000.0,430000.026208,2000.0,430000.03125,0.005041999975219369,1.1725580623058957e-06
1666.666667,430000.025797,1666.666667,430000.03125,0.005453000019770116,1.268139463401902e-06
1428.571429,430000.017951,1428.571429,430000.03125,0.013298999983817339,3.092790564797792e-06
1250.0,430000.011189,1250.0,430000.03125,0.02006100001744926,4.665348719870556e-06
1111.111111,430000.007465,1111.111111,430000.03125,0.023785000026691705,5.531395259016989e-06
1000.0,430000.006991,1000.0,430000.03125,0.024259000027086586,5.641627821553578e-06
909.090909,430000.006335,909.090909,430000.03125,0.024915000016335398,5.7941859649473765e-06
833.333333,430000.005882,833.333333,430000.0,0.00588200002675876,1.3679069642554587e-06
769.230769,430000.0,769.230769,430000.0,0.0,0.0
714.285714,430000.0,714.285714,430000.0,0.0,0.0
666.666667,430000.0,666.666667,430000.0,0.0,0.0
625.0,430000.0,625.0,430000.0,0.0,0.0
588.235294,430000.0,588.235294,430000.0,0.0,0.0
555.555556,430000.0,555.555556,430000.0,0.0,0.0
526.315789,430000.0,526.315789,430000.0,0.0,0.0
500.0,430000.0,500.0,430000.0,0.0,0.0
476.190476,430000.0,476.190476,430000.0,0.0,0.0
454.545455,430000.0,454.545455,430000.0,0.0,0.0
434.782609,430000.0,434.782609,430000.0,0.0,0.0
416.666667,430000.0,416.666667,430000.0,0.0,0.0
400.0,430000.0,400.0,430000.0,0.0,0.0
384.615385,430000.0,384.615385,430000.0,0.0,0.0
370.37037,430000.0,370.37037,430000.0,0.0,0.0
357.142857,430000.0,357.142857,430000.0,0.0,0.0
344.827586,430000.0,344.827586,430000.0,0.0,0.0
333.333333,430000.0,333.333333,430000.0,0.0,0.0
322.580645,430000.0,322.580645,430000.0,0.0,0.0
312.5,430000.0,312.5,430000.0,0.0,0.0
303.030303,430000.0,303.030303,430000.0,0.0,0.0
294.117647,430000.0,294.117647,430000.0,0.0,0.0
285.714286,430000.0,285.714286,430000.0,0.0,0.0
277.777778,430000.0,277.777778,430000.0,0.0,0.0
270.27027,430000.0,270.27027,430000.0,0.0,0.0
263.157895,430000.0,263.157895,430000.0,0.0,0.0
256.410256,430000.0,256.410256,430000.0,0.0,0.0
250.0,430000.0,250.0,430000.0,0.0,0.0
243.902439,430000.0,243.902439,430000.0,0.0,0.0
238.095238,430000.0,238.095238,430000.0,0.0,0.0
232.55814,430000.0,232.55814,430000.0,0.0,0.0
227.272727,430000.0,227.272727,430000.0,0.0,0.0
222.222222,430000.0,222.222222,430000.0,0.0,0.0
217.391304,430000.0,217.391304,430000.0,0.0,0.0
212.765957,430000.0,212.765957,430000.0,0.0,0.0
208.333333,430000.0,208.333333,430000.0,0.0,0.0
204.081633,430000.0,204.081633,430000.0,0.0,0.0
200.0,430000.0,200.0,430000.0,0.0,0.0
196.078431,430000.0,196.078431,430000.0,0.0,0.0
192.307692,430000.0,192.307692,430000.0,0.0,0.0
188.679245,430000.0,188.679245,430000.0,0.0,0.0
185.185185,430000.0,185.185185,430000.0,0.0,0.0
181.818182,430000.0,181.818182,430000.0,0.0,0.0
178.571429,430000.0,178.571429,430000.0,0.0,0.0
175.438596,430000.0,175.438596,430000.0,0.0,0.0
172.413793,430000.0,172.413793,430000.0,0.0,0.0
169.491525,430000.0,169.491525,430000.0,0.0,0.0
166.666667,430000.0,166.666667,430000.0,0.0,0.0
163.934426,430000.0,163.934426,430000.0,0.0,0.0
161.290323,430000.0,161.290323,430000.0,0.0,0.0
158.730159,430000.0,158.730159,430000.0,0.0,0.0
156.25,430000.0,156.25,430000.0,0.0,0.0
153.846154,430000.0,153.846154,430000.0,0.0,0.0
151.515152,430000.0,151.515152,430000.0,0.0,0.0
149.253731,430000.0,149.253731,430000.0,0.0,0.0
147.058824,430000.0,147.058824,430000.0,0.0,0.0
144.927536,430000.0,144.927536,430000.0,0.0,0.0
142.857143,430000.0,142.857143,430000.0,0.0,0.0
140.84507,430000.0,140.84507,430000.0,0.0,0.0
138.888889,430000.0,138.888889,430000.0,0.0,0.0
136.986301,430000.0,136.986301,430000.0,0.0,0.0
135.135135,430000.0,135.135135,430000.0,0.0,0.0
133.333333,430000.0,133.333333,430000.0,0.0,0.0
131.578947,430000.0,131.578947,430000.0,0.0,0.0
129.87013,430000.0,129.87013,430000.0,0.0,0.0
128.205128,430000.0,128.205128,430000.0,0.0,0.0
126.582278,430000.0,126.582278,430000.0,0.0,0.0
125.0,430000.0,125.0,430000.0,0.0,0.0
123.45679,430000.0,123.45679,430000.0,0.0,0.0
121.95122,430000.0,121.95122,430000.0,0.0,0.0
120.481928,430000.0,120.481928,430000.0,0.0,0.0
119.047619,430000.0,119.047619,430000.0,0.0,0.0
117.647059,430000.0,117.647059,430000.0,0.0,0.0
116.27907,430000.0,116.27907,430000.0,0.0,0.0
114.942529,430000.0,114.942529,430000.0,0.0,0.0
113.636364,430000.0,113.636364,430000.0,0.0,0.0
112.359551,430000.0,112.359551,430000.0,0.0,0.0
111.111111,430000.0,111.111111,430000.0,0.0,0.0
109.89011,430000.0,109.89011,430000.0,0.0,0.0
108.695652,430000.0,108.695652,430000.0,0.0,0.0
107.526882,430000.0,107.526882,430000.0,0.0,0.0
106.382979,430000.0,106.382979,430000.0,0.0,0.0
105.263158,430000.0,105.263158,430000.0,0.0,0.0
104.166667,430000.0,104.166667,430000.0,0.0,0.0
103.092784,430000.0,103.092784,430000.0,0.0,0.0
102.040816,430000.0,102.040816,430000.0,0.0,0.0
101.010101,430000.0,101.010101,430000.0,0.0,0.0
100.0,430000.0,100.0,430000.0,0.0,0.0
99.009901,430000.0,99.009901,430000.0,0.0,0.0
98.039216,430000.0,98.039216,430000.0,0.0,0.0
97.087379,430000.0,97.087379,430000.0,0.0,0.0
96.153846,430000.0,96.153846,430000.0,0.0,0.0
95.238095,429999.998326,95.238095,430000.0,0.0016739999991841614,3.893023269072285e-07
94.339623,429999.997737,94.339623,430000.0,0.002263000002130866,5.262790730326887e-07
93.457944,429999.980923,93.457944,430000.0,0.01907699997536838,4.4365118190050555e-06
92.592593,429999.975883,92.592593,430000.0,0.024116999993566424,5.608604964231089e-06
91.743119,429999.973313,91.743119,430000.0,0.026687000005040318,6.206279456118631e-06
90.909091,429319.238435,90.909091,430000.0,680.7615649999934,0.1585676820544026
90.09009,428528.775031,90.09009,430000.0,1471.2249689999735,0.34331999499766247
89.285714,427345.978008,89.285714,430000.0,2654.0219919999945,0.6210476121411656
88.495575,427229.130281,88.495575,430000.0,2770.8697190000094,0.6485676005232917
87.719298,426634.382025,87.719298,430000.0,3365.617975000001,0.7888764049032462
86.956522,425961.433597,86.956522,430000.0,4038.5664029999753,0.9481061158275758
86.206897,425904.440562,86.206897,430000.0,4095.5594380000257,0.9616146365123011
85.470085,425434.23987,85.470085,430000.0,4565.76013000001,1.0731999689059277
84.745763,424592.453908,84.745763,430000.0,5407.546091999975,1.2735850678052025
84.033613,424361.728671,84.033613,430000.0,5638.27132900001,1.32864745995303
83.333333,423967.102198,83.333333,430000.0,6032.897801999992,1.422963661737727
82.644628,423146.119321,82.644628,430000.0,6853.880678999994,1.619743243775472
81.967213,422965.279064,81.967213,430000.0,7034.720935999998,1.663191113835033
81.300813,422836.604058,81.300813,430000.0,7163.395941999974,1.6941286239772608
80.645161,418735.802736,80.645161,430000.0,11264.197264000017,2.690048758763947
80.0,418648.128921,80.0,430000.0,11351.871079000004,2.7115542372678636
79.365079,417856.687382,79.365079,430000.0,12143.312618000025,2.906095076300345
78.740157,417628.438873,78.740157,430000.0,12371.561127000023,2.962336846692136
78.125,417395.669796,78.125,430000.0,12604.330203999998,3.0197558614252755
77.51938,416442.021016,77.51938,430000.0,13557.978983999987,3.255670249347647
76.923077,415404.17292,76.923077,430000.0,14595.827080000017,3.513644790181473
76.335878,413609.518523,76.335878,430000.0,16390.481476999994,3.9627911696835265
75.757576,409863.595189,75.757576,430000.0,20136.404810999986,4.912952759738152
75.18797,409431.520261,75.18797,430000.0,20568.479738999973,5.023667871464365
74.626866,408370.49824,74.626866,429999.96875,21629.470510000014,5.296531116527507
74.074074,407134.100388,74.074074,429999.96875,22865.86836199998,5.616298988517233
73.529412,406276.923974,73.529412,429999.96875,23723.044776000024,5.839131729154817
72.992701,405661.807376,72.992701,429999.96875,24338.161374000018,5.999618630955182
72.463768,401965.087664,72.463768,429999.96875,28034.88108600001,6.974456724319846
71.942446,400848.420079,71.942446,428938.78125,28090.361170999997,7.007726552960817
71.428571,398873.971213,71.428571,426023.03125,27149.06003699999,6.806425587119171
70.921986,397087.853091,70.921986,423397.9375,26310.084409000003,6.625759061678112
70.422535,397084.093332,70.422535,421667.78125,24583.68791799998,6.191053313597653
69.93007,395766.20722,69.93007,418229.5,22463.292780000018,5.675899652421067
69.444444,394432.653024,69.444444,415015.875,20583.221976,5.2184376263462084
68.965517,389568.272708,68.965517,414192.1875,24623.914792000025,6.3208214110538785
68.493151,388316.627778,68.493151,414174.84375,25858.215971999976,6.659054524645047
68.027211,388257.412561,68.027211,414039.3125,25781.899939000024,6.640414092531813
67.567568,388237.129918,67.567568,413654.5,25417.37008199998,6.546867397090127
67.114094,385889.129012,67.114094,412459.625,26570.49598800001,6.885525916739092
66.666667,385354.534593,66.666667,410311.375,24956.84040699998,6.476332355439557
66.225166,384736.850764,66.225166,404883.125,20146.274236000027,5.236377590551595
65.789474,384134.792088,65.789474,403751.40625,19616.614162000013,5.106700711844429
65.359477,383870.009941,65.359477,403479.125,19609.115058999974,5.1082696098124085
64.935065,382731.955154,64.935065,402469.0,19737.044845999975,5.156884493237146
64.516129,382550.304993,64.516129,402304.46875,19754.163757000002,5.163808131681262
64.102564,380889.469668,64.102564,401578.8125,20689.342831999995,5.431849520553492
63.694268,380646.159824,63.694268,399690.3125,19044.152676000027,5.003111731064227
63.291139,380222.341636,63.291139,399647.6875,19425.345863999974,5.108943830185689
62.893082,379810.556794,62.893082,398102.4375,18291.880706000025,4.816053787552066
62.5,376903.134341,62.5,395540.75,18637.615659000003,4.944935173220866
62.111801,375625.491547,62.111801,393267.125,17641.633452999988,4.696601761595987
61.728395,374700.384526,61.728395,392136.34375,17435.95922399999,4.65330700048698
61.349693,374578.053515,61.349693,390590.625,16012.571485000022,4.2748290602558745
60.97561,374060.805548,60.97561,388814.0625,14753.256952000025,3.9440798750316723
60.606061,373564.292418,60.606061,386665.5625,13101.270082000003,3.507099138731474
60.240964,371097.609791,60.240964,386246.65625,15149.046458999976,4.082226901847152
59.88024,368632.099273,59.88024,386130.25,17498.15072699997,4.74677890544775
59.52381,367234.138887,59.52381,385792.78125,18558.64236300002,5.0536266642439305
59.171598,365148.766852,59.171598,384974.875,19826.10814800003,5.429597453915498
58.823529,365116.811431,58.823529,384061.4375,18944.62606899999,5.188647982203404
58.479532,364878.588129,58.479532,383526.3125,18647.72437100002,5.110665568681509
58.139535,364551.253109,58.139535,381686.4375,17135.184391000017,4.700349880809938
57.803468,364341.986026,57.803468,381199.5,16857.513974,4.626838141239375
57.471264,364111.825241,57.471264,381184.40625,17072.581009000016,4.688829042478897
57.142857,363886.188058,57.142857,379848.3125,15962.124442,4.386570572295476
56.818182,363456.012385,56.818182,379774.625,16318.612614999991,4.4898452794650945
56.497175,363147.830924,56.497175,376983.6875,13835.856575999991,3.8099791318581704
56.179775,362245.122576,56.179775,375927.09375,13681.971174000006,3.776992517305596
55.865922,361169.639146,55.865922,373648.5625,12478.923354000028,3.455141850656921
55.555556,360698.4008,55.555556,373159.4375,12461.036699999997,3.4546969635469473
55.248619,359410.939934,55.248619,371220.78125,11809.841315999976,3.2858881029521974
54.945055,355026.159917,54.945055,370055.65625,15029.496333000017,4.233348983780153
54.644809,354783.95198,54.644809,369238.0,14454.048019999987,4.074042227483502
54.347826,353692.071709,54.347826,366930.6875,13238.615791000018,3.7429778188220415
54.054054,353443.848665,54.054054,365745.0,12301.151335000002,3.4803693377216587
53.763441,349030.358974,53.763441,363767.8125,14737.453526000027,4.222398753312417
53.475936,347354.452773,53.475936,361782.90625,14428.453477000003,4.153812729854123
53.191489,346923.307318,53.191489,360563.4375,13640.130181999994,3.9317422307106775
52.910053,343582.684407,52.910053,358233.09375,14650.409342999978,4.26401271306369
52.631579,343322.960249,52.631579,358041.71875,14718.758501000004,4.287146566115185
52.356021,337558.386641,52.356021,357922.0625,20363.67585900001,6.032638104962026
52.083333,336413.539722,52.083333,355914.46875,19500.929027999984,5.796713486655396
51.813472,335762.90555,51.813472,355269.9375,19507.031949999975,5.809763862403523
51.546392,335449.588814,51.546392,355133.6875,19684.098685999983,5.867975201756594
51.282051,333547.858157,51.282051,354837.3125,21289.45434300002,6.38272854175521
51.020408,332838.202763,51.020408,350956.125,18117.92223700002,5.44346234494633
50.761421,332350.266164,50.761421,348316.0,15965.733836000029,4.803887783896539
50.505051,332184.377929,50.505051,347384.6875,15200.30957099999,4.575865266682968
50.251256,331989.838451,50.251256,345476.5625,13486.724049000011,4.06239061771482
50.0,329857.101555,50.0,345250.9375,15393.835944999999,4.666819623537269
49.751244,329465.491441,49.751244,344318.75,14853.25855899998,4.50828962208926
49.50495,329189.630221,49.50495,344260.4375,15070.807279,4.578153713068751
49.261084,323452.365886,49.261084,343291.75,19839.384114000015,6.133633946270889
49.019608,323199.83596,49.019608,341151.84375,17952.007790000003,5.554460674980598
48.780488,322189.763137,48.780488,340823.84375,18634.080613000027,5.783573143842107
48.543689,321346.053075,48.543689,337544.6875,16198.634424999997,5.040869265389528
48.309179,319590.664876,48.309179,336063.28125,16472.616373999976,5.154285836349847
48.076923,319396.660431,48.076923,335574.90625,16178.245819000003,5.065252027735283
47.84689,319107.342556,47.84689,334878.375,15771.032444000011,4.94223427066156
47.619048,318659.324081,47.619048,334870.90625,16211.582169000001,5.087433802777784
47.393365,317307.87739,47.393365,329172.75,11864.87261000002,3.739230399066652
47.169811,316981.52115,47.169811,328674.9375,11693.416350000014,3.688989915745445
46.948357,316830.69119,46.948357,326438.3125,9607.621310000017,3.0324149702524963
46.728972,314640.607715,46.728972,324315.75,9675.142285000009,3.074982074075991
46.511628,314599.953769,46.511628,323285.4375,8685.483730999986,2.7608026088196564
46.296296,314342.329025,46.296296,322741.0625,8398.733475000015,2.671842987564063
46.082949,314123.468775,46.082949,320908.125,6784.656224999984,2.159869255060242
45.87156,312810.89329,45.87156,320116.09375,7305.200460000022,2.335340813475934
45.6621,312186.070554,45.6621,319170.75,6984.679446000024,2.2373450018462173
45.454545,310842.536892,45.454545,316157.1875,5314.650607999996,1.709756541411362
45.248869,310516.50793,45.248869,315879.625,5363.117069999978,1.7271600488335357
45.045045,309906.463099,45.045045,315308.4375,5401.974401000014,1.7430983358596002
44.843049,309603.083413,44.843049,314570.3125,4967.229087000014,1.6043861812493319
44.642857,309387.831379,44.642857,314395.21875,5007.387371000019,1.6184823264318922
44.444444,308132.635875,44.444444,313656.4375,5523.801625000022,1.792670097834382
44.247788,307252.724304,44.247788,313572.9375,6320.213196000026,2.0570080250115934
44.052863,306791.358964,44.052863,313267.875,6476.516035999986,2.111049039278829
43.859649,306251.495744,43.859649,313167.28125,6915.785505999986,2.258204646216974
43.668122,304718.361918,43.668122,311275.75,6557.3880820000195,2.151950424229643
43.478261,304326.493071,43.478261,309765.6875,5439.194429000025,1.7872891624098761
43.290043,304195.709989,43.290043,307317.84375,3122.1337610000046,1.0263569335389062
43.103448,304041.969584,43.103448,306531.53125,2489.561665999994,0.8188217137937542
42.918455,303520.268186,42.918455,305991.25,2470.981813999999,0.8141076801124063
42.735043,303242.287381,42.735043,305348.8125,2106.525118999998,0.6946673358763171
42.553191,302075.991227,42.553191,304213.25,2137.2587729999796,0.7075235487331071
42.372881,301488.452778,42.372881,303406.84375,1918.3909720000229,0.6363066161650389
42.194093,300883.680806,42.194093,302376.6875,1493.0066939999815,0.4962072685366487
42.016807,300052.087577,42.016807,301703.625,1651.5374229999725,0.5504169080563891
41.841004,298204.645523,41.841004,301419.15625,3214.5107270000153,1.0779546111236171
41.666667,297484.989242,41.666667,301311.4375,3826.4482580000185,1.2862659953868312
41.493776,296382.571348,41.493776,300535.53125,4152.959901999973,1.4012159632435814
41.322314,295608.205313,41.322314,300449.625,4841.419686999987,1.6377825784212339
41.152263,295346.867441,41.152263,300037.375,4690.507558999991,1.5881351983314977
40.983607,294364.815382,40.983607,298754.8125,4389.997117999999,1.4913457344768117
40.816327,294351.55114,40.816327,298651.28125,4299.730110000004,1.4607465438342329
40.650407,294020.621232,40.650407,298471.4375,4450.816267999995,1.5137769076707148
40.48583,293777.259431,40.48583,297305.96875,3528.709319000016,1.201151282381273
40.322581,291609.739373,40.322581,295741.8125,4132.073127000011,1.4169873529891428
40.160643,290708.40827,40.160643,295302.125,4593.716729999986,1.580180207836816
40.0,290155.462119,40.0,294684.6875,4529.225381000026,1.5609650591869533
39.840637,289308.040977,39.840637,293773.9375,4465.896522999974,1.5436475626182171
39.68254,287943.154727,39.68254,292229.4375,4286.282773000014,1.4885864458434008
39.525692,287234.428852,39.525692,291452.4375,4218.008648000017,1.4684899247135108
39.370079,286768.434581,39.370079,290266.90625,3498.4716689999914,1.2199640013070616
39.215686,285261.640603,39.215686,289798.46875,4536.828146999993,1.5904094702006983
39.0625,285200.182401,39.0625,288880.09375,3679.911349000002,1.290290671632859
38.910506,283457.152164,38.910506,288481.21875,5024.066585999972,1.7724254080889073
38.75969,283409.049812,38.75969,288337.875,4928.825187999988,1.7391206072175658
38.610039,282298.776099,38.610039,288236.3125,5937.53640099999,2.103280957519186
38.461538,280780.38773,38.461538,287750.1875,6969.799769999983,2.4822957993427166
38.314176,279560.292098,38.314176,287315.15625,7754.864151999995,2.7739505112841716
38.167939,279231.712681,38.167939,286554.15625,7322.4435689999955,2.622353850389946
38.022814,278962.607352,38.022814,286411.6875,7449.080147999979,2.6702790810241446
37.878788,277199.976818,37.878788,285972.375,8772.398181999975,3.1646460734589565
37.735849,275543.034614,37.735849,285594.21875,10051.184135999996,3.647772896919858
37.593985,274978.899248,37.593985,282506.8125,7527.9132519999985,2.7376330593318245
37.453184,273273.162912,37.453184,281215.0,7941.837087999971,2.9061899102611175
37.313433,273127.377791,37.313433,280146.75,7019.372208999994,2.569999487334914
37.174721,272929.167706,37.174721,280120.71875,7191.551044000022,2.6349514434260755
37.037037,270380.364552,37.037037,276049.125,5668.760447999986,2.096587323340841
36.900369,268952.552194,36.900369,275596.59375,6644.041556000011,2.4703396572372185
36.764706,267991.574037,36.764706,274958.15625,6966.582212999987,2.5995527053541436
36.630037,266889.972071,36.630037,273885.125,6995.152928999974,2.6209875458112277
36.49635,266873.045091,36.49635,273649.75,6776.704909000022,2.539299128800835
36.363636,266166.554453,36.363636,272664.46875,6497.914296999981,2.4412963192741746
36.231884,265627.496999,36.231884,272436.375,6808.8780009999755,2.563318209871024
36.101083,264626.213437,36.101083,272363.03125,7736.8178130000015,2.9236777840385484
35.971223,262225.358393,35.971223,271388.9375,9163.579107000027,3.4945434580230303
35.842294,262184.63203,35.842294,270674.34375,8489.711720000021,3.238066111757688
35.714286,259193.195485,35.714286,269348.125,10154.929514999996,3.917899733439446
35.587189,258730.994471,35.587189,269138.25,10407.255528999987,4.0224231929686685
35.460993,258555.726985,35.460993,268960.5,10404.773015000013,4.024189731292876
35.335689,258183.491397,35.335689,268804.65625,10621.164852999995,4.113804796553855
35.211268,258042.915902,35.211268,268786.4375,10743.521597999992,4.163463104749671
35.087719,256966.374386,35.087719,268316.5625,11350.18811399999,4.416993523421238
34.965035,256299.97256,34.965035,267823.375,11523.402440000005,4.4960607388681515
34.843206,256209.051223,34.843206,267673.75,11464.698777000012,4.474743855563999
34.722222,254079.489084,34.722222,266535.875,12456.385916,4.902554692985019
34.602076,253315.405118,34.602076,266270.84375,12955.438632000005,5.114350872567371
34.482759,253123.859957,34.482759,265537.0625,12413.202542999992,4.904003338566627
34.364261,252030.107008,34.364261,264715.9375,12685.830492000008,5.033458360432046
34.246575,251973.804461,34.246575,264409.3125,12435.508039000008,4.935238433058921
34.129693,251207.622885,34.129693,263667.9375,12460.31461500001,4.960165807032138
34.013605,250768.43164,34.013605,263237.25,12468.818360000005,4.972244025476095
33.898305,250646.826112,33.898305,262625.0625,11978.23638799999,4.778930008332756
33.783784,249986.569595,33.783784,261749.515625,11762.946029999992,4.705431195386611
33.670034,249482.125891,33.670034,259519.53125,10037.405358999997,4.023296387728149
33.557047,248127.798189,33.557047,259299.390625,11171.592436000006,4.502354237428309
33.444816,247808.175943,33.444816,258516.40625,10708.23030699999,4.321177163042054
33.333333,247643.823665,33.333333,257874.859375,10231.035709999996,4.131351050305225
33.222591,246703.096041,33.222591,257634.546875,10931.450833999988,4.431014855274971
33.112583,246529.577832,33.112583,257110.75,10581.17216799999,4.292049765813752
33.0033,246423.061389,33.0033,256070.375,9647.31361099999,3.9149394365208687
32.894737,245400.721118,32.894737,255614.03125,10213.310132000013,4.161890839387135
32.786885,245268.266791,32.786885,254600.71875,9332.451958999998,3.8049977198854035
32.679739,244124.492377,32.679739,254201.96875,10077.476373000012,4.128007097885708
32.57329,244075.265815,32.57329,254084.203125,10008.937310000008,4.100758541255225
32.467532,243167.990949,32.467532,254074.859375,10906.868426,4.485322423989396
32.36246,242900.579566,32.36246,253621.96875,10721.389184,4.413900206889719
32.258065,242611.192905,32.258065,252622.9375,10011.744594999996,4.126662284258387
32.154341,241327.498022,32.154341,252222.90625,10895.408227999986,4.514781082679079
32.051282,239571.930608,32.051282,251864.296875,12292.366267000005,5.130970993055698
31.948882,239040.315815,31.948882,251796.875,12756.559184999991,5.3365722604184676
31.847134,239020.054467,31.847134,251790.3125,12770.258032999991,5.342755887775559
31.746032,237387.814467,31.746032,251552.828125,14165.01365800001,5.967034866471266
31.64557,237262.424383,31.64557,250682.09375,13419.669366999995,5.656044947655657
31.545741,236919.805133,31.545741,250592.875,13673.069867000013,5.77118061502893
31.446541,236437.752888,31.446541,250346.15625,13908.403362000012,5.882479930600757
31.347962,236365.722241,31.347962,248972.09375,12606.37150899999,5.333417802496105
31.25,235552.948058,31.25,248310.4375,12757.489441999991,5.4159752816418685
31.152648,234334.786674,31.152648,245548.09375,11213.307075999997,4.785165376064987
31.055901,234259.228513,31.055901,244631.96875,10372.74023699999,4.427889694183111
30.959752,233925.016379,30.959752,244414.71875,10489.702370999992,4.484215725779758
30.864198,233499.901266,30.864198,244410.421875,10910.520609,4.672601808328338
30.769231,233054.751498,30.769231,244131.21875,11076.467252000002,4.752731785472761
30.674847,231887.347548,30.674847,243841.9375,11954.58995200001,5.1553437815426495
30.58104,231554.533297,30.58104,243584.984375,12030.451078000013,5.195515245028407
30.487805,230917.035046,30.487805,243092.546875,12175.511828999995,5.272678053645788
30.395137,230654.61956,30.395137,241919.96875,11265.349190000008,4.884076985533586
30.30303,230202.697832,30.30303,241526.46875,11323.770917999995,4.919043531915507
30.21148,230174.25767,30.21148,241327.140625,11152.882955000008,4.8454084604846885
30.120482,229761.050083,30.120482,240830.796875,11069.74679199999,4.817938805555206
30.03003,229703.30041,30.03003,240514.375,10811.074590000004,4.7065386394985165
29.94012,229514.837288,29.94012,238885.5625,9370.72521199999,4.082840709875941
29.850746,228965.915607,29.850746,238651.46875,9685.553142999997,4.230128802063449
29.761905,228475.343724,29.761905,238237.203125,9761.859400999994,4.272609569981607
29.673591,228308.494953,29.673591,237742.25,9433.755047000013,4.132021039752403
29.585799,226782.360241,29.585799,237375.828125,10593.467884000012,4.671204529639082
29.498525,226750.462372,29.498525,236428.90625,9678.443877999991,4.268323767349954
29.411765,226407.845295,29.411765,236046.71875,9638.873454999994,4.257305413794713
29.325513,225887.786121,29.325513,235885.84375,9998.057628999988,4.426116967494819
29.239766,224821.098074,29.239766,235884.84375,11063.745675999991,4.921133190248164
29.154519,222928.225985,29.154519,235205.875,12277.649015000003,5.507444811329599
29.069767,222882.467304,29.069767,234973.9375,12091.47019600001,5.425043226710102
28.985507,222602.642052,28.985507,234433.6875,11831.04544799999,5.314871979478238
28.901734,222537.094549,28.901734,234087.90625,11550.811700999999,5.190510698636199
28.818444,221962.315256,28.818444,232819.3125,10856.997243999998,4.891369614467254
28.735632,221618.255565,28.735632,231909.78125,10291.525685,4.643807730894048
28.653295,221472.838229,28.653295,231718.0625,10245.224271000014,4.6259506822261365
28.571429,221416.776139,28.571429,231327.28125,9910.505111000006,4.475950415237929
28.490028,221357.590849,28.490028,231081.1875,9723.596651,4.392709829243214
28.409091,221143.272853,28.409091,230112.90625,8969.633396999998,4.056028149209114
28.328612,219228.210955,28.328612,229830.03125,10601.820295000012,4.835974461870786
28.248588,219108.222734,28.248588,229593.9375,10485.71476599999,4.785632704770634
28.169014,218749.91217,28.169014,229506.0,10756.087830000004,4.917070696531748
28.089888,218506.52364,28.089888,229242.03125,10735.50761,4.91312910532926
28.011204,217976.988154,28.011204,228726.1875,10749.199346000009,4.931345935657086
27.932961,217042.2087,27.932961,228124.625,11082.416300000012,5.106111095339223
27.855153,216646.089385,27.855153,228092.6875,11446.598115,5.283547073244579
27.777778,214979.173707,27.777778,227855.234375,12876.060667999991,5.989445603483929
27.700831,214975.13017,27.700831,227207.1875,12232.05733000001,5.689987172156627
27.624309,214430.510267,27.624309,227124.390625,12693.880357999995,5.9198107313152875
27.548209,214044.324622,27.548209,225310.28125,11265.956628000014,5.263375540508059
27.472527,213379.448774,27.472527,225073.703125,11694.25435100001,5.480497029208251
27.39726,212873.30241,27.39726,224774.65625,11901.353839999996,5.590815619084845
27.322404,212755.583277,27.322404,224421.875,11666.291723000002,5.483424473900135
27.247956,212478.271457,27.247956,224074.65625,11596.384793000005,5.457680314077107
27.173913,211545.174317,27.173913,222970.09375,11424.919433000003,5.400699623561152
27.100271,211444.354429,27.100271,222344.921875,10900.567446000001,5.155288953179526
27.027027,211396.384637,27.027027,222118.03125,10721.64661299999,5.071821181526212
26.954178,210661.020296,26.954178,222087.015625,11425.995328999998,5.423877332856986
26.88172,210258.776495,26.88172,221839.84375,11581.067255000002,5.50800658505468
26.809651,209975.411256,26.809651,221178.296875,11202.885619000008,5.335332147696835
26.737968,209937.575046,26.737968,221135.828125,11198.253078999987,5.334087085909374
26.666667,209932.146103,26.666667,220834.671875,10902.525771999994,5.1933569843328495
26.595745,209719.760957,26.595745,220419.15625,10699.395293000009,5.101758291243601
26.525199,209367.820034,26.525199,220411.8125,11043.992465999996,5.274923559984778
26.455026,208873.37774,26.455026,220258.328125,11384.950385000004,5.450646946099414
26.385224,207441.608486,26.385224,220133.46875,12691.860263999988,6.11828087751091
26.315789,207278.989169,26.315789,217536.890625,10257.901455999992,4.948838035695193
26.246719,207201.2309,26.246719,216632.734375,9431.503475000005,4.551856875576121
26.17801,206966.732288,26.17801,216177.953125,9211.220837,4.450580407377902
26.109661,206928.796676,26.109661,215302.90625,8374.109574000002,4.0468555892256095
26.041667,206037.673044,26.041667,215214.640625,9176.967581000004,4.454024084731453
25.974026,205505.694403,25.974026,214761.625,9255.930596999999,4.5039776751144265
25.906736,204633.620945,25.906736,214747.171875,10113.550929999998,4.942272380899836
25.839793,204460.893461,25.839793,214486.84375,10025.950289,4.903602894072458
25.773196,203989.414587,25.773196,214204.578125,10215.163537999993,5.007692952441559
25.706941,202709.119249,25.706941,214115.390625,11406.27137599999,5.626915759023633
25.641026,202674.368335,25.641026,213685.78125,11011.412914999994,5.43305648635315
25.575448,202640.49809,25.575448,213087.125,10446.626909999992,5.1552512989581505
25.510204,202496.247472,25.510204,212953.265625,10457.018153000012,5.164055276849487
25.445293,201619.655243,25.445293,212741.3125,11121.657257000013,5.516157263336133
25.380711,201532.962875,25.380711,212619.78125,11086.818375000003,5.501243179695898
25.316456,201413.731099,25.316456,212388.984375,10975.253276000003,5.449108765382727
25.252525,200943.427853,25.252525,212125.34375,11181.915896999999,5.564708443801466
25.188917,199635.362023,25.188917,211698.28125,12062.919227000006,6.042476194979042
25.125628,199480.588418,25.125628,211600.109375,12119.520957,6.075539005130789
25.062657,198747.427508,25.062657,211274.4375,12527.009992000007,6.3029796908922355
25.0,198677.28052,25.0,210610.75,11933.46948,6.006459041902734
24.937656,198178.734621,24.937656,210465.421875,12286.68725399999,6.1998010419721545
24.875622,198049.114305,24.875622,209676.078125,11626.963820000004,5.8707476985199865
24.813896,197322.873407,24.813896,209598.515625,12275.642217999994,6.221094395214963
24.752475,197243.490445,24.752475,208634.484375,11390.993929999997,5.775092452633461
24.691358,197108.757077,24.691358,208065.59375,10956.836673000013,5.558777212886465
24.630542,195334.517233,24.630542,207920.84375,12586.326517000009,6.443472815399399
24.570025,195182.499548,24.570025,207858.40625,12675.906702000007,6.494386910381124
24.509804,194534.810372,24.509804,207654.21875,13119.408377999993,6.743990113086881
24.449878,194279.693644,24.449878,207516.9375,13237.243855999986,6.813498419580608
24.390244,194046.827815,24.390244,207389.421875,13342.594060000003,6.875966080064211
24.3309,193661.554225,24.3309,206032.828125,12371.2739,6.388089752510609
24.271845,193084.878454,24.271845,205969.984375,12885.10592100001,6.67328587519075
24.213075,192547.735681,24.213075,205757.296875,13209.561194000009,6.860408483787476
24.154589,192527.718823,24.154589,204572.671875,12044.953051999997,6.256217611487674
24.096386,191974.71459,24.096386,204251.03125,12276.316660000011,6.394757083618286
24.038462,191944.764984,24.038462,203988.4375,12043.672515999991,6.274551179868812
23.980815,191156.339803,23.980815,203738.484375,12582.14457199999,6.582122562592886
23.923445,190905.980872,23.923445,203630.03125,12724.050378000014,6.665087348170264
23.866348,190703.430406,23.866348,202424.390625,11720.960219,6.146171672972292
23.809524,190656.351749,23.809524,202232.46875,11576.117001000006,6.071718510716086
23.752969,189697.276286,23.752969,202155.984375,12458.708088999992,6.567678952973701
23.696682,189678.370423,23.696682,201744.421875,12066.051452000014,6.361321760141456
23.640662,189243.21205,23.640662,201738.71875,12495.506699999998,6.602882377994386
23.584906,188610.011884,23.584906,200810.5,12200.488115999993,6.4686322820994295
23.529412,187652.211072,23.529412,200648.984375,12996.773302999994,6.925989962363556
23.474178,187281.379716,23.474178,200468.75,13187.370284000004,7.041474333432289
23.419204,187121.761368,23.419204,200177.40625,13055.644881999993,6.977085287437157
23.364486,186634.102153,23.364486,199972.703125,13338.600971999986,7.146925893031697
23.310023,186542.077407,23.310023,199902.09375,13360.016342999996,7.161931789711408
23.255814,186090.492752,23.255814,199822.125,13731.632248000009,7.3790079465800265
23.201856,185513.071223,23.201856,199461.703125,13948.631901999994,7.518948292992647
23.148148,185194.085701,23.148148,199376.6875,14182.601798999996,7.658236895263558
23.094688,183886.649327,23.094688,199067.5625,15180.913173000008,8.25558202760237
23.041475,183826.24153,23.041475,199035.96875,15209.72722,8.273969534168934
22.988506,183799.32813,22.988506,198538.515625,14739.187494999991,8.01917376138343
22.93578,183245.099724,22.93578,196738.59375,13493.494026,7.36363157668261
22.883295,182913.597211,22.883295,196427.328125,13513.730914000014,7.388040648728398
22.83105,182672.01424,22.83105,196417.421875,13745.40763500001,7.524637910293626
22.779043,181866.924667,22.779043,196124.578125,14257.653457999986,7.839607715424825
22.727273,181484.304633,22.727273,196109.625,14625.320367000008,8.058724635485987
22.675737,181196.446162,22.675737,195972.421875,14775.975712999993,8.154671918780032
22.624434,181151.160138,22.624434,195390.71875,14239.558611999993,7.860594765803527
22.573363,181149.465798,22.573363,195244.71875,14095.25295200001,7.781007186473101
22.522523,180554.591055,22.522523,194786.40625,14231.815195000003,7.882278213941815
22.47191,180343.592195,22.47191,194328.71875,13985.126554999995,7.754712205065931
22.421525,179818.550731,22.421525,194123.453125,14304.902394000004,7.955187235047544
22.371365,179363.64367,22.371365,193772.53125,14408.88758000001,8.033337907937478
22.321429,179356.102929,22.321429,193009.765625,13653.662696000014,7.612600002468252
22.271715,179078.325186,22.271715,192952.90625,13874.581063999998,7.747772406062621
22.222222,178588.891017,22.222222,192945.296875,14356.405858000013,8.03880116856396
22.172949,177854.970044,22.172949,192478.609375,14623.639331000013,8.222226979309172
22.123894,177773.964052,22.123894,192404.71875,14630.754698000004,8.22997606877935
22.075055,177264.572985,22.075055,192223.71875,14959.145764999994,8.438880659061992
22.026432,176437.903106,22.026432,192005.96875,15568.065643999988,8.823538123011492
21.978022,176217.683721,21.978022,191880.109375,15662.425653999991,8.888112318396956
21.929825,174850.51006,21.929825,190504.4375,15653.92744,8.952749085277675
21.881838,173974.471252,21.881838,189917.453125,15942.981873000012,9.163977771144818
21.834061,173711.809348,21.834061,189478.515625,15766.70627699999,9.076358329452583
21.786492,173010.559959,21.786492,189102.359375,16091.799415999994,9.301050421323083
21.73913,172472.983052,21.73913,189098.328125,16625.345073000004,9.639390923033737
21.691974,172450.517736,21.691974,188943.796875,16493.27913899999,9.56406472739567
21.645022,172405.657592,21.645022,188791.234375,16385.576782999997,9.504082993480791
21.598272,172094.927911,21.598272,188701.65625,16606.728338999994,9.649748856972861
21.551724,172010.398334,21.551724,188583.90625,16573.507916000002,9.635177917452705
21.505376,171810.737641,21.505376,188507.0625,16696.324858999986,9.717858783591918
21.459227,171701.31737,21.459227,188090.5625,16389.245129999996,9.545206397387581
21.413276,171657.417446,21.413276,187658.671875,16001.254428999993,9.321621324073378
21.367521,170799.224764,21.367521,187501.328125,16702.103360999987,9.7787934248987
21.321962,170284.292222,21.321962,187009.140625,16724.84840300001,9.821721184474134
21.276596,170217.555509,21.276596,186930.90625,16713.350741000002,9.818817272414835
21.231423,170100.981829,21.231423,186900.203125,16799.221296000003,9.876028412868312
21.186441,169782.431091,21.186441,186434.734375,16652.303283999994,9.808024998225342
21.141649,169377.601911,21.141649,185701.328125,16323.726213999995,9.637476283657238
21.097046,169344.920678,21.097046,185375.71875,16030.798072000005,9.466358960055071
21.052632,168692.546487,21.052632,184556.4375,15863.891012999986,9.404026048194435
21.008403,168394.580399,21.008403,183177.5,14782.919601000001,8.77873834536292
20.964361,167433.025237,20.964361,183100.390625,15667.365388000006,9.357392525054712
20.920502,166433.075435,20.920502,182501.59375,16068.518314999994,9.654642427896198
20.876827,166326.837256,20.876827,182423.40625,16096.568994000001,9.677673945801757
20.833333,165870.84493,20.833333,181654.625,15783.780070000008,9.515704870654636
20.790021,165629.202578,20.790021,181485.8125,15856.609922000003,9.573559297028329
20.746888,165608.384583,20.746888,181370.734375,15762.349791999994,9.517845265920204
20.703934,165104.31409,20.703934,180305.1875,15200.87341,9.206829932810752
20.661157,165073.797465,20.661157,179655.5,14581.70253499999,8.833444652590423
20.618557,164879.012217,20.618557,179493.40625,14614.39403299999,8.863707901018804
20.576132,164335.679942,20.576132,179454.078125,15118.398183000012,9.199705254717564
20.533881,163416.420431,20.533881,179436.4375,16020.017068999994,9.803186868705273
20.491803,163258.672713,20.491803,178987.859375,15729.186661999993,9.634518277415534
20.449898,163062.645266,20.449898,178931.03125,15868.385983999993,9.731466062085705
20.408163,163025.754189,20.408163,178849.296875,15823.542686,9.706161314644406
20.366599,162687.930592,20.366599,178348.78125,15660.85065800001,9.626313765878166
20.325203,162677.392981,20.325203,178271.625,15594.232018999988,9.58598594017383
20.283976,162578.417638,20.283976,178154.234375,15575.816736999986,9.580494731890782
20.242915,162556.50142,20.242915,177015.546875,14459.045455000014,8.894781401355296
20.20202,162208.867624,20.20202,176769.28125,14560.413625999994,8.976336398421212
20.16129,162098.466261,20.16129,176476.0,14377.533739000006,8.869629719907573
20.120724,161835.135091,20.120724,175475.34375,13640.208658999996,8.428459401804249
20.080321,161755.250545,20.080321,175021.8125,13266.561955000012,8.201626785097329
20.04008,161329.889049,20.04008,174626.09375,13296.20470100001,8.241625144217148
20.0,161300.754395,20.0,174524.953125,13224.198730000004,8.198472957923084
19.96008,160426.905401,19.96008,174441.140625,14014.235224000004,8.735589076514499
19.920319,160345.380106,19.920319,174206.75,13861.369894000003,8.644695522151387
19.880716,160343.286032,19.880716,173983.84375,13640.557717999996,8.507096277968088
19.84127,159888.2221,19.84127,173828.296875,13940.074774999986,8.718637678190797
19.80198,159823.80774,19.80198,173796.90625,13973.09851000001,8.742814169920997
19.762846,159285.968204,19.762846,173783.28125,14497.313045999996,9.101437627847458
19.723866,159265.932795,19.723866,173537.640625,14271.70783,8.960929421340786
19.685039,158806.316427,19.685039,173518.171875,14711.855447999988,9.264024113778072
19.646365,158025.352683,19.646365,173186.875,15161.522316999995,9.594360689334525
19.607843,157977.319384,19.607843,172570.34375,14593.024365999998,9.237417385547804
19.569472,157457.104433,19.569472,171967.0,14509.895567,9.215141875782521
19.53125,157352.977545,19.53125,171941.90625,14588.928704999998,9.27146656683242
19.493177,157148.700059,19.493177,171924.265625,14775.565566000005,9.402283035400648
19.455253,157061.630006,19.455253,171919.4375,14857.807494000008,9.459858205618023
19.417476,156974.364637,19.417476,171809.796875,14835.432238000009,9.450863057994624
19.379845,156891.197575,19.379845,171731.078125,14839.880550000002,9.458708187185563
19.34236,156850.98256,19.34236,171085.453125,14234.470564999996,9.075155496431082
19.305019,156821.059301,19.305019,170929.8125,14108.753198999999,8.996721015587497
19.267823,156513.553559,19.267823,170697.625,14184.071441000007,9.06251958278688
19.230769,156214.359381,19.230769,170677.515625,14463.156244000013,9.258531866923327
19.193858,156046.644824,19.193858,170441.90625,14395.261426000012,9.224973367569655
19.157088,155816.883546,19.157088,170291.21875,14474.335204000003,9.289324028693537
19.120459,155770.736428,19.120459,169653.84375,13883.107321999996,8.912525959853195
19.083969,155758.782627,19.083969,169604.609375,13845.826747999992,8.889275143576967
19.047619,155739.559421,19.047619,169187.640625,13448.081203999987,8.634980896309536
19.011407,155023.402371,19.011407,169077.390625,14053.988253999996,9.065720426111003
18.975332,155019.795782,18.975332,168973.765625,13953.969842999999,9.001411576249962
18.939394,154842.162444,18.939394,168920.328125,14078.165681000013,9.091945926608656
18.903592,154588.047474,18.903592,168517.25,13929.202526000008,9.010530085350062
18.867925,154362.344971,18.867925,168460.4375,14098.092528999987,9.133116325518758
18.832392,154331.197399,18.832392,168303.25,13972.052601000003,9.053291127442867
18.796992,153914.356414,18.796992,168120.171875,14205.815460999991,9.229688374740743
18.761726,153639.280613,18.761726,168043.796875,14404.51626199999,9.375542637617094
18.726592,153167.32182,18.726592,167907.03125,14739.709429999988,9.623272937632139
18.691589,153151.493788,18.691589,167879.703125,14728.209337000008,9.616758526291317
18.656716,153040.252471,18.656716,167740.71875,14700.466278999986,9.605620770774417
18.621974,152977.896551,18.621974,167679.640625,14701.744073999987,9.610371436306615
18.587361,152965.5549,18.587361,167596.734375,14631.179475000012,9.565015787093394
18.552876,152630.998555,18.552876,167561.53125,14930.532695000002,9.782110342166071
18.518519,152375.306973,18.518519,167553.046875,15177.739902000001,9.960760836852264
18.484288,152366.34029,18.484288,167431.375,15065.034710000007,9.88737714729291
18.450185,152191.866622,18.450185,167368.0,15176.133377999999,9.971711179345128
18.416206,152155.121091,18.416206,166387.046875,14231.925783999992,9.353563443643969
18.382353,151883.344385,18.382353,166335.25,14451.905614999996,9.515135233239745
18.348624,151565.336609,18.348624,166111.65625,14546.31964100001,9.597392099306857
18.315018,151483.30113,18.315018,166083.53125,14600.230119999993,9.63817794508608
18.281536,151457.590945,18.281536,165986.765625,14529.174679999996,9.592899629095573
18.248175,151337.988421,18.248175,165878.140625,14540.152204000013,9.607734552114868
18.214936,151136.373193,18.214936,165707.421875,14571.048681999993,9.640994007043476
18.181818,151006.714734,18.181818,165673.578125,14666.863390999992,9.71272265397988
18.14882,150879.550772,18.14882,165454.1875,14574.636728000012,9.659782689851932
18.115942,150869.808283,18.115942,165343.46875,14473.660467000009,9.593477072530291
18.083183,150728.103595,18.083183,165218.25,14490.146405000007,9.61343376543396
18.050542,150611.671141,18.050542,165093.890625,14482.219484000001,9.615602412672256
18.018018,150464.196728,18.018018,165073.90625,14609.70952199999,9.709758095083929
17.985612,150390.754744,17.985612,164892.96875,14502.214005999995,9.643022292617742
17.953321,150194.821782,17.953321,164820.296875,14625.475092999986,9.737669328059862
17.921147,150172.639685,17.921147,164693.890625,14521.250939999998,9.669704794734626
17.889088,150170.415457,17.889088,164397.6875,14227.272043000004,9.474084492410464
17.857143,150079.052436,17.857143,164246.953125,14167.900689000002,9.440291938837893
17.825312,150055.826667,17.825312,163968.6875,13912.860833000013,9.27178980118851
17.793594,150004.785855,17.793594,163941.515625,13936.729770000005,9.290856748711837
17.761989,149942.204225,17.761989,163780.828125,13838.623900000006,9.229305365708823
17.730496,149585.415539,17.730496,163395.046875,13809.631335999991,9.23193700819017
17.699115,149549.411963,17.699115,163353.5,13804.088037000009,9.230452902359307
17.667845,149396.887225,17.667845,163215.796875,13818.909649999987,9.24979757388649
17.636684,149269.904199,17.636684,163195.59375,13925.689550999989,9.329201104353144
17.605634,148980.682459,17.605634,162986.5,14005.817540999997,9.401096376944338
17.574692,148944.023362,17.574692,162955.171875,14011.148512999993,9.406989415712701
17.54386,148831.915513,17.54386,162882.40625,14050.490736999986,9.44050924062233
17.513135,148795.922472,17.513135,162865.921875,14069.999402999994,9.45590387777437
17.482517,148746.916076,17.482517,162642.1875,13895.271424000006,9.341552612022172
17.452007,148693.115886,17.452007,162575.390625,13882.274738999986,9.336191965768775
17.421603,148677.542024,17.421603,162359.265625,13681.723601000005,9.202279923884845
17.391304,148533.520564,17.391304,162304.21875,13770.698185999994,9.271104686478152
17.361111,148469.54071,17.361111,162148.375,13678.834289999999,9.213225975231078
17.331023,147996.431288,17.331023,162083.84375,14087.412462000008,9.518751458665921
17.301038,147943.958372,17.301038,162036.03125,14092.072878000006,9.52527770182137
17.271157,147601.67033,17.271157,161700.390625,14098.720295000006,9.551870424961205
17.241379,147548.99198,17.241379,161667.78125,14118.789270000008,9.568882227208835
17.211704,147503.153761,17.211704,161642.703125,14139.549364000006,9.585930201133449
17.182131,147447.24102,17.182131,161541.21875,14093.977730000013,9.558658156301671
17.152659,147285.383153,17.152659,161419.734375,14134.351221999998,9.596574296389777
17.123288,147217.199911,17.123288,161021.59375,13804.393838999997,9.376889281514272
17.094017,147115.018679,17.094017,161016.171875,13901.153196,9.449173388837917
17.064846,146896.401966,17.064846,160991.515625,14095.113658999995,9.595274949118487
17.035775,146846.032476,17.035775,160528.921875,13682.889399000007,9.317847522530982
17.006803,146805.209066,17.006803,160473.34375,13668.13468399999,9.310388078842035
16.977929,146754.329853,16.977929,159267.234375,12512.904521999997,8.526429533311793
16.949153,146666.6735,16.949153,159171.828125,12505.154624999996,8.526241392527387
16.920474,146597.208567,16.920474,159017.25,12420.041433000006,8.472222325654732
16.891892,146237.156482,16.891892,158559.21875,12322.062268000009,8.42608169115809
16.863406,146078.691113,16.863406,158488.890625,12410.199511999992,8.495557714437632
16.835017,145832.642044,16.835017,158458.96875,12626.326705999993,8.65809364009906
16.806723,145692.718114,16.806723,157858.9375,12166.219386000012,8.350602242509009
16.778523,145417.616376,16.778523,157833.484375,12415.86799900001,8.538076959600852
16.750419,145133.128752,16.750419,157750.4375,12617.30874800001,8.693610381376237
16.722408,144998.584408,16.722408,157676.9375,12678.353092000005,8.743777150489548
16.694491,144963.835084,16.694491,157638.546875,12674.711791000009,8.743361255347299
16.666667,144630.986013,16.666667,157471.375,12840.388987000013,8.87803460445597
16.638935,144553.160567,16.638935,157211.671875,12658.511307999986,8.756993799615193
16.611296,144190.310051,16.611296,157090.0,12899.689948999992,8.946294618852946
16.583748,144163.869403,16.583748,157068.03125,12904.16184700001,8.951037385745614
16.556291,144106.769732,16.556291,157055.296875,12948.527143000014,8.985370477098895
16.528926,143976.812555,16.528926,156639.90625,12663.093694999989,8.795231308626596
16.50165,143672.413158,16.50165,156616.078125,12943.66496699999,9.00915122290424
16.474465,143597.456097,16.474465,156498.484375,12901.028278000013,8.984162135355223
16.447368,143560.59139,16.447368,156459.84375,12899.252360000013,8.985232113566326
16.420361,143515.143333,16.420361,156421.78125,12906.637916999985,8.993223723473243
16.393443,143292.100143,16.393443,156137.875,12845.774857000011,8.964747424443093
16.366612,143156.191508,16.366612,156110.625,12954.433492000011,9.049160469790843
16.339869,143015.759938,16.339869,156052.109375,13036.349436999997,9.115323683663602
16.313214,142908.906186,16.313214,154477.765625,11568.859438999993,8.095268341038727
16.286645,142751.615384,16.286645,154412.109375,11660.493990999996,8.168379712995483
16.260163,142640.666932,16.260163,154397.421875,11756.754943000007,8.242218152698848
16.233766,142417.736133,16.233766,154395.328125,11977.591992000001,8.410182830609285
16.207455,142344.780938,16.207455,154363.828125,12019.04718699999,8.443616343218816
16.18123,142305.641711,16.18123,154294.390625,11988.748913999996,8.424647659681145
16.155089,142085.835154,16.155089,154176.140625,12090.305471,8.509156073084906
16.129032,141980.743077,16.129032,154121.21875,12140.475673000008,8.550790346558406
16.10306,141931.827548,16.10306,154091.34375,12159.516201999999,8.567152563358466
16.07717,141894.916107,16.07717,154016.921875,12122.005768000003,8.542945794378602
16.051364,141794.803548,16.051364,153984.46875,12189.665202000004,8.596693882278691
16.025641,141767.608827,16.025641,153650.25,11882.64117300001,8.381774420347655
16.0,141754.009308,16.0,153548.578125,11794.568816999992,8.320448130234546
15.974441,141676.502077,15.974441,153141.53125,11465.029172999988,8.092399942771625
15.948963,141418.800277,15.948963,152881.53125,11462.730972999998,8.10552129600004
15.923567,140994.857538,15.923567,152847.875,11853.017461999989,8.40670196698872
15.898251,140831.940542,15.898251,152609.640625,11777.700083000003,8.362946670814045
15.873016,140679.023607,15.873016,152447.1875,11768.16389299999,8.365258438155966
15.847861,140549.567567,15.847861,152252.5625,11702.994933000009,8.32659618637474
15.822785,140394.385743,15.822785,152116.625,11722.239257000008,8.349507136601774
15.797788,140204.849107,15.797788,151985.546875,11780.697768000013,8.402489530878743
15.772871,140114.480641,15.772871,151961.78125,11847.300608999998,8.455443402281196
15.748031,139571.662494,15.748031,151826.015625,12254.35313100001,8.779972174886726
15.72327,139444.270929,15.72327,151399.546875,11955.275946000009,8.57351533078559
15.698587,139431.406779,15.698587,151263.765625,11832.358845999988,8.486150372673482
15.673981,139246.650467,15.673981,151115.109375,11868.458908,8.523335296178418
15.649452,139166.057531,15.649452,150939.21875,11773.161219000001,8.459793593259954
15.625,139066.769506,15.625,150849.375,11782.605493999989,8.47262472253778
15.600624,138948.827668,15.600624,150484.96875,11536.141081999987,8.302438585206406
15.576324,138862.569502,15.576324,149919.984375,11057.414873000002,7.962847664892695
15.5521,138553.393575,15.5521,149636.546875,11083.153300000005,7.9991929566132285
15.52795,138537.526778,15.52795,149619.203125,11081.676347,7.999043006417948
15.503876,138300.47412,15.503876,149462.78125,11162.307130000001,8.071054854312889
15.479876,138300.157649,15.479876,149081.546875,10781.389226,7.795644928592715
15.455951,138208.861545,15.455951,148785.171875,10576.310330000008,7.652411149162402
15.432099,137879.852141,15.432099,148650.015625,10770.16348399999,7.811267068219729
15.40832,137781.178193,15.40832,148412.9375,10631.759307,7.716409052699006
15.384615,137707.763629,15.384615,148378.875,10671.111371000006,7.749099317122863
15.360983,137348.787201,15.360983,148365.171875,11016.384674,8.020736766956901
15.337423,137321.521102,15.337423,148203.46875,10881.947648000001,7.924429878632849
15.313936,137269.02412,15.313936,148073.59375,10804.569630000013,7.871090873753647
15.29052,136899.050372,15.29052,147930.890625,11031.840253000002,8.058376024539866
15.267176,136853.23575,15.267176,147918.921875,11065.686125000007,8.08580525287288
15.243902,136772.910356,15.243902,147903.25,11130.339643999992,8.137824672319493
15.2207,136765.921938,15.2207,147856.1875,11090.265561999986,8.108939277305883
15.197568,136584.597741,15.197568,147479.953125,10895.355383999995,7.977001480547923
15.174507,136511.777899,15.174507,147250.375,10738.597100999992,7.866425348987163
15.151515,136290.029357,15.151515,147243.6875,10953.658143000008,8.03702089923823
15.128593,135821.797904,15.128593,147171.6875,11349.889595999994,8.356456600598229
15.10574,135573.449412,15.10574,147120.9375,11547.488088000013,8.51751440867146
15.082956,135474.484152,15.082956,147104.90625,11630.42209800001,8.584953964431325
15.060241,135344.250305,15.060241,146453.625,11109.374695000006,8.208235421870445
15.037594,135333.478722,15.037594,146194.703125,10861.224403,8.025526651325475
15.015015,135326.360059,15.015015,146164.515625,10838.155566000001,8.008902006434482
14.992504,135200.223236,14.992504,145913.75,10713.52676400001,7.924193102328621
14.97006,135098.070647,14.97006,145910.984375,10812.913728000014,8.00375140534261
14.947683,135078.581747,14.947683,145291.9375,10213.35575300001,7.561047518347107
14.925373,135051.512322,14.925373,145261.53125,10210.018928000005,7.56009225846839
14.90313,135019.451005,14.90313,145130.828125,10111.37711999999,7.488829975782932
14.880952,134994.777941,14.880952,144828.25,9833.472058999992,7.28433514909573
14.858841,134814.870403,14.858841,144803.640625,9988.770221999992,7.409249582142323
14.836795,134708.997405,14.836795,144789.09375,10080.096344999998,7.482867914675649
14.814815,134532.540458,14.814815,144673.75,10141.209541999997,7.538109001343063
14.792899,134517.915168,14.792899,144570.40625,10052.491081999993,7.472975677213993
14.771049,134468.839468,14.771049,144459.890625,9991.051157000009,7.4300121846278095
14.749263,134352.581242,14.749263,143727.9375,9375.356258000014,6.978173527691914
14.727541,134258.37512,14.727541,143612.9375,9354.562379999988,6.967582001226284
14.705882,134192.037075,14.705882,143589.421875,9397.3848,7.002937733740339
14.684288,134071.930726,14.684288,143379.140625,9307.209899000009,6.9419526134974205
14.662757,134060.739108,14.662757,143267.65625,9206.917141999991,6.867720708732519
14.641288,133983.120393,14.641288,143202.390625,9219.27023200001,6.880919182176082
14.619883,133961.206904,14.619883,143180.671875,9219.464971000009,6.882190138527873
14.59854,133836.625358,14.59854,142992.109375,9155.48401700001,6.8407911455552455
14.577259,133784.173378,14.577259,142574.734375,8790.560996999993,6.570703226728273
14.556041,133546.863907,14.556041,142008.4375,8461.573593000008,6.336033168770268
14.534884,133401.88504,14.534884,141498.671875,8096.786835000006,6.069469582511686
14.513788,133382.012879,14.513788,141356.078125,7974.065246000013,5.978366253352195
14.492754,133003.515072,14.492754,141306.734375,8303.21930299999,6.24285703915805
14.47178,132686.563791,14.47178,141134.359375,8447.795584000007,6.366730242036016
14.450867,132643.865901,14.450867,141085.046875,8441.180973999988,6.363792940338563
14.430014,132596.946931,14.430014,141038.140625,8441.193693999987,6.366054339390305
14.409222,132353.393995,14.409222,140849.71875,8496.324755000009,6.419423407699678
14.388489,132326.685652,14.388489,140776.0,8449.314348000014,6.385193059410925
14.367816,132080.238087,14.367816,140667.375,8587.136912999995,6.501454750061647
14.347202,131884.449731,14.347202,140374.28125,8489.831519,6.437325656145516
14.326648,131874.233335,14.326648,139636.5,7762.266665000003,5.886113207029249
14.306152,131384.609672,14.306152,139422.234375,8037.624703000009,6.1176303092621245
14.285714,131274.16966,14.285714,139373.484375,8099.314714999986,6.1697702876180465
14.265335,131255.455621,14.265335,139327.984375,8072.528753999999,6.15024245339517
14.245014,131091.170127,14.245014,138673.03125,7581.86112300001,5.783655081921054
14.224751,130908.105056,14.224751,138614.5625,7706.457444,5.886921547526277
14.204545,130835.314229,14.204545,138576.8125,7741.498271000004,5.916979155528393
14.184397,130823.057955,14.184397,138516.671875,7693.613920000003,5.880931114334923
14.164306,130665.05245,14.164306,138338.0625,7673.010049999997,5.872274113184268
14.144272,130124.372371,14.144272,138329.609375,8205.237003999995,6.305688054045626
14.124294,130051.654067,14.124294,138138.40625,8086.752183000004,6.218107905674057
14.104372,130000.041107,14.104372,138082.03125,8081.990143000003,6.216913528779506
14.084507,129901.77646,14.084507,138081.359375,8179.582915000006,6.296744461780864
14.064698,129869.674164,14.064698,137799.703125,7930.028961000004,6.1061437260448725
14.044944,129865.909869,14.044944,137550.5625,7684.6526310000045,5.917374805098401
14.025245,129804.072476,14.025245,137384.1875,7580.115023999999,5.839658863863086
14.005602,129785.84178,14.005602,137122.21875,7336.3769699999975,5.652678958954469
13.986014,129755.717774,13.986014,137005.6875,7249.969725999996,5.587399037495609
13.96648,129553.110519,13.96648,136783.265625,7230.155106000006,5.580842541746342
13.947001,129399.031686,13.947001,136535.828125,7136.796438999998,5.5153399109802965
13.927577,129104.488133,13.927577,136425.875,7321.386866999994,5.670900348141031
13.908206,129084.743534,13.908206,136358.8125,7274.068966000006,5.635111297319244
13.888889,128821.776112,13.888889,136160.84375,7339.067637999993,5.697070681294809
13.869626,128781.26097,13.869626,136150.40625,7369.145279999997,5.722218608898901
13.850416,128756.291181,13.850416,136132.375,7376.083819000007,5.728717215558056
13.831259,128744.49222,13.831259,136111.109375,7366.617155,5.721889168207556
13.812155,128699.441402,13.812155,135913.140625,7213.699223000003,5.605074229085117
13.793103,128621.612553,13.793103,135741.453125,7119.840572000001,5.535493165323355
13.774105,128584.987247,13.774105,135618.46875,7033.481503000003,5.469908776744931
13.755158,128554.056835,13.755158,135602.140625,7048.083790000004,5.482583718883541
13.736264,128355.622325,13.736264,135279.0625,6923.440174999996,5.393951624082078
13.717421,128274.52711,13.717421,135160.390625,6885.863515000005,5.368067745122248
13.69863,128073.767791,13.69863,134988.234375,6914.466583999994,5.398815622636728
13.679891,127994.187231,13.679891,134982.875,6988.6877689999965,5.460160277737478
13.661202,127968.508877,13.661202,134817.25,6848.741123,5.351895699263661
13.642565,127938.700425,13.642565,134784.75,6846.049574999997,5.35103885865503
13.623978,127917.988478,13.623978,134716.734375,6798.745897000001,5.314925584660272
13.605442,127806.169352,13.605442,134604.6875,6798.518148000003,5.319397477030803
13.586957,127772.327038,13.586957,134584.03125,6811.704211999997,5.33112636351545
13.568521,127670.071122,13.568521,134520.234375,6850.163253000006,5.365520041462241
13.550136,127566.763944,13.550136,134458.1875,6891.423555999994,5.402209276881266
13.5318,127021.039771,13.5318,134313.984375,7292.944604000004,5.7415248821361375
13.513514,127013.512551,13.513514,134216.40625,7202.893698999993,5.670966462019385
13.495277,126794.060851,13.495277,134136.78125,7342.720398999998,5.791060204017503
13.477089,126674.661608,13.477089,133840.5625,7165.900892000005,5.6569331238280185
13.45895,126586.352519,13.45895,133370.421875,6784.069356000007,5.359242304561822
13.44086,126360.025852,13.44086,133260.03125,6900.005397999994,5.460591948660781
13.422819,126131.952252,13.422819,133229.453125,7097.500872999997,5.627044334349036
13.404826,126115.100947,13.404826,133178.921875,7063.820928000001,5.6010904919059445
13.386881,125908.371504,13.386881,133142.015625,7233.644121000005,5.745165340948119
13.368984,125885.67363,13.368984,133127.234375,7241.560744999995,5.752489966637672
13.351135,125569.354984,13.351135,132990.421875,7421.066890999995,5.90993470655765
13.333333,125549.911317,13.333333,132875.515625,7325.6043079999945,5.8348144026192355
13.315579,125477.0758,13.315579,132819.828125,7342.752324999994,5.851867584724184
13.297872,125455.081487,13.297872,132704.5625,7249.481012999997,5.778547131828381
13.280212,125453.86716,13.280212,132282.28125,6828.414090000006,5.442968195863789
13.262599,125448.154616,13.262599,132241.0,6792.845384,5.414862741339698
13.245033,125371.924668,13.245033,132180.890625,6808.965956999993,5.4310133429242295
13.227513,125298.611341,13.227513,131971.75,6673.138659000004,5.325788201146992
13.21004,125153.888826,13.21004,131850.9375,6697.048674000005,5.351051203299671
13.192612,125123.162772,13.192612,131746.9375,6623.774728000004,5.29380378601033
13.175231,125118.575406,13.175231,131663.515625,6544.940218999996,5.230990041056795
13.157895,124872.436292,13.157895,131469.875,6597.4387080000015,5.283342668651584
13.140604,124848.493726,13.140604,131363.1875,6514.693773999999,5.218079593573261
13.12336,124530.79331,13.12336,131320.96875,6790.175440000006,5.45260755152898
13.10616,124523.077475,13.10616,131225.4375,6702.360025000002,5.382424014011064
13.089005,124467.144808,13.089005,131113.75,6646.605192000003,5.340047931727602
13.071895,124427.57601,13.071895,130922.484375,6494.908364999996,5.2198303408868245
13.05483,124363.83338,13.05483,130455.265625,6091.432245000004,4.898073724044292
13.03781,124278.178439,13.03781,130377.664062,6099.4856230000005,4.90792969418508
13.020833,124211.919337,13.020833,130148.570312,5936.650974999997,4.779453539312309
13.003901,124132.628119,13.003901,130093.53125,5960.903130999999,4.802043766676371
12.987013,124120.215757,12.987013,130007.617188,5887.401431000006,4.743305830636194
12.970169,123950.087742,12.970169,129979.671875,6029.584132999997,4.864525909453548
12.953368,123868.488376,12.953368,129909.835938,6041.34756200001,4.877227163426453
12.936611,123732.529213,12.936611,129784.984375,6052.455161999998,4.8915634397006205
12.919897,123402.034724,12.919897,129760.890625,6358.855901000003,5.1529587135432315
12.903226,123183.061348,12.903226,129707.625,6524.563651999997,5.29664028528053
12.886598,122938.333186,12.886598,129585.015625,6646.6824389999965,5.406517452082154
12.870013,122894.481964,12.870013,129511.75,6617.268035999994,5.384511924578044
12.85347,122633.137652,12.85347,129489.375,6856.237347999995,5.590852096972484
12.83697,122473.128339,12.83697,129410.28125,6937.152910999997,5.66422447526471
12.820513,122468.447133,12.820513,129343.367188,6874.92005500001,5.613625563108421
12.804097,122432.90114,12.804097,129280.085938,6847.184798000002,5.592601934810284
12.787724,122276.118132,12.787724,129272.171875,6996.053742999997,5.721520972269981
12.771392,122129.432364,12.771392,129041.703125,6912.270761000007,5.659791114396051
12.755102,122094.978629,12.755102,128692.0,6597.021370999995,5.403188112302163
12.738854,122022.011915,12.738854,128639.351562,6617.339647000001,5.423070430611824
12.722646,121985.817076,12.722646,128516.484375,6530.667298999993,5.3536283606898625
12.70648,121405.733495,12.70648,128248.21875,6842.485255000007,5.636047868597417
12.690355,121379.767805,12.690355,128229.453125,6849.685320000004,5.643185387373797
12.674271,121313.127178,12.674271,128220.070312,6906.943134000001,5.693483710023896
12.658228,121269.823892,12.658228,128088.46875,6818.644858,5.622705335230405
12.642225,121173.557503,12.642225,127906.140625,6732.583121999996,5.556148767715524
12.626263,121113.211482,12.626263,127745.203125,6631.991643000001,5.475861437284781
12.61034,121053.335377,12.61034,127685.75,6632.414623000004,5.478919355955355
12.594458,120909.61031,12.594458,127647.28125,6737.670939999996,5.572485861731991
12.578616,120898.523143,12.578616,127398.03125,6499.5081070000015,5.376002897332598
12.562814,120867.82026,12.562814,127348.578125,6480.757865000007,5.361855497235892
12.547051,120587.704631,12.547051,126855.046875,6267.3422439999995,5.1973310738256036
12.531328,120548.08611,12.531328,126742.203125,6194.117014999996,5.138295608731499
12.515645,120287.874309,12.515645,126740.46875,6452.594440999994,5.364293348824443
12.5,120112.804351,12.5,126673.9375,6561.133149000001,5.462476031969673
12.484395,120087.882341,12.484395,126673.859375,6585.977033999996,5.484297753955341
12.468828,120067.156721,12.468828,126606.4375,6539.280778999993,5.4463526559518
12.4533,119847.660946,12.4533,126284.921875,6437.260928999996,5.371202807120654
12.437811,119735.801556,12.437811,126129.8125,6394.010943999994,5.340099503162834
12.42236,119595.309796,12.42236,126108.546875,6513.237078999999,5.446063971998542
12.406948,119550.779099,12.406948,126049.140625,6498.361525999993,5.435649667007774
12.391574,119309.670418,12.391574,125879.21875,6569.548332000006,5.506299957902551
12.376238,119305.246107,12.376238,125657.476562,6352.230454999997,5.324351327604606
12.360939,119168.022077,12.360939,125403.875,6235.852922999999,5.2328240532269
12.345679,119052.837632,12.345679,125374.015625,6321.177993000005,5.309556763812026
12.330456,118874.335458,12.330456,125350.78125,6476.445791999999,5.448144687452928
12.315271,118798.190701,12.315271,125341.125,6542.9342990000005,5.507604333358693
12.300123,118671.052727,12.300123,125077.164062,6406.111334999994,5.398208904185846
12.285012,118620.819095,12.285012,124817.460938,6196.641843000005,5.223907481229996
12.269939,118432.636616,12.269939,124773.101562,6340.464945999993,5.353646703448811
12.254902,118379.314602,12.254902,124726.0625,6346.747898000001,5.36136564005142
12.239902,118321.361193,12.239902,124557.890625,6236.529431999996,5.270839829020623
12.224939,118297.251343,12.224939,124473.34375,6176.092407000004,5.22082494469172
12.210012,118224.932976,12.210012,124331.273438,6106.340462000007,5.165019178517625
12.195122,118218.131789,12.195122,124178.625,5960.493210999994,5.0419450221379725
12.180268,118128.749306,12.180268,123841.203125,5712.453819000002,4.835786252339383
12.16545,117890.023396,12.16545,123776.195312,5886.171915999992,4.992934725466947
12.150668,117708.586227,12.150668,123770.15625,6061.570022999993,5.149641345033494
12.135922,117607.102468,12.135922,123753.773438,6146.6709700000065,5.2264453770319435
12.121212,117414.305515,12.121212,123747.351562,6333.046046999996,5.393760171916131
12.106538,117306.850632,12.106538,123653.03125,6346.1806179999985,5.409897703168609
12.091898,117175.88438,12.091898,123477.507812,6301.623431999993,5.377918387681123
12.077295,117123.585317,12.077295,123435.148438,6311.563120999999,5.388806280065183
12.062726,116890.747627,12.062726,123252.703125,6361.955497999996,5.4426510456593915
12.048193,116775.973286,12.048193,122845.710938,6069.737652000011,5.197762417389072
12.033694,116453.327622,12.033694,122684.6875,6231.359878000003,5.350950466805548
12.019231,116381.51343,12.019231,122628.734375,6247.220944999994,5.36788082650043
12.004802,116296.396768,12.004802,122497.742188,6201.345419999998,5.332362474110938
11.990408,116187.189307,11.990408,122339.609375,6152.420068000007,5.295265428741496
11.976048,116173.909656,11.976048,122212.859375,6038.949718999997,5.1981978887357725
11.961722,116119.089876,11.961722,122177.601562,6058.511685999998,5.217498425512718
11.947431,115957.275103,11.947431,122174.070312,6216.795208999989,5.361280871319087
11.933174,115889.54551,11.933174,122063.34375,6173.798240000004,5.327312496421235
11.918951,115821.20925,11.918951,122054.703125,6233.493875,5.38199688585966
11.904762,115748.754764,11.904762,121929.992188,6181.237424000006,5.340219371346953
11.890606,115444.644248,11.890606,121809.539062,6364.894813999999,5.513373838570486
11.876485,115413.467989,11.876485,121788.226562,6374.758572999999,5.523409602081773
11.862396,115380.118267,11.862396,121735.460938,6355.342671000006,5.508178329556891
11.848341,115248.998034,11.848341,121727.804688,6478.806654,5.621573084816464
11.83432,115179.499736,11.83432,121454.609375,6275.109639000002,5.448113295667216
11.820331,115083.921881,11.820331,121213.976562,6130.054680999994,5.3265952192163235
11.806375,114849.531134,11.806375,121188.203125,6338.671990999996,5.51911002893376
11.792453,114751.648477,11.792453,121029.984375,6278.335898000005,5.471238087928985
11.778563,114726.526592,11.778563,120813.515625,6086.989033000005,5.3056509368988936
11.764706,114572.293781,11.764706,120797.125,6224.831219,5.4331034262947515
11.750881,114562.200635,11.750881,120686.851562,6124.650926999995,5.346135892163412
11.737089,114405.706187,11.737089,120635.328125,6229.621937999997,5.445202119392077
11.723329,114329.439785,11.723329,120159.101562,5829.661777000001,5.099003185848596
11.709602,114154.172113,11.709602,120082.265625,5928.093512000007,5.193059002812311
11.695906,114089.117436,11.695906,119600.617188,5511.499752000003,4.830872458183193
11.682243,113943.499751,11.682243,119497.148438,5553.648687000008,4.874037307206081
11.668611,113914.633739,11.668611,119467.554688,5552.920949000007,4.874633545083242
11.655012,113875.016434,11.655012,119304.507812,5429.4913779999915,4.767939051097157
11.641444,113827.745169,11.641444,119189.367188,5361.622019000002,4.71029449897264
11.627907,113592.250525,11.627907,119167.054688,5574.804163000008,4.9077328226480335
11.614402,113527.028239,11.614402,119021.117188,5494.088948999997,4.839454563572033
11.600928,113473.175558,11.600928,119018.085938,5544.910380000001,4.886538472844455
11.587486,113432.406227,11.587486,119014.796875,5582.3906480000005,4.92133670939552
11.574074,113271.612436,11.574074,118808.90625,5537.293814000004,4.888509746542763
11.560694,113232.745486,11.560694,118763.984375,5531.238889,4.884840392467458
11.547344,113206.995949,11.547344,118491.867188,5284.871239,4.6683256584079365
11.534025,113143.519748,11.534025,118352.546875,5209.027126999994,4.6039111551433525
11.520737,112856.644396,11.520737,118273.8125,5417.168103999997,4.800043571198009
11.50748,112734.357172,11.50748,118179.6875,5445.330327999996,4.830231408240523
11.494253,112714.162457,11.494253,118103.1875,5389.0250430000015,4.781142782350792
11.481056,112685.06731,11.481056,117895.359375,5210.2920650000015,4.623764434258473
11.46789,112601.198556,11.46789,117850.804688,5249.606132000001,4.662122783168433
11.454754,112545.001172,11.454754,117740.4375,5195.436327999996,4.616319049177428
11.441648,112500.632775,11.441648,117450.257812,4949.625036999991,4.399641953036109
11.428571,112443.563706,11.428571,117089.4375,4645.873793999999,4.131738305757819
11.415525,112274.610266,11.415525,116933.5,4658.889733999997,4.149548791986182
11.402509,111677.709177,11.402509,116861.890625,5184.181448000003,4.642091502596549
11.389522,111632.272901,11.389522,116850.296875,5218.023973999996,4.6742969917199035
11.376564,111295.011826,11.376564,116651.460938,5356.449112000002,4.812838440930615
11.363636,110930.13697,11.363636,116090.414062,5160.277091999989,4.651826124938021
11.350738,110917.078569,11.350738,116050.296875,5133.218305999995,4.627978280916126
11.337868,110661.027027,11.337868,115809.84375,5148.816722999996,4.652782340203426
11.325028,110489.114096,11.325028,115642.125,5153.010903999995,4.663817740019827
11.312217,110431.326506,11.312217,115601.257812,5169.931305999999,4.68158037177893
11.299435,110139.800812,11.299435,115530.265625,5390.464812999999,4.8942024347775055
11.286682,109990.452783,11.286682,115451.289062,5460.836278999996,4.964827528961692
11.273957,109826.009879,11.273957,115431.523438,5605.513558999999,5.103994550267129
11.261261,109671.126323,11.261261,115300.960938,5629.834615,5.133379043103091
11.248594,109520.530101,11.248594,115122.492188,5601.962087000007,5.114988104818219
11.235955,109354.940915,11.235955,115023.96875,5669.027835000001,5.18406190663708
11.223345,109177.533658,11.223345,114875.4375,5697.903842,5.2189343824607315
11.210762,109164.854896,11.210762,114874.71875,5709.863853999996,5.230496444519357
11.198208,108769.325534,11.198208,114475.898438,5706.572904000001,5.246491026752017
11.185682,108719.889927,11.185682,114382.539062,5662.649135,5.208475780100759
11.173184,108695.668877,11.173184,114355.453125,5659.784247999996,5.207000708008529
11.160714,108331.670212,11.160714,114354.78125,6023.111038000003,5.559880158972032
11.148272,108169.421457,11.148272,114347.414062,6177.992604999992,5.7114039455743
11.135857,108124.848265,11.135857,114285.539062,6160.690797000003,5.697756709818401
11.123471,107872.322223,11.123471,114032.296875,6159.974652000004,5.710431114355491
11.111111,107709.070748,11.111111,113952.367188,6243.2964400000055,5.796444437448583
11.098779,107646.589898,11.098779,113893.015625,6246.425726999994,5.802715843501187
11.086475,107151.7013,11.086475,113713.390625,6561.689324999999,6.123737883198686
11.074197,107094.207295,11.074197,113693.75,6599.542705,6.162371309982253
11.061947,107052.413908,11.061947,113208.328125,6155.914216999998,5.750374038543719
11.049724,107045.726544,11.049724,113167.429688,6121.703143999999,5.718773968509372
11.037528,107029.489558,11.037528,112960.351562,5930.862003999995,5.541334475659646
11.025358,106923.40431,11.025358,112699.445312,5776.041001999998,5.402036195231575
11.013216,106641.555537,11.013216,112315.273438,5673.717901000011,5.320363035244246
11.0011,106584.163847,11.0011,112311.125,5726.961152999997,5.373182043460945
10.989011,106557.986724,10.989011,112257.25,5699.263275999998,5.34850878025866
10.976948,106492.915364,10.976948,111946.039062,5453.123697999996,5.120644579370233
10.964912,106480.597967,10.964912,111887.257812,5406.659845000002,5.077600941605916
10.952903,106155.560154,10.952903,111837.875,5682.314845999994,5.352818861072046
10.940919,105918.788031,10.940919,111238.140625,5319.352593999996,5.022104853053213
10.928962,105797.552866,10.928962,110904.976562,5107.423695999998,4.827544265101205
10.917031,105672.469209,10.917031,110875.375,5202.905790999997,4.923615232941744
10.905125,105580.512443,10.905125,110863.773438,5283.260995000004,5.004011510033436
10.893246,105368.122586,10.893246,110769.570312,5401.4477259999985,5.126263611265744
10.881393,105259.707516,10.881393,110710.25,5450.542484000005,5.178185093447553
10.869565,104872.580773,10.869565,110680.570312,5807.989539000002,5.538139231618204
10.857763,104611.721626,10.857763,110606.8125,5995.090874000001,5.730802228294456
10.845987,104473.267166,10.845987,110456.757812,5983.490645999991,5.727293506091547
10.834236,104434.080955,10.834236,110404.382812,5970.301856999999,5.716813709092308
10.822511,104402.756224,10.822511,110092.929688,5690.173464000007,5.450213835151563
10.810811,104390.004631,10.810811,109996.335938,5606.331307,5.370563328182022
10.799136,104250.007218,10.799136,109893.4375,5643.430282000001,5.4133620060081835
10.787487,104187.553618,10.787487,109802.703125,5615.149506999995,5.389462860014683
10.775862,104182.597929,10.775862,109737.15625,5554.558321000004,5.331560578653848
10.764263,104014.517301,10.764263,109552.15625,5537.638949,5.323909674045818
10.752688,104006.762803,10.752688,109474.570312,5467.807508999991,5.257165362753004
10.741139,103938.554373,10.741139,109388.265625,5449.711251999994,5.243204780819675
10.729614,103900.589105,10.729614,109269.234375,5368.645269999994,5.167098008053198
10.718114,103870.067284,10.718114,109004.164062,5134.096777999992,4.9428068280368205
10.706638,103856.837118,10.706638,109000.171875,5143.334757000004,4.952331401307989
10.695187,103782.933994,10.695187,108602.570312,4819.63631799999,4.643958435669806
10.683761,103649.019228,10.683761,108519.601562,4870.5823339999915,4.699110874639362
10.672359,103548.490477,10.672359,108264.203125,4715.712648000001,4.554110471603105
10.660981,103454.048917,10.660981,108142.914062,4688.865145000003,4.53231670880453
10.649627,103436.506089,10.649627,108141.25,4704.743910999998,4.548436609944935
10.638298,103420.135668,10.638298,108134.132812,4713.997143999994,4.55810380981601
10.626993,103396.771604,10.626993,107941.554688,4544.78308400001,4.395478711275538
10.615711,103272.294778,10.615711,107790.789062,4518.494284,4.375320887090979
10.604454,103221.189323,10.604454,107596.414062,4375.2247389999975,4.238688555805179
10.59322,103135.30714,10.59322,107574.21875,4438.911609999996,4.303968963775363
10.582011,103089.670939,10.582011,107494.609375,4404.938435999997,4.272919290436456
10.570825,102974.679754,10.570825,107494.609375,4519.929621000003,4.389360211459583
10.559662,102938.871145,10.559662,107472.460938,4533.5897930000065,4.404157285360142
10.548523,102889.50488,10.548523,107370.484375,4480.979495000007,4.355137582036353
10.537408,102809.848508,10.537408,107366.054688,4556.206180000008,4.431682612240668
10.526316,102784.714942,10.526316,107277.265625,4492.550682999994,4.370835377161943
10.515247,102751.882172,10.515247,107237.273438,4485.391266000006,4.365264335004347
10.504202,102745.005833,10.504202,107153.773438,4408.767605000001,4.290979954943929
10.493179,102716.346673,10.493179,107045.929688,4329.583015000011,4.215086649044621
10.48218,102642.076999,10.48218,106970.148438,4328.071439000007,4.216663931149965
10.471204,102525.036027,10.471204,106914.203125,4389.167098000005,4.281068574161844
10.460251,102504.467996,10.460251,106840.695312,4336.2273159999895,4.230281275318848
10.449321,102442.171784,10.449321,106791.539062,4349.367277999991,4.245680467581906
10.438413,102389.005287,10.438413,106787.070312,4398.065024999989,4.2954465791244445
10.427529,102369.373686,10.427529,106764.710938,4395.3372519999975,4.29360568863293
10.416667,102364.882659,10.416667,106674.789062,4309.906403000001,4.210336876326279
10.405827,102251.359802,10.405827,106527.335938,4275.9761359999975,4.1818281383054625
10.39501,102249.199557,10.39501,106271.21875,4022.019193,3.9335458961298557
10.384216,102241.425574,10.384216,105960.054688,3718.6291140000103,3.6371060879902855
10.373444,102166.101313,10.373444,105801.734375,3635.6330619999935,3.5585512369330092
10.362694,102109.303731,10.362694,105447.757812,3338.454080999989,3.269490593917787
10.351967,101954.34534,10.351967,105146.984375,3192.639035,3.131439885522392
10.341262,101917.756333,10.341262,105087.609375,3169.8530420000025,3.110206853105178
10.330579,101900.189427,10.330579,104680.039062,2779.8496349999914,2.728012234944313
10.319917,101892.379318,10.319917,104647.742188,2755.362869999997,2.704189350020648
10.309278,101533.712554,10.309278,104426.898438,2893.185884000006,2.849483005421756
10.298661,101482.954704,10.298661,104422.234375,2939.2796709999966,2.896328432270354
10.288066,101291.070843,10.288066,104321.203125,3030.132282000006,2.9915097715737216
10.277492,101277.306282,10.277492,104274.710938,2997.404655999999,2.9596014803690793
10.26694,101214.62068,10.26694,104274.710938,3060.0902579999965,3.023367807379107
10.25641,101075.164646,10.25641,104219.296875,3144.1322289999953,3.110687219765437
10.245902,100466.657731,10.245902,104094.71875,3628.0610190000007,3.611209032865563
10.235415,100419.411348,10.235415,104057.460938,3638.0495900000096,3.6228549253216342
10.224949,100334.160954,10.224949,103895.304688,3561.1437339999975,3.549283414681334
10.214505,100217.97672,10.214505,103714.984375,3497.007654999994,3.489401571905925
10.204082,100183.497607,10.204082,103574.65625,3391.1586430000025,3.384947345622575
10.19368,100031.621636,10.19368,103521.351562,3489.729926,3.4886267651429277
10.183299,100011.782255,10.183299,103336.84375,3325.0614950000017,3.324669773929329
10.17294,100010.485241,10.17294,103303.671875,3293.186633999998,3.292841371646433
10.162602,99978.289082,10.162602,103177.921875,3199.632792999997,3.2003276135038963
10.152284,99735.426408,10.152284,103066.609375,3331.1829670000006,3.3400197772983096
10.141988,99724.692367,10.141988,103046.804688,3322.112321000008,3.3312835990250007
10.131712,99689.910762,10.131712,102892.007812,3202.0970499999967,3.2120572939870446
10.121457,99407.587748,10.121457,102801.84375,3394.2560019999946,3.414483822507084
10.111223,99308.388323,10.111223,102595.6875,3287.2991769999935,3.310192857332525
10.10101,99278.380306,10.10101,102583.367188,3304.9868819999974,3.329009671404013
10.090817,99231.126619,10.090817,102411.710938,3180.5843190000014,3.2052284674867413
10.080645,99060.359563,10.080645,102303.6875,3243.3279369999946,3.2740926353465496
10.070493,98940.984481,10.070493,102270.59375,3329.609268999993,3.3652477650850443
10.060362,98915.641215,10.060362,102136.664062,3221.022847,3.256333181927097
10.050251,98786.543299,10.050251,101781.242188,2994.6988890000066,3.031484642534629
10.040161,98785.894406,10.040161,101757.453125,2971.5587189999933,3.0080799863867083
10.03009,98484.893421,10.03009,101499.039062,3014.1456409999955,3.0605157159638936
10.02004,98372.929072,10.02004,101087.609375,2714.680303000001,2.7595806372839657
10.01001,98252.321399,10.01001,100990.21875,2737.897351000007,2.786598130217688
10.0,98225.543519,10.0,100704.625,2479.081481000001,2.523866391760374
9.99001,98131.126045,9.99001,100309.398438,2178.2723930000066,2.2197568506460588
9.98004,97994.586938,9.98004,100186.625,2192.038062000007,2.2368970883941612
9.97009,97968.219288,9.97009,100016.773438,2048.554150000011,2.0910394869767077
9.960159,97886.474226,9.960159,99827.117188,1940.642961999998,1.9825445520894411
9.950249,97623.949032,9.950249,99448.171875,1824.222842999996,1.8686222603042177
9.940358,97553.72882,9.940358,99411.421875,1857.693054999996,1.9042768302867175
9.930487,97522.604267,9.930487,99358.515625,1835.9113579999976,1.8825495604830138
9.920635,97386.975847,9.920635,99329.148438,1942.1725910000096,1.9942837059149097
9.910803,97099.482238,9.910803,99230.054688,2130.572450000007,2.1942160770515464
9.90099,97017.650591,9.90099,99167.875,2150.224409000002,2.2163229019683883
9.891197,96967.567844,9.891197,99044.71875,2077.1509059999953,2.142108905259628
9.881423,96902.547651,9.881423,98631.15625,1728.6085989999992,1.783862902372475
9.871668,96809.644368,9.871668,98552.164062,1742.5196940000023,1.7999443189525697
9.861933,96774.959546,9.861933,98551.195312,1776.235765999998,1.8354290968788272
9.852217,96638.333392,9.852217,98489.234375,1850.9009829999995,1.9152865307518048
9.84252,96569.02668,9.84252,98301.632812,1732.6061320000008,1.7941633995559714
9.832842,96559.216561,9.832842,98127.734375,1568.5178140000062,1.6244102529654598
9.823183,96462.649738,9.823183,98056.859375,1594.2096370000072,1.6526703769075426
9.813543,96427.106559,9.813543,98007.179688,1580.0731289999967,1.6386192486582716
9.803922,96384.998205,9.803922,97936.0625,1551.0642950000038,1.6092382879969196
9.794319,96316.311129,9.794319,97773.3125,1457.0013710000057,1.5127254708172844
9.784736,96197.363897,9.784736,97738.429688,1541.065791000001,1.6019833897424092
9.775171,96132.966758,9.775171,97658.640625,1525.673867000005,1.5870454418000592
9.765625,96062.435861,9.765625,97448.875,1386.4391389999946,1.4432687726200677
9.756098,95919.12179,9.756098,97393.851562,1474.7297719999915,1.5374721374416698
9.746589,95768.533392,9.746589,97280.0625,1511.5291080000025,1.578314979318946
9.737098,95644.00555,9.737098,97123.265625,1479.2600749999983,1.546631246248551
9.727626,95571.648171,9.727626,97113.90625,1542.2580790000065,1.6137192446870297
9.718173,95479.632057,9.718173,96894.4375,1414.8054430000047,1.4817876991350216
9.708738,95297.784308,9.708738,96887.101562,1589.3172539999941,1.6677378866053816
9.699321,95189.05945,9.699321,96811.601562,1622.5421119999955,1.7045468474791148
9.689922,95188.164763,9.689922,96796.492188,1608.3274250000104,1.689629618350593
9.680542,95154.447116,9.680542,96645.28125,1490.8341340000043,1.566751927193242
9.67118,95016.53324,9.67118,96448.335938,1431.8026979999995,1.5068984830076289
9.661836,95004.398355,9.661836,96326.921875,1322.5235200000025,1.3920655705414497
9.65251,94626.75452,9.65251,96318.039062,1691.284541999994,1.7873217258471332
9.643202,94512.427864,9.643202,96073.476562,1561.0486979999987,1.6516861679252297
9.633911,94266.800646,9.633911,95931.242188,1664.4415420000005,1.765670979171634
9.624639,93788.314913,9.624639,95926.15625,2137.8413370000053,2.2794325060463145
9.615385,93548.84998,9.615385,95900.40625,2351.556270000001,2.51372012643955
9.606148,93291.682844,9.606148,95768.421875,2476.7390310000046,2.6548336952411344
9.596929,93048.559294,9.596929,95646.117188,2597.5578939999978,2.791615382020745
9.587728,92951.661962,9.587728,95574.703125,2623.0411630000017,2.8219411117924276
9.578544,92832.289197,9.578544,95550.28125,2717.9920529999945,2.927852018420149
9.569378,92811.35028,9.569378,95465.8125,2654.4622200000013,2.86006206352114
9.560229,92799.547858,9.560229,95452.148438,2652.6005799999984,2.8584197242630474
9.551098,92786.605054,9.551098,95078.382812,2291.7777579999965,2.4699446182627613
9.541985,92677.501599,9.541985,94940.601562,2263.0999630000006,2.4419086876036586
9.532888,92638.773969,9.532888,94928.148438,2289.374469000002,2.471291847802414
9.52381,92498.067684,9.52381,94727.25,2229.182316000006,2.4099771722967596
9.514748,92438.459328,9.514748,94718.578125,2280.118797000003,2.4666343571450517
9.505703,92433.580669,9.505703,94558.804688,2125.224019000001,2.2991904063635933
9.496676,92411.619228,9.496676,94535.023438,2123.404210000008,2.2977675618485787
9.487666,92322.84973,9.487666,94414.257812,2091.4080819999945,2.265320111019492
9.478673,92186.52217,9.478673,94409.085938,2222.5637680000073,2.4109422024853107
9.469697,92038.320912,9.469697,94108.953125,2070.6322130000044,2.2497500959190515
9.460738,91886.623188,9.460738,93953.34375,2066.7205620000022,2.2492072189566623
9.451796,91833.314556,9.451796,93911.804688,2078.4901320000063,2.263329100173709
9.442871,91769.475902,9.442871,93641.359375,1871.8834729999944,2.0397669863549903
9.433962,91611.698432,9.433962,93443.25,1831.5515679999953,1.9992551162660614
9.425071,91461.371807,9.425071,93401.492188,1940.1203810000006,2.121245661057878
9.416196,91292.399124,9.416196,93393.375,2100.975875999997,2.30136998935289
9.407338,91279.993266,9.407338,93385.828125,2105.834858999995,2.3070059315882716
9.398496,91210.858076,9.398496,92839.648438,1628.7903619999997,1.78574173772473
9.389671,91112.816962,9.389671,92757.171875,1644.3549130000029,1.8047459927463403
9.380863,91100.567198,9.380863,92663.421875,1562.8546769999957,1.7155268348694828
9.372071,91095.274171,9.372071,92662.523438,1567.2492670000065,1.7204506833779716
9.363296,91045.989158,9.363296,92507.03125,1461.0420920000033,1.6047297695503429
9.354537,90874.651205,9.354537,92425.820312,1551.1691069999943,1.7069326665153106
9.345794,90694.354192,9.345794,92371.796875,1677.4426830000011,1.849555794232631
9.337068,90651.701634,9.337068,92332.953125,1681.2514910000027,1.8546276139282412
9.328358,90575.675263,9.328358,92192.476562,1616.8012989999988,1.7850281483470862
9.319664,90536.224266,9.319664,92187.078125,1650.8538589999953,1.8234180543576715
9.310987,90491.847276,9.310987,91711.695312,1219.8480359999958,1.348019819155046
9.302326,90485.466433,9.302326,91669.78125,1184.3148170000059,1.3088453468678667
9.29368,90296.532147,9.29368,91572.789062,1276.2569149999908,1.4134063453536438
9.285051,90257.282769,9.285051,91533.171875,1275.8891060000024,1.4136134690265931
9.276438,90016.592771,9.276438,91519.585938,1502.9931670000078,1.669684577846204
9.267841,89872.593019,9.267841,91477.0,1604.4069809999928,1.7852016138677609
9.259259,89608.238357,9.259259,91365.125,1756.8866430000053,1.960630713440157
9.250694,89587.49294,9.250694,91331.984375,1744.4914350000035,1.9472488600259783
9.242144,89565.315819,9.242144,91264.617188,1699.301369000008,1.897276142512664
9.23361,89449.11936,9.23361,91121.71875,1672.599390000003,1.869889163769631
9.225092,89426.931646,9.225092,91099.101562,1672.169915999999,1.8698728506299969
9.21659,89409.636433,9.21659,90712.726562,1303.0901289999892,1.457438125225431
9.208103,89288.722801,9.208103,90363.40625,1074.6834490000037,1.2036049069658858
9.199632,89246.057735,9.199632,90336.203125,1090.1453900000051,1.221505372525243
9.191176,89223.485549,9.191176,90115.796875,892.3113259999955,1.0000857067054991
9.182736,89218.453435,9.182736,90007.109375,788.6559399999969,0.8839605593192347
9.174312,89143.457799,9.174312,89890.414062,746.956263,0.8379260592339053
9.165903,89102.511895,9.165903,89709.914062,607.4021669999929,0.6816891623838467
9.157509,89082.738795,9.157509,89577.3125,494.5737050000025,0.5551846650540584
9.149131,89058.88526,9.149131,89460.625,401.73974000000453,0.45109450767001946
9.140768,88895.523214,9.140768,89395.195312,499.67209799999546,0.5620891580750638
9.13242,88833.433824,9.13242,89242.914062,409.4802379999892,0.46095284215993065
9.124088,88790.133098,9.124088,89115.429688,325.2965899999981,0.36636569700932836
9.11577,88736.111874,9.11577,89041.335938,305.2240640000091,0.34396826450251633
9.107468,88667.252117,9.107468,88684.84375,17.59163300000364,0.019840056593600955
9.099181,88656.416945,9.099181,88576.773438,79.64350700000068,0.08983388878597397
9.090909,88638.733779,9.090909,88390.367188,248.36659099999815,0.28020096904728164
9.082652,88633.033085,9.082652,88222.890625,410.14246000000276,0.4627422144142036
9.07441,88507.882731,9.07441,87917.367188,590.5155430000013,0.6671897742653519
9.066183,88460.888097,9.066183,87840.1875,620.7005970000027,0.7016667030511676
9.057971,88376.989689,9.057971,87547.421875,829.5678139999945,0.9386694624010804
9.049774,88177.340699,9.049774,87235.640625,941.700073999993,1.0679615267765417
9.041591,87887.525767,9.041591,87082.242188,805.2835789999954,0.916266070721908
9.033424,87638.713859,9.033424,86973.0625,665.6513589999959,0.7595403100859601
9.025271,87592.118092,9.025271,86851.84375,740.2743420000043,0.8451380764904864
9.017133,87405.491352,9.017133,86703.296875,702.1944769999973,0.8033756988701257
9.009009,87329.252909,9.009009,86651.273438,677.9794709999987,0.7763486442583861
9.0009,87144.250082,9.0009,86496.8125,647.4375819999987,0.7429492839639795
8.992806,87013.316852,8.992806,86173.34375,839.9731020000036,0.9653385624049989
8.984726,86916.841649,8.984726,86065.820312,851.0213369999983,0.9791213312107154
8.976661,86681.415404,8.976661,86050.195312,631.2200920000032,0.7282069507726047
8.96861,86388.863405,8.96861,86032.164062,356.6993430000002,0.41289968283036266
8.960573,86192.274812,8.960573,85912.203125,280.0716870000033,0.3249382704086732
8.952551,86112.219179,8.952551,85866.039062,246.1801170000108,0.28588290877544376
8.944544,86090.27827,8.944544,85699.945312,390.33295799999905,0.4533995775641707
8.93655,85936.689479,8.93655,85312.78125,623.9082289999933,0.7260091502040642
8.928571,85876.679711,8.928571,85171.0,705.6797110000043,0.8217361376508987
8.920607,85868.544293,8.920607,85128.09375,740.450542999999,0.862307087067226
8.912656,85844.673104,8.912656,85093.835938,750.8371659999975,0.8746461939349056
8.90472,85827.221225,8.90472,85042.546875,784.6743500000011,0.9142488115081128
8.896797,85754.527867,8.896797,84970.367188,784.1606789999933,0.9144248105664792
8.888889,85706.182355,8.888889,84870.742188,835.4401669999934,0.9747723490232613
8.880995,85673.631824,8.880995,84760.632812,912.9990120000002,1.065670956818524
8.873114,85439.063338,8.873114,84661.78125,777.2820880000072,0.9097502449494926
8.865248,84856.021423,8.865248,84627.445312,228.57611100000213,0.2693693472388598
8.857396,84728.469508,8.857396,84612.851562,115.61794599999848,0.13645702167331364
8.849558,84669.781298,8.849558,84546.789062,122.9922360000055,0.1452610767555044
8.841733,84638.40027,8.841733,84522.609375,115.79089499999827,0.1368065731755569
8.833922,84597.439098,8.833922,84432.695312,164.74378600000637,0.19473850243760055
8.826125,84404.817347,8.826125,84418.851562,14.0342149999924,0.016627267780576764
8.818342,84208.578879,8.818342,84414.148438,205.56955900001049,0.2441194967740699
8.810573,84132.326214,8.810573,84242.570312,110.24409799999557,0.1310365503499539
8.802817,84101.030725,8.802817,84238.640625,137.60989999999583,0.16362451067926054
8.795075,83896.391588,8.795075,84214.34375,317.9521620000014,0.37898192756776355
8.787346,83711.358722,8.787346,84124.023438,412.6647159999993,0.492961435938977
8.779631,83647.915467,8.779631,84090.078125,442.1626580000011,0.5285997332168295
8.77193,83494.866274,8.77193,84002.25,507.383726,0.607682542223554
8.764242,83211.739536,8.764242,83950.0,738.2604640000063,0.8872071033686442
8.756567,83179.697925,8.756567,83680.726562,501.0286369999958,0.6023448623866781
8.748906,83003.598146,8.748906,83382.992188,379.3940419999999,0.4570814404125722
8.741259,82866.418714,8.741259,83351.492188,485.07347400000435,0.5853679711611006
8.733624,82860.07801,8.733624,83238.414062,378.33605199999874,0.4565963019662366
8.726003,82808.875695,8.726003,83159.898438,351.02274300000863,0.42389507169845975
8.718396,82764.255735,8.718396,83107.0625,342.8067650000012,0.41419663833820036
8.710801,82742.456419,8.710801,82967.273438,224.81701900000917,0.2717069672932563
8.70322,82716.584518,8.70322,82964.53125,247.9467319999967,0.2997545576196281
8.695652,82534.725148,8.695652,82848.578125,313.8529770000023,0.38026779205625993
8.688097,82473.342576,8.688097,82815.125,341.78242400000454,0.4144156321602325
8.680556,82452.918013,8.680556,82769.054688,316.13667500000156,0.38341478096646336
8.673027,82359.920944,8.673027,82694.585938,334.6649940000061,0.406344481835478
8.665511,82264.80114,8.665511,82670.695312,405.89417200000025,0.49339956624855974
8.658009,82234.083959,8.658009,82611.695312,377.61135300000024,0.4591908060753355
8.650519,82218.507807,8.650519,82556.0625,337.5546929999982,0.41055803857736656
8.643042,81962.437753,8.643042,82447.382812,484.9450589999906,0.5916674421780976
8.635579,81920.762394,8.635579,82418.882812,498.12041799999133,0.608051492006713
8.628128,81875.063111,8.628128,82381.640625,506.57751400000416,0.6187201508635478
8.62069,81635.097734,8.62069,82356.695312,721.5975780000008,0.8839305617679986
8.613264,81594.615982,8.613264,82102.6875,508.071517999997,0.6226777488750961
8.605852,81559.172326,8.605852,81995.695312,436.5229859999963,0.5352224324385872
8.598452,81473.535414,8.598452,81806.6875,333.1520860000019,0.40890834589062736
8.591065,81404.216966,8.591065,81737.234375,333.01740899999277,0.4090911029081991
8.583691,81256.502436,8.583691,81718.539062,462.036626000001,0.5686149565247588
8.576329,81189.098024,8.576329,81640.070312,450.97228799998993,0.5554591675186239
8.56898,81114.017031,8.56898,81564.414062,450.3970310000004,0.5552641177022075
8.561644,80486.441179,8.561644,81492.28125,1005.8400709999987,1.2497012618100898
8.55432,80327.714773,8.55432,81485.492188,1157.777415000004,1.441317505759743
8.547009,80069.36353,8.547009,81443.171875,1373.8083449999976,1.7157727805407943
8.53971,80032.284969,8.53971,81423.695312,1391.410342999996,1.7385613112745062
8.532423,80018.404489,8.532423,81253.742188,1235.3376990000106,1.5438169592219633
8.525149,79984.50699,8.525149,81188.429688,1203.9226980000094,1.505194872490155
8.517888,79593.2773,8.517888,81178.359375,1585.0820749999984,1.9914773317168062
8.510638,79591.435592,8.510638,81019.734375,1428.2987830000056,1.7945382846487679
8.503401,79549.132353,8.503401,81006.671875,1457.5395220000064,1.8322506844350754
8.496177,79510.033651,8.496177,80996.257812,1486.224160999991,1.8692284391723417
8.488964,79330.32562,8.488964,80916.296875,1585.9712549999967,1.9991992250188835
8.481764,79227.425812,8.481764,80808.546875,1581.1210629999987,1.9956739055890387
8.474576,79111.374648,8.474576,80664.921875,1553.5472270000027,1.9637469755928172
8.467401,78898.96737,8.467401,80657.570312,1758.6029419999977,2.2289302390397023
8.460237,78888.033815,8.460237,80598.585938,1710.5521230000013,2.1683290104699657
8.453085,78758.865958,8.453085,80502.71875,1743.8527920000051,2.214166964935675
8.445946,78664.179244,8.445946,80474.0625,1809.883256000001,2.3007718041347864
8.438819,78582.06281,8.438819,79924.757812,1342.695001999993,1.7086532905689105
8.431703,78472.448725,8.431703,79709.734375,1237.2856500000053,1.5767134454233322
8.4246,78345.858828,8.4246,79696.078125,1350.2192970000033,1.7234086360126146
8.417508,78331.400851,8.417508,79669.359375,1337.9585240000015,1.708074296468963
8.410429,78282.669912,8.410429,79666.507812,1383.8378999999986,1.7677448936726534
8.403361,78260.88037,8.403361,79621.273438,1360.3930680000049,1.7382797913445003
8.396306,78087.626031,8.396306,79532.242188,1444.6161569999967,1.8499936935289834
8.389262,77959.457046,8.389262,79468.320312,1508.8632660000003,1.935446093614653
8.38223,77951.996341,8.38223,79317.226562,1365.2302209999907,1.7513730052888046
8.375209,77756.436558,8.375209,78495.476562,739.040003999995,0.9504550834820356
8.368201,77736.525749,8.368201,78461.671875,725.1461260000069,0.9328254884214906
8.361204,77703.227479,8.361204,78435.375,732.1475210000062,0.9422356635030067
8.354219,77473.940907,8.354219,78377.171875,903.2309680000035,1.1658513268148385
8.347245,77433.38264,8.347245,78376.351562,942.968922,1.2177808715706135
8.340284,77422.274489,8.340284,78333.835938,911.5614490000007,1.1773891364164373
8.333333,77409.713372,8.333333,78292.429688,882.7163160000055,1.14031725160643
8.326395,77165.992433,8.326395,78205.789062,1039.7966289999895,1.3474804071272735
8.319468,77144.723717,8.319468,78149.234375,1004.5106579999992,1.3021119392234473
8.312552,77089.86812,8.312552,77986.875,897.0068800000008,1.1635859573708152
8.305648,76925.97704,8.305648,77826.523438,900.5463980000059,1.1706661815055524
8.298755,76875.693865,8.298755,77563.273438,687.57957300001,0.8944043798908091
8.291874,76841.679393,8.291874,77299.765625,458.0862320000015,0.5961429208973424
8.285004,76804.806786,8.285004,77074.5,269.693213999999,0.35114106171953646
8.278146,76747.24393,8.278146,77047.726562,300.4826319999993,0.39152237476314455
8.271299,76677.244622,8.271299,77043.90625,366.66162800000166,0.4781883201561995
8.264463,76615.246746,8.264463,76807.546875,192.30012899999565,0.2509945959418781
8.257638,76448.174304,8.257638,76740.328125,292.1538209999999,0.3821593172889068
8.250825,76026.463418,8.250825,76724.960938,698.4975200000044,0.9187557708157558
8.244023,76026.114814,8.244023,76698.203125,672.0883109999995,0.8840229605896371
8.237232,76010.820501,8.237232,76664.34375,653.5232490000053,0.8597766011372125
8.230453,75873.285354,8.230453,76524.539062,651.2537079999893,0.8583438887105678
8.223684,75795.333656,8.223684,76259.820312,464.4866559999937,0.6128169553393406
8.216927,75629.896696,8.216927,76023.882812,393.98611600000004,0.5209396458435698
8.210181,75439.022685,8.210181,75849.398438,410.37575300000026,0.5439833900202392
8.203445,75310.570622,8.203445,75798.921875,488.3512530000007,0.6484498111840648
8.196721,75297.949642,8.196721,75569.445312,271.49566999998933,0.3605618363989998
8.190008,75162.193012,8.190008,75561.648438,399.45542600000044,0.5314579178606795
8.183306,75133.296382,8.183306,75464.210938,330.91455600000336,0.4404366265490808
8.176615,75078.869365,8.176615,75194.6875,115.81813499999407,0.15426195942954057
8.169935,75047.364898,8.169935,75104.65625,57.29135200000019,0.07634025801954172
8.163265,75033.714358,8.163265,75036.046875,2.3325170000025537,0.0031086252626035217
8.156607,74928.535075,8.156607,74905.671875,22.863200000007055,0.03051334178243582
8.149959,74902.392516,8.149959,74558.453125,343.93939100000716,0.4591834512182475
8.143322,74730.074074,8.143322,74499.296875,230.77719900000375,0.3088143586897574
8.136697,74630.918676,8.136697,74407.375,223.54367600000114,0.2995322581656614
8.130081,74551.85101,8.130081,74349.257812,202.5931980000023,0.27174804549497705
8.123477,74363.46347,8.123477,74337.398438,26.06503199999861,0.035050858020503395
8.116883,74149.491684,8.116883,73980.914062,168.57762199999706,0.22734831779888362
8.1103,74146.897736,8.1103,73917.421875,229.475860999999,0.30948814853596124
8.103728,74072.940429,8.103728,73872.101562,200.83886699999857,0.2711366199813623
8.097166,73946.561222,8.097166,73796.90625,149.6549720000039,0.2023825983614228
8.090615,73876.775214,8.090615,73771.6875,105.08771399999387,0.14224729449219278
8.084074,73845.863719,8.084074,73765.164062,80.69965700000466,0.10928121486544577
8.077544,73823.750725,8.077544,73614.96875,208.78197500000533,0.2828113892204375
8.071025,73815.208361,8.071025,73575.890625,239.31773599999724,0.3242119629732562
8.064516,73803.160393,8.064516,73427.414062,375.7463310000021,0.5091195675078983
8.058018,73680.633246,8.058018,73411.429688,269.2035579999938,0.36536542391159266
8.05153,73585.130837,8.05153,73135.296875,449.83396200000425,0.611310949485761
8.045052,73504.87448,8.045052,72801.960938,702.9135419999948,0.9562815350310557
8.038585,73456.674741,8.038585,72618.40625,838.2684909999953,1.1411740239476345
8.032129,73375.895057,8.032129,72487.546875,888.3481820000015,1.210681220733203
8.025682,73352.857935,8.025682,72382.078125,970.7798100000073,1.3234382917435092
8.019246,73237.782365,8.019246,72139.578125,1098.2042400000064,1.4995050430757348
8.012821,73210.892256,8.012821,72074.6875,1136.2047560000065,1.5519613557324028
8.006405,73135.958662,8.006405,71977.265625,1158.6930370000046,1.58430006004972
8.0,73087.846783,8.0,71944.765625,1143.0811580000009,1.5639825337772542
7.993605,73016.662439,7.993605,71839.070312,1177.5921270000108,1.6127717806655455
7.98722,72993.856688,7.98722,71826.859375,1166.9973129999998,1.5987609998306216
7.980846,72962.826825,7.980846,71623.210938,1339.6158869999927,1.836025199808989
7.974482,72879.956561,7.974482,71329.132812,1550.8237490000029,2.1279153037117613
7.968127,72766.095207,7.968127,71296.398438,1469.696769000002,2.019754893840475
7.961783,72678.387128,7.961783,71280.03125,1398.3558780000021,1.924032622706996
7.955449,72601.433894,7.955449,71226.796875,1374.6370190000016,1.8934020242726994
7.949126,72405.887247,7.949126,70988.9375,1416.949747000006,1.95695377941621
7.942812,72393.831018,7.942812,70756.375,1637.4560179999971,2.2618723100768907
7.936508,72331.79363,7.936508,70614.203125,1717.5905050000001,2.3745996315064697
7.930214,72219.49645,7.930214,70531.0,1688.496450000006,2.3380064013171418
7.92393,72199.686761,7.92393,70527.84375,1671.8430110000045,2.315582083526547
7.917656,72097.927125,7.917656,70453.515625,1644.411500000002,2.280802743675277
7.911392,72029.870939,7.911392,70296.414062,1733.4568770000042,2.4065805677591987
7.905138,71935.884178,7.905138,70296.414062,1639.4701159999968,2.2790713351673695
7.898894,71834.424991,7.898894,70201.203125,1633.2218660000071,2.273592175624194
7.89266,71793.676027,7.89266,70196.523438,1597.1525889999903,2.2246424439937256
7.886435,71589.276039,7.886435,70155.625,1433.651039000004,2.0026058626699728
7.880221,71492.06725,7.880221,70010.46875,1481.5984999999928,2.0723956614920698
7.874016,71390.852012,7.874016,69998.015625,1392.836387000003,1.9510012105835113
7.867821,71324.856585,7.867821,69900.703125,1424.1534600000014,1.9967140884507695
7.861635,71314.32928,7.861635,69881.710938,1432.6183420000016,2.00887865939977
7.85546,71238.745364,7.85546,69862.289062,1376.456302000006,1.9321736998130632
7.849294,71206.974583,7.849294,69860.921875,1346.052708000003,1.8903382932398314
7.843137,71147.443282,7.843137,69736.117188,1411.326093999989,1.9836638238791762
7.836991,71136.727746,7.836991,69710.757812,1425.969934000008,2.004548113446489
7.830854,70959.409802,7.830854,69498.53125,1460.8785519999947,2.0587523995426746
7.824726,70919.26478,7.824726,69377.414062,1541.8507180000015,2.1740929249379644
7.818608,70795.022436,7.818608,69356.515625,1438.5068109999993,2.0319321352012225
7.8125,70745.180866,7.8125,69285.429688,1459.7511779999913,2.0633930963650204
7.806401,70689.240251,7.806401,69218.476562,1470.7636889999994,2.080604748017777
7.800312,70598.31383,7.800312,69216.28125,1382.0325799999991,1.957599983659552
7.794232,70542.259891,7.794232,68940.9375,1601.3223909999942,2.270018558342637
7.788162,70520.871496,7.788162,68558.960938,1961.9105580000032,2.7820282370039684
7.782101,70419.865651,7.782101,68537.882812,1881.9828390000039,2.6725169404995572
7.77605,70416.39502,7.77605,68277.632812,2138.762208,3.037307160346023
7.770008,70342.812694,7.770008,68263.421875,2079.390818999993,2.9560814237633664
7.763975,70270.347606,7.763975,68072.078125,2198.2694809999957,3.128303126270999
7.757952,70187.339978,7.757952,68065.210938,2122.12904,3.023521108885412
7.751938,70165.032411,7.751938,68060.234375,2104.798035999993,2.999782033407879
7.745933,69874.938822,7.745933,67652.570312,2222.3685100000002,3.180494391073859
7.739938,69806.419065,7.739938,67639.804688,2166.614376999991,3.1037466267716094
7.733952,69801.911226,7.733952,67486.46875,2315.4424759999965,3.3171620022025046
7.727975,69684.196067,7.727975,67413.96875,2270.227316999997,3.257879756289673
7.722008,69488.951873,7.722008,67398.960938,2089.9909349999944,3.007659316577003
7.716049,69478.897516,7.716049,67174.78125,2304.1162659999973,3.3162821351179215
7.7101,69417.525155,7.7101,67119.171875,2298.3532799999957,3.310912157798887
7.70416,69272.51672,7.70416,67083.617188,2188.899531999996,3.1598383249847024
7.698229,69105.200006,7.698229,66996.117188,2109.0828179999953,3.051988588148035
7.692308,69068.236974,7.692308,66926.429688,2141.8072859999957,3.101001820570947
7.686395,68878.135658,7.686395,66875.507812,2002.627846000003,2.907494267765367
7.680492,68658.684234,7.680492,66857.8125,1800.8717340000003,2.622933652300029
7.674597,68598.970879,7.674597,66746.195312,1852.7755670000042,2.700879536907439
7.668712,68565.42061,7.668712,66714.78125,1850.639360000001,2.699085550027374
7.662835,68543.189162,7.662835,66711.828125,1831.3610369999951,2.671835173399391
7.656968,68511.384023,7.656968,66577.085938,1934.2980850000022,2.823323616335991
7.651109,68332.473049,7.651109,66574.234375,1758.238673999993,2.5730645995194577
7.64526,68204.504304,7.64526,66450.140625,1754.3636790000019,2.5722108780095825
7.639419,68175.176764,7.639419,66432.140625,1743.0361390000035,2.5567020457223313
7.633588,68084.967967,7.633588,66427.835938,1657.1320290000003,2.433917615710994
7.627765,67775.691627,7.627765,66417.765625,1357.9260019999929,2.003559048092446
7.621951,67580.711853,7.621951,66339.8125,1240.8993530000007,1.8361738415824564
7.616146,67348.083077,7.616146,66289.84375,1058.239327000003,1.571298363147327
7.61035,67230.108747,7.61035,66186.226562,1043.8821850000095,1.552700426126546
7.604563,67140.00045,7.604563,66117.09375,1022.9067000000068,1.5235428852309558
7.598784,66921.879692,7.598784,66099.796875,822.0828170000023,1.228421587653456
7.593014,66864.244948,7.593014,65443.609375,1420.6355730000068,2.1246565695983377
7.587253,66772.712385,7.587253,65421.359375,1351.3530100000062,2.023810268794139
7.581501,66722.230779,7.581501,65402.992188,1319.2385910000085,1.9772099577570215
7.575758,66616.395669,7.575758,65243.71875,1372.676919000005,2.0605691815277565
7.570023,66323.79031,7.570023,65120.234375,1203.5559349999967,1.8146669986358273
7.564297,66316.648796,7.564297,65048.035156,1268.613639999996,1.912964033967462
7.558579,66256.544347,7.558579,64903.761719,1352.7826280000008,2.0417343544438156
7.55287,66237.931043,7.55287,64741.753906,1496.177137000006,2.258792074934716
7.54717,66234.756563,7.54717,64711.074219,1523.6823440000007,2.3004271821407416
7.541478,66107.039109,7.541478,64676.0,1431.0391090000048,2.16473030449972
7.535795,66010.81983,7.535795,64613.582031,1397.237798999995,2.1166799664030096
7.53012,65962.145014,7.53012,64599.21875,1362.9262639999943,2.066224898706255
7.524454,65958.23807,7.524454,64541.886719,1416.3513510000048,2.1473456424000634
7.518797,65907.157931,7.518797,64470.179688,1436.9782429999977,2.180306795362667
7.513148,65859.418551,7.513148,64399.378906,1460.039644999997,2.216903333073578
7.507508,65776.706736,7.507508,64381.792969,1394.913766999991,2.120680460027571
7.501875,65544.455515,7.501875,64307.800781,1236.654733999996,1.8867419437437922
7.496252,65527.738104,7.496252,64049.742188,1477.9959159999999,2.2555271382238953
7.490637,65490.944622,7.490637,63872.785156,1618.1594660000046,2.4708140573321726
7.48503,65450.027378,7.48503,63865.996094,1584.031283999997,2.4202148531605414
7.479432,65289.484138,7.479432,63822.339844,1467.144293999998,2.2471372126312845
7.473842,65244.376928,7.473842,63742.175781,1502.2011469999998,2.3024223967342716
7.46826,65234.986537,7.46826,63498.527344,1736.4591929999951,2.661852611888116
7.462687,65210.159789,7.462687,63480.785156,1729.3746329999994,2.6520018331433683
7.457122,65084.86194,7.457122,63383.148438,1701.713502000006,2.6146072239790112
7.451565,64952.643871,7.451565,63263.199219,1689.4446519999983,2.601040621772596
7.446016,64938.053682,7.446016,63236.523438,1701.5302440000014,2.620235974937518
7.440476,64935.616067,7.440476,63085.863281,1849.7527860000046,2.848595113183258
7.434944,64934.912414,7.434944,63031.796875,1903.1155389999985,2.9308048140058567
7.429421,64854.492148,7.429421,63001.710938,1852.781210000001,2.856827875194668
7.423905,64814.703443,7.423905,62844.523438,1970.180005000002,3.0397115165891915
7.418398,64812.29756,7.418398,62661.386719,2150.910840999997,3.3186770442889966
7.412898,64721.514032,7.412898,62640.710938,2080.8030940000026,3.215009916132678
7.407407,64541.091682,7.407407,62625.617188,1915.4744940000019,2.967837146972543
7.401925,64255.087614,7.401925,62428.660156,1826.4274579999983,2.8424635710901334
7.39645,64251.852896,7.39645,62374.882812,1876.9700839999932,2.9212699702810347
7.390983,64050.141969,7.390983,62298.648438,1751.493531,2.7345661963524073
7.385524,64033.577043,7.385524,62252.925781,1780.6512619999994,2.78080866980811
7.380074,64012.307193,7.380074,62249.292969,1763.0142239999986,2.7541800964686853
7.374631,63974.657148,7.374631,61826.589844,2148.0673039999965,3.357684745430715
7.369197,63953.705491,7.369197,61750.667969,2203.0375219999987,3.4447378851410337
7.36377,63921.48811,7.36377,61740.949219,2180.5388909999965,3.411276795132792
7.358352,63903.518972,7.358352,61676.09375,2227.425221999998,3.485606517187211
7.352941,63862.122946,7.352941,61320.769531,2541.353415000005,3.9794377289162486
7.347539,63819.178936,7.347539,61290.296875,2528.8820609999966,3.962573795466789
7.342144,63733.739668,7.342144,61239.253906,2494.485762000004,3.913917141837602
7.336757,63723.346786,7.336757,61080.097656,2643.249130000004,4.148007383976142
7.331378,63695.006825,7.331378,61044.277344,2650.729480999995,4.1615969808791915
7.326007,63652.439251,7.326007,61039.019531,2613.4197200000053,4.105765231862576
7.320644,63403.998136,7.320644,60985.265625,2418.732511000002,3.8147949373979237
7.315289,63228.703175,7.315289,60653.28125,2575.4219250000024,4.07318479689822
7.309942,63058.074183,7.309942,60589.496094,2468.578088999995,3.914769236110775
7.304602,63018.447863,7.304602,60580.757812,2437.6900509999978,3.8682165836573037
7.29927,62995.915084,7.29927,60480.070312,2515.8447719999967,3.9936633488779703
7.293946,62994.942215,7.293946,60407.054688,2587.8875270000062,4.1080877861076806
7.28863,62853.135729,7.28863,60333.996094,2519.1396349999995,4.007977654228134
7.283321,62777.433887,7.283321,60265.457031,2511.976856000001,4.001400981954096
7.27802,62758.72278,7.27802,60073.484375,2685.2384049999964,4.2786696192226055
7.272727,62647.421837,7.272727,60059.585938,2587.835899000005,4.130793930727428
7.267442,62632.834735,7.267442,60055.003906,2577.8308289999986,4.115781825789653
7.262164,62619.858322,7.262164,59977.128906,2642.729416000002,4.220273706801955
7.256894,62560.508196,7.256894,59949.628906,2610.8792900000044,4.173366497951401
7.251632,62549.731853,7.251632,59945.046875,2604.6849779999975,4.164182484620951
7.246377,62500.238258,7.246377,59880.851562,2619.386695999994,4.191002736961109
7.24113,62312.304801,7.24113,59867.09375,2445.2110509999984,3.9241223042687983
7.23589,62309.074083,7.23589,59789.085938,2519.988145000003,4.044335728120762
7.230658,62188.767079,7.230658,59678.863281,2509.9037979999994,4.035943974916891
7.225434,62124.705122,7.225434,59591.523438,2533.181684000003,4.077575384905829
7.220217,62092.573559,7.220217,59536.332031,2556.2415279999987,4.116823287363139
7.215007,61875.399178,7.215007,59228.65625,2646.7429279999997,4.277536732144522
7.209805,61730.31325,7.209805,58963.570312,2766.742937999996,4.481984283467079
7.204611,61729.902446,7.204611,58892.667969,2837.234476999998,4.596207615072696
7.199424,61358.360344,7.199424,58797.792969,2560.5673749999987,4.173135267377441
7.194245,61260.891873,7.194245,58719.039062,2541.852810999997,4.149225930744714
7.189073,61250.310169,7.189073,58705.136719,2545.173449999995,4.155364181793414
7.183908,61241.972478,7.183908,58375.59375,2866.3787280000033,4.68041542755615
7.178751,61166.912484,7.178751,58230.808594,2936.1038899999985,4.800150556508836
7.173601,61114.604324,7.173601,58217.445312,2897.1590119999964,4.7405346791425895
7.168459,61031.463034,7.168459,58166.234375,2865.2286590000003,4.694674708033479
7.163324,60978.948235,7.163324,58163.234375,2815.7138600000035,4.617517916427217
7.158196,60627.831335,7.158196,58059.078125,2568.7532100000026,4.23692082239643
7.153076,60565.844555,7.153076,58040.433594,2525.4109610000014,4.169694948621857
7.147963,60490.499393,7.147963,57993.09375,2497.4056429999982,4.12859154422686
7.142857,60463.382152,7.142857,57783.746094,2679.6360579999964,4.431832892284475
7.137759,60430.201083,7.137759,57776.125,2654.076083,4.391969636762693
7.132668,60313.068855,7.132668,57606.066406,2707.0024489999996,4.488251883696989
7.127584,60142.916651,7.127584,57469.664062,2673.252588999996,4.444833636041407
7.122507,59927.96531,7.122507,57442.171875,2485.7934349999996,4.147969019374003
7.117438,59884.068594,7.117438,57231.109375,2652.9592189999967,4.430158606935078
7.112376,59810.369896,7.112376,57162.84375,2647.5261459999965,4.426533643920932
7.107321,59795.985264,7.107321,57132.484375,2663.5008890000026,4.454313909605492
7.102273,59205.367998,7.102273,57109.175781,2096.1922170000034,3.5405441903018224
7.097232,59163.992608,7.097232,57019.664062,2144.328545999997,3.6243810660439544
7.092199,59155.854629,7.092199,57014.960938,2140.8936910000048,3.61907321672008
7.087172,59094.190185,7.087172,56911.445312,2182.744872999996,3.693670843388673
7.082153,59040.441704,7.082153,56869.070312,2171.3713919999936,3.6777695581719927
7.077141,59003.202702,7.077141,56869.070312,2134.132389999999,3.616977201692916
7.072136,58961.729079,7.072136,56713.570312,2248.1587669999935,3.812911870321498
7.067138,58931.120479,7.067138,56614.5,2316.6204789999974,3.931064707696371
7.062147,58926.945076,7.062147,56241.089844,2685.8552320000017,4.557940732437371
7.057163,58869.718926,7.057163,56241.089844,2628.6290819999995,4.465163296098322
7.052186,58676.333467,7.052186,56229.507812,2446.8256549999933,4.170038430189416
7.047216,58661.778313,7.047216,56127.414062,2534.364250999999,4.3202990497108065
7.042254,58622.654413,7.042254,56032.597656,2590.0567569999985,4.418184033006931
7.037298,58317.377578,7.037298,55976.625,2340.7525779999996,4.01381659329455
7.032349,58147.863511,7.032349,55866.492188,2281.3713230000067,3.9233966396176068
7.027407,58056.741734,7.027407,55790.480469,2266.261265000001,3.9035281645383857
7.022472,57956.794967,7.022472,55695.398438,2261.396529000005,3.9018660888470813
7.017544,57911.639836,7.017544,55566.515625,2345.124211000002,4.0494868003067435
7.012623,57853.721986,7.012623,55314.3125,2539.409485999997,4.389362341483419
7.007708,57595.700907,7.007708,55204.527344,2391.1735629999966,4.151652858363568
7.002801,57440.232067,7.002801,55194.976562,2245.2555049999937,3.9088552121117144
6.997901,57299.467672,6.997901,55110.8125,2188.655171999999,3.819678019573485
6.993007,57193.657128,6.993007,54994.222656,2199.434472000001,3.8455915960709484
6.98812,57172.607706,6.98812,54850.625,2321.9827060000025,4.061355252397069
6.98324,57139.038859,6.98324,54692.46875,2446.5701090000002,4.281783799404319
6.978367,57123.08395,6.978367,54591.714844,2531.3691059999983,4.431429346874396
6.973501,57039.13421,6.973501,54394.769531,2644.3646789999984,4.6360533265885255
6.968641,57025.407199,6.968641,53959.4375,3065.969699000001,5.376497686900807
6.963788,57016.726102,6.963788,53932.382812,3084.343289999997,5.409541201089422
6.958942,56715.78548,6.958942,53826.171875,2889.6136049999986,5.0949018523581575
6.954103,56413.4027,6.954103,53527.328125,2886.0745749999987,5.115937768100627
6.94927,56372.566512,6.94927,53342.25,3030.3165119999976,5.375516318482565
6.944444,56259.07812,6.944444,53256.433594,3002.6445259999964,5.337173352886068
6.939625,56207.333795,6.939625,53153.007812,3054.325982999995,5.434034629964421
6.934813,56201.769459,6.934813,53070.425781,3131.3436780000047,5.571610481560309
6.930007,56192.544988,6.930007,52978.066406,3214.4785820000034,5.720471608264869
6.925208,55935.207476,6.925208,52958.613281,2976.594195000005,5.321503806483896
6.920415,55929.07347,6.920415,52909.96875,3019.104720000003,5.398095360223394
6.915629,55926.436544,6.915629,52765.847656,3160.5888879999984,5.651332506252945
6.91085,55881.933006,6.91085,52637.511719,3244.4212869999974,5.8058501423915425
6.906077,55866.125638,6.906077,52624.4375,3241.6881379999977,5.802600593793477
6.901311,55758.599574,6.901311,52402.933594,3355.665979999998,6.0182034800686255
6.896552,55626.370448,6.896552,52192.695312,3433.675135999998,6.172747041279327
6.891799,55615.486276,6.891799,52021.316406,3594.169870000005,6.462534287956075
6.887052,55592.91045,6.887052,51938.15625,3654.754200000003,6.574137188386767
6.882312,55315.056217,6.882312,51859.515625,3455.5405919999976,6.247016324893483
6.877579,55236.600031,6.877579,51810.476562,3426.1234689999983,6.2026327961481735
6.872852,55225.694343,6.872852,51628.71875,3596.975593000003,6.513228372756401
6.868132,55130.3117,6.868132,51520.542969,3609.7687309999965,6.547702379487901
6.863418,54784.355061,6.863418,51510.335938,3274.0191230000055,5.976193603729618
6.858711,54666.008845,6.858711,51459.820312,3206.188532999993,5.865049599817723
6.85401,54572.152316,6.85401,51402.429688,3169.722628000003,5.808315218439118
6.849315,54548.857159,6.849315,51136.273438,3412.5837210000027,6.256013230585092
6.844627,54297.129661,6.844627,51028.4375,3268.692160999999,6.020009126463646
6.839945,54260.779424,6.839945,50948.652344,3312.1270799999984,6.104090496228693
6.83527,54102.586873,6.83527,50938.769531,3163.817342000002,5.847811583255202
6.830601,54088.752127,6.830601,50899.230469,3189.521657999998,5.896829807629919
6.825939,54086.995856,6.825939,50896.511719,3190.4841369999995,5.898800786596232
6.821282,54082.627248,6.821282,50885.40625,3197.220997999997,5.911733879604069
6.816633,54040.317741,6.816633,50844.847656,3195.470085000001,5.9131223104849004
6.811989,53923.80987,6.811989,50636.988281,3286.821588999999,6.095306687201624
6.807352,53777.784951,6.807352,50597.359375,3180.4255760000015,5.914013711977666
6.802721,53692.760121,6.802721,50582.496094,3110.2640269999974,5.792706539933546
6.798097,53467.498818,6.798097,50554.949219,2912.549598999998,5.447327186398102
6.793478,53185.196545,6.793478,50344.433594,2840.762950999997,5.341266246137545
6.788866,53168.93429,6.788866,50245.117188,2923.817102000001,5.499107967920869
6.784261,53129.793062,6.784261,49996.484375,3133.308686999997,5.897460739859407
6.779661,53069.248629,6.779661,49971.597656,3097.6509730000034,5.83699798475623
6.775068,53017.569189,6.775068,49517.796875,3499.7723140000016,6.601155744285101
6.770481,52924.341289,6.770481,49513.648438,3410.692851000007,6.4444691571605786
6.7659,52905.916642,6.7659,49507.582031,3398.3346109999984,6.423354563527569
6.761325,52893.143191,6.761325,49427.847656,3465.2955350000047,6.551502379971323
6.756757,52830.938396,6.756757,49376.25,3454.6883959999977,6.539138809356382
6.752194,52781.535716,6.752194,49167.65625,3613.8794659999985,6.84686304969429
6.747638,52770.625674,6.747638,49164.699219,3605.9264550000007,6.833207696410988
6.743088,52758.949838,6.743088,49076.621094,3682.3287439999986,6.979533814275764
6.738544,52690.575333,6.738544,49067.445312,3623.130020999997,6.87623924791506
6.734007,52631.768671,6.734007,48866.800781,3764.96789,7.153413204740904
6.729475,52511.325461,6.729475,48834.277344,3677.0481169999985,7.00239059806428
6.72495,52455.080934,6.72495,48726.167969,3728.912964999996,7.1087736375658
6.72043,52396.76497,6.72043,48560.234375,3836.5305949999965,7.322075317429653
6.715917,52334.588602,6.715917,48515.101562,3819.48704,7.298207823982084
6.711409,52235.218652,6.711409,48358.828125,3876.390527000003,7.421028622135542
6.706908,52169.59749,6.706908,48315.257812,3854.3396779999966,7.388095487489253
6.702413,52156.378294,6.702413,48288.261719,3868.116575,7.416382619966123
6.697924,51987.210758,6.697924,47995.535156,3991.675602000003,7.678187661540868
6.69344,51973.365832,6.69344,47889.390625,4083.975207000003,7.8578232169937685
6.688963,51863.104791,6.688963,47808.464844,4054.639946999996,7.81796609234936
6.684492,51839.997998,6.684492,47722.425781,4117.572217000001,7.942847947561376
6.680027,51791.438289,6.680027,47585.664062,4205.774226999994,8.120597469279513
6.675567,51779.378783,6.675567,47443.695312,4335.683470999997,8.373378694190652
6.671114,51760.804764,6.671114,47372.652344,4388.1524199999985,8.477751534211055
6.666667,51758.811134,6.666667,46818.289062,4940.522072,9.545277342652495
6.662225,51622.500265,6.662225,46803.0,4819.500265000002,9.33604579448783
6.65779,51419.488767,6.65779,46792.808594,4626.680173000001,8.997911655569222
6.65336,51355.647176,6.65336,46731.628906,4624.0182700000005,9.003913930152827
6.648936,51288.882324,6.648936,46501.96875,4786.913573999998,9.33323823233329
6.644518,51203.37433,6.644518,46230.988281,4972.386049000001,9.71105149624228
6.640106,51112.392683,6.640106,46067.125,5045.267682999998,9.870928395567082
6.6357,51104.569618,6.6357,46015.878906,5088.690712000003,9.95740840797076
6.6313,51089.232702,6.6313,45936.570312,5152.662389999998,10.085613185962538
6.626905,51077.987599,6.626905,45800.433594,5277.554004999998,10.332345209902751
6.622517,51015.028484,6.622517,45668.164062,5346.864421999999,10.480959397439035
6.618134,50792.322225,6.618134,45641.203125,5151.1191000000035,10.1415309919904
6.613757,50621.978258,6.613757,45466.359375,5155.618883000003,10.184546436972242
6.609385,50606.790708,6.609385,45361.792969,5244.997738999999,10.36421726337778
6.60502,50445.58304,6.60502,45186.480469,5259.102570999996,10.425298418753288
6.60066,50382.191726,6.60066,45059.257812,5322.933913999994,10.565109876419024
6.596306,50305.64506,6.596306,45024.28125,5281.363810000003,10.498551014902745
6.591958,50254.765627,6.591958,44905.429688,5349.335939000004,10.644435154078216
6.587615,50203.594676,6.587615,44806.167969,5397.426706999999,10.75107617658354
6.583278,50090.585934,6.583278,44709.457031,5381.128903000004,10.74279488383356
6.578947,50024.659165,6.578947,44599.226562,5425.432602999994,10.845516378442264
6.574622,50007.420348,6.574622,44568.160156,5439.260192000002,10.876906175420304
6.570302,49909.887041,6.570302,44417.90625,5491.980791000002,11.003793269434665
6.565988,49895.998375,6.565988,44314.195312,5581.803062999999,11.186875189968577
6.56168,49773.243414,6.56168,44288.253906,5484.989507999999,11.019955967862856
6.557377,49638.630296,6.557377,43966.207031,5672.423265000005,11.427437121400793
6.55308,49627.238098,6.55308,43903.792969,5723.445129,11.532870553259052
6.548788,49486.289475,6.548788,43773.675781,5712.613694,11.543831139099565
6.544503,49466.020199,6.544503,43721.597656,5744.422543000001,11.612865801393356
6.540222,49459.612537,6.540222,43612.167969,5847.444567999999,11.822665540749258
6.535948,49344.416304,6.535948,43552.34375,5792.0725539999985,11.738050599922643
6.531679,49337.455586,6.531679,43521.816406,5815.639179999998,11.787472845783002
6.527415,49154.778008,6.527415,43487.003906,5667.774102000003,11.530464243125186
6.523157,49097.271331,6.523157,43105.644531,5991.6268000000055,12.203584104717637
6.518905,49070.105115,6.518905,42987.453125,6082.6519899999985,12.395840554538822
6.514658,49058.366286,6.514658,42885.238281,6173.128004999999,12.583231918103339
6.510417,49049.596355,6.510417,42879.996094,6169.600261,12.57828956704775
6.506181,48902.073295,6.506181,42819.671875,6082.401420000002,12.437921360323791
6.501951,48842.985134,6.501951,42764.554688,6078.430446000006,12.444838146816625
6.497726,48824.915705,6.497726,42679.246094,6145.6696109999975,12.587158671470352
6.493506,48813.047123,6.493506,42585.785156,6227.261966999999,12.757371920069712
6.489293,48741.471584,6.489293,42569.992188,6171.479396000002,12.661659969301928
6.485084,48712.614935,6.485084,42559.460938,6153.153997000001,12.631541142290356
6.480881,48495.389999,6.480881,42538.390625,5956.999373999999,12.283640515362048
6.476684,48468.10772,6.476684,42533.125,5934.98272,12.245129837307376
6.472492,48373.509808,6.472492,42403.945312,5969.564495999999,12.340565155792673
6.468305,48372.392802,6.468305,42364.359375,6008.033427000002,12.420376745868966
6.464124,48307.170426,6.464124,42311.539062,5995.6313639999935,12.411472895487604
6.459948,48291.296676,6.459948,42274.546875,6016.749800999998,12.459284001769674
6.455778,48242.676064,6.455778,42216.375,6026.301063999999,12.491639261481579
6.451613,48121.096866,6.451613,42211.085938,5910.010928000003,12.281538270952685
6.447453,48105.499836,6.447453,42211.085938,5894.413898000006,12.25309770835993
6.443299,48077.316477,6.443299,42203.734375,5873.582102,12.216950804252768
6.43915,48062.82739,6.43915,42181.980469,5880.846920999997,12.235748998452745
6.435006,47868.666818,6.435006,42140.542969,5728.123848999996,11.966332529750037
6.430868,47830.944307,6.430868,42113.140625,5717.803681999998,11.954193597560241
6.426735,47553.45391,6.426735,42102.546875,5450.9070349999965,11.462694266785379
6.422608,47541.462613,6.422608,42073.398438,5468.064175000007,11.50167427433078
6.418485,47481.786168,6.418485,41789.296875,5692.489292999999,11.988785074046792
6.414368,47435.480047,6.414368,41677.488281,5757.991765999999,12.138575935765527
6.410256,47430.625729,6.410256,41557.507812,5873.117916999996,12.382543613395887
6.40615,47404.25452,6.40615,41448.03125,5956.223270000002,12.564744093775493
6.402049,47232.314917,6.402049,41426.261719,5806.053198000001,12.292544221478055
6.397953,47179.875475,6.397953,41386.550781,5793.324694000003,12.279228454237463
6.393862,46949.168929,6.393862,41351.777344,5597.391584999998,11.922237842941984
6.389776,46514.632221,6.389776,41331.632812,5182.999408999996,11.14272898982532
6.385696,46426.443197,6.385696,41008.566406,5417.876791000002,11.669808018698482
6.381621,46159.616668,6.381621,40968.246094,5191.3705740000005,11.24656344384008
6.377551,46012.608898,6.377551,40914.453125,5098.155772999999,11.079910257428583
6.373486,45786.638122,6.373486,40910.417969,4876.220152999995,10.649875931067807
6.369427,45606.752861,6.369427,40736.675781,4870.077080000003,10.678412240492095
6.365372,45575.116923,6.365372,40734.484375,4840.632548000001,10.621218056726741
6.361323,45458.969412,6.361323,40728.585938,4730.383474000002,10.405830873832574
6.357279,45226.521897,6.357279,40709.707031,4516.814866000001,9.987093140362875
6.35324,45222.854913,6.35324,40607.132812,4615.722100999999,10.206613690974956
6.349206,45042.704701,6.349206,40595.164062,4447.540638999999,9.874053231313301
6.345178,45022.046534,6.345178,40396.164062,4625.8824719999975,10.274705012591104
6.341154,44898.218253,6.341154,40371.785156,4526.433097000001,10.081542816451417
6.337136,44802.523493,6.337136,40306.742188,4495.781305000004,10.034660895166832
6.333122,44742.266162,6.333122,40244.355469,4497.910692999998,10.052934459587371
6.329114,44734.840285,6.329114,40228.070312,4506.769972999995,10.074407205408436
6.325111,44699.954346,6.325111,40157.476562,4542.477783999995,10.162153072548902
6.321113,44684.587948,6.321113,40152.042969,4532.544978999998,10.143418988834755
6.317119,44620.809493,6.317119,40130.308594,4490.500898999999,10.06369214279821
6.313131,44516.212497,6.313131,40119.4375,4396.774997,9.876794880733181
6.309148,44510.016578,6.309148,40075.941406,4434.075172000004,9.961971513152925
6.30517,44506.978368,6.30517,39975.265625,4531.712742999996,10.182027423947176
6.301197,44477.735605,6.301197,39958.234375,4519.501230000002,10.161266459554065
6.297229,44449.122071,6.297229,39901.867188,4547.254883000001,10.230246788083972
6.293266,44422.318969,6.293266,39740.015625,4682.303344,10.540429794463304
6.289308,44373.210206,6.289308,39695.355469,4677.8547370000015,10.542069675111037
6.285355,44341.84932,6.285355,39530.253906,4811.595414000003,10.851138343997247
6.281407,44193.382145,6.281407,39464.523438,4728.858707000007,10.700377471641476
6.277464,44170.578166,6.277464,39405.808594,4764.769571999997,10.787202182623107
6.273526,44153.324469,6.273526,39208.117188,4945.207281000003,11.200079134408163
6.269592,44104.154503,6.269592,39203.820312,4900.3341909999945,11.110822203079916
6.265664,44087.080856,6.265664,39187.328125,4899.7527310000005,11.11380621230941
6.261741,43987.118809,6.261741,39065.4375,4921.681309,11.188914942055712
6.257822,43804.553711,6.257822,38934.015625,4870.5380860000005,11.118793991449644
6.253909,43713.347289,6.253909,38889.882812,4823.464476999994,11.034305941182792
6.25,43689.910938,6.25,38790.472656,4899.438282000003,11.214118263946007
6.246096,43486.553747,6.246096,38768.394531,4718.159216,10.849696767073642
6.242197,43478.882512,6.242197,38735.230469,4743.652042999995,10.910243706679365
6.238303,43445.484397,6.238303,38715.222656,4730.261741000002,10.887809876339269
6.234414,43308.001292,6.234414,38508.257812,4799.743479999997,11.082809958460544
6.23053,43178.709679,6.23053,38314.011719,4864.697959999998,11.266427357753924
6.22665,43169.095962,6.22665,38227.847656,4941.248306000001,11.44626310995621
6.222775,42986.160807,6.222775,38222.285156,4763.875651000002,11.082347345204733
6.218905,42945.956114,6.218905,38052.464844,4893.491269999999,11.394533299038052
6.21504,42935.608483,6.21504,38051.355469,4884.253014000002,11.375762884399043
6.21118,42900.943766,6.21118,38041.648438,4859.295328,11.326779556423432
6.207325,42707.021804,6.207325,37977.191406,4729.8303980000055,11.075064938283761
6.203474,42364.549974,6.203474,37913.015625,4451.534349000001,10.507687091523456
6.199628,42345.963215,6.199628,37857.171875,4488.791340000003,10.600281583416576
6.195787,42270.232666,6.195787,37834.617188,4435.615478000007,10.493473061878337
6.19195,42257.989212,6.19195,37739.777344,4518.2118679999985,10.69197080185955
6.188119,42240.667588,6.188119,37664.109375,4576.558212999997,10.834483625207039
6.184292,42076.399312,6.184292,37594.214844,4482.1844679999995,10.652490567845954
6.18047,42022.626173,6.18047,37569.507812,4453.1183609999935,10.596953990136798
6.176652,41998.196766,6.176652,37462.433594,4535.763171999999,10.799899808250732
6.17284,41949.77578,6.17284,37310.78125,4638.994530000004,11.058448927900331
6.169031,41859.040629,6.169031,37251.867188,4607.173441000006,11.006399983778294
6.165228,41784.673803,6.165228,37217.972656,4566.701147,10.929129585958682
6.161429,41771.00059,6.161429,37170.121094,4600.879496000001,11.014530250686535
6.157635,41724.339664,6.157635,37147.597656,4576.742008000001,10.968998059300242
6.153846,41706.878554,6.153846,37119.429688,4587.448866000006,10.999262052326463
6.150062,41588.662449,6.150062,37102.683594,4485.978855000001,10.786542751888542
6.146281,41555.229768,6.146281,36878.90625,4676.323517999997,11.253273159858798
6.142506,41418.735763,6.142506,36871.90625,4546.829512999997,10.977711968364208
6.138735,41344.616853,6.138735,36794.867188,4549.749665000003,11.00445477866333
6.134969,41339.100076,6.134969,36794.867188,4544.232888000006,10.99257816364083
6.131208,41317.169424,6.131208,36783.558594,4533.610829999998,10.972704309619402
6.127451,41267.849578,6.127451,36690.1875,4577.662078000001,11.09256267242082
6.123699,41238.761621,6.123699,36619.476562,4619.285058999994,11.20131855910949
6.119951,41189.336665,6.119951,36605.222656,4584.114009000004,11.129370803621812
6.116208,40746.427433,6.116208,36582.550781,4163.876651999999,10.218998116698028
6.112469,40481.255437,6.112469,36469.105469,4012.149967999998,9.911130286569323
6.108735,40438.924986,6.108735,36454.914062,3984.0109239999947,9.851920953337073
6.105006,40355.641553,6.105006,36454.914062,3900.727490999998,9.66587902183907
6.101281,40330.455886,6.101281,36406.648438,3923.807448000007,9.729142311436371
6.097561,40264.00431,6.097561,36389.519531,3874.4847789999985,9.622701083502836
6.093845,40164.835197,6.093845,36372.566406,3792.2687910000022,9.441763603410116
6.090134,40071.864101,6.090134,36281.605469,3790.2586319999973,9.458653139885776
6.086427,39781.515397,6.086427,36213.328125,3568.187272000003,8.969460404892184
6.082725,39640.399726,6.082725,36173.472656,3466.927070000005,8.745943769396602
6.079027,39580.303326,6.079027,36150.691406,3429.611920000003,8.664946025684236
6.075334,39544.102231,6.075334,36130.984375,3413.117855999997,8.631167894676176
6.071645,39517.093821,6.071645,36113.660156,3403.433665000004,8.61256063114481
6.067961,39428.820845,6.067961,36079.757812,3349.0630329999985,8.493946715184855
6.064281,39421.943611,6.064281,36056.660156,3365.2834550000043,8.536574168456221
6.060606,39301.750999,6.060606,35892.996094,3408.7549050000016,8.67329016736871
6.056935,39276.702663,6.056935,35816.855469,3459.8471939999945,8.808904412587795
6.053269,39232.538797,6.053269,35802.46875,3430.070047000001,8.742921442703802
6.049607,39209.624178,6.049607,35791.125,3418.499177999998,8.71852064299579
6.045949,39196.491825,6.045949,35742.5,3453.9918249999973,8.811992257932124
6.042296,39182.581308,6.042296,35728.195312,3454.3859959999972,8.816126658032882
6.038647,39089.969661,6.038647,35695.519531,3394.4501300000047,8.683685762454408
6.035003,38912.767757,6.035003,35639.449219,3273.3185379999995,8.411939645211085
6.031363,38867.284776,6.031363,35539.148438,3328.136338000004,8.56282181063258
6.027728,38847.53882,6.027728,35470.308594,3377.2302259999997,8.693550038390823
6.024096,38793.9617,6.024096,35467.4375,3326.5242,8.574850451533027
6.02047,38630.891806,6.02047,35410.027344,3220.8644619999977,8.337535872003206
6.016847,38526.218175,6.016847,35211.691406,3314.5267690000037,8.603301663153715
6.013229,38492.239017,6.013229,35099.398438,3392.8405790000033,8.814349764121447
6.009615,38416.72563,6.009615,35059.054688,3357.6709420000043,8.740127866019808
6.006006,38391.174808,6.006006,34943.691406,3447.4834020000053,8.979885140898617
6.002401,38314.682071,6.002401,34935.03125,3379.650821000003,8.820772190507164
5.9988,38313.33213,5.9988,34885.953125,3427.3790050000025,8.945656288444578
5.995204,38211.820434,5.995204,34706.746094,3505.074339999999,9.172748903847733
5.991612,38196.806231,5.991612,34666.234375,3530.5718560000023,9.243107485606057
5.988024,38139.318346,5.988024,34657.550781,3481.767565000002,9.1290765435643
5.98444,38023.790064,5.98444,34489.503906,3534.2861580000026,9.294933913876667
5.980861,37934.312934,5.980861,34396.660156,3537.6527780000033,9.32573310120309
5.977286,37928.844907,5.977286,34309.535156,3619.3097510000007,9.542367451142798
5.973716,37874.93534,5.973716,34286.289062,3588.646278,9.474989846939762
5.970149,37847.971832,5.970149,34207.792969,3640.178863000001,9.617896777026964
5.966587,37816.126176,5.966587,34206.488281,3609.637895,9.545234427768692
5.963029,37795.099442,5.963029,34158.332031,3636.7674110000007,9.622325287385339
5.959476,37783.418213,5.959476,34118.507812,3664.9104009999937,9.699785181794436
5.955926,37766.174105,5.955926,34041.859375,3724.3147299999982,9.861509189798824
5.952381,37759.169322,5.952381,34009.804688,3749.364634000005,9.929679866700551
5.94884,37731.768214,5.94884,33925.242188,3806.526026000007,10.088384950344397
5.945303,37627.994924,5.945303,33896.066406,3731.9285180000006,9.9179574291366
5.941771,37624.929461,5.941771,33863.960938,3760.968523000003,9.995948369546907
5.938242,37585.707184,5.938242,33858.121094,3727.586089999997,9.917562736685202
5.934718,37544.687577,5.934718,33828.925781,3715.761795999999,9.896904291397773
5.931198,37531.272705,5.931198,33811.402344,3719.870361000001,9.911388804314198
5.927682,37441.338005,5.927682,33767.582031,3673.7559739999997,9.812031753537756
5.924171,37365.1491,5.924171,33712.050781,3653.0983190000043,9.776752955603767
5.920663,37343.048155,5.920663,33694.503906,3648.5442489999987,9.77034395761151
5.91716,37309.518756,5.91716,33688.65625,3620.8625059999977,9.704929537365588
5.913661,37180.358559,5.913661,33665.257812,3515.1007469999968,9.454187326951208
5.910165,36802.53277,5.910165,33636.003906,3166.528864,8.60410582007886
5.906675,36706.133083,5.906675,33518.890625,3187.2424580000006,8.683133281277545
5.903188,36702.42617,5.903188,33425.101562,3277.3246079999954,8.92944949421036
5.899705,36695.680021,5.899705,33407.507812,3288.1722089999967,8.96065206345341
5.896226,36582.670114,5.896226,33319.480469,3263.1896449999986,8.92004229005469
5.892752,36534.200431,5.892752,33118.941406,3415.2590249999994,9.348114875129673
5.889282,36456.680511,5.889282,33063.75,3392.9305109999987,9.306745604488748
5.885815,36396.468692,5.885815,33037.257812,3359.2108799999987,9.229496708669318
5.882353,36371.732342,5.882353,33004.867188,3366.8651540000064,9.25681824099465
5.878895,36343.340571,5.878895,32957.738281,3385.6022900000025,9.315605656518896
5.875441,36330.010401,5.875441,32951.84375,3378.1666509999995,9.298556795643014
5.871991,36292.01808,5.871991,32833.910156,3458.1079240000035,9.52856332314492
5.868545,36164.487667,5.868545,32696.449219,3468.038448000003,9.589624163719535
5.865103,36146.368212,5.865103,32600.576172,3545.7920400000003,9.809538870416462
5.861665,36126.628064,5.861665,32467.417969,3659.2100949999985,10.128844819166456
5.858231,36104.836282,5.858231,32405.216797,3699.6194849999956,10.246880656385732
5.854801,36093.727832,5.854801,32295.529297,3798.198534999996,10.52315391937041
5.851375,36060.811158,5.851375,32274.765625,3786.045532999997,10.499058150443387
5.847953,35928.247754,5.847953,32147.113281,3781.134473000002,10.524127140542323
5.844535,35900.728934,5.844535,32043.091797,3857.637136999998,10.74528916694669
5.841121,35864.731437,5.841121,31930.033203,3934.698234000003,10.970940186494063
5.837712,35700.144477,5.837712,31795.984375,3904.1601020000016,10.935978437048838
5.834306,35489.097638,5.834306,31754.244141,3734.853497,10.523946072387314
5.830904,35454.54252,5.830904,31661.757812,3792.784708000003,10.697598779791004
5.827506,35353.31097,5.827506,31624.517578,3728.7933919999996,10.547225393299563
5.824112,35294.011052,5.824112,31581.138672,3712.8723800000007,10.519836848607786
5.820722,35205.546753,5.820722,31548.273438,3657.273315000002,10.388344031862967
5.817336,35173.061204,5.817336,31539.310547,3633.750656999997,10.33106170635712
5.813953,34956.147014,5.813953,31536.322266,3419.8247480000027,9.78318562005806
5.810575,34811.76584,5.810575,31147.369141,3664.396699000001,10.52631663628357
5.807201,34740.991649,5.807201,31047.257812,3693.7338370000034,10.632206110634511
5.803831,34679.146492,5.803831,30930.882812,3748.26368,10.808408104463219
5.800464,34648.131221,5.800464,30879.769531,3768.3616900000015,10.876089293139199
5.797101,34621.229668,5.797101,30839.449219,3781.7804490000017,10.923299043001517
5.793743,34620.123902,5.793743,30807.564453,3812.5594490000003,11.012552871827676
5.790388,34612.702525,5.790388,30789.505859,3823.196666,11.04564621395451
5.787037,34604.300333,5.787037,30750.367188,3853.933144999999,11.137150897181236
5.78369,34523.685809,5.78369,30711.214844,3812.470965000004,11.043058919294557
5.780347,34480.611567,5.780347,30587.636719,3892.9748480000017,11.29033004659874
5.777008,34393.102834,5.777008,30542.390625,3850.7122089999975,11.196175662270571
5.773672,34332.820057,5.773672,30469.953125,3862.866931999997,11.251236937678852
5.77034,34241.403256,5.77034,30382.359375,3859.043880999998,11.270110200065448
5.767013,34204.458663,5.767013,30370.271484,3834.187178999997,11.209612222711636
5.763689,34143.701719,5.763689,30318.884766,3824.8169529999977,11.202115647793386
5.760369,34054.274625,5.760369,30313.144531,3741.1300939999965,10.985787056681424
5.757052,34006.498642,5.757052,30237.216797,3769.2818449999977,11.084004515374353
5.75374,33979.771296,5.75374,30206.953125,3772.818170999999,11.103129971460767
5.750431,33962.816436,5.750431,30179.708984,3783.107452,11.138968580915366
5.747126,33725.262186,5.747126,30085.71875,3639.543436,10.791742450888474
5.743825,33705.599216,5.743825,30010.033203,3695.5660130000033,10.964249557817453
5.740528,33660.798771,5.740528,29934.199219,3726.5995520000033,11.071037194787557
5.737235,33623.504933,5.737235,29694.207031,3929.297901999995,11.686163919644086
5.733945,33600.329232,5.733945,29569.443359,4030.8858729999956,11.996566596618626
5.730659,33600.234476,5.730659,29502.4375,4097.796975999998,12.19573922594789
5.727377,33522.197137,5.727377,29478.0625,4044.134637000003,12.064050039656571
5.724098,33491.910238,5.724098,29322.535156,4169.375081999995,12.448901995650916
5.720824,33235.955698,5.720824,29292.015625,3943.940072999998,11.866486129770982
5.717553,33164.888481,5.717553,29261.484375,3903.404106000002,11.769688621857547
5.714286,33160.511181,5.714286,29230.947266,3929.5639150000025,11.85013069777865
5.711022,33102.16314,5.711022,29163.732422,3938.430717999996,11.897804688301093
5.707763,32857.191552,5.707763,28998.576172,3858.6153799999956,11.743594621875477
5.704507,32827.397966,5.704507,28989.392578,3838.0053879999978,11.691470009213333
5.701254,32814.27143,5.701254,28958.779297,3855.4921329999997,11.749436952225514
5.698006,32778.030844,5.698006,28869.949219,3908.0816250000025,11.922868837361458
5.694761,32762.062142,5.694761,28661.378906,4100.683235999997,12.51656021597933
5.69152,32655.1481,5.69152,28660.152344,3994.9957560000003,12.233892627790595
5.688282,32644.952597,5.688282,28646.027344,3998.9252530000012,12.249750527643572
5.685048,32543.615791,5.685048,28403.191406,4140.424384999998,12.722693174570482
5.681818,32438.614277,5.681818,28335.472656,4103.141620999999,12.648942356052661
5.678592,32389.380789,5.678592,28301.597656,4087.783132999997,12.620751102436264
5.675369,32387.761038,5.675369,28295.4375,4092.3235380000006,12.635401172679236
5.67215,32373.19147,5.67215,28224.570312,4148.621158000002,12.814989717169215
5.668934,32322.090442,5.668934,28135.154297,4186.936145,12.953791316539995
5.665722,32210.944099,5.665722,27970.195312,4240.748787,13.16555259593169
5.662514,32206.071717,5.662514,27925.207031,4280.864685999997,13.292104431787438
5.65931,32104.166552,5.65931,27922.117188,4182.049363999999,13.026500336728002
5.656109,32074.583619,5.656109,27915.935547,4158.648072,12.965555909934071
5.652911,31866.99946,5.652911,27789.152344,4077.847116000001,12.796457730884214
5.649718,31851.18712,5.649718,27702.486328,4148.700792,13.025262689172887
5.646527,31774.874528,5.646527,27569.263672,4205.610855999999,13.235648978862269
5.643341,31763.214935,5.643341,27536.28125,4226.933685,13.307638076466644
5.640158,31536.414003,5.640158,27532.058594,4004.3554090000034,12.697561011911743
5.636979,31531.83799,5.636979,27476.226562,4055.611428,12.861956950578637
5.633803,31455.138339,5.633803,27389.324219,4065.8141200000027,12.925755010776596
5.630631,31389.086769,5.630631,27342.742188,4046.344581000001,12.890928018320649
5.627462,31385.869054,5.627462,27246.412109,4139.456944999998,13.188919312312116
5.624297,31337.627356,5.624297,27246.412109,4091.215247,13.0552807987765
5.621135,31320.45395,5.621135,27204.935547,4115.518402999998,13.140034335294168
5.617978,31318.837878,5.617978,27181.783203,4137.054674999999,13.209476964361071
5.614823,31280.666176,5.614823,27061.644531,4219.021644999997,13.487633611323243
5.611672,31249.5267,5.611672,26997.447266,4252.079433999999,13.606860272862948
5.608525,31224.753635,5.608525,26932.005859,4292.747776,13.747899586910545
5.605381,31197.129846,5.605381,26925.771484,4271.358361999999,13.69151067128587
5.602241,31098.701921,5.602241,26860.289062,4238.412859,13.628906022401951
5.599104,31095.112996,5.599104,26797.892578,4297.220418000001,13.81960058660274
5.595971,30996.729776,5.595971,26753.304688,4243.425088,13.689912189658083
5.592841,30960.113626,5.592841,26704.232422,4255.8812039999975,13.746335867533608
5.589715,30842.584097,5.589715,26694.863281,4147.720815999997,13.44803276844575
5.586592,30819.965384,5.586592,26607.373047,4212.592336999998,13.668387632865223
5.583473,30796.748126,5.583473,26588.617188,4208.130937999998,13.664205456962858
5.580357,30703.2658,5.580357,26457.238281,4246.027518999999,13.829237406399939
5.577245,30698.137499,5.577245,26397.757812,4300.379687000001,14.00860129426447
5.574136,30632.489401,5.574136,26224.441406,4408.047994999997,14.390106978560144
5.571031,30608.443029,5.571031,26029.976562,4578.466466999998,14.958181514368848
5.567929,30601.762676,5.567929,26011.972656,4589.790019999997,14.998449823282975
5.56483,30565.814091,5.56483,26008.832031,4556.9820599999985,14.908754095124156
5.561735,30485.101127,5.561735,25971.125,4513.976127000002,14.807154839982045
5.558644,30426.146879,5.558644,25933.408203,4492.738676000001,14.766045447249422
5.555556,30315.423645,5.555556,25912.339844,4403.083801000001,14.524236416950792
5.552471,30224.125642,5.552471,25905.113281,4319.012360999997,14.289949731409992
5.54939,30223.403473,5.54939,25861.083984,4362.319488999998,14.433581224222694
5.546312,30128.585689,5.546312,25845.355469,4283.230220000001,14.216499454084286
5.543237,30090.290621,5.543237,25826.478516,4263.812105000001,14.170059567401747
5.540166,30084.593027,5.540166,25684.806641,4399.786386,14.624716319251274
5.537099,30031.711687,5.537099,25681.65625,4350.055436999999,14.484873464215603
5.534034,29921.566173,5.534034,25483.029297,4438.536875999998,14.833905586149273
5.530973,29874.185813,5.530973,25475.279297,4398.906515999999,14.724774571381888
5.527916,29626.438368,5.527916,25429.376953,4197.061415,14.1666080912828
5.524862,29619.85098,5.524862,25268.275391,4351.575589,14.691416212520053
5.521811,29582.665756,5.521811,25138.607422,4444.058333999998,15.022508014169233
5.518764,29546.574198,5.518764,25040.474609,4506.099588999998,15.250836048887912
5.51572,29452.477175,5.51572,25008.800781,4443.676393999998,15.087615101428215
5.512679,29179.631436,5.512679,24970.783203,4208.848233000001,14.423925272090269
5.509642,29172.064093,5.509642,24954.939453,4217.124640000002,14.456037894870539
5.506608,29118.709495,5.506608,24939.09375,4179.615744999999,14.353712157874595
5.503577,29115.030928,5.503577,24935.923828,4179.107100000001,14.353778673066575
5.50055,28969.898928,5.50055,24926.414062,4043.484865999999,13.957538740640507
5.497526,28965.8436,5.497526,24535.916016,4429.927584000001,15.293625295967562
5.494505,28963.574693,5.494505,24440.484375,4523.090317999999,15.61647816591214
5.491488,28806.137793,5.491488,24402.292969,4403.844824000003,15.287869743753548
5.488474,28781.73576,5.488474,24335.427734,4446.308025999999,15.448366502548971
5.485464,28779.26942,5.485464,24300.388672,4478.880748,15.56287160259678
5.482456,28600.924636,5.482456,24294.015625,4306.909011,15.058635571448942
5.479452,28569.915231,5.479452,24294.015625,4275.899605999999,14.966441347226688
5.476451,28552.606711,5.476451,24274.898438,4277.708273,14.981848474633304
5.473454,28392.995278,5.473454,24246.21875,4146.7765279999985,14.604928037349701
5.47046,28389.560304,5.47046,24211.154297,4178.406006999998,14.718107509439918
5.467469,28375.978243,5.467469,24187.169922,4188.808321,14.761811152830747
5.464481,28318.498402,5.464481,24150.566406,4167.931995999999,14.718054385629564
5.461496,28316.154611,5.461496,24035.689453,4280.465158000003,15.116689454496646
5.458515,28209.997182,5.458515,24010.146484,4199.850697999998,14.887809704142063
5.455537,28125.372205,5.455537,24000.566406,4124.805798999998,14.665782087913875
5.452563,28120.292886,5.452563,24000.566406,4119.7264799999975,14.650368318357913
5.449591,28112.864659,5.449591,23911.119141,4201.745518,14.945988496604029
5.446623,28035.142169,5.446623,23821.609375,4213.532793999999,15.029468260229242
5.443658,28034.527601,5.443658,23818.412109,4216.115492000001,15.039010294753854
5.440696,28012.682393,5.440696,23802.419922,4210.262470999998,15.029844025405033
5.437738,27922.872716,5.437738,23642.400391,4280.4723250000025,15.329627322146056
5.434783,27921.069841,5.434783,23616.779297,4304.2905439999995,15.415922701068821
5.431831,27903.597185,5.431831,23566.238281,4337.358903999997,15.544085141580277
5.428882,27829.123382,5.428882,23523.855469,4305.267913000003,15.470368411908616
5.425936,27710.129242,5.425936,23511.644531,4198.484710999997,15.151443987624535
5.422993,27637.758723,5.422993,23478.972656,4158.786066999997,15.047479459827098
5.420054,27629.292264,5.420054,23462.939453,4166.352811000001,15.079477140384853
5.417118,27545.225239,5.417118,23337.808594,4207.416645000001,15.274577021947586
5.414185,27517.290715,5.414185,23331.941406,4185.349308999997,15.209888765388207
5.411255,27460.747986,5.411255,23183.634766,4277.113219999999,15.57537042392491
5.408329,27266.058145,5.408329,22942.369141,4323.689004,15.857404033273765
5.405405,27033.16238,5.405405,22942.369141,4090.7932390000024,15.132499784880892
5.402485,26993.067361,5.402485,22932.710938,4060.356423000001,15.04221942877995
5.399568,26856.225676,5.399568,22903.726562,3952.4991139999984,14.71725461978129
5.396654,26833.646986,5.396654,22903.726562,3929.920424,14.645494986389174
5.393743,26810.202372,5.393743,22881.177734,3929.024637999999,14.654960762636346
5.390836,26792.577223,5.390836,22803.841797,3988.7354259999993,14.887464512282463
5.387931,26752.195497,5.387931,22781.277344,3970.9181530000023,14.843335581355566
5.38503,26699.241831,5.38503,22758.708984,3940.5328469999986,14.75896908212846
5.382131,26661.316599,5.382131,22671.621094,3989.6955050000033,14.964360406528634
5.379236,26599.661627,5.379236,22652.259766,3947.401861000002,14.84004539739404
5.376344,26580.822631,5.376344,22649.033203,3931.789428,14.79182748623639
5.373455,26522.910738,5.373455,22402.792969,4120.117769,15.534184048272689
5.370569,26337.307451,5.370569,22377.677734,3959.629717,15.034299631299847
5.367687,26263.838768,5.367687,22345.335938,3918.5028300000013,14.919764260715482
5.364807,26210.694045,5.364807,22345.335938,3865.358107,14.747255835208845
5.36193,26149.718789,5.36193,22338.867188,3810.8516009999985,14.573202992160095
5.359057,26096.841406,5.359057,22241.791016,3855.0503900000003,14.772095710838304
5.356186,25938.204245,5.356186,22173.794922,3764.409323,14.512991290542596
5.353319,25897.753999,5.353319,22031.214844,3866.539155000002,14.930017310185672
5.350455,25895.860085,5.350455,22008.517578,3887.342507000001,15.011443891959079
5.347594,25847.772217,5.347594,21972.841797,3874.9304200000006,14.991351623918561
5.344735,25778.254124,5.344735,21963.173828,3815.080296,14.799606977448851
5.34188,25742.50173,5.34188,21917.689453,3824.812277000001,14.85796647550619
5.339028,25722.142608,5.339028,21911.199219,3810.943389,14.815808492620421
5.336179,25645.650393,5.336179,21885.236328,3760.414065000001,14.662970162091927
5.333333,25645.218331,5.333333,21794.324219,3850.8941120000018,15.016031691744391
5.33049,25635.844123,5.33049,21703.351562,3932.492560999999,15.339820846670854
5.327651,25633.49634,5.327651,21700.101562,3933.3947780000017,15.344745507315377
5.324814,25539.656824,5.324814,21696.851562,3842.8052620000017,15.046424814874019
5.32198,25511.626097,5.32198,21693.601562,3818.0245350000005,14.96582193735183
5.319149,25468.8606,5.319149,21672.447266,3796.4133340000008,14.906098052929783
5.316321,25425.372923,5.316321,21615.568359,3809.804563999998,14.984262278228448
5.313496,25327.526061,5.313496,21614.705078,3712.8209830000014,14.659232702230252
5.310674,25301.493891,5.310674,21573.283203,3728.210687999999,14.735140557554832
5.307856,25289.941562,5.307856,21286.693359,4003.248202999999,15.829408672953102
5.30504,25226.069171,5.30504,21283.433594,3942.635577000001,15.629210997060422
5.302227,25145.352007,5.302227,21169.277344,3976.074663000003,15.812364296563185
5.299417,25056.290255,5.299417,21139.908203,3916.382052000001,15.63033478676471
5.29661,24934.962957,5.29661,21087.935547,3847.027409999999,15.428245939784007
5.293806,24911.716342,5.293806,21071.353516,3840.3628260000005,15.415890150954098
5.291005,24842.979131,5.291005,21032.164062,3810.815069,15.33960580534692
5.288207,24693.008808,5.288207,20855.675781,3837.333026999997,15.540159795175645
5.285412,24673.644994,5.285412,20642.935547,4030.7094469999975,16.336092409452124
5.28262,24627.750434,5.28262,20593.794922,4033.9555120000005,16.379715730880953
5.279831,24616.280312,5.279831,20567.578125,4048.702186999999,16.447254157348574
5.277045,24385.746979,5.277045,20554.46875,3831.2782289999996,15.711137461974564
5.274262,24375.66588,5.274262,20551.191406,3824.4744739999987,15.689723073936385
5.271481,24356.205505,5.271481,20456.109375,3900.0961300000017,16.01274110287567
5.268704,24334.641231,5.268704,20439.708984,3894.9322470000006,16.00571058363593
5.265929,24272.464452,5.265929,20288.736328,3983.728124000001,16.41254076971879
5.263158,24263.953009,5.263158,20288.736328,3975.2166810000017,16.38321950065396
5.260389,24223.942083,5.260389,20203.332031,4020.610052,16.597670347063797
5.257624,24214.543441,5.257624,20101.435547,4113.107894000001,16.986105494913843
5.254861,24206.122903,5.254861,20078.416016,4127.706887,17.05232557704824
5.252101,24142.448093,5.252101,19959.974609,4182.473483999998,17.324148188653197
5.249344,24077.47363,5.249344,19956.681641,4120.791989000001,17.114719145058412
5.24659,24064.830293,5.24659,19834.84375,4229.986542999999,17.57746259374379
5.243838,23954.74193,5.243838,19805.191406,4149.550523999998,17.322459728957714
5.24109,23943.09695,5.24109,19759.009766,4184.087184,17.47512944017879
5.238345,23931.151437,5.238345,19706.304688,4224.846749,17.65417247106613
5.235602,23913.260178,5.235602,19653.537109,4259.723069,17.813225956195254
5.232862,23913.020353,5.232862,19607.349609,4305.670743999999,18.005549614563147
5.230126,23901.840702,5.230126,19600.75,4301.090702000001,17.994809502851826
5.227392,23816.088529,5.227392,19587.550781,4228.537747999999,17.754963174792785
5.22466,23792.424288,5.22466,19574.349609,4218.074678999998,17.72864600908885
5.221932,23736.454888,5.221932,19495.119141,4241.335747000001,17.86844651828869
5.219207,23672.608741,5.219207,19422.451172,4250.157568999999,17.95390451259771
5.216484,23536.82017,5.216484,19419.146484,4117.673685999998,17.494604862760433
5.213764,23493.781829,5.213764,19343.134766,4150.647063,17.667002669942946
5.211047,23453.097125,5.211047,19343.134766,4109.962359000001,17.524177455518046
5.208333,23372.977575,5.208333,19339.830078,4033.1474970000017,17.255599908305655
5.205622,23320.816928,5.205622,19283.621094,4037.195834000002,17.31155407833405
5.202914,23296.394001,5.202914,19200.162109,4096.231892,17.583115617911375
5.200208,23296.163687,5.200208,19190.992188,4105.171499,17.621663180924575
5.197505,23240.235264,5.197505,18955.847656,4284.387607999997,18.43521616425577
5.194805,23144.763948,5.194805,18949.216797,4195.547150999999,18.1274138739382
5.192108,23143.891666,5.192108,18786.705078,4357.1865880000005,18.82650787897099
5.189414,23093.593405,5.189414,18786.705078,4306.888327000001,18.64971055594802
5.186722,23031.42391,5.186722,18736.919922,4294.503988,18.64628085862886
5.184033,22959.693459,5.184033,18660.550781,4299.1426779999965,18.724739011333664
5.181347,22929.261053,5.181347,18594.109375,4335.151677999998,18.906634923731218
5.178664,22735.414105,5.178664,18546.753906,4188.660198999998,18.423505196146056
5.175983,22649.067212,5.175983,18540.933594,4108.1336180000035,18.13820224712574
5.173306,22528.227361,5.173306,18507.691406,4020.5359549999994,17.846659173727076
5.170631,22521.059002,5.170631,18501.041016,4020.0179860000026,17.850039758978482
5.167959,22487.465225,5.167959,18278.103516,4209.361709000001,18.71870247216803
5.165289,22437.089075,5.165289,18114.847656,4322.241418999998,19.263824306941643
5.162623,22430.945094,5.162623,17968.097656,4462.847437999997,19.89594027045144
5.159959,22418.732739,5.159959,17687.539062,4731.193676999999,21.103751635209676
5.157298,22280.571334,5.157298,17533.677734,4746.893599999999,21.305080237131406
5.154639,22277.431039,5.154639,17227.615234,5049.815804999998,22.6678551766563
5.151984,22243.637727,5.151984,17198.658203,5044.979524000002,22.68055066315099
5.149331,22106.54043,5.149331,17165.115234,4941.425196,22.352774789193912
5.14668,22013.161149,5.14668,17138.275391,4874.885758,22.14532354078303
5.144033,22005.518333,5.144033,17108.076172,4897.442160999999,22.255518306313547
5.141388,21963.648395,5.141388,17044.300781,4919.347613999998,22.39767968203262
5.138746,21918.325454,5.138746,17010.724609,4907.600845000001,22.39040046786231
5.136107,21880.630804,5.136107,16953.626953,4927.003851000001,22.51764994864451
5.13347,21777.965795,5.13347,16895.324219,4882.641576000002,22.420099388350618
5.130836,21594.284768,5.130836,16860.152344,4734.132424000003,21.92308045791537
5.128205,21550.370595,5.128205,16852.816406,4697.554188999999,21.79802044838106
5.125577,21536.816726,5.125577,16802.386719,4734.430007000003,21.9829609325896
5.122951,21513.421768,5.122951,16768.560547,4744.861220999999,22.05535350056546
5.120328,21437.578165,5.120328,16767.228516,4670.349649,21.785808140515766
5.117707,21281.978481,5.117707,16728.392578,4553.585902999999,21.39644068837549
5.11509,21265.587955,5.11509,16590.400391,4675.187564,21.984755718455283
5.112474,21067.341204,5.112474,16293.80957,4773.531634000001,22.658443644011722
5.109862,21011.910028,5.109862,16260.070312,4751.839715999999,22.614982215647238
5.107252,21001.514988,5.107252,16185.818359,4815.696628999998,22.93023446999717
5.104645,20989.320427,5.104645,16033.830078,4955.490348999998,23.609579768125375
5.102041,20971.066511,5.102041,16023.692383,4947.374128000001,23.591428339636156
5.099439,20957.200898,5.099439,15969.613281,4987.587616999999,23.798920673017825
5.09684,20918.048206,5.09684,15759.883789,5158.164417,24.658918299655056
5.094244,20799.758413,5.094244,15742.958008,5056.800405,24.3118227846313
5.09165,20772.541279,5.09165,15709.100586,5063.4406930000005,24.375643908908177
5.089059,20638.793949,5.089059,15692.168945,4946.6250039999995,23.967606906796394
5.08647,20508.066825,5.08647,15678.623047,4829.443778000003,23.54899571573832
5.083884,20497.170842,5.083884,15549.875977,4947.294865,24.136476702739287
5.081301,20452.333248,5.081301,15509.198242,4943.135005999999,24.16905174612965
5.07872,20444.379524,5.07872,15186.796875,5257.582649,25.716518531795185
5.076142,20383.029376,5.076142,15169.810547,5213.2188289999995,25.576270989131306
5.073567,20356.008126,5.073567,14993.046875,5362.961251000001,26.34583960570384
5.070994,20311.967771,5.070994,14901.19043,5410.777340999999,26.63837104313018
5.068424,20283.961047,5.068424,14867.15625,5416.804797000001,26.704866886939456
5.065856,20054.102895,5.065856,14828.455078,5225.647816999999,26.057749101820388
5.063291,19956.854648,5.063291,14792.255859,5164.598789,25.87882148812251
5.060729,19936.799761,5.060729,14734.355469,5202.444291999998,26.094680963676648
5.058169,19897.963739,5.058169,14727.541992,5170.4217469999985,25.984677702804206
5.055612,19893.302942,5.055612,14693.47168,5199.831261999998,26.138601906181126
5.053057,19865.461412,5.053057,14676.433594,5189.0278180000005,26.120852218743323
5.050505,19850.232394,5.050505,14536.657227,5313.575166999999,26.768327249438645
5.047956,19841.289699,5.047956,14502.546875,5338.742824000001,26.907236903400854
5.045409,19811.361113,5.045409,14502.546875,5308.814237999999,26.796817279335812
5.042864,19769.124686,5.042864,14499.135742,5269.988943999999,26.657674670503106
5.040323,19676.041031,5.040323,14454.78125,5221.259781000001,26.53612976702885
5.037783,19667.89115,5.037783,14369.451172,5298.439978,26.93954292095012
5.035247,19642.689765,5.035247,14345.550781,5297.138983999999,26.967482800846444
5.032713,19632.90397,5.032713,14301.155273,5331.748696999999,27.15720865923432
5.030181,19579.810309,5.030181,14143.967773,5435.842536,27.762488247914106
5.027652,19548.856435,5.027652,13925.025391,5623.831044000002,28.76808197297502
5.025126,19514.668496,5.025126,13812.022461,5702.646034999998,29.222356691167427
5.022602,19444.671753,5.022602,13674.946289,5769.725463999999,29.67252693843918
5.02008,19413.005996,5.02008,13527.464844,5885.541152,30.317515758315327
5.017561,19368.101955,5.017561,13441.661133,5926.440821999999,30.59897575802491
5.015045,19294.484533,5.015045,13417.628906,5876.855626999999,30.4587335150033
5.012531,19266.241163,5.012531,13379.856445,5886.384717999999,30.552844575124244
5.01002,19251.794828,5.01002,13366.118164,5885.676663999999,30.572093233820535
5.007511,19210.666861,5.007511,13355.814453,5854.852408000001,30.477090932673796
5.005005,19170.681516,5.005005,13271.265625,5899.415891000001,30.77311511370267
5.002501,19116.667378,5.002501,13225.244141,5891.423236999999,30.818254670162936
5.0,18997.333217,5.0,13180.552734,5816.780482999999,30.618931702449586
4.997501,18887.104127,4.997501,13153.044922,5734.059205,30.359652630934004
4.995005,18862.864106,4.995005,12919.045898,5943.818208000001,31.510687743911376
4.992511,18825.754239,4.992511,12853.607422,5972.146817000003,31.723280465586463
4.99002,18790.655024,4.99002,12746.785156,6043.869868,32.16423195615366
4.987531,18703.874841,4.987531,12677.833984,6026.040857,32.21814147189737
4.985045,18698.030482,4.985045,12667.835938,6030.194543999998,32.25042632059604
4.982561,18619.932356,4.982561,12622.652344,5997.280012000001,32.208924808835114
4.98008,18574.916448,4.98008,12564.00293,6010.913517999999,32.360379842501025
4.977601,18526.190462,4.977601,12387.936523,6138.253938999998,33.1328448317018
4.975124,18466.691995,4.975124,12387.936523,6078.755472000001,32.91740325579628
4.97265,18460.884236,4.97265,12339.574219,6121.310017000002,33.158270962249055
4.970179,18441.744159,4.970179,12325.75293,6115.991229000001,33.16384381146105
4.96771,18384.381637,4.96771,12222.06543,6162.316206999998,33.51930094073905
4.965243,18352.123444,4.965243,12190.947266,6161.1761780000015,33.57200705847651
4.962779,18279.825072,4.962779,12118.317383,6161.507689,33.706600936996104
4.960317,18263.319169,4.960317,12083.21582,6180.103348999999,33.83888378564863
4.957858,17976.384071,4.957858,12069.879883,5906.504188000001,32.85702043676591
4.955401,17918.628757,4.955401,12045.65625,5872.972506999999,32.77579209126532
4.952947,17887.514797,4.952947,12024.642578,5862.872218999999,32.776337493139565
4.950495,17824.74276,4.950495,12014.507812,5810.234948000001,32.596458901154996
4.948046,17791.866976,4.948046,11966.041992,5825.824984000001,32.74431509553571
4.945598,17777.724259,4.945598,11938.341797,5839.382462,32.84662523125705
4.943154,17693.548706,4.943154,11917.563477,5775.985229000002,32.644583203601925
4.940711,17617.434551,4.940711,11917.563477,5699.871073999999,32.353581660823956
4.938272,17571.612199,4.938272,11626.415039,5945.19716,33.83410180392179
4.935834,17352.483331,4.935834,11591.723633,5760.759698,33.198474178669706
4.933399,17214.261792,4.933399,11574.375,5639.886792000001,32.76287336713463
4.930966,17212.662346,4.930966,11559.546875,5653.115471000001,32.8427721253343
4.928536,17072.099496,4.928536,11550.083984,5522.015511999998,32.34526317805147
4.926108,16992.02909,4.926108,11144.894531,5847.134559,34.411043719558506
4.923683,16967.803038,4.923683,11049.661133,5918.141904999999,34.87865748881048
4.92126,16901.969429,4.92126,10990.493164,5911.476265000001,34.97507370269662
4.918839,16868.592521,4.918839,10708.308594,6160.283926999999,36.519252684128546
4.916421,16843.911573,4.916421,10649.029297,6194.882276000002,36.77816906810475
4.914005,16813.125339,4.914005,10540.883789,6272.241549999999,37.30562535836693
4.911591,16809.063463,4.911591,10471.079102,6337.984360999999,37.7057554393267
4.90918,16790.658231,4.90918,10457.115234,6333.5429970000005,37.72063554546422
4.906771,16778.456658,4.906771,10397.755859,6380.700798999998,38.02912823902471
4.904365,16697.050266,4.904365,10387.27832,6309.771945999999,37.78974037616998
4.901961,16629.40433,4.901961,10383.786133,6245.618197000002,37.55767839340281
4.899559,16610.956325,4.899559,10352.350586,6258.605738999999,37.6775762728399
4.89716,16569.667386,4.89716,10327.896484,6241.770902,37.669862385250894
4.894763,16508.770297,4.894763,10313.921875,6194.848421999999,37.52459032715318
4.892368,16438.460034,4.892368,10226.555664,6211.90437,37.78884613979529
4.889976,16399.168634,4.889976,10198.588867,6200.579767000001,37.8103299343144
4.887586,16396.896914,4.887586,10153.135742,6243.761172,38.07891947328736
4.885198,16323.554618,4.885198,10135.650391,6187.904227000001,37.90782321502813
4.882812,16323.43215,4.882812,9985.210938,6338.221212,38.82897391771864
4.880429,16303.755787,4.880429,9870.211914,6433.5438730000005,39.46050196685273
4.878049,16276.530641,4.878049,9852.165039,6424.365602,39.47011647443622
4.87567,16267.635075,4.87567,9827.646484,6439.988590999999,39.58773700853994
4.873294,16229.580144,4.873294,9736.548828,6493.031315999999,40.00738933718161
4.870921,16211.910473,4.870921,9697.994141,6513.916332000001,40.17981929303491
4.868549,16132.710751,4.868549,9659.431641,6473.279110000001,40.12517927031419
4.86618,16126.033104,4.86618,9445.444336,6680.588768,41.427353676602
4.863813,16125.77556,4.863813,9343.628906,6782.146654,42.05780136753931
4.861449,16084.51473,4.861449,9329.581055,6754.933675,41.99650277543686
4.859086,15965.34799,4.859086,9287.431641,6677.916349000001,41.82756525684725
4.856727,15858.396372,4.856727,9224.19043,6634.205941999999,41.83402776912252
4.854369,15851.513906,4.854369,9210.133789,6641.380117000001,41.897450025174905
4.852014,15850.819359,4.852014,9177.867188,6672.952170999999,42.09846834959441
4.849661,15794.913493,4.849661,9167.958008,6626.955485,41.956263248525794
4.84731,15773.40073,4.84731,9160.927734,6612.472995999999,41.9216699631773
4.844961,15750.958932,4.844961,9132.804688,6618.154243999999,42.017468730455576
4.842615,15511.773267,4.842615,9129.289062,6382.484205000001,41.146064316052126
4.840271,15364.817789,4.840271,9125.773438,6239.0443510000005,40.60604191132462
4.837929,15337.270371,4.837929,9037.858398,6299.411973,41.072575631913274
4.83559,15335.541822,4.83559,9013.235352,6322.3064699999995,41.22649557076732
4.833253,15316.873546,4.833253,8883.032227,6433.841319000001,42.004925480893576
4.830918,15291.680085,4.830918,8865.430664,6426.249421,42.024482498189805
4.828585,15274.241101,4.828585,8826.701172,6447.5399290000005,42.21185122302333
4.826255,15198.823005,4.826255,8770.353516,6428.469489000001,42.29583755850837
4.823927,15119.884571,4.823927,8587.112305,6532.772266,43.20649562715501
4.821601,15083.622326,4.821601,8565.958008,6517.664318000001,43.21020625639338
4.819277,15025.317357,4.819277,8502.481445,6522.8359120000005,43.41230043278347
4.816956,15014.152056,4.816956,8474.262695,6539.889361000001,43.55816656583354
4.814636,15009.956315,4.814636,8340.927734,6669.028580999999,44.43069947069329
4.81232,14990.454713,4.81232,8273.09082,6717.363893,44.81094150649465
4.810005,14903.129068,4.810005,8262.49707,6640.631998000001,44.558642468303965
4.807692,14495.386653,4.807692,8240.398438,6254.988214999999,43.15157894532915
4.805382,14465.803266,4.805382,8203.548828,6262.254438,43.29005671408942
4.803074,14416.225156,4.803074,8202.455078,6213.770078,43.10261535707107
4.800768,14335.452546,4.800768,8128.71875,6206.733796,43.29639246534882
4.798464,14335.427699,4.798464,8099.989746,6235.437953,43.4966998119977
4.796163,14161.215402,4.796163,8075.249023,6085.9663789999995,42.97629974712815
4.793864,14093.11153,4.793864,8025.757812,6067.353718,43.05191018381163
4.791567,14073.380013,4.791567,7901.976074,6171.403939,43.851611576602714
4.789272,14065.129828,4.789272,7855.980469,6209.149358999999,44.14569531124558
4.786979,14056.781211,4.786979,7788.737793,6268.043417999999,44.590886945689974
4.784689,14005.61553,4.784689,7774.578125,6231.037404999999,44.4895648581323
4.782401,13933.598373,4.782401,7742.716309,6190.882064,44.431322751461366
4.780115,13922.477167,4.780115,7733.494141,6188.983025999999,44.453174185622274
4.777831,13804.167617,4.777831,7710.849121,6093.318495999999,44.14115117304142
4.775549,13793.452695,4.775549,7576.243652,6217.209043,45.073624280117194
4.77327,13705.666215,4.77327,7523.084961,6182.581254,45.10967330601959
4.770992,13687.912716,4.770992,7487.638672,6200.274044000001,45.29743995775492
4.768717,13654.868021,4.768717,7480.54834,6174.319681,45.21698541138906
4.766444,13651.44895,4.766444,7427.365234,6224.083716,45.592843212441565
4.764173,13570.717994,4.764173,7398.994629,6171.723365000001,45.478237538564244
4.761905,13524.860261,4.761905,7377.714355,6147.145906,45.45071658688985
4.759638,13510.270825,4.759638,7363.526367,6146.744457999999,45.496826359881645
4.757374,13486.677338,4.757374,7324.504395,6162.172943,45.690816118492656
4.755112,13395.169594,4.755112,7193.192871,6201.976723000001,46.300098550286414
4.752852,13326.785971,4.752852,7186.092773,6140.693197999999,46.07782560148087
4.750594,13208.11029,4.750594,7143.485352,6064.624938000001,45.91591684838968
4.748338,13170.402717,4.748338,7118.627441,6051.775276000001,45.949811908094
4.746084,12911.736878,4.746084,7090.214355,5821.522523,45.087059765903014
4.743833,12907.7901,4.743833,7036.929199,5870.860901,45.48308312667712
4.741584,12874.363999,4.741584,6968.127441,5906.236558,45.87594819020776
4.739336,12867.51621,4.739336,6937.427246,5930.088964,46.08573144358215
4.737091,12849.850685,4.737091,6731.163086,6118.687599,47.61679920641039
4.734848,12826.679519,4.734848,6724.046875,6102.632643999999,47.577649655627916
4.732608,12812.490565,4.732608,6684.90332,6127.587245,47.82510639842957
4.730369,12812.132096,4.730369,6570.989258,6241.142838,48.71275749606508
4.728132,12748.545423,4.728132,6524.694336,6223.851087,48.82008794329885
4.725898,12726.076658,4.725898,6510.447266,6215.629392,48.84167806810016
4.723666,12528.565257,4.723666,6439.199219,6089.366038,48.60385776893112
4.721435,12520.613363,4.721435,6367.926758,6152.686605000001,49.14045683402356
4.719207,12504.58839,4.719207,6089.733398,6414.8549920000005,51.30000918007026
4.716981,12429.053116,4.716981,6054.041016,6375.012099999999,51.291212938766876
4.714757,12412.649048,4.714757,6028.568359,6384.080688999999,51.43205664087185
4.712535,12270.669029,4.712535,5929.070801,6341.598228000001,51.68094920507207
4.710316,12255.345235,4.710316,5921.927734,6333.417501000001,51.67881752455585
4.708098,12245.037105,4.708098,5814.748535,6430.28857,52.5134265814052
4.705882,12220.776668,4.705882,5725.391602,6495.385066000001,53.15034586147141
4.703669,12083.453021,4.703669,5678.911133,6404.541888,53.00258027957289
4.701457,12054.151661,4.701457,5650.302734,6403.848927,53.12567078211743
4.699248,12045.698937,4.699248,5643.150391,6402.548545999999,53.15215480219003
4.697041,12037.720393,4.697041,5553.722168,6483.998224999999,53.8640042575709
4.694836,12019.265598,4.694836,5528.675293,6490.590305,54.00155485440001
4.692633,12007.764468,4.692633,5528.675293,6479.089174999999,53.95749718664451
4.690432,12004.621648,4.690432,5410.55957,6594.062078,54.929361968676346
4.688233,11979.609603,4.688233,5313.871582,6665.738021000001,55.64236433323111
4.686036,11953.770431,4.686036,5278.049805,6675.720626000001,55.846150505682246
4.683841,11951.574442,4.683841,5231.473633,6720.100809,56.22774506917136
4.681648,11950.51813,4.681648,5098.85498,6851.66315,57.33360742577276
4.679457,11929.855133,4.679457,5048.653809,6881.201323999999,57.6805103438803
4.677268,11853.215604,4.677268,4941.041992,6912.1736120000005,58.314754771417554
4.675082,11848.372712,4.675082,4847.735352,7000.637360000001,59.08522233529819
4.672897,11845.449191,4.672897,4847.735352,6997.713839,59.075124346628925
4.670715,11806.122933,4.670715,4671.78125,7134.341683000001,60.42916648833442
4.668534,11772.842398,4.668534,4563.98584,7208.856558,61.232931812836114
4.666356,11660.443981,4.666356,4463.329102,7197.114879000001,61.722477212079326
4.664179,11645.711314,4.664179,4445.350098,7200.361216,61.828436424866716
4.662005,11641.914217,4.662005,4430.965332,7210.948885,61.93954662945615
4.659832,11548.641725,4.659832,4297.866211,7250.775514,62.78466062639934
4.657662,11509.602925,4.657662,4179.089355,7330.513569999999,63.690412412728826
4.655493,11496.704187,4.655493,4092.667236,7404.036951,64.4013869589876
4.653327,11392.86185,4.653327,3894.491455,7498.370395,65.81639006708399
4.651163,11348.914433,4.651163,3825.990479,7522.923954,66.28760837358232
4.649,11340.256969,4.649,3815.172607,7525.084362,66.35726494179764
4.64684,11272.444703,4.64684,3793.5354,7478.9093029999985,66.34682626573093
4.644682,11197.80165,4.644682,3782.716064,7415.085585999999,66.2191188749981
4.642526,11148.983049,4.642526,3782.716064,7366.266985,66.0712008676048
4.640371,11139.723339,4.640371,3577.051025,7562.6723139999995,67.88922923716785
4.638219,11034.992704,4.638219,3555.391357,7479.601347,67.78075480094128
4.636069,10998.108346,4.636069,3360.362793,7637.745553000001,69.44599300822345
4.63392,10914.612346,4.63392,3349.522949,7565.089397,69.31157202090152
4.631774,10881.35544,4.631774,3327.842041,7553.5133989999995,69.41702658873902
4.62963,10867.418837,4.62963,3078.364746,7789.054090999999,71.67345077821813
4.627487,10863.002449,4.627487,2875.694336,7987.308112999999,73.52762876100867
4.625347,10840.534642,4.625347,2864.832031,7975.702611000001,73.5729636442409
4.623209,10807.949213,4.623209,2788.781982,8019.167230999999,74.19693665246315
4.621072,10784.818167,4.621072,2777.915771,8006.9023959999995,74.2423494955156
4.618938,10778.203558,4.618938,2690.967529,8087.236029,75.03324636133209
4.616805,10773.785785,4.616805,2624.683838,8149.101947,75.63823998009815
4.614675,10732.914666,4.614675,2419.048584,8313.866082,77.46140112654464
4.612546,10710.767419,4.612546,2273.898193,8436.869225999999,78.76997880687526
4.61042,10638.976148,4.61042,2223.074707,8415.901441,79.10443001211249
4.608295,10532.173592,4.608295,2154.755127,8377.418464999999,79.54121143012014
4.606172,10493.224941,4.606172,2121.395752,8371.829189,79.78318616128102
4.604052,10373.047569,4.604052,1801.554688,8571.492881,82.63234911421816
4.601933,10231.131016,4.601933,1754.269775,8476.861240999999,82.85360853793605
4.599816,10199.097597,4.599816,1741.852173,8457.245424,82.92150696241642
4.597701,10182.940219,4.597701,1528.631226,8654.308993,84.98831189102162
4.595588,10175.945858,4.595588,1419.376831,8756.569027,86.0516471804522
4.593477,10166.872098,4.593477,1357.44458,8809.427518,86.64835588649696
4.591368,10141.117428,4.591368,1335.582397,8805.535031,86.83002729746124
4.589261,10109.010052,4.589261,1291.852295,8817.157756999999,87.22078335707643
4.587156,10010.817806,4.587156,1269.984375,8740.833431,87.31387984866898
4.585053,9971.076704,4.585053,1237.178833,8733.897871,87.59232458312458
4.582951,9922.507819,4.582951,1051.199219,8871.3086,89.40591191082639
4.580852,9877.617118,4.580852,1029.310181,8848.306937,89.57936748606821
4.578755,9829.619861,4.578755,1025.661865,8803.957996,89.5655998959897
4.576659,9791.112687,4.576659,1011.067871,8780.044816000001,89.67361623421586
4.574565,9726.617665,4.574565,824.920105,8901.69756,91.51894180061821
4.572474,9726.334146,4.572474,806.662903,8919.671242999999,91.70640355460394
4.570384,9659.823367,4.570384,645.942627,9013.88074,93.31310105310334
4.568296,9655.25124,4.568296,507.056732,9148.194508,94.74838386494436
4.56621,9574.638256,4.56621,463.182312,9111.455944,95.16240405521592
4.564126,9570.762461,4.564126,430.271515,9140.490946,95.50431309152934
4.562044,9532.01713,4.562044,408.328644,9123.688486000001,95.71624097574404
4.559964,9492.886579,4.559964,353.463196,9139.423383,96.27654672729446
4.557885,9479.133767,4.557885,221.73822,9257.395547,97.66077549436064
4.555809,9467.518514,4.555809,174.820068,9292.698445999999,98.15347529828975
4.553734,9456.252494,4.553734,163.172119,9293.080375,98.27445260050392
4.551661,9377.882318,4.551661,60.649445,9317.232873,99.35327142159176
4.549591,9353.676267,4.549591,42.337543,9311.338724000001,99.54737002017733
