RP,Loss_gen,ReturnPeriod,Loss_expected,Loss_Diff,Percent_Diff
10000.0,160000.014937,10000.0,160000.015625,0.0006880000000819564,4.29999959908039e-07
5000.0,160000.013653,5000.0,160000.015625,0.00197199999820441,1.2324998937069998e-06
3333.333333,160000.013422,3333.333333,160000.015625,0.002203000010922551,1.3768748913240021e-06
2500.0,160000.012002,2500.0,160000.015625,0.0036229999968782067,2.2643748281924624e-06
2000.0,160000.01109,2000.0,160000.0,0.011090000014519319,6.93124952865234e-06
1666.666667,160000.010084,1666.666667,160000.0,0.010084000008646399,6.302499608188961e-06
1428.571429,160000.008976,1428.571429,160000.0,0.008976000011898577,5.6099996927156274e-06
1250.0,160000.0,1250.0,160000.0,0.0,0.0
1111.111111,160000.0,1111.111111,160000.0,0.0,0.0
1000.0,160000.0,1000.0,160000.0,0.0,0.0
909.090909,160000.0,909.090909,160000.0,0.0,0.0
833.333333,160000.0,833.333333,160000.0,0.0,0.0
769.230769,160000.0,769.230769,160000.0,0.0,0.0
714.285714,160000.0,714.285714,160000.0,0.0,0.0
666.666667,160000.0,666.666667,160000.0,0.0,0.0
625.0,160000.0,625.0,160000.0,0.0,0.0
588.235294,160000.0,588.235294,160000.0,0.0,0.0
555.555556,160000.0,555.555556,160000.0,0.0,0.0
526.315789,160000.0,526.315789,160000.0,0.0,0.0
500.0,160000.0,500.0,160000.0,0.0,0.0
476.190476,160000.0,476.190476,160000.0,0.0,0.0
454.545455,160000.0,454.545455,160000.0,0.0,0.0
434.782609,160000.0,434.782609,160000.0,0.0,0.0
416.666667,160000.0,416.666667,160000.0,0.0,0.0
400.0,160000.0,400.0,160000.0,0.0,0.0
384.615385,160000.0,384.615385,160000.0,0.0,0.0
370.37037,160000.0,370.37037,160000.0,0.0,0.0
357.142857,160000.0,357.142857,160000.0,0.0,0.0
344.827586,160000.0,344.827586,160000.0,0.0,0.0
333.333333,160000.0,333.333333,160000.0,0.0,0.0
322.580645,160000.0,322.580645,160000.0,0.0,0.0
312.5,160000.0,312.5,160000.0,0.0,0.0
303.030303,160000.0,303.030303,160000.0,0.0,0.0
294.117647,160000.0,294.117647,160000.0,0.0,0.0
285.714286,160000.0,285.714286,160000.0,0.0,0.0
277.777778,160000.0,277.777778,160000.0,0.0,0.0
270.27027,160000.0,270.27027,160000.0,0.0,0.0
263.157895,160000.0,263.157895,160000.0,0.0,0.0
256.410256,160000.0,256.410256,160000.0,0.0,0.0
250.0,160000.0,250.0,160000.0,0.0,0.0
243.902439,160000.0,243.902439,160000.0,0.0,0.0
238.095238,160000.0,238.095238,160000.0,0.0,0.0
232.55814,160000.0,232.55814,160000.0,0.0,0.0
227.272727,160000.0,227.272727,160000.0,0.0,0.0
222.222222,160000.0,222.222222,160000.0,0.0,0.0
217.391304,160000.0,217.391304,160000.0,0.0,0.0
212.765957,160000.0,212.765957,160000.0,0.0,0.0
208.333333,160000.0,208.333333,160000.0,0.0,0.0
204.081633,160000.0,204.081633,160000.0,0.0,0.0
200.0,160000.0,200.0,160000.0,0.0,0.0
196.078431,160000.0,196.078431,160000.0,0.0,0.0
192.307692,160000.0,192.307692,160000.0,0.0,0.0
188.679245,160000.0,188.679245,160000.0,0.0,0.0
185.185185,160000.0,185.185185,160000.0,0.0,0.0
181.818182,160000.0,181.818182,160000.0,0.0,0.0
178.571429,160000.0,178.571429,160000.0,0.0,0.0
175.438596,160000.0,175.438596,160000.0,0.0,0.0
172.413793,160000.0,172.413793,160000.0,0.0,0.0
169.491525,160000.0,169.491525,160000.0,0.0,0.0
166.666667,160000.0,166.666667,160000.0,0.0,0.0
163.934426,160000.0,163.934426,160000.0,0.0,0.0
161.290323,160000.0,161.290323,160000.0,0.0,0.0
158.730159,160000.0,158.730159,160000.0,0.0,0.0
156.25,160000.0,156.25,160000.0,0.0,0.0
153.846154,160000.0,153.846154,160000.0,0.0,0.0
151.515152,160000.0,151.515152,160000.0,0.0,0.0
149.253731,160000.0,149.253731,160000.0,0.0,0.0
147.058824,160000.0,147.058824,160000.0,0.0,0.0
144.927536,160000.0,144.927536,160000.0,0.0,0.0
142.857143,160000.0,142.857143,160000.0,0.0,0.0
140.84507,160000.0,140.84507,160000.0,0.0,0.0
138.888889,160000.0,138.888889,160000.0,0.0,0.0
136.986301,160000.0,136.986301,160000.0,0.0,0.0
135.135135,160000.0,135.135135,160000.0,0.0,0.0
133.333333,160000.0,133.333333,160000.0,0.0,0.0
131.578947,160000.0,131.578947,160000.0,0.0,0.0
129.87013,160000.0,129.87013,160000.0,0.0,0.0
128.205128,160000.0,128.205128,160000.0,0.0,0.0
126.582278,160000.0,126.582278,160000.0,0.0,0.0
125.0,160000.0,125.0,160000.0,0.0,0.0
123.45679,160000.0,123.45679,160000.0,0.0,0.0
121.95122,160000.0,121.95122,160000.0,0.0,0.0
120.481928,160000.0,120.481928,160000.0,0.0,0.0
119.047619,160000.0,119.047619,160000.0,0.0,0.0
117.647059,160000.0,117.647059,160000.0,0.0,0.0
116.27907,160000.0,116.27907,160000.0,0.0,0.0
114.942529,160000.0,114.942529,160000.0,0.0,0.0
113.636364,160000.0,113.636364,160000.0,0.0,0.0
112.359551,160000.0,112.359551,160000.0,0.0,0.0
111.111111,160000.0,111.111111,160000.0,0.0,0.0
109.89011,160000.0,109.89011,160000.0,0.0,0.0
108.695652,160000.0,108.695652,160000.0,0.0,0.0
107.526882,160000.0,107.526882,160000.0,0.0,0.0
106.382979,160000.0,106.382979,160000.0,0.0,0.0
105.263158,160000.0,105.263158,160000.0,0.0,0.0
104.166667,160000.0,104.166667,160000.0,0.0,0.0
103.092784,160000.0,103.092784,160000.0,0.0,0.0
102.040816,160000.0,102.040816,160000.0,0.0,0.0
101.010101,160000.0,101.010101,160000.0,0.0,0.0
100.0,160000.0,100.0,160000.0,0.0,0.0
99.009901,160000.0,99.009901,160000.0,0.0,0.0
98.039216,160000.0,98.039216,160000.0,0.0,0.0
97.087379,160000.0,97.087379,160000.0,0.0,0.0
96.153846,160000.0,96.153846,160000.0,0.0,0.0
95.238095,160000.0,95.238095,160000.0,0.0,0.0
94.339623,160000.0,94.339623,160000.0,0.0,0.0
93.457944,160000.0,93.457944,160000.0,0.0,0.0
92.592593,159932.31972,92.592593,160000.0,67.6802800000005,0.04231807562004422
91.743119,159910.283095,91.743119,160000.0,89.71690500000841,0.05610452515221245
90.909091,159874.745864,90.909091,160000.0,125.2541360000032,0.07834516660095436
90.09009,159862.102034,90.09009,160000.0,137.89796599998954,0.08626057348517846
89.285714,159840.865425,89.285714,160000.0,159.13457500000368,0.09955812900341951
88.495575,159749.766674,88.495575,160000.0,250.23332599998685,0.156640808440513
87.719298,159729.660332,87.719298,160000.0,270.33966800000053,0.16924825823713413
86.956522,159669.679772,86.956522,160000.0,330.32022799999686,0.20687724085855058
86.206897,159627.791455,86.206897,160000.0,372.2085450000013,0.23317277123697414
85.470085,159283.210599,85.470085,160000.0,716.7894009999873,0.45000938787235073
84.745763,159281.186809,84.745763,160000.0,718.8131909999938,0.45128568250935336
84.033613,158693.909798,84.033613,160000.0,1306.0902019999921,0.8230247800073122
83.333333,158503.088341,83.333333,160000.0,1496.9116590000049,0.9444053580707416
82.644628,158429.638135,82.644628,160000.0,1570.3618650000135,0.9912046025516309
81.967213,158363.701089,81.967213,160000.0,1636.2989109999908,1.0332537694862252
81.300813,157611.829964,81.300813,160000.0,2388.170035999996,1.5152225797679502
80.645161,157133.988622,80.645161,160000.0,2866.0113779999956,1.8239283576606997
80.0,156479.336165,80.0,160000.0,3520.663835000014,2.249922527334627
79.365079,156232.90874,79.365079,160000.0,3767.0912599999865,2.4112021534906654
78.740157,154891.248429,78.740157,160000.0,5108.751571000001,3.298282906759436
78.125,154759.396306,78.125,160000.0,5240.60369399999,3.386291119692622
77.51938,154458.672814,77.51938,160000.0,5541.3271860000095,3.5875791789774776
76.923077,153854.127079,76.923077,160000.0,6145.872921000002,3.9946103739188352
76.335878,153375.948744,76.335878,160000.0,6624.051256000006,4.318833109261622
75.757576,152557.10833,75.757576,160000.0,7442.891670000012,4.878757700296804
75.18797,152273.740411,75.18797,160000.0,7726.259588999994,5.073927762033132
74.626866,152037.501047,74.626866,160000.0,7962.498953000002,5.237194046315271
74.074074,151843.984831,74.074074,160000.0,8156.015168999991,5.371312652310534
73.529412,151832.398432,73.529412,160000.0,8167.601568000013,5.379353584839782
72.992701,151828.42981,72.992701,160000.0,8171.570189999999,5.382108080960861
72.463768,151143.544486,72.463768,160000.0,8856.455514000001,5.859632010165243
71.942446,150936.084917,71.942446,160000.0,9063.915083,6.005134615744314
71.428571,150522.663105,71.428571,160000.0,9477.336894999986,6.296285688480601
70.921986,150485.246321,70.921986,160000.0,9514.753678999987,6.322715290443869
70.422535,149832.175708,70.422535,160000.0,10167.824292000005,6.7861420579085365
69.93007,149151.111699,69.93007,160000.0,10848.888300999999,7.273756244535412
69.444444,148950.689759,69.444444,160000.0,11049.310241,7.418099411877595
68.965517,147715.45724,68.965517,160000.0,12284.542760000011,8.316355640453226
68.493151,146254.228993,68.493151,159999.984375,13745.755382000003,9.398535328956472
68.027211,146215.181505,68.027211,158594.953125,12379.771620000014,8.466816846632765
67.567568,145975.472813,67.567568,157930.109375,11954.636562,8.189483021791157
67.114094,145953.096463,67.114094,157822.3125,11869.216037000006,8.132212556387199
66.666667,145755.107765,66.666667,157375.203125,11620.095360000007,7.9723417849170755
66.225166,145370.525158,66.225166,157061.21875,11690.693591999996,8.041997220064824
65.789474,145287.60974,65.789474,156856.15625,11568.546509999986,7.962514168071539
65.359477,144567.863484,65.359477,156620.46875,12052.605265999999,8.336987886200529
64.935065,142416.282622,64.935065,155195.46875,12779.186128000001,8.973121536895048
64.516129,141293.067009,64.516129,154876.234375,13583.167366000009,9.613470535772855
64.102564,140788.936651,64.102564,153074.921875,12285.985224000004,8.726527464622867
63.694268,140543.816051,63.694268,152860.53125,12316.715198999998,8.763612334626346
63.291139,140400.601214,63.291139,151856.125,11455.523786000005,8.15917003698537
62.893082,140225.422675,62.893082,151612.0,11386.577324999991,8.12019468922595
62.5,139554.710589,62.5,149459.03125,9904.320661000005,7.097088030348927
62.111801,138722.331251,62.111801,145728.625,7006.293749000004,5.050588240420375
61.728395,138531.774019,61.728395,145365.84375,6834.069730999996,4.933214621262762
61.349693,137972.865358,61.349693,145033.125,7060.25964199999,5.11713634683214
60.97561,137269.249915,60.97561,143656.40625,6387.156335000007,4.653013212321818
60.606061,137199.547125,60.606061,143310.6875,6111.140374999988,4.454198649382012
60.240964,136955.968227,60.240964,143078.171875,6122.203647999995,4.470198507780722
59.88024,136811.884324,59.88024,143018.8125,6206.928175999987,4.536834067207673
59.52381,136748.009939,59.52381,142509.75,5761.7400609999895,4.213399568717792
59.171598,136391.549652,59.171598,142318.46875,5926.919098000013,4.345517822124916
58.823529,136280.304432,58.823529,141130.234375,4849.929942999996,3.5587900711066967
58.479532,136209.59209,58.479532,141025.5625,4815.970410000009,3.5357057723349428
58.139535,136184.84396,58.139535,140985.65625,4800.812290000002,3.5252177484669946
57.803468,135059.519349,57.803468,139581.0625,4521.543150999991,3.3478152245722983
57.471264,134783.795603,57.471264,139112.984375,4329.188771999994,3.2119504816079205
57.142857,134624.599709,57.142857,138261.59375,3636.994040999998,2.701582065136388
56.818182,134500.06436,56.818182,137842.078125,3342.0137650000106,2.4847674095194843
56.497175,134342.532202,56.497175,137092.421875,2749.889672999998,2.0469241035781662
56.179775,134201.707621,56.179775,136503.625,2301.9173789999913,1.7152668321485538
55.865922,133983.917512,55.865922,136367.78125,2383.8637379999855,1.779216328546655
55.555556,133739.489718,55.555556,136269.265625,2529.775907000003,1.8915698813672985
55.248619,133652.302768,55.248619,136188.65625,2536.353482000006,1.897725238900469
54.945055,133616.80127,54.945055,135803.9375,2187.1362300000037,1.6368721666824286
54.644809,132142.610584,54.644809,135502.78125,3360.170665999991,2.542836599905076
54.347826,132106.07676,54.347826,135466.328125,3360.2513650000037,2.543600905736264
54.054054,131485.166196,54.054054,135404.0,3918.8338039999944,2.9804379591826624
53.763441,131189.155792,53.763441,135298.578125,4109.422332999995,3.1324405650688623
53.475936,130468.80745,53.475936,135291.015625,4822.208175000007,3.696062123391477
53.191489,130344.944126,53.191489,134914.3125,4569.368373999998,3.5055969409775845
52.910053,130239.966863,52.910053,134818.015625,4578.048762000006,3.5150874745044094
52.631579,130063.824437,52.631579,134716.46875,4652.644312999997,3.5772009112753973
52.356021,129610.873012,52.356021,134519.9375,4909.064488000004,3.787540639083188
52.083333,129013.885117,52.083333,133830.375,4816.489883000002,3.7333112467948917
51.813472,128364.487433,51.813472,133477.84375,5113.356316999998,3.9834664705601854
51.546392,127955.926106,51.546392,132100.96875,4145.042644000001,3.2394299897968035
51.282051,127693.082256,51.282051,132094.90625,4401.823994000006,3.4471906513895547
51.020408,127193.24068,51.020408,131883.390625,4690.149944999997,3.687420746515724
50.761421,126998.143654,50.761421,131714.96875,4716.8250960000005,3.7140897971317997
50.505051,126809.199066,50.505051,130483.125,3673.925933999999,2.8972077428608642
50.251256,126463.865722,50.251256,130086.640625,3622.7749029999977,2.864671961684127
50.0,124878.144904,50.0,129373.21875,4495.073845999999,3.5995680825140255
49.751244,124825.000154,49.751244,129173.53125,4348.531096000006,3.483702055385624
49.50495,123773.377538,49.50495,129019.265625,5245.888086999999,4.23830082958627
49.261084,123404.414778,49.261084,128053.21875,4648.803971999994,3.7671293854138215
49.019608,122356.651922,49.019608,127260.921875,4904.269952999995,4.008175996942424
48.780488,122326.912947,48.780488,126967.34375,4640.430802999996,3.793466777838604
48.543689,122286.346599,48.543689,126205.625,3919.278401000003,3.2050008116213142
48.309179,122161.753133,48.309179,124633.625,2471.8718669999944,2.023441710359884
48.076923,122079.214,48.076923,124539.460938,2460.2469379999966,2.015287334664521
47.84689,121901.585358,47.84689,123987.609375,2086.0240170000034,1.7112361671702447
47.619048,121528.396108,47.619048,123759.390625,2230.994516999999,1.8357804335847205
47.393365,121019.593213,47.393365,123638.382812,2618.789598999996,2.1639385238973716
47.169811,120858.279619,47.169811,123620.421875,2762.1422560000065,2.285438999055364
46.948357,120356.074179,46.948357,122552.34375,2196.269570999997,1.8248099117403807
46.728972,119914.200134,46.728972,122246.195312,2331.9951779999974,1.9447197874764395
46.511628,119601.74352,46.511628,122006.296875,2404.5533549999964,2.010466807783536
46.296296,119444.876375,46.296296,121729.0625,2284.186124999993,1.9123349567785033
46.082949,119286.331121,46.082949,121618.578125,2332.2470040000044,1.955167018787972
45.87156,118749.23283,45.87156,119787.015625,1037.7827950000064,0.8739279995902661
45.6621,118128.606496,45.6621,119665.476562,1536.8700660000031,1.3010143026211385
45.454545,117462.795975,45.454545,119327.0,1864.204024999999,1.587059127552833
45.248869,116763.129343,45.248869,119294.28125,2531.1519070000068,2.1677664184252614
45.045045,116429.392481,45.045045,118920.976562,2491.5840809999936,2.139995775900482
44.843049,116295.500286,44.843049,118343.03125,2047.530964000005,1.7606278479946427
44.642857,115535.186983,44.642857,117898.859375,2363.672391999993,2.0458463380059158
44.444444,115527.802286,44.444444,117248.59375,1720.7914639999944,1.4895041972148075
44.247788,115343.044752,44.247788,116180.492188,837.4474360000022,0.7260493580697515
44.052863,114713.601062,44.052863,116081.710938,1368.1098760000023,1.1926309202520553
43.859649,114651.342988,43.859649,116077.46875,1426.125761999996,1.243880555458702
43.668122,114342.657703,43.668122,116002.28125,1659.6235469999956,1.4514474128376431
43.478261,113521.373033,43.478261,115398.765625,1877.3925920000038,1.653778968524506
43.290043,113464.904574,43.290043,114957.015625,1492.1110509999999,1.31504191238875
43.103448,112709.213574,43.103448,114950.015625,2240.802051000006,1.9881267732640084
42.918455,112457.828022,42.918455,114710.273438,2252.4454160000023,2.002924523457237
42.735043,111614.580823,42.735043,114637.40625,3022.8254270000034,2.708271092101885
42.553191,111239.362294,42.553191,113526.546875,2287.184580999994,2.0560928558319858
42.372881,110948.665484,42.372881,113411.859375,2463.1938910000026,2.2201203414701927
42.194093,110099.403448,42.194093,112169.84375,2070.4403020000027,1.880519091983884
42.016807,109507.410751,42.016807,111588.1875,2080.776748999997,1.9001241420375705
41.841004,109385.576099,41.841004,110894.132812,1508.5567129999981,1.3791184969713657
41.666667,109272.92177,41.666667,110747.90625,1474.9844799999992,1.3498170050807081
41.493776,109038.334532,41.493776,110215.34375,1177.0092180000065,1.0794453373227046
41.322314,108985.590917,41.322314,110203.40625,1217.815333000006,1.1174094875784597
41.152263,108979.99449,41.152263,110000.203125,1020.2086350000027,0.9361430414585101
40.983607,108658.569194,40.983607,109698.53125,1039.962056000004,0.9570916161644336
40.816327,108623.949651,40.816327,109653.28125,1029.3315989999974,0.9476101746503942
40.650407,108605.987763,40.650407,109309.71875,703.7309870000026,0.6479670241899411
40.48583,107422.921267,40.48583,109225.9375,1803.016233000002,1.678427854813778
40.322581,107193.073642,40.322581,108528.4375,1335.363857999997,1.245755730878473
40.160643,106975.688821,40.160643,107935.46875,959.7799289999966,0.897194436958452
40.0,106813.769727,40.0,107681.46875,867.6990229999938,0.8123475327363714
39.840637,106489.487908,39.840637,107407.859375,918.3714670000045,0.8624057501275786
39.68254,106217.911235,39.68254,107378.90625,1160.9950149999931,1.0930312990540452
39.525692,105154.657121,39.525692,107319.953125,2165.2960040000034,2.059153691603433
39.370079,104995.72814,39.370079,107271.65625,2275.9281099999935,2.1676387699938604
39.215686,104669.87196,39.215686,107127.929688,2458.0577279999998,2.348390880748718
39.0625,104591.604206,39.0625,105876.203125,1284.5989189999964,1.2282046238337592
38.910506,103435.357228,38.910506,105848.109375,2412.7521470000065,2.33261837311746
38.75969,103208.964492,38.75969,105663.828125,2454.863633000001,2.378537218237747
38.610039,102436.09859,38.610039,105527.40625,3091.307660000006,3.0177912889604963
38.461538,101571.357085,38.461538,105502.96875,3931.611665000004,3.870787767175184
38.314176,101532.306394,38.314176,105143.125,3610.8186060000007,3.5563248134914627
38.167939,99909.950144,38.167939,104691.226562,4781.276417999994,4.7855858311497
38.022814,99851.964809,38.022814,104455.484375,4603.519566000003,4.610344498283795
37.878788,99469.806272,37.878788,104339.117188,4869.310916000002,4.895265305619356
37.735849,99107.585146,37.735849,103794.125,4686.539854000002,4.7287398306557895
37.593985,98425.850399,37.593985,103777.390625,5351.540225999997,5.43712876678825
37.453184,98067.551091,37.453184,103253.84375,5186.292658999999,5.288490026825971
37.313433,97600.367413,37.313433,102686.3125,5085.945087,5.210989693797578
37.174721,97016.038352,37.174721,102679.351562,5663.313209999993,5.837502031831052
37.037037,96785.155786,37.037037,102323.484375,5538.328588999997,5.7222913410871605
36.900369,96638.040354,36.900369,101458.078125,4820.037771000003,4.9877230057061
36.764706,96542.859721,36.764706,101347.703125,4804.843403999999,4.976901883666545
36.630037,96488.531433,36.630037,101037.375,4548.8435670000035,4.714387813186527
36.49635,96455.838592,36.49635,100233.9375,3778.098908,3.9169209071739424
36.363636,96272.559243,36.363636,100224.6875,3952.128257000004,4.105145108924031
36.231884,95719.38276,36.231884,100111.054688,4391.671928000011,4.5880696274561
36.101083,95140.826229,36.101083,100092.210938,4951.384709000005,5.204269192577988
35.971223,94788.752147,35.971223,99560.546875,4771.7947279999935,5.034136033988308
35.842294,94518.738302,35.842294,99391.890625,4873.152323000002,5.155752616406738
35.714286,94267.572433,35.714286,99108.015625,4840.443192000006,5.1347913890965176
35.587189,93636.52726,35.587189,99070.710938,5434.183678000001,5.803486990617385
35.460993,93492.574092,35.460993,98666.117188,5173.5430960000085,5.533640662101205
35.335689,93341.61055,35.335689,97634.460938,4292.850388000006,4.599074692096157
35.211268,93275.728889,35.211268,97268.5,3992.7711109999946,4.280610999836273
35.087719,93204.756582,35.087719,96901.4375,3696.680917999998,3.9661934149763267
34.965035,93154.200078,34.965035,96078.1875,2923.9874220000056,3.1388680484097216
34.843206,93076.543822,34.843206,95635.875,2559.331177999993,2.749705858110148
34.722222,92725.927697,34.722222,95598.234375,2872.3066779999936,3.0976305649761886
34.602076,92708.614761,34.602076,95582.59375,2873.9789889999956,3.1000128697953544
34.482759,91971.080249,34.482759,95294.554688,3323.474438999998,3.6136081363860395
34.364261,91547.534612,34.364261,94905.820312,3358.285699999993,3.668351872317696
34.246575,91300.891802,34.246575,94806.796875,3505.9050730000017,3.83994614269825
34.129693,91275.376724,34.129693,94615.671875,3340.2951509999984,3.6595796926704978
34.013605,90919.754519,34.013605,94422.46875,3502.7142310000054,3.852533753011865
33.898305,90180.087928,33.898305,94388.3125,4208.224572000006,4.6664675857932885
33.783784,90169.734392,33.783784,94174.382812,4004.6484199999977,4.441233465976913
33.670034,89947.785653,33.670034,94057.125,4109.339347000001,4.568583114266964
33.557047,89575.448426,33.557047,93924.039062,4348.5906359999935,4.854668006035658
33.444816,89506.70759,33.444816,93812.179688,4305.472097999998,4.810222846897589
33.333333,89491.822998,33.333333,93556.65625,4064.8332519999967,4.542128113862246
33.222591,89423.810977,33.222591,93305.078125,3881.267147999999,4.340306128306553
33.112583,89291.934087,33.112583,93304.78125,4012.8471629999985,4.494075757268459
33.0033,88875.481768,33.0033,93143.203125,4267.721357000002,4.80191079935908
32.894737,88658.102612,32.894737,92921.375,4263.272387999998,4.80866639641232
32.786885,88313.495039,32.786885,92851.523438,4538.0283990000025,5.138544677680314
32.679739,88231.804433,32.679739,92755.546875,4523.7424420000025,5.127110876934594
32.57329,88183.392508,32.57329,92682.414062,4499.021553999992,5.101892120550748
32.467532,87619.912991,32.467532,92498.132812,4878.2198209999915,5.567478504002925
32.36246,87172.22578,32.36246,92165.0625,4992.836720000007,5.727554476583662
32.258065,87044.709184,32.258065,91866.851562,4822.14237799999,5.539845469305519
32.154341,86744.888988,32.154341,91766.234375,5021.345386999994,5.788635440751593
32.051282,86731.009683,32.051282,91700.257812,4969.248129,5.729494153431968
31.948882,86321.71232,31.948882,91001.914062,4680.20174199999,5.421812909190435
31.847134,86059.938838,31.847134,90357.5,4297.561161999998,4.993683727907087
31.746032,85882.356583,31.746032,89903.523438,4021.166855000003,4.682180386042147
31.64557,85769.358979,31.64557,89892.84375,4123.484771000003,4.80764321907735
31.545741,85672.362456,31.545741,89879.296875,4206.934418999997,4.910491900069423
31.446541,85567.251872,31.446541,89647.179688,4079.9278160000104,4.768094950744909
31.347962,85355.344089,31.347962,89498.445312,4143.101222999991,4.8539447262727675
31.25,85322.988022,31.25,89458.484375,4135.496352999995,4.846872394967793
31.152648,84627.254433,31.152648,89264.71875,4637.464317000005,5.479870932917384
31.055901,84616.801574,31.055901,89116.164062,4499.362487999999,5.317339351411396
30.959752,84538.994534,30.959752,89055.554688,4516.560154000006,5.342576143584877
30.864198,84316.566091,30.864198,88472.546875,4155.980783999999,4.929020448383288
30.769231,84205.757936,30.769231,88167.0625,3961.3045640000055,4.704315549312872
30.674847,84192.403593,30.674847,87978.359375,3785.9557820000045,4.49679023335875
30.58104,83695.001349,30.58104,87828.523438,4133.5220890000055,4.938792069270208
30.487805,83592.713049,30.487805,87018.515625,3425.802576000002,4.098207189413603
30.395137,83476.673581,30.395137,86910.226562,3433.5529810000007,4.113188551611748
30.30303,83339.944262,30.30303,86521.90625,3181.9619879999955,3.818051495207029
30.21148,83338.656357,30.21148,86456.84375,3118.187393,3.7415858729981664
30.120482,83221.06646,30.120482,86393.6875,3172.621039999998,3.8122811626367588
30.03003,83136.790394,30.03003,86136.109375,2999.318981000004,3.6076915728712877
29.94012,82533.679736,29.94012,86013.960938,3480.2812019999983,4.216801205438014
29.850746,82037.010424,29.850746,85811.4375,3774.427076000007,4.600883255608978
29.761905,81872.089053,29.761905,85432.53125,3560.4421969999967,4.348786305788703
29.673591,81701.124735,29.673591,85400.742188,3699.617452999999,4.528233197523066
29.585799,81614.309008,29.585799,85292.570312,3678.2613039999997,4.5068828600134925
29.498525,81292.09977,29.498525,85061.671875,3769.5721049999993,4.637070657130597
29.411765,81285.667344,29.411765,84883.742188,3598.0748440000025,4.426456670119951
29.325513,81131.970259,29.325513,84679.289062,3547.318803000002,4.37228233417208
29.239766,80828.662749,29.239766,84471.4375,3642.7747510000045,4.506785869156387
29.154519,80794.229128,29.154519,84434.71875,3640.4896219999937,4.505878280282208
29.069767,80284.860911,29.069767,84300.820312,4015.959401,5.002137832002852
28.985507,79718.79818,28.985507,84225.5,4506.701820000002,5.653248572343194
28.901734,79097.832209,28.901734,83823.0625,4725.230291,5.973906185588672
28.818444,78962.256099,28.818444,83730.117188,4767.861088999998,6.03815205459964
28.735632,78936.973696,28.735632,83488.640625,4551.666928999999,5.766203992731288
28.653295,78806.599272,28.653295,83420.523438,4613.924165999997,5.854743395378723
28.571429,78805.604896,28.571429,83349.164062,4543.559165999992,5.765527936745287
28.490028,78763.333522,28.490028,83342.53125,4579.197727999999,5.813869884926783
28.409091,78573.6448,28.409091,83050.929688,4477.284888000009,5.698201858137565
28.328612,78425.651739,28.328612,82854.453125,4428.8013860000065,5.647133670930814
28.248588,78214.866538,28.248588,82586.679688,4371.813150000002,5.589491286641772
28.169014,78189.040841,28.169014,82498.859375,4309.8185340000055,5.512049371169758
28.089888,78006.339889,28.089888,82365.4375,4359.097611000005,5.588132473851269
28.011204,77894.131151,28.011204,81993.59375,4099.462599000006,5.262864529617874
27.932961,77818.20985,27.932961,81806.867188,3988.6573380000045,5.12560921882991
27.855153,77659.618522,27.855153,81303.25,3643.6314779999957,4.6917967759110235
27.777778,77409.671126,27.777778,81204.054688,3794.3835620000027,4.901691877522476
27.700831,77369.711505,27.700831,81076.75,3707.0384950000007,4.791330383544773
27.624309,76985.726301,27.624309,80774.070312,3788.3440109999938,4.92083947638328
27.548209,76771.908224,27.548209,80681.140625,3909.232401000001,5.092008901998243
27.472527,76528.239903,27.472527,80493.625,3965.3850970000058,5.181597149008203
27.39726,76355.30803,27.39726,80219.546875,3864.238845,5.06086471877206
27.322404,76189.084304,27.322404,80211.9375,4022.8531959999964,5.280091279150329
27.247956,75904.97327,27.247956,80139.96875,4234.995479999998,5.579338609257898
27.173913,75821.265371,27.173913,80085.640625,4264.375253999999,5.624247014520323
27.100271,75818.065252,27.100271,79965.328125,4147.262873,5.470019393419696
27.027027,75360.293779,27.027027,79870.796875,4510.503096,5.985251476364207
26.954178,74724.984182,26.954178,79814.328125,5089.343943,6.810766169724982
26.88172,74675.137716,26.88172,79797.28125,5122.143534000003,6.859235470686685
26.809651,74567.564973,26.809651,79478.71875,4911.1537769999995,6.586179632898389
26.737968,74506.841619,26.737968,79347.125,4840.283381000001,6.4964280807276635
26.666667,74450.378172,26.666667,79222.265625,4771.887453000003,6.409487191556885
26.595745,74330.977069,26.595745,78942.484375,4611.5073059999995,6.2040181467266695
26.525199,74287.985995,26.525199,78435.171875,4147.1858800000045,5.5825795038771595
26.455026,74262.852979,26.455026,78291.210938,4028.357959000001,5.424458928529365
26.385224,74224.851838,26.385224,78017.875,3793.0231619999977,5.110179499284806
26.315789,74215.345529,26.315789,77936.796875,3721.4513460000016,5.014396038277322
26.246719,72964.627715,26.246719,77923.164062,4958.536347000001,6.795808465395117
26.17801,72810.463283,26.17801,77903.078125,5092.614841999995,6.994344785592147
26.109661,72572.301675,26.109661,77713.4375,5141.135825000005,7.084157049370593
26.041667,72429.105092,26.041667,77696.507812,5267.402719999998,7.2724945494070425
25.974026,72289.293292,25.974026,77453.570312,5164.277019999994,7.143903038503637
25.906736,72080.439124,25.906736,77402.210938,5321.771814000007,7.383101266690345
25.839793,71709.376672,25.839793,77153.335938,5443.959266000005,7.59169793219759
25.773196,71696.366336,25.773196,76796.46875,5100.102413999994,7.113474049854522
25.706941,71565.184339,25.706941,76633.8125,5068.628161000001,7.082533508179358
25.641026,71521.665334,25.641026,76387.890625,4866.225290999995,6.803847852640375
25.575448,71469.001934,25.575448,76206.546875,4737.544941,6.6288108309879785
25.510204,71305.371552,25.510204,76174.984375,4869.612823000003,6.829237008391156
25.445293,71293.458228,25.445293,76115.3125,4821.854271999997,6.76338950563945
25.380711,71205.054718,25.380711,76093.164062,4888.109343999997,6.864834755564518
25.316456,71157.544664,25.316456,75825.71875,4668.174085999999,6.5603360937237625
25.252525,70741.185505,25.252525,75699.054688,4957.8691830000025,7.0084621110139285
25.188917,70697.566475,25.188917,75628.578125,4931.01165,6.974796864816697
25.125628,70627.637497,25.125628,75609.921875,4982.284377999997,7.054298507735907
25.062657,70528.091732,25.062657,75543.898438,5015.806706000003,7.11178564856056
25.0,70471.548724,25.0,75543.296875,5071.748151000007,7.196873408960229
24.937656,70258.840154,24.937656,75323.1875,5064.347345999995,7.208128307981568
24.875622,70245.78704,24.875622,75260.359375,5014.572335000004,7.138609369049507
24.813896,70017.286232,24.813896,75219.507812,5202.221579999998,7.429910326376554
24.752475,70002.310916,24.752475,74790.570312,4788.259395999994,6.8401447514293
24.691358,69284.632174,24.691358,74663.351562,5378.719387999998,7.763221394452947
24.630542,69188.42483,24.630542,74129.210938,4940.786108,7.141058811701234
24.570025,69058.693614,24.570025,74030.046875,4971.353260999997,7.198736322449305
24.509804,69003.179185,24.509804,73890.75,4887.570814999999,7.083109608466367
24.449878,68773.442535,24.449878,73625.789062,4852.3465270000015,7.055552765924955
24.390244,68588.863833,24.390244,73508.367188,4919.503355000008,7.172452028040592
24.3309,68560.901864,24.3309,73409.03125,4848.1293860000005,7.071274230926737
24.271845,68465.385709,24.271845,73163.070312,4697.6846030000015,6.861400917197309
24.213075,68462.086911,24.213075,73135.03125,4672.944338999994,6.825594354251534
24.154589,68304.896167,24.154589,73053.125,4748.228833000001,6.951520461126186
24.096386,67744.692128,24.096386,72915.734375,5171.042247000005,7.633132699503004
24.038462,67696.065577,24.038462,72802.578125,5106.512547999999,7.543292958719533
23.980815,67664.486289,23.980815,72645.117188,4980.630899000011,7.360775455720406
23.923445,67616.427624,23.923445,72632.03125,5015.603625999996,7.417729392464592
23.866348,67447.637367,23.866348,72541.875,5094.237632999997,7.55287780546105
23.809524,67350.163832,23.809524,72441.085938,5090.922105999998,7.55888600167169
23.752969,67309.474919,23.752969,72234.765625,4925.290706,7.317380965944362
23.696682,66770.86977,23.696682,72201.109375,5430.239604999995,8.132647700569253
23.640662,66479.878374,23.640662,72197.492188,5717.613813999997,8.600517861711568
23.584906,66477.501733,23.584906,72110.875,5633.373267000003,8.47410495301984
23.529412,66460.635692,23.529412,72056.164062,5595.52837,8.419312141297416
23.474178,66353.03562,23.474178,71906.734375,5553.698755000005,8.369924153592184
23.419204,66339.912763,23.419204,71803.65625,5463.743487,8.235982321109281
23.364486,66303.643394,23.364486,71793.28125,5489.637856000001,8.279541779293496
23.310023,66270.146722,23.310023,71695.132812,5424.986089999991,8.186168823131688
23.255814,66179.359731,23.255814,71613.96875,5434.609018999996,8.211939555006445
23.201856,65750.792529,23.201856,71540.75,5789.9574710000015,8.805912823706706
23.148148,65711.530167,23.148148,71466.742188,5755.212020999999,8.758298591394297
23.094688,65640.16785,23.094688,71336.570312,5696.402461999998,8.678226531987757
23.041475,65633.412499,23.041475,71334.554688,5701.142189000006,8.686341258100619
22.988506,65168.339638,22.988506,71022.203125,5853.863487000002,8.982680116629187
22.93578,65134.145433,22.93578,70946.335938,5812.190505000006,8.923415616128247
22.883295,65095.683769,22.883295,70921.234375,5825.550605999997,8.949211789022259
22.83105,65068.886548,22.83105,70868.046875,5799.160326999998,8.912339882628965
22.779043,65050.174887,22.779043,70867.335938,5817.161051000003,8.942575575092786
22.727273,65021.499274,22.727273,70765.640625,5744.141350999998,8.834218550996862
22.675737,64987.949337,22.675737,70735.859375,5747.910038000002,8.844578258953478
22.624434,64796.247117,22.624434,70722.015625,5925.768508000001,9.145234132618942
22.573363,64778.188736,22.573363,70544.078125,5765.889389000004,8.900973462685988
22.522523,64743.95657,22.522523,70329.0,5585.043429999998,8.626354838171729
22.47191,64617.415383,22.47191,70257.507812,5640.092428999997,8.728440151265833
22.421525,64563.414692,22.421525,70237.34375,5673.9290580000015,8.788148961865632
22.371365,64213.550491,22.371365,69823.679688,5610.129197000002,8.736674976080481
22.321429,63976.942834,22.321429,69788.203125,5811.260290999999,9.083366653011831
22.271715,63968.311361,22.271715,69630.976562,5662.665200999996,8.852297458726403
22.222222,63864.734817,22.222222,69517.242188,5652.507371000007,8.850748988775853
22.172949,63807.244665,22.172949,69405.898438,5598.6537730000055,8.77432304496768
22.123894,63697.731169,22.123894,69240.671875,5542.940706000001,8.701943702349016
22.075055,63575.251373,22.075055,68978.085938,5402.834565000005,8.498329850559669
22.026432,63468.962144,22.026432,68949.914062,5480.951917999999,8.635641316403877
21.978022,63310.813342,21.978022,68948.5,5637.686657999999,8.90477686259638
21.929825,63160.315953,21.929825,68945.835938,5785.519985000006,9.160055483739557
21.881838,63055.645529,21.881838,68926.15625,5870.510720999999,9.310047770901155
21.834061,62983.647361,21.834061,68901.554688,5917.907327000001,9.395942558043119
21.786492,62979.449477,21.786492,68483.546875,5504.097397999998,8.739513355082734
21.73913,62965.019839,21.73913,68464.359375,5499.3395359999995,8.733959824139935
21.691974,62939.767649,21.691974,68391.976562,5452.208912999995,8.662581888458275
21.645022,62885.109044,21.645022,68382.132812,5497.023767999999,8.741375902129379
21.598272,62879.764538,21.598272,68294.546875,5414.782336999997,8.611327311392351
21.551724,62787.940689,21.551724,68038.078125,5250.137435999997,8.36169713226442
21.505376,62779.289867,21.505376,68011.78125,5232.4913830000005,8.334741272297292
21.459227,62363.095472,21.459227,67903.234375,5540.138902999999,8.883681704811188
21.413276,62285.822398,21.413276,67877.921875,5592.099477000003,8.978125778394741
21.367521,62248.100471,21.367521,67766.234375,5518.133904000002,8.864742638324808
21.321962,62208.535272,21.321962,67645.03125,5436.495977999999,8.739148019205912
21.276596,62172.718134,21.276596,67464.0625,5291.3443659999975,8.510717441363326
21.231423,62150.937949,21.231423,67462.234375,5311.296426000001,8.54580252732205
21.186441,62143.310941,21.186441,67454.921875,5311.610933999997,8.547357476724947
21.141649,61943.265924,21.141649,67292.15625,5348.890326000001,8.635144185911525
21.097046,61871.164622,21.097046,67247.25,5376.085378000003,8.68916143868478
21.052632,61848.403862,21.052632,67232.234375,5383.830513000001,8.704881899640835
21.008403,61843.817733,21.008403,67142.171875,5298.3541419999965,8.567314141042722
20.964361,61824.492011,20.964361,67031.070312,5206.578300999994,8.421546431911844
20.920502,61821.120358,20.920502,66968.710938,5147.590580000004,8.326588955668896
20.876827,61641.432766,20.876827,66917.6875,5276.254734000002,8.559591328821712
20.833333,61496.650503,20.833333,66866.226562,5369.576058999999,8.73149352864032
20.790021,61459.111269,20.790021,66838.34375,5379.232480999999,8.752538671533452
20.746888,61380.752665,20.746888,66494.007812,5113.255146999996,8.330388476835397
20.703934,61213.464616,20.703934,66216.21875,5002.7541340000025,8.172636797121234
20.661157,61179.127671,20.661157,66202.382812,5023.255140999994,8.210733516851217
20.618557,61075.079868,20.618557,65457.625,4382.545131999999,7.175668278243568
20.576132,61059.275408,20.576132,65429.554688,4370.279279999995,7.157437180178854
20.533881,61002.628759,20.533881,65369.238281,4366.609521999999,7.158067792866668
20.491803,60991.813182,20.491803,65354.53125,4362.718068000002,7.152956832061412
20.449898,60952.553411,20.449898,65262.515625,4309.962213999999,7.071011750628625
20.408163,60876.947877,20.408163,65116.691406,4239.743528999999,6.964448246594541
20.366599,60857.951642,20.366599,65096.203125,4238.251483,6.964170447161498
20.325203,60820.273171,20.325203,65091.839844,4271.566673000001,7.023261242168749
20.283976,60807.991178,20.283976,64998.773438,4190.78226,6.891828160763519
20.242915,60610.802269,20.242915,64863.492188,4252.689918999997,7.016389422014098
20.20202,60547.206606,20.20202,64771.0625,4223.855894,6.976136688660104
20.16129,60399.006297,20.16129,64496.601562,4097.595265000004,6.784209734926599
20.120724,60334.391931,20.120724,64341.375,4006.9830690000017,6.64129187476107
20.080321,60231.215413,20.080321,64191.164062,3959.9486490000054,6.574578682908847
20.04008,60230.708388,20.04008,63969.0,3738.291612000001,6.206620695739311
20.0,60091.388522,20.0,63949.316406,3857.927883999997,6.420101080852167
19.96008,60069.206805,19.96008,63747.605469,3678.3986640000003,6.123601192106669
19.920319,60062.777048,19.920319,63740.191406,3677.4143579999945,6.122617932003274
19.880716,60011.207325,19.880716,63644.773438,3633.5661129999935,6.0548125507988075
19.84127,59925.641378,19.84127,63639.761719,3714.1203410000016,6.197881667335038
19.80198,59875.337211,19.80198,63626.085938,3750.7487269999983,6.2642632204014195
19.762846,59857.99616,19.762846,63558.34375,3700.3475899999976,6.181876820782631
19.723866,59852.991717,19.723866,63479.851562,3626.8598450000063,6.059613297441692
19.685039,59835.695418,19.685039,63388.230469,3552.535050999999,5.937150101093856
19.646365,59725.962215,19.646365,63283.140625,3557.1784100000004,5.955832736850618
19.607843,59673.07877,19.607843,63263.550781,3590.472010999998,6.016904247288593
19.569472,59535.431133,19.569472,63245.183594,3709.7524610000037,6.231167542421169
19.53125,59385.34419,19.53125,63173.683594,3788.3394039999985,6.3792497217485575
19.493177,59369.674268,19.493177,63145.5,3775.8257319999975,6.35985590043089
19.455253,59300.606358,19.455253,63130.136719,3829.5303610000046,6.457826650002508
19.417476,59152.174747,19.417476,63100.304688,3948.1299409999992,6.67453049340377
19.379845,58938.083582,19.379845,63018.726562,4080.642980000004,6.9236098834510695
19.34236,58895.643371,19.34236,63008.488281,4112.84491,6.983275289297798
19.305019,58753.457809,19.305019,62965.601562,4212.143753000004,7.169184436247389
19.267823,58665.248926,19.267823,62825.613281,4160.364354999998,7.091701528869088
19.230769,58545.007444,19.230769,62806.605469,4261.598024999999,7.279182651187364
19.193858,58411.794701,19.193858,62777.21875,4365.424049000001,7.473531794983977
19.157088,58271.692334,19.157088,62758.714844,4487.0225100000025,7.700175385814122
19.120459,58230.205334,19.120459,62703.601562,4473.396228000005,7.682260782597716
19.083969,58126.686376,19.083969,62539.429688,4412.743311999999,7.591596196376303
19.047619,58118.975935,19.047619,62509.0625,4390.086564999998,7.553619956948056
19.011407,58061.62874,19.011407,62461.089844,4399.461104000002,7.577226473788379
18.975332,57987.074638,18.975332,62451.984375,4464.909737000002,7.699836152924439
18.939394,57897.252982,18.939394,62383.050781,4485.797799,7.7478594716654605
18.903592,57790.363038,18.903592,62346.105469,4555.742430999999,7.8832216852563715
18.867925,57753.309168,18.867925,62335.195312,4581.886144000004,7.933547375911646
18.832392,57550.555875,18.832392,62333.714844,4783.158969000004,8.311229833103683
18.796992,57529.610561,18.796992,62332.183594,4802.573033000001,8.348001987442135
18.761726,57522.258823,18.761726,62319.457031,4797.198208000002,8.339725014557086
18.726592,57426.169142,18.726592,62182.433594,4756.264452000003,8.282398988236524
18.691589,57350.733834,18.691589,62142.746094,4792.012260000003,8.355625010606387
18.656716,57282.129283,18.656716,62086.585938,4804.4566549999945,8.387356956065258
18.621974,57276.693706,18.621974,61998.753906,4722.0602,8.244296055631686
18.587361,57253.56676,18.587361,61957.113281,4703.546520999997,8.21528995864431
18.552876,57250.681263,18.552876,61837.441406,4586.7601429999995,8.011712772340987
18.518519,57197.945961,18.518519,61815.621094,4617.675133000004,8.073148529054754
18.484288,57183.118762,18.484288,61762.824219,4579.705457000004,8.008841693404388
18.450185,57172.045579,18.450185,61728.394531,4556.348952,7.969539843915614
18.416206,57095.824552,18.416206,61710.597656,4614.773104,8.082505402469662
18.382353,57075.180654,18.382353,61581.96875,4506.788095999997,7.896230978787357
18.348624,56879.522059,18.348624,61577.726562,4698.204503000001,8.259922609980173
18.315018,56831.275199,18.315018,61461.710938,4630.435738999993,8.147689318576948
18.281536,56704.295757,18.281536,61457.679688,4753.383930999997,8.382758074220863
18.248175,56554.373004,18.248175,61385.042969,4830.669965000001,8.5416382649284
18.214936,56546.457047,18.214936,61377.535156,4831.078108999995,8.543555796934408
18.181818,56503.533017,18.181818,61361.710938,4858.177920999995,8.598007348564087
18.14882,56461.318251,18.14882,61361.679688,4900.361437,8.679148112014207
18.115942,56455.794566,18.115942,61333.710938,4877.916372,8.640240403130703
18.083183,56365.640399,18.083183,61258.503906,4892.863506999995,8.680578225252985
18.050542,56309.617314,18.050542,61214.828125,4905.210810999997,8.71114215471757
18.018018,56303.739916,18.018018,61179.34375,4875.603834000001,8.65946709983023
17.985612,56236.025613,17.985612,61163.921875,4927.896262000002,8.762881459497784
17.953321,56228.146258,17.953321,61152.796875,4924.650616999999,8.758337140270443
17.921147,56135.053063,17.921147,61152.757812,5017.704749000004,8.93863009868124
17.889088,56066.698872,17.889088,61113.007812,5046.308940000003,9.000545852575877
17.857143,56017.682764,17.857143,61096.945312,5079.262548000006,9.067248585413132
17.825312,55879.464723,17.825312,61084.765625,5205.300902000003,9.315230430003565
17.793594,55775.796248,17.793594,61023.929688,5248.133439999998,9.409338446133226
17.761989,55771.46305,17.761989,60945.289062,5173.826012000005,9.276833938104847
17.730496,55672.276698,17.730496,60860.320312,5188.043614000002,9.318899678098452
17.699115,55616.873494,17.699115,60856.71875,5239.8452560000005,9.421322931008124
17.667845,55585.890405,17.667845,60826.285156,5240.394751,9.427562845208326
17.636684,55572.018906,17.636684,60563.691406,4991.672500000001,8.982348668029154
17.605634,55448.80749,17.605634,60561.1875,5112.380010000001,9.219999926818986
17.574692,55441.44436,17.574692,60485.855469,5044.411109000001,9.098628593160267
17.54386,55401.435749,17.54386,60330.039062,4928.603313000007,8.896165318403266
17.513135,55206.010481,17.513135,60287.078125,5081.0676440000025,9.203830524483799
17.482517,54973.991612,17.482517,60273.984375,5299.992763000002,9.640909469348216
17.452007,54969.427813,17.452007,60189.582031,5220.154217999996,9.496468174561306
17.421603,54949.637178,17.421603,60170.265625,5220.628447000003,9.500751442796002
17.391304,54885.966987,17.391304,60087.132812,5201.165825000004,9.476312636036683
17.361111,54817.349316,17.361111,60026.644531,5209.295214999998,9.503004577931165
17.331023,54784.100782,17.331023,59976.976562,5192.875780000002,9.478800794164329
17.301038,54629.614894,17.301038,59971.6875,5342.0726060000015,9.778711814764641
17.271157,54599.704349,17.271157,59946.730469,5347.026120000002,9.793141160292626
17.241379,54556.166382,17.241379,59938.167969,5382.001586999999,9.865065571718233
17.211704,54429.619827,17.211704,59937.597656,5507.977828999996,10.119449385291764
17.182131,54362.031084,17.182131,59890.601562,5528.5704780000015,10.169911549951612
17.152659,54350.794526,17.152659,59824.101562,5473.307036000006,10.070334911813882
17.123288,54334.271959,17.123288,59760.492188,5426.220228999999,9.986735872884358
17.094017,54180.290713,17.094017,59684.867188,5504.576474999994,10.159739644363384
17.064846,54170.322653,17.064846,59677.875,5507.552346999997,10.167102718364525
17.035775,54168.834021,17.035775,59617.050781,5448.216759999996,10.057843884710254
17.006803,54134.474784,17.006803,59533.769531,5399.294747,9.973856343011601
16.977929,54055.139945,16.977929,59469.347656,5414.2077109999955,10.016083052432831
16.949153,54005.048379,16.949153,59357.015625,5351.967246,9.910123972930512
16.920474,54002.093678,16.920474,59299.902344,5297.808666000004,9.81037642279097
16.891892,53851.34268,16.891892,59291.597656,5440.2549759999965,10.102357165591098
16.863406,53848.580978,16.863406,59239.597656,5391.016678,10.011436847709165
16.835017,53837.981841,16.835017,58997.453125,5159.471283999999,9.583329663503163
16.806723,53768.225823,16.806723,58957.5625,5189.336676999999,9.651307249904084
16.778523,53765.126624,16.778523,58890.863281,5125.736657000001,9.533571254925576
16.750419,53741.783558,16.750419,58745.59375,5003.810191999997,9.310837602923453
16.722408,53723.525282,16.722408,58683.394531,4959.869248999996,9.23221107134195
16.694491,53657.44917,16.694491,58508.96875,4851.51958,9.041651541483443
16.666667,53606.755942,16.666667,58482.769531,4876.013588999995,9.09589379793027
16.638935,53496.078201,16.638935,58405.910156,4909.8319550000015,9.177928775549423
16.611296,53378.613014,16.611296,58362.625,4984.011985999998,9.337095335715832
16.583748,53332.314899,16.583748,58342.496094,5010.181195000005,9.39426913024161
16.556291,53287.862631,16.556291,58304.027344,5016.164712999998,9.413334416760533
16.528926,53262.55871,16.528926,58278.601562,5016.042852000006,9.417577700896762
16.50165,53226.196885,16.50165,58246.058594,5019.861709000004,9.43118615039483
16.474465,53163.86256,16.474465,58098.90625,4935.043689999999,9.2827034236468
16.447368,53150.831666,16.447368,58067.984375,4917.152709000002,9.251318473997557
16.420361,52999.534902,16.420361,58047.40625,5047.871348000001,9.524369142736596
16.393443,52958.04146,16.393443,57724.175781,4766.134320999998,8.99983116747233
16.366612,52829.149855,16.366612,57677.035156,4847.885300999995,9.176534762164392
16.339869,52765.865396,16.339869,57653.371094,4887.505698000001,9.262627763839358
16.313214,52703.697896,16.313214,57638.839844,4935.141948000004,9.363938670372809
16.286645,52676.483009,16.286645,57574.324219,4897.841209999999,9.29796548710965
16.260163,52675.014752,16.260163,57486.832031,4811.817278999995,9.134913965671545
16.233766,52484.692796,16.233766,57455.367188,4970.6743919999935,9.470712558650666
16.207455,52481.696277,16.207455,57247.226562,4765.530285000001,9.080366343052987
16.18123,52420.947441,16.18123,57157.824219,4736.876778000005,9.036228853611203
16.155089,52360.308474,16.155089,57105.402344,4745.093870000004,9.062387156019573
16.129032,52292.559002,16.129032,56985.671875,4693.112872999998,8.974724057433303
16.10306,52271.867757,16.10306,56893.585938,4621.718180999997,8.84169320768355
16.07717,52268.600683,16.07717,56856.355469,4587.754786000005,8.777267281027749
16.051364,52197.156918,16.051364,56850.609375,4653.452456999999,8.91514544424406
16.025641,52142.93477,16.025641,56845.355469,4702.420699000002,9.018327640632725
16.0,52005.396728,16.0,56782.320312,4776.923584000004,9.185438213238514
15.974441,51977.824866,15.974441,56730.433594,4752.608727999999,9.143531381415693
15.948963,51948.394343,15.948963,56709.4375,4761.043157,9.164947670113207
15.923567,51940.594693,15.923567,56557.800781,4617.206087999999,8.889397811654739
15.898251,51929.32051,15.898251,56505.730469,4576.409959000004,8.812766880164988
15.873016,51920.496526,15.873016,56495.480469,4574.983942999999,8.811518088447025
15.847861,51852.829951,15.847861,56428.332031,4575.502079999998,8.824016132434364
15.822785,51847.413206,15.822785,56402.84375,4555.430544000003,8.786225314463382
15.797788,51808.528993,15.797788,56319.394531,4510.865537999998,8.706801033878946
15.772871,51801.870975,15.772871,56316.257812,4514.3868370000055,8.71471773515417
15.748031,51757.895481,15.748031,56313.113281,4555.2177999999985,8.801010469353782
15.72327,51591.64927,15.72327,56248.195312,4656.546042000002,9.025774728833362
15.698587,51495.370486,15.698587,56227.996094,4732.625608000002,9.190390443518911
15.673981,51400.906938,15.673981,56029.726562,4628.819624000003,9.005326753442903
15.649452,51399.279533,15.649452,55997.996094,4598.716561000001,8.947044788920584
15.625,51386.996102,15.625,55907.539062,4520.542960000006,8.79705626502668
15.600624,51385.217567,15.600624,55901.59375,4516.376183,8.789251844873872
15.576324,51342.984499,15.576324,55843.339844,4500.355345000004,8.765278039276538
15.5521,51332.911736,15.5521,55841.726562,4508.814826000002,8.783477643326338
15.52795,51215.910032,15.52795,55757.757812,4541.847780000004,8.868040765383707
15.503876,51094.16296,15.503876,55663.027344,4568.864384,8.942047622106696
15.479876,51011.299414,15.479876,55615.839844,4604.540430000001,9.026510759175622
15.455951,51000.164007,15.455951,55611.203125,4611.039118000001,9.041224097567833
15.432099,50871.670991,15.432099,55598.6875,4727.016509000001,9.292040966840434
15.40832,50846.382946,15.40832,55586.453125,4740.070179000002,9.322335049936715
15.384615,50759.77056,15.384615,55567.535156,4807.764596000001,9.471604270387784
15.360983,50751.596008,15.360983,55547.035156,4795.439147999998,9.448844026982108
15.337423,50713.949426,15.337423,55409.652344,4695.702918000003,9.259193912420105
15.313936,50523.527386,15.313936,55404.953125,4881.425738999998,9.661688309499615
15.29052,50485.422161,15.29052,55274.5,4789.077838999998,9.486060795386516
15.267176,50427.914691,15.267176,55268.027344,4840.112653000004,9.598082099285838
15.243902,50327.723084,15.243902,55187.367188,4859.644103999999,9.655998336918522
15.2207,50301.897258,15.2207,55168.1875,4866.290242000003,9.674168385817833
15.197568,50257.688233,15.197568,55145.757812,4888.069579000003,9.726013572964979
15.174507,50227.317302,15.174507,55096.257812,4868.94051,9.693809607080336
15.151515,50167.214376,15.151515,55072.597656,4905.383279999995,9.77806589625341
15.128593,50160.627059,15.128593,55033.765625,4873.138566000001,9.715067078942438
15.10574,50141.56868,15.10574,55024.476562,4882.907882000007,9.738243159408086
15.082956,50109.59017,15.082956,54943.023438,4833.433267999993,9.645725003142633
15.060241,50082.225344,15.060241,54917.535156,4835.3098119999995,9.654742333807425
15.037594,50061.293252,15.037594,54883.148438,4821.855185999993,9.631902958894004
15.015015,50006.096611,15.015015,54851.625,4845.528388999999,9.689875269996804
14.992504,49972.923671,14.992504,54837.359375,4864.435704000003,9.734142705008281
14.97006,49938.583892,14.97006,54673.867188,4735.283295999994,9.482213805342948
14.947683,49897.912995,14.947683,54665.300781,4767.387785999999,9.554282934594307
14.925373,49889.51259,14.925373,54662.34375,4772.831160000002,9.566802544702917
14.90313,49884.981837,14.90313,54551.007812,4666.025975000004,9.353568555454867
14.880952,49816.840979,14.880952,54547.269531,4730.428551999998,9.495641351474058
14.858841,49802.319357,14.858841,54415.742188,4613.422830999996,9.263469835469728
14.836795,49782.62366,14.836795,54402.113281,4619.489621000001,9.279321340212388
14.814815,49739.148712,14.814815,54390.820312,4651.6716000000015,9.35213352149259
14.792899,49705.304104,14.792899,54320.140625,4614.836520999997,9.284394501126533
14.771049,49690.328295,14.771049,54275.984375,4585.656080000001,9.228468068828244
14.749263,49624.976121,14.749263,54269.804688,4644.828566999997,9.359860558269219
14.727541,49621.210811,14.727541,54248.351562,4627.140751000006,9.324925118462174
14.705882,49496.624778,14.705882,54236.78125,4740.156472000002,9.576726682395691
14.684288,49490.970614,14.684288,54219.207031,4728.236417,9.553735476067784
14.662757,49407.251093,14.662757,54176.726562,4769.4754690000045,9.653391685407371
14.641288,49364.986847,14.641288,54112.304688,4747.317840999996,9.616771206105366
14.619883,49270.171166,14.619883,54051.710938,4781.539771999996,9.704735459290644
14.59854,49235.281846,14.59854,53998.121094,4762.839248000004,9.673630513373306
14.577259,49213.83158,14.577259,53978.132812,4764.301232000005,9.68081752434852
14.556041,49205.184974,14.556041,53880.113281,4674.928306999995,9.50088554584283
14.534884,49164.106663,14.534884,53852.292969,4688.186306000003,9.535790690016231
14.513788,49151.736371,14.513788,53716.179688,4564.4433169999975,9.286433509789623
14.492754,49148.936116,14.492754,53667.328125,4518.392009000003,9.193265136677253
14.47178,49127.926823,14.47178,53650.101562,4522.174739000002,9.204896341937383
14.450867,48969.219005,14.450867,53632.851562,4663.632557000004,9.523600032346492
14.430014,48954.618967,14.430014,53500.648438,4546.029470999994,9.286211530038553
14.409222,48879.964917,14.409222,53474.714844,4594.749927000004,9.400067972229646
14.388489,48855.671257,14.388489,53439.558594,4583.887337,9.382508149129615
14.367816,48808.545429,14.367816,53397.960938,4589.415508999999,9.402893425037739
14.347202,48766.36265,14.347202,53357.851562,4591.488912000001,9.41527861110634
14.326648,48744.192325,14.326648,53259.546875,4515.354549999996,9.26336930540165
14.306152,48737.175175,14.306152,53254.515625,4517.340450000003,9.268777752874767
14.285714,48690.62046,14.285714,53236.710938,4546.090477999998,9.336686275613745
14.265335,48674.782519,14.265335,53211.523438,4536.740918999996,9.32051605413768
14.245014,48669.772914,14.245014,53151.457031,4481.684116999997,9.208352224940889
14.224751,48634.761756,14.224751,53094.507812,4459.746056000004,9.16987334773941
14.204545,48605.038508,14.204545,53081.074219,4476.035711000004,9.208995298426283
14.184397,48591.048441,14.184397,53009.238281,4418.189839999999,9.09260034873426
14.164306,48572.636415,14.164306,52997.5625,4424.926084999999,9.109915400090394
14.144272,48555.236562,14.144272,52916.527344,4361.290782000004,8.98212240492555
14.124294,48526.013151,14.124294,52894.039062,4368.025911000004,9.001411052269786
14.104372,48510.365373,14.104372,52874.558594,4364.193221000001,8.996413833298055
14.084507,48509.754618,14.084507,52842.109375,4332.354757000001,8.930893984346069
14.064698,48457.764264,14.064698,52829.289062,4371.524798000006,9.02130930800635
14.044944,48358.437365,14.044944,52816.761719,4458.324354000004,9.219330890180439
14.025245,48292.722829,14.025245,52715.316406,4422.593577,9.157888223987678
14.005602,48286.022979,14.005602,52711.140625,4425.117645999999,9.164386240557686
13.986014,48158.643101,13.986014,52616.085938,4457.442836999995,9.255748397336879
13.96648,48145.482909,13.96648,52586.050781,4440.567872,9.223228439505192
13.947001,48115.723732,13.947001,52569.855469,4454.131737000003,9.25712301826549
13.927577,48065.666467,13.927577,52492.109375,4426.442907999997,9.209157457618982
13.908206,48049.126233,13.908206,52467.664062,4418.537829000001,9.195875503695136
13.888889,48048.074687,13.888889,52431.265625,4383.190938,9.122511081980827
13.869626,47991.343382,13.869626,52204.316406,4212.973023999999,8.778610322419416
13.850416,47925.45429,13.850416,52153.648438,4228.194147999995,8.822439370975852
13.831259,47911.156762,13.831259,52014.078125,4102.921363000001,8.563603219561942
13.812155,47887.46717,13.812155,51994.796875,4107.3297049999965,8.577045201449096
13.793103,47863.047573,13.793103,51983.996094,4120.948520999998,8.609874903420618
13.774105,47830.570311,13.774105,51928.21875,4097.648438999997,8.567007276636268
13.755158,47786.880242,13.755158,51889.230469,4102.350227000003,8.584678903969206
13.736264,47686.444031,13.736264,51766.878906,4080.434874999999,8.556802583869308
13.717421,47680.174023,13.717421,51758.023438,4077.849414999997,8.552505309718292
13.69863,47633.65128,13.69863,51748.71875,4115.067470000002,8.638992307792707
13.679891,47626.957475,13.679891,51743.417969,4116.460493999999,8.643131352996424
13.661202,47562.825748,13.661202,51657.964844,4095.139095999999,8.609957527959107
13.642565,47539.719599,13.642565,51602.800781,4063.0811820000017,8.546708344669053
13.623978,47524.81455,13.623978,51479.574219,3954.759668999999,8.321462601057112
13.605442,47511.48648,13.605442,51365.421875,3853.9353950000004,8.111586650992951
13.586957,47488.435389,13.586957,51310.558594,3822.1232050000035,8.048534708905871
13.568521,47483.562108,13.568521,51271.625,3788.0628920000017,7.977629992004731
13.550136,47389.077069,13.550136,51260.515625,3871.438556000001,8.169474476920206
13.5318,47277.059812,13.5318,51057.730469,3780.6706570000024,7.996839634347104
13.513514,47140.447567,13.513514,51036.875,3896.427432999997,8.26557157197556
13.495277,47107.996776,13.495277,51022.644531,3914.647754999998,8.309943158088998
13.477089,47063.880537,13.477089,50986.640625,3922.7600880000027,8.334969499414873
13.45895,47036.297849,13.45895,50926.753906,3890.456056999996,8.271178291900172
13.44086,47001.015354,13.44086,50870.4375,3869.422145999997,8.232635224699868
13.422819,46998.450199,13.422819,50757.785156,3759.334956999999,7.998848772847382
13.404826,46992.323182,13.404826,50663.203125,3670.879943,7.811658786867763
13.386881,46923.292302,13.386881,50652.84375,3729.5514479999983,7.94818791485574
13.368984,46916.47081,13.368984,50402.363281,3485.892470999999,7.429997207413562
13.351135,46894.166837,13.351135,50336.03125,3441.864413000003,7.339642955942945
13.333333,46872.927588,13.333333,50277.167969,3404.2403810000033,7.262700574033544
13.315579,46808.670441,13.315579,50115.480469,3306.810028,7.064524578129322
13.297872,46746.973504,13.297872,50110.359375,3363.3858709999986,7.1948740611244135
13.280212,46593.691322,13.280212,50107.5625,3513.8711780000012,7.541517055852726
13.262599,46575.625813,13.262599,49976.191406,3400.5655929999994,7.301169943809638
13.245033,46539.468194,13.245033,49923.488281,3384.020086999997,7.2712908383346635
13.227513,46499.628538,13.227513,49894.757812,3395.1292740000063,7.301411604235655
13.21004,46476.085947,13.21004,49893.828125,3417.7421780000004,7.353765078017749
13.192612,46373.206145,13.192612,49808.640625,3435.4344800000035,7.408231531928304
13.175231,46362.691519,13.175231,49743.488281,3380.796761999998,7.292063189675919
13.157895,46352.584918,13.157895,49700.0625,3347.4775819999995,7.221771100623302
13.140604,46257.680381,13.140604,49679.476562,3421.796181000005,7.397249824929577
13.12336,46249.64979,13.12336,49534.738281,3285.088490999995,7.102947818883354
13.10616,46148.184028,13.10616,49509.703125,3361.5190969999967,7.284184996229591
13.089005,46115.062942,13.089005,49480.972656,3365.9097140000013,7.298937699019051
13.071895,46007.395238,13.071895,49480.523438,3473.128199999999,7.549065062330142
13.05483,45983.188987,13.05483,49468.269531,3485.0805439999967,7.579031860937854
13.03781,45956.505106,13.03781,49404.617188,3448.1120819999996,7.502990216612056
13.020833,45956.135677,13.020833,49356.941406,3400.8057289999997,7.400112474430755
13.003901,45921.223147,13.003901,49252.003906,3330.780759000001,7.253249218422873
12.987013,45920.896059,12.987013,49216.289062,3295.3930030000047,7.176238457468304
12.970169,45888.298378,12.970169,49140.1875,3251.8891220000005,7.08653237741114
12.953368,45886.012744,12.953368,49131.777344,3245.7646000000022,7.073538113037321
12.936611,45824.024605,12.936611,49060.140625,3236.1160200000013,7.062051070143016
12.919897,45755.979001,12.919897,49015.066406,3259.0874049999984,7.122757454121506
12.903226,45704.977223,12.903226,48947.4375,3242.4602769999983,7.094326425718692
12.886598,45693.008538,12.886598,48935.941406,3242.9328679999962,7.097218965792224
12.870013,45656.738569,12.870013,48905.769531,3249.030961999997,7.116213430553761
12.85347,45656.678133,12.85347,48904.773438,3248.0953049999953,7.114173518139327
12.83697,45641.460852,12.83697,48887.753906,3246.2930540000016,7.112596734198857
12.820513,45633.979345,12.820513,48869.007812,3235.0284670000037,7.089078168140202
12.804097,45612.791262,12.804097,48843.71875,3230.927488000001,7.083380338294898
12.787724,45567.731481,12.787724,48830.917969,3263.1864879999994,7.161178276694821
12.771392,45540.248087,12.771392,48613.507812,3073.2597250000035,6.7484474812891975
12.755102,45534.102005,12.755102,48613.089844,3078.9878390000013,6.7619382032875155
12.738854,45508.408087,12.738854,48602.398438,3093.990350999993,6.798722436269589
12.722646,45482.066695,12.722646,48533.09375,3051.0270549999987,6.708197926580607
12.70648,45467.259867,12.70648,48519.617188,3052.357320999996,6.713308279251258
12.690355,45432.330346,12.690355,48509.363281,3077.0329349999956,6.772782535181814
12.674271,45428.080106,12.674271,48485.238281,3057.158174999997,6.729666250183919
12.658228,45413.575874,12.658228,48382.578125,2969.002250999998,6.537697580207066
12.642225,45401.991863,12.642225,48352.929688,2950.9378249999936,6.499577890556905
12.626263,45355.370996,12.626263,48283.179688,2927.8086919999987,6.455263462089659
12.61034,45260.830147,12.61034,48264.609375,3003.7792279999994,6.636597734164841
12.594458,45123.801735,12.594458,48234.613281,3110.811545999997,6.893948263200339
12.578616,45044.413879,12.578616,48196.066406,3151.6525269999984,6.996766647838033
12.562814,44978.29188,12.562814,48174.492188,3196.2003079999995,7.106095350457759
12.547051,44856.818322,12.547051,48117.863281,3261.044958999999,7.269898046693654
12.531328,44837.760414,12.531328,48058.546875,3220.7864610000033,7.183201014639338
12.515645,44813.521336,12.515645,47934.179688,3120.6583519999986,6.96365351118499
12.5,44790.00452,12.5,47929.582031,3139.577510999996,7.009549439982946
12.484395,44746.47241,12.484395,47740.878906,2994.406495999996,6.6919386819212185
12.468828,44654.915797,12.468828,47675.996094,3021.0802970000004,6.765392439062581
12.4533,44637.798199,12.4533,47581.253906,2943.455707000001,6.59408802799315
12.437811,44592.36556,12.437811,47575.386719,2983.0211590000035,6.689533334997185
12.42236,44551.588388,12.42236,47565.117188,3013.5288,6.764133242018586
12.406948,44414.073957,12.406948,47528.394531,3114.3205739999976,7.0120128520863965
12.391574,44351.904058,12.391574,47477.734375,3125.830317,7.047792836384838
12.376238,44346.075573,12.376238,47439.9375,3093.861926999998,6.976630709761583
12.360939,44338.116801,12.360939,47404.433594,3066.3167930000054,6.91575784953241
12.345679,44153.450222,12.345679,47367.667969,3214.2177470000024,7.279652509235798
12.330456,44125.66666,12.330456,47351.039062,3225.372402000001,7.309515404837627
12.315271,44112.428796,12.315271,47349.851562,3237.4227660000033,7.339026334214371
12.300123,43834.888379,12.300123,47299.867188,3464.978808999993,7.904614194614812
12.285012,43831.516976,12.285012,47260.496094,3428.979118000003,7.823090220394481
12.269939,43729.367191,12.269939,47246.765625,3517.3984340000025,8.043561249438623
12.254902,43705.24887,12.254902,47162.09375,3456.844879999997,7.909450167604083
12.239902,43629.618189,12.239902,47111.78125,3482.1630609999993,7.981190772551685
12.224939,43627.40497,12.224939,46900.726562,3273.3215920000002,7.502902348308066
12.210012,43564.398346,12.210012,46899.519531,3335.1211849999963,7.65561171879749
12.195122,43552.313209,12.195122,46885.171875,3332.858666,7.652541094674327
12.180268,43435.298265,12.180268,46883.855469,3448.5572040000043,7.939526932588923
12.16545,43424.392194,12.16545,46866.871094,3442.478900000002,7.927523509415184
12.150668,43411.993409,12.150668,46830.539062,3418.545653000001,7.874657173174825
12.135922,43409.08353,12.135922,46786.390625,3377.3070949999965,7.780185206319643
12.121212,43406.738678,12.121212,46739.496094,3332.7574160000004,7.677972401297114
12.106538,43354.175277,12.106538,46695.324219,3341.148942,7.706637067024376
12.091898,43133.093818,12.091898,46691.503906,3558.410087999997,8.249837359255286
12.077295,43047.570518,12.077295,46689.039062,3641.468544000003,8.459173189523788
12.062726,43022.152864,12.062726,46687.804688,3665.651823999993,8.520382128685453
12.048193,43022.126099,12.048193,46682.875,3660.748900999999,8.50899114696493
12.033694,43020.812497,12.033694,46559.53125,3538.718753000001,8.225597211226006
12.019231,42888.199356,12.019231,46525.730469,3637.5311130000046,8.481426517364664
12.004802,42842.359304,12.004802,46519.445312,3677.0860080000057,8.582827994854831
11.990408,42773.822952,11.990408,46472.132812,3698.309860000001,8.646199017913775
11.976048,42748.796339,11.976048,46440.941406,3692.1450669999977,8.636839825199079
11.961722,42717.241305,11.961722,46423.449219,3706.2079139999987,8.67614059517039
11.947431,42712.950562,11.947431,46407.125,3694.174438000002,8.648839261613926
11.933174,42696.610747,11.933174,46351.460938,3654.8501909999977,8.5600475706536
11.918951,42691.706898,11.918951,46312.667969,3620.961071000005,8.481649795945822
11.904762,42671.173352,11.904762,46208.527344,3537.353992000004,8.289797805230045
11.890606,42598.503763,11.890606,46195.882812,3597.379049000003,8.44484836607007
11.876485,42557.53327,11.876485,46117.308594,3559.775324000002,8.364618553936225
11.862396,42444.761213,11.862396,46018.652344,3573.891131000004,8.420099510196776
11.848341,42394.302351,11.848341,46002.3125,3608.0101490000015,8.510601540574463
11.83432,42383.057069,11.83432,46001.40625,3618.3491809999978,8.537253872719216
11.820331,42347.872863,11.820331,45889.953125,3542.080262000003,8.36424599993256
11.806375,42221.249868,11.806375,45871.960938,3650.7110699999976,8.646620082099739
11.792453,42214.427707,11.792453,45779.050781,3564.6230739999955,8.444087170247032
11.778563,42136.91031,11.778563,45538.1875,3401.2771900000007,8.07196627606748
11.764706,42029.450114,11.764706,45530.875,3501.4248860000007,8.33088435966398
11.750881,41995.000861,11.750881,45351.800781,3356.7999199999977,7.993332185206352
11.737089,41961.99729,11.737089,45303.328125,3341.3308350000007,7.962754517874858
11.723329,41937.374261,11.723329,45250.355469,3312.9812080000047,7.899829844809665
11.709602,41892.289547,11.709602,45246.375,3354.0854529999997,8.00645056469632
11.695906,41807.63687,11.695906,45173.300781,3365.663910999996,8.05035673617588
11.682243,41805.706109,11.682243,45147.996094,3342.289985000003,7.994817684183235
11.668611,41752.090222,11.668611,45127.996094,3375.905872000003,8.085597281597106
11.655012,41695.745289,11.655012,45078.5,3382.7547110000014,8.112949385011776
11.641444,41655.789093,11.641444,45047.25,3391.4609070000006,8.141631645551794
11.627907,41573.324447,11.627907,44968.65625,3395.331803000001,8.167092355889316
11.614402,41499.766974,11.614402,44947.140625,3447.3736510000017,8.306971104584308
11.600928,41473.838556,11.600928,44940.410156,3466.5715999999957,8.358453716116152
11.587486,41452.120425,11.587486,44922.171875,3470.051449999999,8.371227851367506
11.574074,41419.691625,11.574074,44885.15625,3465.4646250000005,8.366707932968588
11.560694,41418.948239,11.560694,44848.238281,3429.2900420000005,8.279519852150635
11.547344,41304.181326,11.547344,44763.101562,3458.9202360000054,8.374261696896767
11.534025,41243.104252,11.534025,44712.671875,3469.5676230000026,8.412479336668149
11.520737,41229.480548,11.520737,44661.328125,3431.8475770000005,8.323771076874447
11.50748,41195.150707,11.50748,44658.859375,3463.7086679999993,8.408049512030152
11.494253,41172.463712,11.494253,44621.742188,3449.2784759999995,8.377634382357071
11.481056,41135.048638,11.481056,44521.78125,3386.732612,8.23320434553074
11.46789,41082.956258,11.46789,44459.925781,3376.9695229999998,8.219879557334458
11.454754,41052.216551,11.454754,44439.023438,3386.806886999999,8.249997616553786
11.441648,41040.866812,11.441648,44406.179688,3365.3128759999963,8.199906915747714
11.428571,41011.633786,11.428571,44312.144531,3300.5107449999996,8.047742653272897
11.415525,40924.219124,11.415525,44097.890625,3173.671500999997,7.75499586536716
11.402509,40908.398417,11.402509,44087.894531,3179.4961140000014,7.772233177133432
11.389522,40896.58031,11.389522,44059.703125,3163.1228150000024,7.734443298249459
11.376564,40807.830891,11.376564,44052.871094,3245.040203000004,7.952003652602091
11.363636,40800.685358,11.363636,44015.167969,3214.4826109999995,7.878501507499111
11.350738,40760.855324,11.350738,43987.191406,3226.3360820000016,7.915280619983298
11.337868,40679.889583,11.337868,43920.679688,3240.790105,7.966565637764947
11.325028,40674.33105,11.325028,43824.128906,3149.7978559999974,7.743945074666439
11.312217,40643.215617,11.312217,43820.964844,3177.7492270000002,7.818646184262129
11.299435,40641.600282,11.299435,43779.972656,3138.3723739999987,7.722068895475977
11.286682,40598.286939,11.286682,43651.722656,3053.4357170000003,7.521094970307167
11.273957,40562.473811,11.273957,43643.960938,3081.487126999993,7.596891504591455
11.261261,40537.047525,11.261261,43616.816406,3079.7688809999963,7.597417841298486
11.248594,40507.508917,11.248594,43420.164062,2912.6551450000043,7.190407958603534
11.235955,40459.415267,11.235955,43391.296875,2931.8816080000033,7.246475483276053
11.223345,40382.857545,11.223345,43342.164062,2959.3065170000045,7.328125588196299
11.210762,40196.714233,11.210762,43202.886719,3006.172486000003,7.478652281315193
11.198208,40175.322866,11.198208,43200.617188,3025.2943219999943,7.530230266202223
11.185682,40159.385054,11.185682,43137.3125,2977.9274460000015,7.415271528674443
11.173184,40128.172903,11.173184,43070.078125,2941.9052220000012,7.331271296879962
11.160714,40085.689685,11.160714,43062.363281,2976.6735960000005,7.4257761794575465
11.148272,40017.436622,11.148272,43061.3125,3043.875877999999,7.606373958312454
11.135857,39960.811322,11.135857,42989.472656,3028.6613339999967,7.579078686854887
11.123471,39949.141263,11.123471,42985.066406,3035.9251430000004,7.599475350454671
11.111111,39821.836796,11.111111,42820.015625,2998.1788289999968,7.528981760331948
11.098779,39766.558562,11.098779,42762.273438,2995.714875999998,7.533251516671684
11.086475,39745.878458,11.086475,42744.480469,2998.6020110000027,7.544435114621169
11.074197,39736.254867,11.074197,42730.859375,2994.6045079999967,7.5362021861978326
11.061947,39736.224447,11.061947,42726.671875,2990.4474279999995,7.525746267083439
11.049724,39684.823017,11.049724,42667.21875,2982.3957329999976,7.5152048220611
11.037528,39680.156175,11.037528,42618.0625,2937.9063250000036,7.403968653860783
11.025358,39666.333685,11.025358,42541.894531,2875.5608460000003,7.249373911981703
11.013216,39659.355216,11.013216,42531.421875,2872.0666589999964,7.241839014672891
11.0011,39572.662501,11.0011,42510.460938,2937.7984369999976,7.423807879810361
10.989011,39488.374888,10.989011,42489.484375,3001.1094870000015,7.599982261898551
10.976948,39478.83851,10.976948,42463.988281,2985.1497709999967,7.561392086658926
10.964912,39475.366572,10.964912,42405.289062,2929.9224900000045,7.422153977103807
10.952903,39464.13963,10.952903,42339.121094,2874.981464000004,7.285047871193143
10.940919,39446.732802,10.940919,42158.0,2711.2671980000014,6.873236401121
10.928962,39412.170628,10.928962,42143.796875,2731.626247,6.930920584869646
10.917031,39324.123263,10.917031,42108.8125,2784.6892369999987,7.081376534133968
10.905125,39258.890865,10.905125,42093.585938,2834.6950729999953,7.2205174688905345
10.893246,39249.861902,10.893246,42084.445312,2834.5834100000066,7.221893970168514
10.881393,39148.722923,10.881393,42064.25,2915.527076999999,7.447310817097222
10.869565,39119.820738,10.869565,41999.835938,2880.0151999999944,7.362035780502492
10.857763,39101.334666,10.857763,41980.621094,2879.2864279999994,7.363652552002634
10.845987,39061.563663,10.845987,41864.351562,2802.7878990000027,7.175309015227333
10.834236,39039.590086,10.834236,41519.878906,2480.2888200000016,6.3532655300329575
10.822511,39021.067938,10.822511,41500.742188,2479.6742499999964,6.354706267752369
10.810811,38928.098563,10.810811,41492.082031,2563.9834679999985,6.586459556586174
10.799136,38881.704468,10.799136,41468.316406,2586.6119379999946,6.652516841510381
10.787487,38846.740437,10.787487,41336.085938,2489.345500999996,6.408119376288755
10.775862,38803.731928,10.775862,41303.121094,2499.389166000001,6.441105125243099
10.764263,38797.730249,10.764263,41255.953125,2458.222876,6.335996616872606
10.752688,38756.524229,10.752688,41194.511719,2437.9874899999995,6.290521501863029
10.741139,38657.855902,10.741139,41164.523438,2506.6675359999936,6.484238397376582
10.729614,38657.304846,10.729614,41161.367188,2504.0623419999974,6.477591627185311
10.718114,38638.463837,10.718114,41148.730469,2510.266631999999,6.496807540252622
10.706638,38624.796984,10.706638,41144.269531,2519.4725469999976,6.522940555632352
10.695187,38441.338956,10.695187,41005.046875,2563.7079190000004,6.669143137637384
10.683761,38429.316545,10.683761,40766.796875,2337.4803299999985,6.082544630380958
10.672359,38419.250892,10.672359,40760.386719,2341.1358270000055,6.093652980327886
10.660981,38347.377383,10.660981,40713.945312,2366.5679290000044,6.171394474682228
10.649627,38296.003244,10.649627,40677.21875,2381.2155060000005,6.217921726265458
10.638298,38261.288531,10.638298,40573.78125,2312.4927190000017,6.043948878319604
10.626993,38240.039364,10.626993,40519.601562,2279.562198000007,5.961192080115996
10.615711,38226.056522,10.615711,40457.960938,2231.9044159999976,5.838699094465797
10.604454,38221.43256,10.604454,40451.644531,2230.211970999997,5.834977450149234
10.59322,38162.963787,10.59322,40432.980469,2270.0166820000013,5.948219049939905
10.582011,38150.829022,10.582011,40418.78125,2267.952228000002,5.9446997251151945
10.570825,38134.929625,10.570825,40336.773438,2201.8438129999995,5.773824246306052
10.559662,38120.001972,10.559662,40313.945312,2193.9433400000053,5.755359985583175
10.548523,38083.21214,10.548523,40293.390625,2210.1784849999967,5.803550595666736
10.537408,38051.242226,10.537408,40189.132812,2137.8905860000013,5.618451490498789
10.526316,38033.792118,10.526316,40157.792969,2124.0008510000043,5.584509807516124
10.515247,37994.240315,10.515247,40027.582031,2033.3417159999954,5.3517104149000145
10.504202,37927.155096,10.504202,39965.089844,2037.9347479999997,5.3732866144102935
10.493179,37909.472038,10.493179,39923.730469,2014.258431000002,5.31333812557699
10.48218,37819.283684,10.48218,39882.390625,2063.106940999998,5.4551719123988205
10.471204,37792.442918,10.471204,39845.960938,2053.518019999996,5.433673669774691
10.460251,37769.037388,10.460251,39809.484375,2040.446987000003,5.4024331254158335
10.449321,37741.047373,10.449321,39673.109375,1932.0620019999988,5.119259099794349
10.438413,37699.584664,10.438413,39661.246094,1961.66143,5.20340329338754
10.427529,37684.82194,10.427529,39659.769531,1974.9475909999965,5.240697684984196
10.416667,37681.098188,10.416667,39415.222656,1734.1244679999945,4.602107028165774
10.405827,37546.94272,10.405827,39342.804688,1795.8619679999974,4.782977888219383
10.39501,37504.422241,10.39501,39248.828125,1744.4058839999998,4.65120052454243
10.384216,37493.171697,10.384216,39204.363281,1711.1915840000001,4.564008608898032
10.373444,37465.480579,10.373444,39180.671875,1715.1912959999972,4.5780576399743
10.362694,37318.522151,10.362694,39139.746094,1821.2239430000045,4.880214536982147
10.351967,37301.095894,10.351967,39114.265625,1813.1697310000018,4.8609020393195905
10.341262,37289.408232,10.341262,39066.132812,1776.7245800000019,4.764689664544746
10.330579,37132.969831,10.330579,38871.0,1738.0301689999978,4.68055794327828
10.319917,37089.173526,10.319917,38866.804688,1777.6311619999979,4.792857303099124
10.309278,37060.774194,10.309278,38740.386719,1679.612525000004,4.532049212484955
10.298661,37033.130706,10.298661,38727.667969,1694.5372629999983,4.575733216974427
10.288066,36998.79893,10.288066,38681.144531,1682.345601000001,4.547027605363407
10.277492,36979.192866,10.277492,38644.910156,1665.7172900000005,4.504471733701687
10.26694,36939.620754,10.26694,38610.273438,1670.6526839999933,4.522657920950872
10.25641,36936.89918,10.25641,38436.117188,1499.2180079999962,4.058862658432814
10.245902,36919.89646,10.245902,38396.953125,1477.0566649999964,4.000706412056921
10.235415,36872.660266,10.235415,38363.914062,1491.2537960000045,4.04433470555711
10.224949,36831.732029,10.224949,38295.878906,1464.1468769999992,3.9752322151105517
10.214505,36829.179287,10.214505,38278.410156,1449.230868999999,3.935007233548509
10.204082,36576.0637,10.204082,38269.671875,1693.6081750000012,4.6303729917224565
10.19368,36339.07698,10.19368,38200.722656,1861.645676,5.122985586630605
10.183299,36320.740101,10.183299,38127.761719,1807.0216179999989,4.975178404886763
10.17294,36259.764792,10.17294,38038.078125,1778.3133329999982,4.904370845208427
10.162602,36250.81342,10.162602,37972.613281,1721.7998609999995,4.74968614097377
10.152284,36247.515252,10.152284,37911.371094,1663.8558420000045,4.590261788794473
10.141988,36247.084484,10.141988,37911.019531,1663.935046999999,4.590534854560467
10.131712,36180.797089,10.131712,37879.757812,1698.9607230000038,4.695752608271133
10.121457,36118.839306,10.121457,37877.402344,1758.5630380000002,4.868824889696471
10.111223,36111.56273,10.111223,37876.476562,1764.9138320000056,4.887392565079406
10.10101,36091.076966,10.10101,37865.4375,1774.3605339999995,4.916341331879776
10.090817,35978.657618,10.090817,37854.382812,1875.725194000006,5.213438516565407
10.080645,35944.457139,10.080645,37748.046875,1803.5897360000017,5.0177131039297125
10.070493,35910.581498,10.070493,37736.007812,1825.426314000004,5.083254678294945
10.060362,35880.782236,10.060362,37723.015625,1842.233389000001,5.1343177996594696
10.050251,35868.780006,10.050251,37673.164062,1804.3840560000026,5.0305141565957125
10.040161,35851.506398,10.040161,37575.015625,1723.5092270000023,4.807355116035374
10.03009,35828.974677,10.03009,37573.230469,1744.2557920000036,4.8682827452489414
10.02004,35811.99988,10.02004,37570.167969,1758.1680889999989,4.909438442118075
10.01001,35782.743831,10.01001,37531.546875,1748.8030440000002,4.887280450765609
10.0,35755.737634,10.0,37528.511719,1772.7740850000046,4.958012901723164
9.99001,35635.88975,9.99001,37485.527344,1849.6375939999998,5.190378595780675
9.98004,35631.147294,9.98004,37469.390625,1838.2433309999979,5.159091049839821
9.97009,35620.670279,9.97009,37286.113281,1665.443002,4.675495966121261
9.960159,35616.873557,9.960159,37271.527344,1654.653787000003,4.645701943355451
9.950249,35568.327906,9.950249,37253.914062,1685.5861560000048,4.7390087058764
9.940358,35566.515906,9.940358,37242.644531,1676.1286249999976,4.712659034216051
9.930487,35342.210788,9.930487,37163.085938,1820.8751499999998,5.152125770859403
9.920635,35333.207236,9.920635,37091.136719,1757.929483,4.9752898774750784
9.910803,35322.556784,9.910803,37007.015625,1684.4588409999997,4.768790807813228
9.90099,35306.854254,9.90099,36886.730469,1579.8762150000039,4.474701154722715
9.891197,35241.309881,9.891197,36872.121094,1630.8112130000009,4.627555611601249
9.881423,35236.766572,9.881423,36853.847656,1617.0810839999976,4.589186924106055
9.871668,35217.267238,9.871668,36754.925781,1537.6585429999977,4.366206306152113
9.861933,35215.235345,9.861933,36736.667969,1521.432624000001,4.320381815128264
9.852217,35169.990225,9.852217,36611.707031,1441.7168059999967,4.099281224636726
9.84252,35160.192866,9.84252,36596.976562,1436.7836960000059,4.086393102210141
9.832842,35159.581155,9.832842,36571.160156,1411.5790009999982,4.014777635652407
9.823183,35132.511306,9.823183,36556.425781,1423.9144749999978,4.052982329096466
9.813543,35097.708419,9.813543,36538.085938,1440.3775189999942,4.103907587938852
9.803922,35070.388675,9.803922,36454.613281,1384.2246059999961,3.9469896351241283
9.794319,35067.783906,9.794319,36407.113281,1339.3293750000012,3.8192586637071346
9.784736,35053.04009,9.784736,36391.890625,1338.8505349999978,3.819499055039017
9.775171,35028.509994,9.775171,36369.640625,1341.130631,3.8286830676775034
9.765625,35006.391332,9.765625,36367.789062,1361.3977300000042,3.888997632142462
9.756098,34955.03401,9.756098,36337.171875,1382.137864999997,3.954045258844813
9.746589,34937.728705,9.746589,36234.578125,1296.8494199999986,3.711888173813669
9.737098,34885.553827,9.737098,36208.574219,1323.0203919999985,3.7924591897292297
9.727626,34853.359776,9.727626,36116.511719,1263.1519430000044,3.6241898947997835
9.718173,34790.037586,9.718173,36004.410156,1214.3725699999995,3.4905756195235624
9.708738,34756.19973,9.708738,35998.367188,1242.1674579999963,3.5739449872242877
9.699321,34669.847552,9.699321,35944.136719,1274.2891670000026,3.6754968855537777
9.689922,34628.384295,9.689922,35934.746094,1306.3617989999984,3.7725173310746243
9.680542,34622.913134,9.680542,35831.273438,1208.3603039999944,3.4900596010604725
9.67118,34619.314181,9.67118,35619.597656,1000.2834749999965,2.8893798120038396
9.661836,34582.970123,9.661836,35568.375,985.4048770000009,2.8493934254207978
9.65251,34557.608122,9.65251,35536.085938,978.4778159999987,2.831439642887443
9.643202,34537.847719,9.643202,35472.988281,935.1405620000005,2.70758204045691
9.633911,34509.491848,9.633911,35467.605469,958.1136210000041,2.7763770768346787
9.624639,34488.174757,9.624639,35428.722656,940.5478989999974,2.7271605575737117
9.615385,34486.978429,9.615385,35230.707031,743.7286019999956,2.1565490393168116
9.606148,34471.544003,9.606148,35184.417969,712.8739659999992,2.068007066750358
9.596929,34454.820674,9.596929,35183.378906,728.5582319999958,2.114532067641188
9.587728,34381.869248,9.587728,35181.867188,799.9979399999938,2.326801763538583
9.578544,34334.588976,9.578544,35176.992188,842.4032119999974,2.453511858227982
9.569378,34325.029038,9.569378,35140.496094,815.4670560000013,2.3757213871464673
9.560229,34124.526837,9.560229,35115.503906,990.9770690000005,2.9040023726439474
9.551098,34122.476028,9.551098,35077.019531,954.5435030000008,2.797403981518597
9.541985,34101.06774,9.541985,35005.710938,904.6431979999979,2.6528295386448155
9.532888,34090.005374,9.532888,34986.417969,896.4125950000016,2.629546652062671
9.52381,34087.138657,9.52381,34963.246094,876.1074369999988,2.5701994110323625
9.514748,34002.155245,9.514748,34928.464844,926.3095990000002,2.7242673069561185
9.505703,33712.360491,9.505703,34860.726562,1148.366071000004,3.406365066921306
9.496676,33602.701643,9.496676,34853.140625,1250.4389819999997,3.7212453786747437
9.487666,33549.685659,9.487666,34831.667969,1281.9823099999994,3.821145518411426
9.478673,33526.769776,9.478673,34687.519531,1160.749754999997,3.4621580389498634
9.469697,33509.055665,9.469697,34657.746094,1148.690429000002,3.4280000023987607
9.460738,33465.161304,9.460738,34656.03125,1190.869945999999,3.5585363990391325
9.451796,33447.458747,9.451796,34631.445312,1183.9865650000065,3.5398401234479486
9.442871,33436.84773,9.442871,34619.746094,1182.8983640000006,3.5377089776877737
9.433962,33419.091173,9.433962,34615.847656,1196.7564829999974,3.581056339338404
9.425071,33415.894746,9.425071,34570.714844,1154.8200980000038,3.4559005729997394
9.416196,33384.127819,9.416196,34479.078125,1094.9503059999988,3.2798529646679184
9.407338,33296.491724,9.407338,34332.855469,1036.3637450000024,3.1125313549264857
9.398496,33244.849553,9.398496,34269.019531,1024.169977999998,3.0806876607073637
9.389671,33230.607281,9.389671,34176.371094,945.763813000005,2.846062381594684
9.380863,33198.312916,9.380863,34166.503906,968.1909899999955,2.9163861201313446
9.372071,33173.375242,9.372071,33978.125,804.7497579999981,2.425890498417309
9.363296,33015.319293,9.363296,33948.03125,932.7119569999995,2.8250884043328206
9.354537,32968.59465,9.354537,33920.882812,952.2881620000044,2.888470594848375
9.345794,32957.410291,9.345794,33900.566406,943.156114999998,2.861742189912157
9.337068,32943.663741,9.337068,33899.015625,955.3518840000033,2.899956396807867
9.328358,32906.537095,9.328358,33879.734375,973.1972800000003,2.9574588088391507
9.319664,32885.052262,9.319664,33815.316406,930.2641440000007,2.8288358388134855
9.310987,32882.608015,9.310987,33763.550781,880.9427660000001,2.6790538195697313
9.302326,32856.963375,9.302326,33757.960938,900.9975629999972,2.7421814752532567
9.29368,32840.856105,9.29368,33573.480469,732.624364000003,2.2308321124687778
9.285051,32793.270285,9.285051,33563.449219,770.1789340000032,2.3485883759275192
9.276438,32761.427597,9.276438,33515.269531,753.8419339999964,2.3010045327482205
9.267841,32721.138823,9.267841,33386.480469,665.3416460000008,2.0333694667507283
9.259259,32719.569283,9.259259,33210.417969,490.8486860000012,1.500168543645927
9.250694,32686.934267,9.250694,33151.734375,464.80010799999945,1.4219752277877318
9.242144,32615.901184,9.242144,33120.421875,504.52069100000153,1.5468549777416494
9.23361,32593.917867,9.23361,33092.082031,498.164163999998,1.528396083075268
9.225092,32554.843243,9.225092,33059.273438,504.4301949999972,1.5494781874228827
9.21659,32343.58146,9.21659,33001.578125,657.9966649999988,2.034396425187969
9.208103,32306.615547,9.208103,32965.835938,659.2203909999953,2.040512074194075
9.199632,32295.934329,9.199632,32940.828125,644.8937960000003,1.9968265647014292
9.191176,32275.389273,9.191176,32849.152344,573.7630710000012,1.7777107694870877
9.182736,32244.509875,9.182736,32787.214844,542.7049690000022,1.683092629113818
9.174312,32092.123,9.174312,32740.099609,647.9766090000012,2.0191141888618627
9.165903,32079.910519,9.165903,32722.546875,642.6363559999991,2.0032361238021044
9.157509,32003.22125,9.157509,32677.171875,673.9506250000013,2.1058837163149673
9.149131,31936.224754,9.149131,32637.183594,700.9588399999993,2.1948707005896324
9.140768,31789.564564,9.140768,32618.984375,829.4198109999998,2.6090945955871123
9.13242,31752.909615,9.13242,32618.984375,866.0747599999995,2.727544563635415
9.124088,31644.266765,9.124088,32556.050781,911.7840160000014,2.8813561166425132
9.11577,31641.370081,9.11577,32546.958984,905.5889029999998,2.8620407418570903
9.107468,31606.324053,9.107468,32522.234375,915.9103219999997,2.897870440308491
9.099181,31571.232235,9.099181,32461.779297,890.5470620000015,2.820754842165259
9.090909,31568.888926,9.090909,32284.357422,715.4684960000013,2.266372116158781
9.082652,31544.49296,9.082652,32269.990234,725.4972740000012,2.299917373596615
9.07441,31544.290449,9.07441,32258.199219,713.9087699999982,2.2631948914946354
9.066183,31539.52518,9.066183,32037.169922,497.6447420000004,1.5778447492785002
9.057971,31520.079548,9.057971,32026.576172,506.49662399999943,1.6069014776079062
9.049774,31484.075753,9.049774,31997.146484,513.0707309999998,1.6296197958141148
9.041591,31387.141679,9.041591,31977.013672,589.8719930000007,1.8793428182556127
9.033424,31385.381396,9.033424,31901.904297,516.5229010000003,1.6457435851514934
9.025271,31376.380799,9.025271,31874.835938,498.4551390000015,1.5886317233117206
9.017133,31314.19213,9.017133,31856.691406,542.4992760000023,1.7324389968223723
9.009009,31282.742793,9.009009,31854.609375,571.8665819999987,1.8280576795458061
9.0009,31251.678168,9.0009,31852.072266,600.3940980000007,1.9211579447748546
8.992806,31236.483771,8.992806,31847.011719,610.527947999999,1.9545348076815678
8.984726,31229.946239,8.984726,31840.681641,610.7354019999984,1.955608240008147
8.976661,31191.259692,8.976661,31825.488281,634.2285890000021,2.033353558858254
8.96861,31161.700834,8.96861,31812.818359,651.1175250000015,2.089480059090928
8.960573,31151.126436,8.960573,31791.265625,640.1391890000014,2.054947163195423
8.952551,31103.349361,8.952551,31768.103516,664.7541549999987,2.137242993622814
8.944544,31061.858348,8.944544,31766.882812,705.0244639999983,2.26974334922686
8.93655,30953.640067,8.93655,31754.453125,800.8130579999997,2.587136945013956
8.928571,30935.329467,8.928571,31684.439453,749.1099859999995,2.4215355029565995
8.920607,30888.748548,8.920607,31634.757812,746.0092640000003,2.41514887804771
8.912656,30791.5057,8.912656,31575.931641,784.4259409999977,2.5475400542039672
8.90472,30768.354282,8.90472,31565.734375,797.3800929999998,2.591559124975626
8.896797,30732.637224,8.896797,31531.152344,798.51512,2.5982642302379984
8.888889,30670.160808,8.888889,31499.066406,828.9055980000012,2.7026450992190085
8.880995,30663.474031,8.880995,31495.238281,831.7642500000002,2.71255712630313
8.873114,30657.290448,8.873114,31411.666016,754.3755679999995,2.4606726719034393
8.865248,30599.943433,8.865248,31388.474609,788.5311760000004,2.5769040316251766
8.857396,30527.726611,8.857396,31385.896484,858.1698730000026,2.8111162155480645
8.849558,30524.575061,8.849558,31367.841797,843.2667360000014,2.762583047642189
8.841733,30511.860113,8.841733,31248.482422,736.6223090000021,2.4142163285749794
8.833922,30495.987408,8.833922,31247.580078,751.5926699999982,2.4645625011073853
8.826125,30480.392883,8.826125,31216.808594,736.4157109999978,2.4160309016578427
8.818342,30479.918838,8.818342,31198.277344,718.3585059999969,2.3568255211506766
8.810573,30478.487678,8.810573,31180.074219,701.5865409999969,2.3019073269387196
8.802817,30478.303622,8.802817,31165.791016,687.4873939999998,2.25566160940714
8.795075,30439.601804,8.795075,31164.490234,724.8884299999991,2.381399187372888
8.787346,30348.985438,8.787346,31108.841797,759.8563590000012,2.5037290309170737
8.779631,30326.907032,8.779631,31092.195312,765.2882800000007,2.523463006604968
8.77193,30326.062096,8.77193,31091.564453,765.5023569999976,2.524239232171747
8.764242,30304.887483,8.764242,31073.300781,768.4132980000031,2.535608483717541
8.756567,30292.882048,8.756567,30985.353516,692.4714679999997,2.285921382134448
8.748906,30248.233506,8.748906,30926.037109,677.8036030000003,2.2408039228656182
8.741259,30230.392548,8.741259,30903.089844,672.6972959999985,2.225235067430519
8.733624,30218.641356,8.733624,30879.433594,660.7922379999982,2.186703995773112
8.726003,30217.524482,8.726003,30867.597656,650.073174000001,2.1513118137365526
8.718396,30210.152379,8.718396,30824.154297,614.0019180000018,2.032435686841531
8.710801,30208.612628,8.710801,30751.587891,542.9752630000003,1.7974187351349031
8.70322,30184.044442,8.70322,30702.701172,518.6567300000024,1.7183142272289742
8.695652,30173.038834,8.695652,30664.242188,491.2033540000011,1.6279545348494917
8.688097,30070.05776,8.688097,30649.6875,579.6297400000003,1.927597694112312
8.680556,30053.751988,8.680556,30645.193359,591.4413710000008,1.9679452044328916
8.673027,30012.423059,8.673027,30642.667969,630.2449099999976,2.099946774577411
8.665511,29988.684102,8.665511,30611.164062,622.4799600000006,2.0757161530755073
8.658009,29920.999249,8.658009,30591.941406,670.9421570000013,2.2423788437561125
8.650519,29896.464496,8.650519,30579.267578,682.8030819999985,2.2838924050412523
8.643042,29830.155402,8.643042,30543.558594,713.403191999998,2.391550370375097
8.635579,29812.564276,8.635579,30534.013672,721.449396,2.4199508278487407
8.628128,29789.836087,8.628128,30502.023438,712.1873510000005,2.3907058398041747
8.62069,29787.829293,8.62069,30367.009766,579.1804730000003,1.9443527331348884
8.613264,29752.788259,8.613264,30349.548828,596.7605689999982,2.005729895985404
8.605852,29750.946112,8.605852,30283.746094,532.7999819999968,1.7908673559295405
8.598452,29745.379812,8.598452,30274.332031,528.9522190000025,1.7782668177146976
8.591065,29744.90926,8.591065,30274.332031,529.4227710000014,1.779876907245947
8.583691,29736.208892,8.583691,30268.951172,532.7422800000022,1.7915608608174902
8.576329,29729.757869,8.576329,30266.259766,536.5018969999983,1.8045955818544452
8.56898,29680.553757,8.56898,30264.916016,584.3622589999977,1.9688388019451255
8.561644,29635.29327,8.561644,30225.867188,590.5739180000019,1.9928060526326685
8.55432,29609.927094,8.55432,30206.996094,597.0689999999995,2.0164487339146016
8.547009,29603.992194,8.547009,30181.365234,577.3730400000022,1.9503215519595414
8.53971,29592.604008,8.53971,30135.101562,542.4975540000014,1.833220063544742
8.532423,29572.077196,8.532423,30117.859375,545.7821790000016,1.8455997371528088
8.525149,29552.319165,8.525149,30065.050781,512.7316160000009,1.7349962049924312
8.517888,29463.132151,8.517888,30051.492188,588.3600369999986,1.996936489931296
8.510638,29458.882522,8.510638,30039.285156,580.4026340000019,1.9702126635881556
8.503401,29448.794549,8.503401,30035.695312,586.9007630000015,1.9929534365946773
8.496177,29350.27203,8.496177,29975.449219,625.1771889999982,2.1300558589745995
8.488964,29158.922293,8.488964,29905.693359,746.7710660000012,2.5610379509097077
8.481764,29113.654886,8.481764,29889.9375,776.2826139999997,2.6663866733313992
8.474576,29009.620799,8.474576,29885.556641,875.935841999999,3.0194667075075783
8.467401,28956.636425,8.467401,29833.667969,877.0315439999977,3.0287756185756565
8.460237,28901.970337,8.460237,29784.419922,882.4495850000021,3.053250607867033
8.453085,28901.043046,8.453085,29784.419922,883.3768760000021,3.0565570750992825
8.445946,28817.622455,8.445946,29767.380859,949.7584040000002,3.2957555935889236
8.438819,28769.833391,8.438819,29744.685547,974.8521560000008,3.388452559843331
8.431703,28622.464183,8.431703,29677.417969,1054.9537859999982,3.685754585122606
8.4246,28616.380582,8.4246,29608.613281,992.2326990000001,3.4673591796725147
8.417508,28515.053051,8.417508,29585.181641,1070.1285900000003,3.7528549853512256
8.410429,28501.54787,8.410429,29584.839844,1083.2919739999998,3.800818043079847
8.403361,28490.872033,8.403361,29578.646484,1087.7744510000011,3.8179752790299624
8.396306,28439.539237,8.396306,29576.974609,1137.435372,3.9994859358346777
8.389262,28412.226614,8.389262,29567.25,1155.0233860000008,4.065233611190712
8.38223,28378.489147,8.38223,29550.6875,1172.1983529999998,4.13058759727495
8.375209,28373.101884,8.375209,29541.021484,1167.919600000001,4.116291566480462
8.368201,28330.052464,8.368201,29527.207031,1197.1545670000014,4.225740734230083
8.361204,28313.862241,8.361204,29520.296875,1206.434634000001,4.260932767600383
8.354219,28293.753622,8.354219,29498.175781,1204.4221590000016,4.256848260894923
8.347245,28239.022904,8.347245,29489.875,1250.8520959999987,4.429516206181546
8.340284,28238.484541,8.340284,29453.878906,1215.394365,4.304035378511002
8.333333,28202.756336,8.333333,29397.023438,1194.2671020000016,4.234575825752018
8.326395,28196.777864,8.326395,29378.972656,1182.194792000002,4.192659167306345
8.319468,28142.411513,8.319468,29312.224609,1169.8130960000017,4.156762100716289
8.312552,28124.896454,8.312552,29295.513672,1170.6172179999994,4.162209876628758
8.305648,28071.584921,8.305648,29224.744141,1153.1592199999977,4.107923450867691
8.298755,28058.844786,8.298755,29188.050781,1129.2059950000003,4.024420832761509
8.291874,28025.057434,8.291874,29110.445312,1085.3878780000014,3.8729193706600897
8.285004,27990.457552,8.285004,29025.535156,1035.0776040000019,3.6979660017241933
8.278146,27976.885125,8.278146,28940.880859,963.9957340000001,3.445686428967671
8.271299,27971.910815,8.271299,28859.896484,887.9856690000015,3.1745620628956717
8.264463,27885.178079,8.264463,28817.980469,932.8023899999971,3.3451548609706734
8.257638,27863.325459,8.257638,28779.722656,916.397197000002,3.288901026363316
8.250825,27836.57396,8.250825,28774.050781,937.4768210000002,3.3677880846512056
8.244023,27809.464579,8.244023,28751.351562,941.8869830000003,3.3869295840785645
8.237232,27777.280191,8.237232,28748.513672,971.2334809999993,3.496503164894756
8.230453,27733.177696,8.230453,28693.107422,959.9297260000021,3.461304494286114
8.223684,27716.498644,8.223684,28678.279297,961.7806530000016,3.470065484653869
8.216927,27706.956677,8.216927,28663.230469,956.273792,3.45138516347347
8.210181,27674.658252,8.210181,28631.898438,957.2401859999991,3.4589051734028944
8.203445,27645.450225,8.203445,28604.166016,958.7157909999987,3.467897188134865
8.196721,27527.40236,8.196721,28587.693359,1060.2909990000007,3.851765543052863
8.190008,27515.508863,8.190008,28502.511719,987.0028559999992,3.587078330676334
8.183306,27509.039484,8.183306,28469.015625,959.9761409999992,3.4896752449621053
8.176615,27503.127214,8.176615,28441.40625,938.2790359999999,3.411535818088297
8.169935,27479.520102,8.169935,28411.103516,931.5834140000006,3.3901007388123876
8.163265,27471.421716,8.163265,28400.167969,928.7462529999975,3.3807724354472484
8.156607,27444.71348,8.156607,28398.732422,954.0189420000024,3.4761483033708194
8.149959,27430.714414,8.149959,28375.746094,945.03168,3.4451588308530448
8.143322,27398.356639,8.143322,28283.826172,885.4695329999995,3.23183446608467
8.136697,27373.287661,8.136697,28214.416016,841.1283550000007,3.0728072032004965
8.130081,27368.916732,8.130081,28142.310547,773.3938149999994,2.8258108370644424
8.123477,27347.345959,8.123477,28076.804688,729.4587290000018,2.6673839943869844
8.116883,27341.502358,8.116883,28076.308594,734.8062359999967,2.6875122894810337
8.1103,27329.033873,8.1103,28063.742188,734.7083149999999,2.688380125013722
8.103728,27271.95103,8.103728,28021.609375,749.6583449999998,2.74882550271285
8.097166,27254.651471,8.097166,28007.863281,753.2118100000007,2.7636082993079074
8.090615,27206.137395,8.090615,27991.064453,784.9270579999975,2.88511024774966
8.084074,27174.509727,8.084074,27944.626953,770.1172259999985,2.8339691635165978
8.077544,27156.081448,8.077544,27928.048828,771.9673799999982,2.8427053493642114
8.071025,27153.295342,8.071025,27924.048828,770.7534859999978,2.8385265077120003
8.064516,27151.909306,8.064516,27922.591797,770.6824909999996,2.83840993395516
8.058018,27115.89877,8.058018,27919.673828,803.7750579999993,2.9642206028931835
8.05153,27080.633646,8.05153,27919.654297,839.0206510000025,3.0982312377462846
8.045052,27015.467711,8.045052,27801.302734,785.8350229999996,2.908833677826825
8.038585,27001.501926,8.038585,27784.542969,783.0410429999974,2.899990693651007
8.032129,26984.672906,8.032129,27710.353516,725.6806099999994,2.6892325600087057
8.025682,26964.20968,8.025682,27664.837891,700.6282109999993,2.598363606108849
8.019246,26956.208804,8.019246,27622.164062,665.9552579999981,2.4705078627420995
8.012821,26899.753789,8.012821,27616.273438,716.5196490000017,2.663666197915183
8.006405,26881.068149,8.006405,27596.953125,715.8849760000012,2.6631567318378035
8.0,26849.507011,8.0,27532.212891,682.7058799999977,2.5427129061263556
7.993605,26832.207348,7.993605,27520.853516,688.6461679999993,2.5664909303532535
7.98722,26795.970281,7.98722,27502.398438,706.4281569999985,2.636322363370061
7.980846,26777.91369,7.980846,27422.748047,644.8343569999997,2.408082886759053
7.974482,26695.34287,7.974482,27409.410156,714.0672860000013,2.6748758743326126
7.968127,26690.438286,7.968127,27361.9375,671.4992139999995,2.515879307805232
7.961783,26661.668778,7.961783,27353.029297,691.3605190000017,2.593087944931943
7.955449,26641.562391,7.955449,27289.109375,647.5469840000005,2.4305893719609837
7.949126,26621.846256,7.949126,27262.085938,640.2396819999994,2.404940949036181
7.942812,26620.585739,7.942812,27223.572266,602.9865270000009,2.265113671471949
7.936508,26578.906077,7.936508,27189.259766,610.3536889999996,2.296383783560483
7.930214,26557.45779,7.930214,27183.289062,625.8312719999994,2.3565179956179816
7.92393,26509.403799,7.92393,27168.511719,659.1079199999986,2.486317402675279
7.917656,26438.216368,7.917656,27102.574219,664.357850999997,2.5128694074994984
7.911392,26426.174688,7.911392,27031.919922,605.7452340000018,2.292216868887451
7.905138,26421.331974,7.905138,26981.125,559.7930259999994,2.118716144026598
7.898894,26415.567848,7.898894,26920.984375,505.4165270000012,1.9133282688006565
7.89266,26413.423392,7.89266,26887.859375,474.4359829999994,1.7961927008056624
7.886435,26395.763678,7.886435,26879.117188,483.3535100000008,1.8311783508005115
7.880221,26327.800818,7.880221,26842.634766,514.8339479999995,1.9554764621586385
7.874016,26296.621372,7.874016,26820.0,523.3786279999986,1.99028848838079
7.867821,26249.84815,7.867821,26815.470703,565.6225529999974,2.154765047659894
7.861635,26063.565684,7.861635,26775.605469,712.0397849999972,2.731935429069503
7.85546,26049.890305,7.85546,26759.5625,709.6721949999992,2.724280934356891
7.849294,26045.245975,7.849294,26642.910156,597.6641810000001,2.294715056919327
7.843137,26029.45166,7.843137,26610.769531,581.3178710000029,2.233308171809574
7.836991,26007.104016,7.836991,26591.105469,584.0014529999971,2.2455458810050892
7.830854,25988.925125,7.830854,26519.226562,530.3014369999983,2.040490072018699
7.824726,25981.177884,7.824726,26437.400391,456.2225069999986,1.755973147318137
7.818608,25970.931266,7.818608,26351.78125,380.8499840000004,1.466447160093148
7.8125,25941.086116,7.8125,26269.015625,327.9295090000014,1.2641317619995116
7.806401,25932.282663,7.806401,26250.957031,318.67436799999996,1.2288712572714715
7.800312,25913.764508,7.800312,26224.578125,310.8136169999998,1.199415148285563
7.794232,25805.58829,7.794232,26161.425781,355.83749100000205,1.378916407567014
7.788162,25796.869265,7.788162,26053.628906,256.75964100000056,0.9953131845667805
7.782101,25768.51429,7.782101,25988.949219,220.4349289999991,0.8554429119165143
7.77605,25759.857524,7.77605,25979.289062,219.43153800000073,0.8518352160743136
7.770008,25709.331385,7.770008,25866.128906,156.79752100000042,0.6098856428895045
7.763975,25694.413797,7.763975,25842.830078,148.41628099999798,0.5776208096147599
7.757952,25690.6115,7.757952,25799.298828,108.68732799999998,0.42306244053396697
7.751938,25669.672107,7.751938,25777.513672,107.84156500000245,0.42011274842343843
7.745933,25648.818175,7.745933,25741.691406,92.8732310000014,0.36209555686478095
7.739938,25611.989165,7.739938,25741.691406,129.7022410000027,0.5064122125166559
7.733952,25603.112281,7.733952,25732.341797,129.22951599999942,0.5047414337041372
7.727975,25588.391288,7.727975,25707.394531,119.00324300000284,0.4650673098617611
7.722008,25580.446127,7.722008,25616.810547,36.3644200000017,0.14215709850978434
7.716049,25468.445122,7.716049,25610.554688,142.10956599999918,0.557982889490348
7.7101,25465.730429,7.7101,25522.857422,57.126993000001676,0.22432890020286358
7.70416,25464.47789,7.70416,25522.857422,58.379532000002655,0.2292587040354302
7.698229,25422.011167,7.698229,25513.447266,91.43609899999865,0.35967295584658826
7.692308,25418.385219,7.692308,25502.466797,84.08157800000117,0.33079039945130345
7.686395,25403.752565,7.686395,25496.634766,92.88220100000035,0.36562393985827407
7.680492,25361.884658,7.680492,25459.9375,98.05284200000096,0.3866149669956478
7.674597,25360.122296,7.674597,25449.083984,88.96168799999941,0.35079360801833026
7.668712,25349.941159,7.668712,25406.771484,56.83032499999899,0.22418326197898292
7.662835,25313.843916,7.662835,25405.236328,91.39241199999742,0.36103727392516416
7.656968,25312.508461,7.656968,25387.990234,75.48177299999952,0.2981994973603558
7.651109,25271.02887,7.651109,25380.277344,109.24847399999999,0.4323071868660328
7.64526,25169.869057,7.64526,25372.634766,202.76570899999933,0.8055890499104845
7.639419,25137.95614,7.639419,25340.503906,202.54776600000332,0.80574476648762
7.633588,25077.416805,7.633588,25301.333984,223.91717900000003,0.8929036859783533
7.627765,25075.277484,7.627765,25297.923828,222.64634400000068,0.8879117853912747
7.621951,25058.939071,7.621951,25212.953125,154.0140539999993,0.6146072408078737
7.616146,25056.74296,7.616146,25182.548828,125.80586799999946,0.5020838829724719
7.61035,25053.153329,7.61035,25174.632812,121.47948299999916,0.4848869976753861
7.604563,25034.510903,7.604563,25114.416016,79.90511300000071,0.3191798446137221
7.598784,25011.401795,7.598784,25055.322266,43.92047099999763,0.17560179697236208
7.593014,24969.82667,7.593014,25042.974609,73.14793900000222,0.2929453214342326
7.587253,24886.323693,7.587253,25030.855469,144.5317759999998,0.5807678859399131
7.581501,24861.520519,7.581501,24906.048828,44.528308999997535,0.1791053325397677
7.575758,24853.586267,7.575758,24892.832031,39.245764000002964,0.15790785111810024
7.570023,24822.422368,7.570023,24801.453125,20.96924299999955,0.08447702117514605
7.564297,24698.129391,7.564297,24789.416016,91.28662500000064,0.36960946942510353
7.558579,24697.212577,7.558579,24783.013672,85.80109500000253,0.3474120600958317
7.55287,24630.389887,7.55287,24779.8125,149.42261299999882,0.6066595522260269
7.54717,24620.57089,7.54717,24745.748047,125.1771570000019,0.5084250790092134
7.541478,24585.588105,7.541478,24742.978516,157.3904110000003,0.6401734639326836
7.535795,24578.785253,7.535795,24717.333984,138.5487310000026,0.5636923451418
7.53012,24531.177756,7.53012,24670.806641,139.62888499999826,0.569189487715676
7.524454,24493.52201,7.524454,24640.291016,146.76900599999863,0.5992156045997674
7.518797,24473.348401,7.518797,24637.076172,163.72777100000167,0.6690043729092323
7.513148,24461.694484,7.513148,24606.533203,144.8387189999994,0.5921041941503116
7.507508,24456.794548,7.507508,24497.013672,40.21912399999928,0.1644496948325073
7.501875,24454.329145,7.501875,24475.951172,21.622027000001253,0.08841799287069035
7.496252,24453.497356,7.496252,24459.896484,6.399128000000928,0.026168559477774717
7.490637,24441.036664,7.490637,24446.976562,5.9398980000005395,0.024302970784989695
7.48503,24419.511068,7.48503,24430.822266,11.311197999999422,0.04632032954509858
7.479432,24415.425657,7.479432,24427.726562,12.300905000000057,0.05038169382262373
7.473842,24406.963002,7.473842,24377.462891,29.500111000001198,0.12086760240339549
7.46826,24406.595285,7.46826,24372.607422,33.98786299999847,0.13925687955700647
7.462687,24356.766079,7.462687,24280.248047,76.51803199999995,0.31415513763944436
7.457122,24321.644612,7.457122,24117.0,204.64461200000005,0.8414094328926709
7.451565,24317.413935,7.451565,23947.833984,369.5799509999997,1.5198160132811824
7.446016,24305.555502,7.446016,23941.355469,364.200033000001,1.4984229962159579
7.440476,24277.963749,7.440476,23940.71875,337.24499899999864,1.3890991950010207
7.434944,24242.935618,7.434944,23921.638672,321.29694599999857,1.3253219455874832
7.429421,24231.00842,7.429421,23889.863281,341.14513899999656,1.4078866759768003
7.423905,24230.34089,7.423905,23834.740234,395.6006559999987,1.6326664894890743
7.418398,24229.231494,7.418398,23773.957031,455.2744629999979,1.879029729493235
7.412898,24220.686119,7.412898,23765.736328,454.94979100000273,1.8783522017698573
7.407407,24190.311333,7.407407,23709.785156,480.52617699999973,1.9864406471878446
7.401925,24168.361538,7.401925,23699.904297,468.45724100000007,1.9383078172818753
7.39645,24125.033229,7.39645,23691.667969,433.3652600000023,1.7963302097303082
7.390983,24047.392327,7.390983,23638.910156,408.48217099999965,1.698654745784485
7.385524,24045.565721,7.385524,23637.259766,408.3059549999998,1.698050941024062
7.380074,23989.020769,7.380074,23625.708984,363.31178499999805,1.5144919357003956
7.374631,23917.749144,7.374631,23610.863281,306.8858629999995,1.2830883924417478
7.369197,23914.802051,7.369197,23581.123047,333.6790039999978,1.395282316317751
7.36377,23908.92253,7.36377,23557.382812,351.539718,1.4703285669143034
7.358352,23890.716875,7.358352,23546.990234,343.72664099999747,1.4387456131954077
7.352941,23847.131588,7.352941,23539.099609,308.0319789999994,1.2916940465703752
7.347539,23817.948908,7.347539,23508.355469,309.5934390000002,1.2998324926963531
7.342144,23796.932677,7.342144,23505.044922,291.88775499999974,1.2265772188451518
7.336757,23784.14652,7.336757,23452.035156,332.1113639999967,1.3963560295120345
7.331378,23783.380173,7.331378,23442.136719,341.2434540000031,1.4347979619288873
7.326007,23723.419332,7.326007,23438.769531,284.64980099999957,1.1998683537833927
7.320644,23714.209054,7.320644,23397.714844,316.49421000000075,1.3346184529254457
7.315289,23652.884241,7.315289,23304.697266,348.18697500000053,1.4720698391465168
7.309942,23625.123937,7.309942,23190.90625,434.2176870000003,1.8379488215930975
7.304602,23601.711511,7.304602,23187.568359,414.14315200000055,1.7547166094585203
7.29927,23599.322429,7.29927,23168.914062,430.408367,1.823816629883802
7.293946,23542.456822,7.293946,23011.949219,530.5076030000018,2.2534079897058668
7.28863,23518.28142,7.28863,22996.859375,521.4220449999993,2.217092463893135
7.283321,23495.502768,7.283321,22975.320312,520.1824559999986,2.2139660561274215
7.27802,23489.460129,7.27802,22926.367188,563.092940999999,2.3972153378902332
7.272727,23461.497503,7.272727,22904.478516,557.0189869999995,2.3741834336396215
7.267442,23418.869181,7.267442,22877.623047,541.2461339999973,2.3111540092598344
7.262164,23409.638352,7.262164,22842.287109,567.351243000001,2.423579700245687
7.256894,23401.130987,7.256894,22767.373047,633.7579399999995,2.7082363683707005
7.251632,23341.508382,7.251632,22762.199219,579.3091630000017,2.481884004748985
7.246377,23333.818094,7.246377,22735.275391,598.5427029999992,2.5651297211145523
7.24113,23281.814919,7.24113,22732.720703,549.0942160000013,2.3584682633650367
7.23589,23268.946831,7.23589,22693.140625,575.8062060000011,2.4745692625541804
7.230658,23264.790574,7.230658,22688.8125,575.9780739999987,2.4757500918305873
7.225434,23256.894928,7.225434,22683.742188,573.1527400000014,2.4644422300328555
7.220217,23230.682711,7.220217,22651.369141,579.3135700000021,2.493743198195765
7.215007,23228.618316,7.215007,22651.365234,577.2530819999993,2.4850943527811302
7.209805,23206.618271,7.209805,22617.78125,588.8370209999994,2.537366772373878
7.204611,23174.240702,7.204611,22541.537109,632.7035929999984,2.730202042586855
7.199424,23156.470621,7.199424,22541.537109,614.9335119999996,2.6555580168695156
7.194245,23144.522104,7.194245,22521.181641,623.3404630000005,2.6932526850155627
7.189073,23104.507002,7.189073,22521.181641,583.3253609999992,2.524725418073213
7.183908,23102.962678,7.183908,22424.355469,678.6072090000016,2.937316821475071
7.178751,23095.02764,7.178751,22419.867188,675.1604520000001,2.923401792473456
7.173601,23042.19809,7.173601,22417.552734,624.6453560000009,2.7108757313873126
7.168459,23002.150085,7.168459,22402.240234,599.9098510000003,2.608059893458435
7.163324,23000.003858,7.163324,22344.34375,655.660108,2.850695643565922
7.158196,22994.687626,7.158196,22296.603516,698.0841099999998,3.035849502955104
7.153076,22969.065698,7.153076,22274.980469,694.0852290000003,3.021826129655926
7.147963,22968.178385,7.147963,22267.591797,700.5865879999983,3.0502488105784464
7.142857,22904.293422,7.142857,22267.591797,636.7016249999979,2.7798352617524285
7.137759,22893.087772,7.137759,22262.470703,630.6170689999999,2.754617792411965
7.132668,22861.694124,7.132668,22170.167969,691.5261550000032,3.0248246313209366
7.127584,22819.269408,7.127584,22135.929688,683.3397199999999,2.9945731731465255
7.122507,22803.125226,7.122507,22129.599609,673.5256169999993,2.9536548623258407
7.117438,22767.545989,7.117438,22036.480469,731.0655200000001,3.210998323460991
7.112376,22761.423473,7.112376,21966.039062,795.3844109999991,3.494440547373929
7.107321,22755.788054,7.107321,21928.191406,827.5966479999988,3.6368621734219584
7.102273,22742.947983,7.102273,21907.533203,835.4147799999992,3.673291521505738
7.097232,22626.971908,7.097232,21871.300781,755.6711269999978,3.339691807072172
7.092199,22616.801818,7.092199,21826.523438,790.2783799999997,3.49420924478828
7.087172,22541.354268,7.087172,21784.726562,756.6277059999993,3.356620445268091
7.082153,22507.022668,7.082153,21781.642578,725.3800900000024,3.222905582404429
7.077141,22505.81516,7.077141,21745.669922,760.1452379999973,3.3775503468588757
7.072136,22492.523616,7.072136,21700.390625,792.1329909999986,3.521761295102151
7.067138,22476.891348,7.067138,21658.876953,818.014395000002,3.639357339656265
7.062147,22433.423175,7.062147,21618.984375,814.4387999999999,3.630470453156777
7.057163,22389.195661,7.057163,21562.935547,826.2601140000006,3.690441257964763
7.052186,22356.657918,7.052186,21556.869141,799.7887770000016,3.577407588976294
7.047216,22355.596854,7.047216,21535.685547,819.9113069999985,3.6675885343374093
7.042254,22305.220611,7.042254,21513.097656,792.1229549999989,3.551289488745774
7.037298,22292.92775,7.037298,21505.695312,787.2324379999991,3.5313102290927185
7.032349,22183.231378,7.032349,21478.666016,704.5653620000012,3.1761169055773677
7.027407,22171.457679,7.027407,21450.388672,721.0690069999982,3.2522399629275105
7.022472,22074.910341,7.022472,21441.779297,633.1310439999979,2.868102448525356
7.017544,22072.924703,7.017544,21361.625,711.2997030000006,3.2224986610103623
7.012623,21986.818585,7.012623,21279.572266,707.2463190000017,3.2166832880610756
7.007708,21983.062902,7.007708,21234.951172,748.1117300000005,3.4031278231566993
7.002801,21934.219058,7.002801,21221.623047,712.5960109999978,3.248786788878608
6.997901,21924.69039,6.997901,21160.583984,764.106405999999,3.485141146387696
6.993007,21918.948607,6.993007,21085.173828,833.7747789999994,3.8038995115565286
6.98812,21914.173772,6.98812,21083.419922,830.7538499999973,3.7909430610679076
6.98324,21839.78852,6.98324,21074.640625,765.1478949999982,3.5034583521690545
6.978367,21838.479875,6.978367,21036.0,802.4798750000009,3.674614165423915
6.973501,21837.410348,6.973501,21032.484375,804.9259730000012,3.6859955469661316
6.968641,21833.985541,6.968641,21028.970703,805.0148379999991,3.6869807231865073
6.963788,21675.388646,6.963788,20955.09375,720.2948959999994,3.323100257918206
6.958942,21641.130661,6.958942,20953.332031,687.7986299999975,3.1782009950131482
6.954103,21621.450522,6.954103,20921.632812,699.8177099999994,3.236682521775906
6.94927,21600.749626,6.94927,20918.107422,682.6422039999998,3.1602708971652045
6.944444,21599.163016,6.944444,20833.455078,765.7079379999996,3.5450815266905784
6.939625,21526.367799,6.939625,20766.322266,760.0455330000004,3.5307653390336853
6.934813,21492.294005,6.934813,20743.382812,748.9111929999999,3.484556803595615
6.930007,21486.526494,6.930007,20698.902344,787.6241500000033,3.6656653192406097
6.925208,21456.023667,6.925208,20653.025391,802.9982760000021,3.742530715209068
6.920415,21446.469343,6.920415,20608.691406,837.7779369999989,3.9063676337636646
6.915629,21345.714892,6.915629,20512.908203,832.8066890000009,3.9015169705659396
6.91085,21311.931162,6.91085,20498.552734,813.378428,3.816540236627102
6.906077,21265.377816,6.906077,20373.339844,892.0379720000019,4.194790140661576
6.901311,21252.226005,6.901311,20363.175781,889.0502239999987,4.1833275431516315
6.896552,21225.987026,6.896552,20352.470703,873.5163229999998,4.115315447663366
6.891799,21225.070674,6.891799,20331.287109,893.7835649999979,4.210980395437989
6.887052,21210.866743,6.887052,20279.25,931.6167429999987,4.392167252229099
6.882312,21170.450864,6.882312,20229.179688,941.2711759999984,4.446155549764954
6.877579,21170.016509,6.877579,20222.021484,947.9950250000002,4.478007962804278
6.872852,21125.143414,6.872852,20114.523438,1010.6199759999981,4.783967408856703
6.868132,21105.604175,6.868132,20068.886719,1036.7174560000021,4.912048228536448
6.863418,21096.665053,6.863418,19995.982422,1100.6826309999997,5.217329981941765
6.858711,21042.589437,6.858711,19985.191406,1057.398030999997,5.025037598940809
6.85401,21019.695096,6.85401,19946.5625,1073.1325959999995,5.10536709071586
6.849315,20977.742077,6.849315,19943.800781,1033.9412959999972,4.928753972686177
6.844627,20915.043789,6.844627,19904.306641,1010.7371480000002,4.832584421991908
6.839945,20897.784546,6.839945,19884.347656,1013.4368899999972,4.84949439386376
6.83527,20881.270272,6.83527,19882.544922,998.7253500000006,4.782876410249839
6.830601,20872.050025,6.830601,19850.082031,1021.9679939999987,4.896346994070597
6.825939,20854.53017,6.825939,19821.208984,1033.321186000001,4.954900338567546
6.821282,20847.82313,6.821282,19769.472656,1078.350473999999,5.172484759083808
6.816633,20831.3796,6.816633,19724.53125,1106.8483500000002,5.313370363622005
6.811989,20824.223193,6.811989,19613.144531,1211.078662,5.815720715129006
6.807352,20774.462643,6.807352,19509.671875,1264.790767999999,6.088199679264258
6.802721,20735.599161,6.802721,19433.28125,1302.3179109999983,6.280589728265139
6.798097,20734.038345,6.798097,19378.642578,1355.3957670000018,6.53705633435782
6.793478,20693.900203,6.793478,19364.060547,1329.839656,6.426239824077304
6.788866,20672.423162,6.788866,19336.708984,1335.7141779999984,6.461333378930173
6.784261,20612.818893,6.784261,19334.884766,1277.9341270000004,6.19970579295188
6.779661,20585.192114,6.779661,19330.634766,1254.557348000002,6.094465094385866
6.775068,20554.62685,6.775068,19305.691406,1248.9354439999988,6.076176683304755
6.770481,20528.926733,6.770481,19264.308594,1264.618139000002,6.1601765910496615
6.7659,20517.92244,6.7659,19217.007812,1300.9146279999986,6.340381838386551
6.761325,20508.871642,6.761325,19131.980469,1376.891173,6.7136368935103805
6.756757,20472.925755,6.756757,19131.980469,1340.945286000002,6.549846866281482
6.752194,20430.030178,6.752194,19102.662109,1327.368069,6.497141988705289
6.747638,20407.415439,6.747638,19083.761719,1323.653720000002,6.486140902832835
6.743088,20402.969823,6.743088,19067.822266,1335.1475570000002,6.543888309313216
6.738544,20369.745772,6.738544,19065.988281,1303.7574909999967,6.400460298292606
6.734007,20364.582691,6.734007,19053.652344,1310.9303470000013,6.437305231790283
6.729475,20306.34201,6.729475,19020.107422,1286.2345879999993,6.33415209576685
6.72495,20303.169887,6.72495,19006.099609,1297.0702779999992,6.388511179382415
6.72043,20246.586594,6.72043,18998.589844,1247.996750000002,6.163985935139513
6.715917,20225.120562,6.715917,18987.988281,1237.1322809999983,6.116810415085418
6.711409,20164.174724,6.711409,18891.507812,1272.6669120000006,6.311524916937139
6.706908,20151.981678,6.706908,18784.503906,1367.4777719999984,6.785822823037198
6.702413,20148.000327,6.702413,18731.318359,1416.6819680000008,7.0313775313053215
6.697924,20140.109046,6.697924,18714.337891,1425.7711550000022,7.079262340355463
6.69344,20096.370387,6.69344,18614.455078,1481.915309,7.374044568558638
6.688963,20088.835734,6.688963,18610.751953,1478.0837810000012,7.3577374048530375
6.684492,20079.248909,6.684492,18581.115234,1498.133675000001,7.461104156781988
6.680027,20046.290443,6.680027,18510.394531,1535.895912,7.66174627853066
6.675567,19999.519033,6.675567,18506.943359,1492.5756739999997,7.463057844227107
6.671114,19989.711058,6.671114,18505.087891,1484.6231670000016,7.4269366009962745
6.666667,19988.151949,6.666667,18462.386719,1525.7652300000009,7.6333481649179395
6.662225,19971.230652,6.662225,18401.056641,1570.1740109999992,7.862179543966939
6.65779,19953.491123,6.65779,18387.433594,1566.0575290000015,7.848538981706503
6.65336,19942.509953,6.65336,18358.857422,1583.6525309999997,7.941089334954886
6.648936,19908.964915,6.648936,18340.744141,1568.2207740000013,7.87695784635422
6.644518,19897.35171,6.644518,18332.201172,1565.150537999998,7.866124903513596
6.640106,19829.145364,6.640106,18304.259766,1524.8855980000008,7.690122645267632
6.6357,19817.430603,6.6357,18224.072266,1593.3583370000015,8.040186283073426
6.6313,19807.769094,6.6313,18192.542969,1615.226125000001,8.15450804850745
6.626905,19732.498047,6.626905,18188.597656,1543.9003909999992,7.8241507351104165
6.622517,19728.811104,6.622517,18169.917969,1558.893135000002,7.901607080033007
6.618134,19694.821809,6.618134,18049.367188,1645.4546210000008,8.354757595461324
6.613757,19693.852698,6.613757,17952.505859,1741.346838999998,8.842083190643747
6.609385,19624.002245,6.609385,17914.904297,1709.0979479999987,8.709222138595402
6.60502,19589.690227,6.60502,17808.017578,1781.672649,9.094950600823507
6.60066,19571.213555,6.60066,17753.414062,1817.7994929999986,9.288128648187952
6.596306,19554.907346,6.596306,17749.646484,1805.2608619999992,9.231753595443495
6.591958,19551.332381,6.591958,17733.208984,1818.1233969999994,9.299230157668708
6.587615,19547.656812,6.587615,17632.255859,1915.4009530000003,9.798621755136224
6.583278,19542.852143,6.583278,17622.433594,1920.4185490000018,9.826705615678883
6.578947,19540.124074,6.578947,17621.943359,1918.1807149999986,9.81662505179443
6.574622,19537.371675,6.574622,17579.796875,1957.5747999999985,10.019642521849084
6.570302,19523.282772,6.570302,17545.462891,1977.8198809999994,10.130570273952898
6.565988,19504.187793,6.565988,17490.873047,2013.314746,10.322474164869213
6.56168,19502.223034,6.56168,17487.083984,2015.139049999998,10.33286844523736
6.557377,19482.742715,6.557377,17477.615234,2005.1274809999995,10.291813171952569
6.55308,19458.30172,6.55308,17360.515625,2097.7860949999995,10.780931065755924
6.548788,19441.224128,6.548788,17344.853516,2096.3706120000024,10.783120436231835
6.544503,19441.087157,6.544503,17284.048828,2157.0383290000027,11.095255690077673
6.540222,19417.78254,6.540222,17274.541016,2143.241524000001,11.037519446852354
6.535948,19294.662418,6.535948,17266.933594,2027.7288240000016,10.509273394222914
6.531679,19259.296232,6.531679,17247.912109,2011.3841229999998,10.443705204855897
6.527415,19240.242317,6.527415,17206.214844,2034.027473000002,10.571735217715043
6.523157,19197.145834,6.523157,17196.6875,2000.458333999999,10.420602892212207
6.518905,19159.620312,6.518905,17135.535156,2024.0851559999974,10.564328118403672
6.514658,19155.643269,6.514658,17133.628906,2022.0143629999984,10.55571110092799
6.510417,19131.218331,6.510417,17110.742188,2020.4761429999999,10.561147272706853
6.506181,19097.129635,6.506181,17047.751953,2049.377682000002,10.731338798915798
6.501951,19087.240007,6.501951,16980.361328,2106.8786790000013,11.038152599471324
6.497726,19082.391639,6.497726,16888.925781,2193.4658579999996,11.494711457011825
6.493506,19067.569729,6.493506,16820.111328,2247.458401,11.78681097246402
6.489293,19036.006797,6.489293,16795.03125,2240.975546999998,11.772298522992582
6.485084,19031.942997,6.485084,16779.675781,2252.2672159999966,11.83414229621758
6.480881,19011.946079,6.480881,16750.871094,2261.074985000003,11.892917093308588
6.476684,18996.245154,6.476684,16750.871094,2245.374060000002,11.820094138589269
6.472492,18995.995419,6.472492,16741.267578,2254.727841,11.869490338710005
6.468305,18987.985142,6.468305,16712.443359,2275.5417830000006,11.984113985673353
6.464124,18980.312153,6.464124,16684.710938,2295.601214999999,12.094644158089674
6.459948,18977.112612,6.459948,16543.021484,2434.091128,12.826456678456053
6.455778,18960.487308,6.455778,16523.736328,2436.7509800000007,12.851731816891975
6.451613,18939.337807,6.451613,16507.826172,2431.511634999999,12.83841948318441
6.447453,18933.322632,6.447453,16130.198242,2803.124389999999,14.805242822315408
6.443299,18915.243651,6.443299,16125.332031,2789.9116200000008,14.749541012930623
6.43915,18901.620897,6.43915,16080.167969,2821.4529280000006,14.927042201168112
6.435006,18890.80549,6.435006,16045.147461,2845.6580289999984,15.063719916582544
6.430868,18888.243763,6.430868,16023.735352,2864.508410999999,15.165562489251952
6.426735,18879.599878,6.426735,16008.157227,2871.442651000001,15.209234674226504
6.422608,18838.692723,6.422608,15953.136719,2885.556004,15.317177504981805
6.418485,18803.801407,6.418485,15936.806641,2866.994766,15.246889200460911
6.414368,18667.287255,6.414368,15890.888672,2776.398583,14.87306937035721
6.410256,18653.314758,6.410256,15880.130859,2773.1838989999997,14.866976379148062
6.40615,18651.437232,6.40615,15870.347656,2781.0895760000003,14.910859369210034
6.402049,18618.771106,6.402049,15852.728516,2766.042590000001,14.85620385068609
6.397953,18609.23938,6.397953,15829.21875,2780.020629999999,14.93892669781971
6.393862,18597.06064,6.393862,15797.113281,2799.947359,15.055859703859092
6.389776,18399.382676,6.389776,15795.964844,2603.417832000001,14.149484674808557
6.385696,18377.651732,6.385696,15786.066406,2591.5853259999985,14.101830657109543
6.381621,18349.71733,6.381621,15781.158203,2568.5591269999986,13.99781304969017
6.377551,18326.637008,6.377551,15757.587891,2569.0491170000023,14.01811535787255
6.373486,18276.830753,6.373486,15713.339844,2563.4909089999983,14.02590494842341
6.369427,18271.098673,6.369427,15708.418945,2562.679728000001,14.02586551506607
6.365372,18251.80659,6.365372,15680.845703,2570.9608869999993,14.086062518373415
6.361323,18177.02737,6.361323,15602.905273,2574.1220969999995,14.161402987423678
6.357279,18160.875515,6.357279,15593.895508,2566.980007,14.134671012307745
6.35324,18145.042446,6.35324,15592.036133,2553.006313,14.069993611741591
6.349206,18144.725299,6.349206,15592.036133,2552.689166000002,14.068491663198046
6.345178,18123.191441,6.345178,15537.663086,2585.5283549999986,14.266407566333882
6.341154,18101.237791,6.341154,15497.987305,2603.250485999999,14.38161586548708
6.337136,18074.344294,6.337136,15480.132812,2594.211481999999,14.353004677802774
6.333122,18046.308611,6.333122,15474.178711,2572.1299,14.252942002954422
6.329114,18018.426497,6.329114,15467.230469,2551.1960280000003,14.158816966757696
6.325111,17998.44898,6.325111,15463.258789,2535.1901910000015,14.085603675167354
6.321113,17988.791123,6.321113,15435.0,2553.791122999999,14.196568883023986
6.317119,17973.098806,6.317119,15435.0,2538.098806000002,14.121653886155135
6.313131,17944.475395,6.313131,15405.616211,2538.859184000001,14.148416869893124
6.309148,17940.122528,6.309148,15390.689453,2549.433074999999,14.210789647735004
6.30517,17893.49976,6.30517,15367.689453,2525.810306999998,14.115798143895345
6.301197,17888.681394,6.301197,15343.870117,2544.811276999999,14.22581810783185
6.297229,17888.125329,6.297229,15331.90332,2556.222008999999,14.290049750802478
6.293266,17883.042281,6.293266,15323.013672,2560.028608999999,14.315397619564568
6.289308,17837.571989,6.289308,15312.946289,2524.6257000000005,14.15341561932799
6.285355,17827.538566,6.285355,15310.591797,2516.946769,14.118307806105241
6.281407,17779.673964,6.281407,15293.977539,2485.696425000002,13.980551218391293
6.277464,17743.791738,6.277464,15273.996094,2469.795644,13.919210056499368
6.273526,17730.701901,6.273526,15270.998047,2459.7038540000012,13.872568992101073
6.269592,17713.871828,6.269592,15263.000977,2450.8708509999997,13.835884524838619
6.265664,17697.094332,6.265664,15236.994141,2460.1001910000014,13.901153177172324
6.261741,17684.4014,6.261741,15206.958984,2477.442415999998,14.009195787650455
6.257822,17683.594476,6.257822,15199.946289,2483.648186999999,14.04492842431318
6.253909,17646.900929,6.253909,15199.946289,2446.95464,13.866200359173558
6.25,17569.30056,6.25,15175.888672,2393.4118880000005,13.622693059557974
6.246096,17567.229009,6.246096,15072.201172,2495.0278369999996,14.20273986137343
6.242197,17558.167653,6.242197,15071.911133,2486.256520000001,14.16011379510434
6.238303,17551.907066,6.238303,15051.884766,2500.0223000000005,14.243593534305013
6.234414,17425.215453,6.234414,14995.838867,2429.3765860000003,13.941730548770623
6.23053,17408.326112,6.23053,14995.838867,2412.4872449999984,13.858237888460797
6.22665,17377.296387,6.22665,14990.793945,2386.502441999999,13.733450755811175
6.222775,17375.537875,6.222775,14986.756836,2388.7810390000013,13.74795448742332
6.218905,17352.094123,6.218905,14930.18457,2421.9095529999995,13.957448224014568
6.21504,17344.458221,6.21504,14916.025391,2428.4328300000016,14.001203145450509
6.21118,17329.137371,6.21118,14910.96582,2418.1715510000013,13.954367717384292
6.207325,17324.446787,6.207325,14907.930664,2416.5161230000012,13.948590409324456
6.203474,17312.309281,6.203474,14905.90625,2406.4030310000016,13.899954026589581
6.199628,17272.569706,6.199628,14873.504883,2399.064822999999,13.889449362978295
6.195787,17217.579703,6.195787,14871.478516,2346.101187,13.62619617547764
6.19195,17192.018203,6.19195,14859.318359,2332.699843999999,13.568504968154022
6.188119,17185.167072,6.188119,14829.504883,2355.6621890000006,13.707531495798545
6.184292,17082.870977,6.184292,14811.641602,2271.229374999999,13.295361055281235
6.18047,17076.205286,6.18047,14778.121094,2298.0841920000003,13.457815442662161
6.176652,17067.964988,6.176652,14718.098633,2349.866355,13.767700816424947
6.17284,17007.493964,6.17284,14694.666992,2312.8269720000008,13.598869868162785
6.169031,16982.72125,6.169031,14683.454102,2299.267147999999,13.538861729830248
6.165228,16954.918591,6.165228,14650.8125,2304.1060910000015,13.589602796577656
6.161429,16944.227017,6.161429,14643.666992,2300.5600250000007,13.577249777708172
6.157635,16904.542345,6.157635,14575.193359,2329.348986000001,13.779426490590394
6.153846,16896.206813,6.153846,14567.006836,2329.199977,13.785342490054664
6.150062,16826.094536,6.150062,14556.771484,2269.3230519999997,13.486926791863116
6.146281,16813.91029,6.146281,14544.483398,2269.4268919999995,13.497317714069945
6.142506,16784.195466,6.142506,14522.967773,2261.2276930000007,13.472362721112274
6.138735,16729.531275,6.138735,14517.84375,2211.687525000001,13.220259962124976
6.134969,16681.418444,6.134969,14475.787109,2205.631334999998,13.22208505472341
6.131208,16677.137512,6.131208,14407.966797,2269.170715000002,13.606476011649029
6.127451,16654.000583,6.127451,14402.822266,2251.1783170000017,13.51734260954662
6.123699,16647.306231,6.123699,14402.822266,2244.4839649999994,13.482565490508033
6.119951,16641.969371,6.119951,14402.822266,2239.147105,13.454820490788174
6.116208,16640.306489,6.116208,14383.267578,2257.038910999998,13.56368593626568
6.112469,16628.955871,6.112469,14368.850586,2260.105284999998,13.591384224799702
6.108735,16573.484651,6.108735,14357.518555,2215.9660959999983,13.370550265458464
6.105006,16567.546812,6.105006,14324.518555,2243.028257,13.538686701493774
6.101281,16558.286899,6.101281,14268.779297,2289.5076019999997,13.826959370647632
6.097561,16485.30171,6.097561,14245.003906,2240.297804,13.589668199042018
6.093845,16436.271017,6.093845,14208.790039,2227.4809779999996,13.552228335101807
6.090134,16432.196594,6.090134,14184.96875,2247.227844000001,13.675760456885882
6.086427,16422.695677,6.086427,14153.87207,2268.8236070000003,13.815171708853436
6.082725,16408.894653,6.082725,14115.032227,2293.8624259999997,13.979384196854589
6.079027,16406.508888,6.079027,14098.858398,2307.65049,14.065457226478294
6.075334,16390.425211,6.075334,14094.702148,2295.7230630000013,14.006488748438858
6.071645,16379.593102,6.071645,14085.349609,2294.243493,14.006718474098514
6.067961,16347.988724,6.067961,14053.114258,2294.874466000001,14.03765628141744
6.064281,16331.257879,6.064281,13960.385742,2370.8721370000003,14.517388400612127
6.060606,16306.514339,6.060606,13881.640625,2424.8737139999994,14.870582784209574
6.056935,16306.366179,6.056935,13856.922852,2449.443327000001,15.021392872646839
6.053269,16148.012585,6.053269,13853.821289,2294.191296000001,14.20726720346435
6.049607,16130.615083,6.049607,13833.885742,2296.729341,14.238324634133233
6.045949,16125.34639,6.045949,13764.677734,2360.668656,14.639491139638084
6.042296,16124.636935,6.042296,13759.427734,2365.2092009999997,14.668294303520698
6.038647,16094.693416,6.038647,13749.837891,2344.855525000001,14.569122035396717
6.035003,16085.196764,6.035003,13716.353516,2368.843248000001,14.726852787413009
6.031363,16059.606311,6.031363,13715.302734,2344.3035769999988,14.597515851894027
6.027728,16010.02811,6.027728,13687.505859,2322.5222509999985,14.506671912395527
6.024096,15943.029898,6.024096,13683.81543,2259.214468,14.170546517531218
6.02047,15914.677997,6.02047,13675.328125,2239.3498720000007,14.070971919269304
6.016847,15885.8874,6.016847,13652.163086,2233.724313999999,14.06106097667543
6.013229,15859.307024,6.013229,13652.163086,2207.1439379999993,13.91702635342082
6.009615,15855.488796,6.009615,13634.250977,2221.237819,14.009267374717396
6.006006,15834.1654,6.006006,13595.233398,2238.9320019999996,14.139880097501061
6.002401,15802.815575,6.002401,13586.791016,2216.0245590000013,14.02297298530614
5.9988,15741.842383,5.9988,13549.830078,2192.0123049999984,13.924750684628922
5.995204,15691.237986,5.995204,13509.655273,2181.582713,13.903190525479548
5.991612,15629.089598,5.991612,13485.314453,2143.7751449999996,13.716570831319125
5.988024,15586.69261,5.988024,13446.121094,2140.571516,13.733327329664968
5.98444,15561.996786,5.98444,13436.581055,2125.415730999999,13.657731460991442
5.980861,15532.963598,5.980861,13410.06543,2122.8981679999997,13.66705171621815
5.977286,15522.163451,5.977286,13384.59082,2137.572631000001,13.77109987114773
5.973716,15478.013426,5.973716,13373.329102,2104.684324,13.597897004434344
5.970149,15441.462127,5.970149,13361.355469,2080.1066580000006,13.47091772069209
5.966587,15389.620702,5.966587,13359.09668,2030.5240219999996,13.194113495832404
5.963029,15382.471985,5.963029,13354.845703,2027.6262819999993,13.18140727951405
5.959476,15308.023536,5.959476,13349.53125,1958.4922860000006,12.793893877901342
5.955926,15235.574649,5.955926,13339.963867,1895.6107819999997,12.44200383425918
5.952381,15201.351846,5.952381,13339.963867,1861.3879789999992,12.24488451985798
5.94884,15135.504547,5.94884,13305.921875,1829.5826720000005,12.088019043690492
5.945303,15133.172326,5.945303,13299.535156,1833.63717,12.116674088549594
5.941771,15113.905738,5.941771,13297.40625,1816.4994879999995,12.018729767732255
5.938242,15103.922335,5.938242,13254.795898,1849.126436999999,12.242690315713935
5.934718,15078.725572,5.934718,13200.389648,1878.335923999999,12.45686125814187
5.931198,15072.291008,5.931198,13200.389648,1871.9013599999998,12.419487913326785
5.927682,15025.18259,5.927682,13133.061523,1892.121067,12.59299882491478
5.924171,14987.644517,5.924171,13105.236328,1882.4081889999998,12.55973336480489
5.920663,14984.713117,5.920663,13095.599609,1889.1135079999985,12.606938105854153
5.91716,14977.477681,5.91716,13085.959961,1891.5177199999998,12.629080545381315
5.913661,14942.162837,5.913661,13084.888672,1857.2741650000007,12.42975454932797
5.910165,14911.726012,5.910165,13073.115234,1838.6107779999984,12.329966205926816
5.906675,14903.264787,5.906675,13070.959961,1832.3048259999996,12.294653904279446
5.903188,14865.316366,5.903188,12999.082031,1866.2343349999992,12.554286024268253
5.899705,14848.766503,5.899705,12998.007812,1850.758691000001,12.464056799775786
5.896226,14798.32232,5.896226,12993.711914,1804.6104059999998,12.194695905231505
5.892752,14770.578524,5.892752,12992.637695,1777.940829000001,12.03704259864372
5.889282,14755.093617,5.889282,12981.894531,1773.1990860000005,12.017538702411342
5.885815,14754.624909,5.885815,12976.522461,1778.1024479999996,12.051153173778046
5.882353,14752.873997,5.882353,12964.444336,1788.4296610000001,12.122584801874385
5.878895,14690.607657,5.878895,12955.824219,1734.7834380000004,11.808792927455148
5.875441,14682.396459,5.875441,12932.43457,1749.9618890000002,11.918775616001776
5.871991,14656.034396,5.871991,12930.283203,1725.7511929999982,11.775021444211397
5.868545,14652.711031,5.868545,12919.520508,1733.1905230000011,11.828463137866962
5.865103,14649.194164,5.865103,12919.520508,1729.6736560000008,11.807295586610676
5.861665,14600.092487,5.861665,12910.908203,1689.184283999999,11.569682079096811
5.858231,14599.411554,5.858231,12888.291992,1711.1195619999999,11.720469387899275
5.854801,14595.930718,5.854801,12882.056641,1713.8740770000004,11.742136285193626
5.851375,14592.873479,5.851375,12866.600586,1726.2728929999994,11.82956115863135
5.847953,14566.011353,5.847953,12864.582031,1701.429322,11.680818315781249
5.844535,14519.254694,5.844535,12830.066406,1689.1882879999994,11.634125329436138
5.841121,14502.782705,5.841121,12812.795898,1689.9868069999993,11.652845122042386
5.837712,14491.154547,5.837712,12732.80957,1758.3449770000007,12.133919152522035
5.834306,14390.517347,5.834306,12622.259766,1768.2575810000017,12.28765817351682
5.830904,14377.38882,5.830904,12620.088867,1757.2999529999997,12.222664177764093
5.827506,14375.193656,5.827506,12612.489258,1762.7043979999999,12.262126272394754
5.824112,14353.184868,5.824112,12590.766602,1762.4182660000006,12.278935178555805
5.820722,14349.63778,5.820722,12569.030273,1780.6075069999988,12.408727901701774
5.817336,14343.69945,5.817336,12565.769531,1777.9299190000002,12.395197802335437
5.813953,14336.165657,5.813953,12517.625977,1818.5396799999999,12.684979537133426
5.810575,14328.14512,5.810575,12511.367188,1816.777931999999,12.679784555392605
5.807201,14325.982175,5.807201,12487.291016,1838.691159,12.834660385161342
5.803831,14311.458834,5.803831,12476.505859,1834.9529749999983,12.821564847328256
5.800464,14282.805909,5.800464,12475.480469,1807.3254400000005,12.653854232249657
5.797101,14233.070641,5.797101,12473.236328,1759.8343129999994,12.364403700285122
5.793743,14218.128478,5.793743,12471.055664,1747.072814000001,12.287642615575477
5.790388,14216.019439,5.790388,12454.701172,1761.3182670000006,12.389672612349054
5.787037,14181.021801,5.787037,12453.610352,1727.411449000001,12.181149378658946
5.78369,14148.797294,5.78369,12451.428711,1697.3685829999995,11.996557359117675
5.780347,14116.930658,5.780347,12445.975586,1670.9550719999988,11.836532405527375
5.777008,14079.578593,5.777008,12427.425781,1652.1528120000003,11.734391062111813
5.773672,14057.089117,5.773672,12411.050781,1646.0383359999996,11.709667074738512
5.77034,14053.459355,5.77034,12407.775391,1645.6839640000017,11.710169876532877
5.767013,13985.717187,5.767013,12402.314453,1583.4027339999993,11.321569804598962
5.763689,13934.711131,5.763689,12381.557617,1553.1535139999996,11.145932623926164
5.760369,13871.67994,5.760369,12372.296875,1499.383065,10.808950837139918
5.757052,13852.082296,5.757052,12368.441406,1483.6408900000006,10.71059829343076
5.75374,13821.167159,5.75374,12346.571289,1474.595870000001,10.66911247824523
5.750431,13800.460679,5.750431,12344.383789,1456.0768900000003,10.550929594804726
5.747126,13784.73341,5.747126,12333.426758,1451.3066520000011,10.528362129565485
5.743825,13780.921463,5.743825,12309.361328,1471.5601349999997,10.678241937238733
5.740528,13764.120409,5.740528,12296.219727,1467.9006819999995,10.664689339975386
5.737235,13756.342868,5.737235,12285.157227,1471.185641,10.69459852169192
5.733945,13719.072201,5.733945,12167.837891,1551.2343100000016,11.307137153829762
5.730659,13645.184201,5.730659,12148.582031,1496.6021700000001,10.9679880311936
5.727377,13639.072545,5.727377,12129.370117,1509.7024280000005,11.068952254773716
5.724098,13635.255178,5.724098,12116.139648,1519.1155299999991,11.141086178211305
5.720824,13582.677488,5.720824,12066.314453,1516.3630349999985,11.163947876548438
5.717553,13558.5635,5.717553,12044.060547,1514.502953000001,11.17008415382648
5.714286,13524.481097,5.714286,12020.001953,1504.479143999999,11.12411731887978
5.711022,13518.541862,5.711022,11977.1875,1541.354362,11.401779701793698
5.707763,13440.063467,5.707763,11967.243164,1472.8203030000004,10.958432648895469
5.704507,13425.408249,5.704507,11961.716797,1463.691452000001,10.902398086173841
5.701254,13419.799318,5.701254,11941.816406,1477.9829119999995,11.013450178927627
5.698006,13402.463783,5.698006,11914.158203,1488.3055799999984,11.104716297669091
5.694761,13395.44912,5.694761,11878.015625,1517.4334949999993,11.327977743832447
5.69152,13390.195978,5.69152,11853.240234,1536.955743999999,11.478216947124647
5.688282,13358.847023,5.688282,11843.262695,1515.5843280000008,11.345173167943393
5.685048,13348.514597,5.685048,11836.609375,1511.9052219999994,11.326392993118436
5.681818,13299.476489,5.681818,11815.532227,1483.944262000001,11.157914848959443
5.678592,13276.026023,5.678592,11755.566406,1520.4596170000004,11.45267126145946
5.675369,13211.12879,5.675369,11723.324219,1487.8045710000006,11.26175207773446
5.67215,13186.154413,5.67215,11703.296875,1482.8575380000002,11.245564791339595
5.668934,13177.547949,5.668934,11667.667969,1509.8799799999997,11.457973712890793
5.665722,13149.092291,5.665722,11657.641602,1491.4506890000011,11.342613284575059
5.662514,13144.220146,5.662514,11636.46582,1507.7543260000002,11.470854179651232
5.65931,13132.245804,5.65931,11584.033203,1548.2126009999993,11.789397062065525
5.656109,13078.283954,5.656109,11583.125977,1495.1579770000008,11.432371267200587
5.652911,13043.814337,5.652911,11569.518555,1474.2957819999992,11.302643106610475
5.649718,13043.120473,5.649718,11549.411133,1493.7093400000012,11.452085741997585
5.646527,13002.828305,5.646527,11540.47168,1462.3566249999985,11.246450316026062
5.643341,12986.20313,5.643341,11530.412109,1455.791020999999,11.210289924057266
5.640158,12964.231617,5.640158,11522.585938,1441.6456789999993,11.12017836143539
5.636979,12946.323198,5.636979,11521.467773,1424.8554249999997,11.005869413333642
5.633803,12946.283431,5.633803,11482.3125,1463.9709309999998,11.30804017077602
5.630631,12932.266618,5.630631,11468.878906,1463.3877119999997,11.3157867466416
5.627462,12925.42644,5.627462,11462.160156,1463.2662839999994,11.320835647415587
5.624297,12913.726034,5.624297,11457.014648,1456.711385999999,11.280333671046494
5.621135,12893.200531,5.621135,11402.666016,1490.5345150000012,11.56062462083179
5.617978,12861.937199,5.617978,11398.275391,1463.6618080000007,11.37979283644612
5.614823,12815.474707,5.614823,11356.750977,1458.7237299999997,11.38251811462921
5.611672,12760.322273,5.611672,11317.429688,1442.8925849999996,11.307650027406165
5.608525,12750.130082,5.608525,11300.064453,1450.0656289999988,11.37294772425208
5.605381,12731.109377,5.605381,11261.189453,1469.9199239999998,11.545890310671233
5.602241,12671.007019,5.602241,11229.65918,1441.347839,11.375164080003419
5.599104,12547.781964,5.599104,11213.884766,1333.8971980000006,10.63054173101665
5.595971,12536.212055,5.595971,11175.549805,1360.6622499999994,10.853854769131052
5.592841,12528.390725,5.592841,11154.75,1373.6407249999993,10.964223220297109
5.589715,12513.700314,5.589715,11127.543945,1386.1563690000003,11.077110161006532
5.586592,12506.637084,5.586592,11120.700195,1385.9368890000005,11.081611145277881
5.583473,12469.084565,5.583473,11103.289062,1365.7955029999994,10.953454488821967
5.580357,12409.408597,5.580357,11073.895508,1335.513089,10.76210101843905
5.577245,12329.114574,5.577245,11044.480469,1284.6341049999992,10.419516318787997
5.574136,12319.121563,5.574136,11010.513672,1308.6078910000015,10.622574704761044
5.571031,12315.058652,5.571031,10990.119141,1324.9395110000005,10.758694281856519
5.567929,12288.978455,5.567929,10972.894531,1316.0839240000005,10.709465630680857
5.56483,12274.540185,5.56483,10971.982422,1302.5577630000007,10.611866052561226
5.561735,12272.484329,5.561735,10951.569336,1320.9149930000003,10.763224116560208
5.558644,12264.812879,5.558644,10947.03125,1317.7816289999992,10.744408756992332
5.555556,12256.684397,5.555556,10919.793945,1336.8904520000015,10.90743963618109
5.552471,12256.54106,5.552471,10908.44043,1348.100629999999,10.999030015079956
5.54939,12255.434161,5.54939,10898.21875,1357.2154109999992,11.074396819975698
5.546312,12250.933282,5.546312,10890.266602,1360.6666800000003,11.10663692862645
5.543237,12230.881731,5.543237,10873.22168,1357.660050999999,11.100263095169316
5.540166,12226.814029,5.540166,10867.538086,1359.2759429999987,11.117171977720599
5.537099,12221.775773,5.537099,10843.660156,1378.1156169999995,11.275903294220905
5.534034,12208.113143,5.534034,10841.385742,1366.727401,11.195238649829083
5.530973,12199.077829,5.530973,10828.871094,1370.2067349999998,11.232051751835739
5.527916,12187.296079,5.527916,10822.043945,1365.2521340000003,11.202256227716287
5.524862,12151.332504,5.524862,10810.662109,1340.6703949999992,11.033114224787074
5.521811,12134.858171,5.521811,10809.524414,1325.3337570000003,10.921707846304257
5.518764,12110.738582,5.518764,10737.746094,1372.9924879999999,11.336983939531624
5.51572,12101.929604,5.51572,10612.117188,1489.8124160000007,12.310536127293116
5.512679,12075.52043,5.512679,10584.65625,1490.8641800000005,12.34616916630897
5.509642,12030.50635,5.509642,10571.428711,1459.0776389999992,12.128148197187056
5.506608,11976.855892,5.506608,10551.451172,1425.4047200000005,11.901326465421585
5.503577,11973.916896,5.503577,10491.842773,1482.0741230000003,12.377521373103075
5.50055,11963.034853,5.50055,10472.336914,1490.6979389999997,12.460867642011205
5.497526,11953.150306,5.497526,10437.893555,1515.256750999999,12.676630948406975
5.494505,11907.859847,5.494505,10375.823242,1532.0366049999993,12.865759462108317
5.491488,11885.174219,5.491488,10342.452148,1542.7220710000001,12.980222608211816
5.488474,11883.662987,5.488474,10336.695312,1546.9676749999999,13.017599680269356
5.485464,11862.548168,5.485464,10295.226562,1567.3216059999995,13.212351880921775
5.482456,11859.421733,5.482456,10287.158203,1572.2635299999984,13.257505849758438
5.479452,11809.4716,5.479452,10272.170898,1537.3007020000005,13.01752317182422
5.476451,11800.605717,5.476451,10262.944336,1537.661381,13.030359778776768
5.473454,11797.063145,5.473454,10178.666016,1618.3971290000009,13.71864428551383
5.47046,11791.974847,5.47046,10154.390625,1637.5842219999995,13.887277095206981
5.467469,11788.717071,5.467469,10143.983398,1644.7336729999988,13.951761358714847
5.464481,11781.56427,5.464481,10141.669922,1639.8943480000016,13.919156322694334
5.461496,11772.396209,5.461496,10079.166016,1693.2301930000012,14.383054757412312
5.458515,11766.47791,5.458515,10057.152344,1709.3255659999995,14.527079208191024
5.455537,11750.916378,5.455537,10052.259766,1698.6566120000007,14.455524636191065
5.452563,11746.445134,5.452563,10024.691406,1721.7537279999997,14.657657770999977
5.449591,11738.215127,5.449591,9999.168945,1739.046182,14.815252260966677
5.446623,11727.483266,5.446623,9971.308594,1756.1746719999992,14.974864019558682
5.443658,11689.612174,5.443658,9963.324219,1726.2879549999998,14.76770939278554
5.440696,11684.694672,5.440696,9944.592773,1740.1018989999993,14.892146931060172
5.437738,11680.835736,5.437738,9922.510742,1758.3249940000005,15.053075257114465
5.434783,11597.389834,5.434783,9880.640625,1716.7492089999996,14.802893009313319
5.431831,11573.050596,5.431831,9827.082031,1745.9685649999992,15.086502478468896
5.428882,11567.720388,5.428882,9806.106445,1761.6139430000003,15.22870439388771
5.425936,11561.576683,5.425936,9795.149414,1766.4272689999998,15.278428863403489
5.422993,11559.353971,5.422993,9710.423828,1848.9301429999996,15.995099273182378
5.420054,11553.808517,5.420054,9677.705078,1876.1034389999986,16.237965483325645
5.417118,11538.334799,5.417118,9640.28125,1898.0535490000002,16.449978112651923
5.414185,11536.18753,5.414185,9634.431641,1901.755889,16.48513327348797
5.411255,11532.555986,5.411255,9632.09082,1900.465166,16.479132364994182
5.408329,11516.890367,5.408329,9622.728516,1894.1618510000008,16.446816724308242
5.405405,11510.660818,5.405405,9564.168945,1946.4918730000009,16.91033993422984
5.402485,11491.058803,5.402485,9560.65332,1930.4054830000005,16.799195932197517
5.399568,11486.46752,5.399568,9553.621094,1932.846426,16.827161376067686
5.396654,11399.325797,5.396654,9552.448242,1846.8775549999991,16.20163848186573
5.393743,11391.541902,5.393743,9471.489258,1920.0526440000012,16.85507247849301
5.390836,11368.614005,5.390836,9458.569336,1910.044668999999,16.801033689418492
5.387931,11364.072428,5.387931,9445.646484,1918.4259439999987,16.881500502171903
5.38503,11345.737453,5.38503,9431.542969,1914.1944839999996,16.871485806273924
5.382131,11321.436407,5.382131,9409.205078,1912.2313289999984,16.89035967041844
5.379236,11310.225659,5.379236,9311.493164,1998.7324950000002,17.67190642575313
5.376344,11243.104267,5.376344,9292.633789,1950.470478000001,17.34814897807975
5.373455,11230.048313,5.373455,9270.226562,1959.8217509999995,17.451587886147323
5.370569,11185.953354,5.370569,9219.477539,1966.4758149999998,17.579867828581687
5.367687,11139.519546,5.367687,9217.115234,1922.4043119999988,17.25751549751802
5.364807,11096.916103,5.364807,9213.572266,1883.3438370000003,16.971776838889923
5.36193,11032.382322,5.36193,9188.763672,1843.6186500000003,16.710974984284093
5.359057,11021.734287,5.359057,9182.855469,1838.8788179999992,16.684114950665563
5.356186,10999.73348,5.356186,9116.625977,1883.107503000001,17.119573909894413
5.353319,10989.619397,5.353319,9082.291992,1907.327405,17.35571848394196
5.350455,10982.330708,5.350455,9055.042969,1927.2877389999994,17.54898655160767
5.347594,10955.390063,5.347594,9051.487305,1903.9027580000002,17.37868525950631
5.344735,10922.192944,5.344735,9018.291016,1903.9019280000011,17.431498763679055
5.34188,10911.293584,5.34188,9013.545898,1897.7476859999988,17.392508701102134
5.339028,10882.574989,5.339028,8942.324219,1940.2507700000006,17.82896761070966
5.336179,10868.300549,5.336179,8922.125,1946.1755489999996,17.906898509344852
5.333333,10847.934646,5.333333,8884.079102,1963.855544,18.10349719173631
5.33049,10841.337034,5.33049,8822.189453,2019.1475809999993,18.62452550518133
5.327651,10819.226752,5.327651,8818.616211,2000.610541,18.491252534569302
5.324814,10797.469257,5.324814,8812.660156,1984.8091010000007,18.382169504333145
5.32198,10742.263563,5.32198,8806.704102,1935.5594610000007,18.018171399803705
5.319149,10687.152799,5.319149,8801.938477,1885.2143219999998,17.640005317191683
5.316321,10656.497377,5.316321,8778.102539,1878.3948380000002,17.626756443014326
5.313496,10650.055713,5.313496,8759.025391,1891.0303220000005,17.756060371512543
5.310674,10608.244831,5.310674,8705.331055,1902.9137759999994,17.938064272792793
5.307856,10563.713282,5.307856,8683.835938,1879.8773440000004,17.79561120049718
5.30504,10563.688925,5.30504,8662.331055,1901.3578699999998,17.99899527048975
5.302227,10523.860789,5.302227,8652.770508,1871.0902810000007,17.77950429518933
5.299417,10490.031493,5.299417,8644.40332,1845.628173000001,17.594114700528678
5.29661,10484.597652,5.29661,8639.621094,1844.9765580000003,17.597018209354555
5.293806,10460.966678,5.293806,8602.545898,1858.4207800000004,17.765287255033165
5.291005,10430.350501,5.291005,8561.848633,1868.5018680000012,17.914085128978748
5.288207,10412.120289,5.288207,8545.082031,1867.0382580000005,17.931393473934925
5.285412,10396.017636,5.285412,8488.749023,1907.2686130000002,18.34614637816107
5.28262,10354.565122,5.28262,8471.956055,1882.6090669999994,18.1814402132648
5.279831,10354.471522,5.279831,8452.756836,1901.7146859999993,18.36612020188044
5.277045,10344.024342,5.277045,8417.94043,1926.083912,18.620256955307926
5.274262,10339.983336,5.274262,8411.93457,1928.048766,18.646536491865
5.271481,10337.690773,5.271481,8335.0,2002.6907730000003,19.372709215007973
5.268704,10279.366268,5.268704,8333.796875,1945.5693929999998,18.92693909600848
5.265929,10255.098634,5.265929,8320.561523,1934.5371109999996,18.864149239737092
5.263158,10253.274331,5.263158,8235.045898,2018.2284330000002,19.6837455806487
5.260389,10235.03135,5.260389,8219.371094,2015.6602559999992,19.693737977656507
5.257624,10219.759394,5.257624,8180.768555,2038.990839000001,19.951456393357834
5.254861,10205.033082,5.254861,8155.419434,2049.6136479999996,20.084341045549188
5.252101,10173.989051,5.252101,8137.304688,2036.6843630000003,20.018542901811113
5.249344,10159.408971,5.249344,8075.665527,2083.7434440000006,20.510479004714146
5.24659,10066.239198,5.24659,8072.037598,1994.2015999999994,19.810790909838655
5.243838,10017.995316,5.243838,8023.636719,1994.3585970000004,19.907761324411467
5.24109,9951.828633,5.24109,7984.882324,1966.946308999999,19.76467221790433
5.238345,9926.1339,5.238345,7963.069824,1963.0640760000006,19.77672370508724
5.235602,9851.293596,5.235602,7955.796875,1895.4967209999995,19.241094608830288
5.232862,9764.698637,5.232862,7942.460449,1822.2381879999994,18.66148926598972
5.230126,9759.802828,5.230126,7921.842773,1837.9600549999996,18.831938384319166
5.227392,9744.678538,5.227392,7912.137695,1832.5408429999998,18.805554599404065
5.22466,9735.640271,5.22466,7858.725098,1876.9151730000003,19.278805715437677
5.221932,9694.159662,5.221932,7847.792969,1846.366693,19.046175814883128
5.219207,9691.058141,5.219207,7831.998047,1859.0600939999995,19.183251890057974
5.216484,9673.085899,5.216484,7818.635742,1854.4501569999993,19.171236318615883
5.213764,9663.179472,5.213764,7794.312988,1868.8664840000001,19.340078381191432
5.211047,9636.916649,5.211047,7777.285156,1859.6314930000008,19.296955247537294
5.208333,9630.609017,5.208333,7744.429199,1886.1798180000005,19.585260025305836
5.205622,9587.740156,5.205622,7739.560059,1848.1800969999995,19.276493385601505
5.202914,9565.661738,5.202914,7729.241211,1836.4205270000011,19.198050038762524
5.200208,9538.317616,5.200208,7651.833008,1886.4846080000007,19.777959635518187
5.197505,9521.158032,5.197505,7529.743652,1991.4143799999993,20.915674052536296
5.194805,9512.255563,5.194805,7526.07666,1986.178903000001,20.880209639506305
5.192108,9511.821951,5.192108,7480.827637,2030.9943139999996,21.35231635392919
5.189414,9473.168202,5.189414,7435.539551,2037.628651000001,21.50947399593107
5.186722,9467.308409,5.186722,7401.241699,2066.066709999999,21.82316895936245
5.184033,9399.924225,5.184033,7265.055176,2134.869049000001,22.711555943420393
5.181347,9384.977043,5.181347,7265.055176,2119.921867000001,22.58846086982379
5.178664,9341.439471,5.178664,7259.257324,2082.1821469999995,22.289735468115197
5.175983,9330.828911,5.175983,7246.624512,2084.204399,22.336755060881643
5.173306,9306.460173,5.173306,7218.352539,2088.107633999999,22.437184441599385
5.170631,9293.364483,5.170631,7166.686035,2126.6784479999997,22.88383773056843
5.167959,9252.072249,5.167959,7133.445801,2118.626448000001,22.898939729194073
5.165289,9251.77697,5.165289,7100.193359,2151.583611000001,23.25589579144384
5.162623,9250.468611,5.162623,7087.86084,2162.607771,23.378359107433546
5.159959,9241.524352,5.159959,7082.000488,2159.5238640000007,23.367615360258704
5.157298,9229.092057,5.157298,7047.171387,2181.9206699999995,23.641769488528134
5.154639,9216.300105,5.154639,6964.465332,2251.8347730000005,24.43317543206239
5.151984,9202.746682,5.151984,6911.319336,2291.4273460000013,24.899385207265247
5.149331,9136.724577,5.149331,6908.846191,2227.8783860000012,24.38377524926459
5.14668,9130.372675,5.14668,6863.072266,2267.3004090000004,24.832506730071678
5.144033,9125.289652,5.144033,6851.932129,2273.3575229999997,24.912716304865405
5.141388,9099.204067,5.141388,6845.474121,2253.7299460000004,24.768429517627613
5.138746,9087.884153,5.138746,6824.691895,2263.192258000001,24.90340127468393
5.136107,9075.059246,5.136107,6809.827637,2265.2316090000004,24.961066893292656
5.13347,9033.05518,5.13347,6807.350098,2225.7050819999995,24.639560344189103
5.130836,9031.452791,5.130836,6775.128906,2256.323885,24.982956089284617
5.128205,8995.864985,5.128205,6754.05127,2241.8137150000002,24.920490900408954
5.125577,8981.541606,5.125577,6754.05127,2227.4903360000008,24.80075730553823
5.122951,8963.742114,5.122951,6708.148926,2255.5931880000007,25.163521655504876
5.120328,8940.079227,5.120328,6657.239258,2282.8399690000006,25.534896403441014
5.117707,8926.156436,5.117707,6610.013672,2316.1427639999993,25.94781730083494
5.11509,8914.84592,5.11509,6575.189941,2339.655979,26.244491492007754
5.112474,8888.810123,5.112474,6572.70166,2316.1084629999996,26.056451099197357
5.109862,8787.864485,5.109862,6544.079102,2243.7853830000004,25.53277177669178
5.107252,8771.044532,5.107252,6520.42334,2250.6211919999996,25.65967124883365
5.104645,8696.118998,5.104645,6515.442383,2180.6766150000003,25.076434849862668
5.102041,8603.840698,5.102041,6463.11084,2140.7298579999997,24.88109593309441
5.099439,8602.756059,5.099439,6461.864258,2140.8918009999998,24.886115406704455
5.09684,8543.348657,5.09684,6448.149902,2095.1987550000003,24.52432692517234
5.094244,8524.935261,5.094244,6428.196289,2096.738972,24.595365334821867
5.09165,8521.689116,5.09165,6423.206543,2098.4825729999993,24.62519512780592
5.089059,8506.389742,5.089059,6358.302734,2148.0870079999995,25.252628590410048
5.08647,8494.598833,5.08647,6340.815918,2153.782915,25.354733723656704
5.083884,8452.200902,5.083884,6328.322266,2123.8786360000004,25.128113501152562
5.081301,8435.905331,5.081301,6324.57373,2111.331601,25.027919567107336
5.07872,8410.692639,5.07872,6312.076172,2098.6164670000007,24.951767435523813
5.076142,8296.696041,5.076142,6240.789062,2055.9069789999994,24.7798276427179
5.073567,8282.7694,5.073567,6211.999023,2070.770376999999,25.00094203998966
5.070994,8274.607966,5.070994,6209.495117,2065.112848999999,24.95722888003223
5.068424,8265.128607,5.068424,6204.486328,2060.6422790000006,24.931763036993484
5.065856,8260.810886,5.065856,6171.919434,2088.891451999999,25.286760353516208
5.063291,8237.711798,5.063291,6143.095215,2094.616583,25.4271651444342
5.060729,8212.611499,5.060729,6133.065918,2079.5455810000003,25.3213680112984
5.058169,8211.997666,5.058169,6115.510742,2096.486923999999,25.529560641256023
5.055612,8182.849676,5.055612,6109.239258,2073.610418,25.34093256145013
5.053057,8171.67382,5.053057,6106.730957,2064.942863,25.269521379403276
5.050505,8153.775846,5.050505,6077.874023,2075.9018229999992,25.459392828641164
5.047956,8079.441198,5.047956,5959.490723,2119.9504750000006,26.238825471305827
5.045409,8042.399937,5.045409,5953.501465,2088.898472,25.97357117730217
5.042864,8032.306964,5.042864,5944.697266,2087.609698,25.99016331617378
5.040323,8023.922689,5.040323,5933.375977,2090.5467120000003,26.05392391013353
5.037783,7994.832916,5.037783,5916.145996,2078.68692,26.00037976828683
5.035247,7969.888848,5.035247,5915.760742,2054.128105999999,25.773610462779185
5.032713,7961.885641,5.032713,5888.068848,2073.816793,26.046804570023085
5.030181,7906.803095,5.030181,5854.941406,2051.8616890000003,25.950585392692144
5.027652,7905.902992,5.027652,5802.393555,2103.5094370000006,26.606820740509292
5.025126,7866.700822,5.025126,5791.044922,2075.6558999999997,26.385341796591838
5.022602,7820.378934,5.022602,5777.171387,2043.207547,26.126707724058218
5.02008,7806.370556,5.02008,5768.341309,2038.0292469999995,26.107257301968122
5.017561,7770.95046,5.017561,5765.818359,2005.1321010000001,25.802919621237685
5.015045,7765.369334,5.015045,5749.415039,2015.9542949999995,25.960829527751084
5.012531,7728.045242,5.012531,5736.793945,1991.2512969999998,25.766558484648165
5.01002,7709.374259,5.01002,5710.28125,1999.0930090000002,25.93067792325997
5.007511,7705.112549,5.007511,5679.966797,2025.1457520000004,26.28314303160739
5.005005,7681.77811,5.005005,5672.385742,2009.3923679999998,26.15790692241174
5.002501,7644.307197,5.002501,5666.067871,1978.239326,25.878595339239606
5.0,7643.814733,5.0,5666.067871,1977.746862,25.87381995879151
4.997501,7636.783103,4.997501,5650.901367,1985.8817359999994,26.0041657490557
4.995005,7634.513727,4.995005,5611.703613,2022.8101139999999,26.49559862399865
4.992511,7614.123204,4.992511,5586.400879,2027.7223250000006,26.631067959798155
4.99002,7589.446139,4.99002,5582.60498,2006.8411589999996,26.44252455640228
4.987531,7588.358708,4.987531,5562.354004,2026.004704,26.698852570900367
4.985045,7587.415499,4.985045,5512.171387,2075.2441119999994,27.351133100243562
4.982561,7572.172952,4.982561,5481.283203,2090.889749,27.61281024950366
4.98008,7534.267322,4.98008,5438.17041,2096.096912,27.820846041384996
4.977601,7512.264784,4.977601,5395.027344,2117.23744,28.18374352977279
4.975124,7505.290198,4.975124,5365.824707,2139.465491,28.506099491930666
4.97265,7458.745301,4.97265,5356.93457,2101.8107309999996,28.17914603838541
4.970179,7443.371778,4.970179,5299.750977,2143.620801,28.799055924302913
4.96771,7384.876913,4.96771,5267.959961,2116.9169520000005,28.665568525231294
4.965243,7367.349868,4.965243,5259.055176,2108.2946920000004,28.616730978901305
4.962779,7345.073017,4.962779,5238.697266,2106.3757509999996,28.677397026889214
4.960317,7343.788197,4.960317,5223.424805,2120.363392,28.87288324663539
4.957858,7335.779931,4.957858,5192.867676,2142.912255,29.211784911163253
4.955401,7332.087024,4.955401,5189.046875,2143.0401490000004,29.228242136041516
4.952947,7330.821047,4.952947,5168.666016,2162.1550310000002,29.49403644063609
4.950495,7251.020488,4.950495,5162.295898,2088.72459,28.80593970816539
4.948046,7241.288633,4.948046,5161.021484,2080.2671490000002,28.72785845767571
4.945598,7222.340027,4.945598,5134.258301,2088.0817260000003,28.911429234762064
4.943154,7193.480783,4.943154,5111.30957,2082.1712129999996,28.945253011875593
4.940711,7180.119957,4.940711,5093.45459,2086.6653669999996,29.0617062040263
4.938272,7177.791706,4.938272,5075.594238,2102.1974680000003,29.287523992131852
4.935834,7134.985502,4.935834,5059.005371,2075.9801310000003,29.095786255179977
4.933399,7078.482045,4.933399,5020.706543,2057.7755019999995,29.070858538852164
4.930966,7073.050611,4.930966,5013.259766,2059.7908449999995,29.121675473332754
4.928536,7064.309513,4.928536,5013.043945,2051.265568,29.037028519562824
4.926108,7055.713743,4.926108,5007.935059,2047.7786839999999,29.022984188263145
4.923683,7014.500515,4.923683,4979.737793,2034.7627219999995,29.007948857496086
4.92126,7006.709183,4.92126,4954.26709,2052.4420929999997,29.292525769154643
4.918839,7002.599866,4.918839,4949.15332,2053.446545999999,29.32405942498842
4.916421,6984.280997,4.916421,4904.391602,2079.889395,29.779577824737974
4.914005,6917.804331,4.914005,4900.553711,2017.2506200000007,29.160272876761145
4.911591,6879.535297,4.911591,4889.037598,1990.4976990000005,28.933606894465804
4.90918,6866.554772,4.90918,4889.037598,1977.5171740000005,28.799263089894716
4.906771,6833.268049,4.906771,4833.98877,1999.2792790000003,29.258025071804123
4.904365,6780.237087,4.904365,4794.272461,1985.9646260000009,29.29048941087568
4.901961,6763.007711,4.901961,4787.864746,1975.142965,29.205097042658096
4.899559,6738.039922,4.899559,4786.583008,1951.4569140000003,28.96178913438026
4.89716,6728.67445,4.89716,4781.455566,1947.2188840000008,28.939115697594804
4.894763,6720.596949,4.894763,4760.943359,1959.65359,29.15892151948778
4.892368,6687.209405,4.892368,4690.382812,1996.8265929999998,29.860386778182544
4.889976,6673.271352,4.889976,4682.680664,1990.5906879999993,29.82930834070479
4.887586,6661.096465,4.887586,4669.841797,1991.2546679999996,29.89379719184114
4.885198,6625.279811,4.885198,4668.558105,1956.7217060000003,29.53417458310577
4.882812,6614.475218,4.882812,4640.302734,1974.1724839999997,29.846245075159946
4.880429,6613.322247,4.880429,4590.183594,2023.138653,30.591865592482748
4.878049,6609.903952,4.878049,4574.754883,2035.149069,30.789389434081148
4.87567,6589.877178,4.87567,4564.466797,2025.4103809999997,30.73517648798886
4.873294,6526.301378,4.873294,4551.604492,1974.6968859999997,30.257519100430358
4.870921,6512.806319,4.870921,4503.992188,2008.814131,30.844063720114445
4.868549,6502.32388,4.868549,4501.41748,2000.9063999999998,30.772173717068057
4.86618,6484.949658,4.86618,4493.693359,1991.2562990000006,30.705809667212076
4.863813,6455.195119,4.863813,4489.105469,1966.08965,30.45747825984499
4.861449,6430.318129,4.861449,4437.019531,1993.2985980000003,30.998444525014264
4.859086,6426.489071,4.859086,4362.239258,2064.2498130000004,32.12095734068977
4.856727,6422.679614,4.856727,4324.817383,2097.862231,32.663348587825105
4.854369,6408.57605,4.854369,4297.705566,2110.870484,32.93821384861306
4.852014,6326.231304,4.852014,4271.875,2054.356304,32.47361984221246
4.849661,6325.762993,4.849661,4266.70752,2059.0554730000003,32.55031014090351
4.84731,6323.570872,4.84731,4240.864746,2082.706126,32.93560186416141
4.844961,6315.409837,4.844961,4229.231934,2086.177903,33.03313572426828
4.842615,6305.588187,4.842615,4218.890625,2086.6975620000003,33.09282972684559
4.840271,6303.891046,4.840271,4173.626953,2130.264093,33.79284441078203
4.837929,6268.855778,4.837929,4156.807129,2112.0486490000003,33.69113477473911
4.83559,6229.489174,4.83559,4129.627441,2099.8617330000006,33.70840970017553
4.833253,6162.238979,4.833253,4101.14209,2061.0968889999995,33.44720800384265
4.830918,6087.521558,4.830918,4098.552246,1988.9693120000002,32.67289147232947
4.828585,6072.925448,4.828585,4097.256836,1975.6686120000004,32.532403516506996
4.826255,6051.632086,4.826255,4060.983398,1990.6486879999998,32.894410296442466
4.823927,6042.786391,4.823927,4059.687744,1983.0986469999998,32.81761953316082
4.821601,6023.256829,4.821601,3994.864258,2028.3925709999999,33.67600998240615
4.819277,6017.492437,4.819277,3990.9729,2026.5195369999997,33.67714306609605
4.816956,6016.369623,4.816956,3987.545898,2028.8237249999997,33.72172675767796
4.814636,5997.625335,4.814636,3965.024902,2032.6004329999996,33.89008681716861
4.81232,5991.731069,4.81232,3955.940918,2035.7901510000006,33.97666096084929
4.810005,5985.868178,4.810005,3949.451416,2036.4167619999998,34.02040775780011
4.807692,5983.088657,4.807692,3931.278076,2051.810581,34.29350121027298
4.805382,5956.894047,4.805382,3926.084717,2030.8093299999996,34.09174838392085
4.803074,5940.054319,4.803074,3915.696777,2024.3575419999997,34.07978165325595
4.800768,5929.782314,4.800768,3911.801025,2017.9812889999998,34.031287864237775
4.798464,5929.117014,4.798464,3891.019531,2038.0974830000005,34.37438455317354
4.796163,5874.125128,4.796163,3878.027832,1996.0972959999995,33.98118447435292
4.793864,5859.19662,4.793864,3863.734375,1995.4622449999997,34.05692579403488
4.791567,5857.310208,4.791567,3842.938477,2014.3717309999997,34.3907298651989
4.789272,5829.478464,4.789272,3803.929199,2025.5492649999997,34.746663488145614
4.786979,5823.125773,4.786979,3780.84082,2042.2849529999999,35.071970495115046
4.784689,5809.290401,4.784689,3733.657471,2075.63293,35.72954331294412
4.782401,5793.636429,4.782401,3712.398682,2081.237747,35.92282278160192
4.780115,5714.443008,4.780115,3708.915527,2005.527481,35.095764857438226
4.777831,5707.495067,4.777831,3602.060547,2105.43452,36.88894156340757
4.775549,5705.131362,4.775549,3595.511719,2109.619643,36.977582270085506
4.77327,5652.516379,4.77327,3586.379395,2066.1369839999998,36.552516533627895
4.770992,5630.555345,4.770992,3540.699951,2089.8553939999997,37.11632806976697
4.768717,5607.39052,4.768717,3535.477539,2071.912981,36.949682273957265
4.766444,5584.105524,4.766444,3527.643066,2056.4624579999995,36.827070139729685
4.764173,5552.292819,4.764173,3463.630859,2088.6619600000004,37.618008057006264
4.761905,5525.906243,4.761905,3414.542725,2111.3635180000006,38.20845713179793
4.759638,5525.625133,4.759638,3400.869141,2124.7559919999994,38.45277124049883
4.757374,5509.579773,4.757374,3398.25293,2111.3268430000003,38.32101412428356
4.755112,5492.234016,4.755112,3369.467773,2122.7662430000005,38.650324017803115
4.752852,5489.019746,4.752852,3355.071045,2133.948701,38.876681078712956
4.750594,5486.178694,4.750594,3348.526123,2137.652571,38.964326359581754
4.748338,5467.717075,4.748338,3318.411377,2149.3056979999997,39.30901450309588
4.746084,5435.576931,4.746084,3273.871338,2161.7055929999997,39.76957037755152
4.743833,5423.531108,4.743833,3235.859619,2187.6714890000003,40.33666342898019
4.741584,5420.765734,4.741584,3153.214111,2267.551623,41.830835979085315
4.739336,5411.904491,4.739336,3090.183594,2321.720897,42.90025629352889
4.737091,5405.806533,4.737091,3080.987061,2324.819472,43.00596881904727
4.734848,5403.723615,4.734848,3079.67334,2324.050275,43.008311316084956
4.732608,5379.156446,4.732608,3065.218994,2313.937452,43.016734598241136
4.730369,5333.65787,4.730369,2969.224365,2364.433505,44.330430684336335
4.728132,5323.584995,4.728132,2953.432617,2370.152378,44.52173451210203
4.725898,5262.29578,4.725898,2871.78833,2390.5074500000005,45.42708258789665
4.723666,5233.398175,4.723666,2861.24707,2372.1511050000004,45.327166511651875
4.721435,5196.692425,4.721435,2837.523926,2359.1684990000003,45.397501065305015
4.719207,5156.355141,4.719207,2825.659424,2330.695717,45.20044979966208
4.716981,5142.365452,4.716981,2796.649902,2345.71555,45.61549683497679
4.714757,5109.689628,4.714757,2787.416992,2322.272636,45.44840890676502
4.712535,5081.090417,4.712535,2786.098145,2294.9922720000004,45.16731810797061
4.710316,5077.154909,4.710316,2774.225586,2302.929323,45.35865783645326
4.708098,5056.177753,4.708098,2763.670654,2292.507099,45.34071409257277
4.705882,5054.15633,4.705882,2749.155273,2305.001057,45.60604988251323
4.703669,5051.068068,4.703669,2708.233398,2342.8346699999997,46.38295581171328
4.701457,5037.474309,4.701457,2691.066162,2346.408147,46.57905932756589
4.699248,5034.707156,4.699248,2685.783203,2348.9239530000004,46.654629161513846
4.697041,5019.766229,4.697041,2668.610596,2351.155633,46.83795072800391
4.694836,4986.898181,4.694836,2655.398438,2331.4997429999994,46.7525034275409
4.692633,4978.976506,4.692633,2650.113037,2328.863469,46.77393970816218
4.690432,4960.08872,4.690432,2607.815918,2352.272802,47.42400660123676
4.688233,4957.491155,4.688233,2598.560303,2358.9308519999995,47.58315805810045
4.686036,4956.109058,4.686036,2580.045654,2376.063404,47.94211298003282
4.683841,4949.918731,4.683841,2572.109375,2377.8093559999998,48.037341322564025
4.681648,4944.64635,4.681648,2539.033203,2405.613147,48.650863514232924
4.679457,4923.881189,4.679457,2511.238037,2412.6431519999996,48.998809260261375
4.677268,4898.940125,4.677268,2496.674805,2402.26532,49.03642948687804
4.675082,4898.815353,4.675082,2486.081543,2412.73381,49.251372753260824
4.672897,4882.138778,4.672897,2455.618164,2426.5206139999996,49.70199997047277
4.670715,4863.407725,4.670715,2438.394287,2425.013438,49.86243340311345
4.668534,4858.602634,4.668534,2427.793213,2430.809421,50.0310398712059
4.666356,4857.742451,4.666356,2293.829834,2563.912617,52.779920773119635
4.664179,4813.145297,4.664179,2268.603271,2544.542026,52.86651179190446
4.662005,4802.234177,4.662005,2256.650879,2545.5832980000005,53.00831246822389
4.659832,4787.097615,4.659832,2239.383301,2547.714314,53.22043791246149
4.657662,4787.045443,4.657662,2230.083984,2556.961459,53.41418813433228
4.655493,4757.966517,4.655493,2156.97876,2600.987757,54.665953358578456
4.653327,4742.753606,4.653327,2105.099609,2637.6539970000003,55.61440074945357
4.651163,4729.296667,4.651163,2082.475342,2646.8213249999994,55.96648955158473
4.649,4715.553888,4.649,2055.850098,2659.7037900000005,56.402786463077746
4.64684,4701.111152,4.64684,2037.207153,2663.903999,56.66541191791842
4.644682,4696.234174,4.644682,2035.875366,2660.358808,56.648768128486424
4.642526,4641.144696,4.642526,2017.227905,2623.9167910000006,56.535983315957374
4.640371,4639.246486,4.640371,2010.567017,2628.6794689999997,56.66177636675801
4.638219,4635.933232,4.638219,1989.248535,2646.6846970000006,57.09065606749878
4.636069,4597.549665,4.636069,1986.583374,2610.9662909999997,56.790387951143536
4.63392,4589.883106,4.63392,1923.925781,2665.9573250000003,58.08333814678199
4.631774,4575.427958,4.631774,1794.45874,2780.969218,60.78052683875303
4.62963,4565.864437,4.62963,1742.360718,2823.5037190000003,61.83941196587919
4.627487,4564.120068,4.627487,1731.653564,2832.466504,62.05942135175222
4.625347,4554.182628,4.625347,1728.97998,2825.2026479999995,62.03533935222766
4.623209,4544.203185,4.623209,1719.621704,2824.581481,62.1579046096285
4.621072,4511.107,4.621072,1687.527954,2823.579046,62.591710770770895
4.618938,4496.054501,4.618938,1651.407593,2844.6469079999997,63.269849317158
4.616805,4495.506254,4.616805,1648.731323,2846.774931,63.32490202781953
4.614675,4490.762511,4.614675,1568.405273,2922.3572379999996,65.07485601480295
4.612546,4490.019034,4.612546,1545.632202,2944.386832,65.57626615174836
4.61042,4473.381705,4.61042,1446.43042,3026.951285,67.66583950608795
4.608295,4464.716262,4.608295,1435.698853,3029.017409,67.84344695721227
4.606172,4446.657362,4.606172,1430.332642,3016.3247199999996,67.83353144716617
4.604052,4446.125896,4.604052,1402.154175,3043.971721,68.46346217363163
4.601933,4432.974985,4.601933,1399.470093,3033.504892,68.43045364037849
4.599816,4423.756931,4.599816,1359.197754,3064.559177,69.27503533308395
4.597701,4360.605395,4.597701,1345.769409,3014.8359859999996,69.13801440178239
4.595588,4360.22695,4.595588,1300.097168,3060.129782,70.18280968150063
4.593477,4334.233764,4.593477,1223.474731,3110.7590329999994,71.77183332467804
4.591368,4319.081393,4.591368,1219.440063,3099.6413300000004,71.76621711791853
4.589261,4294.554435,4.589261,1181.77417,3112.7802650000003,72.48203072317094
4.587156,4273.026767,4.587156,1149.476074,3123.550693,73.09925407261086
4.585053,4270.147019,4.585053,1145.437988,3124.7090310000003,73.17567795901691
4.582951,4250.224259,4.582951,1136.015015,3114.2092439999997,73.27164531155155
4.580852,4231.399343,4.580852,1072.720215,3158.6791279999998,74.648570648984
4.578755,4210.687358,4.578755,1037.686401,3173.000957,75.35589055244219
4.576659,4207.033998,4.576659,986.457886,3220.5761119999997,76.55217698575869
4.574565,4173.946856,4.574565,979.715027,3194.2318289999994,76.5278509573817
4.572474,4172.583831,4.572474,958.134583,3214.449248,77.0373796715218
4.570384,4172.275216,4.570384,920.35614,3251.919076,77.94114500235787
4.568296,4162.369848,4.568296,874.460693,3287.9091550000003,78.99127840789606
4.56621,4148.174973,4.56621,831.243286,3316.9316870000002,79.96122894018531
4.564126,4129.299536,4.564126,829.892456,3299.4070800000004,79.90234303021994
4.562044,4124.292493,4.562044,816.382507,3307.9099859999997,80.20551383332743
4.559964,4103.132138,4.559964,793.411011,3309.721127,80.66328394223407
4.557885,4095.001067,4.557885,786.653564,3308.347503,80.78990576243481
4.555809,4077.049485,4.555809,749.185486,3327.863999,81.62432198195407
4.553734,4072.287459,4.553734,731.223267,3341.0641920000003,82.04391820661009
4.551661,4064.880127,4.551661,725.813599,3339.066528,82.14428036440839
4.549591,4048.848977,4.549591,693.348877,3355.5001,82.87540777789796
4.547522,4040.156251,4.547522,679.81842,3360.337831,83.17346216914916
4.545455,4037.015907,4.545455,663.579285,3373.436622,83.56262892476138
4.543389,4035.533721,4.543389,658.165588,3377.368133,83.6907424518582
4.541326,4021.409949,4.541326,572.8573,3448.5526489999997,85.75481467283753
4.539265,4001.767589,4.539265,510.518433,3491.249156,87.24267660112733
4.537205,3980.573806,4.537205,487.469452,3493.104354,87.75378938420317
4.535147,3965.778512,4.535147,475.264709,3490.513803,88.01585344310323
4.533092,3963.456742,4.533092,449.493866,3513.9628759999996,88.65904448415448
4.531038,3958.83815,4.531038,439.997559,3518.840591,88.88568963093377
4.528986,3943.113001,4.528986,418.287994,3524.8250070000004,89.39193490285673
4.526935,3930.402985,4.526935,331.399078,3599.0039070000003,91.56831807667682
4.524887,3908.002914,4.524887,319.173859,3588.829055,91.8328142014277
4.52284,3905.666142,4.52284,301.51236,3604.153782,92.28012971314536
4.520796,3896.162544,4.520796,290.64209,3605.520454,92.54029864725275
4.518753,3866.144564,4.518753,255.305023,3610.8395410000003,93.39639222554432
4.516712,3865.905404,4.516712,236.271896,3629.633508,93.88831667335852
4.514673,3852.096803,4.514673,228.113663,3623.98314,94.07819495028407
4.512635,3838.041547,4.512635,209.075043,3628.966504,94.55255915185641
4.5106,3831.249826,4.5106,161.461761,3669.788065,95.7856634692869
4.508566,3824.960956,4.508566,143.770737,3681.190219,96.24124955381636
4.506534,3824.694634,4.506534,141.048752,3683.645882,96.31215651189162
4.504505,3814.666172,4.504505,35.349323,3779.3168490000003,99.07333115386434
