RP,Loss_gen,ReturnPeriod,Loss_expected,Loss_Diff,Percent_Diff
10000.0,440000.0,10000.0,440000.0,0.0,0.0
5000.0,437756.429296,5000.0,440000.0,2243.5707040000125,0.5125157630712868
3333.333333,434309.710831,3333.333333,440000.0,5690.289168999996,1.3101915584876755
2500.0,432848.93148,2500.0,440000.0,7151.068519999972,1.6520933748291788
2000.0,426251.373209,2000.0,435459.34375,9207.970541000017,2.160220733525979
1666.666667,421861.385927,1666.666667,430416.3125,8554.926572999975,2.0278998880642614
1428.571429,409239.745766,1428.571429,428736.09375,19496.347983999993,4.764040684148956
1250.0,395487.740092,1250.0,423838.03125,28350.291158000007,7.168437421449536
1111.111111,383892.508464,1111.111111,403044.9375,19152.429035999987,4.989008280633335
1000.0,369984.9142,1000.0,375508.53125,5523.617050000001,1.4929303433745247
909.090909,354939.6092,909.090909,371395.0,16455.390799999994,4.63611002364286
833.333333,337284.928058,833.333333,346274.375,8989.44694200001,2.665238258275855
769.230769,329710.923009,769.230769,340494.375,10783.45199099998,3.270577720807153
714.285714,317825.700192,714.285714,321694.8125,3869.1123079999816,1.2173692390711741
666.666667,308849.517444,666.666667,316100.15625,7250.638806000003,2.3476283421147564
625.0,294835.498426,625.0,299921.375,5085.876573999994,1.7249878665056628
588.235294,291297.730928,588.235294,293759.21875,2461.4878219999955,0.8450075509199215
555.555556,289715.99812,555.555556,291627.03125,1911.0331299999962,0.6596229212059076
526.315789,286241.710288,526.315789,285366.09375,875.616538000002,0.3059010991511359
500.0,282950.202194,500.0,284824.3125,1874.1103059999878,0.6623463392031916
476.190476,280559.809984,476.190476,283106.1875,2546.3775160000077,0.9076059454649704
454.545455,275356.291867,454.545455,280280.46875,4924.176883000007,1.7882928512773688
434.782609,272724.213964,434.782609,264896.9375,7827.276463999995,2.870033558895217
416.666667,270178.727097,416.666667,264657.25,5521.477096999995,2.043638726233863
400.0,267684.613541,400.0,261458.0,6226.613540999999,2.3261006520444996
384.615385,265718.499345,384.615385,260586.46875,5132.030595000018,1.931378736388527
370.37037,262498.866895,370.37037,249421.25,13077.616894999985,4.981970798461029
357.142857,260416.26466,357.142857,247921.84375,12494.420909999986,4.797865035931119
344.827586,258234.484385,344.827586,246920.53125,11313.953134999989,4.3812712163306955
333.333333,255741.701351,333.333333,244250.15625,11491.545100999996,4.493418570492771
322.580645,254384.638219,322.580645,243776.984375,10607.653843999986,4.1699270515178855
312.5,244753.426741,312.5,243251.328125,1502.098616000003,0.6137191360305388
303.030303,241477.155726,303.030303,240012.75,1464.4057259999972,0.6064365474229924
294.117647,238429.642193,294.117647,236843.5625,1586.079693000007,0.6652191725876659
285.714286,237527.617018,285.714286,235566.640625,1960.97639299999,0.8255782706948918
277.777778,236037.686937,277.777778,234290.46875,1747.2181869999913,0.7402284820162364
270.27027,235090.790181,270.27027,231132.296875,3958.4933059999894,1.683814709607418
263.157895,231766.996824,263.157895,226455.53125,5311.465574000002,2.291726452335852
256.410256,229019.217555,256.410256,226119.296875,2899.92068000001,1.266234646576583
250.0,225978.246811,250.0,224913.34375,1064.90306099999,0.4712414031119713
243.902439,223142.866755,243.902439,223365.53125,222.66449500000454,0.09978562086166945
238.095238,222003.740716,238.095238,221789.484375,214.25634100000025,0.09651023911083072
232.55814,221161.544064,232.55814,220000.015625,1161.528438999987,0.5251945784317108
227.272727,220435.209851,227.272727,220000.015625,435.19422599999234,0.19742500587549314
222.222222,220000.012755,222.222222,220000.015625,0.002869999996619299,1.3045453773747891e-06
217.391304,220000.010735,217.391304,220000.015625,0.004890000011073425,2.2227271693016654e-06
212.765957,220000.009705,212.765957,220000.015625,0.005919999995967373,2.690908970370299e-06
208.333333,220000.007345,208.333333,220000.0,0.007344999990891665,3.338636248031288e-06
204.081633,220000.005649,204.081633,220000.0,0.005648999998811632,2.5677272062548737e-06
200.0,220000.003971,200.0,220000.0,0.003970999998273328,1.8049999666348996e-06
196.078431,220000.00283,196.078431,220000.0,0.0028300000121816993,1.2863636253534583e-06
192.307692,220000.001759,192.307692,220000.0,0.0017590000061318278,7.995454509399196e-07
188.679245,220000.0,188.679245,220000.0,0.0,0.0
185.185185,220000.0,185.185185,220000.0,0.0,0.0
181.818182,220000.0,181.818182,220000.0,0.0,0.0
178.571429,220000.0,178.571429,220000.0,0.0,0.0
175.438596,220000.0,175.438596,220000.0,0.0,0.0
172.413793,220000.0,172.413793,220000.0,0.0,0.0
169.491525,220000.0,169.491525,220000.0,0.0,0.0
166.666667,220000.0,166.666667,220000.0,0.0,0.0
163.934426,220000.0,163.934426,220000.0,0.0,0.0
161.290323,220000.0,161.290323,220000.0,0.0,0.0
158.730159,220000.0,158.730159,220000.0,0.0,0.0
156.25,220000.0,156.25,220000.0,0.0,0.0
153.846154,220000.0,153.846154,220000.0,0.0,0.0
151.515152,220000.0,151.515152,220000.0,0.0,0.0
149.253731,220000.0,149.253731,220000.0,0.0,0.0
147.058824,220000.0,147.058824,220000.0,0.0,0.0
144.927536,220000.0,144.927536,220000.0,0.0,0.0
142.857143,220000.0,142.857143,220000.0,0.0,0.0
140.84507,220000.0,140.84507,220000.0,0.0,0.0
138.888889,220000.0,138.888889,220000.0,0.0,0.0
136.986301,220000.0,136.986301,220000.0,0.0,0.0
135.135135,220000.0,135.135135,220000.0,0.0,0.0
133.333333,220000.0,133.333333,220000.0,0.0,0.0
131.578947,220000.0,131.578947,220000.0,0.0,0.0
129.87013,220000.0,129.87013,220000.0,0.0,0.0
128.205128,220000.0,128.205128,220000.0,0.0,0.0
126.582278,220000.0,126.582278,220000.0,0.0,0.0
125.0,220000.0,125.0,220000.0,0.0,0.0
123.45679,220000.0,123.45679,220000.0,0.0,0.0
121.95122,220000.0,121.95122,220000.0,0.0,0.0
120.481928,220000.0,120.481928,220000.0,0.0,0.0
119.047619,220000.0,119.047619,220000.0,0.0,0.0
117.647059,220000.0,117.647059,220000.0,0.0,0.0
116.27907,220000.0,116.27907,220000.0,0.0,0.0
114.942529,220000.0,114.942529,220000.0,0.0,0.0
113.636364,220000.0,113.636364,220000.0,0.0,0.0
112.359551,220000.0,112.359551,220000.0,0.0,0.0
111.111111,220000.0,111.111111,220000.0,0.0,0.0
109.89011,220000.0,109.89011,220000.0,0.0,0.0
108.695652,220000.0,108.695652,220000.0,0.0,0.0
107.526882,220000.0,107.526882,220000.0,0.0,0.0
106.382979,220000.0,106.382979,220000.0,0.0,0.0
105.263158,220000.0,105.263158,220000.0,0.0,0.0
104.166667,220000.0,104.166667,220000.0,0.0,0.0
103.092784,220000.0,103.092784,220000.0,0.0,0.0
102.040816,220000.0,102.040816,220000.0,0.0,0.0
101.010101,220000.0,101.010101,220000.0,0.0,0.0
100.0,220000.0,100.0,220000.0,0.0,0.0
99.009901,220000.0,99.009901,220000.0,0.0,0.0
98.039216,220000.0,98.039216,220000.0,0.0,0.0
97.087379,220000.0,97.087379,220000.0,0.0,0.0
96.153846,220000.0,96.153846,220000.0,0.0,0.0
95.238095,220000.0,95.238095,220000.0,0.0,0.0
94.339623,220000.0,94.339623,220000.0,0.0,0.0
93.457944,220000.0,93.457944,220000.0,0.0,0.0
92.592593,220000.0,92.592593,220000.0,0.0,0.0
91.743119,220000.0,91.743119,220000.0,0.0,0.0
90.909091,220000.0,90.909091,220000.0,0.0,0.0
90.09009,220000.0,90.09009,220000.0,0.0,0.0
89.285714,220000.0,89.285714,220000.0,0.0,0.0
88.495575,219999.994436,88.495575,220000.0,0.005563999991863966,2.5290909693557215e-06
87.719298,219999.989778,87.719298,220000.0,0.010222000011708587,4.646363857572683e-06
86.956522,219999.987182,86.956522,220000.0,0.012817999988328665,5.826363970523635e-06
86.206897,219977.6564,86.206897,220000.0,22.343599999992875,0.010157213403239473
85.470085,219866.736203,85.470085,220000.0,133.26379699999234,0.06061116806543745
84.745763,219821.985424,84.745763,220000.0,178.01457599998685,0.0809812429164564
84.033613,219751.490622,84.033613,220000.0,248.50937799998792,0.11308654940022914
83.333333,219699.085558,83.333333,220000.0,300.9144420000084,0.1369666338099381
82.644628,219615.868245,82.644628,220000.0,384.13175500000943,0.17491074669134477
81.967213,219542.193353,81.967213,220000.0,457.80664699999033,0.20852786428342132
81.300813,219457.473364,81.300813,220000.0,542.526635999995,0.247212650215899
80.645161,219410.984217,80.645161,220000.0,589.0157830000098,0.2684531884773218
80.0,219301.204702,80.0,220000.0,698.7952980000118,0.3186463562521592
79.365079,219191.151355,79.365079,220000.0,808.8486449999909,0.3690151906223564
78.740157,219008.560897,78.740157,220000.0,991.4391030000115,0.45269422297436435
78.125,218937.592936,78.125,220000.0,1062.407063999999,0.4852556611009068
77.51938,218836.354953,77.51938,220000.0,1163.6450469999982,0.5317421080468631
76.923077,218789.508924,76.923077,220000.0,1210.4910760000057,0.5532674221689894
76.335878,218676.136609,76.335878,220000.0,1323.8633909999917,0.6053991128291708
75.757576,218604.49474,75.757576,220000.0,1395.5052600000054,0.6383698842330607
75.18797,218556.22277,75.18797,220000.0,1443.777230000007,0.6605976309900732
74.626866,218364.1709,74.626866,220000.0,1635.8291000000027,0.7491288947531285
74.074074,218055.566028,74.074074,220000.0,1944.433971999999,0.8917148997473052
73.529412,217950.247546,73.529412,220000.0,2049.7524540000013,0.940468055016724
72.992701,217834.58118,72.992701,220000.0,2165.4188199999917,0.9940656842774993
72.463768,217713.837108,72.463768,220000.0,2286.162891999993,1.0500769828726642
71.942446,217484.212833,71.942446,220000.0,2515.7871670000022,1.1567677185524285
71.428571,217374.428956,71.428571,220000.0,2625.571044000011,1.207856442273377
70.921986,217062.079169,70.921986,220000.0,2937.920830999996,1.3534933610916866
70.422535,216621.679292,70.422535,220000.0,3378.320708000014,1.5595487575581628
69.93007,216153.658561,69.93007,220000.0,3846.3414390000107,1.779447761655419
69.444444,215506.045955,69.444444,220000.0,4493.954044999991,2.0853030016328997
68.965517,215418.91063,68.965517,220000.0,4581.0893700000015,2.1265957369306383
68.493151,214866.392573,68.493151,220000.0,5133.60742700001,2.3892091106131863
68.027211,214340.314086,68.027211,220000.0,5659.6859140000015,2.6405139593707787
67.567568,213520.764001,67.567568,220000.0,6479.235998999997,3.0344758409395967
67.114094,212907.054696,67.114094,219999.984375,7092.9296789999935,3.3314676627919417
66.666667,211574.278268,66.666667,219999.984375,8425.706107000005,3.9823867891574274
66.225166,211236.28077,66.225166,219999.984375,8763.703604999988,4.14876818179835
65.789474,210720.032792,65.789474,219967.09375,9247.060957999987,4.388316020777998
65.359477,209974.546828,65.359477,219893.75,9919.203172000009,4.724002657391276
64.935065,209597.355109,64.935065,219765.3125,10167.957391000004,4.851185925372108
64.516129,209358.836908,64.516129,219384.234375,10025.397467000003,4.788619202830943
64.102564,208829.108584,64.102564,218884.515625,10055.407040999999,4.81513669678635
63.694268,208366.096973,63.694268,218067.21875,9701.121776999993,4.65580625539915
63.291139,207041.783298,63.291139,217934.03125,10892.247952000005,5.2608936121471395
62.893082,206583.637116,62.893082,217736.28125,11152.644134000002,5.398609633219699
62.5,206065.506158,62.5,217213.9375,11148.431341999996,5.410139498772772
62.111801,205149.564424,62.111801,216346.96875,11197.404325999989,5.4581662688093076
61.728395,204615.43503,61.728395,215436.296875,10820.861845000007,5.2883898242639855
61.349693,204224.891983,61.349693,215149.59375,10924.701766999991,5.349348779633278
60.97561,204053.379645,60.97561,214775.046875,10721.667229999992,5.254344352763436
60.606061,203624.473567,60.606061,213632.5625,10008.088932999992,4.914973508676479
60.240964,202683.291826,60.240964,211666.953125,8983.661299,4.432364018792587
59.88024,201761.775939,59.88024,211263.8125,9502.036560999986,4.70953257463039
59.52381,201544.221065,59.52381,210273.328125,8729.10706000001,4.331112553797703
59.171598,200626.146671,59.171598,210229.109375,9602.962704000005,4.786496108978048
58.823529,199901.301227,58.823529,209958.734375,10057.433148000011,5.031199440057266
58.479532,198855.179596,58.479532,209946.90625,11091.726653999998,5.577791172718897
58.139535,198327.179817,58.139535,208994.25,10667.070183000003,5.378521588842587
57.803468,197886.186314,57.803468,207991.484375,10105.298061000009,5.1066212600434975
57.471264,197329.906589,57.471264,206352.3125,9022.405911000009,4.572244555809746
57.142857,196821.48978,57.142857,206105.71875,9284.228969999996,4.717080934799129
56.818182,195832.504292,56.818182,205174.546875,9342.042583000002,4.770424918363073
56.497175,194948.031822,56.497175,205152.5625,10204.53067800001,5.234487664547133
56.179775,194382.633467,56.179775,204417.203125,10034.569657999993,5.1622768346245005
55.865922,193294.333295,55.865922,203972.296875,10677.96358000001,5.524198975716285
55.555556,192485.831802,55.555556,203155.40625,10669.574448,5.543044050626659
55.248619,191593.953555,55.248619,203068.5,11474.546445000015,5.988991944730692
54.945055,190896.562086,54.945055,202885.796875,11989.23478900001,6.280487536280926
54.644809,190239.843286,54.644809,202487.84375,12248.000464000012,6.438188894839864
54.347826,189799.409213,54.347826,202336.0,12536.590786999994,6.6051790355843325
54.054054,189186.602242,54.054054,200794.6875,11608.085258000006,6.13578610770302
53.763441,188178.970051,53.763441,199940.609375,11761.639323999989,6.250241098042126
53.475936,187817.758375,53.475936,199904.078125,12086.319749999995,6.43513150969902
53.191489,187376.47037,53.191489,198335.75,10959.279630000005,5.848802471494652
52.910053,186451.536807,52.910053,197963.375,11511.838193000003,6.174171792918046
52.631579,184646.815197,52.631579,197375.84375,12729.028553000011,6.893716817925828
52.356021,184004.739065,52.356021,194768.46875,10763.729684999998,5.849702425978111
52.083333,183608.040056,52.083333,193811.15625,10203.116194000002,5.557009481114267
51.813472,181939.447567,51.813472,193289.796875,11350.349308000004,6.238531258494774
51.546392,181463.927609,51.546392,192619.6875,11155.759890999994,6.147646002150515
51.282051,180615.543026,51.282051,191629.96875,11014.425724,6.098271244803361
51.020408,179534.363664,51.020408,191154.734375,11620.370710999996,6.472505025693918
50.761421,178572.616993,50.761421,191105.59375,12532.976756999997,7.018420275204505
50.505051,177875.84545,50.505051,189845.703125,11969.857675000007,6.729332835899113
50.251256,177536.182406,50.251256,188216.546875,10680.364468999993,6.015880438712779
50.0,177015.602976,50.0,187837.5625,10821.959524000005,6.113562500740265
49.751244,176601.735283,49.751244,185589.53125,8987.795967000013,5.089302181882465
49.50495,176384.369865,49.50495,185012.578125,8628.208260000014,4.8917079594999375
49.261084,176015.237417,49.261084,184628.28125,8613.043833000003,4.893351257195267
49.019608,175649.138337,49.019608,184557.609375,8908.471037999989,5.071741952361997
48.780488,175327.316311,48.780488,184077.3125,8749.996188999998,4.990663390682964
48.543689,174743.689089,48.543689,183889.53125,9145.842161000008,5.233861210485188
48.309179,174330.460451,48.309179,183198.0,8867.539549000008,5.086626586116576
48.076923,173626.282671,48.076923,183179.375,9553.092329000006,5.502100362939818
47.84689,173409.159967,47.84689,183179.21875,9770.058782999986,5.634107670470949
47.619048,172448.933817,47.619048,182954.8125,10505.878682999988,6.092167953991908
47.393365,171958.893131,47.393365,182775.6875,10816.79436900001,6.290337284713544
47.169811,171730.572574,47.169811,182431.578125,10701.00555100001,6.231275765640895
46.948357,171337.442275,46.948357,180521.71875,9184.276474999991,5.360344098203033
46.728972,170945.251216,46.728972,180259.0,9313.748783999996,5.448381114858519
46.511628,170381.115355,46.511628,180247.4375,9866.322145000013,5.790736916144079
46.296296,169952.810361,46.296296,179849.203125,9896.39276399999,5.823023898798068
46.082949,169241.564928,46.082949,179518.5,10276.935071999993,6.072346988975245
45.87156,168504.911805,45.87156,179048.25,10543.33819499999,6.2569916105479
45.6621,167774.818002,45.6621,178499.671875,10724.853872999985,6.392409779203061
45.454545,167150.129883,45.454545,178363.375,11213.245117000013,6.708487229324287
45.248869,166728.38732,45.248869,177775.34375,11046.956429999991,6.625720195324439
45.045045,166518.738846,45.045045,177339.65625,10820.917404000007,6.498318134637938
44.843049,166080.290266,44.843049,176768.09375,10687.803484000004,6.4353232204026405
44.642857,165806.46232,44.642857,176486.578125,10680.115805000009,6.441314563715739
44.444444,165439.866187,44.444444,176165.25,10725.383812999993,6.482950004853652
44.247788,165134.753951,44.247788,175653.4375,10518.683549000008,6.3697576054288305
44.052863,164944.034442,44.052863,175350.09375,10406.059307999996,6.308842476906386
43.859649,164532.649361,43.859649,174705.671875,10173.022514000011,6.182981039635148
43.668122,164115.849353,43.668122,173934.734375,9818.885022000002,5.98289870278182
43.478261,163339.095081,43.478261,172732.40625,9393.311168999993,5.750803972767109
43.290043,162835.334477,43.290043,172642.140625,9806.806148000003,6.022529556928067
43.103448,162382.183837,43.103448,172026.34375,9644.15991300001,5.93917367356068
42.918455,161962.326934,42.918455,171891.75,9929.423065999988,6.130699190340881
42.735043,161408.373332,42.735043,171434.359375,10025.986043000012,6.211565011176723
42.553191,160673.141482,42.553191,171187.015625,10513.874142999994,6.543641361601092
42.372881,160094.642849,42.372881,170915.953125,10821.310276000004,6.759320663969111
42.194093,159704.081938,42.194093,170555.1875,10851.105562000012,6.794507335268116
42.016807,159479.110923,42.016807,170062.109375,10582.998452,6.635977834808536
41.841004,159038.358603,41.841004,168971.078125,9932.719522,6.245486692172535
41.666667,158521.968738,41.666667,168405.40625,9883.437512000004,6.234743102601149
41.493776,157888.311155,41.493776,167810.84375,9922.532594999997,6.284526398701535
41.322314,157019.81986,41.322314,166880.09375,9860.273890000011,6.279636480790453
41.152263,156350.513556,41.152263,166830.140625,10479.62706900001,6.7026495984271435
40.983607,155902.68643,40.983607,166739.5,10836.813569999998,6.95101144063076
40.816327,155396.754034,40.816327,164736.96875,9340.214715999988,6.010559727622365
40.650407,154990.544587,40.650407,164417.078125,9426.533537999989,6.082005559189866
40.48583,154459.92271,40.48583,164019.75,9559.827289999987,6.189195955994782
40.322581,153666.50173,40.322581,163933.453125,10266.951395000011,6.681320443566534
40.160643,153501.148976,40.160643,163708.875,10207.726024000003,6.649934604460836
40.0,153183.620388,40.0,163022.609375,9838.98898699999,6.42300329635684
39.840637,152829.104999,39.840637,162396.109375,9567.004375999997,6.25993613982271
39.68254,152469.884263,39.68254,159448.03125,6978.1469869999855,4.5767379051479855
39.525692,151973.543209,39.525692,158545.734375,6572.191166000004,4.324562701655029
39.370079,151711.535074,39.370079,158279.21875,6567.683675999986,4.329060194926168
39.215686,150954.788709,39.215686,158061.546875,7106.758166000014,4.707871957410985
39.0625,150720.059661,39.0625,157708.671875,6988.612213999993,4.636816247099955
38.910506,150540.440783,38.910506,157331.109375,6790.668592000002,4.510860043108661
38.75969,150192.789063,38.75969,157152.5,6959.710936999996,4.633851585298592
38.610039,150058.017586,38.610039,157058.828125,7000.810538999998,4.665402523385831
38.461538,149748.464972,38.461538,156822.046875,7073.581903000013,4.723642345397419
38.314176,149533.970329,38.314176,156530.625,6996.654670999997,4.678973383510232
38.167939,149246.070653,38.167939,155446.59375,6200.5230969999975,4.154563714723407
38.022814,149000.656537,38.022814,155340.984375,6340.327837999997,4.25523483275764
37.878788,148479.685507,37.878788,154304.390625,5824.705118000013,3.9228969930202404
37.735849,148028.478934,37.735849,154127.078125,6098.599190999987,4.119882359744512
37.593985,147596.34599,37.593985,153691.34375,6094.997759999998,4.129504507118996
37.453184,147007.048803,37.453184,153653.28125,6646.232446999988,4.521029774501776
37.313433,146391.750124,37.313433,153317.234375,6925.484250999987,4.730788616936275
37.174721,145988.617565,37.174721,152706.921875,6718.304310000007,4.601937070202578
37.037037,145393.508295,37.037037,152372.859375,6979.351079999993,4.800318227302868
36.900369,144758.011746,36.900369,152133.671875,7375.660128999996,5.095165400545647
36.764706,144245.406832,36.764706,151676.125,7430.718167999992,5.151441790208553
36.630037,143667.648281,36.630037,150544.1875,6876.539218999998,4.786421509141817
36.49635,143360.719846,36.49635,150195.609375,6834.889529000007,4.767616636092605
36.363636,143160.817111,36.363636,149997.734375,6836.917263999989,4.775690305468829
36.231884,142915.546457,36.231884,149942.671875,7027.1254180000105,4.916977608250836
36.101083,142460.93526,36.101083,149934.09375,7473.158490000002,5.2457598122327544
35.971223,142163.344395,35.971223,149887.78125,7724.436855000007,5.433494047198064
35.842294,141944.924249,35.842294,149312.96875,7368.044500999997,5.190777014382678
35.714286,141703.127379,35.714286,148187.703125,6484.575745999988,4.576169817802471
35.587189,141375.355636,35.587189,148178.953125,6803.597489000007,4.812435277982446
35.460993,140855.033185,35.460993,147930.75,7075.7168149999925,5.023403605114129
35.335689,140648.900215,35.335689,147910.921875,7262.0216599999985,5.16322676458832
35.211268,140510.839966,35.211268,147333.96875,6823.128784,4.855944769564413
35.087719,140324.044185,35.087719,147261.0625,6937.018314999994,4.943570686898382
34.965035,139795.287366,34.965035,146965.875,7170.587633999996,5.129348613323838
34.843206,139518.275656,34.843206,145671.9375,6153.6618439999875,4.410649296707637
34.722222,139152.039484,34.722222,145459.96875,6307.929265999992,4.53312023984046
34.602076,138824.036128,34.602076,145015.671875,6191.635746999993,4.4600603178624745
34.482759,138519.589865,34.482759,144884.8125,6365.222635000013,4.595178661157966
34.364261,138260.453807,34.364261,144606.8125,6346.358692999987,4.590147448712248
34.246575,138133.551506,34.246575,144463.796875,6330.245369000011,4.582699351449781
34.129693,137862.124122,34.129693,144414.609375,6552.485252999992,4.752926370988902
34.013605,137498.661772,34.013605,144361.0625,6862.400728000008,4.990885467219475
33.898305,137334.767339,33.898305,143350.5625,6015.795160999987,4.3803876305775304
33.783784,137153.107308,33.783784,143248.296875,6095.189566999994,4.444076905463204
33.670034,136601.555401,33.670034,143062.328125,6460.7727240000095,4.729647993417148
33.557047,136274.898882,33.557047,142568.671875,6293.772992999991,4.618438938230105
33.444816,136091.650922,33.444816,141769.453125,5677.802202999999,4.172043005234901
33.333333,135756.565179,33.333333,141337.125,5580.559821000003,4.11071082539679
33.222591,135530.510864,33.222591,139618.671875,4088.1610109999892,3.0164137838322707
33.112583,135351.966738,33.112583,139105.078125,3753.1113870000117,2.7728532340168264
33.0033,135040.711285,33.0033,139010.1875,3969.4762150000024,2.939466311475895
32.894737,134943.767811,32.894737,138792.34375,3848.575939000002,2.8519849426394064
32.786885,134840.4855,32.786885,138437.59375,3597.10824999999,2.6676767268091672
32.679739,134410.956083,32.679739,137481.734375,3070.7782920000027,2.2846190381264524
32.57329,134206.015708,32.57329,137297.703125,3091.6874170000083,2.303687655646358
32.467532,134123.708386,32.467532,137179.6875,3055.979113999987,2.2784779445592585
32.36246,133935.67078,32.36246,136662.46875,2726.797970000014,2.0359012308819486
32.258065,133739.135014,32.258065,136532.8125,2793.6774860000005,2.088900519438498
32.154341,133337.069987,32.154341,136385.359375,3048.2893880000047,2.286152971785869
32.051282,133081.340224,32.051282,136013.484375,2932.144150999986,2.2032721838122877
31.948882,132787.892543,31.948882,135653.640625,2865.7480820000055,2.158139591734243
31.847134,132389.051225,31.847134,135632.3125,3243.261274999997,2.4497956930652496
31.746032,132107.874209,31.746032,135491.984375,3384.1101659999986,2.5616263877247767
31.64557,131922.67792,31.64557,134395.09375,2472.4158300000126,1.8741401167578824
31.545741,131667.001401,31.545741,133757.296875,2090.295474000013,1.58756214674768
31.446541,131233.833736,31.446541,133360.53125,2126.6975139999995,1.6205405675172355
31.347962,130861.113997,31.347962,132460.875,1599.761003000007,1.2224876849487019
31.25,130353.021947,31.25,131724.546875,1371.524927999999,1.0521619733201466
31.152648,130046.052556,31.152648,131203.921875,1157.869319000005,0.8903532988834145
31.055901,129707.307461,31.055901,130602.820312,895.5128509999922,0.690410485368569
30.959752,129454.679262,30.959752,130589.484375,1134.805112999995,0.8766041671643958
30.864198,128931.531518,30.864198,130589.46875,1657.9372319999966,1.2859051719001209
30.769231,128621.95331,30.769231,130368.9375,1746.9841900000029,1.3582317365290546
30.674847,128428.536783,30.674847,130271.625,1843.0882169999968,1.4351080088331
30.58104,128238.511443,30.58104,129873.203125,1634.6916820000042,1.2747275865928926
30.487805,128170.185293,30.487805,129124.117188,953.9318950000015,0.7442697323244803
30.395137,127825.160092,30.395137,129015.789062,1190.6289699999907,0.9314511862477273
30.30303,127405.599088,30.30303,128533.4375,1127.8384119999973,0.8852345737340719
30.21148,127187.000242,30.21148,128341.828125,1154.8278830000054,0.9079763504152962
30.120482,126974.827083,30.120482,128260.773438,1285.9463550000073,1.0127569255592836
30.03003,126665.182531,30.03003,127865.0,1199.8174690000014,0.9472354162568379
29.94012,126360.113119,29.94012,127757.617188,1397.5040690000023,1.1059693082768127
29.850746,126150.71469,29.850746,127513.460938,1362.7462480000104,1.0802524990435394
29.761905,126018.84746,29.761905,127371.210938,1352.3634779999993,1.073143823529458
29.673591,125866.967798,29.673591,127075.382812,1208.4150139999983,0.9600731908782821
29.585799,125742.094502,29.585799,127012.921875,1270.8273729999928,1.0106618456079397
29.498525,125332.312391,29.498525,127007.851562,1675.5391709999967,1.3368772497971686
29.411765,125090.295631,29.411765,126882.476562,1792.1809309999953,1.4327098053127116
29.325513,124711.397896,29.325513,126233.203125,1521.805229000005,1.22026154359129
29.239766,124422.681003,29.239766,126097.109375,1674.4283719999949,1.3457581515701482
29.154519,123895.365318,29.154519,125816.65625,1921.2909320000035,1.550736726162969
29.069767,123659.051717,29.069767,125788.5625,2129.510783000005,1.7220824140504478
28.985507,123359.917066,28.985507,125731.6875,2371.7704340000055,1.922642694977706
28.901734,123006.017708,28.901734,125653.484375,2647.4666670000006,2.1523066239610618
28.818444,122772.765692,28.818444,125232.195312,2459.4296199999953,2.003237123589743
28.735632,122482.52971,28.735632,125224.546875,2742.0171649999975,2.2387006306060377
28.653295,122237.374154,28.653295,125163.875,2926.5008459999954,2.394112984064155
28.571429,121863.632844,28.571429,124631.46875,2767.835905999993,2.27125668372545
28.490028,121297.215132,28.490028,124403.28125,3106.0661180000025,2.560706867523603
28.409091,120864.214791,28.409091,124026.015625,3161.800833999994,2.615994187748145
28.328612,120431.7475,28.328612,123740.328125,3308.5806250000023,2.7472661434228565
28.248588,120209.614359,28.248588,123716.445312,3506.830952999997,2.917263291875325
28.169014,119942.537746,28.169014,123608.289062,3665.7513159999944,3.0562562581116013
28.089888,119834.493238,28.089888,123476.195312,3641.7020740000007,3.0389431086150767
28.011204,119605.752476,28.011204,123155.539062,3549.786586000002,2.9679062357074333
27.932961,119439.854417,27.932961,122956.710938,3516.856521000009,2.944458144365798
27.855153,119303.724639,27.855153,122934.71875,3630.9941110000073,3.043487637948436
27.777778,118919.615078,27.777778,122926.351562,4006.7364839999937,3.3692814102803426
27.700831,118608.638318,27.700831,122761.71875,4153.0804320000025,3.5014991242587534
27.624309,118254.662546,27.624309,122732.9375,4478.274953999993,3.7869753780388864
27.548209,117651.322283,27.548209,121454.59375,3803.2714669999987,3.232663597143057
27.472527,117422.406718,27.472527,121444.65625,4022.2495320000016,3.4254531519352858
27.39726,117124.324903,27.39726,121051.132812,3926.8079089999956,3.352683494442421
27.322404,116935.403308,27.322404,120977.5625,4042.1591920000064,3.4567454146912464
27.247956,116728.047106,27.247956,120933.875,4205.827894000002,3.6030996819305274
27.173913,116651.983911,27.173913,120286.28125,3634.297338999997,3.1155040978752626
27.100271,116483.981811,27.100271,120238.859375,3754.877563999995,3.2235140880506954
27.027027,116385.0502,27.027027,120097.71875,3712.668550000002,3.1899874972086426
26.954178,116166.582168,26.954178,119914.117188,3747.5350200000103,3.226000929062653
26.88172,116014.547848,26.88172,119234.4375,3219.889651999998,2.775418869208226
26.809651,115764.402066,26.809651,118955.015625,3190.613559000005,2.756126669389232
26.737968,115553.072627,26.737968,118647.03125,3093.9586229999986,2.6775217245733955
26.666667,115346.013275,26.666667,118571.21875,3225.205474999995,2.7961135226327096
26.595745,115007.790643,26.595745,118422.164062,3414.373418999996,2.9688192425143445
26.525199,114249.558585,26.525199,118421.90625,4172.347664999994,3.6519595494943013
26.455026,113979.563249,26.455026,117763.3125,3783.749251000001,3.319673407358137
26.385224,113924.26309,26.385224,117696.9375,3772.674410000007,3.3115635841502877
26.315789,113591.44193,26.315789,117540.679688,3949.237758000003,3.47670360627493
26.246719,113395.498825,26.246719,117450.734375,4055.2355499999976,3.5761874078073643
26.17801,113335.837595,26.17801,117293.164062,3957.3264669999917,3.4916814936695504
26.109661,113194.642802,26.109661,117054.789062,3860.146259999994,3.410184585106346
26.041667,112837.604982,26.041667,117015.578125,4177.973142999996,3.7026425221152746
25.974026,112664.402979,25.974026,116210.40625,3546.003270999994,3.147403418683139
25.906736,112142.743326,25.906736,115459.03125,3316.287924000004,2.9572024240208963
25.839793,111982.664663,25.839793,115141.953125,3159.288461999997,2.821229939033458
25.773196,111828.800916,25.773196,115019.390625,3190.589709000007,2.853101958409277
25.706941,111537.548775,25.706941,114463.414062,2925.8652869999933,2.6232110344313
25.641026,111408.887348,25.641026,114346.78125,2937.893901999996,2.6370372884374174
25.575448,111181.654309,25.575448,114300.6875,3119.033190999995,2.8053487874280654
25.510204,111076.876748,25.510204,114244.296875,3167.420127000005,2.85155670534915
25.445293,110850.352284,25.445293,114227.375,3377.0227160000068,3.0464699898725014
25.380711,110342.666523,25.380711,114035.0,3692.333476999993,3.3462427484751394
25.316456,110078.26158,25.316456,112916.015625,2837.754044999994,2.577942278764677
25.252525,109974.232266,25.252525,112896.351562,2922.11929599999,2.657094517315764
25.188917,109603.856481,25.188917,112796.46875,3192.6122690000047,2.9128649041226478
25.125628,109355.268901,25.125628,112556.398438,3201.1295370000007,2.927275081640559
25.062657,109279.419916,25.062657,111997.15625,2717.736334000001,2.4869607983726927
25.0,109080.079911,25.0,111767.46875,2687.3888390000066,2.4636843328247338
24.937656,108834.961345,24.937656,111760.546875,2925.5855299999967,2.688093507679094
24.875622,108463.63748,24.875622,111676.015625,3212.378144999995,2.9617097671026724
24.813896,108075.780967,24.813896,111318.03125,3242.250283000001,2.9999785835366706
24.752475,107887.822197,24.752475,111275.414062,3387.591864999995,3.139920517455947
24.691358,107691.904604,24.691358,111246.992188,3555.087584000008,3.3011651127098385
24.630542,107413.122454,24.630542,111145.125,3732.0025460000033,3.4744381884981004
24.570025,107204.458463,24.570025,111049.921875,3845.4634119999973,3.5870368332928995
24.509804,107002.797744,24.509804,110946.8125,3944.014756000004,3.6858987233547897
24.449878,106889.797576,24.449878,110768.773438,3878.9758620000066,3.628948646143712
24.390244,106690.180002,24.390244,110352.328125,3662.1481230000063,3.4325072119396145
24.3309,106416.445596,24.3309,109672.703125,3256.257528999995,3.0599194614731537
24.271845,106080.733177,24.271845,109373.6875,3292.954322999998,3.1041964213289988
24.213075,106042.006083,24.213075,109096.734375,3054.728292,2.880677577533791
24.154589,105874.823127,24.154589,108890.492188,3015.669061000008,2.8483344499972607
24.096386,105690.024366,24.096386,108745.835938,3055.811572000006,2.891296118371458
24.038462,105541.954629,24.038462,108741.53125,3199.576621,3.031568471748623
23.980815,105366.206856,23.980815,108202.40625,2836.1993939999957,2.6917542907054837
23.923445,105128.017299,23.923445,108144.023438,3016.0061390000046,2.8688890140694143
23.866348,104930.989636,23.866348,107996.4375,3065.4478640000016,2.921394217889183
23.809524,104730.181189,23.809524,107987.296875,3257.1156860000046,3.1100067325598264
23.752969,104373.981779,23.752969,107957.523438,3583.5416590000095,3.4333668198917144
23.696682,104107.688328,23.696682,107900.6875,3792.999171999996,3.6433420364208207
23.640662,103911.114989,23.640662,107590.929688,3679.8146990000096,3.5413099930546927
23.584906,103742.195393,23.584906,107490.703125,3748.507731999998,3.613291311023218
23.529412,103478.07178,23.529412,107478.539062,4000.467281999998,3.866004858019783
23.474178,103284.164048,23.474178,107394.875,4110.710951999994,3.9800011840049296
23.419204,103137.005363,23.419204,107367.882812,4230.877448999992,4.1021914822027625
23.364486,102949.347003,23.364486,107362.15625,4412.809246999997,4.28638876832449
23.310023,102859.022888,23.310023,107307.328125,4448.305236999993,4.32466215612763
23.255814,102597.901002,23.255814,106887.453125,4289.552123000001,4.180935556290165
23.201856,102412.462495,23.201856,106765.820312,4353.357816999996,4.250808652523649
23.148148,102114.27475,23.148148,106310.367188,4196.092438000007,4.109212397848428
23.094688,102013.838068,23.094688,106282.765625,4268.927557000003,4.184655374062523
23.041475,101669.117651,23.041475,106220.554688,4551.437037000011,4.4767153902365395
22.988506,101588.498902,22.988506,106084.90625,4496.407347999993,4.4260988168922255
22.93578,101387.170127,22.93578,106074.828125,4687.657997999995,4.623521883615178
22.883295,101249.862091,22.883295,106065.9375,4816.075408999997,4.75662416672871
22.83105,100972.472448,22.83105,105977.578125,5005.105677,4.956901178761952
22.779043,100772.102127,22.779043,105937.789062,5165.686934999991,5.126108144980277
22.727273,100445.867994,22.727273,105611.15625,5165.288256,5.1423601180971845
22.675737,100308.12639,22.675737,105480.46875,5172.342359999995,5.1564539645470235
22.624434,100152.578441,22.624434,104989.265625,4836.687183999995,4.829318684839745
22.573363,99971.265612,22.573363,104407.679688,4436.414076000001,4.4376892188383765
22.522523,99661.113727,22.522523,103994.796875,4333.683147999996,4.348419344250137
22.47191,99397.940609,22.47191,103897.53125,4499.5906410000025,4.526844936053521
22.421525,99223.939336,22.421525,103461.59375,4237.654414000004,4.2707984004244395
22.371365,99102.460991,22.371365,103283.546875,4181.085884,4.218952629622089
22.321429,98777.183223,22.321429,102892.226562,4115.043338999996,4.165985711204022
22.271715,98591.655573,22.271715,102689.78125,4098.125677000004,4.156665848831028
22.222222,98384.61658,22.222222,102629.578125,4244.961544999998,4.3146598447616755
22.172949,98276.124189,22.172949,102611.296875,4335.172686000005,4.411216581621398
22.123894,98180.518277,22.123894,102539.984375,4359.466098000004,4.440255739637161
22.075055,98142.749327,22.075055,102311.15625,4168.406923000002,4.247289740285718
22.026432,97998.646325,22.026432,101913.046875,3914.4005500000058,3.9943414493894087
21.978022,97916.591665,21.978022,101812.265625,3895.67396,3.9785636874782044
21.929825,97795.916848,21.929825,101625.851562,3829.9347140000027,3.9162521682297906
21.881838,97592.810157,21.881838,101472.984375,3880.174218,3.9758812270677177
21.834061,97524.363423,21.834061,100849.84375,3325.4803269999975,3.4098969839732596
21.786492,97275.708627,21.786492,100806.148438,3530.439811000004,3.6293128683722475
21.73913,97175.423999,21.73913,100684.109375,3508.685375999994,3.610671537729643
21.691974,96932.609096,21.691974,100331.359375,3398.750279,3.506302276083325
21.645022,96764.071739,21.645022,100016.851562,3252.77982299999,3.361557409214501
21.598272,96611.393498,21.598272,99667.539062,3056.1455639999913,3.163338663636249
21.551724,96464.387647,21.551724,99523.34375,3058.956103000004,3.1710729499407506
21.505376,96279.868905,21.505376,99474.117188,3194.248283000008,3.317669954610963
21.459227,96235.396275,21.459227,99471.78125,3236.3849749999936,3.3629881522509413
21.413276,96059.458166,21.413276,99199.09375,3139.6355840000033,3.2684294123067095
21.367521,95771.931074,21.367521,99175.78125,3403.850176000007,3.554120855483177
21.321962,95531.61095,21.321962,99080.6875,3549.076549999998,3.7150808143050558
21.276596,95431.858735,21.276596,98931.773438,3499.914703000002,3.667448951946689
21.231423,95156.030065,21.231423,98864.382812,3708.352746999997,3.8971284788434994
21.186441,95048.76679,21.186441,98766.195312,3717.428522000002,3.91107496451086
21.141649,94968.250526,21.141649,98707.21875,3738.9682239999966,3.937071814307412
21.097046,94799.69872,21.097046,98553.117188,3753.4184680000035,3.9593147643708075
21.052632,94680.854799,21.052632,98437.625,3756.7702010000066,3.9678245501430407
21.008403,94533.896771,21.008403,98423.53125,3889.6344790000003,4.114539452893067
20.964361,94431.31853,20.964361,98240.859375,3809.540844999996,4.0341921560586265
20.920502,94367.690764,20.920502,98143.515625,3775.824861000001,4.00118391202641
20.876827,94287.003862,20.876827,98107.382812,3820.3789499999984,4.05186164955625
20.833333,94161.960146,20.833333,97629.210938,3467.250792000006,3.682220279424902
20.790021,94020.864644,20.790021,97465.203125,3444.338480999999,3.6633767345595256
20.746888,93867.660836,20.746888,97202.460938,3334.8001020000083,3.5526613450252835
20.703934,93737.441675,20.703934,97157.601562,3420.1598870000016,3.6486593039931092
20.661157,93574.814517,20.661157,97042.890625,3468.076107999994,3.7062067671744496
20.618557,93400.061195,20.618557,96817.492188,3417.4309930000018,3.6589172954235147
20.576132,93274.034721,20.576132,96702.109375,3428.0746539999964,3.6752721850770214
20.533881,93165.594871,20.533881,96691.898438,3526.30356700001,3.784984759537725
20.491803,93099.495672,20.491803,96397.921875,3298.4262029999954,3.542904479977767
20.449898,92896.298436,20.449898,96330.53125,3434.2328140000027,3.6968456997950074
20.408163,92811.002515,20.408163,96329.601562,3518.599046999996,3.791144316571006
20.366599,92706.399896,20.366599,96116.5625,3410.1626039999974,3.6784543546352673
20.325203,92634.637645,20.325203,96100.203125,3465.5654800000048,3.7411119297308124
20.283976,92514.987411,20.283976,95996.28125,3481.2938390000054,3.7629512108500607
20.242915,92404.940786,20.242915,95992.742188,3587.8014019999973,3.882694335911067
20.20202,92240.100086,20.20202,95975.492188,3735.392101999998,4.049640122373358
20.16129,92114.954753,20.16129,95887.328125,3772.373372000002,4.09528874232785
20.120724,92028.715906,20.120724,95858.875,3830.1590940000024,4.161917349702244
20.080321,91774.498966,20.080321,95819.90625,4045.407284000001,4.407986237548097
20.04008,91676.487622,20.04008,95610.375,3933.8873779999994,4.291053769664674
20.0,91449.066034,20.0,95574.242188,4125.176154000001,4.510900256177897
19.96008,91187.318768,19.96008,95493.414062,4306.095293999999,4.72225233966537
19.920319,91097.19436,19.920319,95446.835938,4349.64157800001,4.774726168635881
19.880716,90917.470338,19.880716,95376.859375,4459.389037000001,4.904875840057494
19.84127,90682.267294,19.84127,95308.734375,4626.467080999995,5.101843192782748
19.80198,90532.329115,19.80198,95241.8125,4709.4833849999995,5.201990748539906
19.762846,90384.476743,19.762846,95186.25,4801.7732569999935,5.312608348282412
19.723866,90322.424477,19.723866,95049.609375,4727.184898000007,5.233678043267929
19.685039,90252.327054,19.685039,94995.4375,4743.110446000006,5.25538853215618
19.646365,90051.844285,19.646365,94937.3125,4885.468215000001,5.42517285880149
19.607843,89941.892829,19.607843,94823.101562,4881.208732999992,5.4270691659561585
19.569472,89766.411704,19.569472,94618.65625,4852.244546000002,5.405412173542173
19.53125,89683.344449,19.53125,94551.71875,4868.3743010000035,5.428404048611824
19.493177,89546.12437,19.493177,94381.046875,4834.922504999995,5.399365454413574
19.455253,89474.879329,19.455253,93789.71875,4314.839420999997,4.8224031743415825
19.417476,89252.531323,19.417476,93205.742188,3953.210865000001,4.429242293076874
19.379845,89171.683405,19.379845,93042.648438,3870.9650330000004,4.341024959031949
19.34236,89095.991049,19.34236,92829.75,3733.758950999996,4.1907148762131685
19.305019,89017.610623,19.305019,92816.71875,3799.1081269999995,4.267816334780841
19.267823,88973.654865,19.267823,91368.929688,2395.2748229999997,2.6921169267850775
19.230769,88776.364056,19.230769,90911.84375,2135.479693999994,2.4054597377438625
19.193858,88721.067696,19.193858,90657.09375,1936.0260540000017,2.18214918313848
19.157088,88570.912714,19.157088,90562.304688,1991.3919739999983,2.2483588719812615
19.120459,88508.473444,19.120459,90550.476562,2042.0031179999933,2.3071272597329164
19.083969,88443.809094,19.083969,90544.625,2100.8159060000035,2.375311429392656
19.047619,88372.285636,19.047619,90205.734375,1833.4487389999995,2.074687472214832
19.011407,88246.039422,19.011407,90186.59375,1940.5543279999983,2.1990271072904517
18.975332,88075.097474,18.975332,89651.054688,1575.9572140000091,1.7893334883509335
18.939394,87965.000729,18.939394,89555.585938,1590.5852089999971,1.8082023484547283
18.903592,87933.021001,18.903592,89481.585938,1548.5649370000028,1.7610732798346507
18.867925,87745.881357,18.867925,89469.265625,1723.3842679999943,1.9640628612393667
18.832392,87654.625088,18.832392,89312.59375,1657.9686619999993,1.8914788128241926
18.796992,87542.662506,18.796992,89219.210938,1676.5484320000105,1.9151215921552573
18.761726,87453.908839,18.761726,88981.257812,1527.3489730000001,1.7464616427972404
18.726592,87271.140946,18.726592,88937.320312,1666.1793659999967,1.9091985597288843
18.691589,87172.388166,18.691589,88690.78125,1518.3930839999957,1.7418280214011816
18.656716,86988.191802,18.656716,88648.070312,1659.878509999995,1.9081653217693755
18.621974,86905.572398,18.621974,88572.34375,1666.771351999996,1.9179107921488752
18.587361,86781.20827,18.587361,88421.0,1639.7917299999972,1.889570060949322
18.552876,86662.803131,18.552876,88063.984375,1401.1812440000067,1.6168196658513032
18.518519,86550.081183,18.518519,88059.242188,1509.1610050000018,1.743685256411323
18.484288,86454.958085,18.484288,88020.875,1565.9169149999943,1.8112517196069082
18.450185,86350.123836,18.450185,87998.6875,1648.5636640000012,1.9091618989812067
18.416206,86285.693169,18.416206,87970.71875,1685.0255809999944,1.9528446943106625
18.382353,86175.291898,18.382353,87938.148438,1762.856540000008,2.0456635552642917
18.348624,85834.149668,18.348624,87883.296875,2049.147207000002,2.387333264121504
18.315018,85723.008545,18.315018,87832.671875,2109.6633299999958,2.46102343560718
18.281536,85620.871293,18.281536,87802.585938,2181.714645,2.548110772587253
18.248175,85576.546972,18.248175,87778.265625,2201.7186530000035,2.5728061377849114
18.214936,85365.223652,18.214936,87623.945312,2258.7216599999956,2.6459506147467073
18.181818,85292.009542,18.181818,87581.703125,2289.693583,2.684534688882545
18.14882,85251.930641,18.14882,87559.578125,2307.647484000001,2.706856568114118
18.115942,85177.754604,18.115942,87514.453125,2336.6985209999984,2.743320168350934
18.083183,85062.577239,18.083183,87402.257812,2339.6805729999905,2.750540424405669
18.050542,84977.890178,18.050542,87313.25,2335.3598219999985,2.748196992309656
18.018018,84806.727604,18.018018,87152.664062,2345.9364579999965,2.7662150448183875
17.985612,84737.964292,17.985612,87056.976562,2319.012269999992,2.736686312181005
17.953321,84592.172099,17.953321,86892.71875,2300.546650999997,2.7195739202767117
17.921147,84480.90393,17.921147,86864.234375,2383.3304449999996,2.821146950528373
17.889088,84340.639584,17.889088,86774.078125,2433.438540999996,2.8852502814807153
17.857143,84231.045562,17.857143,86707.039062,2475.993499999997,2.939526018559856
17.825312,84174.807792,17.825312,86641.007812,2466.2000199999893,2.929855243737637
17.793594,84050.892052,17.793594,86599.554688,2548.662636000008,3.0322850522790645
17.761989,83895.161669,17.761989,86572.921875,2677.7602060000063,3.191793367732984
17.730496,83723.772475,17.730496,86494.34375,2770.571274999995,3.3091811239481475
17.699115,83629.943446,17.699115,86482.492188,2852.548741999999,3.4109179373556486
17.667845,83525.952458,17.667845,86470.609375,2944.6569170000002,3.525439495563591
17.636684,83429.329838,17.636684,86239.765625,2810.435786999995,3.3686424096384275
17.605634,83368.439182,17.605634,86179.414062,2810.9748799999943,3.371749438493637
17.574692,83220.004737,17.574692,86034.28125,2814.2765130000043,3.381730777225928
17.54386,83086.642639,17.54386,85976.609375,2889.966736000002,3.4782567260016863
17.513135,83043.941485,17.513135,85840.773438,2796.831953000001,3.367894036562782
17.482517,82914.822699,17.482517,85698.671875,2783.8491760000034,3.3574807077692497
17.452007,82803.449721,17.452007,85644.023438,2840.5737170000066,3.430501659738944
17.421603,82697.071532,17.421603,85614.289062,2917.2175299999944,3.5275947212606726
17.391304,82584.11113,17.391304,85387.585938,2803.474807999999,3.394690297734029
17.361111,82479.907344,17.361111,85281.484375,2801.5770309999934,3.396678198625297
17.331023,82372.345265,17.331023,85222.953125,2850.6078600000037,3.4606370024178816
17.301038,82268.854376,17.301038,85197.960938,2929.106562000001,3.5604076223218915
17.271157,82217.553933,17.271157,85194.234375,2976.680441999997,3.6204925829169365
17.241379,82136.276759,17.241379,85176.609375,3040.3326159999997,3.7015710182734307
17.211704,82009.592669,17.211704,85044.75,3035.157330999995,3.700978424865776
17.182131,81938.437481,17.182131,84979.625,3041.187518999999,3.7115517606803206
17.152659,81824.649069,17.152659,84942.414062,3117.7649929999898,3.8103004760471166
17.123288,81731.852502,17.123288,84741.96875,3010.1162480000057,3.6829169483541895
17.094017,81670.011573,17.094017,84720.953125,3050.941552000004,3.735693791683802
17.064846,81607.77151,17.064846,84708.296875,3100.525364999994,3.7993015954614857
17.035775,81499.152698,17.035775,84652.40625,3153.2535519999947,3.869062987298242
17.006803,81385.123074,17.006803,84490.648438,3105.525364000001,3.8158391198552097
16.977929,81348.975902,16.977929,84486.453125,3137.4772229999944,3.856812194882048
16.949153,81254.514079,16.949153,84368.765625,3114.2515459999995,3.832712042277623
16.920474,81133.532603,16.920474,84247.859375,3114.3267720000003,3.838519872219695
16.891892,81014.959655,16.891892,84216.242188,3201.282533000005,3.9514708723334304
16.863406,80918.282315,16.863406,84008.25,3089.967684999996,3.8186273813516207
16.835017,80872.646161,16.835017,83971.539062,3098.8929009999993,3.8318183565191766
16.806723,80743.115111,16.806723,83888.3125,3145.1973889999936,3.89531340805491
16.778523,80698.526358,16.778523,83849.625,3151.098641999997,3.9047784193987516
16.750419,80635.269227,16.750419,83592.023438,2956.7542110000068,3.6668250002071847
16.722408,80475.424375,16.722408,83486.453125,3011.0287499999977,3.7415506328605153
16.694491,80362.281765,16.694491,83296.109375,2933.827609999993,3.650752001516408
16.666667,80283.603629,16.666667,83258.820312,2975.2166829999915,3.7058833292397018
16.638935,80248.494607,16.638935,83187.15625,2938.6616429999995,3.6619523610897278
16.611296,80129.344869,16.611296,83106.875,2977.530131000007,3.7159047485884757
16.583748,79991.461696,16.583748,83087.03125,3095.5695540000015,3.8698749696116588
16.556291,79914.15307,16.556291,82992.234375,3078.0813049999997,3.8517348764289414
16.528926,79815.653694,16.528926,82986.984375,3171.3306810000067,3.973319185179343
16.50165,79601.926553,16.50165,82833.585938,3231.6593850000063,4.0597753407994785
16.474465,79485.441482,16.474465,82831.335938,3345.894456000009,4.209443130233741
16.447368,79411.866061,16.447368,82811.101562,3399.235501000003,4.280513315716432
16.420361,79320.832643,16.420361,82716.789062,3395.9564189999946,4.28129194543911
16.393443,79199.273226,16.393443,82703.140625,3503.867398999995,4.4241155963660095
16.366612,79106.155956,16.366612,82637.304688,3531.1487320000015,4.463810293049858
16.339869,79065.866417,16.339869,82617.585938,3551.7195210000064,4.492102195235477
16.313214,78940.589206,16.313214,82534.335938,3593.7467319999996,4.552470114736427
16.286645,78893.633462,16.286645,82491.34375,3597.710288000002,4.560203567925262
16.260163,78756.474648,16.260163,82453.375,3696.900351999997,4.694090699873497
16.233766,78657.83389,16.233766,82449.054688,3791.2207980000094,4.819889654350116
16.207455,78585.002563,16.207455,82411.84375,3826.841186999998,4.8696838610294595
16.18123,78546.745548,16.18123,82367.75,3821.0044519999938,4.864624785332415
16.155089,78494.926445,16.155089,82361.421875,3866.4954299999954,4.925790245448767
16.129032,78437.447481,16.129032,82321.96875,3884.5212690000044,4.952381029406849
16.10306,78245.055492,16.10306,82319.109375,4074.0538830000005,5.206787646046903
16.07717,78177.002734,16.07717,82249.375,4072.3722660000058,5.209169095234305
16.051364,78070.961952,16.051364,81999.359375,3928.397423000002,5.031829152323344
16.025641,77914.704042,16.025641,81936.085938,4021.3818960000062,5.161261850949567
16.0,77818.713154,16.0,81849.9375,4031.2243460000027,5.180276289100768
15.974441,77748.620695,15.974441,81844.804688,4096.183992999999,5.268497314015274
15.948963,77672.153485,15.948963,81839.085938,4166.932453000001,5.364770083019157
15.923567,77554.408649,15.923567,81767.84375,4213.4351009999955,5.432876317927187
15.898251,77406.443388,15.898251,81633.132812,4226.6894239999965,5.460384483516062
15.873016,77290.975588,15.873016,81551.945312,4260.969723999995,5.5128942177067595
15.847861,77185.350039,15.847861,81406.046875,4220.696836000003,5.468261572782116
15.822785,77066.45648,15.822785,81365.070312,4298.613832000003,5.577801326723207
15.797788,76994.24897,15.797788,81333.039062,4338.790091999996,5.635213214029219
15.772871,76908.035448,15.772871,81324.671875,4416.636427000005,5.742750287759249
15.748031,76833.811311,15.748031,81176.015625,4342.204314000002,5.651423819682814
15.72327,76806.735532,15.72327,81083.578125,4276.842592999994,5.568317105754524
15.698587,76617.304706,15.698587,81030.1875,4412.882794000005,5.759642434477895
15.673981,76512.506312,15.673981,80785.429688,4272.923376000006,5.584607774546072
15.649452,76374.14194,15.649452,80663.515625,4289.373684999999,5.61626432198709
15.625,76331.713369,15.625,80524.101562,4192.388192999992,5.492328166057665
15.600624,76299.17034,15.600624,80472.023438,4172.853098000007,5.469067460897907
15.576324,76230.557201,15.576324,80389.875,4159.317798999997,5.456234286774221
15.5521,76135.399212,15.5521,80382.90625,4247.507037999996,5.578885882206722
15.52795,75969.600356,15.52795,80338.96875,4369.368394000005,5.751469500332729
15.503876,75862.35822,15.503876,80238.375,4376.016780000005,5.7683637612603675
15.479876,75781.524865,15.479876,80198.539062,4417.014196999997,5.828616150003089
15.455951,75715.665568,15.455951,80185.867188,4470.201620000007,5.903932279358138
15.432099,75647.944994,15.432099,80180.992188,4533.047193999999,5.992293900858161
15.40832,75611.668839,15.40832,79985.1875,4373.518660999995,5.784184806597156
15.384615,75546.914788,15.384615,79931.320312,4384.405524000002,5.803553376472799
15.360983,75450.80364,15.360983,79571.445312,4120.641671999998,5.461362203192563
15.337423,75378.504719,15.337423,79448.710938,4070.2062189999997,5.3996908457830655
15.313936,75312.05585,15.313936,79431.203125,4119.147274999996,5.46943942574633
15.29052,75249.271081,15.29052,79416.539062,4167.267980999997,5.537951293261375
15.267176,75180.385783,15.267176,79304.875,4124.489216999995,5.486124038928031
15.243902,75110.137586,15.243902,79255.914062,4145.776475999999,5.519596434307082
15.2207,75004.403172,15.2207,79054.015625,4049.6124529999943,5.399166291228834
15.197568,74913.022865,15.197568,79026.28125,4113.258384999994,5.490712065394097
15.174507,74836.469239,15.174507,78919.929688,4083.4604490000056,5.4565113647451
15.151515,74705.109498,15.151515,78837.429688,4132.320189999999,5.531509447972402
15.128593,74655.006535,15.128593,78833.390625,4178.384090000007,5.5969241500783795
15.10574,74567.817324,15.10574,78826.5625,4258.745175999997,5.711237540312581
15.082956,74449.248548,15.082956,78648.15625,4198.907701999997,5.639959816777487
15.060241,74348.327974,15.060241,78538.648438,4190.320464000004,5.636065501655103
15.037594,74252.910402,15.037594,78423.492188,4170.58178600001,5.61672500568769
15.015015,74154.356558,15.015015,78386.773438,4232.416880000004,5.70757683898128
14.992504,74101.714144,14.992504,78363.171875,4261.457731000002,5.7508220696741486
14.97006,74007.755466,14.97006,78319.195312,4311.439845999994,5.825659512104401
14.947683,73889.12265,14.947683,78171.789062,4282.666411999991,5.796071543962217
14.925373,73834.128442,14.925373,78166.085938,4331.957496000003,5.867147872413701
14.90313,73766.05749,14.90313,78114.664062,4348.60657199999,5.895132151517657
14.880952,73704.63004,14.880952,78108.9375,4404.307459999996,5.975618434838827
14.858841,73659.443062,14.858841,78086.015625,4426.572562999994,6.009511311773152
14.836795,73517.649685,14.836795,78013.515625,4495.865940000003,6.115355916930662
14.814815,73394.056818,14.814815,77757.0,4362.943182000003,5.94454560921612
14.792899,73278.795712,14.792899,77651.71875,4372.9230379999935,5.967514880002171
14.771049,73211.333262,14.771049,77625.695312,4414.362049999996,6.029615707451199
14.749263,73130.870754,14.749263,77553.390625,4422.519870999997,6.047404913140735
14.727541,73082.277823,14.727541,77491.320312,4409.0424889999995,6.032984494104552
14.705882,73062.985155,14.705882,77458.8125,4395.827344999998,6.0164902045467175
14.684288,72956.36212,14.684288,77352.492188,4396.130067999999,6.025698020371631
14.662757,72937.045057,14.662757,77346.015625,4408.970568000004,6.044898809040608
14.641288,72904.370743,14.641288,77198.726562,4294.355818999989,5.890395562343313
14.619883,72837.655774,14.619883,77104.195312,4266.539537999997,5.857601391288837
14.59854,72736.566115,14.59854,77036.375,4299.808885000006,5.9114818236013535
14.577259,72664.840687,14.577259,76880.859375,4216.0186879999965,5.802006373564178
14.556041,72613.602589,14.556041,76759.945312,4146.342722999994,5.710145999047443
14.534884,72579.989949,14.534884,76499.804688,3919.8147390000086,5.4006823943546385
14.513788,72550.99624,14.513788,76482.140625,3931.144385000007,5.418456794164082
14.492754,72501.148926,14.492754,76388.710938,3887.5620120000094,5.36206952522634
14.47178,72395.348022,14.47178,76352.570312,3957.2222899999906,5.466127863350339
14.450867,72232.245948,14.450867,76227.773438,3995.5274900000077,5.531501114995633
14.430014,72154.483742,14.430014,76222.648438,4068.164696000007,5.638131526997527
14.409222,72049.528579,14.409222,76203.171875,4153.643295999995,5.764983307900006
14.388489,72018.02815,14.388489,76107.664062,4089.635911999998,5.678628000591819
14.367816,71948.194501,14.367816,76054.804688,4106.610186999998,5.707732091794076
14.347202,71882.347231,14.347202,76002.023438,4119.676206999997,5.731137568116785
14.326648,71776.169096,14.326648,75878.289062,4102.119965999998,5.715155904341243
14.306152,71711.778726,14.306152,75860.296875,4148.518148999996,5.784988495196674
14.285714,71682.737034,14.285714,75796.640625,4113.903590999995,5.739043682230939
14.265335,71607.678164,14.265335,75658.054688,4050.3765240000066,5.656343883575729
14.245014,71537.070167,14.245014,75626.34375,4089.273583000002,5.716300057374143
14.224751,71488.80197,14.224751,75463.898438,3975.0964680000034,5.560446333494492
14.204545,71415.548887,14.204545,75286.414062,3870.865174999999,5.420199431813966
14.184397,71318.098963,14.184397,75161.15625,3843.0572870000033,5.388614310925184
14.164306,71222.912682,14.164306,75092.5,3869.5873180000053,5.433065248647093
14.144272,71169.925687,14.144272,74998.328125,3828.4024380000046,5.379241865218508
14.124294,71118.890154,14.124294,74944.101562,3825.211408000003,5.378615160777869
14.104372,70958.107971,14.104372,74935.75,3977.642028999995,5.60562019300969
14.084507,70871.915847,14.084507,74810.328125,3938.4122780000034,5.557084538962292
14.064698,70828.077656,14.064698,74803.84375,3975.766094000006,5.613262742086027
14.044944,70723.792983,14.044944,74746.6875,4022.8945169999934,5.688176987293347
14.025245,70654.793355,14.025245,74557.09375,3902.3003949999984,5.523051175584318
14.005602,70584.474819,14.005602,74555.671875,3971.1970560000045,5.6261622207763935
13.986014,70464.60761,13.986014,74532.789062,4068.18145199999,5.773368489492095
13.96648,70404.114171,13.96648,74434.40625,4030.292079000006,5.724512163040772
13.947001,70327.661243,13.947001,74410.054688,4082.393445000009,5.804819004138782
13.927577,70261.744151,13.927577,74286.234375,4024.4902239999938,5.727854144000373
13.908206,70185.53861,13.908206,74100.015625,3914.4770149999968,5.5773270285087815
13.888889,70106.947512,13.888889,74017.671875,3910.724363000001,5.578226554979611
13.869626,70069.331386,13.869626,73969.335938,3900.0045519999985,5.565922315592735
13.850416,69927.849952,13.850416,73922.84375,3994.993797999996,5.713022494960515
13.831259,69876.79526,13.831259,73921.640625,4044.845365000001,5.7885387415805205
13.812155,69739.458914,13.812155,73867.890625,4128.431710999997,5.919793149085111
13.793103,69547.409168,13.793103,73866.421875,4319.012707000002,6.210170527800562
13.774105,69495.486872,13.774105,73639.578125,4144.091253000006,5.963108454269534
13.755158,69404.967624,13.755158,73632.804688,4227.837064000007,6.091548211511643
13.736264,69332.71547,13.736264,73506.429688,4173.714218000008,6.019833767806135
13.717421,69297.032108,13.717421,73454.125,4157.092892000001,5.998947957137813
13.69863,69121.641285,13.69863,73395.046875,4273.405589999995,6.182442301073312
13.679891,69059.88311,13.679891,73328.757812,4268.874702000001,6.1814102627432055
13.661202,68957.185366,13.661202,73156.6875,4199.502133999995,6.090013842227672
13.642565,68918.621988,13.642565,73138.1875,4219.565512000001,6.122533199712996
13.623978,68830.396741,13.623978,73107.757812,4277.361070999992,6.214348999171334
13.605442,68769.23945,13.605442,73106.46875,4337.229300000006,6.30693219045046
13.586957,68726.228215,13.586957,73043.859375,4317.6311600000045,6.282363039759615
13.568521,68619.347506,13.568521,73026.46875,4407.1212439999945,6.422563612419428
13.550136,68544.100806,13.550136,73014.945312,4470.844505999994,6.52258101489113
13.5318,68451.474171,13.5318,73001.867188,4550.393017000009,6.647618728608505
13.513514,68411.950325,13.513514,72926.34375,4514.393425000002,6.598837488996849
13.495277,68384.925027,13.495277,72779.90625,4394.981222999995,6.426827581173411
13.477089,68338.402699,13.477089,72757.375,4418.972301000002,6.466309024610352
13.45895,68216.157345,13.45895,72636.070312,4419.912966999997,6.479275788940288
13.44086,68137.479615,13.44086,72594.34375,4456.864134999996,6.540987662271629
13.422819,68094.391063,13.422819,72420.453125,4326.062061999997,6.3530372978849075
13.404826,68047.989319,13.404826,72302.320312,4254.330992999996,6.25195694329226
13.386881,67983.996945,13.386881,72126.664062,4142.66711699999,6.093591585018846
13.368984,67935.716213,13.368984,72117.90625,4182.190036999993,6.156099133315237
13.351135,67843.646724,13.351135,71986.148438,4142.501713999998,6.105953783487539
13.333333,67815.254978,13.333333,71898.09375,4082.838772000003,6.0205314767665765
13.315579,67724.853807,13.315579,71717.101562,3992.2477549999894,5.894804537159964
13.297872,67680.27261,13.297872,71668.125,3987.85239,5.892193154982625
13.280212,67593.225533,13.280212,71650.625,4057.3994669999956,6.002671769257577
13.262599,67524.508169,13.262599,71473.046875,3948.5387060000066,5.847563815078259
13.245033,67453.041785,13.245033,71460.929688,4007.88790300001,5.941745245195557
13.227513,67380.245246,13.227513,71454.882812,4074.6375659999903,6.04722875543686
13.21004,67335.285097,13.21004,71372.132812,4036.8477149999962,5.995144609820403
13.192612,67293.763974,13.192612,71354.0,4060.2360259999987,6.0335992315257245
13.175231,67174.187834,13.175231,71073.640625,3899.4527910000033,5.804986880729071
13.157895,67134.77605,13.157895,70959.195312,3824.419261999996,5.696629209206986
13.140604,67106.245229,13.140604,70942.375,3836.129771000007,5.716501881321505
13.12336,66945.561905,13.12336,70936.960938,3991.399033000009,5.9621562944890325
13.10616,66895.107211,13.10616,70921.75,4026.642789000005,6.019338269836689
13.089005,66741.197888,13.089005,70898.070312,4156.872424000001,6.228345542996918
13.071895,66678.863758,13.071895,70707.773438,4028.909679999997,6.0422590502175675
13.05483,66600.60488,13.05483,70586.335938,3985.731058000005,5.984526815006316
13.03781,66496.982092,13.03781,70550.15625,4053.1741579999943,6.095275350078806
13.020833,66461.849309,13.020833,70500.273438,4038.4241290000064,6.076304182004065
13.003901,66413.159516,13.003901,70310.40625,3897.2467340000003,5.868184501990288
12.987013,66288.115535,12.987013,70276.726562,3988.6110269999917,6.017083145008116
12.970169,66186.112564,12.970169,70263.53125,4077.4186860000045,6.160535085146846
12.953368,66091.939806,12.953368,70140.085938,4048.146132000009,6.125022421618359
12.936611,66036.29056,12.936611,70104.882812,4068.592252000002,6.161145966100738
12.919897,65885.669646,12.919897,70055.859375,4170.189729000005,6.329433625561068
12.903226,65825.475529,12.903226,69917.507812,4092.032282999993,6.216487234030253
12.886598,65802.476981,12.886598,69805.632812,4003.1558309999964,6.083594440002432
12.870013,65753.55914,12.870013,69797.984375,4044.4252350000024,6.150884131441106
12.85347,65691.377836,12.85347,69584.4375,3893.0596640000003,5.926287120539793
12.83697,65575.872063,12.83697,69461.5,3885.6279369999975,5.925392701246885
12.820513,65530.209378,12.820513,69322.484375,3792.2749970000004,5.787063757304512
12.804097,65493.922377,12.804097,69286.992188,3793.069811000001,5.791483657317251
12.787724,65446.073145,12.787724,69286.296875,3840.223729999998,5.867767988908569
12.771392,65308.132285,12.771392,69234.53125,3926.3989650000003,6.0121133886749005
12.755102,65196.350772,12.755102,69173.601562,3977.2507899999982,6.100419337746302
12.738854,65135.712505,12.738854,68988.90625,3853.193744999997,5.915639204383026
12.722646,65107.768908,12.722646,68897.335938,3789.5670300000056,5.8204529099358675
12.70648,65032.61029,12.70648,68494.335938,3461.725648000007,5.32306120354562
12.690355,64991.700742,12.690355,68493.265625,3501.564882999999,5.387710804646108
12.674271,64914.151901,12.674271,68172.007812,3257.8559109999987,5.018714433747092
12.658228,64849.262035,12.658228,68090.820312,3241.5582769999965,4.998604726219528
12.642225,64794.120896,12.642225,68057.984375,3263.8634789999996,5.037283373654802
12.626263,64728.147355,12.626263,68049.265625,3321.118269999999,5.1308718165304565
12.61034,64678.191017,12.61034,67948.632812,3270.441794999999,5.056483095113771
12.594458,64597.569525,12.594458,67776.710938,3179.141413000005,4.921456699341669
12.578616,64525.3472,12.578616,67692.1875,3166.8403000000035,4.90790121622159
12.562814,64467.081432,12.562814,67675.46875,3208.387318000001,4.97678388214955
12.547051,64390.241072,12.547051,67640.890625,3250.649553000003,5.04835748225447
12.531328,64348.139341,12.531328,67552.375,3204.235658999998,4.979531174972748
12.515645,64303.558166,12.515645,67327.523438,3023.9652720000013,4.702640659780626
12.5,64220.274283,12.5,67304.429688,3084.155405000005,4.802463769321559
12.484395,64166.323238,12.484395,67246.015625,3079.692387000003,4.799546290936887
12.468828,64109.962285,12.468828,67153.882812,3043.9205269999948,4.747968051312034
12.4533,64075.424785,12.4533,67109.523438,3034.098653000001,4.735198655616686
12.437811,64050.530192,12.437811,67044.515625,2993.9854330000016,4.674411630981245
12.42236,63981.701902,12.42236,66997.367188,3015.665286000003,4.713324585549571
12.406948,63916.55036,12.406948,66867.289062,2950.738701999995,4.616548742665897
12.391574,63846.61866,12.391574,66764.382812,2917.764151999996,4.569958775010241
12.376238,63735.766433,12.376238,66725.390625,2989.624192000003,4.69065386566386
12.360939,63682.258763,12.360939,66547.085938,2864.827175000006,4.498626824249045
12.345679,63629.185354,12.345679,66524.601562,2895.416207999995,4.550453053722739
12.330456,63537.639005,12.330456,66506.59375,2968.9547450000027,4.672749556788482
12.315271,63480.181825,12.315271,66434.578125,2954.3963000000003,4.6540451130788805
12.300123,63423.672554,12.300123,66369.210938,2945.5383840000068,4.6442255160990955
12.285012,63337.295987,12.285012,66267.664062,2930.3680749999985,4.62660748195101
12.269939,63258.465793,12.269939,66250.414062,2991.948268999993,4.72971993786652
12.254902,63188.04608,12.254902,66240.929688,3052.8836080000037,4.8314258746581
12.239902,63108.434548,12.239902,66109.140625,3000.7060770000026,4.754841565144004
12.224939,62983.413876,12.224939,66037.828125,3054.4142490000013,4.849553336396544
12.210012,62952.849375,12.210012,66010.257812,3057.4084369999982,4.8566641023466754
12.195122,62804.993159,12.195122,65964.726562,3159.7334029999984,5.0310226051624145
12.180268,62751.882167,12.180268,65856.015625,3104.1334579999966,4.946677853803722
12.16545,62728.339635,12.16545,65748.585938,3020.246303000007,4.814803517156744
12.150668,62685.953322,12.150668,65734.171875,3048.218552999999,4.8626819749269234
12.135922,62632.223937,12.135922,65731.453125,3099.2291879999975,4.9482981653620115
12.121212,62555.315955,12.121212,65686.429688,3131.1137330000056,5.005351959619889
12.106538,62481.098049,12.106538,65475.773438,2994.6753889999964,4.792930154094701
12.091898,62408.193219,12.091898,65467.726562,3059.533343000003,4.902454606022044
12.077295,62360.566703,12.077295,65322.40625,2961.839547000003,4.749539177708463
12.062726,62301.959573,12.062726,65115.65625,2813.696677,4.516225005255501
12.048193,62225.141674,12.048193,65099.507812,2874.366138000005,4.619300271036623
12.033694,62195.254686,12.033694,64958.539062,2763.2843760000032,4.442918338305336
12.019231,62134.791582,12.019231,64879.503906,2744.712324,4.417351783304483
12.004802,62080.286952,12.004802,64694.105469,2613.8185169999997,4.210384077349681
11.990408,62015.573781,11.990408,64655.273438,2639.6996569999974,4.256510898894133
11.976048,61912.148109,11.976048,64614.222656,2702.0745469999965,4.364368915520156
11.961722,61822.671907,11.961722,64590.875,2768.2030929999964,4.477650362902805
11.947431,61778.398803,11.947431,64539.101562,2760.702759000007,4.468718536722492
11.933174,61732.334577,11.933174,64450.339844,2718.0052670000005,4.402887539608237
11.918951,61611.263522,11.918951,64421.800781,2810.537258999997,4.561726376535709
11.904762,61513.63754,11.904762,64299.28125,2785.6437099999966,4.528497779355996
11.890606,61448.57414,11.890606,63981.328125,2532.753985000003,4.121745736897912
11.876485,61387.277906,11.876485,63919.234375,2531.956468999997,4.124562214465813
11.862396,61349.581078,11.862396,63828.046875,2478.465796999997,4.039906635790829
11.848341,61295.875073,11.848341,63773.75,2477.874926999997,4.04248234330448
11.83432,61179.880222,11.83432,63764.699219,2584.818997000002,4.224949423929263
11.820331,61088.944063,11.820331,63410.507812,2321.563749000001,3.8003009948998483
11.806375,61037.07723,11.806375,63407.816406,2370.7391759999955,3.884096820472862
11.792453,60948.007568,11.792453,63328.261719,2380.254151000001,3.9053846811060056
11.778563,60857.060664,11.778563,63303.515625,2446.454961000003,4.020001844169257
11.764706,60768.351636,11.764706,63273.546875,2505.1952390000006,4.122532817750299
11.750881,60718.86022,11.750881,63219.398438,2500.5382179999942,4.118223248822364
11.737089,60663.510057,11.737089,63202.707031,2539.1969739999986,4.185707308420079
11.723329,60548.702001,11.723329,63142.8125,2594.110499000002,4.284337092737609
11.709602,60528.174829,11.709602,63076.335938,2548.1611089999933,4.209876006006923
11.695906,60498.23238,11.695906,63068.710938,2570.4785579999952,4.248849027281275
11.682243,60442.44623,11.682243,63048.28125,2605.8350199999986,4.311266638818828
11.668611,60388.961851,11.668611,63043.871094,2654.909243000002,4.3963485405670015
11.655012,60309.996857,11.655012,62932.625,2622.6281430000017,4.348579472186793
11.641444,60259.501472,11.641444,62816.898438,2557.396965999993,4.243972989368831
11.627907,60181.028987,11.627907,62769.851562,2588.8225750000056,4.301725341983152
11.614402,60084.075115,11.614402,62742.789062,2658.713947000004,4.42498938680718
11.600928,60013.330107,11.600928,62615.742188,2602.412080999995,4.33639005927526
11.587486,59906.217609,11.587486,62502.96875,2596.7511410000006,4.334693867585922
11.574074,59819.181027,11.574074,62498.640625,2679.4595980000013,4.4792649314115485
11.560694,59774.651059,11.560694,62419.09375,2644.4426909999966,4.424020289787764
11.547344,59678.530842,11.547344,62054.117188,2375.5863459999964,3.9806381163929863
11.534025,59590.174692,11.534025,61967.234375,2377.0596829999995,3.9890127781738496
11.520737,59473.019304,11.520737,61931.21875,2458.1994459999987,4.133301915335357
11.50748,59436.924266,11.50748,61885.449219,2448.524953,4.11953509243183
11.494253,59361.139738,11.494253,61779.660156,2418.520418,4.074248622372366
11.481056,59307.76012,11.481056,61538.417969,2230.657849000003,3.761156793793282
11.46789,59234.846579,11.46789,61431.730469,2196.8838900000046,3.708769443793657
11.454754,59207.938682,11.454754,61377.0625,2169.123818,3.663569221097444
11.441648,59058.389231,11.441648,61371.796875,2313.407643999999,3.917153302219901
11.428571,58960.823609,11.428571,61267.8125,2306.988891000001,3.9127487538146486
11.415525,58925.247414,11.415525,61238.757812,2313.510398000006,3.9261785050228584
11.402509,58884.994289,11.402509,61213.628906,2328.634616999996,3.9545467315006535
11.389522,58830.57889,11.389522,61203.507812,2372.9289220000064,4.033495788706842
11.376564,58767.292095,11.376564,61175.898438,2408.6063429999995,4.0985491370035865
11.363636,58722.510164,11.363636,61171.949219,2449.4390550000026,4.17120972546851
11.350738,58680.212541,11.350738,61158.882812,2478.6702710000027,4.224030833678644
11.337868,58639.54587,11.337868,61132.992188,2493.446317999995,4.252158302057455
11.325028,58543.064961,11.325028,61117.253906,2574.1889450000017,4.397086054026835
11.312217,58499.984113,11.312217,61100.207031,2600.2229179999995,4.4448267079480654
11.299435,58451.969976,11.299435,60929.1875,2477.2175239999997,4.238039410848136
11.286682,58376.571896,11.286682,60862.4375,2485.8656039999987,4.258327481834081
11.273957,58252.460171,11.273957,60862.4375,2609.977329000001,4.48045854430597
11.261261,58214.532838,11.261261,60833.777344,2619.2445060000027,4.499296615999416
11.248594,58159.918414,11.248594,60747.636719,2587.718305000002,4.449315569151654
11.235955,58112.041028,11.235955,60724.554688,2612.513659999997,4.495649462288228
11.223345,58034.362665,11.223345,60722.707031,2688.3443659999975,4.63233202287119
11.210762,57973.680617,11.210762,60722.707031,2749.026414,4.741852483304096
11.198208,57937.125738,11.198208,60718.871094,2781.7453559999994,4.801317498178027
11.185682,57883.134494,11.185682,60642.023438,2758.8889439999984,4.766308818825244
11.173184,57841.875633,11.173184,60622.78125,2780.9056169999967,4.807772200619013
11.160714,57793.34004,11.160714,60504.4375,2711.097459999997,4.691020553793203
11.148272,57746.752662,11.148272,60458.378906,2711.626243999999,4.695720744457329
11.135857,57732.857009,11.135857,60412.257812,2679.400803000004,4.641032752947444
11.123471,57596.681468,11.123471,60388.996094,2792.3146259999994,4.848047760444974
11.111111,57560.041241,11.111111,60342.757812,2782.7165710000045,4.834458959730342
11.098779,57418.382371,11.098779,60307.429688,2889.047316999997,5.031572116283012
11.086475,57359.633189,11.086475,60302.476562,2942.8433730000033,5.130512887527251
11.074197,57278.768825,11.074197,60189.578125,2910.809300000001,5.081829375371531
11.061947,57209.946517,11.061947,60102.4375,2892.4909830000033,5.055923242544016
11.049724,57153.020617,11.049724,59951.496094,2798.475477,4.8964611962567055
11.037528,57111.450458,11.037528,59901.773438,2790.322979999997,4.885750506462819
11.025358,57076.981154,11.025358,59853.0,2776.018845999999,4.863639929571597
11.013216,56992.008006,11.013216,59848.136719,2856.1287130000055,5.011454786255853
11.0011,56879.923187,11.0011,59821.417969,2941.4947820000016,5.171411312088911
10.989011,56783.41958,10.989011,59578.234375,2794.8147949999984,4.921885324399124
10.976948,56756.798848,10.976948,59564.464844,2807.6659960000034,4.946836419578903
10.964912,56708.701622,10.964912,59515.820312,2807.118690000003,4.950066938071085
10.952903,56670.257724,10.952903,59498.429688,2828.1719639999937,4.990575440425879
10.940919,56621.63291,10.940919,59446.25,2824.6170899999997,4.988582887550637
10.928962,56551.65329,10.928962,59410.527344,2858.874054,5.055332404411832
10.917031,56453.785526,10.917031,59361.664062,2907.878536000004,5.15090088097063
10.905125,56378.311696,10.905125,59353.910156,2975.598460000001,5.2779133863476755
10.893246,56292.732107,10.893246,59321.832031,3029.0999239999946,5.380978699421353
10.881393,56227.161327,10.881393,59248.183594,3021.0222670000003,5.372887756916373
10.869565,56151.205023,10.869565,59203.265625,3052.0606019999977,5.43543206374618
10.857763,56099.393061,10.857763,59195.210938,3095.817876999994,5.518451641060961
10.845987,56057.395965,10.845987,59154.585938,3097.189972999993,5.525033618996064
10.834236,56011.139671,10.834236,59094.371094,3083.2314230000047,5.504675393342087
10.822511,55950.537012,10.822511,59072.144531,3121.6075189999974,5.5792270918337925
10.810811,55913.107771,10.810811,58842.9375,2929.8297289999973,5.239969384280207
10.799136,55845.895554,10.799136,58820.539062,2974.643508000001,5.326521275182487
10.787487,55814.765875,10.787487,58794.050781,2979.284906000001,5.337807763401284
10.775862,55744.519146,10.775862,58759.65625,3015.1371040000013,5.408849426260331
10.764263,55616.644992,10.764263,58708.328125,3091.6831329999986,5.558916999478685
10.752688,55517.171966,10.752688,58702.195312,3185.0233460000018,5.737005746529351
10.741139,55404.347564,10.741139,58571.394531,3167.0469669999948,5.716242688972375
10.729614,55314.925986,10.729614,58456.003906,3141.077919999996,5.678535881608141
10.718114,55154.865249,10.718114,58250.320312,3095.4550630000012,5.612297390312496
10.706638,55089.268877,10.706638,58241.171875,3151.9029979999978,5.721446412798429
10.695187,55023.630611,10.695187,58174.320312,3150.689701000003,5.7260665390737335
10.683761,54982.830524,10.683761,58063.582031,3080.751507000001,5.6031155137698
10.672359,54913.533909,10.672359,58042.664062,3129.1301530000055,5.698285887383329
10.660981,54816.837195,10.660981,57970.632812,3153.7956170000034,5.753333790092636
10.649627,54787.229625,10.649627,57907.515625,3120.286,5.695279760187363
10.638298,54737.547883,10.638298,57857.6875,3120.1396170000007,5.700181571284876
10.626993,54682.907319,10.626993,57845.5,3162.592681000002,5.783512318667692
10.615711,54661.871095,10.615711,57707.289062,3045.417967000001,5.57137526761057
10.604454,54575.559136,10.604454,57677.050781,3101.4916449999946,5.6829315065214585
10.59322,54516.03003,10.59322,57663.027344,3146.997314,5.772609106474219
10.582011,54439.874813,10.582011,57648.636719,3208.7619059999997,5.89413902405551
10.570825,54406.767152,10.570825,57602.523438,3195.756285999996,5.873821315410614
10.559662,54393.314771,10.559662,57474.222656,3080.9078850000005,5.664129678382091
10.548523,54270.227225,10.548523,57404.234375,3134.0071499999976,5.774818551996578
10.537408,54230.307154,10.537408,57283.011719,3052.704565,5.629148579835831
10.526316,54184.592904,10.526316,57161.71875,2977.1258460000026,5.494413977188387
10.515247,54061.657002,10.515247,56992.097656,2930.440653999998,5.420552784557801
10.504202,54018.150447,10.504202,56954.628906,2936.478458999998,5.436095894992053
10.493179,53962.729485,10.493179,56731.292969,2768.5634839999984,5.130510466060793
10.48218,53778.678471,10.48218,56700.960938,2922.2824669999973,5.433905313563683
10.471204,53735.821649,10.471204,56675.375,2939.5533510000023,5.470379461583438
10.460251,53683.779012,10.460251,56520.515625,2836.736613000001,5.28415969443191
10.449321,53633.158182,10.449321,56323.59375,2690.435568000001,5.016366104845466
10.438413,53561.522291,10.438413,56268.371094,2706.8488030000008,5.053718952000055
10.427529,53474.329932,10.427529,56239.003906,2764.6739739999975,5.170095590754784
10.416667,53369.202421,10.416667,56145.3125,2776.110078999998,5.201708013360978
10.405827,53307.078889,10.405827,56116.757812,2809.6789230000068,5.2707426134726525
10.39501,53256.313005,10.39501,56027.367188,2771.054182999993,5.203240755213059
10.384216,53188.707085,10.384216,55979.339844,2790.632759,5.246664023136219
10.373444,53075.50414,10.373444,55909.320312,2833.816172000006,5.339216683698572
10.362694,52982.823161,10.362694,55877.625,2894.8018389999997,5.463660987266581
10.351967,52912.763103,10.351967,55844.933594,2932.1704910000044,5.541518376752014
10.341262,52853.332581,10.341262,55837.996094,2984.6635129999995,5.647067776522652
10.330579,52817.628718,10.330579,55817.460938,2999.8322199999966,5.679604126145989
10.319917,52775.052345,10.319917,55652.695312,2877.642967000007,5.452657722039456
10.309278,52722.002345,10.309278,55651.082031,2929.0796859999973,5.555706452180647
10.298661,52627.775808,10.298661,55648.855469,3021.0796610000034,5.740466159964082
10.288066,52586.884767,10.288066,55644.242188,3057.3574209999933,5.8139162160801465
10.277492,52518.585289,10.277492,55606.503906,3087.9186169999957,5.879668311718135
10.26694,52501.950063,10.26694,55532.832031,3030.8819680000015,5.772894081768541
10.25641,52432.859086,10.25641,55460.25,3027.3909140000032,5.773842904569629
10.245902,52405.042782,10.245902,55445.175781,3040.1329990000013,5.801222244291767
10.235415,52348.816399,10.235415,55383.492188,3034.6757889999935,5.797028467405738
10.224949,52308.108036,10.224949,55297.464844,2989.356808000004,5.714901418232599
10.214505,52274.170653,10.214505,55285.917969,3011.747316000001,5.761444473203053
10.204082,52230.264576,10.204082,55282.246094,3051.9815180000005,5.8433200420784335
10.19368,52152.5922,10.19368,55173.597656,3021.005455999999,5.792627611710543
10.183299,52092.647303,10.183299,55105.863281,3013.215978,5.78434027449872
10.17294,52055.882891,10.17294,55097.691406,3041.808514999997,5.843352078705976
10.162602,52029.244731,10.162602,55010.769531,2981.5247999999992,5.730478724830597
10.152284,51900.635149,10.152284,54892.4375,2991.8023509999985,5.7644811906654345
10.141988,51796.381387,10.141988,54874.675781,3078.294393999997,5.943068437542618
10.131712,51711.448864,10.131712,54824.480469,3113.0316050000038,6.02000460901262
10.121457,51681.059493,10.121457,54769.964844,3088.9053510000012,5.97686150652229
10.111223,51599.483406,10.111223,54735.535156,3136.0517499999987,6.077680517311803
10.10101,51533.109105,10.10101,54653.539062,3120.4299570000003,6.055194439446776
10.090817,51471.417904,10.090817,54651.253906,3179.8360019999964,6.177867506837968
10.080645,51416.02894,10.080645,54352.898438,2936.869498,5.711972625165557
10.070493,51379.518922,10.070493,54269.875,2890.356077999997,5.625502415442793
10.060362,51355.888298,10.060362,54158.910156,2803.021858,5.45803402666323
10.050251,51308.849971,10.050251,54087.082031,2778.232059999995,5.414722921231452
10.040161,51263.278388,10.040161,54068.523438,2805.2450499999977,5.472231074976792
10.03009,51224.276175,10.03009,53901.117188,2676.8410129999975,5.2257273560195845
10.02004,51201.046815,10.02004,53759.796875,2558.7500599999985,4.997456534912837
10.01001,51169.90201,10.01001,53745.324219,2575.422209000004,5.033080205032825
10.0,51118.208982,10.0,53693.507812,2575.298830000007,5.037928521531016
9.99001,51057.807234,9.99001,53672.136719,2614.329485000002,5.120332475341967
9.98004,50983.546999,9.98004,53621.308594,2637.7615950000036,5.173750651463582
9.97009,50939.840421,9.97009,53518.605469,2578.765048000001,5.0623736287499295
9.960159,50893.893805,9.960159,53431.558594,2537.664789000002,4.986187142062793
9.950249,50831.066817,9.950249,53286.285156,2455.218338999999,4.830153079098613
9.940358,50770.870136,9.940358,53223.15625,2452.2861140000023,4.830104560806345
9.930487,50751.129711,9.930487,53164.125,2412.9952889999986,4.754564682088242
9.920635,50709.941672,9.920635,53108.253906,2398.3122339999973,4.729471490053496
9.910803,50686.559323,9.910803,52903.449219,2216.8898960000006,4.373723380734671
9.90099,50633.381381,9.90099,52888.160156,2254.778774999999,4.453146745293406
9.891197,50585.560922,9.891197,52836.109375,2250.548453000003,4.448993768143084
9.881423,50525.752087,9.881423,52827.40625,2301.6541629999992,4.555408020521484
9.871668,50449.500173,9.871668,52709.632812,2260.132639000003,4.479990151041378
9.861933,50369.224601,9.861933,52688.042969,2318.818368,4.603641184410775
9.852217,50331.449135,9.852217,52563.554688,2232.105552999994,4.434812808613947
9.84252,50298.351339,9.84252,52258.746094,1960.3947550000012,3.897532827243909
9.832842,50260.105134,9.832842,52079.78125,1819.6761160000024,3.620517925994202
9.823183,50211.901977,9.823183,51989.214844,1777.3128670000006,3.539624664714183
9.813543,50188.985883,9.813543,51920.480469,1731.4945860000007,3.4499493375627104
9.803922,50085.494141,9.803922,51891.152344,1805.658202999999,3.605152018500076
9.794319,50056.924595,9.794319,51866.679688,1809.7550929999998,3.615394089114235
9.784736,50015.626582,9.784736,51866.265625,1850.6390430000029,3.700121680902874
9.775171,49976.063589,9.775171,51822.644531,1846.5809420000005,3.6949307516217487
9.765625,49914.461348,9.765625,51783.449219,1868.9878710000048,3.7443815289712483
9.756098,49859.742189,9.756098,51739.726562,1879.9843730000066,3.7705457157673927
9.746589,49782.675657,9.746589,51685.695312,1903.0196550000037,3.8226544272383194
9.737098,49706.460416,9.737098,51641.066406,1934.6059899999964,3.8920614620494414
9.727626,49623.932671,9.727626,51521.570312,1897.6376410000012,3.824037191048689
9.718173,49551.341007,9.718173,51473.539062,1922.1980550000007,3.8792049134017508
9.708738,49520.60934,9.708738,51330.144531,1809.5351909999954,3.654105260652262
9.699321,49456.144655,9.699321,51303.902344,1847.7576890000055,3.7361539236221035
9.689922,49404.092093,9.689922,51275.628906,1871.5368129999988,3.7882222579395894
9.680542,49357.230776,9.680542,51270.671875,1913.4410990000033,3.876718910110362
9.67118,49305.315781,9.67118,51208.277344,1902.9615630000044,3.8595464461730886
9.661836,49252.94968,9.661836,51203.195312,1950.2456320000056,3.959652456697301
9.65251,49139.696361,9.65251,51181.3125,2041.616138999998,4.154718669813227
9.643202,49098.059799,9.643202,51153.601562,2055.541763000001,4.1866048707730545
9.633911,49056.301109,9.633911,51086.792969,2030.491860000002,4.139105097810733
9.624639,49010.89275,9.624639,51044.441406,2033.548655999999,4.149176931693412
9.615385,48925.149439,9.615385,50972.820312,2047.6708730000028,4.185313476769333
9.606148,48898.508603,9.606148,50917.148438,2018.6398349999945,4.128223728435242
9.596929,48832.137948,9.596929,50486.183594,1654.0456459999987,3.3872071047991925
9.587728,48786.31576,9.587728,50379.054688,1592.7389279999989,3.2647247556780847
9.578544,48715.006348,9.578544,50341.066406,1626.0600579999955,3.3379038204041076
9.569378,48602.338607,9.569378,50320.917969,1718.579362000004,3.536001376181688
9.560229,48516.790066,9.560229,50230.890625,1714.1005589999986,3.533004876596773
9.551098,48485.096305,9.551098,50222.8125,1737.7161950000009,3.584021333212862
9.541985,48446.589838,9.541985,50213.765625,1767.1757870000001,3.6476783874969096
9.532888,48408.949605,9.532888,50158.460938,1749.511332999995,3.614024570405663
9.52381,48311.234031,9.52381,50140.753906,1829.5198749999981,3.7869450277880405
9.514748,48260.69783,9.514748,50125.40625,1864.7084200000027,3.863823988970287
9.505703,48191.874897,9.505703,50105.054688,1913.179790999995,3.9699218905448572
9.496676,48142.672659,9.496676,50041.414062,1898.741403,3.943988354051301
9.487666,48065.284939,9.487666,50026.105469,1960.8205300000045,4.079494238905472
9.478673,48029.347464,9.478673,49751.6875,1722.3400360000014,3.5860158984899124
9.469697,47980.130549,9.469697,49662.519531,1682.3889819999968,3.5064285210350703
9.460738,47913.14594,9.460738,49608.011719,1694.8657789999997,3.537371102958721
9.451796,47873.442847,9.451796,49442.214844,1568.7719970000035,3.2769149317580593
9.442871,47843.465742,9.442871,49363.34375,1519.8780079999997,3.176772385587767
9.433962,47784.523957,9.433962,49221.539062,1437.0151050000059,3.007281408292645
9.425071,47715.119686,9.425071,49205.78125,1490.6615640000018,3.1240863982101126
9.416196,47616.351962,9.416196,49159.066406,1542.7144439999975,3.239883738324081
9.407338,47527.478397,9.407338,49039.46875,1511.990353000001,3.1812972284585586
9.398496,47420.863318,9.398496,49021.242188,1600.3788699999932,3.3748412787595155
9.389671,47374.403034,9.389671,48879.597656,1505.1946219999954,3.177231850119012
9.380863,47312.509738,9.380863,48869.957031,1557.4472929999974,3.29182979644198
9.372071,47240.237163,9.372071,48733.914062,1493.6768990000055,3.1618742595346223
9.363296,47205.12082,9.363296,48699.84375,1494.7229300000035,3.1664423351432567
9.354537,47182.220387,9.354537,48630.738281,1448.5178939999969,3.0700502903824836
9.345794,47078.913602,9.345794,48508.070312,1429.156710000003,3.035662041995994
9.337068,47045.171274,9.337068,48492.277344,1447.1060700000016,3.0759927763293313
9.328358,46937.452169,9.328358,48492.101562,1554.649393000007,3.3121725214279536
9.319664,46897.437942,9.319664,48409.664062,1512.2261200000066,3.2245388796510364
9.310987,46834.701677,9.310987,48168.515625,1333.8139480000027,2.8479181039708084
9.302326,46729.471671,9.302326,48120.441406,1390.9697349999988,2.976643401391643
9.29368,46642.358402,9.29368,48106.324219,1463.9658170000039,3.138704532010178
9.285051,46537.166823,9.285051,47875.4375,1338.2706770000004,2.875702945325388
9.276438,46485.715475,9.276438,47792.152344,1306.4368690000047,2.810404993556797
9.267841,46408.374432,9.267841,47738.972656,1330.5982240000012,2.8671511128873175
9.259259,46357.510109,9.259259,47723.503906,1365.9937969999955,2.9466504861631835
9.250694,46261.35499,9.250694,47594.105469,1332.750479000002,2.880915354269441
9.242144,46239.794035,9.242144,47427.570312,1187.7762770000045,2.568731764031969
9.23361,46212.423242,9.23361,47398.839844,1186.4166020000048,2.567310949670638
9.225092,46162.094064,9.225092,47384.78125,1222.6871860000028,2.648682237649025
9.21659,46118.40561,9.21659,47352.175781,1233.7701709999965,2.675222949885488
9.208103,46084.257459,9.208103,47308.167969,1223.9105100000015,2.6558104165807244
9.199632,46047.014638,9.199632,47270.246094,1223.2314560000013,2.656483738666822
9.191176,45970.162727,9.191176,47238.875,1268.7122729999974,2.759860304464041
9.182736,45908.062952,9.182736,47113.601562,1205.5386100000032,2.6259844839466995
9.174312,45841.939053,9.174312,47025.898438,1183.9593849999947,2.5826991821422824
9.165903,45810.810528,9.165903,46987.339844,1176.529316,2.568235100928621
9.157509,45665.554921,9.157509,46968.082031,1302.5271099999954,2.85231858509839
9.149131,45613.583837,9.149131,46877.890625,1264.3067880000017,2.7717769174156497
9.140768,45562.986245,9.140768,46764.191406,1201.205160999998,2.6363617927519316
9.13242,45503.681816,9.13242,46725.855469,1222.1736530000053,2.6858786019602148
9.124088,45418.357387,9.124088,46712.472656,1294.1152690000017,2.8493220438888303
9.11577,45334.502129,9.11577,46704.027344,1369.5252150000015,3.0209336171885095
9.107468,45281.132383,9.107468,46648.976562,1367.844179000007,3.02078174068266
9.099181,45207.448865,9.099181,46520.839844,1313.3909790000034,2.9052534747583203
9.090909,45102.434203,9.090909,46441.347656,1338.913453000001,2.9686057452547496
9.082652,45057.039375,9.082652,46325.828125,1268.7887499999997,2.815961207393467
9.07441,44999.172859,9.07441,46270.984375,1271.8115160000016,2.826299763298059
9.066183,44953.043215,9.066183,46232.058594,1279.015379000004,2.8452253452180525
9.057971,44889.917854,9.057971,46221.421875,1331.5040210000006,2.9661538373284295
9.049774,44829.344364,9.049774,46071.199219,1241.854855000005,2.7701829518552383
9.041591,44797.30402,9.041591,46053.101562,1255.7975420000002,2.8032882100211713
9.033424,44723.698065,9.033424,45989.492188,1265.7941229999997,2.830253708359123
9.025271,44603.451327,9.025271,45959.046875,1355.5955479999975,3.03921671455816
9.017133,44547.410165,9.017133,45930.40625,1382.9960849999989,3.1045487939197662
9.009009,44500.215787,9.009009,45928.582031,1428.366243999997,3.2097962194989416
9.0009,44411.775238,9.0009,45920.269531,1508.494292999996,3.3966088608619383
8.992806,44350.991077,8.992806,45760.636719,1409.6456420000031,3.17838588894811
8.984726,44311.268411,8.984726,45706.480469,1395.2120580000046,3.1486619725235663
8.976661,44250.142603,8.976661,45654.867188,1404.7245849999963,3.174508605775117
8.96861,44185.236389,8.96861,45603.441406,1418.2050170000002,3.2096807280023176
8.960573,44123.830503,8.960573,45556.03125,1432.2007470000026,3.245866758786109
8.952551,44077.173059,8.952551,45514.164062,1436.9910030000028,3.260170521999
8.944544,44005.186737,8.944544,45459.429688,1454.242950999993,3.304708055646656
8.93655,43961.079034,8.93655,45421.347656,1460.268621999996,3.3217306173731713
8.928571,43938.583789,8.928571,45134.960938,1196.377149,2.7228395770450673
8.920607,43901.731992,8.920607,45094.851562,1193.1195700000026,2.717705010402366
8.912656,43864.544334,8.912656,45045.8125,1181.2681660000017,2.6929908515757335
8.90472,43806.933246,8.90472,44678.382812,871.449566000003,1.9892959890762834
8.896797,43768.968308,8.896797,44318.027344,549.0590359999987,1.2544482020601861
8.888889,43668.477753,8.888889,44299.980469,631.5027160000027,1.4461294473600441
8.880995,43596.205323,8.880995,44275.507812,679.3024890000015,1.5581688451256621
8.873114,43556.750685,8.873114,44237.03125,680.2805650000009,1.5618257888880467
8.865248,43506.88136,8.865248,44173.523438,666.6420779999971,1.5322681312959021
8.857396,43448.433093,8.857396,44117.410156,668.9770629999985,1.5397035413637914
8.849558,43396.095674,8.849558,44036.605469,640.5097950000054,1.475961800369418
8.841733,43345.636632,8.841733,43980.507812,634.8711800000019,1.4646714855984073
8.833922,43289.763197,8.833922,43850.488281,560.7250839999979,1.2952833247164917
8.826125,43235.774981,8.826125,43730.132812,494.35783100000117,1.143399953434967
8.818342,43214.378296,8.818342,43703.390625,489.0123289999974,1.131596353534169
8.810573,43175.066416,8.810573,43701.484375,526.4179589999985,1.2192638082541924
8.802817,43134.045952,8.802817,43655.386719,521.3407670000015,1.2086525979504792
8.795075,43108.525798,8.795075,43612.464844,503.9390459999995,1.1690008801539196
8.787346,43065.27913,8.787346,43609.933594,544.6544639999993,1.264718295116271
8.779631,43019.752818,8.779631,43583.683594,563.9307760000011,1.3108647517938443
8.77193,42963.074945,8.77193,43530.78125,567.7063049999997,1.3213819209327073
8.764242,42909.155997,8.764242,43501.300781,592.1447839999964,1.3799963440003253
8.756567,42893.824342,8.756567,43492.527344,598.703002000002,1.3957790222350839
8.748906,42878.937754,8.748906,43457.402344,578.4645900000032,1.3490646464208191
8.741259,42851.412494,8.741259,43434.550781,583.1382870000016,1.3608379585658976
8.733624,42814.769125,8.733624,43384.632812,569.8636870000046,1.3309979211525285
8.726003,42739.167373,8.726003,43320.066406,580.8990330000015,1.3591725546038085
8.718396,42711.328559,8.718396,43182.1875,470.8589409999986,1.1024216686436474
8.710801,42647.841999,8.710801,43135.527344,487.6853450000053,1.1435170506668086
8.70322,42606.600081,8.70322,43127.234375,520.6342940000031,1.2219569104556995
8.695652,42550.904453,8.695652,43121.914062,571.0096090000006,1.3419447044438613
8.688097,42499.971176,8.688097,43084.496094,584.5249180000028,1.3753536810163478
8.680556,42437.344211,8.680556,43031.304688,593.9604769999933,1.3996174549632523
8.673027,42412.420878,8.673027,42977.203125,564.7822470000028,1.331643502795108
8.665511,42384.442779,8.665511,42811.816406,427.37362700000085,1.0083266382158256
8.658009,42326.189403,8.658009,42715.019531,388.8301280000014,0.9186513916899921
8.650519,42274.455893,8.650519,42499.019531,224.56363799999963,0.5312040882758798
8.643042,42190.216767,8.643042,42486.683594,296.46682700000383,0.7026909310214586
8.635579,42113.389984,8.635579,42416.289062,302.8990780000022,0.7192464869607543
8.628128,42056.341748,8.628128,42336.078125,279.7363770000011,0.6651467183621695
8.62069,42012.114672,8.62069,42281.617188,269.5025159999932,0.6414876235201978
8.613264,41975.472363,8.613264,42261.625,286.15263699999923,0.6817139174167659
8.605852,41945.952796,8.605852,42247.082031,301.12923500000034,0.7178981878526223
8.598452,41896.131826,8.598452,42238.492188,342.36036199999944,0.8171646094247219
8.591065,41860.843331,8.591065,42197.949219,337.1058880000055,0.8053012342213425
8.583691,41806.81734,8.583691,41995.257812,188.44047200000205,0.45074101304455344
8.576329,41741.854734,8.576329,41935.4375,193.58276599999954,0.46376177396429996
8.56898,41706.890458,8.56898,41888.492188,181.60172999999486,0.43542380648797796
8.561644,41668.394679,8.561644,41882.367188,213.97250899999926,0.5135127250482653
8.55432,41606.838663,8.55432,41782.234375,175.39571199999773,0.42155500786935074
8.547009,41559.310083,8.547009,41771.183594,211.87351100000524,0.5098099813901217
8.53971,41515.624714,8.53971,41717.890625,202.26591100000223,0.48720430535107334
8.532423,41442.055529,8.532423,41694.609375,252.55384600000252,0.6094143805759644
8.525149,41382.581774,8.525149,41688.765625,306.1838510000016,0.7398858115526565
8.517888,41340.242339,8.517888,41616.109375,275.8670360000033,0.667308705492887
8.510638,41319.134413,8.510638,41543.507812,224.3733990000037,0.5430254098677595
8.503401,41267.507569,8.503401,41521.746094,254.23852500000066,0.6160743402661509
8.496177,41235.339649,8.496177,41501.46875,266.1291009999986,0.6453908304510656
8.488964,41124.779558,8.488964,41430.652344,305.8727859999999,0.7437676001852234
8.481764,41092.94162,8.481764,41393.449219,300.5075990000041,0.7312876303159241
8.474576,41035.114017,8.474576,41304.019531,268.9055139999982,0.6553058775189371
8.467401,40995.537269,8.467401,41295.632812,300.0955430000031,0.7320200270357947
8.460237,40955.93518,8.460237,41234.167969,278.2327890000015,0.6793466875488924
8.453085,40925.591825,8.453085,41171.34375,245.75192499999685,0.6004847188303228
8.445946,40834.932735,8.445946,40991.351562,156.41882700000133,0.3830515113495786
8.438819,40783.874545,8.438819,40976.554688,192.68014299999777,0.47244197651549485
8.431703,40726.0434,8.431703,40958.65625,232.6128499999977,0.5711648630222638
8.4246,40664.359066,8.4246,40954.464844,290.10577800000465,0.7134153461736616
8.417508,40624.091068,8.417508,40894.179688,270.088619999995,0.6648484012796694
8.410429,40562.629634,8.410429,40876.3125,313.68286600000283,0.773329709711598
8.403361,40532.757015,8.403361,40800.78125,268.02423499999713,0.6612534027744748
8.396306,40490.273319,8.396306,40687.324219,197.050900000002,0.4866623113347476
8.389262,40455.639387,8.389262,40666.351562,210.71217500000057,0.5208474719292429
8.38223,40434.312997,8.38223,40638.667969,204.354972000001,0.5053998865151066
8.375209,40372.617251,8.375209,40627.210938,254.59368699999322,0.6306098151060224
8.368201,40345.978575,8.368201,40617.210938,271.23236299999553,0.6722661652531141
8.361204,40267.347906,8.361204,40426.632812,159.28490600000077,0.395568405378559
8.354219,40171.242941,8.354219,40409.539062,238.29612100000668,0.593200766403955
8.347245,40103.859616,8.347245,40337.179688,233.32007199999498,0.5817895689693384
8.340284,40041.369797,8.340284,40311.964844,270.5950470000025,0.6757886864806414
8.333333,39927.10515,8.333333,40277.636719,350.53156899999885,0.8779288347680244
8.326395,39916.897848,8.326395,40185.445312,268.54746400000295,0.6727663683250332
8.319468,39878.297279,8.319468,40087.402344,209.10506500000338,0.5243580575595904
8.312552,39798.309094,8.312552,40068.148438,269.839344,0.6780171071154404
8.305648,39764.231449,8.305648,40012.265625,248.03417600000103,0.623762026730278
8.298755,39730.380013,8.298755,39925.394531,195.01451799999631,0.4908448344470566
8.291874,39669.434094,8.291874,39921.007812,251.57371800000692,0.6341752125928549
8.285004,39569.955796,8.285004,39844.140625,274.184828999998,0.6929116383488971
8.278146,39513.513185,8.278146,39822.15625,308.64306499999657,0.7811076265351234
8.271299,39463.328265,8.271299,39795.167969,331.83970400000544,0.8408811891680051
8.264463,39416.487857,8.264463,39764.667969,348.1801120000018,0.883336215197997
8.257638,39333.406594,8.257638,39754.964844,421.55825000000186,1.071756266502244
8.250825,39267.707769,8.250825,39693.355469,425.64770000000135,1.083963704996374
8.244023,39225.726304,8.244023,39661.699219,435.97291499999847,1.1114463799120031
8.237232,39138.918749,8.237232,39641.039062,502.1203130000067,1.2829182027744084
8.230453,39069.115249,8.230453,39613.367188,544.2519389999943,1.393049050461732
8.223684,39031.241822,8.223684,39497.074219,465.8323969999983,1.1934859749643716
8.216927,38993.93794,8.216927,39445.199219,451.26127899999847,1.1572600841042382
8.210181,38957.437758,8.210181,39351.222656,393.78489799999807,1.0108080014043876
8.203445,38929.505926,8.203445,39345.339844,415.8339180000039,1.0681715786232964
8.196721,38895.945356,8.196721,39247.207031,351.26167500000156,0.903080441380291
8.190008,38860.802663,8.190008,39215.332031,354.5293679999959,0.9123058292811564
8.183306,38814.734067,8.183306,39154.742188,340.00812099999894,0.8759769432223712
8.176615,38766.957975,8.176615,39074.777344,307.8193690000044,0.7940250798076822
8.169935,38710.994996,8.169935,39034.433594,323.43859800000064,0.835521272531025
8.163265,38658.634136,8.163265,38988.980469,330.3463330000013,0.8545214811207559
8.156607,38630.008477,8.156607,38947.769531,317.76105399999506,0.8225756776346229
8.149959,38582.167794,8.149959,38935.558594,353.39080000000104,0.9159433494946275
8.143322,38539.006205,8.143322,38915.753906,376.74770100000023,0.9775750287798587
8.136697,38507.811579,8.136697,38843.761719,335.95014000000083,0.8724207536717281
8.130081,38462.193233,8.130081,38740.050781,277.85754799999995,0.7224173263255363
8.123477,38438.106987,8.123477,38713.222656,275.1156689999989,0.7157367793711711
8.116883,38376.870666,8.116883,38683.359375,306.48870899999747,0.7986287148512378
8.1103,38347.105296,8.1103,38683.359375,336.25407899999846,0.8768695222350285
8.103728,38283.222415,8.103728,38596.046875,312.82446000000346,0.8171319974293326
8.097166,38251.172288,8.097166,38431.648438,180.47614999999496,0.47181861157393384
8.090615,38126.792372,8.090615,38381.527344,254.73497199999838,0.66812589297985
8.084074,38062.895293,8.084074,38319.296875,256.4015819999986,0.6736260603043311
8.077544,38029.198315,8.077544,38298.535156,269.33684099999664,0.7082369677347657
8.071025,37950.427678,8.071025,38294.980469,344.5527910000019,0.9079022611377324
8.064516,37873.311626,8.064516,38275.082031,401.77040499999566,1.0608272362540923
8.058018,37845.876294,8.058018,38096.503906,250.6276119999966,0.6622322866909822
8.05153,37828.800957,8.05153,38012.46875,183.66779300000053,0.48552369716601834
8.045052,37786.781862,8.045052,37904.128906,117.34704399999464,0.3105505105688924
8.038585,37769.490375,8.038585,37897.382812,127.89243700000225,0.33861308619788927
8.032129,37715.918629,8.032129,37881.152344,165.23371500000212,0.43810073042461417
8.025682,37665.309874,8.025682,37820.230469,154.92059500000323,0.41130843080344187
8.019246,37607.012259,8.019246,37777.113281,170.10102199999528,0.45231198061815503
8.012821,37553.181285,8.012821,37654.75,101.56871500000125,0.2704663400662974
8.006405,37505.951728,8.006405,37647.277344,141.3256160000019,0.37680850502053925
8.0,37449.848148,8.0,37604.273438,154.42528999999922,0.4123522461018211
7.993605,37416.19435,7.993605,37600.203125,184.00877500000206,0.4917891255287487
7.98722,37406.291972,7.98722,37573.644531,167.35255899999902,0.4473914685937559
7.980846,37361.375587,7.980846,37475.441406,114.06581899999583,0.30530412011833247
7.974482,37286.41213,7.974482,37438.5625,152.15037000000302,0.40805848916094956
7.968127,37244.074615,7.968127,37411.90625,167.83163500000228,0.45062640630734946
7.961783,37206.354025,7.961783,37403.699219,197.34519400000136,0.5304072359989898
7.955449,37166.261751,7.955449,37344.507812,178.24606100000528,0.4795910392984556
7.949126,37137.535577,7.949126,37334.914062,197.3784850000011,0.5314797601223745
7.942812,37094.383817,7.942812,37313.34375,218.95993299999827,0.5902778546752704
7.936508,37060.624709,7.936508,37119.699219,59.074509999998554,0.1593996605935587
7.930214,37027.582708,7.930214,36933.640625,93.94208300000173,0.2537083874495136
7.92393,36996.204594,7.92393,36863.015625,133.18896900000254,0.36000711549098463
7.917656,36939.198338,7.917656,36817.265625,121.93271300000197,0.3300903064660384
7.911392,36889.747478,7.911392,36565.164062,324.58341599999403,0.8798743233294465
7.905138,36852.706334,7.905138,36558.816406,293.88992800000415,0.7974717659442659
7.898894,36780.463399,7.898894,36485.601562,294.86183699999674,0.8016805927682074
7.89266,36728.378506,7.89266,36469.640625,258.7378810000009,0.7044631195949288
7.886435,36666.93395,7.886435,36418.5625,248.37144999999873,0.6773717440860603
7.880221,36629.629818,7.880221,36395.496094,234.13372399999935,0.6391921653681162
7.874016,36564.178007,7.874016,36361.34375,202.83425700000225,0.5547349019063708
7.867821,36532.175046,7.867821,36200.007812,332.1672339999932,0.9092457089722694
7.861635,36494.980466,7.861635,36101.34375,393.6367160000009,1.0786050875317679
7.85546,36465.277483,7.85546,35966.898438,498.3790450000015,1.3667222064396582
7.849294,36452.66195,7.849294,35940.863281,511.79866900000343,1.4040090397294112
7.843137,36407.549423,7.843137,35852.039062,555.5103609999933,1.5258109095611274
7.836991,36335.182923,7.836991,35832.046875,503.1360480000003,1.3847076236446234
7.830854,36298.365121,7.830854,35732.4375,565.9276210000025,1.5590994776582696
7.824726,36282.932115,7.824726,35687.394531,595.5375840000052,1.6413711607221497
7.818608,36232.633971,7.818608,35559.664062,672.9699089999995,1.857358505977328
7.8125,36181.635821,7.8125,35503.972656,677.6631650000054,1.8729478356163385
7.806401,36142.687793,7.806401,35452.640625,690.0471679999973,1.9092303592696376
7.800312,36082.185096,7.800312,35361.0,721.1850960000011,1.9987289962656676
7.794232,36058.335756,7.794232,35259.652344,798.6834119999985,2.2149758031112126
7.788162,36015.988867,7.788162,35195.152344,820.8365229999981,2.2790892290398768
7.782101,35975.98843,7.782101,35193.0,782.9884299999976,2.1764195069261025
7.77605,35926.538903,7.77605,35177.9375,748.6014030000006,2.083700311408204
7.770008,35852.41106,7.770008,35162.871094,689.5399659999966,1.923273625436327
7.763975,35785.459431,7.763975,35140.78125,644.678181000003,1.8015087447543994
7.757952,35732.19076,7.757952,35133.875,598.3157599999977,1.674444659770975
7.751938,35686.992356,7.751938,35102.550781,584.4415750000044,1.6376879541145841
7.745933,35650.848281,7.745933,35078.832031,572.0162500000006,1.6044954821028894
7.739938,35612.962244,7.739938,35016.25,596.7122440000021,1.6755479084038702
7.733952,35545.851993,7.733952,34960.074219,585.7777739999947,1.6479497357816917
7.727975,35442.884447,7.727975,34940.613281,502.27116599999863,1.417128356895096
7.722008,35418.219119,7.722008,34873.519531,544.6995880000031,1.5379078947190787
7.716049,35385.719525,7.716049,34864.859375,520.8601500000004,1.471950145402619
7.7101,35357.720604,7.7101,34823.332031,534.3885730000038,1.5113773282646186
7.70416,35302.571382,7.70416,34690.316406,612.2549760000038,1.734307026462608
7.698229,35255.030512,7.698229,34673.867188,581.163324000001,1.6484550305585082
7.692308,35208.908813,7.692308,34643.011719,565.8970939999999,1.607255416535535
7.686395,35173.617374,7.686395,34615.726562,557.8908119999978,1.5861058760830933
7.680492,35158.424803,7.680492,34603.550781,554.8740220000036,1.5782106994527731
7.674597,35105.392749,7.674597,34569.378906,536.0138430000006,1.5268703780995851
7.668712,35086.438168,7.668712,34482.136719,604.3014489999987,1.722322015436556
7.662835,35050.722436,7.662835,34412.234375,638.4880609999964,1.8216117004887074
7.656968,35018.440784,7.656968,34405.675781,612.7650030000004,1.7498351990588172
7.651109,34978.604505,7.651109,34385.992188,592.6123170000064,1.6942137211771717
7.64526,34912.627238,7.64526,34384.367188,528.2600500000044,1.5130916570639221
7.639419,34856.819629,7.639419,34316.429688,540.3899410000013,1.5503133870263093
7.633588,34807.977843,7.633588,34254.261719,553.7161239999987,1.590773605112923
7.627765,34764.38969,7.627765,34234.847656,529.5420340000055,1.5232312107936374
7.621951,34733.942822,7.621951,34229.0625,504.88032199999725,1.453564671846621
7.616146,34711.063113,7.616146,34131.632812,579.430300999993,1.6692957490633142
7.61035,34683.93058,7.61035,34120.640625,563.2899550000002,1.624066089339982
7.604563,34655.697781,7.604563,34062.640625,593.0571560000026,1.711283263571009
7.598784,34630.213043,7.598784,33945.914062,684.2989809999999,1.9760172429499998
7.593014,34595.607089,7.593014,33856.089844,739.5172449999955,2.1376044741678544
7.587253,34564.293016,7.587253,33840.617188,723.6758280000067,2.0937093307969965
7.581501,34519.042552,7.581501,33827.347656,691.6948960000009,2.0038067248186895
7.575758,34474.304106,7.575758,33822.925781,651.3783250000051,1.8894604021510546
7.570023,34416.053083,7.570023,33809.652344,606.400738999997,1.7619706058029414
7.564297,34382.007252,7.564297,33785.3125,596.6947520000031,1.7354855044575481
7.558579,34330.202766,7.558579,33765.386719,564.8160470000003,1.6452452985782642
7.55287,34311.270481,7.55287,33752.101562,559.1689189999961,1.6296945906145857
7.54717,34221.442608,7.54717,33681.070312,540.3722959999941,1.579045927986889
7.541478,34116.743227,7.541478,33649.421875,467.321351999999,1.369771284705044
7.535795,34062.619834,7.535795,33617.378906,445.24092799999926,1.3071247313619045
7.53012,34017.511286,7.53012,33539.953125,477.55816100000084,1.403859785582084
7.524454,33962.949754,7.524454,33496.757812,466.19194199999765,1.3726485637340489
7.518797,33923.309089,7.518797,33492.304688,431.0044010000056,1.2705258200762124
7.513148,33881.357902,7.513148,33443.757812,437.6000899999999,1.29156597343511
7.507508,33834.664884,7.507508,33341.554688,493.11019600000145,1.4574112014722134
7.501875,33814.896876,7.501875,33340.707031,474.1898450000008,1.402310486821432
7.496252,33760.654129,7.496252,33292.46875,468.1853790000023,1.3867781625647964
7.490637,33669.875423,7.490637,33280.390625,389.4847979999977,1.1567752868308487
7.48503,33644.705468,7.48503,33271.566406,373.139062000002,1.109057299832511
7.479432,33599.009428,7.479432,33242.378906,356.6305219999995,1.0614316554904106
7.473842,33540.862895,7.473842,33162.605469,378.2574259999965,1.1277510277065175
7.46826,33458.617086,7.46826,33146.710938,311.90614800000185,0.9322147033103526
7.462687,33414.52849,7.462687,33139.378906,275.14958399999887,0.8234429645845315
7.457122,33367.306556,7.457122,33099.019531,268.2870250000051,0.8040415984722703
7.451565,33328.9442,7.451565,33038.421875,290.5223249999981,0.8716817528231156
7.446016,33276.526189,7.446016,32957.515625,319.0105639999965,0.9586654634204269
7.440476,33228.755105,7.440476,32919.617188,309.137917,0.9303325268224792
7.434944,33143.966986,7.434944,32824.976562,318.990423999996,0.9624388780460029
7.429421,33096.12871,7.429421,32784.050781,312.07792899999913,0.942943906625867
7.423905,33081.677586,7.423905,32725.347656,356.32992999999624,1.07712170603704
7.418398,33057.857481,7.418398,32707.273438,350.5840429999989,1.0605165298492107
7.412898,32992.523185,7.412898,32600.955078,391.56810699999915,1.186838923486837
7.407407,32937.061079,7.407407,32549.828125,387.23295399999915,1.1756754892952213
7.401925,32916.141886,7.401925,32503.5,412.6418859999976,1.2536155890599798
7.39645,32858.521571,7.39645,32369.492188,489.0293829999973,1.4882878462541687
7.390983,32801.957325,7.390983,32294.392578,507.564747000004,1.54736115888171
7.385524,32774.338038,7.385524,32268.308594,506.0294440000034,1.543980669917088
7.380074,32712.052997,7.380074,32262.183594,449.8694030000006,1.3752405055141537
7.374631,32657.720016,7.374631,32243.285156,414.43485999999757,1.2690256998864387
7.369197,32640.217952,7.369197,32198.658203,441.559749,1.3528088251412667
7.36377,32613.617111,7.36377,32125.748047,487.8690639999986,1.4959060270424558
7.358352,32517.095451,7.358352,32094.539062,422.5563890000012,1.2994899548662067
7.352941,32492.835803,7.352941,32082.181641,410.65416200000254,1.2638298623418016
7.347539,32455.555305,7.347539,32043.371094,412.1842110000034,1.2699958670449973
7.342144,32386.050837,7.342144,32020.705078,365.3457589999998,1.128096046161344
7.336757,32335.866615,7.336757,31976.908203,358.95841199999995,1.1100936810318418
7.331378,32290.349922,7.331378,31935.660156,354.6897659999995,1.0984389046782763
7.326007,32239.621422,7.326007,31926.488281,313.13314099999843,0.9712680459278579
7.320644,32202.543424,7.320644,31876.021484,326.5219399999987,1.013963200672676
7.315289,32160.78492,7.315289,31759.275391,401.509528999999,1.248444433177718
7.309942,32101.249278,7.309942,31659.865234,441.38404399999854,1.3749746627539912
7.304602,32069.827268,7.304602,31611.457031,458.3702369999992,1.4292881379419569
7.29927,32015.881775,7.29927,31565.316406,450.5653689999999,1.4073183183473317
7.293946,31974.031594,7.293946,31550.845703,423.185891000001,1.323529970738544
7.28863,31940.637849,7.28863,31521.123047,419.51480199999787,1.3134202390799534
7.283321,31917.079649,7.283321,31484.476562,432.6030869999995,1.3553968337875595
7.27802,31862.476152,7.27802,31438.228516,424.24763600000006,1.3314961272191337
7.272727,31817.904745,7.272727,31405.832031,412.0727139999981,1.2950969502941672
7.267442,31776.607143,7.267442,31350.25,426.3571430000011,1.3417327440948092
7.262164,31711.230912,7.262164,31276.097656,435.13325599999735,1.3721739695551727
7.256894,31683.620027,7.256894,31241.244141,442.3758860000016,1.396228984008203
7.251632,31670.084119,7.251632,31122.71875,547.3653689999992,1.728335696688647
7.246377,31610.936967,7.246377,31101.277344,509.6596230000032,1.6122888844834256
7.24113,31576.940017,7.24113,31099.447266,477.4927510000016,1.512156500100817
7.23589,31531.169534,7.23589,31048.5625,482.60703400000057,1.5305713081134094
7.230658,31466.164875,7.230658,31031.894531,434.27034399999684,1.3801184406334388
7.225434,31372.255913,7.225434,30985.287109,386.9688040000001,1.2334745868232204
7.220217,31291.544411,7.220217,30978.289062,313.2553489999991,1.0010862515621939
7.215007,31257.95653,7.215007,30966.625,291.3315299999995,0.932023594441922
7.209805,31210.334823,7.209805,30950.292969,260.0418540000028,0.8331914908146667
7.204611,31156.796723,7.204611,30941.181641,215.61508200000026,0.692032251957509
7.199424,31144.894711,7.199424,30937.582031,207.3126799999991,0.6656393669771462
7.194245,31128.652779,7.194245,30932.349609,196.30316999999923,0.6306189072609952
7.189073,31102.683751,7.189073,30861.544922,241.13882899999953,0.7752991057958031
7.183908,31037.56217,7.183908,30861.544922,176.0172480000001,0.5671104161980003
7.178751,30999.434722,7.178751,30821.007812,178.42691000000195,0.575581173012081
7.173601,30940.434392,7.173601,30798.964844,141.46954800000094,0.45723193865881695
7.168459,30876.059878,7.168459,30796.060547,79.99933099999907,0.2590982506061296
7.163324,30849.764773,7.163324,30779.677734,70.08703899999819,0.2271882444346513
7.158196,30807.972788,7.158196,30709.414062,98.5587259999993,0.31991305198240394
7.153076,30755.273734,7.153076,30575.611328,179.66240599999946,0.584167800143435
7.147963,30723.081671,7.147963,30559.224609,163.85706199999913,0.5333353722607403
7.142857,30698.700784,7.142857,30462.802734,235.89804999999978,0.7684300767638629
7.137759,30646.446575,7.137759,30373.289062,273.1575130000019,0.8913187123718009
7.132668,30566.405423,7.132668,30354.425781,211.97964199999842,0.693505301217042
7.127584,30516.445784,7.127584,30264.744141,251.70164300000033,0.824806547858104
7.122507,30449.750358,7.122507,30250.572266,199.17809200000193,0.6541206074212437
7.117438,30392.710215,7.117438,30224.578125,168.13208999999915,0.5531987401275564
7.112376,30346.810877,7.112376,30222.214844,124.59603300000163,0.41057372883433224
7.107321,30311.387162,7.107321,30114.46875,196.91841199999908,0.649651601055285
7.102273,30265.712772,7.102273,29969.933594,295.7791780000007,0.9772747803039935
7.097232,30191.209087,7.097232,29954.507812,236.70127499999944,0.784007272838637
7.092199,30172.226408,7.092199,29928.683594,243.54281400000036,0.8071754822024879
7.087172,30118.335528,7.087172,29911.75,206.5855279999996,0.6859128314310199
7.082153,30085.343036,7.082153,29833.279297,252.06373899999744,0.8378290342190182
7.077141,30049.059248,7.077141,29833.279297,215.77995100000044,0.71809220122045
7.072136,29994.722583,7.072136,29821.632812,173.08977099999902,0.5770674175133078
7.067138,29927.292709,7.067138,29795.074219,132.21849000000293,0.4417990336968937
7.062147,29893.954357,7.062147,29773.761719,120.19263800000044,0.40206336225925227
7.057163,29870.738761,7.057163,29771.378906,99.35985499999879,0.3326327339775257
7.052186,29813.925714,7.052186,29671.25,142.67571400000088,0.47855393271139507
7.047216,29762.251636,7.047216,29644.996094,117.2555420000026,0.39397402936467335
7.042254,29739.761016,7.042254,29628.285156,111.47585999999865,0.374837780101947
7.037298,29691.003835,7.037298,29621.121094,69.88274100000126,0.2353667170984058
7.032349,29649.868613,7.032349,29613.955078,35.91353499999968,0.12112544399017465
7.027407,29593.955927,7.027407,29553.197266,40.75866099999985,0.13772630161557328
7.022472,29557.423884,7.022472,29499.201172,58.222711999998864,0.19698168632184465
7.017544,29528.129211,7.017544,29470.478516,57.65069500000027,0.19523991712459685
7.012623,29503.076844,7.012623,29456.111328,46.96551600000021,0.15918853565116048
7.007708,29428.210727,7.007708,29441.494141,13.28341399999772,0.045138367817280714
7.002801,29406.90079,7.002801,29416.714844,9.814053999998578,0.03337330264784621
6.997901,29383.171921,6.997901,29369.835938,13.335983000000851,0.045386464864501895
6.993007,29342.938881,6.993007,29365.039062,22.100181000001612,0.07531686273698991
6.98812,29304.171789,6.98812,29351.986328,47.81453899999906,0.1631663209739555
6.98324,29250.007564,6.98324,29277.134766,27.12720199999967,0.0927425469571057
6.978367,29186.745889,6.978367,29272.296875,85.55098599999837,0.2931158763822353
6.973501,29065.326696,6.973501,29271.425781,206.09908500000165,0.709089174037618
6.968641,29012.36824,6.968641,29214.013672,201.64543200000116,0.6950326506678903
6.963788,28958.277885,6.963788,29120.580078,162.30219299999953,0.5604690777695378
6.958942,28917.350356,6.958942,29021.068359,103.71800300000177,0.35867049270813134
6.954103,28872.785261,6.954103,28924.5,51.7147389999991,0.17911240128901915
6.94927,28811.341774,6.94927,28900.333984,88.99221000000034,0.30887908899928046
6.944444,28785.266909,6.944444,28822.935547,37.66863799999919,0.13086082584914893
6.939625,28740.111292,6.939625,28732.019531,8.091760999999678,0.02815493968616633
6.934813,28704.990097,6.934813,28604.720703,100.26939400000265,0.3493099759350969
6.930007,28658.78013,6.930007,28587.716797,71.06333299999824,0.24796356536337416
6.925208,28643.02427,6.925208,28577.998047,65.02622300000075,0.227022895302671
6.920415,28595.77276,6.920415,28490.453125,105.31963499999983,0.3683049095540506
6.915629,28553.135396,6.915629,28490.453125,62.68227100000149,0.21952850407028374
6.91085,28466.573769,6.91085,28390.599609,75.97415999999794,0.2668890208442771
6.906077,28447.852641,6.906077,28357.414062,90.43857900000148,0.3179100375037038
6.901311,28423.822874,6.901311,28226.478516,197.3443580000021,0.6942921044604384
6.896552,28383.905666,6.896552,28214.566406,169.339259999997,0.5966030961089406
6.891799,28354.911728,6.891799,28198.21875,156.69297799999913,0.552613175110919
6.887052,28323.311532,6.887052,28131.683594,191.62793800000145,0.6765732099634537
6.882312,28279.626964,6.882312,28100.851562,178.7754019999993,0.6321702978175087
6.877579,28241.973376,6.877579,28017.414062,224.5593140000019,0.7951261443749966
6.872852,28208.505826,6.872852,27996.912109,211.59371699999974,0.7501060790145508
6.868132,28177.161579,6.868132,27874.138672,303.02290699999867,1.0754202695343058
6.863418,28142.190815,6.863418,27829.880859,312.30995600000097,1.109757083423432
6.858711,28118.169234,6.858711,27785.591797,332.5774369999999,1.1827848187137768
6.85401,28071.696662,6.85401,27741.386719,330.3099430000002,1.1766654042223714
6.849315,28020.698675,6.849315,27652.537109,368.16156599999886,1.313891456705438
6.844627,27957.989448,6.844627,27646.037109,311.9523389999995,1.1157896013238366
6.839945,27918.060752,6.839945,27630.369141,287.691611000002,1.0304856542709269
6.83527,27893.019724,6.83527,27619.414062,273.60566200000176,0.9809108684083535
6.830601,27871.917756,6.830601,27519.199219,352.71853700000065,1.2654979111513445
6.825939,27822.09868,6.825939,27514.179688,307.918991999999,1.1067425054507032
6.821282,27795.141433,6.821282,27430.152344,364.9890890000024,1.3131398877023388
6.816633,27752.266778,6.816633,27383.103516,369.16326200000185,1.3302094021834927
6.811989,27682.917729,6.811989,27378.148438,304.7692910000005,1.1009290782984593
6.807352,27659.316786,6.807352,27373.195312,286.1214739999996,1.0344488123612021
6.802721,27610.702611,6.802721,27259.125,351.5776110000006,1.2733381542414406
6.798097,27564.158051,6.798097,27206.296875,357.8611759999985,1.298284443652781
6.793478,27516.68931,6.793478,27122.898438,393.7908720000014,1.43109829661409
6.788866,27489.702383,6.788866,27042.285156,447.4172269999981,1.6275811966472467
6.784261,27438.899875,6.784261,26975.552734,463.3471409999984,1.6886505767753504
6.779661,27402.637457,6.779661,26947.957031,454.680425999999,1.6592578970308236
6.775068,27352.053745,6.775068,26905.710938,446.3428070000009,1.6318438504150463
6.770481,27322.775489,6.770481,26838.291016,484.48447300000043,1.7731890861345738
6.7659,27258.382719,6.7659,26829.888672,428.49404700000014,1.5719716441626068
6.761325,27206.519001,6.761325,26820.800781,385.71821999999884,1.4177419021735982
6.756757,27164.087948,6.756757,26795.804688,368.28326000000015,1.355772594702984
6.752194,27133.886437,6.752194,26793.304688,340.58174900000085,1.2551897045444278
6.747638,27104.443415,6.747638,26773.300781,331.1426339999998,1.221728219723341
6.743088,27061.775505,6.743088,26750.791016,310.9844890000022,1.1491651349429897
6.738544,27013.754982,6.738544,26650.644531,363.11045099999683,1.3441687438193886
6.734007,26972.483902,6.734007,26633.103516,339.3803860000007,1.2582466903422114
6.729475,26955.072054,6.729475,26598.005859,357.0661949999994,1.324671639848251
6.72495,26927.609199,6.72495,26537.796875,389.8123239999986,1.447630649714253
6.72043,26888.797891,6.72043,26505.158203,383.6396879999993,1.4267639987297762
6.715917,26848.916035,6.715917,26463.802734,385.1133009999976,1.4343718774268857
6.711409,26819.065449,6.711409,26452.402344,366.66310500000327,1.3671733107078679
6.706908,26781.307799,6.706908,26311.511719,469.7960800000001,1.7541939457398046
6.702413,26744.357519,6.702413,26283.800781,460.5567379999993,1.7220706748061
6.697924,26720.656738,6.697924,26276.242188,444.4145500000013,1.6631872276102786
6.69344,26678.529981,6.69344,26228.345703,450.18427800000063,1.6874403436794094
6.688963,26645.535335,6.688963,26174.351562,471.18377300000066,1.7683404258013968
6.684492,26630.137534,6.684492,26134.972656,495.1648779999996,1.8594153986917956
6.680027,26588.121069,6.680027,26107.1875,480.9335690000007,1.808828716222214
6.675567,26541.45609,6.675567,26038.9375,502.5185899999997,1.8933346697181892
6.671114,26527.467302,6.671114,26016.171875,511.2954270000009,1.927418932155097
6.666667,26491.039981,6.666667,25923.191406,567.848575,2.1435495752800735
6.662225,26453.659203,6.662225,25908.878906,544.7802969999975,2.0593759555888442
6.65779,26413.058024,6.65779,25897.160156,515.897868,1.9531924986922522
6.65336,26357.973199,6.65336,25879.416016,478.5571830000008,1.8156069109978337
6.648936,26317.203679,6.648936,25826.15625,491.0474289999984,1.8658799581804855
6.644518,26286.573569,6.644518,25691.550781,595.0227879999984,2.263599652644399
6.640106,26253.22647,6.640106,25593.847656,659.3788139999997,2.5116105814783674
6.6357,26219.929994,6.6357,25510.806641,709.123352999999,2.7045203902614166
6.6313,26156.892257,6.6313,25483.480469,673.4117880000013,2.5745099279513437
6.626905,26112.072049,6.626905,25211.896484,900.1755649999977,3.4473540181368763
6.622517,26066.17471,6.622517,25168.355469,897.819241000001,3.444384344802088
6.618134,26016.394648,6.618134,25063.230469,953.1641790000031,3.6637058743006006
6.613757,25952.748088,6.613757,25024.728516,928.0195720000011,3.5758046464031206
6.609385,25933.783085,6.609385,24995.830078,937.9530070000001,3.616722650628278
6.60502,25912.948115,6.60502,24968.324219,944.623896000001,3.6453740879185985
6.60066,25878.561533,6.60066,24948.71875,929.842783,3.5931007286254175
6.596306,25840.853892,6.596306,24939.951172,900.9027199999982,3.4863504269837855
6.591958,25825.489888,6.591958,24932.238281,893.2516069999983,3.4587983069202264
6.587615,25779.478801,6.587615,24914.240234,865.2385670000003,3.3563074477923003
6.583278,25721.802603,6.583278,24867.935547,853.8670559999991,3.3196237028131548
6.578947,25699.556758,6.578947,24867.751953,831.8048049999998,3.236650393750732
6.574622,25636.375732,6.574622,24792.976562,843.3991700000006,3.2898533662355693
6.570302,25613.224994,6.570302,24767.501953,845.7230410000011,3.3018998630516663
6.565988,25529.139319,6.565988,24754.615234,774.5240850000009,3.033882479632062
6.56168,25471.401957,6.56168,24754.367188,717.034768999998,2.8150581197315843
6.557377,25421.473436,6.557377,24731.191406,690.2820299999985,2.7153502008364017
6.55308,25381.058936,6.55308,24594.619141,786.439795000002,3.098530274024663
6.548788,25324.371508,6.548788,24575.927734,748.4437739999994,2.955428819876399
6.544503,25281.020342,6.544503,24557.830078,723.1902640000008,2.860605522311718
6.540222,25210.524823,6.540222,24454.966797,755.5580259999988,2.9969944350808997
6.535948,25135.628335,6.535948,24382.443359,753.1849760000005,2.9964835808430186
6.531679,25091.634573,6.531679,24328.544922,763.0896509999984,3.041211399679499
6.527415,25064.255312,6.527415,24296.873047,767.3822650000002,3.0616599434039475
6.523157,25041.565296,6.523157,24286.494141,755.0711550000015,3.015271394079396
6.518905,25008.602889,6.518905,24035.455078,973.1478110000025,3.8912522035688775
6.514658,24961.390206,6.514658,24029.115234,932.2749719999993,3.7348679873443396
6.510417,24952.33402,6.510417,24023.863281,928.4707389999967,3.720977517597357
6.506181,24901.304429,6.506181,23870.060547,1031.2438819999988,4.14132474441385
6.501951,24874.40723,6.501951,23773.408203,1100.9990270000017,4.426232218599894
6.497726,24853.360457,6.497726,23742.033203,1111.3272539999998,4.471537182759494
6.493506,24789.902028,6.493506,23684.478516,1105.4235120000012,4.459168538671246
6.489293,24732.423899,6.489293,23487.914062,1244.5098370000014,5.031895951978731
6.485084,24720.102494,6.485084,23388.117188,1331.9853059999987,5.388267731993809
6.480881,24697.349146,6.480881,23367.089844,1330.2593020000022,5.386243252812628
6.476684,24649.907421,6.476684,23257.380859,1392.526561999999,5.649216194676917
6.472492,24613.949945,6.472492,23232.892578,1381.0573670000012,5.610872574641539
6.468305,24559.300391,6.468305,23138.820312,1420.4800790000008,5.7838784345850085
6.464124,24513.65189,6.464124,23130.089844,1383.5620460000027,5.644047048593389
6.459948,24495.612575,6.459948,23072.511719,1423.100856000001,5.809615300057468
6.455778,24473.100545,6.455778,22910.859375,1562.2411700000011,6.383503255451529
6.451613,24430.760039,6.451613,22910.859375,1519.9006640000007,6.22125820716879
6.447453,24394.983504,6.447453,22717.484375,1677.4991289999998,6.876410179678717
6.443299,24337.766348,6.443299,22706.994141,1630.7722070000018,6.700582887032332
6.43915,24283.610783,6.43915,22670.378906,1613.2318769999983,6.6432949013058575
6.435006,24254.399176,6.435006,22643.177734,1611.2214419999982,6.6430070285736855
6.430868,24232.077969,6.430868,22592.064453,1640.0135160000027,6.767944202301038
6.426735,24180.553836,6.426735,22577.240234,1603.3136019999984,6.630590899092582
6.422608,24156.691216,6.422608,22427.794922,1728.8962939999983,7.157007880511704
6.418485,24093.735272,6.418485,22395.833984,1697.901288000001,7.047065425231841
6.414368,24063.293515,6.414368,22371.853516,1691.439999000002,7.02912923347601
6.410256,24006.470861,6.410256,22342.533203,1663.9376580000026,6.931204789051989
6.40615,23965.182804,6.40615,22339.820312,1625.3624920000002,6.78218274107516
6.402049,23919.08696,6.402049,22313.201172,1605.8857879999996,6.713825618367164
6.397953,23889.379718,6.397953,22254.503906,1634.8758119999984,6.843525580399075
6.393862,23872.063474,6.393862,22246.496094,1625.5673800000004,6.80949672310678
6.389776,23805.680535,6.389776,22179.730469,1625.9500660000012,6.83009277390524
6.385696,23776.687515,6.385696,22173.466797,1603.2207180000005,6.742826211551027
6.381621,23693.063826,6.381621,22024.605469,1668.4583570000032,7.041969621375396
6.377551,23637.337462,6.377551,22016.572266,1620.7651960000003,6.856801019173943
6.373486,23604.505272,6.373486,21988.917969,1615.5873030000002,6.844402305336317
6.369427,23584.167146,6.369427,21910.423828,1673.7433180000007,7.096893893426619
6.365372,23529.912068,6.365372,21886.255859,1643.6562090000007,6.9853903586631985
6.361323,23492.336481,6.361323,21798.847656,1693.4888249999967,7.208686229952679
6.357279,23461.463543,6.357279,21753.046875,1708.4166680000017,7.281799214566593
6.35324,23422.141836,6.35324,21744.958984,1677.182851999998,7.160672425875912
6.349206,23377.678221,6.349206,21674.787109,1702.8911119999975,7.284261062633256
6.345178,23341.03221,6.345178,21647.080078,1693.9521320000022,7.257400258735182
6.341154,23310.453646,6.341154,21479.796875,1830.6567710000018,7.853372563232533
6.337136,23234.584455,6.337136,21466.21875,1768.3657050000002,7.6109203004035395
6.333122,23181.000539,6.333122,21428.175781,1752.8247579999988,7.561471538085791
6.329114,23150.719326,6.329114,21364.234375,1786.4849509999985,7.716757850343085
6.325111,23125.495868,6.325111,21315.185547,1810.3103210000008,7.828201096025038
6.321113,23088.596793,6.321113,21305.642578,1782.9542150000016,7.722228557174845
6.317119,23069.011597,6.317119,21299.855469,1769.1561280000024,7.668972381244419
6.313131,23035.414865,6.313131,21297.458984,1737.955880999998,7.5447127442043485
6.309148,22971.178658,6.309148,21274.265625,1696.9130330000007,7.38713959028406
6.30517,22942.290267,6.30517,21210.072266,1732.218001000001,7.550327281368283
6.301197,22906.684132,6.301197,21147.306641,1759.3774909999993,7.680629290828689
6.297229,22870.822043,6.297229,21143.080078,1727.741965000001,7.554350087424188
6.293266,22834.502113,6.293266,21123.859375,1710.6427379999986,7.491482536096576
6.289308,22788.547331,6.289308,21067.576172,1720.9711590000006,7.551912519930165
6.285355,22718.622076,6.285355,21008.449219,1710.1728570000014,7.52762580089147
6.281407,22673.653695,6.281407,21007.240234,1666.413461,7.349558582027201
6.277464,22653.025004,6.277464,20972.876953,1680.1480510000001,7.4168816337037775
6.273526,22606.089634,6.273526,20877.876953,1728.2126810000009,7.644898825848834
6.269592,22590.487265,6.269592,20824.080078,1766.4071870000007,7.819252264366776
6.265664,22545.675995,6.265664,20817.179688,1728.4963070000013,7.666642186214922
6.261741,22499.570742,6.261741,20778.505859,1721.064882999999,7.649323192585551
6.257822,22458.614642,6.257822,20755.007812,1703.6068300000006,7.585538365372166
6.253909,22420.470693,6.253909,20746.710938,1673.7597549999991,7.4653194302587575
6.25,22382.043806,6.25,20734.261719,1647.7820870000032,7.362071584178915
6.246096,22364.127032,6.246096,20727.34375,1636.7832820000003,7.3187890573953
6.242197,22344.693507,6.242197,20633.373047,1711.320459999999,7.6587331997366075
6.238303,22324.625193,6.238303,20510.925781,1813.6994119999981,8.124209908655903
6.234414,22289.601721,6.234414,20414.833984,1874.7677369999983,8.41095215817023
6.23053,22245.3854,6.23053,20412.046875,1833.3385249999992,8.241432962541523
6.22665,22214.296715,6.22665,20400.519531,1813.7771839999987,8.16490932515213
6.222775,22191.938833,6.222775,20307.337891,1884.600942000001,8.492277110991084
6.218905,22151.373672,6.218905,20226.181641,1925.1920310000023,8.691072885621999
6.21504,22097.714744,6.21504,20210.771484,1886.94326,8.539087782877392
6.21118,22061.651663,6.21118,20165.912109,1895.7395539999998,8.592917624474051
6.207325,22019.480624,6.207325,20140.65625,1878.8243739999998,8.532555358967853
6.203474,22006.198024,6.203474,20111.173828,1895.0241960000021,8.611320292279862
6.199628,21948.720848,6.199628,20109.769531,1838.951316999999,8.378398585207607
6.195787,21902.802728,6.195787,20109.769531,1793.033196999997,8.186318524011668
6.19195,21859.281106,6.19195,20091.505859,1767.7752469999978,8.087069462292488
6.188119,21824.594902,6.188119,20031.021484,1793.573418,8.21812925304578
6.184292,21785.507232,6.184292,20029.634766,1755.8724660000007,8.059819068251295
6.18047,21761.853295,6.18047,19957.806641,1804.0466540000016,8.289949525643108
6.176652,21720.411024,6.176652,19936.025391,1784.3856330000017,8.215248003494695
6.17284,21695.79881,6.17284,19905.619141,1790.179669000001,8.251273367150112
6.169031,21651.344089,6.169031,19885.855469,1765.48862,8.154175614884618
6.165228,21595.48469,6.165228,19861.845703,1733.638987000002,8.027784566478289
6.161429,21531.565137,6.161429,19799.498047,1732.0670900000005,8.04431577072678
6.157635,21475.272861,6.157635,19784.070312,1691.2025490000015,7.875115533788148
6.153846,21438.399805,6.153846,19781.240234,1657.1595710000001,7.7298659698169585
6.150062,21363.430062,6.150062,19761.417969,1602.0120930000012,7.4988524237480245
6.146281,21335.053062,6.146281,19745.837891,1589.2151709999998,7.448845645622326
6.142506,21290.271587,6.142506,19655.078125,1635.1934619999993,7.680472535627309
6.138735,21249.043831,6.138735,19602.517578,1646.526253,7.748707499948307
6.134969,21226.326789,6.134969,19591.146484,1635.180304999998,7.703548151568968
6.131208,21198.469777,6.131208,19575.503906,1622.9658709999967,7.656052007871289
6.127451,21144.108605,6.127451,19570.802734,1573.3058710000005,7.440871121083614
6.123699,21122.220158,6.123699,19535.662109,1586.5580489999993,7.511322375830335
6.119951,21097.742954,6.119951,19448.738281,1649.0046729999995,7.816024096015249
6.116208,21074.805015,6.116208,19447.310547,1627.4944680000008,7.722465127632881
6.112469,21054.4082,6.112469,19443.03125,1611.3769500000017,7.653394646352499
6.108735,21013.100943,6.108735,19438.751953,1574.3489900000022,7.492225894077086
6.105006,20959.407582,6.105006,19433.044922,1526.3626599999989,7.2824704325652965
6.101281,20895.371143,6.101281,19379.447266,1515.923877000001,7.254831065816409
6.097561,20872.960716,6.097561,19371.642578,1501.3181380000024,7.192645827427725
6.093845,20829.998236,6.093845,19348.773438,1481.2247979999993,7.111017395287307
6.090134,20793.881505,6.090134,19335.904297,1457.9772080000002,7.011568319505051
6.086427,20772.739392,6.086427,19303.0,1469.7393919999995,7.075327737303756
6.082725,20761.720183,6.082725,19251.447266,1510.272917000002,7.274314958914799
6.079027,20738.484642,6.079027,19183.371094,1555.1135480000012,7.498684570475095
6.075334,20672.560289,6.075334,19176.875,1495.685289000001,7.235123603900502
6.071645,20644.388909,6.071645,19176.875,1467.5139090000011,7.108536442850255
6.067961,20597.665806,6.067961,19133.857422,1463.808384,7.106671201421277
6.064281,20538.098486,6.064281,19034.554688,1503.5437979999988,7.320754640576413
6.060606,20494.018942,6.060606,18950.962891,1543.0560509999996,7.529299428125803
6.056935,20484.77407,6.056935,18913.439453,1571.3346170000004,7.6707441909316625
6.053269,20444.395318,6.053269,18894.666016,1549.7293019999997,7.580215887508109
6.049607,20423.033587,6.049607,18857.095703,1565.9378840000027,7.6675087338483285
6.045949,20378.182897,6.045949,18819.757812,1558.425084999999,7.647517410541176
6.042296,20319.89146,6.042296,18809.365234,1510.5262259999981,7.433731764628226
6.038647,20274.644006,6.038647,18802.128906,1472.515099999997,7.2628407165335505
6.035003,20217.296035,6.035003,18778.964844,1438.3311910000011,7.114359845698333
6.031363,20199.015989,6.031363,18715.203125,1483.8128639999995,7.345966084724403
6.027728,20128.423685,6.027728,18636.828125,1491.5955600000016,7.410394292880275
6.024096,20082.484946,6.024096,18565.591797,1516.8931489999995,7.55331401008784
6.02047,20021.877692,6.02047,18538.4375,1483.4401919999982,7.409096263697215
6.016847,19988.626699,6.016847,18304.421875,1684.2048240000004,8.425815586841983
6.013229,19936.512336,6.013229,18232.671875,1703.8404609999998,8.546331636568752
6.009615,19881.646074,6.009615,18220.947266,1660.698808000001,8.352924108088622
6.006006,19870.703916,6.006006,17990.25,1880.4539159999986,9.463448924352633
6.002401,19827.107577,6.002401,17957.832031,1869.2755459999971,9.427878164984635
5.9988,19801.509969,5.9988,17941.615234,1859.894734999998,9.39269145591287
5.995204,19773.743033,5.995204,17918.015625,1855.7274079999988,9.384805926237703
5.991612,19744.332144,5.991612,17915.066406,1829.2657379999982,9.264763804917473
5.988024,19719.597225,5.988024,17889.978516,1829.6187090000021,9.27817484365481
5.98444,19676.17574,5.98444,17872.816406,1803.359333999997,9.165192249904134
5.980861,19631.848271,5.980861,17861.923828,1769.9244429999999,9.015577232300217
5.977286,19614.19264,5.977286,17804.775391,1809.417249000002,9.225040674424628
5.973716,19567.218727,5.973716,17789.494141,1777.7245860000003,9.085218552532412
5.970149,19553.433083,5.970149,17753.980469,1799.4526140000016,9.202745146398197
5.966587,19457.412653,5.966587,17727.326172,1730.0864809999985,8.891657446208546
5.963029,19398.262326,5.963029,17727.326172,1670.936153999999,8.613844507919657
5.959476,19381.520934,5.959476,17711.03125,1670.4896840000001,8.61898139825315
5.955926,19362.349476,5.955926,17645.792969,1716.5565070000011,8.865434998617836
5.952381,19337.057819,5.952381,17630.953125,1706.1046940000015,8.822979741642161
5.94884,19290.562779,5.94884,17590.988281,1699.5744979999981,8.810393545646997
5.945303,19246.916799,5.945303,17569.308594,1677.6082050000005,8.716243866587313
5.941771,19219.888952,5.941771,17551.470703,1668.418249000002,8.680686205662953
5.938242,19167.254646,5.938242,17548.408203,1618.8464430000022,8.445896258480804
5.934718,19117.733432,5.934718,17524.257812,1593.475620000001,8.335065585404491
5.931198,19091.028578,5.931198,17506.125,1584.9035780000013,8.301823924911005
5.927682,19080.828837,5.927682,17451.039062,1629.789775000001,8.541504087283904
5.924171,19054.088091,5.924171,17414.492188,1639.5959030000013,8.604956034471401
5.920663,19014.70073,5.920663,17369.039062,1645.6616680000006,8.65468087753596
5.91716,18938.864431,5.91716,17328.734375,1610.1300560000018,8.5017243872577
5.913661,18911.841269,5.913661,17268.962891,1642.8783780000012,8.687035570105921
5.910165,18895.909241,5.910165,17180.666016,1715.243225000002,9.077325695861719
5.906675,18860.872771,5.906675,17164.1875,1696.6852709999985,8.995794052589014
5.903188,18800.957594,5.903188,17146.203125,1654.7544689999995,8.801437164711684
5.899705,18753.927062,5.899705,17116.214844,1637.7122180000006,8.73263617047121
5.896226,18713.617784,5.896226,17115.28125,1598.3365339999982,8.541034408464641
5.892752,18678.393094,5.892752,17110.216797,1568.1762969999982,8.395670275853325
5.889282,18652.177532,5.889282,17026.144531,1626.0330009999998,8.717657754491931
5.885815,18607.756563,5.885815,17005.103516,1602.6530469999998,8.612822516104623
5.882353,18589.877324,5.882353,16999.585938,1590.2913860000008,8.554609362305445
5.878895,18565.321831,5.878895,16946.445312,1618.8765190000013,8.71989472488882
5.875441,18545.581575,5.875441,16937.416016,1608.165559000001,8.671421559342503
5.871991,18495.692598,5.871991,16931.394531,1564.2980669999997,8.457634439540545
5.868545,18464.384138,5.868545,16914.832031,1549.5521069999995,8.39211367906388
5.865103,18413.043708,5.865103,16914.832031,1498.2116769999993,8.136686692103295
5.861665,18377.672646,5.861665,16859.083984,1518.5886619999983,8.26322620525362
5.858231,18344.862807,5.858231,16837.972656,1506.8901509999996,8.214235052360289
5.854801,18276.244676,5.854801,16801.611328,1474.6333479999994,8.068579591388698
5.851375,18247.7437,5.851375,16800.167969,1447.5757310000008,7.932902581265436
5.847953,18211.943534,5.847953,16782.138672,1429.8048620000009,7.850918598175359
5.844535,18185.129917,5.844535,16759.486328,1425.6435889999993,7.839611790000276
5.841121,18148.133308,5.841121,16754.953125,1393.1801830000004,7.676713408237217
5.837712,18137.814908,5.837712,16747.400391,1390.414517000001,7.6658325385531105
5.834306,18099.250982,5.834306,16733.800781,1365.4502009999997,7.544235959587289
5.830904,18074.568691,5.830904,16714.150391,1360.4183000000012,7.526698552300195
5.827506,18064.423139,5.827506,16685.416016,1379.0071229999994,7.633828727266725
5.824112,18044.060249,5.824112,16685.416016,1358.644232999999,7.529592642960141
5.820722,18006.974823,5.820722,16680.876953,1326.0978700000014,7.364356773055512
5.817336,17978.809111,5.817336,16593.054688,1385.7544229999985,7.70770975121011
5.813953,17927.412633,5.813953,16583.960938,1343.4516949999997,7.493840424730518
5.810575,17899.670776,5.810575,16576.380859,1323.2899169999982,7.39281707222389
5.807201,17875.664763,5.807201,16541.501953,1334.1628100000016,7.46357032137637
5.803831,17844.015636,5.803831,16523.294922,1320.7207139999991,7.401477004623709
5.800464,17794.245623,5.800464,16465.595703,1328.6499199999998,7.466739237782859
5.797101,17760.415422,5.797101,16366.749023,1393.666398999998,7.847037165998098
5.793743,17742.611611,5.793743,16350.001953,1392.6096579999994,7.848955320290132
5.790388,17713.787097,5.790388,16284.486328,1429.3007689999995,8.068860493655054
5.787037,17631.935859,5.787037,16267.712891,1364.2229680000019,7.737227374858283
5.78369,17599.39182,5.78369,16260.400391,1338.9914290000015,7.608168752049532
5.780347,17565.630832,5.780347,16228.045898,1337.5849339999986,7.61478450044201
5.777008,17533.648282,5.777008,16209.727539,1323.9207429999988,7.550743129478265
5.773672,17517.056184,5.773672,16174.599609,1342.4565750000002,7.663711076214928
5.77034,17461.837851,5.77034,16133.333008,1328.5048430000006,7.608047070050648
5.767013,17440.77269,5.767013,16090.50293,1350.269760000001,7.742029461654551
5.763689,17402.94044,5.763689,16058.206055,1344.734384999998,7.727052733624124
5.760369,17352.006092,5.760369,16020.78418,1331.221911999999,7.671861714097415
5.757052,17333.758968,5.757052,15958.736328,1375.0226399999974,7.9326281306809365
5.75374,17286.056808,5.75374,15902.986328,1383.0704800000003,8.001075637793312
5.750431,17262.031926,5.750431,15884.643555,1377.388370999999,7.979294540206373
5.747126,17236.83408,5.747126,15797.413086,1439.420994,8.350843242554436
5.743825,17133.326002,5.743825,15791.257812,1342.0681900000018,7.833086172780113
5.740528,17113.848637,5.740528,15775.866211,1337.9824259999987,7.81812702904998
5.737235,17093.853178,5.737235,15640.230469,1453.6227090000011,8.503774391082471
5.733945,17074.384564,5.733945,15601.236328,1473.148235999999,8.627826265000593
5.730659,17058.676239,5.730659,15587.733398,1470.942841,8.622842830190372
5.727377,16991.041597,5.727377,15529.000977,1462.0406199999998,8.604773354554926
5.724098,16964.348144,5.724098,15485.682617,1478.6655269999992,8.716312082542222
5.720824,16954.557765,5.720824,15468.655273,1485.902492000001,8.764029782407015
5.717553,16917.998686,5.717553,15462.235352,1455.7633339999993,8.604819996851484
5.714286,16874.785317,5.714286,15446.788086,1427.9972310000012,8.462313470509208
5.711022,16848.9836,5.711022,15340.005859,1508.9777409999988,8.955897737356684
5.707763,16819.754403,5.707763,15333.798828,1485.9555749999981,8.834585448732597
5.704507,16787.094069,5.704507,15235.935547,1551.1585219999997,9.240184844525636
5.701254,16750.18925,5.701254,15106.739258,1643.4499919999998,9.811530887628628
5.698006,16702.225522,5.698006,15094.270508,1607.955014000001,9.627190172243926
5.694761,16679.288764,5.694761,15055.288086,1624.0006780000003,9.736630266304804
5.69152,16644.910437,5.69152,15009.408203,1635.5022339999978,9.825839797638306
5.688282,16589.811642,5.688282,15008.472656,1581.3389860000007,9.531988790014742
5.685048,16534.593389,5.685048,15003.789062,1530.8043270000016,9.258191544150113
5.681818,16494.15394,5.681818,14984.620117,1509.5338229999998,9.151932427035417
5.678592,16464.435549,5.678592,14979.416016,1485.0195330000024,9.01955933187274
5.675369,16434.699612,5.675369,14967.868164,1466.8314480000008,8.92520996811512
5.67215,16414.644114,5.67215,14947.553711,1467.0904029999983,8.937692421541577
5.668934,16401.93896,5.668934,14947.553711,1454.385248999999,8.867154380630613
5.665722,16378.982544,5.665722,14938.175781,1440.8067630000005,8.796680496663702
5.662514,16351.728825,5.662514,14928.796875,1422.9319500000001,8.702027566800725
5.65931,16333.549165,5.65931,14913.160156,1420.3890090000004,8.696144326327133
5.656109,16316.013381,5.656109,14869.356445,1446.6569360000012,8.866485349200763
5.652911,16303.061504,5.652911,14831.782227,1471.2792769999996,9.024558219565186
5.649718,16264.886024,5.649718,14820.819336,1444.066687999999,8.878431031543506
5.646527,16237.974045,5.646527,14800.452148,1437.5218970000005,8.852840218959718
5.643341,16181.444568,5.643341,14776.942383,1404.5021850000012,8.679708286227472
5.640158,16145.253491,5.640158,14772.239258,1373.0142329999999,8.504135495706972
5.636979,16106.172601,5.636979,14767.314453,1338.8581479999993,8.312702099795406
5.633803,16090.250703,5.633803,14736.169922,1354.0807810000006,8.415535630824786
5.630631,16064.434381,5.630631,14715.772461,1348.6619199999986,8.395327765757573
5.627462,16015.501289,5.627462,14663.961914,1351.5393750000003,8.438945185738795
5.624297,15989.766312,5.624297,14654.536133,1335.2301790000001,8.350529663450656
5.621135,15974.593794,5.621135,14629.394531,1345.1992630000004,8.420866786016507
5.617978,15942.364843,5.617978,14583.796875,1358.5679679999994,8.52174681346928
5.614823,15919.280807,5.614823,14539.737305,1379.5435019999986,8.665865743089274
5.611672,15882.382834,5.611672,14508.59375,1373.789084,8.649766841402911
5.608525,15861.422195,5.608525,14460.973633,1400.4485619999996,8.82927485809856
5.605381,15797.775979,5.605381,14404.72168,1393.0542989999994,8.81804059540905
5.602241,15767.83627,5.602241,14336.308594,1431.5276759999997,9.078783236249317
5.599104,15734.0698,5.599104,14286.887695,1447.1821049999999,9.197760804391498
5.595971,15719.273386,5.595971,14220.871094,1498.4022920000007,9.532261798656148
5.592841,15690.23734,5.592841,14214.539062,1475.6982779999998,9.405200482454907
5.589715,15661.947454,5.589715,14209.790039,1452.1574149999997,9.271882818308935
5.586592,15610.369169,5.586592,14203.457031,1406.9121379999997,9.012676912176616
5.583473,15559.070349,5.583473,14141.672852,1417.397497,9.109782687569748
5.580357,15530.779103,5.580357,14046.492188,1484.2869150000006,9.557066681305695
5.577245,15515.565027,5.577245,14038.553711,1477.011316,9.51954578147636
5.574136,15489.18655,5.574136,14035.37793,1453.8086199999998,9.385958489860139
5.571031,15463.91562,5.571031,14030.613281,1433.3023389999998,9.268689601139972
5.567929,15417.724386,5.567929,13981.363281,1436.361105,9.316297717089052
5.56483,15390.689811,5.56483,13978.183594,1412.506217,9.177666721542636
5.561735,15368.276932,5.561735,13970.236328,1398.0406039999998,9.096924854919706
5.558644,15349.994928,5.558644,13798.300781,1551.6941470000002,10.10875999815184
5.555556,15318.928723,5.555556,13713.742188,1605.1865350000007,10.478451620379673
5.552471,15281.306605,5.552471,13689.789062,1591.517543,10.414800148563605
5.54939,15232.62891,5.54939,13645.050781,1587.5781289999995,10.422220211494666
5.546312,15192.125796,5.546312,13611.475586,1580.6502099999998,10.404404434408884
5.543237,15155.859778,5.543237,13524.986328,1630.8734499999991,10.760679195299423
5.540166,15101.336051,5.540166,13523.450195,1577.8858560000008,10.448650706607607
5.537099,15061.962351,5.537099,13456.144531,1605.8178200000002,10.66141172430554
5.534034,15031.241963,5.534034,13441.711914,1589.5300490000009,10.574841739043867
5.530973,14991.287241,5.530973,13395.183594,1596.103647,10.646875223861905
5.527916,14970.038551,5.527916,13360.564453,1609.4740979999988,10.75130229302239
5.524862,14936.481093,5.524862,13289.160156,1647.3209370000004,11.028842247000329
5.521811,14870.781545,5.521811,13221.595703,1649.185841999999,11.090108727705065
5.518764,14847.704313,5.518764,13189.395508,1658.3088050000006,11.168789262243443
5.51572,14816.115078,5.51572,13105.59668,1710.5183980000002,11.54498590888982
5.512679,14781.141222,5.512679,13031.648438,1749.492784,11.835979087975188
5.509642,14767.457765,5.509642,13005.533203,1761.9245619999983,11.931129853480224
5.506608,14714.35794,5.506608,12994.225586,1720.1323539999994,11.690162499880028
5.503577,14697.267819,5.503577,12916.632812,1780.6350070000008,12.115415116121596
5.50055,14666.060125,5.50055,12848.660156,1817.399969,12.3918758924357
5.497526,14644.018142,5.497526,12838.943359,1805.074783,12.326362651948154
5.494505,14626.828028,5.494505,12838.943359,1787.8846689999991,12.223324603102382
5.491488,14564.885355,5.491488,12824.366211,1740.5191439999999,11.950105349799369
5.488474,14492.259899,5.488474,12782.234375,1710.0255240000006,11.79957809146106
5.485464,14452.506325,5.485464,12753.049805,1699.4565199999997,11.758905215355439
5.482456,14436.280955,5.482456,12694.639648,1741.6413069999999,12.064335076526639
5.479452,14405.431077,5.479452,12680.02832,1725.4027569999998,11.977446199127026
5.476451,14371.105596,5.476451,12629.675781,1741.4298149999995,12.11757719938195
5.473454,14305.508719,5.473454,12611.799805,1693.708913999999,11.839557384984731
5.47046,14279.913405,5.47046,12610.173828,1669.7395769999985,11.692925087454329
5.467469,14271.024024,5.467469,12603.49707,1667.5269540000008,11.684704273468196
5.464481,14248.185045,5.464481,12576.03125,1672.1537950000002,11.73590734341842
5.461496,14211.452236,5.461496,12564.646484,1646.8057519999984,11.587878034226245
5.458515,14197.784375,5.458515,12522.34082,1675.4435549999998,11.800739543207776
5.455537,14163.629529,5.455537,12497.920898,1665.7086309999995,11.760464558815697
5.452563,14094.584435,5.452563,12460.459961,1634.1244740000002,11.593988326055959
5.449591,14059.132852,5.449591,12450.683594,1608.4492580000006,11.440600746376676
5.446623,14034.434106,5.446623,12432.756836,1601.6772700000001,11.412482027438863
5.443658,13996.542557,5.443658,12431.126953,1565.4156039999998,11.184302106216213
5.440696,13984.990096,5.440696,12411.564453,1573.4256429999987,11.250816998790949
5.437738,13951.715585,5.437738,12370.020508,1581.6950770000003,11.336921738144795
5.434783,13933.102886,5.434783,12352.839844,1580.2630420000005,11.341788364943826
5.431831,13913.870095,5.431831,12297.018555,1616.8515399999997,11.62043003823229
5.428882,13885.784822,5.428882,12294.0625,1591.7223219999996,11.462962608193006
5.425936,13876.253139,5.425936,12280.993164,1595.2599750000008,11.496330882840642
5.422993,13855.738171,5.422993,12269.555664,1586.1825070000014,11.447838342672167
5.420054,13828.606175,5.420054,12200.887695,1627.7184800000014,11.770661911991295
5.417118,13794.626509,5.417118,12197.616211,1597.0102979999992,11.577046301022104
5.414185,13745.490037,5.414185,12197.526367,1547.9636699999992,11.261611378228082
5.411255,13680.380985,5.411255,12187.799805,1492.5811799999992,10.910377288736008
5.408329,13665.264075,5.408329,12086.280273,1578.9838019999988,11.554725860648976
5.405405,13609.508057,5.405405,12069.891602,1539.6164549999994,11.312800202268175
5.402485,13594.335327,5.402485,12035.460938,1558.8743890000005,11.467087956142192
5.399568,13565.970497,5.399568,11999.37207,1566.5984270000008,11.548001135240865
5.396654,13550.00053,5.396654,11968.188477,1581.8120529999997,11.673889233419828
5.393743,13499.523032,5.393743,11923.848633,1575.6743989999995,11.672074600450221
5.390836,13458.653959,5.390836,11902.489258,1556.1647009999997,11.562558230122036
5.387931,13435.870746,5.387931,11853.172852,1582.6978940000008,11.779645129968124
5.38503,13411.968079,5.38503,11828.5,1583.4680790000002,11.806381208730583
5.382131,13349.299224,5.382131,11787.541992,1561.757232,11.699170164619572
5.379236,13316.148083,5.379236,11770.181641,1545.9664420000008,11.60971200052703
5.376344,13289.20107,5.376344,11767.602539,1521.5985309999996,11.449887190246265
5.373455,13244.484324,5.373455,11688.517578,1555.9667459999982,11.74803569498338
5.370569,13222.98222,5.370569,11624.191406,1598.790814,12.091000255462795
5.367687,13193.199716,5.367687,11617.589844,1575.609871999999,11.94259092499892
5.364807,13143.32062,5.364807,11597.783203,1545.5374169999996,11.75910914512865
5.36193,13122.795293,5.36193,11553.196289,1569.5990039999997,11.96085871153732
5.359057,13085.951804,5.359057,11544.935547,1541.0162570000011,11.776111360344126
5.356186,13050.19207,5.356186,11530.06543,1520.1266399999986,11.648308560105344
5.353319,13031.690814,5.353319,11501.966797,1529.7240170000005,11.738492255790872
5.350455,13015.004156,5.350455,11476.710938,1538.2932180000007,11.819383225404792
5.347594,12945.976812,5.347594,11397.736328,1548.240484,11.959240360796034
5.344735,12935.974342,5.344735,11386.938477,1549.0358649999998,11.974636189333282
5.34188,12923.822896,5.34188,11386.145508,1537.677388,11.898007272104607
5.339028,12887.817679,5.339028,11343.075195,1544.7424840000003,11.986067171923718
5.336179,12832.286557,5.336179,11265.148438,1567.1381189999993,12.212461996066686
5.333333,12782.477416,5.333333,11197.097656,1585.3797599999998,12.40275815403013
5.33049,12709.303531,5.33049,11192.115234,1517.1882969999988,11.9376195029046
5.327651,12683.905074,5.327651,11192.115234,1491.7898399999995,11.761281965582766
5.324814,12655.675308,5.324814,11180.023438,1475.6518699999997,11.66000101999456
5.32198,12640.385353,5.32198,11158.892578,1481.4927749999988,11.720313373582313
5.319149,12588.948954,5.319149,11155.569336,1433.379617999999,11.386015013942515
5.316321,12535.869122,5.316321,11128.978516,1406.8906060000008,11.222920344078565
5.313496,12515.975906,5.313496,11095.725586,1420.2503199999992,11.347499633002244
5.310674,12462.777092,5.310674,11094.0625,1368.7145920000003,10.982420546369188
5.307856,12430.840663,5.307856,11089.073242,1341.7674210000005,10.793859058894771
5.30504,12414.468663,5.30504,11057.464844,1357.0038189999996,10.930824796750302
5.302227,12406.32037,5.302227,10962.552734,1443.7676359999987,11.637355742410179
5.299417,12380.725957,5.299417,10940.887695,1439.8382620000011,11.629675569920225
5.29661,12336.453195,5.29661,10882.525391,1453.9278040000008,11.785622504443028
5.293806,12293.276835,5.293806,10882.525391,1410.7514440000014,11.475796591381334
5.291005,12259.80332,5.291005,10825.78418,1434.0191400000003,11.696917989382559
5.288207,12234.045604,5.288207,10800.737305,1433.3082990000003,11.71573447896394
5.285412,12218.635384,5.285412,10781.829102,1436.8062819999996,11.759138699575747
5.28262,12206.369836,5.28262,10723.869141,1482.5006950000006,12.145303762857417
5.279831,12188.600079,5.279831,10717.180664,1471.4194150000003,12.072095281353437
5.277045,12177.405371,5.277045,10713.835938,1463.5694330000006,12.018729675251118
5.274262,12144.330365,5.274262,10492.759766,1651.5705990000006,13.599519688296958
5.271481,12135.208471,5.271481,10492.759766,1642.4487050000007,13.534573459739295
5.268704,12126.403246,5.268704,10482.694336,1643.7089099999994,13.554793426007757
5.265929,12094.268271,5.265929,10475.983398,1618.2848730000005,13.38059349055761
5.263158,12073.093692,5.263158,10415.556641,1657.5370510000012,13.729182372686594
5.260389,12056.437644,5.260389,10412.198242,1644.2394019999992,13.637854319416403
5.257624,12036.118695,5.257624,10363.235352,1672.8833429999995,13.898860466496918
5.254861,11975.680204,5.254861,10311.367188,1664.313016,13.89744037623936
5.252101,11931.966429,5.252101,10261.448242,1670.5181869999997,14.000359428936168
5.249344,11905.944175,5.249344,10233.96875,1671.9754250000005,14.043198930084019
5.24659,11868.688505,5.24659,10215.447266,1653.2412390000009,13.929434901788257
5.243838,11836.940059,5.243838,10212.080078,1624.8599809999996,13.72702719538203
5.24109,11794.363547,5.24109,10146.374023,1647.9895240000005,13.97268718598369
5.238345,11756.559488,5.238345,10116.02832,1640.5311680000013,13.954177407722918
5.235602,11731.225917,5.235602,10108.982422,1622.2434950000006,13.82842259178701
5.232862,11690.196429,5.232862,10105.910156,1584.2862729999997,13.552263921501295
5.230126,11651.750609,5.230126,10077.234375,1574.5162340000006,13.513130231124402
5.227392,11620.766174,5.227392,10002.962891,1617.803283000001,13.921657649558702
5.22466,11596.580379,5.22466,9981.004883,1615.5754960000013,13.931481895521653
5.221932,11563.609786,5.221932,9910.017578,1653.592208,14.299965483114063
5.219207,11519.627439,5.219207,9904.944336,1614.6831029999994,14.016799688620548
5.216484,11481.479039,5.216484,9825.418945,1656.0600940000004,14.423752274203846
5.213764,11448.270871,5.213764,9803.408203,1644.8626679999998,14.367782580744631
5.211047,11399.797089,5.211047,9761.05957,1638.7375190000002,14.375146383800693
5.208333,11347.732246,5.208333,9745.808594,1601.9236519999995,14.11668531890737
5.205622,11305.173138,5.205622,9735.639648,1569.5334899999998,13.883321120703032
5.202914,11288.464893,5.202914,9711.905273,1576.55962,13.966111733913685
5.200208,11270.316269,5.200208,9642.956055,1627.3602140000003,14.43934824150586
5.197505,11260.332231,5.197505,9579.537109,1680.7951219999995,14.926692103921454
5.194805,11228.120972,5.194805,9571.613281,1656.5076910000007,14.753204878455604
5.192108,11187.654434,5.192108,9569.345703,1618.3087309999992,14.465129760192227
5.189414,11170.96992,5.189414,9535.362305,1635.607614999999,14.64159000259844
5.186722,11142.412213,5.186722,9494.5625,1647.8497129999996,14.7889853785649
5.184033,11105.296292,5.184033,9469.050781,1636.245511000001,14.73392035635028
5.181347,11044.979173,5.181347,9458.84375,1586.1354229999997,14.360691841568944
5.178664,11022.073496,5.178664,9423.109375,1598.964121000001,14.506926682899346
5.175983,10994.965141,5.175983,9380.544922,1614.4202190000015,14.68326818954488
5.173306,10968.72152,5.173306,9343.069336,1625.6521839999987,14.82079913357121
5.170631,10940.101192,5.170631,9332.845703,1607.2554889999992,14.691413368052869
5.167959,10919.85282,5.167959,9314.097656,1605.7551640000001,14.70491581222612
5.165289,10916.619106,5.165289,9295.345703,1621.2734029999992,14.85142412002736
5.162623,10902.744465,5.162623,9273.178711,1629.5657539999993,14.946381245852663
5.159959,10879.648647,5.159959,9169.075195,1710.5734520000005,15.72269020352676
5.157298,10855.028058,5.157298,9043.015625,1812.0124329999999,16.69283969896856
5.154639,10788.112647,5.154639,8985.913086,1802.1995609999994,16.705420308168193
5.151984,10750.755365,5.151984,8946.745117,1804.0102480000005,16.780311585110656
5.149331,10725.425058,5.149331,8795.880859,1929.544199,17.990375099966503
5.14668,10708.9439,5.14668,8751.251953,1957.6919469999993,18.280905804352933
5.144033,10665.169245,5.144033,8734.080078,1931.0891669999983,18.106502790898734
5.141388,10611.086674,5.141388,8713.46875,1897.6179240000001,17.8833514634243
5.138746,10594.088205,5.138746,8668.792969,1925.295236,18.17329815218392
5.136107,10570.394605,5.136107,8663.635742,1906.758862999999,18.038672483410085
5.13347,10537.314601,5.13347,8651.602539,1885.7120620000005,17.89556574329711
5.130836,10503.962657,5.130836,8612.051758,1891.9108990000004,18.011401608889024
5.128205,10494.60028,5.128205,8550.106445,1944.4938350000011,18.528517362454526
5.125577,10478.553325,5.125577,8532.890625,1945.6627000000008,18.568046939819343
5.122951,10454.643013,5.122951,8450.203125,2004.4398880000008,19.172724362826607
5.120328,10444.342157,5.120328,8415.724609,2028.6175479999984,19.42312419016625
5.117707,10421.485712,5.117707,8342.354492,2079.1312199999993,19.95043007741159
5.11509,10397.375744,5.11509,8281.116211,2116.2595330000004,20.353785273377536
5.112474,10329.740007,5.112474,8241.380859,2088.3591479999995,20.21695750894807
5.109862,10310.298278,5.109862,8215.456055,2094.8422229999996,20.317959447108827
5.107252,10275.09629,5.107252,8182.605957,2092.4903329999997,20.364678577625277
5.104645,10260.407995,5.104645,8175.688477,2084.719518,20.31809572305414
5.102041,10218.786386,5.102041,8163.581543,2055.2048429999995,20.112024709858726
5.099439,10180.601915,5.099439,8068.391602,2112.2103129999996,20.747401093130748
5.09684,10133.293595,5.09684,8066.659668,2066.633926999999,20.39449373123585
5.094244,10105.723378,5.094244,8037.214355,2068.5090230000005,20.46868834251996
5.09165,10077.495217,5.09165,8021.621094,2055.8741229999996,20.400645981274096
5.089059,10055.094915,5.089059,7915.855957,2139.238958,21.27517418864663
5.08647,10023.907366,5.08647,7914.121094,2109.7862719999994,21.047543587205965
5.083884,9984.592148,5.083884,7895.033691,2089.558457,20.927829860517207
5.081301,9960.463462,5.081301,7870.734375,2089.7290869999997,20.980239473519386
5.07872,9942.837773,5.07872,7823.851074,2118.986698999999,21.311689352451825
5.076142,9920.273147,5.076142,7820.376953,2099.896194,21.167725554361695
5.073567,9903.478446,5.073567,7797.793457,2105.6849889999994,21.262074739512183
5.070994,9862.889878,5.070994,7648.236816,2214.6530620000003,22.45440321644439
5.068424,9822.576434,5.068424,7590.777344,2231.7990900000004,22.721117061251064
5.065856,9779.575135,5.065856,7555.934082,2223.6410529999994,22.737603856039083
5.063291,9725.981653,5.063291,7536.76416,2189.217493000001,22.508961779963176
5.060729,9699.239056,5.060729,7489.692383,2209.5466730000007,22.780618770636067
5.058169,9678.265866,5.058169,7343.078125,2335.1877409999997,24.12816276522817
5.055612,9643.666807,5.055612,7320.364746,2323.3020609999994,24.09148000959133
5.053057,9629.46595,5.053057,7306.384766,2323.0811839999997,24.124714662914403
5.050505,9607.391483,5.050505,7304.636719,2302.7547639999993,23.96857428027844
5.047956,9577.999611,5.047956,7213.707031,2364.2925799999994,24.684617623962854
5.045409,9550.989021,5.045409,7138.441895,2412.5471259999995,25.259657619702754
5.042864,9503.125505,5.042864,7121.751953,2381.373552,25.05884564764569
5.040323,9473.640147,5.040323,7068.368652,2405.271495,25.389094980155786
5.037783,9455.862611,5.037783,7059.605469,2396.2571420000004,25.341497022306942
5.035247,9430.005774,5.035247,7052.594238,2377.4115359999996,25.21113552819761
5.032713,9418.871117,5.032713,7035.063477,2383.807640000001,25.308846573954035
5.030181,9381.895035,5.030181,6970.169922,2411.7251129999995,25.70616175093457
5.027652,9367.691347,5.027652,6947.35791,2420.3334370000002,25.837032277703205
5.025126,9337.517472,5.025126,6836.722168,2500.7953039999993,26.78222891147485
5.022602,9312.457477,5.022602,6833.20752,2479.249957,26.622939896619947
5.02008,9266.721217,5.02008,6820.905273,2445.815944,26.393541865844604
5.017561,9217.264129,5.017561,6819.147949,2398.116179999999,26.017657153329033
5.015045,9191.453197,5.015045,6791.021973,2400.431224000001,26.115905423785197
5.012531,9164.16592,5.012531,6768.162598,2396.0033219999996,26.145350738040758
5.01002,9152.115558,5.01002,6627.360352,2524.755206,27.586574819775674
5.007511,9118.660041,5.007511,6599.17334,2519.486700999999,27.63001021719962
5.005005,9089.519556,5.005005,6585.076172,2504.4433839999992,27.553088681643402
5.002501,9050.360465,5.002501,6521.611328,2528.749137,27.940866518845336
5.0,9024.469962,5.0,6468.689453,2555.7805089999993,28.32056087240373
4.997501,8999.309026,4.997501,6465.160156,2534.148870000001,28.159371599292392
4.995005,8967.028338,4.995005,6451.041504,2515.9868340000003,28.05820099104498
4.992511,8952.372784,4.992511,6443.981445,2508.391338999999,28.01929052243094
4.99002,8916.606813,4.99002,6385.714844,2530.8919690000002,28.38402569585189
4.987531,8905.534189,4.987531,6364.517578,2541.016611,28.533006073219404
4.985045,8886.969269,4.985045,6316.805664,2570.163604999999,28.920586166145313
4.982561,8860.923765,4.982561,6307.967285,2552.95648,28.811403276981018
4.98008,8837.797863,4.98008,6263.806641,2573.9912219999997,29.124803055025474
4.977601,8826.238871,4.977601,6212.12793,2614.110941,29.617495959565222
4.975124,8800.500222,4.975124,6173.51709,2626.9831320000003,29.850384247851224
4.97265,8779.623612,4.97265,6134.560059,2645.063552999999,30.127300097292594
4.970179,8731.637841,4.970179,6131.017578,2600.620263,29.783876866589797
4.96771,8706.243103,4.96771,6111.532227,2594.710876000001,29.802876456618982
4.965243,8681.954547,4.965243,6004.263184,2677.691362999999,30.842033881935727
4.962779,8640.607915,4.962779,5955.49707,2685.110845,31.07548532943703
4.960317,8623.547594,4.960317,5946.623535,2676.924059,31.042028003214384
4.957858,8591.814887,4.957858,5941.299316,2650.515571000001,30.8493095563594
4.955401,8561.693078,4.955401,5939.524414,2622.168664,30.626753845426734
4.952947,8538.652527,4.952947,5912.729492,2625.923035,30.75336567094856
4.950495,8509.755687,4.950495,5910.849121,2598.9065660000006,30.540319388607617
4.948046,8453.710678,4.948046,5861.393555,2592.317123,30.664843188284944
4.945598,8402.491593,4.945598,5843.627441,2558.864152000001,30.453635373247568
4.943154,8366.52359,4.943154,5827.634766,2538.8888240000006,30.345803686426947
4.940711,8323.028728,4.940711,5825.857422,2497.1713059999993,30.003156153950496
4.938272,8300.366629,4.938272,5806.307129,2494.0595000000003,30.047582371677432
4.935834,8273.550284,4.935834,5797.418945,2476.1313390000005,29.928280532584967
4.933399,8245.199734,4.933399,5777.862793,2467.3369409999996,29.92452603453208
4.930966,8224.035651,4.930966,5688.916992,2535.1186589999998,30.82572555107713
4.928536,8186.970513,4.928536,5662.216797,2524.753716,30.83868095030966
4.926108,8158.932016,4.926108,5651.534668,2507.3973479999995,30.731930883636373
4.923683,8146.331479,4.923683,5642.631836,2503.699643000001,30.734075202490306
4.92126,8093.652915,4.92126,5621.261719,2472.3911959999996,30.547284668186194
4.918839,8078.131902,4.918839,5585.633789,2492.4981129999996,30.85488257975711
4.916421,8044.590547,4.916421,5537.515137,2507.0754099999995,31.16473604657159
4.914005,8035.382921,4.914005,5498.288574,2537.094347,31.574031654041697
4.911591,7985.270109,4.911591,5478.669434,2506.6006749999997,31.39030540964259
4.90918,7962.842977,4.90918,5467.966309,2494.876668,31.331481421977557
4.906771,7918.637147,4.906771,5444.771973,2473.8651740000005,31.241047267044326
4.904365,7890.831959,4.904365,5444.771973,2446.059986,30.99875904986307
4.901961,7833.184111,4.901961,5434.064941,2399.11917,30.627636680094884
4.899559,7814.424673,4.899559,5376.940918,2437.483755,31.192107634255777
4.89716,7783.604793,4.89716,5348.365723,2435.2390700000005,31.286776946718504
4.894763,7768.746109,4.894763,5320.818848,2447.927261,31.509940299942425
4.892368,7747.058604,4.892368,5314.421387,2432.6372169999995,31.40078501205565
4.889976,7716.114392,4.889976,5291.189453,2424.9249390000004,31.426762432580592
4.887586,7697.605884,4.887586,5253.649414,2443.956469999999,31.749566122629503
4.885198,7663.649741,4.885198,5223.248535,2440.4012060000005,31.84385101714685
4.882812,7650.719825,4.882812,5047.810059,2602.9097659999998,34.021762991431984
4.880429,7635.180971,4.880429,5020.928711,2614.25226,34.23955856356873
4.878049,7607.684461,4.878049,5013.759277,2593.9251839999997,34.096119486783216
4.87567,7591.78603,4.87567,4971.027832,2620.7581980000004,34.520970265016814
4.873294,7562.600429,4.873294,4968.937988,2593.6624410000004,34.29590741108293
4.870921,7532.055862,4.870921,4934.859375,2597.196487,34.48190686029195
4.868549,7521.548681,4.868549,4846.918457,2674.6302240000005,35.559568081455325
4.86618,7482.936445,4.86618,4766.086426,2716.8500190000004,36.30727106890456
4.863813,7439.193342,4.863813,4749.912109,2689.2812329999997,36.150172597570865
4.861449,7404.801789,4.861449,4739.127441,2665.6743480000005,35.99926674553153
4.859086,7391.530372,4.859086,4697.083496,2694.446876,36.4531665351317
4.856727,7362.757137,4.856727,4647.412598,2715.3445389999997,36.87945274406244
4.854369,7324.396023,4.854369,4638.416504,2685.9795190000004,36.67168610989237
4.852014,7312.002163,4.852014,4613.222656,2698.779507,36.90889918846432
4.849661,7289.048821,4.849661,4601.341797,2687.7070240000003,36.873220223969746
4.84731,7271.559722,4.84731,4557.413574,2714.146148,37.32550170479092
4.844961,7261.330397,4.844961,4506.978516,2754.3518809999996,37.93178013409159
4.842615,7235.254276,4.842615,4470.9375,2764.3167759999997,38.206214606299206
4.840271,7215.523766,4.840271,4467.333008,2748.1907580000006,38.087197092325404
4.837929,7202.140635,4.837929,4451.109863,2751.030772,38.19740423605322
4.83559,7182.625091,4.83559,4328.450195,2854.1748959999995,39.737211114865914
4.833253,7149.520103,4.833253,4185.760742,2963.7593609999994,41.453962200293425
4.830918,7127.447958,4.830918,4178.530762,2948.9171959999994,41.37409649817326
4.828585,7103.512534,4.828585,4090.876709,3012.6358250000003,42.41050903451535
4.826255,7067.336307,4.826255,4079.064941,2988.2713659999995,42.282852211804325
4.823927,7035.632688,4.823927,4010.286621,3025.3460669999995,43.000341279328595
4.821601,7023.215567,4.821601,3950.520508,3072.695059,43.750544600078626
4.819277,6993.186372,4.819277,3908.844971,3084.341401,44.10495068956529
4.816956,6960.603403,4.816956,3796.418701,3164.184702,45.45848281826035
4.814636,6943.426876,4.814636,3683.87085,3259.5560260000007,46.94448554310664
4.81232,6898.343494,4.81232,3634.820312,3263.523182,47.30879500040159
4.810005,6858.841203,4.810005,3483.89209,3374.949113,49.20582082471636
4.807692,6835.885499,4.807692,3483.89209,3351.993409,49.03524802295698
4.805382,6819.015931,4.805382,3385.582275,3433.4336559999997,50.35086720345132
4.803074,6803.677916,4.803074,3290.828125,3512.8497909999996,51.631629750416884
4.800768,6791.743568,4.800768,3272.596436,3519.147132,51.815076596543264
4.798464,6756.220586,4.798464,3272.596436,3483.6241500000006,51.561729011907076
4.796163,6735.650472,4.796163,3199.63916,3536.011312,52.49695373444847
4.793864,6699.100087,4.793864,3197.814697,3501.28539,52.26501088996195
4.791567,6650.805126,4.791567,3059.057861,3591.7472650000004,54.00469863353504
4.789272,6625.213863,4.789272,3027.996094,3597.217769,54.29587396551035
4.786979,6604.183586,4.786979,2918.295166,3685.88842,55.811416687652326
4.784689,6568.021725,4.784689,2835.947266,3732.0744589999995,56.82189577410388
4.782401,6533.473181,4.782401,2815.808594,3717.664587,56.90181139506847
4.780115,6506.485195,4.780115,2812.146484,3694.3387110000003,56.77933016490941
4.777831,6488.826097,4.777831,2806.65332,3682.172777,56.746362469205195
4.775549,6461.132529,4.775549,2786.509277,3674.6232520000003,56.87274228638562
4.77327,6442.450423,4.77327,2711.394287,3731.056136,57.91361812703856
4.770992,6422.295383,4.770992,2691.925049,3730.3703339999997,58.084689531322354
4.768717,6396.984167,4.768717,2669.234619,3727.749548,58.27354657574847
4.766444,6373.498681,4.766444,2610.550781,3762.9479,59.04053783234791
4.764173,6360.033034,4.764173,2583.032227,3777.000807,59.38649668655164
4.761905,6325.203301,4.761905,2564.682861,3760.52044,59.45295765284684
4.759638,6268.823473,4.759638,2546.330322,3722.4931510000006,59.38104920377617
4.757374,6243.925048,4.757374,2531.64624,3712.278808,59.454250002393685
4.755112,6218.238639,4.755112,2493.091309,3725.1473300000002,59.90679268300112
4.752852,6199.233965,4.752852,2456.360107,3742.8738580000004,60.37639294034937
4.750594,6181.941749,4.750594,2447.986572,3733.955177,60.40100875431268
4.748338,6160.47708,4.748338,2434.315674,3726.1614059999997,60.48494877283108
4.746084,6148.008114,4.746084,2430.641113,3717.367001,60.46457538881511
4.743833,6132.429013,4.743833,2406.753906,3725.675107,60.75366056585448
4.741584,6113.769054,4.741584,2287.24292,3826.526134,62.58866012441955
4.739336,6081.97211,4.739336,2152.873779,3929.0983309999997,64.60237337392196
4.737091,6077.573901,4.737091,2116.032959,3961.5409419999996,65.18293329758065
4.734848,6028.83357,4.734848,2077.337402,3951.4961679999997,65.54329493623754
4.732608,5985.726128,4.732608,2068.122314,3917.603814,65.44909891005959
4.730369,5950.753353,4.730369,2042.315918,3908.437435,65.67970815039088
4.728132,5919.107422,4.728132,1985.153076,3933.954346,66.46195220884775
4.725898,5914.966769,4.725898,1960.891724,3954.0750449999996,66.84864343994423
4.723666,5886.31421,4.723666,1924.271362,3962.0428479999996,67.30940120846861
4.721435,5862.254541,4.721435,1870.743164,3991.5113770000003,68.08833272393383
4.719207,5823.711392,4.719207,1857.818848,3965.8925440000003,68.09905706261345
4.716981,5816.171181,4.716981,1765.461304,4050.709877,69.64564403181035
4.714757,5801.819189,4.714757,1711.860718,4089.958471,70.49441455801286
4.712535,5768.21971,4.712535,1593.484253,4174.735457000001,72.37476495152436
4.710316,5757.873315,4.710316,1578.678955,4179.1943599999995,72.58225617977146
4.708098,5743.169699,4.708098,1478.694946,4264.474753,74.2529818288763
4.705882,5731.419716,4.705882,1441.642822,4289.7768940000005,74.84667162002694
4.703669,5708.153593,4.703669,1437.93689,4270.216703,74.8090715049545
4.701457,5685.423814,4.701457,1384.189331,4301.234483,75.65371771245056
4.699248,5667.844616,4.699248,1373.066162,4294.778454,75.77445651696391
4.697041,5635.158427,4.697041,1339.690552,4295.467875,76.22621316942791
4.694836,5612.340269,4.694836,1308.160767,4304.179502,76.69134969906081
4.692633,5594.271933,4.692633,1297.03064,4297.241293,76.81502337508913
4.690432,5573.405856,4.690432,1295.175537,4278.230319,76.76150686916708
4.688233,5554.468976,4.688233,1287.754761,4266.714215,76.81587985162598
4.686036,5532.723941,4.686036,1251.388428,4281.335513,77.38205554181651
4.683841,5512.383166,4.683841,1152.24646,4360.136705999999,79.09712686325985
4.681648,5485.621325,4.681648,1128.099121,4357.522204,79.4353446188705
4.679457,5462.329704,4.679457,1077.931763,4384.397940999999,80.26608019998054
4.677268,5439.064747,4.677268,1025.88501,4413.179737,81.13857698484206
4.675082,5417.57726,4.675082,1003.572449,4414.004811,81.47562275835453
4.672897,5363.992817,4.672897,992.414734,4371.578083,81.49858197321296
4.670715,5342.660372,4.670715,988.695251,4353.965121,81.49432712995218
4.668534,5326.24969,4.668534,886.36615,4439.88354,83.35853177022199
4.666356,5301.781373,4.666356,737.374329,4564.407044,86.09195141928761
4.664179,5291.723134,4.664179,571.414185,4720.308949,89.2017369289676
4.662005,5278.444305,4.662005,532.22345,4746.220855,89.9170395812294
4.659832,5269.225056,4.659832,530.356934,4738.868122,89.93482099619014
4.657662,5257.716772,4.657662,356.651703,4901.065069,93.21660487876886
4.655493,5248.924639,4.655493,336.090454,4912.834185,93.59696552884725
4.653327,5239.065073,4.653327,323.004333,4916.06074,93.8346951507697
4.651163,5225.336452,4.651163,285.608124,4939.728327999999,94.53416776845664
4.649,5213.013894,4.649,278.127594,4934.8863,94.6647448164273
4.64684,5183.925368,4.64684,268.776337,4915.149031,94.81519663344041
4.644682,5175.085339,4.644682,248.201172,4926.884167,95.20392117730833
4.642526,5144.643971,4.642526,193.942032,4950.7019390000005,96.23021470303411
4.640371,5116.035158,4.640371,109.702324,5006.332834,97.85571598685249
4.638219,5100.398761,4.638219,87.229286,5013.169475000001,98.28975556446694
4.636069,5080.871621,4.636069,74.118248,5006.7533730000005,98.54122966434228
