RP,Loss_gen,ReturnPeriod,Loss_expected,Loss_Diff,Percent_Diff
10000.0,220000.014972,10000.0,220000.015625,0.0006529999955091625,2.968181595770671e-07
5000.0,220000.013682,5000.0,220000.015625,0.001943000010214746,8.831817678990074e-07
3333.333333,220000.013104,3333.333333,220000.015625,0.0025209999876096845,1.1459090170226212e-06
2500.0,220000.013094,2500.0,220000.015625,0.0025310000055469573,1.1504544795029309e-06
2000.0,220000.008976,2000.0,220000.015625,0.006648999988101423,3.022272598555561e-06
1666.666667,220000.007253,1666.666667,220000.015625,0.008372000011149794,3.8054544250637206e-06
1428.571429,220000.003384,1428.571429,220000.015625,0.01224099998944439,5.56409081870707e-06
1250.0,220000.003363,1250.0,220000.0,0.0033629999961704016,1.5286363385283463e-06
1111.111111,220000.003167,1111.111111,220000.0,0.0031669999880250543,1.4395454283793867e-06
1000.0,220000.002941,1000.0,220000.0,0.00294100001337938,1.3368181700288897e-06
909.090909,220000.0,909.090909,220000.0,0.0,0.0
833.333333,220000.0,833.333333,220000.0,0.0,0.0
769.230769,220000.0,769.230769,220000.0,0.0,0.0
714.285714,220000.0,714.285714,220000.0,0.0,0.0
666.666667,220000.0,666.666667,220000.0,0.0,0.0
625.0,220000.0,625.0,220000.0,0.0,0.0
588.235294,220000.0,588.235294,220000.0,0.0,0.0
555.555556,220000.0,555.555556,220000.0,0.0,0.0
526.315789,220000.0,526.315789,220000.0,0.0,0.0
500.0,220000.0,500.0,220000.0,0.0,0.0
476.190476,220000.0,476.190476,220000.0,0.0,0.0
454.545455,220000.0,454.545455,220000.0,0.0,0.0
434.782609,220000.0,434.782609,220000.0,0.0,0.0
416.666667,220000.0,416.666667,220000.0,0.0,0.0
400.0,220000.0,400.0,220000.0,0.0,0.0
384.615385,220000.0,384.615385,220000.0,0.0,0.0
370.37037,220000.0,370.37037,220000.0,0.0,0.0
357.142857,220000.0,357.142857,220000.0,0.0,0.0
344.827586,220000.0,344.827586,220000.0,0.0,0.0
333.333333,220000.0,333.333333,220000.0,0.0,0.0
322.580645,220000.0,322.580645,220000.0,0.0,0.0
312.5,220000.0,312.5,220000.0,0.0,0.0
303.030303,220000.0,303.030303,220000.0,0.0,0.0
294.117647,220000.0,294.117647,220000.0,0.0,0.0
285.714286,220000.0,285.714286,220000.0,0.0,0.0
277.777778,220000.0,277.777778,220000.0,0.0,0.0
270.27027,220000.0,270.27027,220000.0,0.0,0.0
263.157895,220000.0,263.157895,220000.0,0.0,0.0
256.410256,220000.0,256.410256,220000.0,0.0,0.0
250.0,220000.0,250.0,220000.0,0.0,0.0
243.902439,220000.0,243.902439,220000.0,0.0,0.0
238.095238,220000.0,238.095238,220000.0,0.0,0.0
232.55814,220000.0,232.55814,220000.0,0.0,0.0
227.272727,220000.0,227.272727,220000.0,0.0,0.0
222.222222,220000.0,222.222222,220000.0,0.0,0.0
217.391304,220000.0,217.391304,220000.0,0.0,0.0
212.765957,220000.0,212.765957,220000.0,0.0,0.0
208.333333,220000.0,208.333333,220000.0,0.0,0.0
204.081633,220000.0,204.081633,220000.0,0.0,0.0
200.0,220000.0,200.0,220000.0,0.0,0.0
196.078431,220000.0,196.078431,220000.0,0.0,0.0
192.307692,220000.0,192.307692,220000.0,0.0,0.0
188.679245,220000.0,188.679245,220000.0,0.0,0.0
185.185185,220000.0,185.185185,220000.0,0.0,0.0
181.818182,220000.0,181.818182,220000.0,0.0,0.0
178.571429,220000.0,178.571429,220000.0,0.0,0.0
175.438596,220000.0,175.438596,220000.0,0.0,0.0
172.413793,220000.0,172.413793,220000.0,0.0,0.0
169.491525,220000.0,169.491525,220000.0,0.0,0.0
166.666667,220000.0,166.666667,220000.0,0.0,0.0
163.934426,220000.0,163.934426,220000.0,0.0,0.0
161.290323,220000.0,161.290323,220000.0,0.0,0.0
158.730159,220000.0,158.730159,220000.0,0.0,0.0
156.25,220000.0,156.25,220000.0,0.0,0.0
153.846154,220000.0,153.846154,220000.0,0.0,0.0
151.515152,220000.0,151.515152,220000.0,0.0,0.0
149.253731,220000.0,149.253731,220000.0,0.0,0.0
147.058824,220000.0,147.058824,220000.0,0.0,0.0
144.927536,220000.0,144.927536,220000.0,0.0,0.0
142.857143,220000.0,142.857143,220000.0,0.0,0.0
140.84507,220000.0,140.84507,220000.0,0.0,0.0
138.888889,220000.0,138.888889,220000.0,0.0,0.0
136.986301,220000.0,136.986301,220000.0,0.0,0.0
135.135135,220000.0,135.135135,220000.0,0.0,0.0
133.333333,220000.0,133.333333,220000.0,0.0,0.0
131.578947,220000.0,131.578947,220000.0,0.0,0.0
129.87013,220000.0,129.87013,220000.0,0.0,0.0
128.205128,220000.0,128.205128,220000.0,0.0,0.0
126.582278,220000.0,126.582278,220000.0,0.0,0.0
125.0,220000.0,125.0,220000.0,0.0,0.0
123.45679,220000.0,123.45679,220000.0,0.0,0.0
121.95122,220000.0,121.95122,220000.0,0.0,0.0
120.481928,220000.0,120.481928,220000.0,0.0,0.0
119.047619,220000.0,119.047619,220000.0,0.0,0.0
117.647059,220000.0,117.647059,220000.0,0.0,0.0
116.27907,220000.0,116.27907,220000.0,0.0,0.0
114.942529,220000.0,114.942529,220000.0,0.0,0.0
113.636364,220000.0,113.636364,220000.0,0.0,0.0
112.359551,220000.0,112.359551,220000.0,0.0,0.0
111.111111,220000.0,111.111111,220000.0,0.0,0.0
109.89011,220000.0,109.89011,220000.0,0.0,0.0
108.695652,220000.0,108.695652,220000.0,0.0,0.0
107.526882,220000.0,107.526882,220000.0,0.0,0.0
106.382979,220000.0,106.382979,220000.0,0.0,0.0
105.263158,220000.0,105.263158,220000.0,0.0,0.0
104.166667,220000.0,104.166667,220000.0,0.0,0.0
103.092784,220000.0,103.092784,220000.0,0.0,0.0
102.040816,220000.0,102.040816,220000.0,0.0,0.0
101.010101,220000.0,101.010101,220000.0,0.0,0.0
100.0,219999.998993,100.0,220000.0,0.0010070000134874135,4.5772728095305785e-07
99.009901,219999.99804,99.009901,220000.0,0.001959999994141981,8.909090961835451e-07
98.039216,219999.992492,98.039216,220000.0,0.007508000009693205,3.4127273936003538e-06
97.087379,219855.453658,97.087379,220000.0,144.5463419999869,0.06574607979697356
96.153846,219798.198265,96.153846,220000.0,201.80173499998637,0.09181227898723893
95.238095,219743.612193,95.238095,220000.0,256.3878069999919,0.11667588624820066
94.339623,219677.172434,94.339623,220000.0,322.82756599999266,0.14695544485714976
93.457944,219612.578894,93.457944,220000.0,387.4211059999943,0.17641116367336598
92.592593,219597.548128,92.592593,220000.0,402.4518720000051,0.1832679259995299
91.743119,219596.839506,91.743119,220000.0,403.16049400001066,0.1835912096489873
90.909091,219317.86743,90.909091,220000.0,682.132569999987,0.3110246228423246
90.09009,219180.007908,90.09009,220000.0,819.9920920000004,0.3741181049433072
89.285714,219169.728081,89.285714,220000.0,830.2719189999916,0.3788260022356475
88.495575,219169.214433,88.495575,220000.0,830.7855670000135,0.3790612514395742
87.719298,219146.808509,87.719298,220000.0,853.191491000005,0.3893241689463006
86.956522,218993.886295,86.956522,220000.0,1006.1137049999961,0.459425476218405
86.206897,218959.84752,86.206897,220000.0,1040.1524799999897,0.4750425668363608
85.470085,218834.289408,85.470085,220000.0,1165.7105919999885,0.5326910125252854
84.745763,218543.113945,84.745763,220000.0,1456.88605500001,0.6666355341521579
84.033613,217815.417331,84.033613,220000.0,2184.582668999996,1.0029513501701428
83.333333,217786.710906,83.333333,220000.0,2213.289094000007,1.016264530003989
82.644628,217168.587358,82.644628,220000.0,2831.4126420000102,1.3037855411991321
81.967213,217080.41144,81.967213,220000.0,2919.588560000004,1.3449341378307478
81.300813,216478.708204,81.300813,220000.0,3521.291796000005,1.626622694312133
80.645161,216251.675012,80.645161,220000.0,3748.3249880000076,1.7333160484384733
80.0,215889.609789,80.0,220000.0,4110.390210999991,1.9039314652600865
79.365079,215334.811236,79.365079,220000.0,4665.188763999991,2.166481460764416
78.740157,215119.737387,78.740157,220000.0,4880.262612999999,2.268626148525096
78.125,214859.768657,78.125,220000.0,5140.231342999992,2.392365669538538
77.51938,214681.250556,77.51938,220000.0,5318.749443999986,2.4775099969023984
76.923077,214018.070606,76.923077,220000.0,5981.929394000006,2.795058088815563
76.335878,213065.081953,76.335878,220000.0,6934.918047000014,3.2548355570199847
75.757576,212124.316665,75.757576,220000.0,7875.683335000009,3.7127678046632346
75.18797,211616.990717,75.18797,220000.0,8383.009282999992,3.961406527234277
74.626866,211312.828444,74.626866,220000.0,8687.171555999987,4.111047880986636
74.074074,210429.446992,74.074074,219999.984375,9570.537382999988,4.548097958630208
73.529412,210414.59493,73.529412,219999.984375,9585.389445000008,4.555477460196544
72.992701,210113.937688,72.992701,219999.984375,9886.046686999995,4.705088484743868
72.463768,209799.369894,72.463768,219999.984375,10200.614480999997,4.862080608799636
71.942446,209717.7565,71.942446,219999.984375,10282.227875000011,4.902888552023973
71.428571,207758.004517,71.428571,219999.984375,12241.979858000006,5.89242271866271
70.921986,207726.098082,70.921986,219967.09375,12240.995667999989,5.892853994286191
70.422535,207623.923148,70.422535,219893.75,12269.826851999998,5.909640211958489
69.93007,207074.629687,69.93007,219765.3125,12690.682812999992,6.128555116666087
69.444444,206083.680083,69.444444,219384.234375,13300.554291999986,6.453958065307839
68.965517,206012.532353,68.965517,218067.21875,12054.686397000012,5.851433531404999
68.493151,205038.204787,68.493151,217934.03125,12895.826463000005,6.28947491829466
68.027211,204137.654107,68.027211,217736.28125,13598.62714299999,6.6614986845455695
67.567568,203489.6242,67.567568,217213.9375,13724.313300000009,6.744478178656939
67.114094,203074.020849,67.114094,216346.96875,13272.947901000007,6.536014722862749
66.666667,202885.532917,66.666667,215149.59375,12264.060832999996,6.044817812622053
66.225166,202858.056428,66.225166,213825.53125,10967.47482199999,5.406477324647272
65.789474,202641.744045,65.789474,213632.5625,10990.818455,5.423768190901133
65.359477,202399.895532,65.359477,211666.953125,9267.057593000005,4.578588130513564
64.935065,201075.851963,64.935065,211263.8125,10187.960537000006,5.06672503810885
64.516129,200671.286604,64.516129,210273.328125,9602.041521000006,4.784960361543129
64.102564,200187.423698,64.102564,210229.109375,10041.685677000001,5.016142118971844
63.694268,199935.717627,63.694268,210076.78125,10141.063622999995,5.072162064568753
63.291139,199475.311654,63.291139,209958.734375,10483.42272100001,5.255498855509516
62.893082,199347.113945,62.893082,209946.90625,10599.79230500001,5.317253957298072
62.5,198749.036857,62.5,207991.484375,9242.447518,4.6503105947879115
62.111801,197835.123167,62.111801,207863.9375,10028.814332999988,5.069278989724333
61.728395,197803.63584,61.728395,206352.3125,8548.676659999997,4.321799558282577
61.349693,197793.97253,61.349693,206105.71875,8311.74622,4.202224220325689
60.97561,197792.850669,60.97561,205174.546875,7381.696205999993,3.7320338834455775
60.606061,197320.612798,60.606061,205152.5625,7831.949702000013,3.9691492900529832
60.240964,196992.915855,60.240964,203155.40625,6162.490395000001,3.128280206551187
59.88024,195931.598755,59.88024,203068.5,7136.901244999986,3.642547343230852
59.52381,195327.95571,59.52381,202885.796875,7557.841164999991,3.869308485581544
59.171598,194730.58422,59.171598,202487.84375,7757.25953000001,3.983585609354575
58.823529,194013.905471,58.823529,202336.0,8322.094528999995,4.289431991380602
58.479532,193713.627204,58.479532,200794.6875,7081.060296000011,3.6554270332994903
58.139535,193435.243084,58.139535,200423.21875,6987.975666000013,3.6125659184895573
57.803468,191093.027493,57.803468,199904.078125,8811.050631999999,4.610869767251325
57.471264,190137.783425,57.471264,198335.75,8197.966574999999,4.311592586874609
57.142857,188151.783422,57.142857,197963.375,9811.591577999992,5.214721539999367
56.818182,187967.658384,56.818182,197375.84375,9408.18536599999,5.005214964576494
56.497175,187869.571904,56.497175,195313.8125,7444.240595999989,3.9624514606356485
56.179775,187771.934903,56.179775,194768.46875,6996.533847000013,3.726080710950927
55.865922,185072.082627,55.865922,193289.796875,8217.714248000004,4.440277610406665
55.555556,184757.848138,55.555556,192619.6875,7861.839361999999,4.255212669573747
55.248619,184184.68328,55.248619,191629.96875,7445.2854700000025,4.04229349444958
54.945055,183573.748891,54.945055,189845.703125,6271.954234000004,3.416585580394767
54.644809,182591.920307,54.644809,188216.546875,5624.626568000007,3.080435628555234
54.347826,182355.1536,54.347826,187837.5625,5482.408900000009,3.006445823859628
54.054054,181531.037252,54.054054,185589.53125,4058.493997999991,2.235702532986698
53.763441,181088.420655,53.763441,185012.578125,3924.1574700000056,2.166984203521274
53.475936,178883.728108,53.475936,184628.28125,5744.55314199999,3.2113335308685813
53.191489,178832.160753,53.191489,184557.609375,5725.448621999996,3.2015766056240245
52.910053,178033.382166,52.910053,184077.3125,6043.930334000004,3.3948298125149288
52.631579,177559.504,52.631579,183889.53125,6330.027250000014,3.5650174208641707
52.356021,176851.936283,52.356021,183179.375,6327.438717000012,3.577817042882013
52.083333,176822.587866,52.083333,182954.8125,6132.224634000013,3.4680097763568227
51.813472,176397.723725,51.813472,182775.6875,6377.963775000011,3.615672379618181
51.546392,175548.136622,51.546392,182431.578125,6883.441503000009,3.9211133968467116
51.282051,174915.183237,51.282051,180521.71875,5606.53551300001,3.2052880769095258
51.020408,174033.433109,51.020408,180259.0,6225.566890999995,3.5772246629765787
50.761421,173910.78755,50.761421,180247.4375,6336.649949999992,3.643620984798416
50.505051,173791.150827,50.505051,179849.203125,6058.052297999995,3.485823224699438
50.251256,173718.421091,50.251256,179048.25,5329.8289090000035,3.06808505138787
50.0,171252.092667,50.0,178499.671875,7247.57920800001,4.232111324965203
49.751244,170306.216827,49.751244,178363.375,8057.158173000003,4.730983004093505
49.50495,169451.965906,49.50495,177775.34375,8323.377844000002,4.911939380282685
49.261084,168773.775405,49.261084,177339.65625,8565.880845000007,5.075362463418733
49.019608,168710.911013,49.019608,176768.09375,8057.1827369999955,4.775733050471851
48.780488,168692.126823,48.780488,176486.578125,7794.451302000001,4.62051872176484
48.543689,167611.414585,48.543689,176184.328125,8572.913540000009,5.1147551980431905
48.309179,167098.510231,48.309179,176165.25,9066.739769000007,5.425984801699299
48.076923,167083.767709,48.076923,174705.671875,7621.904165999993,4.561726294845479
47.84689,165475.452537,47.84689,173701.734375,8226.281837999995,4.971300402493605
47.619048,165094.204107,47.619048,172732.40625,7638.202143000002,4.626571952852791
47.393365,165023.31672,47.393365,172642.140625,7618.8239049999975,4.616816615028459
47.169811,164519.498823,47.169811,171891.75,7372.251176999998,4.481080497899833
46.948357,163998.218381,46.948357,171434.359375,7436.140993999987,4.5342815717207205
46.728972,163579.490923,46.728972,171187.015625,7607.524701999995,4.65065923550343
46.511628,162986.264103,46.511628,170915.953125,7929.689022000006,4.865249882032266
46.296296,162861.003287,46.296296,170555.1875,7694.184213,4.724387089425582
46.082949,162129.538004,46.082949,170062.109375,7932.571370999998,4.892736677510479
45.87156,161803.941197,45.87156,168971.078125,7167.136927999993,4.429519376956239
45.6621,161046.818468,45.6621,168870.5,7823.681531999988,4.85801682170738
45.454545,160735.242532,45.454545,168405.40625,7670.163717999996,4.771924064178384
45.248869,160058.173041,45.248869,167116.875,7058.701958999998,4.410085298919326
45.045045,159732.369298,45.045045,166880.09375,7147.724451999995,4.474812765510949
44.843049,159703.646803,44.843049,166830.140625,7126.493821999989,4.462323788254357
44.642857,159272.058703,44.642857,164417.078125,5145.019422000012,3.2303339731384426
44.444444,157701.264379,44.444444,164019.75,6318.485621,4.006616970308444
44.247788,157572.456098,44.247788,163933.453125,6360.997027000005,4.036871154082838
44.052863,157157.811573,44.052863,163708.875,6551.063426999986,4.168461854635211
43.859649,156714.715823,43.859649,163022.609375,6307.893551999994,4.02508055409703
43.668122,156008.483569,43.668122,159448.03125,3439.5476809999964,2.20471836038246
43.478261,155467.379659,43.478261,158545.734375,3078.3547160000016,1.980064707305174
43.290043,154264.875278,43.290043,158279.21875,4014.3434720000078,2.6022407659331255
43.103448,153966.686068,43.103448,158061.546875,4094.86080699999,2.6595758547348862
42.918455,153443.456325,42.918455,157331.109375,3887.6530499999935,2.5336062828028147
42.735043,152651.308028,42.735043,157152.5,4501.1919720000005,2.9486756649175723
42.553191,150422.086782,42.553191,157058.0625,6635.9757180000015,4.4115700426475435
42.372881,150325.007037,42.372881,156822.046875,6497.039837999997,4.321995365947902
42.194093,150095.920917,42.194093,156530.625,6434.70408299999,4.287061263016102
42.016807,149830.725449,42.016807,155446.59375,5615.8683010000095,3.7481419676577366
41.841004,149334.725155,41.841004,155340.984375,6006.259220000007,4.022011098735335
41.666667,149328.816019,41.666667,154304.390625,4975.574606000009,3.331958786418649
41.493776,148656.216114,41.493776,154127.078125,5470.86201099999,3.6802107264754738
41.322314,148500.329972,41.322314,153691.34375,5191.013777999993,3.49562440634224
41.152263,148332.312811,41.152263,153653.28125,5320.968438999989,3.587194413788846
40.983607,147597.46674,40.983607,153317.234375,5719.7676349999965,3.875247835435849
40.816327,147234.292907,40.816327,152706.921875,5472.6289680000045,3.7169526609244294
40.650407,147052.975907,40.650407,152411.40625,5358.430343000015,3.6438775277753113
40.48583,146785.92377,40.48583,152133.671875,5347.748105000006,3.6432295193232793
40.322581,146695.192607,40.322581,151676.125,4980.9323929999955,3.39542987365921
40.160643,146323.148564,40.160643,150544.1875,4221.038935999997,2.8847376354492296
40.0,145972.033858,40.0,149997.734375,4025.70051699999,2.757857385830595
39.840637,145314.787126,39.840637,149942.671875,4627.88474899999,3.1847307769079474
39.68254,144419.367765,39.68254,149934.09375,5514.725984999997,3.8185501504019808
39.525692,143357.880911,39.525692,149887.78125,6529.900339000014,4.5549643294838695
39.370079,142552.661969,39.370079,149312.96875,6760.306780999992,4.742322372394639
39.215686,142072.654529,39.215686,148892.640625,6819.986096000008,4.800351002527306
39.0625,141519.965691,39.0625,148187.703125,6667.73743400001,4.71151713572246
38.910506,140213.493558,38.910506,148178.953125,7965.459567000013,5.680950787881954
38.75969,140098.271419,38.75969,147930.75,7832.478581000003,5.590703226862062
38.610039,139831.072473,38.610039,147910.921875,8079.849401999993,5.77829323561838
38.461538,139581.975339,38.461538,147261.0625,7679.087161000003,5.501489101547643
38.314176,139118.852112,38.314176,145671.9375,6553.085388000007,4.710422267374902
38.167939,139067.000523,38.167939,145015.671875,5948.671352000005,4.27755781718767
38.022814,138039.80879,38.022814,144884.8125,6845.00370999999,4.958717177313173
37.878788,137723.574916,37.878788,144667.609375,6944.034458999988,5.042008576407688
37.735849,137589.919067,37.735849,144606.8125,7016.89343299999,5.099860135525687
37.593985,136983.925059,37.593985,143350.5625,6366.637440999999,4.647725956354252
37.453184,136849.108418,37.453184,143248.296875,6399.188457000011,4.676090718438554
37.313433,136790.481076,37.313433,141924.859375,5134.378299000004,3.7534616872553968
37.174721,135920.111369,37.174721,141769.453125,5849.341756000009,4.30351454033174
37.037037,135736.032605,37.037037,141755.4375,6019.404895000014,4.434640367393708
36.900369,134784.111565,36.900369,141337.125,6553.013435000001,4.861858982421524
36.764706,134230.846702,36.764706,140509.875,6279.02829799999,4.677783424803827
36.630037,134050.33511,36.630037,139922.28125,5871.9461399999855,4.380403924526963
36.49635,133087.26991,36.49635,139093.34375,6006.073839999997,4.512883797271964
36.363636,132884.501688,36.363636,139010.1875,6125.685812000011,4.609781979227743
36.231884,132767.055827,36.231884,138792.34375,6025.287922999996,4.538240217400882
36.101083,132572.487464,36.101083,138741.734375,6169.246910999995,4.65348959577699
35.971223,132493.111829,35.971223,138437.59375,5944.481920999999,4.48663469288286
35.842294,132342.035088,35.842294,137179.6875,4837.652411999996,3.655416367734733
35.714286,131991.962931,35.714286,136885.765625,4893.802694000013,3.707652030721214
35.587189,131770.119266,35.587189,136532.8125,4762.693234000006,3.6143954794377273
35.460993,131546.501755,35.460993,136385.359375,4838.857619999995,3.6784388451561942
35.335689,131035.038511,35.335689,136013.484375,4978.445863999994,3.7993241506790323
35.211268,130265.103093,35.211268,135632.3125,5367.209407000002,4.120220442437448
35.087719,129695.224255,35.087719,135491.984375,5796.760120000006,4.469524728684473
34.965035,129672.929047,34.965035,134395.09375,4722.164703000002,3.6415963900132553
34.843206,129402.800674,34.843206,134232.765625,4829.964951000002,3.7325041852594563
34.722222,129371.95984,34.722222,133360.53125,3988.571410000004,3.0830261943413753
34.602076,129287.155999,34.602076,132695.46875,3408.312751000005,2.636234608661643
34.482759,128911.983427,34.482759,132460.875,3548.891573000001,2.7529570786641875
34.364261,128904.347349,34.364261,132070.46875,3166.1214009999967,2.456178915694699
34.246575,128673.434744,34.246575,131724.546875,3051.1121310000017,2.371205942446698
34.129693,128579.2391,34.129693,131203.921875,2624.682774999994,2.041295930331877
34.013605,128238.581582,34.013605,130602.820312,2364.2387299999973,1.8436251406042141
33.898305,127736.985105,33.898305,130589.484375,2852.4992700000003,2.2331036446924446
33.783784,127247.504655,33.783784,130589.46875,3341.964095000003,2.626349415700456
33.670034,126932.373159,33.670034,130368.9375,3436.564341000005,2.707397849321892
33.557047,126379.554097,33.557047,130271.625,3892.070903,3.0796681716511847
33.444816,126335.842097,33.444816,130046.117188,3710.275091000003,2.93683489136145
33.333333,126190.03691,33.333333,129562.171875,3372.1349650000047,2.6722671991965936
33.222591,125924.43026,33.222591,129124.117188,3199.68692800001,2.54095803442868
33.112583,125766.445299,33.112583,128533.4375,2766.992201000001,2.2001036877695723
33.0033,125445.860704,33.0033,128260.773438,2814.9127339999977,2.2439263585125535
32.894737,125192.21891,32.894737,127865.0,2672.781090000004,2.134941862418344
32.786885,125091.37544,32.786885,127757.617188,2666.2417480000004,2.1314353116845064
32.679739,124559.948575,32.679739,127513.460938,2953.5123630000016,2.3711573397299803
32.57329,124450.328171,32.57329,127371.210938,2920.882767000003,2.347026970460525
32.467532,124090.02923,32.467532,127254.609375,3164.580145,2.5502291881440953
32.36246,123803.884816,32.36246,127075.382812,3271.497995999991,2.6424841198336884
32.258065,123181.577304,32.258065,127007.851562,3826.2742579999904,3.1062065787298065
32.154341,122922.750967,32.154341,126882.476562,3959.7255949999962,3.2213122175105156
32.051282,122883.105305,32.051282,126097.109375,3214.0040699999954,2.6154971116840913
31.948882,122553.75232,31.948882,125816.65625,3262.9039300000004,2.6624267868030955
31.847134,122123.498542,31.847134,125653.484375,3529.985832999999,2.8905050012025217
31.746032,121040.117499,31.746032,125232.195312,4192.077812999996,3.4633788363883817
31.64557,120496.067111,31.64557,125224.546875,4728.479764000003,3.9241776743170935
31.545741,119716.928224,31.545741,125163.875,5446.946775999997,4.549855109720424
31.446541,119520.1146,31.446541,124513.492188,4993.377588000003,4.1778554218354165
31.347962,119311.554884,31.347962,124510.039062,5198.484177999999,4.357066826473091
31.25,118910.878679,31.25,124403.28125,5492.402570999999,4.61892354342679
31.152648,118566.819112,31.152648,123740.328125,5173.509013000003,4.363369998239582
31.055901,118092.289863,31.055901,123716.445312,5624.155448999998,4.762508590124415
30.959752,117934.193449,30.959752,123608.289062,5674.095612999998,4.811238748543042
30.864198,117933.572156,30.864198,123476.195312,5542.6231560000015,4.699784001003835
30.769231,117448.942406,30.769231,122956.710938,5507.768532000002,4.68950032173183
30.674847,117289.163284,30.674847,122934.71875,5645.555466000005,4.813364941763672
30.58104,117284.476801,30.58104,122926.351562,5641.874760999999,4.810419004189901
30.487805,116681.328275,30.487805,122761.71875,6080.390474999993,5.211108379456776
30.395137,116067.087667,30.395137,122732.9375,6665.849833,5.743100793675918
30.30303,115744.696814,30.30303,121454.59375,5709.896936000005,4.933182334198624
30.21148,115653.063336,30.21148,121444.65625,5791.5929139999935,5.007729797155499
30.120482,115281.55517,30.120482,121249.5,5967.944829999993,5.176842749214616
30.03003,114946.443418,30.03003,121051.132812,6104.689394000001,5.310898895584306
29.94012,114136.574953,29.94012,120977.5625,6840.987546999997,5.993685678597793
29.850746,114067.635742,29.850746,120286.28125,6218.645508000001,5.451717717780557
29.761905,113980.634662,29.761905,120238.859375,6258.224713000003,5.490603497303067
29.673591,113837.052325,29.673591,119914.117188,6077.064863000007,5.338389161421926
29.585799,113395.988547,29.585799,119234.4375,5838.448952999999,5.148726183184247
29.498525,113008.302402,29.498525,118955.015625,5946.713222999999,5.262191446647866
29.411765,112291.512813,29.411765,118647.03125,6355.518437000006,5.659838644781556
29.325513,112240.255814,29.325513,118571.21875,6330.962935999996,5.640545711595143
29.239766,112200.120419,29.239766,118422.164062,6222.043642999997,5.5454874912472505
29.154519,111691.032569,29.154519,118020.226562,6329.1939929999935,5.666698433547001
29.069767,111631.755714,29.069767,117696.9375,6065.181786000001,5.433204689119973
28.985507,111621.894234,28.985507,117450.734375,5828.840140999993,5.22195056892748
28.901734,111438.500655,28.901734,117054.789062,5616.288407,5.039809737199663
28.818444,111430.525261,28.818444,117015.578125,5585.0528639999975,5.012139044412035
28.735632,111334.737726,28.735632,116505.242188,5170.504461999997,4.644107102245886
28.653295,111100.429695,28.653295,116210.40625,5109.976555000001,4.599421054471378
28.571429,111039.483781,28.571429,115141.953125,4102.469343999997,3.6946041212612086
28.490028,110969.56473,28.490028,115019.390625,4049.8258950000018,3.6494924575523306
28.409091,110733.848942,28.409091,114983.3125,4249.463558000003,3.837547054131371
28.328612,110570.312083,28.328612,114952.539062,4382.226978999999,3.963294392902197
28.248588,110455.048767,28.248588,114244.296875,3789.248108,3.4305793626448438
28.169014,110023.39477,28.169014,114227.375,4203.980230000001,3.8209875624982055
28.089888,109991.205846,28.089888,113873.640625,3882.434779000003,3.5297683566046603
28.011204,109874.75542,28.011204,112916.015625,3041.2602049999987,2.7679335379402463
27.932961,109749.47206,27.932961,112896.351562,3146.879501999996,2.86732996791055
27.855153,109012.830699,27.855153,112796.46875,3783.6380510000017,3.4708190097798366
27.777778,108460.149551,27.777778,112556.398438,4096.248887000009,3.7767317341507773
27.700831,108357.302897,27.700831,111997.15625,3639.8533529999986,3.3591214026985274
27.624309,107987.736658,27.624309,111760.546875,3772.8102170000057,3.493739505763136
27.548209,107932.61162,27.548209,111676.015625,3743.404005000004,3.4682789092322386
27.472527,107488.24358,27.472527,111449.085938,3960.842358000009,3.684907508096067
27.39726,107039.4362,27.39726,111275.414062,4235.977862,3.957399265524158
27.322404,106984.884038,27.322404,111246.992188,4262.10815,3.9838414448214383
27.247956,106973.130622,27.247956,111145.125,4171.994378000003,3.9000395274418516
27.173913,106535.780172,27.173913,111049.921875,4514.141703000001,4.237207157737997
27.100271,106533.758833,27.100271,110946.8125,4413.053667,4.142399287645344
27.027027,106237.115432,27.027027,110768.773438,4531.658005999998,4.265607163346421
26.954178,106029.585943,26.954178,110607.703125,4578.117182000002,4.317773328343593
26.88172,105610.079217,26.88172,110352.328125,4742.248907999994,4.490337421540951
26.809651,105390.544596,26.809651,110210.773438,4820.228841999997,4.573682449860823
26.737968,105304.165043,26.737968,109672.703125,4368.538081999999,4.148495057357082
26.666667,104933.969348,26.666667,109373.6875,4439.718152000001,4.230963699920897
26.595745,104914.87927,26.595745,109121.414062,4206.534791999991,4.009473986215446
26.525199,103713.906607,26.525199,109096.734375,5382.827768000003,5.190073293060872
26.455026,103686.393229,26.455026,108745.835938,5059.44270900001,4.879562835044142
26.385224,103664.116518,26.385224,108741.53125,5077.414732000005,4.897948202856071
26.315789,103636.819377,26.315789,108620.476562,4983.657184999989,4.80877087405676
26.246719,103614.521374,26.246719,108202.40625,4587.884875999996,4.427839664905536
26.17801,103552.041118,26.17801,107996.4375,4444.396382000006,4.291944740070852
26.109661,103241.243341,26.109661,107987.296875,4746.053534000006,4.597051895553078
26.041667,103107.914369,26.041667,107957.523438,4849.609068999998,4.703430477358256
25.974026,102660.182752,25.974026,107900.6875,5240.504748000007,5.104710129592978
25.906736,102433.46995,25.906736,107490.703125,5057.233175000001,4.937090559822436
25.839793,102374.98456,25.839793,107478.539062,5103.554501999999,4.9851577745625
25.773196,102179.433304,25.773196,107394.875,5215.441695999994,5.10419908131926
25.706941,101923.327918,25.706941,107362.15625,5438.828332000005,5.3361957886379905
25.641026,101493.75814,25.641026,106765.820312,5272.062171999991,5.194469363059484
25.575448,101244.023799,25.575448,106310.367188,5066.3433890000015,5.004091302275999
25.510204,101192.346176,25.510204,106282.765625,5090.419448999994,5.030439199567939
25.445293,100042.668207,25.445293,106176.359375,6133.691168000005,6.131075148164461
25.380711,99542.846492,25.380711,106074.828125,6531.981633000003,6.561979954556516
25.316456,98969.969533,25.316456,106065.9375,7095.967967000004,7.169819290117053
25.252525,98715.777314,25.252525,105977.578125,7261.800810999994,7.356271721288583
25.188917,98696.00034,25.188917,105937.789062,7241.7887219999975,7.337469296681326
25.125628,98670.698424,25.125628,105611.15625,6940.457825999998,7.03396037208129
25.062657,98601.818603,25.062657,105480.46875,6878.650146999993,6.976189936917357
25.0,98360.089221,25.0,105249.539062,6889.449840999994,7.0043143469710145
24.937656,97607.553442,24.937656,103897.53125,6289.977807999996,6.444150668869702
24.875622,97604.04725,24.875622,103828.945312,6224.898061999993,6.377704856905914
24.813896,97033.733631,24.813896,103461.59375,6427.8601190000045,6.6243561681794905
24.752475,96616.490786,24.752475,103283.546875,6667.056089000005,6.900536372995737
24.691358,96533.730609,24.691358,102892.226562,6358.495952999991,6.586812622786151
24.630542,96346.83772,24.630542,102689.78125,6342.943530000004,6.583447552719537
24.570025,96289.471501,24.570025,102629.578125,6340.106623999993,6.584423535790357
24.509804,95869.874489,24.509804,102611.296875,6741.422386000006,7.031846470992835
24.449878,95257.376585,24.449878,102539.984375,7282.607789999995,7.645190379037557
24.390244,95162.139741,24.390244,102311.15625,7149.016508999994,7.5124587661198685
24.3309,95154.20838,24.3309,102202.195312,7047.986932,7.406910374214602
24.271845,94858.485575,24.271845,101812.265625,6953.780050000001,7.330688454331252
24.213075,94803.274951,24.213075,101625.851562,6822.576610999997,7.196562159404634
24.154589,94620.379961,24.154589,101472.984375,6852.604414000001,7.242207669029085
24.096386,94591.679749,24.096386,100849.84375,6258.164000999997,6.615977237750825
24.038462,94340.240197,24.038462,100846.789062,6506.54886499999,6.896896649206216
23.980815,94227.752845,23.980815,100684.109375,6456.356530000005,6.85186299690325
23.923445,94078.783285,23.923445,100638.375,6559.591715000002,6.972445312274643
23.866348,93598.488116,23.866348,100331.359375,6732.871259000007,7.193354716003228
23.809524,93513.059214,23.809524,100016.851562,6503.792348000003,6.954956241049068
23.752969,93085.344233,23.752969,99806.0,6720.655767000004,7.219886032948075
23.696682,92983.286514,23.696682,99523.34375,6540.057235999993,7.033583648406847
23.640662,92783.856874,23.640662,99474.117188,6690.260313999999,7.21058656042434
23.584906,92737.25994,23.584906,99471.78125,6734.521309999996,7.261936911180207
23.529412,92664.945558,23.529412,99410.914062,6745.9685039999895,7.279957338104315
23.474178,92654.366911,23.474178,99175.78125,6521.414338999995,7.038431707449039
23.419204,92161.490003,23.419204,99080.6875,6919.197497000001,7.5076884030138515
23.364486,92156.310798,23.364486,98933.4375,6777.126701999994,7.353947486955035
23.310023,91963.60936,23.310023,98931.773438,6968.164078000002,7.577088509784868
23.255814,91846.990283,23.255814,98864.382812,7017.39252899999,7.64030754560157
23.201856,91638.348977,23.201856,98766.195312,7127.846334999995,7.778235219830279
23.148148,91443.529612,23.148148,98707.21875,7263.689138000002,7.943360420163395
23.094688,91361.883715,23.094688,98553.117188,7191.233473,7.871152805291083
23.041475,91174.255552,23.041475,98423.53125,7249.275697999998,7.951011668930459
22.988506,91102.118689,22.988506,98240.859375,7138.740686000005,7.835976581806942
22.93578,91097.421561,22.93578,98107.382812,7009.961251000001,7.695016094726721
22.883295,90758.661028,22.883295,97629.210938,6870.549910000002,7.57013141465404
22.83105,90743.961152,22.83105,97465.203125,6721.2419729999965,7.406820120780963
22.779043,90621.874627,22.779043,97202.460938,6580.586311000006,7.261587048475576
22.727273,90552.842048,22.727273,97157.601562,6604.75951399999,7.2938180234022445
22.675737,90482.078142,22.675737,96817.492188,6335.414046000005,7.00184409564222
22.624434,90408.036587,22.624434,96702.109375,6294.072788000005,6.961850987597982
22.573363,89900.055859,22.573363,96397.921875,6497.866016,7.227877617997598
22.522523,89815.425689,22.522523,96330.53125,6515.105561000004,7.253882627645254
22.47191,89803.354956,22.47191,96329.601562,6526.246606000001,7.267263688753718
22.421525,89528.179659,22.421525,96116.5625,6588.382840999999,7.359004579445494
22.371365,89503.358108,22.371365,96100.203125,6596.845017,7.370500008547008
22.321429,89416.024869,22.321429,95975.492188,6559.467319000003,7.335896813362066
22.271715,88877.834406,22.271715,95858.875,6981.0405940000055,7.85464749524627
22.222222,88783.402808,22.222222,95819.90625,7036.503442000001,7.925471675395126
22.172949,88705.627054,22.172949,95610.375,6904.747946000003,7.783889450211206
22.123894,88679.587718,22.123894,95574.242188,6894.654470000009,7.774793103374505
22.075055,88417.723274,22.075055,95493.414062,7075.690787999993,8.00257066795641
22.026432,88249.973621,22.026432,95446.835938,7196.862317000006,8.155087216125171
21.978022,88245.956447,21.978022,95376.859375,7130.902927999996,8.080713513805897
21.929825,88243.355961,21.929825,95241.8125,6998.456539000006,7.930859454272163
21.881838,87981.42664,21.881838,95186.25,7204.823359999995,8.189027656348987
21.834061,87917.829975,21.834061,95049.609375,7131.779399999999,8.111869232928028
21.786492,87867.04236,21.786492,94995.4375,7128.395139999993,8.112706366960948
21.73913,87849.623893,21.73913,94634.125,6784.501107000004,7.722857317253243
21.691974,87679.48527,21.691974,94618.65625,6939.170979999995,7.914246940012852
21.645022,87579.195298,21.645022,94551.71875,6972.523451999994,7.961392461160489
21.598272,87486.477428,21.598272,94381.046875,6894.569447000002,7.8807258558034
21.551724,87305.461295,21.551724,94321.953125,7016.491829999999,8.036715831890158
21.505376,87233.80379,21.505376,93789.71875,6555.914959999995,7.515337719059234
21.459227,87203.688679,21.459227,93635.195312,6431.506632999997,7.375269017202485
21.413276,87100.452012,21.413276,93498.171875,6397.719863000006,7.345220047903517
21.367521,87091.397379,21.367521,93205.742188,6114.344809000002,7.020607078322444
21.321962,86991.086873,21.321962,93042.648438,6051.561565000011,6.956530585524015
21.276596,86980.998892,21.276596,92829.75,5848.751107999997,6.724171005741267
21.231423,86674.867775,21.231423,92816.71875,6141.850974999994,7.086080582140229
21.186441,86313.560355,21.186441,90937.46875,4623.908395000006,5.357105391067501
21.141649,86228.55115,21.141649,90911.84375,4683.292600000001,5.431255120885793
21.097046,86224.001446,21.097046,90657.09375,4433.092304000005,5.1413669392000365
21.052632,86123.205974,21.052632,90566.390625,4443.184651000003,5.159102707278883
21.008403,86012.647518,21.008403,90562.304688,4549.657170000006,5.289521135886315
20.964361,85979.671188,20.964361,90550.476562,4570.805374000003,5.316146608662469
20.920502,85966.842485,20.920502,90205.734375,4238.891889999999,4.930845157817243
20.876827,85751.089698,20.876827,90186.59375,4435.504052000004,5.172533745776358
20.833333,85749.901812,20.833333,89651.054688,3901.1528760000074,4.549454627426843
20.790021,85600.313341,20.790021,89555.585938,3955.272597000003,4.620628643313091
20.746888,85332.529816,20.746888,89481.585938,4149.056122000009,4.862220926704618
20.703934,85199.056044,20.703934,89469.265625,4270.209581000003,5.012038606149235
20.661157,85196.822945,20.661157,89312.59375,4115.770804999993,4.830897048422787
20.618557,85194.836611,20.618557,89219.210938,4024.3743269999977,4.723730318746086
20.576132,85162.925063,20.576132,88981.257812,3818.332748999994,4.483562238116351
20.533881,84715.417107,20.533881,88690.78125,3975.364142999999,4.69261000979185
20.491803,84428.940116,20.491803,88648.070312,4219.130195999998,4.997255905620966
20.449898,84269.164925,20.449898,88572.34375,4303.178824999995,5.106469049301541
20.408163,83991.590067,20.408163,88421.179688,4429.589621000006,5.273848985912194
20.366599,83963.272471,20.366599,88421.0,4457.727528999996,5.309139815315853
20.325203,83845.007438,20.325203,88342.367188,4497.359750000003,5.363896894308966
20.283976,83811.9144,20.283976,88063.984375,4252.069975000006,5.0733478711709346
20.242915,83710.101862,20.242915,88020.875,4310.773138000004,5.1496450752222405
20.20202,83700.570901,20.20202,87998.6875,4298.116599000001,5.135110254007419
20.16129,83217.368525,20.16129,87970.71875,4753.350225000002,5.711968918570178
20.120724,83177.713662,20.120724,87938.148438,4760.434776000009,5.723209458899601
20.080321,83138.570156,20.080321,87883.296875,4744.726718999998,5.70701024818813
20.04008,83062.509072,20.04008,87832.671875,4770.162802999999,5.742859030257732
20.0,82923.788847,20.0,87802.585938,4878.797091,5.883471026633516
19.96008,82676.640939,19.96008,87778.265625,5101.624685999996,6.170575664490344
19.920319,82625.843785,19.920319,87705.367188,5079.523402999999,6.147620611557545
19.880716,82611.541939,19.880716,87623.945312,5012.403372999994,6.067437134512185
19.84127,82473.329569,19.84127,87581.703125,5108.373556000006,6.193970320703697
19.80198,82338.167922,19.80198,87559.578125,5221.410203000007,6.341421402461026
19.762846,82262.279809,19.762846,87514.453125,5252.173316,6.384667830984888
19.723866,82220.62132,19.723866,87409.53125,5188.909929999994,6.310959278457559
19.685039,82087.458199,19.685039,87402.257812,5314.799612999996,6.474557416695284
19.646365,82022.828037,19.646365,87351.476562,5328.648524999997,6.496543282555773
19.607843,81707.290452,19.607843,87313.25,5605.959547999999,6.861027353848298
19.569472,81357.05761,19.569472,87152.664062,5795.606451999993,7.12366772134545
19.53125,81240.746046,19.53125,87056.976562,5816.230515999996,7.159252959970037
19.493177,81146.272112,19.493177,86990.164062,5843.89194999999,7.201676426902412
19.455253,80942.01466,19.455253,86892.71875,5950.704089999999,7.351811188535592
19.417476,80752.879049,19.417476,86864.234375,6111.355326000004,7.567972062385167
19.379845,80634.616778,19.379845,86774.078125,6139.461347000004,7.613927606182992
19.34236,80582.411758,19.34236,86707.039062,6124.627303999994,7.600451724370186
19.305019,80508.332838,19.305019,86641.007812,6132.674973999994,7.617441273240931
19.267823,80498.526669,19.267823,86599.554688,6101.028019000005,7.57905550754572
19.230769,80461.652282,19.230769,86572.921875,6111.2695930000045,7.59525739240524
19.193858,80389.454167,19.193858,86494.34375,6104.8895829999965,7.594142348967538
19.157088,80319.856804,19.157088,86482.492188,6162.635384000008,7.672617493627184
19.120459,80314.102254,19.120459,86470.609375,6156.507121000002,7.665536871133215
19.083969,80284.031792,19.083969,86405.46875,6121.436958000006,7.624725392291502
19.047619,80272.65724,19.047619,86179.414062,5906.756821999996,7.358367126604411
19.011407,80214.482828,19.011407,85976.609375,5762.126547000007,7.183399236463887
18.975332,80191.58637,18.975332,85840.773438,5649.187067999999,7.044613186643958
18.939394,80179.361569,18.939394,85698.671875,5519.310305999999,6.883704482044601
18.903592,80165.256786,18.903592,85644.023438,5478.766652000006,6.834340550577283
18.867925,80116.750337,18.867925,85614.289062,5497.538724999991,6.861909278490898
18.832392,80046.776171,18.832392,85281.484375,5234.708203999995,6.539561559377913
18.796992,80043.782176,18.796992,85222.953125,5179.170949000007,6.47042257150226
18.761726,80041.716664,18.761726,85197.960938,5156.244273999997,6.44194613621911
18.726592,80002.275403,18.726592,85194.234375,5191.958971999993,6.489764129640367
18.691589,79966.053123,18.691589,85176.609375,5210.556251999995,6.5159602712733165
18.656716,79960.799833,18.656716,85044.75,5083.950167000003,6.358053168074797
18.621974,79793.053064,18.621974,84942.414062,5149.360997999989,6.453395126853732
18.587361,79781.049175,18.587361,84741.96875,4960.919575000007,6.218167881094437
18.552876,79697.519045,18.552876,84652.40625,4954.887205000006,6.2171159960478874
18.518519,79623.34909,18.518519,84490.648438,4867.2993480000005,6.112904573378829
18.484288,79375.833456,18.484288,84486.453125,5110.619669000007,6.438508355106534
18.450185,79165.35307,18.450185,84458.828125,5293.475055000003,6.686605755827777
18.416206,79140.576607,18.416206,84368.765625,5228.189018000005,6.606205365374569
18.382353,79045.990103,18.382353,84247.859375,5201.869271999996,6.58081360638504
18.348624,78897.699801,18.348624,84216.242188,5318.542387000009,6.741061400287614
18.315018,78642.194343,18.315018,84008.25,5366.055657000004,6.823379868567517
18.281536,78548.408467,18.281536,83971.539062,5423.130594999995,6.904189022847455
18.248175,78345.125505,18.248175,83942.648438,5597.522933,7.144698405828407
18.214936,78296.126091,18.214936,83888.3125,5592.186409000002,7.14235389181383
18.181818,78282.128297,18.181818,83849.625,5567.496702999997,7.1120916409899895
18.14882,78212.367376,18.14882,83592.023438,5379.656062000009,6.878267775910326
18.115942,78045.184345,18.115942,83486.453125,5441.2687799999985,6.9719468608681625
18.083183,78017.29636,18.083183,83417.117188,5399.820828000011,6.9213124267768595
18.050542,77956.105787,18.050542,83296.109375,5340.003588000007,6.850013265914713
18.018018,77826.551396,18.018018,83258.820312,5432.268916000001,6.979968684927751
17.985612,77808.540939,17.985612,83187.15625,5378.615311000001,6.912628415968762
17.953321,77649.179748,17.953321,83087.03125,5437.851502000005,7.00310231176662
17.921147,77548.857141,17.921147,82992.234375,5443.377234,7.019287497819347
17.889088,77545.002337,17.889088,82986.984375,5441.982038000002,7.017837222249206
17.857143,77325.343279,17.857143,82950.796875,5625.453596000007,7.275045098348457
17.825312,77260.400738,17.825312,82896.671875,5636.271137000003,7.295161665176093
17.793594,76948.236069,17.793594,82833.585938,5885.349868999998,7.648453258528974
17.761989,76660.3896,17.761989,82831.335938,6170.946338000009,8.049719509904511
17.730496,76636.834755,17.730496,82811.101562,6174.266806999993,8.056526377607428
17.699115,76620.593136,17.699115,82716.789062,6096.195926,7.956341339174151
17.667845,76533.537995,17.667845,82703.140625,6169.602629999994,8.06130592107614
17.636684,76436.878604,17.636684,82637.304688,6200.426084000006,8.111825335153775
17.605634,76358.840542,17.605634,82617.585938,6258.745395999998,8.196490873322613
17.574692,76348.075697,17.574692,82534.335938,6186.260241000011,8.102706171077855
17.54386,76172.655781,17.54386,82491.34375,6318.687969000006,8.295218151729584
17.513135,76122.749303,17.513135,82453.375,6330.625696999996,8.316338748882398
17.482517,76073.269496,17.482517,82411.84375,6338.5742540000065,8.332196441659832
17.452007,75971.69434,17.452007,82367.75,6396.055659999998,8.418998306626417
17.421603,75789.450183,17.421603,82361.421875,6571.971692000006,8.671354226916053
17.391304,75786.036198,17.391304,82321.96875,6535.932551999998,8.62419105140174
17.361111,75634.80795,17.361111,82319.109375,6684.301424999998,8.837599520869805
17.331023,75602.171414,17.331023,82249.375,6647.203586000003,8.792344798669466
17.301038,75586.982933,17.301038,81999.359375,6412.376441999993,8.48344012841986
17.271157,75271.123112,17.271157,81936.085938,6664.962826000003,8.854607916614771
17.241379,75254.107695,17.241379,81900.6875,6646.579805000001,8.832182067639625
17.211704,75238.22966,17.211704,81849.9375,6611.707840000003,8.78769725162085
17.182131,75202.205942,17.182131,81844.804688,6642.598746000003,8.83298390358806
17.152659,75012.609579,17.152659,81839.085938,6826.4763590000075,9.100438442700305
17.123288,74988.305735,17.123288,81657.84375,6669.538014999998,8.894104153478775
17.094017,74926.672613,17.094017,81633.132812,6706.460198999994,8.95069801596448
17.064846,74907.823396,17.064846,81551.945312,6644.121915999989,8.869730309577754
17.035775,74904.600314,17.035775,81494.859375,6590.259061000004,8.79820335917106
17.006803,74887.756212,17.006803,81406.046875,6518.290663000007,8.704080603706908
16.977929,74661.014134,16.977929,81365.070312,6704.056177999999,8.979326433964188
16.949153,74623.285038,16.949153,81356.421875,6733.136836999998,9.022836281693202
16.920474,74587.003284,16.920474,81333.039062,6746.03577799999,9.04451912662794
16.891892,74501.753352,16.891892,81176.015625,6674.262273,8.95853046768708
16.863406,74500.309398,16.863406,81083.578125,6583.268727000002,8.836565619923094
16.835017,74329.770184,16.835017,81030.1875,6700.417316000006,9.014446431642968
16.806723,74183.949793,16.806723,80785.429688,6601.479894999997,8.898798073465363
16.778523,73988.711544,16.778523,80663.515625,6674.804080999995,9.02138169689654
16.750419,73862.717417,16.750419,80524.101562,6661.384144999989,9.018601505536846
16.722408,73833.404309,16.722408,80472.023438,6638.619128999999,8.991349093449259
16.694491,73808.617165,16.694491,80389.875,6581.257834999997,8.916652401558371
16.666667,73744.883021,16.666667,80338.96875,6594.0857289999985,8.941753595462657
16.638935,73738.257265,16.638935,80238.375,6500.117735000007,8.815122537599354
16.611296,73691.344368,16.611296,80198.539062,6507.194693999991,8.830337877274088
16.583748,73578.357025,16.583748,80185.867188,6607.510162999999,8.980236077784314
16.556291,73537.187029,16.556291,80180.992188,6643.8051590000105,9.034619663082804
16.528926,73378.697676,16.528926,80105.609375,6726.911699000004,9.167390417178495
16.50165,73302.724042,16.50165,79985.1875,6682.463457999998,9.116255289736806
16.474465,73282.301752,16.474465,79931.320312,6649.018559999997,9.07315736683794
16.447368,73255.868961,16.447368,79908.234375,6652.365414,9.08099993673079
16.420361,73182.065436,16.420361,79571.445312,6389.379875999992,8.730800146092765
16.393443,73152.236058,16.393443,79448.710938,6296.474880000009,8.60735805123953
16.366612,73061.747849,16.366612,79431.203125,6369.455275999993,8.717907062891559
16.339869,72988.055245,16.339869,79416.539062,6428.483817,8.807583371582407
16.313214,72915.582967,16.313214,79255.914062,6340.331095000001,8.695440449086853
16.286645,72879.149577,16.286645,79054.015625,6174.866047999996,8.472747121556324
16.260163,72864.906575,16.260163,78855.640625,5990.734049999999,8.221700035851585
16.233766,72847.270043,16.233766,78837.429688,5990.159645000007,8.22290202702745
16.207455,72731.5512,16.207455,78833.390625,6101.839424999998,8.389535661381574
16.18123,72635.514405,16.18123,78826.5625,6191.048095000006,8.523444964511512
16.155089,72578.568578,16.155089,78648.15625,6069.587671999994,8.362782279836537
16.129032,72571.352761,16.129032,78538.648438,5967.295677000002,8.222660113078172
16.10306,72475.463712,16.10306,78386.773438,5911.309726000007,8.156291002828384
16.07717,72472.306664,16.07717,78363.171875,5890.865210999997,8.128436201584616
16.051364,72460.322912,16.051364,78319.195312,5858.872399999993,8.08562833361279
16.025641,72449.063844,16.025641,78171.789062,5722.725217999992,7.8989636502721075
16.0,72432.423948,16.0,78166.085938,5733.661990000008,7.915877555217901
15.974441,72116.685031,15.974441,78114.664062,5997.979030999995,8.317047613075545
15.948963,71875.503417,15.948963,78108.9375,6233.434083,8.672543198529677
15.923567,71800.703379,15.923567,78086.015625,6285.312246000001,8.753831021435795
15.898251,71741.094937,15.898251,78013.515625,6272.420687999998,8.74313487061798
15.873016,71736.028619,15.873016,77757.0,6020.971380999996,8.393232099560752
15.847861,71649.957644,15.847861,77713.046875,6063.089231000005,8.462097439226794
15.822785,71519.888599,15.822785,77651.71875,6131.830151000002,8.573601373151101
15.797788,71311.507667,15.797788,77625.695312,6314.187644999998,8.854374071692698
15.772871,71220.343711,15.772871,77553.390625,6333.046914000006,8.892188079993591
15.748031,71133.640304,15.748031,77521.609375,6387.9690709999995,8.980236416553518
15.72327,71071.936182,15.72327,77491.320312,6419.384129999991,9.032234767829209
15.698587,71020.67002,15.698587,77458.8125,6438.142479999995,9.065167194546266
15.673981,71010.914909,15.673981,77352.492188,6341.577279000005,8.930426100165999
15.649452,70911.298744,15.649452,77346.015625,6434.716881,9.074318190434298
15.625,70870.045766,15.625,77198.726562,6328.680796000001,8.929979835057752
15.600624,70858.110781,15.600624,77136.015625,6277.904844000004,8.859825325294125
15.576324,70853.792548,15.576324,77104.195312,6250.402763999999,8.82155003878678
15.5521,70655.815668,15.5521,77036.375,6380.559332000004,9.030480041418244
15.52795,70644.787344,15.52795,76880.859375,6236.072031000003,8.827363299480078
15.503876,70501.089109,15.503876,76499.804688,5998.715579000011,8.508684978930672
15.479876,70396.549869,15.479876,76482.140625,6085.590756000005,8.644728708046914
15.455951,70326.337692,15.455951,76388.710938,6062.373246000003,8.620345442344329
15.432099,70249.031312,15.432099,76352.570312,6103.53899999999,8.688431549884415
15.40832,70142.468117,15.40832,76227.773438,6085.305321000007,8.675636150768907
15.384615,70029.240971,15.384615,76222.648438,6193.407466999997,8.844030552272821
15.360983,69900.565769,15.360983,76203.171875,6302.606106000007,9.016530891649996
15.337423,69897.030234,15.337423,76107.664062,6210.633827999991,8.885404440228925
15.313936,69612.569215,15.313936,76054.804688,6442.235473000008,9.254414174978972
15.29052,69420.840832,15.29052,76002.023438,6581.182606000002,9.480125171526822
15.267176,69293.026485,15.267176,75860.296875,6567.270390000005,9.477534353939117
15.243902,69071.642954,15.243902,75796.640625,6724.997671000005,9.736264237233632
15.2207,69053.065315,15.2207,75658.054688,6604.989373000004,9.565092212590367
15.197568,69029.34629,15.197568,75626.34375,6596.997459999999,9.556801294749736
15.174507,69001.069995,15.174507,75467.3125,6466.242505000002,9.371220628127308
15.151515,68807.782634,15.151515,75463.898438,6656.115804000001,9.673492662021946
15.128593,68722.372294,15.128593,75376.179688,6653.807394000003,9.682156147832709
15.10574,68687.950478,15.10574,75286.414062,6598.463583999997,9.606435390896419
15.082956,68662.301142,15.082956,75092.5,6430.198858000003,9.364962652069812
15.060241,68647.853798,15.060241,75074.539062,6426.685264,9.361815276717707
15.037594,68511.162575,15.037594,74998.328125,6487.165550000005,9.468771666074746
15.015015,68408.887005,15.015015,74944.101562,6535.214556999999,9.553166033124235
14.992504,68271.574024,14.992504,74935.75,6664.175975999999,9.761274836958194
14.97006,68258.904035,14.97006,74892.5,6633.595965,9.718286659859936
14.947683,68198.122988,14.947683,74810.328125,6612.205136999997,9.69558229361161
14.925373,68170.030352,14.925373,74746.6875,6576.657147999998,9.647431743892497
14.90313,68159.864392,14.90313,74557.09375,6397.229357999997,9.385625125672707
14.880952,68038.434525,14.880952,74555.671875,6517.237349999996,9.578758528909576
14.858841,67958.287856,14.858841,74434.40625,6476.118394000005,9.529549078285427
14.836795,67903.569195,14.836795,74410.054688,6506.485493,9.581949181957135
14.814815,67872.848629,14.814815,74286.234375,6413.385746,9.449118278586226
14.792899,67620.376861,14.792899,74100.015625,6479.638764000003,9.58237600083109
14.771049,67545.105041,14.771049,74077.546875,6532.4418339999975,9.671229069870858
14.749263,67226.606532,14.749263,74017.671875,6791.065342999995,10.101752406270029
14.727541,67195.790807,14.727541,73975.203125,6779.412318000002,10.089043132882916
14.705882,67179.075139,14.705882,73969.335938,6790.260799000011,10.107702115502939
14.684288,67157.942209,14.684288,73922.84375,6764.901540999999,10.073122133413758
14.662757,67071.027534,14.662757,73867.890625,6796.8630910000065,10.13382877957924
14.641288,67065.492183,14.641288,73866.421875,6800.929692000005,10.140728816904037
14.619883,67041.169533,14.619883,73639.578125,6598.408592000007,9.842323214173703
14.59854,67007.866374,14.59854,73632.804688,6624.938313999999,9.886806837011257
14.577259,66988.11407,14.577259,73506.429688,6518.315618000008,9.730555500022914
14.556041,66976.377398,14.556041,73454.125,6477.747602000003,9.671690010205653
14.534884,66917.281552,14.534884,73395.046875,6477.765323,9.680257734268935
14.513788,66838.299281,14.513788,73328.757812,6490.458530999997,9.71068773565432
14.492754,66799.975994,14.492754,73156.6875,6356.711506000007,9.516038608413528
14.47178,66798.907502,14.47178,73138.1875,6339.279997999998,9.490095325002427
14.450867,66796.099109,14.450867,73107.757812,6311.658702999994,9.449142670293407
14.430014,66748.390937,14.430014,73106.46875,6358.077812999996,9.525439825210205
14.409222,66723.265342,14.409222,73043.859375,6320.594033000001,9.472848789103558
14.388489,66673.34737,14.388489,73026.46875,6353.121379999997,9.528727191007384
14.367816,66672.411877,14.367816,73001.867188,6329.455310999998,9.49336484583284
14.347202,66659.856852,14.347202,72926.34375,6266.486898000003,9.400690601411018
14.326648,66656.75282,14.326648,72757.375,6100.622180000006,9.152294286633097
14.306152,66633.565767,14.306152,72636.070312,6002.504545000003,9.008229525025238
14.285714,66579.677723,14.285714,72594.34375,6014.666026999999,9.033786633848827
14.265335,66497.048492,14.265335,72420.453125,5923.404632999998,8.907770746716103
14.245014,66422.748765,14.245014,72302.320312,5879.571547,8.851743802114541
14.224751,66396.137294,14.224751,72251.695312,5855.558017999996,8.81912451031868
14.204545,66371.03326,14.204545,72126.664062,5755.630802,8.671901760897793
14.184397,66245.696698,14.184397,71986.148438,5740.451740000004,8.665395680219802
14.164306,66119.478944,14.164306,71898.09375,5778.614805999998,8.739655693436731
14.144272,66018.422558,14.144272,71842.398438,5823.975879999998,8.821743468474102
14.124294,65898.524103,14.124294,71717.101562,5818.577458999993,8.829602086240206
14.104372,65870.432619,14.104372,71668.125,5797.692381000001,8.801661307637572
14.084507,65870.201705,14.084507,71650.625,5780.4232950000005,8.775475321736
14.064698,65806.984313,14.064698,71473.046875,5666.062562000006,8.610123410381975
14.044944,65683.309119,14.044944,71460.929688,5777.620569000006,8.796177669021752
14.025245,65548.77923,14.025245,71454.882812,5906.103581999996,9.010241916598385
14.005602,65488.567472,14.005602,71372.132812,5883.565339999994,8.984110612154625
13.986014,65412.9757,13.986014,70942.375,5529.399299999997,8.453061859407196
13.96648,65372.202104,13.96648,70936.960938,5564.758834,8.512423713594778
13.947001,65268.876038,13.947001,70921.75,5652.873961999998,8.660902876140925
13.927577,65237.242788,13.927577,70898.070312,5660.827523999993,8.677294260267645
13.908206,65227.250577,13.908206,70707.773438,5480.522861000005,8.402198180238047
13.888889,65193.632707,13.888889,70648.359375,5454.726668000003,8.366962296019311
13.869626,65188.30961,13.869626,70586.335938,5398.026328000007,8.280666211924508
13.850416,65130.458268,13.850416,70550.15625,5419.697981999998,8.32129563667267
13.831259,65034.310421,13.831259,70438.90625,5404.595828999998,8.31037615992745
13.812155,65007.196272,13.812155,70310.40625,5303.209977999999,8.157881407176156
13.793103,64993.018141,13.793103,70276.726562,5283.708420999996,8.129655418582319
13.774105,64935.283327,13.774105,70263.53125,5328.247923000003,8.205474204475403
13.755158,64893.988832,13.755158,70140.085938,5246.097106000001,8.084103320542207
13.736264,64829.344204,13.736264,70125.859375,5296.515170999999,8.169934828174927
13.717421,64683.228216,13.717421,70104.882812,5421.654595999993,8.381855305513177
13.69863,64627.501344,13.69863,70055.859375,5428.358031000003,8.399455213510233
13.679891,64606.195591,13.679891,69917.507812,5311.312220999993,8.221057086574353
13.661202,64528.362931,13.661202,69797.984375,5269.621443999997,8.166364687780455
13.642565,64508.991516,13.642565,69584.4375,5075.445983999998,7.867811703026156
13.623978,64491.703352,13.623978,69461.5,4969.796648000003,7.706102319665094
13.605442,64413.97165,13.605442,69322.484375,4908.5127250000005,7.620260945359671
13.586957,64286.910716,13.586957,69286.992188,5000.081472000005,7.777759759041531
13.568521,64260.210487,13.568521,69286.296875,5026.086388000003,7.8214595780335845
13.550136,64226.799449,13.550136,69234.53125,5007.731801000002,7.796950562633043
13.5318,64163.295206,13.5318,68988.90625,4825.6110439999975,7.520827957022924
13.513514,64153.7067,13.513514,68897.335938,4743.629238000001,7.3941623672385575
13.495277,64127.30788,13.495277,68655.90625,4528.59837,7.061887547929293
13.477089,64095.89127,13.477089,68498.789062,4402.897791999996,6.8692356167621735
13.45895,63928.68438,13.45895,68494.335938,4565.651558000005,7.141788701392958
13.44086,63869.812453,13.44086,68493.265625,4623.453172000001,7.2388707504069645
13.422819,63792.564125,13.422819,68172.007812,4379.443686999999,6.8651319273177105
13.404826,63718.602337,13.404826,68090.820312,4372.217975,6.8617606391864445
13.386881,63670.063074,13.386881,68049.265625,4379.202551000002,6.877961697494019
13.368984,63641.003097,13.368984,67948.632812,4307.6297149999955,6.768638936181468
13.351135,63580.363282,13.351135,67941.03125,4360.667968000002,6.8585137657345445
13.333333,63483.557271,13.333333,67776.710938,4293.153667000006,6.762623034297366
13.315579,63412.060989,13.315579,67730.75,4318.689011000002,6.810516711874668
13.297872,63114.556362,13.297872,67692.1875,4577.631137999997,7.252892837817831
13.280212,63084.31039,13.280212,67675.46875,4591.158360000001,7.277813344739016
13.262599,62949.563307,13.262599,67640.890625,4691.327318000003,7.4525176530943895
13.245033,62939.845072,13.245033,67552.375,4612.529928000004,7.328473596850299
13.227513,62927.849989,13.227513,67331.65625,4403.806260999998,6.998183255537568
13.21004,62910.428464,13.21004,67327.523438,4417.094974000007,7.021244461127228
13.192612,62757.053328,13.192612,67304.429688,4547.376360000002,7.246000439557161
13.175231,62708.833186,13.175231,67246.015625,4537.1824389999965,7.23531631587261
13.157895,62704.258234,13.157895,67153.882812,4449.624577999995,7.0962079822312365
13.140604,62684.269834,13.140604,67044.515625,4360.245791000001,6.955885108890588
13.12336,62648.223816,13.12336,66997.367188,4349.143372000006,6.942165487043321
13.10616,62619.85385,13.10616,66867.289062,4247.435211999997,6.7828890533253725
13.089005,62619.211014,13.089005,66776.28125,4157.070236,6.638649974479219
13.071895,62597.402845,13.071895,66764.382812,4166.979966999999,6.656793696885524
13.05483,62561.376413,13.05483,66725.390625,4164.014212000002,6.655886508172696
13.03781,62527.104581,13.03781,66524.601562,3997.4969809999966,6.393222599683128
13.020833,62504.372861,13.020833,66506.59375,4002.2208889999965,6.403105424160183
13.003901,62495.131928,13.003901,66434.578125,3939.4461969999975,6.3036048976400165
12.987013,62369.086096,12.987013,66369.210938,4000.1248420000047,6.4136338888194
12.970169,62362.672535,12.970169,66267.664062,3904.9915269999983,6.261744996269022
12.953368,62312.840584,12.953368,66250.414062,3937.5734779999984,6.3190402509287065
12.936611,62293.185489,12.936611,66240.929688,3947.7441990000007,6.337361250689468
12.919897,62210.52228,12.919897,66133.171875,3922.6495950000026,6.305443920474996
12.903226,61983.209374,12.903226,66109.140625,4125.931251000002,6.6565305228139735
12.886598,61945.938779,12.886598,66037.828125,4091.8893460000036,6.605581296617909
12.870013,61932.388214,12.870013,66010.257812,4077.8695979999975,6.584389389134171
12.85347,61851.191108,12.85347,65964.726562,4113.535453999997,6.65069723041751
12.83697,61845.757039,12.83697,65856.015625,4010.2585860000036,6.484290560904818
12.820513,61578.302252,12.820513,65748.585938,4170.2836860000025,6.772326507044217
12.804097,61490.086427,12.804097,65731.453125,4241.366697999998,6.897643090866813
12.787724,61435.448514,12.787724,65686.429688,4250.9811740000005,6.919427263611953
12.771392,61383.106087,12.771392,65475.773438,4092.6673509999964,6.66741651228816
12.755102,61350.666673,12.755102,65467.726562,4117.059889000004,6.710701141919119
12.738854,61283.946347,12.738854,65427.449219,4143.502872000005,6.761155439531905
12.722646,61263.722046,12.722646,65322.40625,4058.6842039999974,6.624938982571979
12.70648,61250.853368,12.70648,65099.507812,3848.654444000007,6.283429915460909
12.690355,61178.454864,12.690355,64958.539062,3780.084198000004,6.17878337464251
12.674271,61148.872823,12.674271,64879.503906,3730.631083,6.100899183863278
12.658228,61141.871755,12.658228,64793.597656,3651.725900999998,5.9725451579773905
12.642225,61109.507156,12.642225,64694.105469,3584.5983130000022,5.865860288889682
12.626263,61060.291522,12.626263,64614.222656,3553.9311339999986,5.8203638492612155
12.61034,61055.25713,12.61034,64590.875,3535.617870000002,5.790849201522316
12.594458,60988.247362,12.594458,64539.101562,3550.8542000000016,5.822194199029296
12.578616,60950.755142,12.578616,64450.339844,3499.584702,5.741659301590019
12.562814,60836.732305,12.562814,64423.480469,3586.748164000004,5.895694966025024
12.547051,60782.812778,12.547051,64421.800781,3638.9880029999986,5.986870032308064
12.531328,60761.408238,12.531328,64400.414062,3639.005824,5.989008368183567
12.515645,60694.487183,12.515645,64384.824219,3690.3370360000044,6.080184885446459
12.5,60603.832023,12.5,64299.28125,3695.4492269999973,6.097715447428345
12.484395,60571.829475,12.484395,64087.050781,3515.2213059999995,5.803392990549919
12.468828,60551.752582,12.468828,64035.949219,3484.196637000001,5.7540805813698865
12.4533,60506.231445,12.4533,64032.195312,3525.963867000006,5.827439228643908
12.437811,60441.698593,12.437811,63981.328125,3539.629531999999,5.856270777290725
12.42236,60427.023287,12.42236,63828.046875,3401.0235879999964,5.628315616089064
12.406948,60314.628563,12.406948,63773.75,3459.1214370000016,5.735128474490845
12.391574,60293.826115,12.391574,63764.699219,3470.8731039999984,5.756597860251746
12.376238,60238.513878,12.376238,63692.675781,3454.161903,5.734141964384536
12.360939,60183.441091,12.360939,63432.71875,3249.2776589999994,5.398956257896502
12.345679,60162.538352,12.345679,63410.507812,3247.9694600000003,5.398657618128952
12.330456,60010.883416,12.330456,63328.261719,3317.378303000005,5.527961119991664
12.315271,59826.730928,12.315271,63303.515625,3476.784697000003,5.811423494264174
12.300123,59804.680136,12.300123,63273.546875,3468.8667389999973,5.800326548209192
12.285012,59804.533942,12.285012,63202.707031,3398.1730889999963,5.6821328835964735
12.269939,59760.394358,12.269939,63142.8125,3382.4181420000023,5.659966234053482
12.254902,59758.497729,12.254902,63076.335938,3317.838208999994,5.552077671105663
12.239902,59733.657692,12.239902,63068.710938,3335.053245999996,5.583206143505008
12.224939,59702.745205,12.224939,63048.28125,3345.5360450000007,5.6036552984498575
12.210012,59683.53891,12.210012,63043.871094,3360.332183999999,5.630249555186772
12.195122,59571.579139,12.195122,62823.5,3251.9208609999987,5.458846161207515
12.180268,59562.898736,12.180268,62816.898438,3253.9997019999937,5.463131867410722
12.16545,59558.611982,12.16545,62769.851562,3211.2395800000013,5.391730050677663
12.150668,59503.281736,12.150668,62742.789062,3239.5073260000063,5.444249848895438
12.135922,59407.727314,12.135922,62692.9375,3285.2101859999966,5.529937492198603
12.121212,59390.285065,12.121212,62620.789062,3230.503997000007,5.439448545270268
12.106538,59350.976317,12.106538,62615.742188,3264.765870999996,5.500778712657611
12.091898,59225.311201,12.091898,62502.96875,3277.657549000003,5.534217520404791
12.077295,59137.957972,12.077295,62498.640625,3360.6826530000035,5.682784404884564
12.062726,59075.305012,12.062726,62457.085938,3381.7809259999995,5.724525544663809
12.048193,59047.469298,12.048193,62419.09375,3371.6244519999964,5.71002363367027
12.033694,59004.509236,12.033694,62133.410156,3128.90092,5.302816616074804
12.019231,58926.481458,12.019231,61967.234375,3040.752916999998,5.1602485703601735
12.004802,58891.424951,12.004802,61931.21875,3039.793798999999,5.161691708986883
11.990408,58867.60603,11.990408,61885.449219,3017.8431889999993,5.1264921278810816
11.976048,58864.484981,11.976048,61779.660156,2915.1751749999967,4.952349750347673
11.961722,58824.773806,11.961722,61538.417969,2713.6441630000045,4.613097488397344
11.947431,58713.290984,11.947431,61431.730469,2718.4394850000026,4.630024036194473
11.933174,58586.092244,11.933174,61422.445312,2836.353068000004,4.841341962503882
11.918951,58532.07656,11.918951,61377.0625,2844.9859399999987,4.860558700806836
11.904762,58459.302131,11.904762,61371.796875,2912.4947440000033,4.982089484191012
11.890606,58452.33357,11.890606,61300.371094,2848.0375239999994,4.8724103043539095
11.876485,58378.283582,11.876485,61267.8125,2889.5289180000036,4.9496640543418495
11.862396,58377.344932,11.862396,61238.757812,2861.4128800000035,4.901581055687062
11.848341,58319.233929,11.848341,61213.628906,2894.3949769999963,4.963019542615632
11.83432,58260.863063,11.83432,61203.507812,2942.6447490000064,5.050808714965306
11.820331,58212.596776,11.820331,61175.898438,2963.301661999998,5.090481830595322
11.806375,58199.667296,11.806375,61158.882812,2959.215516000004,5.084591808660369
11.792453,58169.321442,11.792453,61132.992188,2963.670745999996,5.094903417353837
11.778563,58112.193004,11.778563,61122.523438,3010.330433999996,5.1802044947654755
11.764706,58093.024714,11.764706,61117.253906,3024.229191999999,5.205838750673937
11.750881,58029.225907,11.750881,61100.207031,3070.981123999998,5.292128364630742
11.737089,58001.482626,11.737089,60862.4375,2860.9548740000027,4.932554728726087
11.723329,57989.386804,11.723329,60862.4375,2873.0506959999984,4.954442277016492
11.709602,57930.111503,11.709602,60833.777344,2903.665841000002,5.0123601796444515
11.695906,57863.511322,11.695906,60747.636719,2884.1253970000034,4.984359454009567
11.682243,57860.506582,11.682243,60724.554688,2864.0481059999947,4.949918822333609
11.668611,57806.456417,11.668611,60722.707031,2916.250613999997,5.044852763440403
11.655012,57761.775418,11.655012,60722.707031,2960.9316130000007,5.126109077452805
11.641444,57756.34866,11.641444,60718.871094,2962.5224339999986,5.129345089731645
11.627907,57752.073499,11.627907,60642.023438,2889.9499389999983,5.004062649023396
11.614402,57599.50076,11.614402,60622.78125,3023.2804899999974,5.248796343907751
11.600928,57386.462919,11.600928,60458.378906,3071.9159870000003,5.353032458780317
11.587486,57279.08112,11.587486,60429.484375,3150.4032549999974,5.500093914565222
11.574074,57233.900648,11.574074,60412.257812,3178.357164000001,5.5532772151028755
11.560694,57186.016464,11.560694,60388.996094,3202.9796300000016,5.600983995827645
11.547344,57172.578126,11.547344,60342.757812,3170.179686000003,5.544930436779309
11.534025,57094.984372,11.534025,60307.429688,3212.4453159999975,5.626493029701949
11.520737,57071.871195,11.520737,60302.476562,3230.6053670000038,5.660591284911354
11.50748,57069.916321,11.50748,60189.578125,3119.661804000003,5.466385803779534
11.494253,57034.819482,11.494253,60102.4375,3067.618018000001,5.378500442116997
11.481056,56986.466199,11.481056,59976.769531,2990.303331999996,5.247392111589593
11.46789,56971.788869,11.46789,59951.496094,2979.7072249999983,5.230145101905591
11.454754,56922.758821,11.454754,59901.773438,2979.0146169999935,5.233433302781123
11.441648,56899.03868,11.441648,59853.0,2953.961320000002,5.191583880024882
11.428571,56879.328252,11.428571,59848.136719,2968.8084670000026,5.219485810111713
11.415525,56874.207173,11.415525,59821.417969,2947.2107959999994,5.181981327731166
11.402509,56667.82948,11.402509,59578.234375,2910.4048949999997,5.135903248292191
11.389522,56654.060152,11.389522,59564.464844,2910.4046920000037,5.137151131254377
11.376564,56645.605272,11.376564,59515.820312,2870.215040000003,5.066968613395246
11.363636,56617.01594,11.363636,59498.429688,2881.413747999999,5.08930698688462
11.350738,56592.223519,11.350738,59446.25,2854.026481000001,5.0431425088675015
11.337868,56557.920821,11.337868,59410.527344,2852.606523000002,5.043690577007257
11.325028,56548.68365,11.325028,59361.664062,2812.9804120000044,4.974440129164712
11.312217,56496.083448,11.312217,59353.910156,2857.8267080000005,5.058451017459281
11.299435,56393.991953,11.299435,59321.832031,2927.840078000001,5.191758867576049
11.286682,56366.867636,11.286682,59248.183594,2881.3159579999992,5.111719133670256
11.273957,56292.548791,11.273957,59203.265625,2910.716833999999,5.170696471404687
11.261261,56226.442577,11.261261,59195.210938,2968.768360999995,5.280021685409634
11.248594,56137.522804,11.248594,59154.585938,3017.0631339999964,5.374414443853977
11.235955,56125.553094,11.235955,59094.371094,2968.8179999999993,5.289601324779417
11.223345,55795.2792,11.223345,59072.144531,3276.865331000001,5.873015384068552
11.210762,55784.798179,11.210762,59062.035156,3277.2369770000005,5.87478503818215
11.198208,55772.392919,11.198208,58842.9375,3070.544581000002,5.505491911490064
11.185682,55771.598622,11.185682,58820.539062,3048.9404400000058,5.4668335054633035
11.173184,55722.325567,11.173184,58794.050781,3071.7252139999982,5.51255745833254
11.160714,55615.112187,11.160714,58759.65625,3144.544063000001,5.654117989417697
11.148272,55537.189968,11.148272,58708.328125,3171.1381570000012,5.709936276623251
11.135857,55466.650877,11.135857,58702.195312,3235.5444350000034,5.8333149448214945
11.123471,55408.885926,11.123471,58456.003906,3047.1179799999954,5.49933089084213
11.111111,55379.184874,11.111111,58250.320312,2871.135438000005,5.184502885935354
11.098779,55375.574595,11.098779,58241.171875,2865.597280000002,5.174839811519976
11.086475,55355.094833,11.086475,58174.320312,2819.2254790000006,5.0929828365487975
11.074197,55313.835874,11.074197,58149.867188,2836.031314,5.127164423129553
11.061947,55297.167768,11.061947,58143.632812,2846.465044000004,5.147578364125964
11.049724,55286.655733,11.049724,58063.582031,2776.9262979999985,5.0227785732072805
11.037528,55280.740329,11.037528,57970.632812,2689.8924830000033,4.865876373925657
11.025358,55256.568582,11.025358,57907.515625,2650.947043,4.79752382572586
11.013216,55084.47961,11.013216,57857.6875,2773.207889999998,5.0344632637621425
11.0011,55064.552058,11.0011,57707.289062,2642.7370040000023,4.7993435072646795
10.989011,55009.464437,10.989011,57677.050781,2667.5863439999957,4.84932251441035
10.976948,54959.076876,10.976948,57663.027344,2703.9504680000027,4.919934288744917
10.964912,54909.666316,10.964912,57648.636719,2738.9704029999994,4.988138859262921
10.952903,54889.527919,10.952903,57602.523438,2712.9955189999964,4.94264684331689
10.940919,54821.129034,10.940919,57474.222656,2653.0936220000003,4.839545753161258
10.928962,54802.483431,10.928962,57404.234375,2601.7509439999994,4.747505552874768
10.917031,54792.384957,10.917031,57399.507812,2607.1228550000014,4.758184658408318
10.905125,54683.331924,10.905125,57283.011719,2599.6797950000037,4.754062533375054
10.893246,54379.892731,10.893246,57161.71875,2781.826019,5.115541571148011
10.881393,54291.960016,10.881393,56992.097656,2700.137640000001,4.973365557633694
10.869565,54253.426533,10.869565,56954.628906,2701.202373,4.978860406829744
10.857763,54189.858143,10.857763,56854.371094,2664.5129510000043,4.916995619307031
10.845987,54087.762296,10.845987,56731.292969,2643.530673000001,4.887483897989806
10.834236,54061.315223,10.834236,56700.960938,2639.6457149999987,4.8826886732437105
10.822511,54058.560362,10.822511,56675.375,2616.8146380000035,4.840703526835818
10.810811,54049.029955,10.810811,56520.515625,2471.485670000002,4.572673500445253
10.799136,53995.004351,10.799136,56400.917969,2405.9136179999987,4.455807804663026
10.787487,53975.422486,10.787487,56323.59375,2348.171263999997,4.350445361699687
10.775862,53973.165447,10.775862,56268.371094,2295.2056470000025,4.252494045867708
10.764263,53957.076835,10.764263,56239.003906,2281.9270709999983,4.229152513169125
10.752688,53947.863652,10.752688,56145.3125,2197.448848,4.073282423517311
10.741139,53909.294943,10.741139,56116.757812,2207.4628690000027,4.0947722861781495
10.729614,53781.299597,10.729614,55979.339844,2198.0402470000045,4.086997271301741
10.718114,53759.448443,10.718114,55909.320312,2149.8718690000023,3.999058642276559
10.706638,53756.763376,10.706638,55884.265625,2127.5022489999974,3.957645727513856
10.695187,53743.290953,10.695187,55877.625,2134.3340469999966,3.971349742736318
10.683761,53684.906728,10.683761,55844.933594,2160.026866,4.02352727731091
10.672359,53658.577949,10.672359,55837.996094,2179.4181450000033,4.061639775603893
10.660981,53597.943923,10.660981,55817.460938,2219.5170149999976,4.14104880252236
10.649627,53586.675918,10.649627,55652.695312,2066.0193940000026,3.8554722020106076
10.638298,53535.189992,10.638298,55651.082031,2115.8920389999985,3.9523387127535843
10.626993,53434.384583,10.626993,55648.855469,2214.470886000003,4.144280697310643
10.615711,53421.767632,10.615711,55644.242188,2222.4745559999938,4.160241516734681
10.604454,53285.3592,10.604454,55606.503906,2321.144705999999,4.356064669260968
10.59322,53262.645305,10.59322,55575.265625,2312.620320000002,4.341917880265151
10.582011,53087.560855,10.582011,55532.832031,2445.2711759999947,4.606109485193439
10.570825,52992.445515,10.570825,55460.25,2467.8044850000006,4.656898659831552
10.559662,52986.689796,10.559662,55383.492188,2396.802391999998,4.523404653560627
10.548523,52965.752507,10.548523,55297.464844,2331.7123370000045,4.402301915170267
10.537408,52879.109619,10.537408,55285.917969,2406.8083499999993,4.5515296443932725
10.526316,52722.015997,10.526316,55282.246094,2560.2300969999997,4.856092940652502
10.515247,52531.907376,10.515247,55173.597656,2641.6902799999953,5.02873474799221
10.504202,52529.76777,10.504202,55105.863281,2576.0955109999995,4.904067960626356
10.493179,52357.771976,10.493179,55097.691406,2739.9194299999945,5.233071092589523
10.48218,52328.843248,10.48218,55044.800781,2715.9575330000007,5.1901730755414786
10.471204,52324.437194,10.471204,55010.769531,2686.332337,5.133991842167467
10.460251,52288.29896,10.460251,54892.4375,2604.13854,4.980346639297137
10.449321,52274.12784,10.449321,54874.675781,2600.547940999997,4.974827985575812
10.438413,52082.276008,10.438413,54824.480469,2742.204461000001,5.265139450854241
10.427529,52071.351739,10.427529,54769.964844,2698.613105000004,5.182529384922454
10.416667,51941.373512,10.416667,54735.535156,2794.161644,5.379452746574877
10.405827,51920.173826,10.405827,54653.539062,2733.365236000005,5.264553322106217
10.39501,51902.35077,10.39501,54651.253906,2748.903136000001,5.296297942614365
10.384216,51807.019749,10.384216,54359.808594,2552.7888450000028,4.927496036961821
10.373444,51798.270875,10.373444,54352.898438,2554.6275629999946,4.931878072078588
10.362694,51741.047765,10.362694,54269.875,2528.827234999997,4.88746815968155
10.351967,51476.9415,10.351967,54251.402344,2774.460844000001,5.389715789544336
10.341262,51390.82071,10.341262,54158.910156,2768.089445999998,5.386349950743953
10.330579,51315.535712,10.330579,54087.082031,2771.546319000001,5.4009887659652405
10.319917,51258.228319,10.319917,54068.523438,2810.295118999995,5.482622422122024
10.309278,51255.202154,10.309278,53901.117188,2645.915033999998,5.162237046788252
10.298661,51232.476872,10.298661,53759.796875,2527.3200030000007,4.933042783221852
10.288066,51207.696632,10.288066,53745.324219,2537.6275870000027,4.955558937236447
10.277492,51128.956954,10.277492,53672.136719,2543.1797650000008,4.974049768486503
10.26694,51128.547766,10.26694,53621.308594,2492.7608279999986,4.875477471819884
10.25641,51041.999327,10.25641,53518.605469,2476.606142000004,4.852094695847736
10.245902,50994.059891,10.245902,53431.558594,2437.4987030000048,4.779965957231426
10.235415,50990.268179,10.235415,53286.285156,2296.0169769999993,4.502853307105371
10.224949,50979.544614,10.224949,53267.417969,2287.8733550000034,4.4878261905299714
10.214505,50825.47827,10.214505,53223.15625,2397.6779800000004,4.7174725386012595
10.204082,50816.158169,10.204082,53164.125,2347.966830999998,4.620512285071477
10.19368,50739.715952,10.19368,53108.253906,2368.5379539999994,4.6680157930735104
10.183299,50717.138639,10.183299,53039.992188,2322.8535489999995,4.5800169554790156
10.17294,50709.796168,10.17294,52903.449219,2193.653051000001,4.325896013725821
10.162602,50629.284434,10.162602,52888.160156,2258.875721999997,4.4615991461318245
10.152284,50588.579324,10.152284,52836.109375,2247.5300510000015,4.442761747874859
10.141988,50538.509848,10.141988,52827.40625,2288.8964019999985,4.529014426590932
10.131712,50503.789683,10.131712,52709.632812,2205.8431290000008,4.367678431352461
10.121457,50490.771927,10.121457,52688.042969,2197.2710420000003,4.351826993607533
10.111223,50467.927394,10.111223,52258.746094,1790.8187000000034,3.548429254919054
10.10101,50439.556113,10.10101,52079.78125,1640.2251370000013,3.2518627509833675
10.090817,50422.236098,10.090817,52013.976562,1591.7404640000022,3.1568224402152976
10.080645,50410.158742,10.080645,51920.480469,1510.3217270000023,2.9960661991362754
10.070493,50380.912056,10.070493,51891.152344,1510.2402880000009,2.9976438027190144
10.060362,50265.150801,10.060362,51866.679688,1601.5288869999931,3.1861615084782184
10.050251,50176.123622,10.050251,51866.265625,1690.1420030000008,3.3684188434575457
10.040161,50020.56362,10.040161,51822.644531,1802.0809109999973,3.602680139092757
10.03009,49937.415885,10.03009,51783.449219,1846.0333339999997,3.6966937541405778
10.02004,49902.460287,10.02004,51685.695312,1783.2350250000018,3.5734410983831775
10.01001,49891.265903,10.01001,51641.066406,1749.8005029999986,3.5072281116338275
10.0,49844.012005,10.0,51604.167969,1760.155964000005,3.531328826065283
9.99001,49837.163723,9.99001,51527.808594,1690.644871000004,3.3923376546803095
9.98004,49702.181485,9.98004,51521.570312,1819.3888270000025,3.660581432525431
9.97009,49697.138831,9.97009,51473.539062,1776.400231000007,3.574451714495739
9.960159,49662.847774,9.960159,51415.992188,1753.1444139999949,3.530092398200771
9.950249,49649.979691,9.950249,51330.144531,1680.1648399999976,3.3840191888428093
9.940358,49619.329362,9.940358,51303.902344,1684.5729820000051,3.3949934504558272
9.930487,49614.232428,9.930487,51275.628906,1661.396477999995,3.348628804065462
9.920635,49612.268688,9.920635,51270.671875,1658.4031870000035,3.3427279801077328
9.910803,49579.567354,9.910803,51203.195312,1623.6279580000046,3.2747925095982366
9.90099,49528.415232,9.90099,51181.3125,1652.8972680000006,3.3372706561627963
9.891197,49515.163903,9.891197,51153.601562,1638.437659000003,3.3089613965727662
9.881423,49472.104108,9.881423,51086.792969,1614.6888610000024,3.2638370453681502
9.871668,49443.159822,9.871668,51044.441406,1601.2815839999967,3.2386311671114068
9.861933,49436.486906,9.861933,51007.039062,1570.5521560000052,3.176908907354804
9.852217,49325.426558,9.852217,51000.585938,1675.1593799999973,3.396137645216788
9.84252,49315.755038,9.84252,50972.820312,1657.0652740000005,3.360113360777215
9.832842,49297.425367,9.832842,50947.132812,1649.707445,3.3464373295736536
9.823183,49273.023016,9.823183,50917.148438,1644.1254219999973,3.3367658839728884
9.813543,49156.53788,9.813543,50486.183594,1329.6457139999984,2.704921402817066
9.803922,49122.98213,9.803922,50447.300781,1324.3186510000014,2.6959247862747815
9.794319,49095.350749,9.794319,50379.054688,1283.703938999999,2.6147158934925145
9.784736,48974.502941,9.784736,50341.066406,1366.5634649999993,2.7903569876886958
9.775171,48969.072934,9.775171,50320.917969,1351.8450349999985,2.760609817592424
9.765625,48856.370108,9.765625,50230.890625,1374.5205169999972,2.813390585427315
9.756098,48790.198322,9.756098,50222.8125,1432.6141780000034,2.9362745536412858
9.746589,48785.565747,9.746589,50213.765625,1428.1998779999994,2.927505003030173
9.737098,48704.340738,9.737098,50158.460938,1454.1201999999976,2.985606986905516
9.727626,48645.198032,9.727626,50140.753906,1495.5558739999979,3.074416251766895
9.718173,48629.749813,9.718173,50125.40625,1495.6564369999978,3.0755996951482767
9.708738,48597.715034,9.708738,50105.054688,1507.3396539999958,3.1016677490812663
9.699321,48534.323557,9.699321,50041.414062,1507.0905050000001,3.1052055422798523
9.689922,48308.977986,9.689922,50026.105469,1717.1274830000038,3.5544686610791674
9.680542,48278.69792,9.680542,49903.589844,1624.8919240000032,3.3656498497381246
9.67118,48220.065089,9.67118,49751.6875,1531.6224109999966,3.176317593460469
9.661836,48113.697903,9.661836,49662.519531,1548.8216279999979,3.219086654121892
9.65251,47976.846277,9.65251,49608.011719,1631.165442000005,3.3999013452911813
9.643202,47944.278518,9.643202,49442.214844,1497.9363260000027,3.124327599251752
9.633911,47899.668182,9.633911,49205.78125,1306.1130679999987,2.726768509204031
9.624639,47832.442108,9.624639,49159.066406,1326.6242979999952,2.7734822633655924
9.615385,47795.253881,9.615385,49039.46875,1244.214869000003,2.603218453651974
9.606148,47662.93084,9.606148,49021.242188,1358.3113479999956,2.84982757892023
9.596929,47638.166042,9.596929,48879.597656,1241.431614000001,2.605960130592554
9.587728,47484.260242,9.587728,48869.957031,1385.6967890000014,2.9182233901042176
9.578544,47481.36519,9.578544,48733.914062,1252.5488720000067,2.6379799043010768
9.569378,47444.104669,9.569378,48699.84375,1255.7390809999997,2.6467758001986286
9.560229,47373.605864,9.560229,48630.738281,1257.1324170000007,2.6536557521269812
9.551098,47200.780216,9.551098,48605.789062,1405.0088460000043,2.97666445251627
9.541985,47196.395178,9.541985,48508.070312,1311.6751340000046,2.779184997186873
9.532888,47180.536989,9.532888,48492.277344,1311.7403550000017,2.7802573660953245
9.52381,47127.080675,9.52381,48492.101562,1365.020887000006,2.8964681610845524
9.514748,47095.756022,9.514748,48409.664062,1313.908040000002,2.7898650557520126
9.505703,47082.958089,9.505703,48374.472656,1291.5145669999984,2.7430616499470437
9.496676,46955.113407,9.496676,48204.421875,1249.308468000003,2.660644128726048
9.487666,46834.62704,9.487666,48168.515625,1333.8885850000006,2.8480820053520826
9.478673,46784.552605,9.478673,48120.441406,1335.888801000001,2.8554057410334854
9.469697,46769.081791,9.469697,48106.324219,1337.242428000005,2.8592445624137466
9.460738,46651.773268,9.460738,47875.4375,1223.6642320000028,2.6229747473272464
9.451796,46570.072559,9.451796,47792.152344,1222.0797850000017,2.6241741054874654
9.442871,46471.863257,9.442871,47738.972656,1267.1093990000008,2.7266163011209534
9.433962,46454.117771,9.433962,47594.105469,1139.9876980000045,2.454007852693883
9.425071,46377.895744,9.425071,47427.570312,1049.6745680000022,2.263307877947008
9.416196,46369.228305,9.416196,47398.839844,1029.611539000005,2.220462959244422
9.407338,46354.273138,9.407338,47384.78125,1030.5081120000032,2.2231135173495367
9.398496,46343.01229,9.398496,47352.175781,1009.1634909999993,2.1775958038397927
9.389671,46329.922792,9.389671,47308.167969,978.2451770000043,2.111475949122286
9.380863,46263.554781,9.380863,47270.246094,1006.691313000003,2.175992134122477
9.372071,46017.772529,9.372071,47238.875,1221.1024709999983,2.6535453671306453
9.363296,45982.817629,9.363296,47113.601562,1130.783933000006,2.4591445050702028
9.354537,45969.457683,9.354537,46987.339844,1017.8821610000014,2.2142574924838088
9.345794,45947.327213,9.345794,46968.082031,1020.7548180000013,2.2215760522218067
9.337068,45885.007866,9.337068,46952.660156,1067.6522899999982,2.3267998408497825
9.328358,45781.829656,9.328358,46764.191406,982.3617499999964,2.145745937594374
9.319664,45751.632329,9.319664,46725.855469,974.2231400000019,2.1293735117347574
9.310987,45532.042327,9.310987,46704.027344,1171.985016999999,2.5739785810245213
9.302326,45518.363138,9.302326,46648.976562,1130.6134240000029,2.48386221747973
9.29368,45446.397151,9.29368,46520.839844,1074.4426930000045,2.3641977370176694
9.285051,45304.018323,9.285051,46441.347656,1137.3293330000015,2.510438091586681
9.276438,45248.748076,9.276438,46325.828125,1077.0800489999965,2.380353257930867
9.267841,45163.666955,9.267841,46270.984375,1107.3174199999994,2.451788117876487
9.259259,45142.211724,9.259259,46232.058594,1089.8468700000012,2.4142522671758697
9.250694,45126.012575,9.250694,46221.421875,1095.4092999999993,2.427445363534869
9.242144,45036.219214,9.242144,46071.199219,1034.980005000005,2.298105886913061
9.23361,44982.52723,9.23361,46053.101562,1070.5743320000038,2.379978178029113
9.225092,44862.836724,9.225092,45989.492188,1126.6554639999958,2.511333536332703
9.21659,44844.780935,9.21659,45959.046875,1114.2659399999975,2.4847170992206733
9.208103,44800.498533,9.208103,45928.582031,1128.083498,2.5180155019236112
9.199632,44766.065247,9.199632,45920.269531,1154.2042839999995,2.5783018400915827
9.191176,44751.237127,9.191176,45760.636719,1009.3995920000016,2.255579190214152
9.182736,44671.334787,9.182736,45706.480469,1035.1456820000021,2.3172481568678007
9.174312,44576.582511,9.174312,45606.230469,1029.6479580000014,2.309840503690293
9.165903,44546.813798,9.165903,45603.441406,1056.6276079999952,2.3719487835680724
9.157509,44483.289686,9.157509,45556.03125,1072.7415640000036,2.411560771634257
9.149131,44453.230549,9.149131,45514.164062,1060.9335130000036,2.3866285979610766
9.140768,44441.81142,9.140768,45421.347656,979.5362359999999,2.204087107842734
9.13242,44427.347366,9.13242,45094.851562,667.5041960000017,1.5024624146496735
9.124088,44425.855612,9.124088,45045.8125,619.9568880000006,1.3954866585226604
9.11577,44369.165838,9.11577,44678.382812,309.21697400000266,0.6969186103904023
9.107468,44365.120321,9.107468,44522.179688,157.05936699999438,0.35401541991457447
9.099181,44299.981355,9.099181,44318.027344,18.04598899999837,0.040735883962085634
9.090909,44286.832274,9.090909,44299.980469,13.148195000001579,0.029688723091898912
9.082652,44274.143589,9.082652,44275.507812,1.3642230000041309,0.003081308613596932
9.07441,44224.533997,9.07441,44237.03125,12.497253000001365,0.028258642591574
9.066183,44164.140927,9.066183,44117.410156,46.73077100000228,0.10581157024483898
9.057971,44138.274497,9.057971,44113.960938,24.313559000001987,0.05508497846161734
9.049774,43995.67953,9.049774,44036.605469,40.92593900000065,0.09302263185205234
9.041591,43960.078204,9.041591,43980.507812,20.429608000005828,0.04647309293946367
9.033424,43927.351611,9.033424,43850.488281,76.86333000000013,0.17497829297943043
9.025271,43926.601332,9.025271,43751.335938,175.26539400000183,0.39899602674774454
9.017133,43886.739307,9.017133,43730.132812,156.606495,0.3568424026777059
9.009009,43775.961252,9.009009,43701.484375,74.47687700000097,0.17013190543382603
9.0009,43758.64306,9.0009,43655.386719,103.25634100000025,0.2359678769252957
8.992806,43739.605271,8.992806,43612.464844,127.14042699999845,0.29067575304410537
8.984726,43726.219545,8.984726,43609.933594,116.28595099999802,0.26594101253213664
8.976661,43697.562253,8.976661,43583.683594,113.87865899999451,0.2606064346122107
8.96861,43678.514578,8.96861,43501.300781,177.21379700000398,0.40572303960460926
8.960573,43672.99762,8.960573,43492.527344,180.470276,0.41323079668191554
8.952551,43417.087417,8.952551,43457.402344,40.31492699999944,0.09285497807071715
8.944544,43343.34826,8.944544,43434.550781,91.20252099999925,0.21041872550526222
8.93655,43067.776698,8.93655,43384.632812,316.856114000002,0.7357150479855541
8.928571,43066.049319,8.928571,43325.359375,259.3100560000021,0.6021217643606769
8.920607,42866.69812,8.920607,43320.066406,453.36828599999717,1.0576235303471448
8.912656,42826.460777,8.912656,43182.1875,355.72672299999977,0.8306236764515531
8.90472,42713.375292,8.90472,43135.527344,422.1520520000049,0.9883369064468943
8.896797,42644.670037,8.896797,43127.234375,482.5643379999965,1.1315935557276133
8.888889,42537.066744,8.888889,43121.914062,584.8473180000001,1.3749121948623662
8.880995,42464.776643,8.880995,43031.304688,566.5280449999991,1.3341128572576326
8.873114,42460.025149,8.873114,43015.976562,555.9514130000025,1.3093525287586787
8.865248,42435.939174,8.865248,42811.816406,375.8772319999989,0.8857521226496018
8.857396,42426.316794,8.857396,42715.019531,288.7027369999996,0.6804803216875721
8.849558,42406.711023,8.849558,42499.019531,92.30850799999462,0.21767429204761843
8.841733,42383.513908,8.841733,42486.683594,103.1696860000011,0.24341937816658366
8.833922,42325.275844,8.833922,42416.289062,91.01321800000005,0.21503278167743356
8.826125,42292.95183,8.826125,42336.078125,43.126295000001846,0.10197040673195745
8.818342,42284.531724,8.818342,42281.617188,2.9145360000038636,0.006892676544292015
8.810573,42251.881501,8.810573,42261.625,9.743498999996518,0.02306050915097334
8.802817,42192.182195,8.802817,42247.082031,54.89983599999687,0.13011850334326341
8.795075,42182.235628,8.795075,42197.949219,15.713590999999724,0.037251678973528025
8.787346,42032.90507,8.787346,41995.257812,37.64725799999724,0.08956615760271845
8.779631,42014.860301,8.779631,41935.4375,79.42280100000062,0.1890350233964964
8.77193,42003.243165,8.77193,41888.492188,114.75097700000333,0.27319551623485533
8.764242,41977.497899,8.764242,41882.367188,95.13071100000525,0.22662310943090172
8.756567,41924.200298,8.756567,41782.234375,141.9659230000034,0.3386252379077005
8.748906,41869.987755,8.748906,41771.183594,98.80416100000002,0.2359784807632314
8.741259,41813.456953,8.741259,41694.609375,118.8475780000008,0.28423284430557905
8.733624,41784.489919,8.733624,41688.765625,95.72429399999965,0.22909049311254712
8.726003,41692.788025,8.726003,41616.109375,76.67865000000165,0.18391346233315767
8.718396,41681.555955,8.718396,41543.507812,138.04814299999998,0.3311971922282333
8.710801,41493.115796,8.710801,41521.746094,28.630298000003677,0.06900011592468475
8.70322,41478.57872,8.70322,41501.46875,22.890030000002298,0.05518518403082424
8.695652,41458.300298,8.695652,41430.652344,27.647954000000027,0.0666885854009162
8.688097,41411.949826,8.688097,41393.449219,18.50060699999449,0.0446745615160074
8.680556,41362.002256,8.680556,41304.019531,57.982725000001665,0.1401835545608546
8.673027,41281.585091,8.673027,41295.632812,14.047721000002639,0.034029025215568214
8.665511,41266.354937,8.665511,41234.167969,32.18696799999452,0.07799808839218612
8.658009,41244.15891,8.658009,41171.34375,72.81515999999829,0.17654659938366116
8.650519,41192.459772,8.650519,40991.351562,201.1082099999985,0.48821607428430147
8.643042,41177.680477,8.643042,40976.554688,201.12578900000517,0.4884339930520005
8.635579,41159.00753,8.635579,40958.65625,200.3512800000026,0.486773836453589
8.628128,41046.728935,8.628128,40954.464844,92.26409099999728,0.2247781818280894
8.62069,40997.66551,8.62069,40894.179688,103.48582200000237,0.25241881632201835
8.613264,40854.155638,8.613264,40876.3125,22.156862000003457,0.05423404707303391
8.605852,40843.253399,8.605852,40800.78125,42.47214900000108,0.10398816319818675
8.598452,40804.363815,8.598452,40730.785156,73.57865899999888,0.18032056407886157
8.591065,40723.101374,8.591065,40711.84375,11.257623999998032,0.027644318875933046
8.583691,40721.54395,8.583691,40666.351562,55.192387999995844,0.13553608887660026
8.576329,40643.153931,8.576329,40638.667969,4.485961999998835,0.011037435745303295
8.56898,40641.575465,8.56898,40627.210938,14.364527000005182,0.035344414766538094
8.561644,40577.520901,8.561644,40617.210938,39.690036999993026,0.09781286810701857
8.55432,40516.543762,8.55432,40548.578125,32.03436299999885,0.0790648955354467
8.547009,40479.71568,8.547009,40426.632812,53.08286799999769,0.13113448824499668
8.53971,40454.458006,8.53971,40409.539062,44.91894399999728,0.11103583193064935
8.532423,40394.636097,8.532423,40369.339844,25.296253000000434,0.06262280204544068
8.525149,40394.355019,8.525149,40355.164062,39.19095699999889,0.09702087576733165
8.517888,40382.160265,8.517888,40337.179688,44.980577000002086,0.11138724799472312
8.510638,40324.756045,8.510638,40311.964844,12.791201000000001,0.03172046716346105
8.503401,40237.485513,8.503401,40277.636719,40.151206000002276,0.09978557429248444
8.496177,40213.771926,8.496177,40185.445312,28.32661399999779,0.07044008219901243
8.488964,40111.761696,8.488964,40087.402344,24.35935199999949,0.06072870143329715
8.481764,40064.54083,8.481764,40068.148438,3.607607999998436,0.009004491066816592
8.474576,39972.249286,8.474576,40012.265625,40.01633900000161,0.10011030080815855
8.467401,39856.719903,8.467401,39925.394531,68.67462800000067,0.1723037624950957
8.460237,39769.680066,8.460237,39921.007812,151.32774600000266,0.38051034292673674
8.453085,39736.082123,8.453085,39844.140625,108.05850199999986,0.27194050401223013
8.445946,39728.886987,8.445946,39822.15625,93.26926300000196,0.2347643492517707
8.438819,39617.665781,8.438819,39795.167969,177.50218799999857,0.4480379762432288
8.431703,39521.997841,8.431703,39776.308594,254.3107530000052,0.6434663399940376
8.4246,39337.686526,8.4246,39764.667969,426.9814430000042,1.085425912674843
8.417508,39241.771846,8.417508,39754.964844,513.1929979999986,1.3077722382515442
8.410429,39203.31992,8.410429,39693.355469,490.0355490000002,1.249984822713964
8.403361,39193.059246,8.403361,39661.699219,468.63997300000483,1.1957218497758215
8.396306,39180.953881,8.396306,39641.039062,460.0851810000022,1.1742572230307824
8.389262,39153.088001,8.389262,39613.367188,460.2791870000001,1.175588466963945
8.38223,39144.966352,8.38223,39595.507812,450.54146000000037,1.1509563092956425
8.375209,39091.689557,8.375209,39497.074219,405.384662000004,1.037009826369639
8.368201,38961.35291,8.368201,39445.199219,483.8463090000005,1.2418621861455286
8.361204,38918.175073,8.361204,39351.222656,433.0475829999996,1.1127129732771877
8.354219,38902.741614,8.354219,39345.339844,442.59823000000324,1.1377044692416347
8.347245,38891.357572,8.347245,39247.207031,355.8494589999973,0.9149833824679667
8.340284,38862.835611,8.340284,39215.332031,352.49641999999585,0.9070270206948637
8.333333,38822.457631,8.333333,39200.015625,377.5579940000025,0.9725247113117328
8.326395,38814.32241,8.326395,39154.742188,340.41977799999586,0.8770468138129629
8.319468,38777.648679,8.319468,39074.777344,297.1286650000038,0.7662369306082077
8.312552,38694.21697,8.312552,39034.433594,340.2166240000006,0.8792441109837519
8.305648,38666.536466,8.305648,38988.980469,322.44400300000416,0.8339097123000232
8.298755,38620.147562,8.298755,38935.558594,315.4110320000036,0.8167007427759027
8.291874,38620.011991,8.291874,38915.753906,295.7419149999987,0.7657737523978976
8.285004,38505.839383,8.285004,38740.050781,234.21139799999946,0.6082490389844658
8.278146,38467.707578,8.278146,38713.222656,245.51507799999672,0.6382368315090573
8.271299,38366.357638,8.271299,38683.359375,317.0017369999987,0.8262492363518604
8.264463,38237.490255,8.264463,38683.359375,445.869120000003,1.1660522618680509
8.257638,38036.582885,8.257638,38596.046875,559.4639899999966,1.4708576522015209
8.250825,38021.295256,8.250825,38537.707031,516.4117750000005,1.3582172083380233
8.244023,37955.51877,8.244023,38431.648438,476.1296679999941,1.2544412075756595
8.237232,37954.229816,8.237232,38381.527344,427.2975280000028,1.1258232088268356
8.230453,37944.505675,8.230453,38319.296875,374.79119999999966,0.9877350971709546
8.223684,37901.791736,8.223684,38298.535156,396.7434199999989,1.0467669253302418
8.216927,37782.211722,8.216927,38294.980469,512.7687470000019,1.3571697463688304
8.210181,37688.422472,8.210181,38275.082031,586.6595589999997,1.5566041784737712
8.203445,37608.725168,8.203445,38188.40625,579.6810820000028,1.5413473320633424
8.196721,37585.348103,8.196721,38159.527344,574.1792410000053,1.527667748151507
8.190008,37548.998244,8.190008,38096.503906,547.5056619999959,1.4581099033380538
8.183306,37547.759839,8.183306,38012.46875,464.70891100000154,1.237647500124146
8.176615,37521.893066,8.176615,37904.128906,382.2358400000012,1.0187008404071156
8.169935,37507.293599,8.169935,37897.382812,390.08921300000657,1.0400356185934112
8.163265,37361.118976,8.163265,37881.152344,520.033368000004,1.3919105804461116
8.156607,37360.922139,8.156607,37820.230469,459.30832999999984,1.2293816739617915
8.149959,37359.244932,8.149959,37777.113281,417.86834899999667,1.118513904016492
8.143322,37305.736587,8.143322,37654.75,349.0134130000006,0.9355489126613893
8.136697,37247.76211,8.136697,37647.277344,399.5152339999986,1.072588556649796
8.130081,37234.951331,8.130081,37604.273438,369.32210699999996,0.9918694500683299
8.123477,37144.938462,8.123477,37600.203125,455.26466300000175,1.2256438746445801
8.116883,36991.259823,8.116883,37573.644531,582.3847079999978,1.5743846270353012
8.1103,36975.561963,8.1103,37475.441406,499.879442999998,1.3519184468385033
8.103728,36974.779394,8.103728,37438.5625,463.7831060000026,1.2543228481716433
8.097166,36843.504516,8.097166,37411.90625,568.4017339999991,1.542746113506004
8.090615,36821.638538,8.090615,37403.699219,582.0606810000027,1.5807571420248312
8.084074,36805.401307,8.084074,37344.507812,539.1065050000034,1.464748340884062
8.077544,36723.117803,8.077544,37313.34375,590.225946999999,1.6072326706197644
8.071025,36657.360862,8.071025,37119.699219,462.33835700000054,1.261242888544311
8.064516,36632.053395,8.064516,36996.625,364.57160499999736,0.9952256868291163
8.058018,36624.981404,8.058018,36933.640625,308.6592210000017,0.8427559801198738
8.05153,36590.879873,8.05153,36863.015625,272.13575200000196,0.7437256303880462
8.045052,36569.846875,8.045052,36817.265625,247.4187499999971,0.6765649056330566
8.038585,36565.01287,8.038585,36711.144531,146.13166099999944,0.3996488706828656
8.032129,36563.448401,8.032129,36565.164062,1.715661000002001,0.00469228443987542
8.025682,36440.200794,8.025682,36558.816406,118.61561200000142,0.32550756970453326
8.019246,36431.73532,8.019246,36485.601562,53.866242000003695,0.14785527377948599
8.012821,36354.114875,8.012821,36418.5625,64.4476250000007,0.17727738722727107
8.006405,36205.521635,8.006405,36395.496094,189.97445900000457,0.5247112882813865
8.0,36069.712437,8.0,36361.34375,291.63131299999804,0.80852131413403
7.993605,36001.075526,7.993605,36200.007812,198.93228600000293,0.5525731748106634
7.98722,35982.232591,7.98722,35966.898438,15.334153000003425,0.042615902060059656
7.980846,35934.77061,7.980846,35940.863281,6.092670999998518,0.01695480699215327
7.974482,35881.849701,7.974482,35923.25,41.400299000000814,0.11537950062492743
7.968127,35828.598851,7.968127,35852.039062,23.440211000001,0.06542318636986488
7.961783,35808.856959,7.961783,35832.046875,23.189916000002995,0.06476027991218684
7.955449,35799.139112,7.955449,35687.394531,111.74458099999902,0.31214320727210404
7.949126,35775.513694,7.949126,35559.664062,215.84963199999765,0.6033446056043587
7.942812,35689.770703,7.942812,35503.972656,185.79804700000386,0.520591876440344
7.936508,35685.068703,7.936508,35452.640625,232.42807799999719,0.6513314572390252
7.930214,35590.284549,7.930214,35361.0,229.2845490000036,0.6442335370607367
7.92393,35560.61933,7.92393,35259.652344,300.96698599999945,0.8463491122217174
7.917656,35502.598296,7.917656,35195.152344,307.4459519999946,0.8659815527773184
7.911392,35490.46133,7.911392,35193.0,297.46132999999827,0.8381444445991322
7.905138,35422.665475,7.905138,35177.9375,244.7279750000016,0.6908796154053441
7.898894,35413.223575,7.898894,35162.871094,250.35248100000172,0.7069463204042749
7.89266,35394.724416,7.89266,35140.78125,253.9431659999973,0.7174604978283251
7.886435,35344.762376,7.886435,35133.875,210.88737599999877,0.5966580670611517
7.880221,35185.97171,7.880221,35102.550781,83.42092899999989,0.23708576158574957
7.874016,35160.698402,7.874016,35078.832031,81.86637100000371,0.2328348830390326
7.867821,35158.58984,7.867821,35016.25,142.33984000000055,0.4048508220829159
7.861635,35146.365113,7.861635,34960.074219,186.29089399999793,0.5300431307790983
7.85546,35083.319117,7.85546,34940.613281,142.705836000001,0.4067626427365345
7.849294,35040.815367,7.849294,34873.519531,167.29583600000478,0.47743134469855153
7.843137,35020.667154,7.843137,34864.859375,155.80777900000248,0.4449023724044228
7.836991,34995.120012,7.836991,34823.332031,171.7879810000013,0.49089124695413067
7.830854,34847.626296,7.830854,34673.867188,173.75910800000565,0.49862537701728815
7.824726,34690.543599,7.824726,34643.011719,47.531879999995,0.13701682092224454
7.818608,34597.908685,7.818608,34615.726562,17.817877000001317,0.05149986712268044
7.8125,34528.806101,7.8125,34603.550781,74.74467999999615,0.21647050228542783
7.806401,34398.674609,7.806401,34569.378906,170.7042969999966,0.4962525415305794
7.800312,34248.83226,7.800312,34482.136719,233.30445899999904,0.6812041275710317
7.794232,34230.964479,7.794232,34412.234375,181.26989599999797,0.5295494846813427
7.788162,34094.102504,7.788162,34405.675781,311.57327699999587,0.9138626745298293
7.782101,34071.774626,7.782101,34385.992188,314.217561999998,0.9222224713831612
7.77605,34063.803492,7.77605,34384.367188,320.56369599999744,0.9410684161423223
7.770008,34029.056683,7.770008,34309.382812,280.32612900000095,0.8237846015286234
7.763975,34023.93108,7.763975,34268.328125,244.3970449999979,0.7183092524651267
7.757952,34005.043512,7.757952,34254.261719,249.21820700000535,0.732886011194366
7.751938,34004.911659,7.751938,34234.847656,229.9359970000005,0.6761846621034932
7.745933,33972.088628,7.745933,34131.632812,159.54418400000577,0.4696331325019225
7.739938,33929.667312,7.739938,34120.640625,190.97331300000224,0.5628505320842335
7.733952,33921.397702,7.733952,34062.640625,141.24292299999797,0.4163829693599869
7.727975,33916.948795,7.727975,33945.914062,28.96526700000686,0.0854005682382517
7.722008,33900.176336,7.722008,33856.089844,44.086491999994905,0.1300479725032511
7.716049,33824.087326,7.716049,33840.617188,16.529861999995774,0.04887009024272933
7.7101,33813.546139,7.7101,33827.347656,13.801516999999876,0.040816532354414695
7.70416,33795.63025,7.70416,33822.925781,27.295530999996117,0.08076645056795802
7.698229,33724.422916,7.698229,33809.652344,85.22942799999873,0.2527231621198862
7.692308,33689.448188,7.692308,33785.3125,95.86431199999788,0.28455293023809225
7.686395,33665.952989,7.686395,33765.386719,99.43373000000429,0.29535397388718876
7.680492,33647.418551,7.680492,33752.101562,104.68301100000099,0.31111751066825843
7.674597,33576.948665,7.674597,33649.421875,72.47320999999647,0.21584215624554717
7.668712,33550.714678,7.668712,33617.378906,66.66422800000146,0.19869689405965107
7.662835,33444.018791,7.662835,33539.953125,95.93433399999776,0.2868504966449017
7.656968,33436.653406,7.656968,33496.757812,60.10440600000584,0.17975604576868473
7.651109,33403.794953,7.651109,33492.304688,88.50973499999964,0.2649691004406389
7.64526,33403.749976,7.64526,33443.757812,40.00783600000432,0.1197704929199543
7.639419,33370.317241,7.639419,33340.707031,29.610209999998915,0.08873218011730115
7.633588,33331.646435,7.633588,33292.46875,39.177685000002384,0.1175390032904697
7.627765,33305.479667,7.627765,33280.390625,25.08904199999961,0.07533007256117837
7.621951,33293.888228,7.621951,33271.566406,22.32182200000534,0.0670448036803127
7.616146,33247.500327,7.616146,33255.164062,7.663735000001907,0.02305055996579164
7.61035,33104.96735,7.61035,33242.378906,137.4115559999991,0.41507836134446185
7.604563,33095.395977,7.604563,33162.605469,67.20949200000177,0.2030780717859056
7.598784,33077.805326,7.598784,33146.710938,68.90561199999502,0.20831373581436927
7.593014,33039.160735,7.593014,33139.378906,100.21817100000044,0.3033314671756611
7.587253,32923.113641,7.587253,33099.019531,175.90588999999454,0.5342929952437256
7.581501,32906.54157,7.581501,33038.421875,131.88030499999877,0.4007723045567038
7.575758,32884.291965,7.575758,32957.515625,73.22366000000329,0.22267062972782878
7.570023,32689.241728,7.570023,32824.976562,135.7348340000026,0.41522784507949845
7.564297,32683.834832,7.564297,32784.050781,100.21594899999764,0.3066223700955632
7.558579,32682.025551,7.558579,32725.347656,43.32210500000292,0.13255636475896876
7.55287,32676.297592,7.55287,32707.273438,30.975846000001184,0.09479607018753823
7.54717,32484.903891,7.54717,32600.955078,116.0511869999973,0.35724651484085035
7.541478,32467.673343,7.541478,32549.828125,82.15478200000143,0.2530356306474111
7.535795,32461.932441,7.535795,32503.5,41.567558999999164,0.12805016791760246
7.53012,32404.120157,7.53012,32417.228516,13.108358999998018,0.04045275395995075
7.524454,32361.84097,7.524454,32369.492188,7.651217999999062,0.02364271552750005
7.518797,32344.730911,7.518797,32326.265625,18.46528599999874,0.057089007946326584
7.513148,32302.825149,7.513148,32294.392578,8.43257100000119,0.026104747684158016
7.507508,32280.133502,7.507508,32262.183594,17.949908000002324,0.05560667213129769
7.501875,32277.048915,7.501875,32243.285156,33.76375899999766,0.10460609050385256
7.496252,32185.912522,7.496252,32198.658203,12.745681000000332,0.03960018530246204
7.490637,32168.182956,7.490637,32125.748047,42.43490899999961,0.13191577857550285
7.48503,32143.568091,7.48503,32082.181641,61.38645000000179,0.19097584258914183
7.479432,32121.524347,7.479432,32043.371094,78.1532530000004,0.24330493209392023
7.473842,32110.076473,7.473842,32020.705078,89.37139500000194,0.2783281910746944
7.46826,32099.048894,7.46826,31979.199219,119.8496750000013,0.3733745364100298
7.462687,32061.285663,7.462687,31976.908203,84.3774599999997,0.2631755347770556
7.457122,32055.563713,7.457122,31935.660156,119.90355699999782,0.37404912942264507
7.451565,32031.093586,7.451565,31926.488281,104.60530499999732,0.3265742542293895
7.446016,32020.868088,7.446016,31876.021484,144.84660399999848,0.4523506470902972
7.440476,31921.365983,7.440476,31814.021484,107.3444989999989,0.33627789943941044
7.434944,31914.964532,7.434944,31759.275391,155.68914100000256,0.4878248911851323
7.429421,31906.988669,7.429421,31659.865234,247.1234349999977,0.7745119339328201
7.423905,31869.725704,7.423905,31611.457031,258.26867299999867,0.8103887538874649
7.418398,31793.837496,7.418398,31565.316406,228.52108999999837,0.7187590677871104
7.412898,31605.194813,7.412898,31550.845703,54.3491099999992,0.1719625850167013
7.407407,31541.817986,7.407407,31521.123047,20.694938999997248,0.06561111667432361
7.401925,31537.327349,7.401925,31484.476562,52.8507869999994,0.16758169268796716
7.39645,31528.522584,7.39645,31438.228516,90.29406799999924,0.28638851617430816
7.390983,31526.259366,7.390983,31405.832031,120.42733499999667,0.381990560954001
7.385524,31411.596865,7.385524,31350.25,61.346864999999525,0.19530005196378455
7.380074,31407.085274,7.380074,31276.097656,130.9876179999992,0.4170639104432776
7.374631,31334.503287,7.374631,31241.244141,93.25914600000033,0.2976244593565698
7.369197,31295.753302,7.369197,31122.71875,173.03455200000099,0.5529010608252174
7.36377,31255.157419,7.36377,31101.277344,153.88007500000094,0.4923349863099947
7.358352,31252.546711,7.358352,31099.447266,153.09944499999983,0.4898783014893094
7.352941,31198.01067,7.352941,31064.525391,133.48527900000045,0.4278647135932929
7.347539,31176.484647,7.347539,31048.5625,127.92214700000113,0.4103161355374639
7.342144,31089.770386,7.342144,30985.287109,104.48327699999936,0.33606963223841985
7.336757,30983.119325,7.336757,30978.289062,4.830262999999832,0.015589982884978067
7.331378,30978.213979,7.331378,30966.625,11.588979000000108,0.03741009409986072
7.326007,30977.356687,7.326007,30950.292969,27.063718000001245,0.08736613092413673
7.320644,30906.353459,7.320644,30941.181641,34.82818199999747,0.11268939263960763
7.315289,30869.634107,7.315289,30937.582031,67.94792400000006,0.22011250202862684
7.309942,30850.590168,7.309942,30932.349609,81.75944100000197,0.2650174293417814
7.304602,30830.380792,7.304602,30861.544922,31.164130000001023,0.10108253352513774
7.29927,30761.956004,7.29927,30861.544922,99.58891800000129,0.3237405254303454
7.293946,30712.311331,7.293946,30798.964844,86.65351299999747,0.2821458537134985
7.28863,30697.944506,7.28863,30796.060547,98.11604100000113,0.31961762449868286
7.283321,30635.600285,7.283321,30779.677734,144.07744900000034,0.47029419257224236
7.27802,30625.069781,7.27802,30709.414062,84.3442810000015,0.2754092696054174
7.272727,30548.597089,7.272727,30575.611328,27.01423900000009,0.08843037512098201
7.267442,30490.146123,7.267442,30559.224609,69.07848600000216,0.22656003589268914
7.262164,30480.718118,7.262164,30462.802734,17.915383999999904,0.05877612177850954
7.256894,30419.331356,7.256894,30373.289062,46.04229399999895,0.15135866551819332
7.251632,30339.058532,7.251632,30354.425781,15.36724900000263,0.05065170029516271
7.246377,30264.314768,7.246377,30264.744141,0.4293729999990319,0.0014187435046539689
7.24113,30245.279233,7.24113,30250.572266,5.293032999998104,0.017500360830601906
7.23589,30200.452267,7.23589,30224.578125,24.125857999999425,0.0798857506725544
7.230658,30176.88196,7.230658,30222.214844,45.33288399999947,0.1502238835015792
7.225434,30102.184885,7.225434,30186.75,84.56511500000124,0.2809268341253869
7.220217,30057.442453,7.220217,30114.46875,57.02629700000034,0.18972438220307933
7.215007,30031.475884,7.215007,29969.933594,61.54229000000123,0.2049259591427186
7.209805,29960.914077,7.209805,29954.507812,6.40626500000144,0.021382074604056615
7.204611,29913.88039,7.204611,29911.75,2.1303899999984424,0.007121744060695706
7.199424,29910.644167,7.199424,29833.279297,77.36486999999761,0.25865330605401404
7.194245,29887.159691,7.194245,29833.279297,53.8803939999998,0.1802794061298001
7.189073,29851.769244,7.189073,29821.632812,30.13643199999933,0.10095358755346318
7.183908,29670.348412,7.183908,29795.074219,124.7258069999989,0.42037189879965914
7.178751,29663.558722,7.178751,29773.761719,110.20299699999669,0.3715096965701035
7.173601,29662.9559,7.173601,29771.378906,108.4230060000009,0.3655165262879311
7.168459,29615.745087,7.168459,29726.103516,110.35842899999989,0.37263431555008336
7.163324,29524.249293,7.163324,29671.25,147.00070699999924,0.49789820408694385
7.158196,29470.316087,7.158196,29644.996094,174.68000699999902,0.5927320442859253
7.153076,29401.708465,7.153076,29628.285156,226.57669100000203,0.7706242352199381
7.147963,29350.828421,7.147963,29621.121094,270.2926729999999,0.9209030461525587
7.142857,29271.534748,7.142857,29613.955078,342.42033000000083,1.1698065473775576
7.137759,29253.682061,7.137759,29599.623047,345.94098600000143,1.1825553627014973
7.132668,29239.729119,7.132668,29553.197266,313.4681469999996,1.0720624179664775
7.127584,29171.523119,7.127584,29499.201172,327.67805299999964,1.123280576277405
7.122507,29134.717408,7.122507,29470.478516,335.7611079999988,1.1524433317750433
7.117438,29118.025469,7.117438,29456.111328,338.0858589999989,1.1610878607134132
7.112376,29072.308131,7.112376,29441.494141,369.1860099999976,1.2698888864841524
7.107321,29032.569632,7.107321,29416.714844,384.14521199999945,1.3231526415649775
7.102273,29019.326805,7.102273,29369.835938,350.50913299999957,1.2078472231809567
7.097232,28957.249442,7.097232,29365.039062,407.78961999999956,1.4082470809832366
7.092199,28937.343693,7.092199,29351.986328,414.64263500000015,1.4328980551877781
7.087172,28919.32036,7.087172,29277.134766,357.8144059999977,1.2372849760844022
7.082153,28906.556439,7.082153,29272.296875,365.74043600000005,1.2652507979350742
7.077141,28900.615815,7.077141,29271.425781,370.8099660000007,1.2830521272406343
7.072136,28819.082156,7.072136,29136.748047,317.66589100000056,1.102276225455237
7.067138,28804.986568,7.067138,29120.580078,315.5935099999988,1.095621097600502
7.062147,28751.429642,7.062147,29021.068359,269.63871700000163,0.9378271632312649
7.057163,28685.110326,7.057163,28924.5,239.3896739999982,0.8345433267621666
7.052186,28676.978217,7.052186,28900.333984,223.35576700000092,0.7788678615642752
7.047216,28675.011104,7.047216,28822.935547,147.92444299999988,0.5158653381632528
7.042254,28616.321169,7.042254,28732.019531,115.69836200000282,0.404309000156661
7.037298,28584.386695,7.037298,28604.720703,20.334007999997993,0.07113676503528
7.032349,28566.388113,7.032349,28587.716797,21.328684000000067,0.07466356585099326
7.027407,28553.876912,7.027407,28577.998047,24.12113500000123,0.08447586670748772
7.022472,28546.568745,7.022472,28490.453125,56.11562000000049,0.19657570933049273
7.017544,28504.927497,7.017544,28490.453125,14.474372000000585,0.05077849084697353
7.012623,28500.964383,7.012623,28390.599609,110.36477399999785,0.38723171790575356
7.007708,28432.338612,7.007708,28357.414062,74.92454999999973,0.2635187735432269
7.002801,28368.110335,7.002801,28226.478516,141.631819000002,0.49926419957997525
6.997901,28281.748688,6.997901,28214.566406,67.18228199999794,0.23754642169104456
6.993007,28254.015402,6.993007,28198.21875,55.796652000000904,0.1974822028165641
6.98812,28253.359964,6.98812,28131.683594,121.67637000000104,0.43066159265672904
6.98324,28205.806585,6.98324,28100.851562,104.95502299999862,0.3721043136409163
6.978367,28150.324378,6.978367,28087.609375,62.71500300000116,0.22278607577614307
6.973501,28109.685636,6.973501,28017.414062,92.27157399999851,0.3282554461648854
6.968641,28107.929721,6.968641,27996.912109,111.01761199999964,0.39496901088754377
6.963788,28106.101336,6.963788,27972.376953,133.72438300000067,0.47578417725520106
6.958942,28060.205708,6.958942,27874.138672,186.06703600000037,0.6630993298347504
6.954103,28021.561355,6.954103,27829.880859,191.68049600000086,0.684046451129671
6.94927,27967.805818,6.94927,27785.591797,182.21402099999978,0.6515134658247925
6.944444,27897.804981,6.944444,27741.386719,156.41826200000287,0.5606830433667904
6.939625,27883.594381,6.939625,27652.537109,231.0572719999982,0.8286495235974369
6.934813,27824.460183,6.934813,27646.037109,178.42307399999845,0.641245410787916
6.930007,27823.058651,6.930007,27630.369141,192.68951000000015,0.6925532969506019
6.925208,27805.313675,6.925208,27619.414062,185.8996130000014,0.6685758527052524
6.920415,27769.646616,6.920415,27519.199219,250.44739700000355,0.901874627586019
6.915629,27755.479017,6.915629,27514.179688,241.2993290000013,0.8693754802509713
6.91085,27743.764753,6.91085,27430.152344,313.6124090000012,1.1303887983194116
6.906077,27743.360067,6.906077,27383.103516,360.2565510000022,1.298532514194335
6.901311,27737.474141,6.901311,27378.148438,359.3257029999986,1.2954521423739274
6.896552,27708.493356,6.896552,27373.195312,335.2980439999992,1.2100912153254761
6.891799,27652.571115,6.891799,27259.125,393.4461149999988,1.4228192863649338
6.887052,27631.594922,6.887052,27206.296875,425.2980470000002,1.5391729945396029
6.882312,27625.649093,6.882312,27122.898438,502.7506549999998,1.8198691126044553
6.877579,27620.707306,6.877579,26975.552734,645.1545719999995,2.335764123824062
6.872852,27578.315286,6.872852,26905.710938,672.6043480000008,2.438888456473065
6.868132,27516.309659,6.868132,26838.291016,678.0186429999994,2.4640609565833764
6.863418,27449.549421,6.863418,26829.888672,619.6607489999988,2.257453262697032
6.858711,27437.792944,6.858711,26820.800781,616.992162999999,2.2486945807167067
6.85401,27400.447994,6.85401,26795.804688,604.6433059999981,2.2066913144354414
6.849315,27340.92204,6.849315,26793.304688,547.6173520000011,2.0029220345928067
6.844627,27296.153091,6.844627,26773.300781,522.8523099999984,1.9154798416352359
6.839945,27288.359664,6.839945,26750.791016,537.5686480000004,1.9699558882213961
6.83527,27232.124173,6.83527,26650.644531,581.4796419999984,2.135270970071889
6.830601,27226.141153,6.830601,26633.103516,593.0376370000013,2.178192031207682
6.825939,27158.460962,6.825939,26598.005859,560.4551030000002,2.063648244958308
6.821282,27128.336204,6.821282,26537.796875,590.5393289999993,2.1768357799728455
6.816633,27072.060856,6.816633,26505.158203,566.902653000001,2.094050600785193
6.811989,27051.491026,6.811989,26492.601562,558.8894639999999,2.0660209208536213
6.807352,27036.510621,6.807352,26463.802734,572.7078870000005,2.118275893765531
6.802721,26998.55737,6.802721,26452.402344,546.1550260000004,2.0229044778772947
6.798097,26996.400333,6.798097,26311.511719,684.8886140000031,2.5369627267039947
6.793478,26991.057111,6.793478,26283.800781,707.2563299999965,2.6203357915602337
6.788866,26990.145224,6.788866,26276.242188,713.9030359999997,2.6450507400945273
6.784261,26986.01899,6.784261,26228.345703,757.6732870000014,2.807651203687237
6.779661,26985.652326,6.779661,26174.351562,811.3007639999996,3.0064152394727612
6.775068,26984.232706,6.775068,26134.972656,849.2600499999971,3.1472455016709167
6.770481,26969.300307,6.770481,26107.1875,862.1128070000013,3.1966450637810437
6.7659,26961.476508,6.7659,26038.9375,922.5390079999997,3.421693198910172
6.761325,26952.741378,6.761325,26016.171875,936.5695029999988,3.4748580482594904
6.756757,26902.781621,6.756757,25923.191406,979.5902149999965,3.6412227880381702
6.752194,26855.785097,6.752194,25908.878906,946.9061909999982,3.525892792111205
6.747638,26821.296461,6.747638,25897.160156,924.136305,3.4455318233544654
6.743088,26804.929712,6.743088,25879.416016,925.5136960000018,3.4527741946872887
6.738544,26788.735415,6.738544,25826.15625,962.5791649999992,3.593223607192057
6.734007,26785.052346,6.734007,25691.550781,1093.5015649999987,4.0825067312713275
6.729475,26734.781211,6.729475,25686.853516,1047.9276950000021,3.9197167417582355
6.72495,26728.736558,6.72495,25593.847656,1134.8889019999988,4.245950419457154
6.72043,26578.308571,6.72043,25510.806641,1067.5019300000022,4.016440426027598
6.715917,26507.656216,6.715917,25483.480469,1024.1757470000011,3.8636978639469812
6.711409,26466.021077,6.711409,25211.896484,1254.1245930000005,4.738621605987775
6.706908,26412.662482,6.706908,25168.355469,1244.3070130000015,4.711024546836147
6.702413,26334.186619,6.702413,25063.230469,1270.9561500000018,4.826259372989377
6.697924,26279.289114,6.697924,25024.728516,1254.560598,4.7739518088091915
6.69344,26220.259827,6.69344,24995.830078,1224.4297490000026,4.669784956666068
6.688963,26208.586073,6.688963,24968.324219,1240.2618540000003,4.732273044205594
6.684492,26187.996899,6.684492,24939.951172,1248.0457270000006,4.765716644206789
6.680027,26175.666776,6.680027,24932.238281,1243.4284949999965,4.750322143236
6.675567,26150.544092,6.675567,24914.240234,1236.3038579999993,4.727641052708385
6.671114,26148.280517,6.671114,24867.935547,1280.3449699999983,4.896478639073789
6.666667,26147.852516,6.666667,24867.751953,1280.100563,4.895624075501804
6.662225,26137.211302,6.662225,24867.515625,1269.6956769999997,4.857808518014481
6.65779,26103.71607,6.65779,24792.976562,1310.7395079999988,5.02127553213154
6.65336,26019.564451,6.65336,24767.501953,1252.0624979999993,4.812004060859209
6.648936,25993.70809,6.648936,24754.615234,1239.0928559999993,4.7668953260142555
6.644518,25985.532001,6.644518,24731.191406,1254.3405949999978,4.827072984119498
6.640106,25932.354256,6.640106,24594.619141,1337.7351149999995,5.158556380165469
6.6357,25901.419176,6.6357,24575.927734,1325.4914419999986,5.117447167637
6.6313,25813.337048,6.6313,24557.830078,1255.5069700000022,4.863791797493606
6.626905,25768.861904,6.626905,24506.722656,1262.1392479999995,4.89792390793977
6.622517,25753.879614,6.622517,24454.966797,1298.9128170000004,5.043561733098658
6.618134,25736.241582,6.618134,24382.443359,1353.798222999998,5.260279433912558
6.613757,25672.822401,6.613757,24328.544922,1344.2774790000003,5.236188908266036
6.609385,25652.523101,6.609385,24296.873047,1355.650053999998,5.284665561599869
6.60502,25622.912822,6.60502,24286.494141,1336.4186809999992,5.215717238254588
6.60066,25610.967028,6.60066,24035.455078,1575.51195,6.151708165792888
6.596306,25523.038437,6.596306,24029.115234,1493.9232029999985,5.853234154262378
6.591958,25458.199702,6.591958,24023.863281,1434.336421,5.634084254933856
6.587615,25430.683152,6.587615,23870.060547,1560.6226050000005,6.136770277353973
6.583278,25416.691672,6.583278,23773.408203,1643.2834690000018,6.465371222212628
6.578947,25382.977379,6.578947,23742.033203,1640.9441760000009,6.464742695463286
6.574622,25275.292727,6.574622,23736.802734,1538.4899929999992,6.086932442750811
6.570302,25255.003352,6.570302,23717.605469,1537.3978830000015,6.087498233803448
6.565988,25190.402171,6.565988,23684.478516,1505.9236550000023,5.978164400779873
6.56168,25179.52793,6.56168,23498.412109,1681.1158209999994,6.676518422718497
6.557377,25178.956295,6.557377,23487.914062,1691.0422330000001,6.716093444015408
6.55308,25151.068363,6.55308,23388.117188,1762.9511749999983,7.009448463801619
6.548788,25132.120476,6.548788,23367.089844,1765.0306320000018,7.023007205800734
6.544503,25090.589905,6.544503,23257.380859,1833.209046,7.306360882470451
6.540222,25083.384683,6.540222,23232.892578,1850.4921050000012,7.3773620601296
6.535948,25049.13775,6.535948,23138.820312,1910.3174380000019,7.626280221960941
6.531679,25042.826987,6.531679,23130.089844,1912.737143000002,7.637864303390845
6.527415,25026.394109,6.527415,23072.511719,1953.8823900000025,7.807286904737692
6.523157,25002.660766,6.523157,22910.859375,2091.801391000001,8.366315131726092
6.518905,24963.950032,6.518905,22910.859375,2053.0906570000006,8.224221945518435
6.514658,24920.215579,6.514658,22717.484375,2202.7312039999997,8.83913382296828
6.510417,24909.893353,6.510417,22706.994141,2202.8992120000003,8.84347106903489
6.506181,24879.272098,6.506181,22670.378906,2208.8931919999995,8.878447823148203
6.501951,24746.863921,6.501951,22643.177734,2103.6861869999993,8.50081931074437
6.497726,24745.210572,6.497726,22592.064453,2153.146119000001,8.701264079911912
6.493506,24723.777651,6.493506,22577.240234,2146.5374169999996,8.682077016305714
6.489293,24678.988159,6.489293,22427.794922,2251.1932369999995,9.121902496553645
6.485084,24637.847531,6.485084,22395.833984,2242.0135469999987,9.099875888829319
6.480881,24606.150802,6.480881,22371.853516,2234.297286000001,9.080238936918148
6.476684,24575.374605,6.476684,22342.533203,2232.841402000002,9.08568613048005
6.472492,24522.913602,6.472492,22339.820312,2183.0932900000007,8.902259027744384
6.468305,24443.673824,6.468305,22313.201172,2130.4726520000004,8.715844710332362
6.464124,24403.86703,6.464124,22267.849609,2136.0174210000005,8.752782574885225
6.459948,24375.799316,6.459948,22254.503906,2121.295409999999,8.702465024839634
6.455778,24369.200785,6.455778,22246.496094,2122.7046910000026,8.71060446227926
6.451613,24359.211878,6.451613,22179.730469,2179.481409,8.947257488935415
6.447453,24289.08594,6.447453,22173.466797,2115.619143,8.710163685146894
6.443299,24258.181942,6.443299,22024.605469,2233.576473000001,9.207518017386306
6.43915,24227.471793,6.43915,22016.572266,2210.8995270000014,9.125589107645943
6.435006,24173.685558,6.435006,21988.917969,2184.7675890000028,9.037792701315993
6.430868,24155.837546,6.430868,21910.423828,2245.413718,9.295532451416992
6.426735,24149.915237,6.426735,21886.255859,2263.6593780000003,9.373363656911954
6.422608,24144.744878,6.422608,21798.847656,2345.8972219999996,9.715974361516299
6.418485,24132.724194,6.418485,21753.046875,2379.6773189999985,9.860790269138558
6.414368,24095.427829,6.414368,21744.958984,2350.4688449999994,9.754833413545361
6.410256,24073.716671,6.410256,21720.683594,2353.033077,9.774282505511673
6.40615,24058.109657,6.40615,21674.787109,2383.322548,9.906524585594543
6.402049,24022.861931,6.402049,21647.080078,2375.7818530000004,9.889670347454325
6.397953,24014.29885,6.397953,21497.441406,2516.8574439999975,10.480661791214436
6.393862,23997.403514,6.393862,21479.796875,2517.6066390000015,10.491162669041417
6.389776,23965.378853,6.389776,21466.21875,2499.1601029999983,10.428210287554675
6.385696,23945.401087,6.385696,21430.894531,2514.5065559999966,10.500999949276801
6.381621,23905.529021,6.381621,21428.175781,2477.3532399999967,10.363097331264857
6.377551,23881.116564,6.377551,21364.234375,2516.882189,10.539214874040342
6.373486,23867.422322,6.373486,21315.185547,2552.2367749999976,10.693390935004539
6.369427,23845.299319,6.369427,21305.642578,2539.6567410000025,10.65055509274483
6.365372,23838.509955,6.365372,21299.855469,2538.654486000003,10.649384088150752
6.361323,23830.278931,6.361323,21297.458984,2532.819947,10.628578684847623
6.357279,23798.941898,6.357279,21274.265625,2524.676273000001,10.608355126965405
6.35324,23743.303987,6.35324,21210.072266,2533.231721,10.66924688487753
6.349206,23737.159505,6.349206,21147.306641,2589.8528640000004,10.910542449084835
6.345178,23687.370873,6.345178,21143.080078,2544.290795000001,10.74112787206834
6.341154,23439.030229,6.341154,21123.859375,2315.170854,9.877417416082125
6.337136,23388.378135,6.337136,21067.576172,2320.801962999998,9.92288541601347
6.333122,23382.376948,6.333122,21025.099609,2357.277339,10.081427325555236
6.329114,23242.296482,6.329114,21008.449219,2233.8472630000033,9.611129712289861
6.325111,23185.472426,6.325111,21007.240234,2178.2321919999995,9.394814787372404
6.321113,23184.91744,6.321113,20972.876953,2212.040487000002,9.54085988326039
6.317119,23144.504858,6.317119,20932.976562,2211.5282960000004,9.555306149639128
6.313131,23117.20052,6.313131,20877.876953,2239.3235669999995,9.6868284940585
6.309148,23100.266359,6.309148,20824.080078,2276.186281000002,9.8535066463127
6.30517,23094.411923,6.30517,20817.179688,2277.2322349999995,9.860533546351432
6.301197,23015.697361,6.301197,20778.505859,2237.191501999998,9.720285537777835
6.297229,23006.587098,6.297229,20755.007812,2251.579286,9.786672296977649
6.293266,22994.070624,6.293266,20746.710938,2247.359686,9.773648706003033
6.289308,22949.50619,6.289308,20734.261719,2215.244471000002,9.652689049864048
6.285355,22946.354249,6.285355,20727.34375,2219.010499,9.670427271019335
6.281407,22925.878373,6.281407,20633.373047,2292.5053259999986,9.999640095360105
6.277464,22855.432446,6.277464,20510.925781,2344.506664999997,10.25798426933863
6.273526,22855.096005,6.273526,20467.78125,2387.3147549999994,10.44543743976279
6.269592,22853.271562,6.269592,20414.833984,2438.437578000001,10.669971567898356
6.265664,22833.784874,6.265664,20412.046875,2421.737999000001,10.605942082591598
6.261741,22509.164204,6.261741,20400.519531,2108.644672999999,9.36793855999896
6.257822,22503.360009,6.257822,20361.818359,2141.541649999999,9.516541748181206
6.253909,22488.605149,6.253909,20358.576172,2130.028976999998,9.471592225873174
6.25,22453.919043,6.25,20307.337891,2146.5811520000025,9.559939838961867
6.246096,22452.99985,6.246096,20226.181641,2226.818209000001,9.917686829717772
6.242197,22448.832368,6.242197,20210.771484,2238.0608839999986,9.969609320038728
6.238303,22445.009984,6.238303,20165.912109,2279.0978749999995,10.154140615774562
6.234414,22380.1919,6.234414,20140.65625,2239.5356500000016,10.006775902578394
6.23053,22316.578779,6.23053,20111.173828,2205.4049510000004,9.882361328051307
6.22665,22252.454684,6.22665,20109.769531,2142.6851529999985,9.628983334322374
6.222775,22159.495918,6.222775,20109.769531,2049.726386999999,9.249878221891414
6.218905,22124.97915,6.218905,20091.505859,2033.4732909999984,9.19084839453961
6.21504,22105.353355,6.21504,20031.021484,2074.3318709999985,9.383843984248307
6.21118,22076.532688,6.21118,20029.634766,2046.897922,9.27182701617188
6.207325,22061.125933,6.207325,19957.806641,2103.319292,9.534052334354172
6.203474,22060.836533,6.203474,19936.025391,2124.8111420000023,9.631598234371461
6.199628,22044.484245,6.199628,19905.619141,2138.8651040000004,9.702495555028126
6.195787,22026.385131,6.195787,19885.855469,2140.529662000001,9.718025219614512
6.19195,21996.029463,6.19195,19861.845703,2134.18376,9.702586385374493
6.188119,21923.07951,6.188119,19799.498047,2123.5814629999986,9.686510793482949
6.184292,21890.191655,6.184292,19788.316406,2101.875248999997,9.601904278073793
6.18047,21889.280173,6.18047,19784.070312,2105.2098609999994,9.617538102494274
6.176652,21859.610794,6.176652,19781.240234,2078.3705599999994,9.507811367668396
6.17284,21857.499403,6.17284,19761.417969,2096.0814340000034,9.589758624046036
6.169031,21811.705897,6.169031,19745.837891,2065.8680060000006,9.47137292129059
6.165228,21802.434606,6.165228,19655.078125,2147.356480999999,9.849159141195402
6.161429,21728.949309,6.161429,19602.517578,2126.4317310000006,9.786169136669876
6.157635,21727.169501,6.157635,19591.146484,2136.0230169999995,9.831114986706798
6.153846,21683.734742,6.153846,19575.503906,2108.230835999999,9.722637087588474
6.150062,21674.0988,6.150062,19570.802734,2103.296065999999,9.704191557897666
6.146281,21669.99381,6.146281,19535.662109,2134.331700999999,9.849249241663715
6.142506,21660.55884,6.142506,19448.738281,2211.820559,10.21128113701059
6.138735,21639.588787,6.138735,19447.310547,2192.2782399999996,10.130868296892094
6.134969,21569.06166,6.134969,19443.03125,2126.0304099999994,9.856851649428682
6.131208,21548.73149,6.131208,19438.751953,2109.9795369999993,9.791664711118452
6.127451,21545.854132,6.127451,19433.044922,2112.8092099999994,9.80610560647046
6.123699,21530.824378,6.123699,19379.447266,2151.377112000002,9.992079607496402
6.119951,21491.112719,6.119951,19371.642578,2119.4701410000016,9.862077262878095
6.116208,21486.029506,6.116208,19348.773438,2137.256067999999,9.947189486094523
6.112469,21473.432174,6.112469,19335.904297,2137.5278770000004,9.954290770471783
6.108735,21469.439413,6.108735,19303.0,2166.439413,10.090805685816814
6.105006,21414.247353,6.105006,19251.447266,2162.8000869999996,10.099818365537864
6.101281,21368.904181,6.101281,19176.875,2192.0291810000017,10.258032711611985
6.097561,21365.064002,6.097561,19176.875,2188.189001999999,10.241902396338066
6.093845,21300.847307,6.093845,19133.857422,2166.989884999999,10.173256743114962
6.090134,21297.407473,6.090134,19034.554688,2262.852784999999,10.625015217785325
6.086427,21204.141409,6.086427,18950.962891,2253.1785180000006,10.626124748647683
6.082725,21186.3598,6.082725,18913.439453,2272.9203469999993,10.728224992195212
6.079027,21158.176612,6.079027,18894.666016,2263.510596,10.69804188474462
6.075334,21157.447573,6.075334,18857.095703,2300.3518700000022,10.872539620211976
6.071645,21114.526487,6.071645,18819.757812,2294.7686749999993,10.868198613939391
6.067961,21068.756773,6.067961,18809.365234,2259.391539,10.72389587740389
6.064281,21038.775409,6.064281,18802.128906,2236.646503,10.631067918730688
6.060606,20969.600173,6.060606,18778.964844,2190.6353290000006,10.446719588962955
6.056935,20938.543958,6.056935,18715.203125,2223.3408329999984,10.618411850698555
6.053269,20925.423055,6.053269,18636.828125,2288.5949299999993,10.936911162965252
6.049607,20790.706181,6.049607,18565.591797,2225.1143840000004,10.70244735618199
6.045949,20785.981409,6.045949,18538.4375,2247.543909,10.812787064395474
6.042296,20760.312459,6.042296,18304.421875,2455.8905840000007,11.829738058375533
6.038647,20735.530153,6.038647,18301.496094,2434.0340590000014,11.73847035036067
6.035003,20663.905873,6.035003,18232.671875,2431.2339979999997,11.765607203896112
6.031363,20643.689987,6.031363,18220.947266,2422.7427210000023,11.735996435354734
6.027728,20632.84245,6.027728,18006.449219,2626.393231000002,12.729187640358305
6.024096,20622.461846,6.024096,17990.25,2632.2118459999983,12.763809993473457
6.02047,20593.359742,6.02047,17957.832031,2635.527710999999,12.79794916428746
6.016847,20580.668304,6.016847,17941.615234,2639.053069999998,12.822970717073748
6.013229,20573.906705,6.013229,17918.015625,2655.8910800000012,12.909026555246067
6.009615,20540.538306,6.009615,17915.066406,2625.471899999997,12.781904061555597
6.006006,20490.962141,6.006006,17889.978516,2600.9836250000008,12.693321119342363
6.002401,20468.801092,6.002401,17861.923828,2606.8772640000025,12.735857133414966
5.9988,20421.105182,5.9988,17804.775391,2616.329791,12.811891264857403
5.995204,20356.585487,5.995204,17789.494141,2567.091346000001,12.610618552111214
5.991612,20353.344691,5.991612,17753.980469,2599.364222,12.77118950945398
5.988024,20330.227751,5.988024,17727.326172,2602.9015789999976,12.803110771210946
5.98444,20308.09043,5.98444,17727.326172,2580.7642579999992,12.70805971095924
5.980861,20307.387692,5.980861,17711.03125,2596.3564420000002,12.785280319550028
5.977286,20252.754969,5.977286,17645.792969,2606.962000000003,12.87213519341129
5.973716,20247.378998,5.973716,17630.953125,2616.425873,12.922294155991478
5.970149,20245.994207,5.970149,17590.988281,2655.005925999998,13.113734494115564
5.966587,20226.381636,5.966587,17569.308594,2657.073042,13.136670165813538
5.963029,20176.930432,5.963029,17548.408203,2628.522229000002,13.02736428545764
5.959476,20157.416884,5.959476,17524.257812,2633.1590719999986,13.062978689943527
5.955926,20140.352445,5.955926,17506.125,2634.2274450000004,13.079351278452766
5.952381,20053.380553,5.952381,17451.039062,2602.341490999999,12.977071292903217
5.94884,20028.786522,5.94884,17369.039062,2659.7474599999987,13.279623591167052
5.945303,20022.870424,5.945303,17351.128906,2671.741517999999,13.34344907310378
5.941771,19988.052081,5.941771,17328.734375,2659.3177060000016,13.304536606285227
5.938242,19949.234602,5.938242,17268.962891,2680.2717110000012,13.435461382219104
5.934718,19948.823601,5.934718,17180.666016,2768.157585000001,13.87629486513299
5.931198,19914.100788,5.931198,17164.1875,2749.9132879999997,13.808875014115952
5.927682,19886.564919,5.927682,17146.203125,2740.3617940000004,13.779965545390931
5.924171,19872.905753,5.924171,17116.214844,2756.690909000001,13.871604602079154
5.920663,19870.36086,5.920663,17115.28125,2755.0796100000007,13.8652721478557
5.91716,19867.556705,5.91716,17110.216797,2757.339907999998,13.878605955135228
5.913661,19865.595078,5.913661,17026.144531,2839.4505469999967,14.29330727748762
5.910165,19749.134555,5.910165,17005.103516,2744.0310390000013,13.894436899794577
5.906675,19669.090744,5.906675,16999.585938,2669.504806000001,13.5720803810635
5.903188,19666.063563,5.903188,16946.445312,2719.618251,13.828991461802895
5.899705,19650.095824,5.899705,16937.416016,2712.679808000001,13.804918980022581
5.896226,19610.450714,5.896226,16931.394531,2679.056182999997,13.66136975672571
5.892752,19590.623451,5.892752,16914.832031,2675.7914199999977,13.65853121873675
5.889282,19571.05234,5.889282,16914.832031,2656.2203089999966,13.572189491165588
5.885815,19448.285089,5.885815,16859.083984,2589.201105,13.31326177681578
5.882353,19443.09999,5.882353,16837.972656,2605.127333999997,13.39872415067489
5.878895,19437.443317,5.878895,16834.957031,2602.4862859999994,13.389036014442615
5.875441,19387.925239,5.875441,16801.611328,2586.313911000001,13.339817845993506
5.871991,19354.098048,5.871991,16800.167969,2553.9300790000016,13.195810379104273
5.868545,19283.373865,5.868545,16782.138672,2501.2351930000004,12.970941757966067
5.865103,19262.999925,5.865103,16759.486328,2503.513597000001,12.996488640125461
5.861665,19214.403255,5.861665,16754.953125,2459.450130000001,12.800033898320518
5.858231,19199.880852,5.858231,16747.400391,2452.480460999999,12.773415001398464
5.854801,19173.861366,5.854801,16733.800781,2440.0605849999993,12.725973857967023
5.851375,19070.600236,5.851375,16714.150391,2356.449844999999,12.356453472039522
5.847953,19060.430827,5.847953,16685.416016,2375.014811000001,12.460446631855143
5.844535,19032.802271,5.844535,16685.416016,2347.3862550000013,12.33337173148002
5.841121,19022.343978,5.841121,16680.876953,2341.4670250000017,12.309035246697196
5.837712,19000.924712,5.837712,16655.582031,2345.3426809999983,12.343308110256345
5.834306,18961.895025,5.834306,16593.054688,2368.8403370000015,12.492635012886858
5.830904,18937.123212,5.830904,16583.960938,2353.1622739999984,12.42618663699065
5.827506,18850.996788,5.827506,16576.380859,2274.6159289999996,12.066289939893016
5.824112,18846.616182,5.824112,16541.501953,2305.1142290000025,12.230918307773294
5.820722,18829.192965,5.820722,16523.294922,2305.8980429999974,12.246398702728456
5.817336,18793.464897,5.817336,16465.595703,2327.8691940000026,12.38658867195692
5.813953,18790.165789,5.813953,16366.749023,2423.4167659999985,12.89726122277589
5.810575,18745.070319,5.810575,16350.001953,2395.0683659999977,12.777057248872293
5.807201,18671.902527,5.807201,16284.486328,2387.4161989999975,12.78614321999453
5.803831,18664.358795,5.803831,16267.712891,2396.645904000001,12.840762065943775
5.800464,18582.428741,5.800464,16260.400391,2322.0283500000005,12.495828087728441
5.797101,18539.02264,5.797101,16228.045898,2310.976741999999,12.46547235458794
5.793743,18461.82129,5.793743,16209.727539,2252.0937510000003,12.198654269391426
5.790388,18442.484027,5.790388,16174.599609,2267.884417999998,12.297065919535514
5.787037,18404.188184,5.787037,16133.333008,2270.855175999999,12.338795676813426
5.78369,18375.619186,5.78369,16090.50293,2285.1162559999993,12.435587790919076
5.780347,18372.568207,5.780347,16058.206055,2314.3621519999997,12.596835270521522
5.777008,18305.987782,5.777008,16020.78418,2285.2036019999996,12.483366804423444
5.773672,18304.387405,5.773672,15958.736328,2345.6510770000004,12.81469313941239
5.77034,18287.946675,5.77034,15902.986328,2384.9603469999984,13.041159783456107
5.767013,18277.106071,5.767013,15884.643555,2392.462515999998,13.089941628100968
5.763689,18210.085114,5.763689,15797.413086,2412.672028000001,13.249098029449225
5.760369,18139.23842,5.760369,15791.257812,2347.9806080000017,12.944207213303729
5.757052,18092.746352,5.757052,15775.866211,2316.880140999998,12.805574653645033
5.75374,18071.509517,5.75374,15640.230469,2431.2790479999985,13.45365779052866
5.750431,18029.482292,5.750431,15613.988281,2415.4940110000007,13.39746739190508
5.747126,18016.917617,5.747126,15601.236328,2415.6812889999983,13.407850001604402
5.743825,17992.397554,5.743825,15587.733398,2404.664155999999,13.364890080840858
5.740528,17969.693791,5.740528,15529.000977,2440.692814000002,13.58227269972962
5.737235,17943.633347,5.737235,15485.682617,2457.9507299999987,13.698177411828047
5.733945,17874.514068,5.733945,15468.655273,2405.858795,13.459715804566175
5.730659,17802.326946,5.730659,15462.235352,2340.0915940000014,13.144863596192943
5.727377,17776.201472,5.727377,15446.788086,2329.413386,13.104112201187364
5.724098,17772.995653,5.724098,15340.005859,2432.989794000001,13.689249924445479
5.720824,17769.770879,5.720824,15333.798828,2435.972050999999,13.708516939173299
5.717553,17759.664456,5.717553,15235.935547,2523.7289089999995,14.210453779983284
5.714286,17666.723634,5.714286,15106.739258,2559.984376000002,14.490430874648741
5.711022,17620.675635,5.711022,15094.270508,2526.405127,14.337731306862004
5.707763,17570.258899,5.707763,15055.288086,2514.970813,14.313794847628214
5.704507,17567.055465,5.704507,15009.408203,2557.6472620000004,14.559339595049206
5.701254,17565.404947,5.701254,15008.472656,2556.932290999999,14.556637314738927
5.698006,17561.11543,5.698006,15003.789062,2557.326368000002,14.562436982967897
5.694761,17470.181602,5.694761,14984.620117,2485.561485,14.22745075938679
5.69152,17399.296315,5.69152,14979.416016,2419.8802990000004,13.907920499714763
5.688282,17392.698769,5.688282,14967.868164,2424.830604999999,13.941658147509076
5.685048,17332.646795,5.685048,14947.553711,2385.093084,13.760697441131928
5.681818,17304.0583,5.681818,14947.553711,2356.504589,13.61821919543579
5.678592,17295.175522,5.678592,14938.175781,2356.9997410000014,13.628076442484346
5.675369,17253.610568,5.675369,14928.796875,2324.813693,13.474360533625324
5.67215,17238.167724,5.67215,14913.160156,2325.007567999999,13.487556248585433
5.668934,17220.534855,5.668934,14869.356445,2351.1784100000023,13.653341372944261
5.665722,17186.553081,5.665722,14831.782227,2354.7708539999985,13.70123981755966
5.662514,17182.288057,5.662514,14820.819336,2361.468721000001,13.743621997059623
5.65931,17170.822797,5.65931,14800.452148,2370.3706490000004,13.804642194631114
5.656109,17152.773415,5.656109,14776.942383,2375.831032,13.851002252046015
5.652911,17105.850673,5.652911,14772.239258,2333.611415000001,13.642182780675096
5.649718,17064.28324,5.649718,14767.314453,2296.968787,13.460681323055674
5.646527,17017.94165,5.646527,14736.169922,2281.7717280000015,13.408035912498276
5.643341,16993.378266,5.643341,14715.772461,2277.6058049999992,13.402901820628484
5.640158,16953.062921,5.640158,14663.961914,2289.101007000001,13.50258072931741
5.636979,16868.462806,5.636979,14654.536133,2213.926673,13.124649818195177
5.633803,16846.880667,5.633803,14629.394531,2217.4861360000014,13.162591816440278
5.630631,16820.934729,5.630631,14583.796875,2237.1378540000005,13.299723767092923
5.627462,16773.175651,5.627462,14583.796875,2189.3787760000014,13.052857858013741
5.624297,16751.380451,5.624297,14539.737305,2211.6431460000003,13.202751573038105
5.621135,16749.700573,5.621135,14460.973633,2288.7269399999986,13.66428569887008
5.617978,16704.613682,5.617978,14404.72168,2299.8920019999987,13.768004730802245
5.614823,16704.296057,5.614823,14336.308594,2367.9874629999995,14.175918906847231
5.611672,16666.452601,5.611672,14220.871094,2445.581507000001,14.673677509833519
5.608525,16606.089863,5.608525,14214.539062,2391.5508010000012,14.401649158412729
5.605381,16596.723102,5.605381,14209.790039,2386.9330630000004,14.381953885296559
5.602241,16539.282926,5.602241,14203.457031,2335.825895,14.12289701706503
5.599104,16528.968602,5.599104,14141.672852,2387.295750000001,14.443101729354964
5.595971,16506.422713,5.595971,14046.492188,2459.9305249999998,14.902868827311849
5.592841,16500.838582,5.592841,14038.553711,2462.284871,14.92218021989496
5.589715,16491.529282,5.589715,14035.37793,2456.151351999999,14.89341170245996
5.586592,16468.343818,5.586592,14030.613281,2437.7305370000013,14.802523944973428
5.583473,16458.291964,5.583473,13981.363281,2476.928683,15.049731092496737
5.580357,16449.398026,5.580357,13970.236328,2479.161697999998,15.07144330802515
5.577245,16418.456385,5.577245,13885.916016,2532.540369000002,15.424960237515057
5.574136,16390.238095,5.574136,13798.300781,2591.9373140000007,15.813908858289839
5.571031,16389.447004,5.571031,13713.742188,2675.7048160000013,16.325778504588776
5.567929,16354.091209,5.567929,13689.789062,2664.3021470000003,16.29134944247944
5.56483,16342.53896,5.56483,13668.642578,2673.896381999999,16.361572632897666
5.561735,16339.064552,5.561735,13645.050781,2694.013771,16.488176311600633
5.558644,16337.126213,5.558644,13611.475586,2725.650626999999,16.68378264000377
5.555556,16266.535493,5.555556,13523.450195,2743.085298,16.863365276400963
5.552471,16220.64751,5.552471,13456.144531,2764.502979000001,17.04311111683852
5.54939,16203.461513,5.54939,13441.711914,2761.7495990000007,17.044195135615038
5.546312,16192.730674,5.546312,13395.183594,2797.5470800000003,17.27656154061715
5.543237,16165.030382,5.543237,13360.564453,2804.465929,17.348967881451145
5.540166,16144.579883,5.540166,13289.160156,2855.4197270000004,17.686553305773625
5.537099,16129.181929,5.537099,13221.595703,2907.5862259999994,18.026867319118075
5.534034,16098.477747,5.534034,13189.395508,2909.082239000001,18.07054235014312
5.530973,16080.666504,5.530973,13105.59668,2975.069824,18.500911160989276
5.527916,16050.429129,5.527916,13031.648438,3018.780691,18.808099563803257
5.524862,16028.436482,5.524862,13005.533203,3022.9032789999983,18.85962665413268
5.521811,16009.743328,5.521811,12994.225586,3015.517742,18.835515849439357
5.518764,15950.929729,5.518764,12916.632812,3034.2969169999997,19.022696285116332
5.51572,15892.063329,5.51572,12848.660156,3043.4031730000006,19.15045963507059
5.512679,15878.393128,5.512679,12838.943359,3039.449768999999,19.14204884901247
5.509642,15837.128348,5.509642,12838.943359,2998.1849889999994,18.931367626244104
5.506608,15834.684624,5.506608,12824.366211,3010.318412999999,19.01091486493757
5.503577,15743.143687,5.503577,12782.234375,2960.9093119999998,18.80761156010403
5.50055,15702.003817,5.50055,12753.049805,2948.954012,18.780749555080813
5.497526,15677.044628,5.497526,12694.639648,2982.4049799999993,19.024025578604732
5.494505,15660.98887,5.494505,12680.02832,2980.96055,19.034306037406694
5.491488,15619.756173,5.491488,12629.675781,2990.080392,19.142938973455895
5.488474,15585.558782,5.488474,12611.799805,2973.7589769999995,19.08022046944149
5.485464,15552.045607,5.485464,12610.173828,2941.871778999999,18.916301130674785
5.482456,15545.491204,5.482456,12603.49707,2941.9941340000005,18.925063836149466
5.479452,15544.398968,5.479452,12576.03125,2968.3677179999995,19.09605977118021
5.476451,15503.695255,5.476451,12564.646484,2939.0487709999998,18.957085537734272
5.473454,15343.80373,5.473454,12522.34082,2821.46291,18.388288586379097
5.47046,15343.109113,5.47046,12497.920898,2845.188215,18.54375272994254
5.467469,15326.502435,5.467469,12460.459961,2866.042474,18.69991203899874
5.464481,15294.160137,5.464481,12450.683594,2843.4765430000007,18.59191036009224
5.461496,15274.820548,5.461496,12432.756836,2842.063711999999,18.606200335179214
5.458515,15240.201217,5.458515,12431.126953,2809.074263999999,18.43200246507611
5.455537,15224.660558,5.455537,12411.564453,2813.0961049999987,18.477233658400483
5.452563,15210.988971,5.452563,12396.887695,2814.1012760000012,18.500449125070904
5.449591,15188.254149,5.449591,12370.020508,2818.2336410000007,18.55534950464043
5.446623,15115.358816,5.446623,12352.839844,2762.518972,18.2762381338629
5.443658,15045.634439,5.443658,12297.018555,2748.615883999999,18.26852762602867
5.440696,14872.233573,5.440696,12294.0625,2578.1710729999995,17.33546652790994
5.437738,14775.657866,5.437738,12280.993164,2494.664702,16.883611712074277
5.434783,14765.954116,5.434783,12269.555664,2496.3984520000013,16.9064486614852
5.431831,14765.374728,5.431831,12200.887695,2564.4870330000012,17.368248894739473
5.428882,14742.670454,5.428882,12197.616211,2545.0542429999987,17.26318343030907
5.425936,14710.677888,5.425936,12197.526367,2513.151521,17.083859358038577
5.422993,14703.399869,5.422993,12187.799805,2515.600064,17.10896858150325
5.420054,14667.328227,5.420054,12086.280273,2581.0479539999997,17.597260482987892
5.417118,14577.246432,5.417118,12069.891602,2507.35483,17.200469524174675
5.414185,14535.64601,5.414185,12035.460938,2500.185072,17.200371213497927
5.411255,14526.758714,5.411255,11999.37207,2527.386644,17.39814568245193
5.408329,14496.180958,5.408329,11968.188477,2527.992481000001,17.439024032083974
5.405405,14487.616956,5.405405,11923.848633,2563.7683230000002,17.696273519560606
5.402485,14461.46214,5.402485,11902.489258,2558.972882,17.695118634802164
5.399568,14417.820843,5.399568,11900.84668,2516.974162999999,17.457382709967682
5.396654,14413.775247,5.396654,11853.172852,2560.602395,17.764966853725216
5.393743,14409.818774,5.393743,11828.5,2581.3187739999994,17.913610257594204
5.390836,14397.60964,5.390836,11787.541992,2610.067648,18.128479054944012
5.387931,14368.258335,5.387931,11770.181641,2598.076694000001,18.082057222421184
5.38503,14305.578744,5.38503,11767.602539,2537.976205000001,17.741164131961252
5.382131,14293.190259,5.382131,11688.517578,2604.672681,18.22317225057516
5.379236,14291.515274,5.379236,11624.191406,2667.3238679999995,18.66368832738512
5.376344,14228.554304,5.376344,11617.589844,2610.9644599999992,18.350173912369947
5.373455,14228.329403,5.373455,11597.783203,2630.546199999999,18.488088977229864
5.370569,14175.966919,5.370569,11553.196289,2622.770630000001,18.501528996125906
5.367687,14164.554955,5.367687,11544.935547,2619.6194080000005,18.494187895930263
5.364807,14157.116059,5.364807,11530.06543,2627.0506289999994,18.55639678343898
5.36193,14088.936811,5.36193,11501.966797,2586.9700140000004,18.36171209157679
5.359057,14040.106547,5.359057,11434.152344,2605.9542029999993,18.56078651737029
5.356186,14038.508545,5.356186,11397.736328,2640.7722169999997,18.810917189209146
5.353319,13998.89646,5.353319,11386.938477,2611.9579830000002,18.658313463945717
5.350455,13966.001971,5.350455,11386.145508,2579.856463,18.47240511892378
5.347594,13951.739911,5.347594,11343.075195,2608.664716000001,18.697773414936197
5.344735,13924.37475,5.344735,11265.148438,2659.2263120000007,19.097635331884476
5.34188,13901.044701,5.34188,11197.097656,2703.947045000001,19.45139450422375
5.339028,13827.357054,5.339028,11192.115234,2635.2418199999993,19.05817438364096
5.336179,13800.364771,5.336179,11192.115234,2608.2495369999997,18.899859389810906
5.333333,13791.856851,5.333333,11180.023438,2611.8334130000003,18.937503783695558
5.33049,13722.117963,5.33049,11158.892578,2563.2253849999997,18.6795171992503
5.327651,13711.122188,5.327651,11155.569336,2555.552851999999,18.63853896828827
5.324814,13705.527239,5.324814,11128.978516,2576.548723,18.799340427183694
5.32198,13694.713673,5.32198,11095.725586,2598.9880869999997,18.97803889192711
5.319149,13667.741622,5.319149,11094.0625,2573.6791219999996,18.830317349995333
5.316321,13662.115138,5.316321,11089.073242,2573.041895999999,18.833408077811495
5.313496,13650.218684,5.313496,11089.073242,2561.145441999999,18.76266967797392
5.310674,13646.365951,5.310674,11057.464844,2588.9011069999997,18.97135923436295
5.307856,13597.658988,5.307856,10962.552734,2635.1062539999984,19.37911706953008
5.30504,13555.847789,5.30504,10940.887695,2614.960094,19.290273354366892
5.302227,13523.956935,5.302227,10882.525391,2641.431544000001,19.53149922537816
5.299417,13520.068874,5.299417,10882.525391,2637.5434830000013,19.508358334417768
5.29661,13514.256358,5.29661,10825.78418,2688.472178,19.893600556189774
5.293806,13454.534948,5.293806,10800.737305,2653.797643,19.724187073403705
5.291005,13423.587559,5.291005,10781.829102,2641.758457,19.679973370671703
5.288207,13401.482246,5.288207,10723.869141,2677.6131050000004,19.97997725810665
5.285412,13381.511024,5.285412,10717.180664,2664.33036,19.91053443233333
5.28262,13343.628862,5.28262,10713.835938,2629.7929239999994,19.708228932304365
5.279831,13288.314477,5.279831,10492.759766,2795.5547110000007,21.03769229602949
5.277045,13246.530813,5.277045,10492.759766,2753.771047,20.788620702844547
5.274262,13172.070836,5.274262,10482.694336,2689.3765000000003,20.41726417572691
5.271481,13139.858939,5.271481,10475.983398,2663.8755409999994,20.273243064226776
5.268704,13113.50944,5.268704,10415.556641,2697.9527990000006,20.57384265702714
5.265929,13094.492753,5.265929,10412.198242,2682.294511,20.484142162631507
5.263158,13012.418493,5.263158,10363.235352,2649.1831409999995,20.35888364968527
5.260389,12988.852541,5.260389,10311.367188,2677.485353,20.61371737455927
5.257624,12913.557696,5.257624,10261.448242,2652.1094539999995,20.537403529172256
5.254861,12841.17258,5.254861,10233.96875,2607.2038300000004,20.303471616452647
5.252101,12777.894067,5.252101,10215.447266,2562.446801,20.053748979010066
5.249344,12773.953546,5.249344,10212.080078,2561.873468,20.055446880830544
5.24659,12759.831664,5.24659,10146.374023,2613.457640999999,20.481913161703282
5.243838,12721.672096,5.243838,10116.02832,2605.643776000001,20.481928447277603
5.24109,12721.180416,5.24109,10108.982422,2612.197994,20.534242173898594
5.238345,12679.010407,5.238345,10105.910156,2573.100251,20.29417256081285
5.235602,12627.165265,5.235602,10077.234375,2549.9308899999996,20.194008999532958
5.232862,12554.638001,5.232862,10002.962891,2551.67511,20.32456140747949
5.230126,12554.325499,5.230126,9981.004883,2573.320616000001,20.49748205273932
5.227392,12518.376422,5.227392,9910.017578,2608.3588439999985,20.836239110177466
5.22466,12449.220794,5.22466,9904.944336,2544.2764580000003,20.437234587615592
5.221932,12430.429342,5.221932,9825.418945,2605.010397,20.95672100559051
5.219207,12426.765964,5.219207,9803.408203,2623.3577609999993,21.1105429087487
5.216484,12421.640328,5.216484,9761.05957,2660.580758,21.4189164051281
5.213764,12378.480835,5.213764,9745.808594,2632.672241,21.268136826258615
5.211047,12337.699817,5.211047,9735.639648,2602.0601690000003,21.090318354274157
5.208333,12301.020029,5.208333,9711.905273,2589.114755999999,21.047967972542832
5.205622,12282.926775,5.205622,9642.956055,2639.9707199999993,21.493010325301718
5.202914,12266.633068,5.202914,9579.537109,2687.0959589999984,21.90573357908482
5.200208,12248.627332,5.200208,9571.613281,2677.014051,21.855624948325435
5.197505,12221.632122,5.197505,9569.345703,2652.286419,21.701573018432242
5.194805,12219.796169,5.194805,9535.362305,2684.4338639999987,21.967910322514637
5.192108,12173.570959,5.192108,9494.5625,2679.0084590000006,22.006759298670634
5.189414,12163.947541,5.189414,9469.050781,2694.8967599999996,22.154787752220543
5.186722,12159.044243,5.186722,9458.84375,2700.2004930000003,22.207341621891985
5.184033,12145.59396,5.184033,9423.109375,2722.484585,22.415409192552985
5.181347,12103.897589,5.181347,9380.544922,2723.352667000001,22.499799316502635
5.178664,12067.898815,5.178664,9343.069336,2724.829479,22.57915417399031
5.175983,12040.549402,5.175983,9332.845703,2707.7036989999997,22.488207212124685
5.173306,12033.389652,5.173306,9314.097656,2719.291996,22.59788866346601
5.170631,12025.219478,5.170631,9295.345703,2729.873775,22.701238675886724
5.167959,12006.735918,5.167959,9273.178711,2733.557207,22.76686374772318
5.165289,11978.969738,5.165289,9169.075195,2809.8945430000003,23.45689658173507
5.162623,11942.03642,5.162623,9043.015625,2899.0207950000004,24.275765816162203
5.159959,11859.0996,5.159959,9004.955078,2854.1445219999987,24.067126664489763
5.157298,11857.945271,5.157298,8985.913086,2872.032185,24.220319114002763
5.154639,11846.845359,5.154639,8946.745117,2900.1002420000004,24.479936676111045
5.151984,11822.704066,5.151984,8795.880859,3026.8232069999995,25.601784414993574
5.149331,11821.818903,5.149331,8751.251953,3070.5669499999985,25.97372684520473
5.14668,11818.662273,5.14668,8734.080078,3084.582194999999,26.099249845278994
5.144033,11758.087217,5.144033,8713.46875,3044.6184670000002,25.893824487013926
5.141388,11753.546481,5.141388,8668.792969,3084.7535119999993,26.245299807905692
5.138746,11629.328026,5.138746,8663.635742,2965.692283999999,25.501837056874837
5.136107,11622.051045,5.136107,8651.602539,2970.4485060000006,25.558728786326725
5.13347,11594.227865,5.13347,8612.051758,2982.176107000001,25.72121353593908
5.130836,11588.778042,5.130836,8550.106445,3038.6715970000005,26.220811081092933
5.128205,11577.729196,5.128205,8532.890625,3044.8385710000002,26.299099931029346
5.125577,11559.019493,5.125577,8450.203125,3108.816368,26.895156374488867
5.122951,11527.922133,5.122951,8415.724609,3112.1975239999992,26.99703804461844
5.120328,11498.806864,5.120328,8342.354492,3156.4523719999997,27.45025992115837
5.117707,11467.655892,5.117707,8281.116211,3186.539681,27.78719304982787
5.11509,11430.211624,5.11509,8241.380859,3188.830764999999,27.89826531561686
5.112474,11388.79136,5.112474,8215.456055,3173.3353049999987,27.863670557224076
5.109862,11382.129638,5.109862,8182.605957,3199.5236810000006,28.110061849218244
5.107252,11286.632851,5.107252,8175.688477,3110.9443740000006,27.56308648530522
5.104645,11246.060228,5.104645,8163.581543,3082.478685,27.409409362092564
5.102041,11164.248115,5.102041,8068.391602,3095.8565130000006,27.730094146156482
5.099439,11129.818194,5.099439,8066.659668,3063.1585259999993,27.522089513118235
5.09684,11103.5479,5.09684,8037.214355,3066.3335449999995,27.6157996760657
5.094244,11091.325766,5.094244,8021.621094,3069.704672,27.676625290459437
5.09165,11061.189218,5.09165,7915.855957,3145.3332609999998,28.43576037811163
5.089059,10996.822253,5.089059,7914.121094,3082.701159,28.032654234808792
5.08647,10952.216195,5.08647,7895.033691,3057.1825040000012,27.913825380800027
5.083884,10884.500037,5.083884,7870.734375,3013.765662,27.68859985994045
5.081301,10836.406307,5.081301,7823.851074,3012.555232999999,27.800316337843267
5.07872,10831.860133,5.07872,7820.376953,3011.48318,27.802087019433635
5.076142,10829.764098,5.076142,7797.793457,3031.970641,27.996645296825374
5.073567,10747.26916,5.073567,7648.236816,3099.032344,28.83553298854944
5.070994,10646.467341,5.070994,7590.777344,3055.6899969999995,28.7014452693844
5.068424,10636.8925,5.068424,7555.934082,3080.958418,28.964835528797533
5.065856,10633.943707,5.065856,7536.76416,3097.1795470000006,29.12540852516665
5.063291,10613.870821,5.063291,7489.692383,3124.178438000001,29.434863968936565
5.060729,10596.987303,5.060729,7343.078125,3253.909178,30.705983549483168
5.058169,10587.264777,5.058169,7320.364746,3266.900031,30.856884188795235
5.055612,10515.708238,5.055612,7306.384766,3209.323471999999,30.51932784139688
5.053057,10484.778952,5.053057,7304.636719,3180.1422330000005,30.331037474026857
5.050505,10438.383377,5.050505,7281.913574,3156.469803,30.239067573959638
5.047956,10419.854095,5.047956,7213.707031,3206.1470640000007,30.769596529556786
5.045409,10411.975654,5.045409,7138.441895,3273.533759,31.44008272572551
5.042864,10367.302304,5.042864,7068.368652,3298.9336520000006,31.82056001904351
5.040323,10335.381456,5.040323,7059.605469,3275.775986999999,31.694775862368513
5.037783,10328.841683,5.037783,7052.594238,3276.247445000001,31.719408095801292
5.035247,10326.787823,5.035247,7035.063477,3291.724346000001,31.87558805719447
5.032713,10217.844544,5.032713,6970.169922,3247.6746219999995,31.784341678079848
5.030181,10172.531355,5.030181,6947.35791,3225.1734449999994,31.704728473653347
5.027652,10153.076148,5.027652,6836.722168,3316.35398,32.66353892808409
5.025126,10131.915182,5.025126,6833.20752,3298.7076620000007,32.55759254538932
5.022602,10112.879933,5.022602,6820.905273,3291.97466,32.55229649526187
5.02008,10086.043484,5.02008,6819.147949,3266.8955349999997,32.39025828296736
5.017561,10074.391097,5.017561,6791.021973,3283.369124,32.591241419818786
5.015045,10069.430668,5.015045,6768.162598,3301.268070000001,32.78505189465396
5.012531,10048.381297,5.012531,6627.360352,3421.020945,34.04549293945847
5.01002,10045.390537,5.01002,6599.17334,3446.217196999999,34.30645313695482
5.007511,10045.172748,5.007511,6585.076172,3460.096576000001,34.44536657360032
5.005005,10042.420724,5.005005,6541.008301,3501.4124229999998,34.866219203823114
5.002501,10038.855683,5.002501,6521.611328,3517.244355,35.03630758390294
5.0,10031.902391,5.0,6468.689453,3563.2129379999997,35.51881586484228
4.997501,10030.089931,4.997501,6465.160156,3564.9297750000005,35.54235106089998
4.995005,10029.532926,4.995005,6451.041504,3578.491422,35.67954209236722
4.992511,10010.363395,4.992511,6443.981445,3566.38195,35.626897938403964
4.99002,10005.014844,4.99002,6385.714844,3619.2999999999993,36.17485887260318
4.987531,10002.592923,4.987531,6364.517578,3638.075345,36.371322646097056
4.985045,9911.292674,4.985045,6316.805664,3594.48701,36.266581244536454
4.982561,9901.054743,4.982561,6307.967285,3593.087458000001,36.289946387179576
4.98008,9834.584903,4.98008,6263.806641,3570.7782620000007,36.30837800699396
4.977601,9817.752197,4.977601,6212.12793,3605.624267,36.72555789401333
4.975124,9785.355704,4.975124,6173.51709,3611.8386139999993,36.910652236418684
4.97265,9768.838431,4.97265,6134.560059,3634.2783719999998,37.20276875976515
4.970179,9767.813019,4.970179,6131.017578,3636.7954409999993,37.23244326980702
4.96771,9718.782155,4.96771,6111.532227,3607.249928000001,37.11627517182477
4.965243,9668.216976,4.965243,5955.49707,3712.7199059999994,38.40128862660311
4.962779,9658.808797,4.962779,5946.623535,3712.185262,38.43315816700911
4.960317,9654.804207,4.960317,5941.299316,3713.5048909999996,38.46276746148416
4.957858,9541.916388,4.957858,5939.524414,3602.391973999999,37.75333829722508
4.955401,9531.200646,4.955401,5912.729492,3618.471153999999,37.964484102205724
4.952947,9500.337368,4.952947,5910.849121,3589.4882470000002,37.78274505377544
4.950495,9462.29716,4.950495,5861.393555,3600.9036050000004,38.05527922143591
4.948046,9443.733248,4.948046,5843.627441,3600.105807000001,38.12163804777558
4.945598,9405.222206,4.945598,5827.634766,3577.5874400000002,38.0383085230852
4.943154,9338.326293,4.943154,5825.857422,3512.468871,37.613473344071764
4.940711,9323.301383,4.940711,5806.307129,3516.994254,37.72262752776444
4.938272,9321.323888,4.938272,5797.418945,3523.9049430000005,37.804768778999005
4.935834,9286.752026,4.935834,5777.862793,3508.889233,37.783815301369174
4.933399,9267.775854,4.933399,5765.415527,3502.3603269999994,37.79073190994763
4.930966,9259.399204,4.930966,5688.916992,3570.482211999999,38.56062508307855
4.928536,9257.345202,4.928536,5662.216797,3595.1284050000004,38.83541476041416
4.926108,9222.260671,4.926108,5651.534668,3570.7260029999998,38.7185542719301
4.923683,9206.484894,4.923683,5642.631836,3563.8530579999997,38.710247168521555
4.92126,9176.049628,4.92126,5621.261719,3554.7879090000006,38.73985051424354
4.918839,9171.085774,4.918839,5585.633789,3585.451984999999,39.09517447939201
4.916421,9147.617287,4.916421,5537.515137,3610.102149999999,39.46494520633742
4.914005,9141.600692,4.914005,5498.288574,3643.312118,39.85420322710372
4.911591,9127.364213,4.911591,5478.669434,3648.6947790000004,39.9753389242779
4.90918,9085.616868,4.90918,5467.966309,3617.650558999999,39.81733559271629
4.906771,9029.76199,4.906771,5444.771973,3584.990017000001,39.70193257552296
4.904365,9027.518168,4.904365,5444.771973,3582.7461950000006,39.68694527472481
4.901961,9021.248882,4.901961,5434.064941,3587.1839410000002,39.7637177282346
4.899559,9015.998581,4.899559,5376.940918,3639.0576629999996,40.36222532985778
4.89716,9015.27622,4.89716,5348.365723,3666.910497,40.67441093890299
4.894763,8996.658792,4.894763,5320.818848,3675.8399440000003,40.85783432476762
4.892368,8967.049573,4.892368,5314.421387,3652.628186,40.733890855227905
4.889976,8886.883844,4.889976,5291.189453,3595.694391,40.46068851713012
4.887586,8858.423698,4.887586,5253.649414,3604.774284,40.69317981272293
4.885198,8840.464099,4.885198,5223.248535,3617.215564000001,40.91657998372695
4.882812,8828.839013,4.882812,5047.810059,3781.0289540000003,42.82589079303218
4.880429,8822.840952,4.880429,5020.928711,3801.912241000001,43.09170098026268
4.878049,8812.419017,4.878049,5013.759277,3798.65974,43.105754874706044
4.87567,8800.435729,4.87567,4971.027832,3829.407897000001,43.513844256381375
4.873294,8799.217725,4.873294,4968.937988,3830.2797370000008,43.52977567673495
4.870921,8685.914886,4.870921,4934.859375,3751.0555110000005,43.185496982545494
4.868549,8660.836826,4.868549,4846.918457,3813.918369000001,44.036372531006975
4.86618,8638.191625,4.86618,4766.086426,3872.1051989999996,44.82541447440974
4.863813,8631.10852,4.863813,4749.912109,3881.196411,44.96753113469138
4.861449,8629.931893,4.861449,4739.127441,3890.804452000001,45.0849960375232
4.859086,8594.778098,4.859086,4697.083496,3897.6946020000005,45.34956641762504
4.856727,8589.574875,4.856727,4647.412598,3942.1622770000004,45.89473093102294
4.854369,8578.526916,4.854369,4638.416504,3940.110412000001,45.92991839486117
4.852014,8560.067986,4.852014,4613.222656,3946.84533,46.107639991353686
4.849661,8530.628808,4.849661,4601.341797,3929.2870109999994,46.060930553151316
4.84731,8524.448952,4.84731,4557.413574,3967.0353780000005,46.53714744891818
4.844961,8485.630221,4.844961,4506.978516,3978.6517049999993,46.88693239488263
4.842615,8456.041653,4.842615,4470.9375,3985.104153,47.12730041468257
4.840271,8447.422541,4.840271,4467.333008,3980.0895330000003,47.116022830424676
4.837929,8439.14817,4.837929,4451.109863,3988.0383070000007,47.25640819030673
4.83559,8430.115295,4.83559,4328.450195,4101.665099999999,48.65491107141494
4.833253,8382.565766,4.833253,4185.760742,4196.805023999999,50.06587650075347
4.830918,8378.246827,4.830918,4178.530762,4199.7160650000005,50.12643040624995
4.828585,8275.729557,4.828585,4090.876709,4184.852848,50.56778159769921
4.826255,8245.38774,4.826255,4079.064941,4166.322799,50.52913132014819
4.823927,8213.839611,4.823927,4010.286621,4203.552989999999,51.17646787710084
4.821601,8203.586946,4.821601,3950.520508,4253.066438,51.84398563696286
4.819277,8169.996949,4.819277,3908.844971,4261.151978,52.15610243920056
4.816956,8163.270468,4.816956,3796.418701,4366.851767,53.49390031995201
4.814636,8148.563261,4.814636,3683.87085,4464.692411,54.79116094451341
4.81232,8134.598031,4.81232,3634.820312,4499.777719000001,55.31653441082
4.810005,8091.269615,4.810005,3483.89209,4607.377525,56.942578164230405
4.807692,8073.270597,4.807692,3483.89209,4589.378506999999,56.84658344915873
4.805382,8060.383341,4.805382,3385.582275,4674.801066,57.99725482311897
4.803074,8059.010928,4.803074,3290.828125,4768.182803,59.16585602872879
4.800768,8035.950317,4.800768,3272.596436,4763.353881,59.27555165346352
4.798464,8019.945025,4.798464,3272.596436,4747.348589,59.19427844207698
4.796163,8004.880075,4.796163,3199.63916,4805.240915,60.028893249846725
4.793864,7963.278622,4.793864,3197.814697,4765.463925,59.84298868853518
4.791567,7943.76821,4.791567,3059.057861,4884.710349000001,61.491098680987335
4.789272,7912.083835,4.789272,3027.996094,4884.087741,61.7294740911956
4.786979,7892.960824,4.786979,2918.295166,4974.665658,63.02661027878934
4.784689,7819.212972,4.784689,2835.947266,4983.265706,63.73103947730662
4.782401,7806.312409,4.782401,2815.808594,4990.503815,63.92908140912197
4.780115,7775.634486,4.780115,2812.146484,4963.488002,63.83386475967641
4.777831,7752.199335,4.777831,2806.65332,4945.546015,63.795392781911744
4.775549,7748.910789,4.775549,2786.509277,4962.4015119999995,64.03998764632054
4.77327,7743.367951,4.77327,2711.394287,5031.973664,64.98430264249752
4.770992,7703.926652,4.770992,2669.234619,5034.692033,65.35228410687107
4.768717,7693.518419,4.768717,2610.550781,5082.967638,66.06818052774197
4.766444,7650.319622,4.766444,2583.032227,5067.287394999999,66.23628351981552
4.764173,7615.686533,4.764173,2564.682861,5051.003672000001,66.32368139252037
4.761905,7606.15875,4.761905,2546.330322,5059.828428,66.52278231768433
4.759638,7581.318048,4.759638,2531.64624,5049.671808,66.6067796658674
4.757374,7478.029467,4.757374,2493.091309,4984.938158000001,66.66111948339024
4.755112,7463.979372,4.755112,2456.360107,5007.619264999999,67.09047567555362
4.752852,7461.440162,4.752852,2447.986572,5013.45359,67.19150031561963
4.750594,7453.318174,4.750594,2434.315674,5019.0025000000005,67.33916871425379
4.748338,7389.307409,4.748338,2430.641113,4958.666295999999,67.10596841539522
4.746084,7373.582281,4.746084,2406.753906,4966.828375,67.35977420091123
4.743833,7370.076764,4.743833,2287.24292,5082.833844000001,68.9658195804377
4.741584,7356.833567,4.741584,2152.873779,5203.959788,70.73640773039932
4.739336,7336.204511,4.739336,2116.032959,5220.171552,71.15629811263858
4.737091,7298.18199,4.737091,2077.337402,5220.844588,71.53623457394764
4.734848,7246.276939,4.734848,2068.122314,5178.154625,71.45951870995694
4.732608,7241.130788,4.732608,2055.219727,5185.911061000001,71.61742016307855
4.730369,7228.317554,4.730369,2042.315918,5186.001636,71.74562541362305
4.728132,7157.693912,4.728132,1985.153076,5172.540836,72.26546565966092
4.725898,7150.74174,4.725898,1960.891724,5189.850016,72.57778569975316
4.723666,7126.22714,4.723666,1924.271362,5201.955778,72.99733331261736
4.721435,7062.597904,4.721435,1870.743164,5191.854740000001,73.51196840838867
4.719207,7058.378259,4.719207,1857.818848,5200.559411,73.67923934040894
4.716981,7028.311394,4.716981,1765.461304,5262.85009,74.88071878108364
4.714757,6989.769989,4.714757,1711.860718,5277.909271,75.509055080582
4.712535,6983.981476,4.712535,1593.484253,5390.497223,77.18372738421623
4.710316,6954.306362,4.710316,1578.678955,5375.627407,77.29926073394924
4.708098,6937.085728,4.708098,1478.694946,5458.390782,78.6842053856769
4.705882,6820.830116,4.705882,1441.642822,5379.187294,78.86411481473115
4.703669,6807.820136,4.703669,1437.93689,5369.883246,78.87815980336882
4.701457,6725.085541,4.701457,1384.189331,5340.896210000001,79.41752082466189
4.699248,6718.246181,4.699248,1373.066162,5345.180019,79.56213385149246
4.697041,6701.356733,4.697041,1339.690552,5361.666181,80.00866682111013
4.694836,6676.541233,4.694836,1308.160767,5368.380466,80.4066099294919
4.692633,6651.344323,4.692633,1297.03064,5354.313683,80.49972190561634
4.690432,6622.283184,4.690432,1295.175537,5327.107647,80.44216018835839
4.688233,6612.299772,4.688233,1287.754761,5324.545011,80.52485813705785
4.686036,6608.313856,4.686036,1251.388428,5356.925428,81.06342320796696
4.683841,6594.728438,4.683841,1152.24646,5442.481978,82.52776485290052
4.681648,6583.873515,4.681648,1128.099121,5455.774394,82.86572306667406
4.679457,6535.032776,4.679457,1077.931763,5457.1010129999995,83.50533501593564
4.677268,6515.777236,4.677268,1025.88501,5489.892226,84.25537011406816
4.675082,6492.417561,4.675082,1003.572449,5488.845112,84.542392112478
4.672897,6445.542815,4.672897,992.414734,5453.128081,84.6030852251813
4.670715,6423.298791,4.670715,988.695251,5434.60354,84.60767149139458
4.668534,6421.543739,4.668534,886.36615,5535.177589,86.1969927166138
4.666356,6366.407536,4.666356,737.374329,5629.0332069999995,88.41773284493046
4.664179,6336.465188,4.664179,571.414185,5765.0510030000005,90.9821301301845
4.662005,6307.812457,4.662005,532.22345,5775.5890070000005,91.56247187708676
4.659832,6280.187157,4.659832,530.356934,5749.830223,91.55507756788974
4.657662,6248.571985,4.657662,356.651703,5891.920281999999,94.29226863583935
4.655493,6243.527529,4.655493,336.090454,5907.437075,94.6169781035012
4.653327,6185.055326,4.653327,323.004333,5862.050993,94.77766461292282
4.651163,6170.762484,4.651163,285.608124,5885.1543599999995,95.37159103529676
4.649,6131.080083,4.649,278.127594,5852.952489,95.46364441118328
4.64684,6078.742582,4.64684,268.776337,5809.966245,95.57842212638047
4.644682,6076.62275,4.644682,248.201172,5828.421578,95.91547505561374
4.642526,5954.474643,4.642526,193.942032,5760.532611,96.74291950797044
4.640371,5875.24494,4.640371,109.702324,5765.542616,98.13280424696643
4.638219,5867.584348,4.638219,87.229286,5780.3550620000005,98.51336971355627
4.636069,5838.144752,4.636069,74.118248,5764.026504,98.73044860741747
