RP,Loss_gen,ReturnPeriod,Loss_expected,Loss_Diff,Percent_Diff
10000.0,180000.0,10000.0,180000.0,0.0,0.0
5000.0,180000.0,5000.0,180000.0,0.0,0.0
3333.333333,174087.51,3333.333333,180000.0,5912.489999999991,3.3962746666891785
2500.0,173606.05,2500.0,174087.5,481.45000000001164,0.27732328452839733
2000.0,169346.81,2000.0,173648.984375,4302.174375000002,2.540451972493608
1666.666667,169170.51,1666.666667,173606.0625,4435.552499999991,2.6219419093788807
1428.571429,169170.51,1428.571429,169346.8125,176.3024999999907,0.10421585889880611
1250.0,167533.47,1250.0,169170.5,1637.0299999999988,0.9771360910748156
1111.111111,167533.47,1111.111111,167533.46875,0.0012500000011641532,7.461195671313637e-07
1000.0,158112.95,1000.0,158112.953125,0.003124999988358468,1.976435192916499e-06
909.090909,151987.0,909.090909,151987.0,0.0,0.0
833.333333,140287.52,833.333333,140287.515625,0.004374999989522621,3.1185952888201472e-06
769.230769,138368.48,769.230769,135229.34375,3139.1362500000105,2.268678712088194
714.285714,128933.91,714.285714,128933.90625,0.0037500000034924597,2.9084668288524405e-06
666.666667,122221.37,666.666667,122221.375,0.005000000004656613,4.090937619711359e-06
625.0,122221.37,625.0,119020.390625,3200.9793749999953,2.619001386582392
588.235294,118588.29,588.235294,116991.226562,1597.0634379999974,1.3467294603876971
555.555556,114487.74,555.555556,115911.578125,1423.8381249999948,1.2436599106594248
526.315789,114054.62,526.315789,115566.148438,1511.5284380000085,1.3252671728685856
500.0,113820.85,500.0,114487.742188,666.892187999998,0.5859139059319957
476.190476,113365.09,476.190476,114054.617188,689.5271880000073,0.6082359110728067
454.545455,112594.21,454.545455,113820.84375,1226.6337499999936,1.0894287992251055
434.782609,110805.19,434.782609,113365.09375,2559.9037499999977,2.3102742299345342
416.666667,110140.28,416.666667,112743.554688,2603.274688000005,2.3635991192323145
400.0,110140.28,400.0,111562.140625,1421.8606250000012,1.2909542494353574
384.615385,109905.29,384.615385,110805.1875,899.8975000000064,0.8187936176684547
370.37037,109005.92,370.37037,110140.28125,1134.3612500000017,1.0406418752302642
357.142857,108741.31,357.142857,109905.28125,1163.9712500000023,1.070403924690628
344.827586,108053.53,344.827586,109005.921875,952.3918750000012,0.8814074607280309
333.333333,106922.04,333.333333,108962.40625,2040.3662500000064,1.9082747111820972
322.580645,105282.63,322.580645,108053.53125,2770.9012499999953,2.6318693311517722
312.5,102547.21,312.5,106923.78125,4376.571249999994,4.267859895944506
303.030303,100700.11,303.030303,106158.046875,5457.936874999999,5.419990976176689
294.117647,99431.01,294.117647,103725.640625,4294.630625000005,4.31920647793883
285.714286,95380.5,285.714286,103066.84375,7686.34375,8.058611298955237
277.777778,93974.18,277.777778,101793.179688,7818.999688000011,8.320370220841525
270.27027,92838.51,270.27027,100726.765625,7888.255625000005,8.496749490055372
263.157895,91415.33,263.157895,99431.007812,8015.677811999994,8.768417520343682
256.410256,90605.64,256.410256,95380.507812,4774.867811999997,5.269945460348822
250.0,90000.01,250.0,94456.710938,4456.700938000009,4.95188938090119
243.902439,90000.01,243.902439,92838.507812,2838.4978120000014,3.15388610734599
238.095238,90000.01,238.095238,92299.609375,2299.5993750000052,2.555110132765547
232.55814,90000.0,232.55814,91722.875,1722.875,1.9143055555555555
227.272727,90000.0,227.272727,91415.328125,1415.328125,1.5725868055555556
222.222222,90000.0,222.222222,90125.4375,125.4375,0.139375
217.391304,90000.0,217.391304,90000.007812,0.007811999996192753,8.679999995769726e-06
212.765957,90000.0,212.765957,90000.007812,0.007811999996192753,8.679999995769726e-06
208.333333,90000.0,208.333333,90000.007812,0.007811999996192753,8.679999995769726e-06
204.081633,90000.0,204.081633,90000.0,0.0,0.0
200.0,90000.0,200.0,90000.0,0.0,0.0
196.078431,90000.0,196.078431,90000.0,0.0,0.0
192.307692,90000.0,192.307692,90000.0,0.0,0.0
188.679245,90000.0,188.679245,90000.0,0.0,0.0
185.185185,90000.0,185.185185,90000.0,0.0,0.0
181.818182,90000.0,181.818182,90000.0,0.0,0.0
178.571429,90000.0,178.571429,90000.0,0.0,0.0
175.438596,90000.0,175.438596,90000.0,0.0,0.0
172.413793,90000.0,172.413793,90000.0,0.0,0.0
169.491525,90000.0,169.491525,90000.0,0.0,0.0
166.666667,90000.0,166.666667,90000.0,0.0,0.0
163.934426,90000.0,163.934426,90000.0,0.0,0.0
161.290323,90000.0,161.290323,90000.0,0.0,0.0
158.730159,90000.0,158.730159,90000.0,0.0,0.0
156.25,90000.0,156.25,90000.0,0.0,0.0
153.846154,90000.0,153.846154,90000.0,0.0,0.0
151.515152,90000.0,151.515152,90000.0,0.0,0.0
149.253731,90000.0,149.253731,90000.0,0.0,0.0
147.058824,90000.0,147.058824,90000.0,0.0,0.0
144.927536,90000.0,144.927536,90000.0,0.0,0.0
142.857143,90000.0,142.857143,90000.0,0.0,0.0
140.84507,90000.0,140.84507,90000.0,0.0,0.0
138.888889,90000.0,138.888889,90000.0,0.0,0.0
136.986301,90000.0,136.986301,90000.0,0.0,0.0
135.135135,90000.0,135.135135,90000.0,0.0,0.0
133.333333,90000.0,133.333333,90000.0,0.0,0.0
131.578947,90000.0,131.578947,90000.0,0.0,0.0
129.87013,90000.0,129.87013,90000.0,0.0,0.0
128.205128,90000.0,128.205128,90000.0,0.0,0.0
126.582278,90000.0,126.582278,90000.0,0.0,0.0
125.0,90000.0,125.0,90000.0,0.0,0.0
123.45679,90000.0,123.45679,90000.0,0.0,0.0
121.95122,90000.0,121.95122,90000.0,0.0,0.0
120.481928,90000.0,120.481928,90000.0,0.0,0.0
119.047619,90000.0,119.047619,90000.0,0.0,0.0
117.647059,90000.0,117.647059,90000.0,0.0,0.0
116.27907,90000.0,116.27907,90000.0,0.0,0.0
114.942529,90000.0,114.942529,90000.0,0.0,0.0
113.636364,90000.0,113.636364,90000.0,0.0,0.0
112.359551,90000.0,112.359551,90000.0,0.0,0.0
111.111111,90000.0,111.111111,90000.0,0.0,0.0
109.89011,90000.0,109.89011,90000.0,0.0,0.0
108.695652,90000.0,108.695652,90000.0,0.0,0.0
107.526882,90000.0,107.526882,90000.0,0.0,0.0
106.382979,90000.0,106.382979,90000.0,0.0,0.0
105.263158,90000.0,105.263158,90000.0,0.0,0.0
104.166667,90000.0,104.166667,90000.0,0.0,0.0
103.092784,90000.0,103.092784,90000.0,0.0,0.0
102.040816,90000.0,102.040816,90000.0,0.0,0.0
101.010101,90000.0,101.010101,90000.0,0.0,0.0
100.0,90000.0,100.0,90000.0,0.0,0.0
99.009901,90000.0,99.009901,90000.0,0.0,0.0
98.039216,90000.0,98.039216,90000.0,0.0,0.0
97.087379,90000.0,97.087379,90000.0,0.0,0.0
96.153846,90000.0,96.153846,90000.0,0.0,0.0
95.238095,90000.0,95.238095,90000.0,0.0,0.0
94.339623,90000.0,94.339623,90000.0,0.0,0.0
93.457944,90000.0,93.457944,90000.0,0.0,0.0
92.592593,90000.0,92.592593,90000.0,0.0,0.0
91.743119,90000.0,91.743119,90000.0,0.0,0.0
90.909091,90000.0,90.909091,90000.0,0.0,0.0
90.09009,90000.0,90.09009,90000.0,0.0,0.0
89.285714,90000.0,89.285714,90000.0,0.0,0.0
88.495575,90000.0,88.495575,90000.0,0.0,0.0
87.719298,90000.0,87.719298,90000.0,0.0,0.0
86.956522,90000.0,86.956522,90000.0,0.0,0.0
86.206897,90000.0,86.206897,90000.0,0.0,0.0
85.470085,90000.0,85.470085,90000.0,0.0,0.0
84.745763,90000.0,84.745763,90000.0,0.0,0.0
84.033613,90000.0,84.033613,90000.0,0.0,0.0
83.333333,90000.0,83.333333,90000.0,0.0,0.0
82.644628,90000.0,82.644628,90000.0,0.0,0.0
81.967213,90000.0,81.967213,90000.0,0.0,0.0
81.300813,90000.0,81.300813,90000.0,0.0,0.0
80.645161,90000.0,80.645161,90000.0,0.0,0.0
80.0,90000.0,80.0,90000.0,0.0,0.0
79.365079,90000.0,79.365079,90000.0,0.0,0.0
78.740157,90000.0,78.740157,90000.0,0.0,0.0
78.125,90000.0,78.125,90000.0,0.0,0.0
77.51938,90000.0,77.51938,90000.0,0.0,0.0
76.923077,90000.0,76.923077,90000.0,0.0,0.0
76.335878,90000.0,76.335878,90000.0,0.0,0.0
75.757576,90000.0,75.757576,90000.0,0.0,0.0
75.18797,90000.0,75.18797,90000.0,0.0,0.0
74.626866,90000.0,74.626866,90000.0,0.0,0.0
74.074074,90000.0,74.074074,90000.0,0.0,0.0
73.529412,90000.0,73.529412,90000.0,0.0,0.0
72.992701,90000.0,72.992701,90000.0,0.0,0.0
72.463768,90000.0,72.463768,90000.0,0.0,0.0
71.942446,90000.0,71.942446,90000.0,0.0,0.0
71.428571,90000.0,71.428571,90000.0,0.0,0.0
70.921986,90000.0,70.921986,90000.0,0.0,0.0
70.422535,90000.0,70.422535,90000.0,0.0,0.0
69.93007,90000.0,69.93007,90000.0,0.0,0.0
69.444444,90000.0,69.444444,90000.0,0.0,0.0
68.965517,90000.0,68.965517,90000.0,0.0,0.0
68.493151,90000.0,68.493151,90000.0,0.0,0.0
68.027211,90000.0,68.027211,90000.0,0.0,0.0
67.567568,90000.0,67.567568,90000.0,0.0,0.0
67.114094,89999.99,67.114094,90000.0,0.00999999999476131,1.1111112339858383e-05
66.666667,88551.78,66.666667,90000.0,1448.2200000000012,1.63544990287039
66.225166,88551.78,66.225166,90000.0,1448.2200000000012,1.63544990287039
65.789474,88474.16,65.789474,90000.0,1525.8399999999965,1.724616543406568
65.359477,87973.3,65.359477,90000.0,2026.699999999997,2.3037671657195955
64.935065,87973.3,64.935065,89999.992188,2026.692188000001,2.3037582857526098
64.516129,87563.8,64.516129,88551.78125,987.9812499999971,1.1282987376061764
64.102564,86841.12,64.102564,88474.15625,1633.0362500000047,1.8804873198319008
63.694268,86826.0,63.694268,88420.15625,1594.15625,1.8360355769009282
63.291139,86005.79,63.291139,87973.304688,1967.5146880000102,2.287653759124834
62.893082,85706.38,62.893082,87728.375,2021.9949999999953,2.3592117646317523
62.5,85527.46,62.5,87563.804688,2036.3446879999974,2.380925012855517
62.111801,85216.44,62.111801,86826.0,1609.5599999999977,1.888790472824255
61.728395,84615.92,61.728395,86065.351562,1449.431561999998,1.7129537349472745
61.349693,84568.8,61.349693,85706.375,1137.574999999997,1.3451473829591967
60.97561,84551.79,60.97561,85217.046875,665.2568750000064,0.7868040108908474
60.606061,84332.16,60.606061,84805.226562,473.0665619999927,0.5609562970994608
60.240964,84282.75,60.240964,84615.921875,333.171875,0.39530256784454704
59.88024,84192.33,59.88024,84568.796875,376.46687499999825,0.4471510350170832
59.52381,84148.53,59.52381,84551.789062,403.25906199999736,0.47922294305081425
59.171598,84025.3,59.171598,84332.15625,306.8562499999971,0.36519506624790044
58.823529,83167.02,58.823529,84282.75,1115.729999999996,1.3415534186508016
58.479532,83062.7,58.479532,84148.53125,1085.831250000003,1.3072429020486969
58.139535,82424.81,58.139535,84025.296875,1600.4868750000023,1.941753793548329
57.803468,82158.14,57.803468,83167.023438,1008.8834380000044,1.2279774566464192
57.471264,81643.23,57.471264,83062.703125,1419.473125000004,1.7386293082721056
57.142857,80685.54,57.142857,82424.8125,1739.2725000000064,2.155618590394272
56.818182,80557.75,56.818182,82158.140625,1600.390625,1.9866376915939188
56.497175,80421.64,56.497175,81643.234375,1221.5943750000006,1.5189871469917804
56.179775,80057.92,56.179775,80591.851562,533.9315619999979,0.6669315940259226
55.865922,79154.42,55.865922,80557.75,1403.3300000000017,1.7729016269716864
55.555556,79062.8,55.555556,80421.640625,1358.840624999997,1.7186851781115735
55.248619,79062.8,55.248619,80057.921875,995.1218749999971,1.2586473980177746
54.945055,78920.12,54.945055,79144.921875,224.80187500000466,0.2848473557820296
54.644809,78767.84,54.644809,79080.367188,312.5271880000073,0.396770037111602
54.347826,78335.5,54.347826,79062.796875,727.296875,0.9284384155331874
54.054054,78335.5,54.054054,78920.117188,584.6171880000038,0.7462991721505624
53.763441,77862.8,53.763441,78767.84375,905.0437499999971,1.1623570562579268
53.475936,77526.62,53.475936,78746.984375,1220.3643750000047,1.5741230238078285
53.191489,77526.62,53.191489,78343.546875,816.9268750000047,1.0537372517981627
52.910053,77468.02,52.910053,78335.5,867.4799999999959,1.1197911086406958
52.631579,77245.2,52.631579,77862.796875,617.5968750000029,0.7995278347392496
52.356021,77225.57,52.356021,77526.617188,301.0471879999968,0.3898283793826278
52.083333,76614.89,52.083333,77468.015625,853.1256250000006,1.1135245707459744
51.813472,76504.2,51.813472,77245.195312,740.9953119999991,0.968568146585415
51.546392,76339.11,51.546392,76969.84375,630.7337499999994,0.8262262292552263
51.282051,76159.3,51.282051,76653.007812,493.7078119999933,0.6482567618137158
51.020408,75811.09,51.020408,76614.890625,803.8006250000035,1.0602678645037336
50.761421,75334.44,50.761421,76593.90625,1259.4662499999977,1.6718332943073548
50.505051,75239.39,50.505051,76504.203125,1264.8131250000006,1.681051806773022
50.251256,74848.78,50.251256,76339.109375,1490.3293750000012,1.9911204631525075
50.0,74804.63,50.0,76159.296875,1354.6668749999953,1.8109398776519519
49.751244,74753.29,49.751244,76026.296875,1273.0068750000064,1.7029442784391249
49.50495,74619.15,49.50495,75595.546875,976.3968750000058,1.3085070990489787
49.261084,74358.75,49.261084,75239.390625,880.640625,1.1843133793938172
49.019608,73967.81,49.019608,74848.78125,880.9712500000023,1.1910197827947082
48.780488,73760.45,48.780488,74804.632812,1044.182811999999,1.415640511954576
48.543689,73221.36,48.543689,74619.148438,1397.7884380000032,1.9089899969080104
48.309179,73130.59,48.309179,73956.085938,825.4959380000073,1.1287970437542036
48.076923,72913.23,48.076923,73783.296875,870.0668750000041,1.1932908129292916
47.84689,72913.23,47.84689,73760.453125,847.2231250000041,1.161960764870798
47.619048,72356.3,47.619048,73529.617188,1173.317188000001,1.6215826237660036
47.393365,71664.31,47.393365,73155.734375,1491.4243750000023,2.081125702598689
47.169811,70984.78,47.169811,72966.851562,1982.0715619999974,2.792248651048855
46.948357,70392.23,46.948357,72913.226562,2520.9965620000003,3.581356297420895
46.728972,70307.53,46.728972,72863.5625,2556.032500000001,3.6355031957458914
46.511628,70143.66,46.511628,72793.140625,2649.4806249999965,3.7772203859906885
46.296296,69916.78,46.296296,72374.890625,2458.110625000001,3.5157663510819592
46.082949,69916.78,46.082949,72356.304688,2439.524688000005,3.48918340919019
45.87156,69717.45,45.87156,71749.289062,2031.839061999999,2.9143909623774236
45.6621,69429.65,45.6621,71258.273438,1828.6234380000096,2.633778850966424
45.454545,69270.44,45.454545,70392.234375,1121.7943749999977,1.619441676709427
45.248869,69143.27,45.248869,70307.53125,1164.261249999996,1.6838388609621673
45.045045,68572.12,45.045045,70143.664062,1571.5440620000008,2.2918119813125233
44.843049,68464.48,44.843049,70123.875,1659.395000000004,2.4237312545132954
44.642857,68213.07,44.642857,69916.78125,1703.711249999993,2.497631685540605
44.444444,67996.62,44.444444,69717.453125,1720.8331250000047,2.5307627423245522
44.247788,67970.01,44.247788,69429.648438,1459.638438000009,2.1474742139952743
44.052863,67896.53,44.052863,69270.4375,1373.9075000000012,2.023531246736764
43.859649,67504.8,43.859649,68572.117188,1067.317188000001,1.5810982152380286
43.668122,67421.71,43.668122,68213.070312,791.3603119999898,1.1737470200622169
43.478261,67166.72,43.478261,67996.617188,829.8971880000026,1.2355779588462896
43.290043,67166.72,43.290043,67896.53125,729.8112499999988,1.0865667550834683
43.103448,67150.72,43.103448,67642.703125,491.98312499999884,0.7326550258880304
42.918455,67104.4,42.918455,67504.796875,400.3968750000058,0.5966775278521317
42.735043,66665.94,42.735043,67421.710938,755.7709380000015,1.1336687639895295
42.553191,66576.54,42.553191,67166.71875,590.1787500000064,0.8864665391142383
42.372881,66493.0,42.372881,67150.71875,657.71875,0.989154873445325
42.194093,66445.63,42.194093,67104.398438,658.7684379999992,0.9914398253128145
42.016807,66167.57,42.016807,66788.539062,620.9690619999892,0.9384794726479893
41.841004,66006.53,41.841004,66493.0,486.47000000000116,0.737002838961541
41.666667,65788.27,41.666667,66445.632812,657.3628119999921,0.9992097557816798
41.493776,65708.02,41.493776,66314.875,606.8549999999959,0.9235630597299932
41.322314,65708.02,41.322314,66237.132812,529.1128119999921,0.8052484491238545
41.152263,65649.08,41.152263,66167.570312,518.4903119999944,0.789790674903585
40.983607,65520.8,40.983607,66058.40625,537.6062499999971,0.8205123411191516
40.816327,65235.77,40.816327,66006.53125,770.7612500000032,1.1815009618189578
40.650407,64722.27,40.650407,65788.273438,1066.003438000007,1.6470427226980868
40.48583,64690.18,40.48583,65708.023438,1017.8434380000035,1.573412592143048
40.322581,64652.79,40.322581,65587.789062,934.9990619999953,1.4461851715911955
40.160643,64473.53,40.160643,65304.828125,831.2981250000012,1.2893634410897017
40.0,64029.88,40.0,65083.613281,1053.7332810000007,1.6456899200810633
39.840637,63787.95,39.840637,64722.265625,934.3156250000029,1.464721197342136
39.68254,63589.18,39.68254,64690.179688,1100.9996879999962,1.7314261451397805
39.525692,63344.41,39.525692,64652.789062,1308.379062,2.0655004316876577
39.370079,63227.31,39.370079,64491.710938,1264.4009379999989,1.9997702543410416
39.215686,63093.14,39.215686,64029.875,936.7350000000006,1.4846859737841556
39.0625,62709.91,39.0625,63678.875,968.9649999999965,1.545154505882717
38.910506,62709.91,38.910506,63589.183594,879.2735939999984,1.4021286173110412
38.75969,62622.31,38.75969,63344.410156,722.1001560000004,1.1531036718383598
38.610039,62264.0,38.610039,63325.171875,1061.171875,1.7043104763587305
38.461538,62264.0,38.461538,63089.445312,825.4453120000035,1.3257184119234284
38.314176,62100.59,38.314176,62746.070312,645.480312000007,1.0394109170299461
38.167939,61839.83,38.167939,62709.90625,870.0762499999983,1.4069835735318132
38.022814,61790.48,38.022814,62644.859375,854.3793749999968,1.38270389710518
37.878788,61406.63,37.878788,62622.3125,1215.6825000000026,1.9797251534565612
37.735849,61406.63,37.735849,62264.003906,857.3739060000007,1.396223674870288
37.593985,61376.01,37.593985,62100.59375,724.583749999998,1.1805650937556837
37.453184,61053.81,37.453184,61839.828125,786.0181250000023,1.2874186312041827
37.313433,60730.0,37.313433,61519.773438,789.7734379999965,1.3004667182611502
37.174721,60647.75,37.174721,61406.632812,758.8828120000035,1.2512959046296086
37.037037,60647.75,37.037037,61074.617188,426.86718799999653,0.7038467016500967
36.900369,60595.29,36.900369,60979.195312,383.9053120000026,0.6335563572680362
36.764706,60447.02,36.764706,60730.0,282.9800000000032,0.468145493359314
36.630037,60335.11,36.630037,60685.839844,350.7298440000013,0.5813030654953664
36.49635,60261.33,36.49635,60647.753906,386.42390599999635,0.6412468924930737
36.363636,59944.43,36.363636,60595.289062,650.8590620000032,1.085770707970704
36.231884,59944.43,36.231884,60516.023438,571.5934379999962,0.9535388659129734
36.101083,59888.55,36.101083,60447.015625,558.4656249999971,0.932508175602844
35.971223,59657.62,35.971223,60261.328125,603.7081249999974,1.0119547595093423
35.842294,59657.62,35.842294,59944.433594,286.8135939999993,0.48076606810663797
35.714286,59461.86,35.714286,59929.644531,467.7845309999975,0.7866967683150132
35.587189,59280.81,35.587189,59888.546875,607.7368750000023,1.0251831494880086
35.460993,58714.48,35.460993,59657.617188,943.1371879999933,1.6063110633015794
35.335689,58472.95,35.335689,59574.707031,1101.757031000001,1.8842166010095283
35.211268,58310.13,35.211268,59280.8125,970.6825000000026,1.6646893087015973
35.087719,58002.13,35.087719,58472.945312,470.8153120000061,0.8117207281870616
34.965035,58002.07,34.965035,58310.128906,308.0589059999984,0.531117089441805
34.843206,58002.07,34.843206,58002.132812,0.06281200000375975,0.00010829268680197061
34.722222,57878.57,34.722222,58002.074219,123.5042190000022,0.21338505598877477
34.602076,57820.66,34.602076,57939.570312,118.91031199999998,0.20565367465539128
34.482759,57791.9,34.482759,57878.566406,86.66640599999664,0.14996289445406127
34.364261,57437.26,34.364261,57820.65625,383.39624999999796,0.6675044213460007
34.246575,57437.26,34.246575,57791.898438,354.6384379999945,0.6174362043036079
34.129693,57223.64,34.129693,57437.261719,213.62171900000249,0.3733102595360982
34.013605,57223.64,34.013605,57351.492188,127.85218799999711,0.22342547240964944
33.898305,57191.55,33.898305,57223.640625,32.09062499999709,0.05611078035128806
33.783784,56863.26,33.783784,56863.257812,0.002187999998568557,3.847827223709222e-06
33.670034,56624.14,33.670034,56624.144531,0.004530999998678453,8.001887531852057e-06
33.557047,56391.1,33.557047,56479.652344,88.55234400000336,0.15703248207607826
33.444816,56386.49,33.444816,56386.492188,0.002187999998568557,3.880362119664759e-06
33.333333,56068.91,33.333333,56068.914062,0.004061999999976251,7.244656619820593e-06
33.222591,55896.73,33.222591,55889.601562,7.128437999999733,0.012752871232359625
33.112583,55889.6,33.112583,55621.300781,268.29921900000045,0.4800521367123767
33.0033,55533.57,33.0033,55607.515625,73.94562500000029,0.133154819688344
32.894737,55447.54,32.894737,55589.875,142.33499999999913,0.25670210076046496
32.786885,55345.21,32.786885,55513.492188,168.2821879999974,0.3040591733232152
32.679739,55067.99,32.679739,55447.539062,379.5490620000055,0.6892371811646031
32.57329,54990.42,32.57329,55067.992188,77.57218799999828,0.1410649127611651
32.467532,54623.65,32.467532,54990.421875,366.77187499999854,0.6714525210234001
32.36246,54372.12,32.36246,54955.144531,583.0245309999955,1.0722858167016394
32.258065,54340.35,32.258065,54800.953125,460.60312500000146,0.8476263494806372
32.154341,54138.63,32.154341,54681.832031,543.2020310000007,1.0033538547244374
32.051282,54079.12,32.051282,54623.648438,544.5284379999939,1.0069106856768266
31.948882,54075.22,31.948882,54532.664062,457.4440620000023,0.8459402698685318
31.847134,53966.28,31.847134,54372.117188,405.8371879999977,0.7520199428235514
31.746032,53775.32,31.746032,54138.632812,363.31281200000376,0.6756125523753346
31.64557,53619.6,31.64557,54079.125,459.52500000000146,0.8570093771680533
31.545741,53619.6,31.545741,53999.808594,380.20859400000336,0.7090850994785551
31.446541,53428.13,31.446541,53619.597656,191.46765600000072,0.3583648838168222
31.347962,53428.13,31.347962,53428.128906,0.0010939999992842786,2.0476104989717563e-06
31.25,53144.01,31.25,53144.011719,0.0017189999998663552,3.2346072489944874e-06
31.152648,52948.07,31.152648,53043.652344,95.5823440000022,0.180520921725763
31.055901,52884.37,31.055901,52948.066406,63.69640599999548,0.12044467202690602
30.959752,52736.54,30.959752,52799.625,63.08499999999913,0.11962294075416992
30.864198,52688.05,30.864198,52750.171875,62.12187499999709,0.11790505626986972
30.769231,52662.98,30.769231,52736.535156,73.5551559999949,0.13967146561017796
30.674847,52407.59,30.674847,52662.984375,255.3943750000035,0.48732325794794895
30.58104,52405.91,30.58104,52479.195312,73.28531199999998,0.13984169342732522
30.487805,52059.29,30.487805,52407.589844,348.29984400000103,0.6690445528550255
30.395137,52024.49,30.395137,52059.289062,34.799062000005506,0.06688977056767977
30.30303,51679.52,30.30303,51882.128906,202.6089060000013,0.39204873806877716
30.21148,51591.02,30.21148,51807.875,216.8550000000032,0.42033477919219897
30.120482,51537.47,30.120482,51739.195312,201.7253120000023,0.3914148521454435
30.03003,51458.79,30.03003,51679.519531,220.72953099999722,0.4289442697739244
29.94012,51424.42,29.94012,51537.472656,113.05265599999984,0.219842355052327
29.850746,51369.71,29.850746,51458.789062,89.07906200000434,0.17340775721724797
29.761905,51359.04,29.761905,51424.421875,65.38187499999913,0.12730353799447794
29.673591,51136.02,29.673591,51379.121094,243.1010940000051,0.4754008896273217
29.585799,50854.71,29.585799,51369.710938,515.0009379999974,1.0126907379867025
29.498525,50819.68,29.498525,51359.039062,539.3590620000032,1.0613192802473435
29.411765,50773.77,29.411765,51301.5625,527.7925000000032,1.0394983472765627
29.325513,50529.27,29.325513,51080.679688,551.4096879999997,1.091267869098445
29.239766,50388.67,29.239766,50854.707031,466.03703099999984,0.9248845643276551
29.154519,50374.3,29.154519,50819.679688,445.3796879999936,0.8841406987292997
29.069767,50374.3,29.069767,50688.550781,314.2507809999952,0.6238315589496929
28.985507,50190.4,28.985507,50529.273438,338.8734379999951,0.6751758065287287
28.901734,50040.7,28.901734,50388.671875,347.9718750000029,0.6953777125419967
28.818444,49979.51,28.818444,50374.300781,394.79078099999606,0.7899052651776619
28.735632,49855.13,28.735632,50190.402344,335.2723440000045,0.6724931697099267
28.653295,49687.31,28.653295,50082.449219,395.13921900000423,0.7952517836043131
28.571429,49403.73,28.571429,49979.507812,575.7778120000003,1.1654541306901327
28.490028,49378.09,28.490028,49964.246094,586.1560940000054,1.1870772927831057
28.409091,49378.09,28.409091,49855.132812,477.04281200000696,0.9661021963385117
28.328612,49304.54,28.328612,49687.3125,382.7724999999991,0.7763433144290548
28.248588,49163.98,28.248588,49636.132812,472.15281200000027,0.9603632822241004
28.169014,49163.98,28.169014,49482.859375,318.8793749999968,0.6486036626814932
28.089888,49157.62,28.089888,49403.730469,246.11046899999928,0.500655786427413
28.011204,49026.35,28.011204,49378.09375,351.74375000000146,0.7174585707481823
27.932961,49026.35,27.932961,49304.539062,278.1890620000049,0.5674276424820631
27.855153,49007.47,27.855153,49163.976562,156.5065620000023,0.31935246198182093
27.777778,48887.38,27.777778,49157.625,270.2450000000026,0.5527909247744563
27.700831,48887.38,27.700831,49026.351562,138.9715620000061,0.28426878675029443
27.624309,48799.16,27.624309,49007.980469,208.8204689999984,0.42791816293558826
27.548209,48796.94,27.548209,49001.175781,204.23578099999577,0.41854218932579734
27.472527,48640.46,27.472527,48887.375,246.91500000000087,0.5076329459055298
27.39726,48484.24,27.39726,48799.164062,314.9240620000055,0.6495390295898328
27.322404,48437.03,27.322404,48796.945312,359.91531200000463,0.7430581767709635
27.247956,48302.27,27.247956,48640.457031,338.1870310000013,0.7001472829330823
27.173913,48295.44,27.173913,48507.664062,212.22406200000114,0.4394287783691403
27.100271,48275.34,27.100271,48437.03125,161.6912500000035,0.3349354970881686
27.027027,48074.35,27.027027,48302.265625,227.91562500000146,0.4740898732900215
26.954178,47857.93,26.954178,48298.902344,440.9723440000016,0.9214195933672885
26.88172,47821.07,26.88172,48295.4375,474.3675000000003,0.991963375139871
26.809651,47810.45,26.809651,48140.53125,330.0812500000029,0.6903956143479154
26.737968,47589.0,26.737968,47894.640625,305.640625,0.6422505726113178
26.666667,47395.34,26.666667,47857.933594,462.5935940000054,0.9760318081904369
26.595745,47333.11,26.595745,47821.070312,487.9603120000029,1.0309069317439796
26.525199,47333.11,26.525199,47721.382812,388.2728120000029,0.8202985436621487
26.455026,47044.81,26.455026,47703.648438,658.8384379999989,1.4004487168722732
26.385224,47013.35,26.385224,47454.941406,441.59140599999955,0.9392893848236714
26.315789,46810.63,26.315789,47395.34375,584.7137500000026,1.2491046371305037
26.246719,46649.49,26.246719,47333.105469,683.6154690000039,1.4654296735076933
26.17801,46445.75,26.17801,47295.015625,849.265625,1.8285109509481492
26.109661,46445.75,26.109661,47251.921875,806.171875,1.7357279729576978
26.041667,46352.52,26.041667,47137.773438,785.2534379999997,1.6940900688894578
25.974026,46257.63,25.974026,47013.347656,755.7176560000007,1.6337146023261477
25.906736,46189.39,25.906736,46837.046875,647.6568750000006,1.402176722836133
25.839793,46189.39,25.839793,46810.628906,621.2389059999987,1.3449818367378281
25.773196,46122.35,25.773196,46649.492188,527.142187999998,1.1429213559152949
25.706941,46108.77,25.706941,46560.335938,451.56593799999973,0.9793493472066156
25.641026,46065.22,25.641026,46445.753906,380.53390599999693,0.8260763890848604
25.575448,45960.3,25.575448,46390.679688,430.3796879999936,0.936416185272928
25.510204,45907.32,25.510204,46352.519531,445.1995309999984,0.9697789611765583
25.445293,45907.32,25.445293,46275.503906,368.1839059999984,0.8020156829019826
25.380711,45808.33,25.380711,46205.394531,397.06453099999635,0.8667954736616601
25.316456,45655.29,25.316456,46189.386719,534.096719000001,1.1698462960152065
25.252525,45655.29,25.252525,46122.355469,467.06546900000103,1.0230259604089713
25.188917,45464.45,25.188917,46108.769531,644.319531000001,1.4171941615921912
25.125628,45464.45,25.125628,46095.996094,631.5460940000048,1.3890987221884457
25.062657,45190.39,25.062657,45960.296875,769.9068750000006,1.703696018113587
25.0,45190.39,25.0,45907.316406,716.9264059999987,1.586457665003552
24.937656,45111.35,24.937656,45797.878906,686.5289059999996,1.5218540478172335
24.875622,44884.53,24.875622,45655.289062,770.7590620000046,1.7172042616910652
24.813896,44789.98,24.813896,45558.972656,768.9926559999949,1.7168854641149534
24.752475,44712.34,24.752475,45464.453125,752.1131250000035,1.6821153287884365
24.691358,44673.31,24.691358,45344.136719,670.8267190000042,1.5016275243540367
24.630542,44536.95,24.630542,45344.09375,807.1437500000029,1.8123013587594188
24.570025,44505.75,24.570025,45329.144531,823.3945309999981,1.850085732742394
24.509804,44354.6,24.509804,45190.390625,835.7906250000015,1.8843380957104823
24.449878,44350.66,24.449878,45111.351562,760.691562,1.7151752916416574
24.390244,44350.66,24.390244,44925.523438,574.863437999993,1.296177865222283
24.3309,44137.79,24.3309,44884.53125,746.7412499999991,1.6918410504921049
24.271845,44137.79,24.271845,44789.980469,652.190469000001,1.477623752797775
24.213075,43986.15,24.213075,44712.335938,726.1859379999951,1.6509422579607334
24.154589,43916.11,24.154589,44673.3125,757.2024999999994,1.724202120816255
24.096386,43829.01,24.096386,44505.75,676.739999999998,1.5440458271815811
24.038462,43829.01,24.038462,44483.59375,654.583749999998,1.4934942632744796
23.980815,43812.58,23.980815,44354.601562,542.0215620000017,1.2371368269113612
23.923445,43790.61,23.923445,44350.664062,560.0540620000029,1.278936424955037
23.866348,43721.23,23.866348,44137.792969,416.5629689999987,0.9527704710045868
23.809524,43671.54,23.809524,43994.34375,322.8037499999991,0.7391627361892874
23.752969,43530.28,23.752969,43986.144531,455.86453099999926,1.0472354668979829
23.696682,43349.32,23.696682,43974.746094,625.4260940000022,1.442758719167918
23.640662,43345.38,23.640662,43916.105469,570.7254690000045,1.3166927340353332
23.584906,43338.79,23.584906,43829.011719,490.22171900000103,1.1311384535655034
23.529412,43280.54,23.529412,43812.582031,532.0420309999972,1.229286952057431
23.474178,43188.61,23.474178,43790.609375,601.9993749999994,1.393884579753781
23.419204,43176.19,23.419204,43721.234375,545.0443749999977,1.2623725599688107
23.364486,43176.19,23.364486,43700.792969,524.6029689999996,1.2150283964379431
23.310023,43171.45,23.310023,43345.382812,173.93281200000638,0.40288851080982085
23.255814,43171.45,23.255814,43338.789062,167.33906200000638,0.3876151067430128
23.201856,42939.14,23.201856,43284.878906,345.7389059999987,0.8051835830899237
23.148148,42878.96,23.148148,43280.542969,401.5829690000028,0.936550161197946
23.094688,42866.15,23.094688,43206.578125,340.42812499999854,0.7941653845750052
23.041475,42841.62,23.041475,43188.613281,346.9932809999955,0.8099443508438651
22.988506,42765.95,22.988506,43177.425781,411.475781000001,0.9621574663955811
22.93578,42705.91,22.93578,43176.1875,470.2774999999965,1.1012000446776489
22.883295,42626.73,22.883295,43171.445312,544.7153120000003,1.2778726212402411
22.83105,42509.07,22.83105,43031.980469,522.9104690000022,1.2301150530933802
22.779043,42458.27,22.779043,42878.964844,420.6948440000051,0.9908431125432222
22.727273,42406.54,22.727273,42866.152344,459.61234400000103,1.0838242025876221
22.675737,42382.2,22.675737,42834.761719,452.5617190000048,1.0678108238836228
22.624434,42275.92,22.624434,42705.914062,429.9940620000052,1.0171134347874753
22.573363,42217.12,22.573363,42667.394531,450.2745309999955,1.066568565075011
22.522523,42217.12,22.522523,42509.074219,291.9542189999993,0.69155408753605
22.47191,42152.68,22.47191,42406.542969,253.8629690000016,0.6022463316685952
22.421525,42124.2,22.421525,42382.203125,258.0031250000029,0.612481958114345
22.371365,42014.39,22.371365,42275.917969,261.5279690000025,0.6224723695857598
22.321429,41997.26,22.321429,42217.125,219.86499999999796,0.5235222488324189
22.271715,41896.5,22.271715,42152.675781,256.1757809999981,0.6114491210482931
22.222222,41756.18,22.222222,42043.601562,287.4215620000032,0.6883329892724938
22.172949,41718.44,22.172949,42014.390625,295.9506249999977,0.7094000279013253
22.123894,41684.85,22.123894,41997.257812,312.4078120000049,0.7494516880833323
22.075055,41656.54,22.075055,41896.5,239.95999999999913,0.5760440017341794
22.026432,41627.31,22.026432,41756.183594,128.87359400000423,0.3095890510340549
21.978022,41490.46,21.978022,41718.4375,227.97750000000087,0.5494696853204348
21.929825,41379.41,21.929825,41684.851562,305.441562,0.738148663791968
21.881838,41379.41,21.881838,41656.535156,277.1251559999946,0.6697175140969738
21.834061,41309.07,21.834061,41627.3125,318.2425000000003,0.77039376582431
21.786492,41158.21,21.786492,41490.460938,332.2509379999974,0.8072531288411168
21.73913,41057.84,21.73913,41379.40625,321.5662500000035,0.7832030374710494
21.691974,40993.72,21.691974,41337.546875,343.82687499999884,0.8387306031265248
21.645022,40993.72,21.645022,41250.242188,256.52218799999537,0.6257597212450965
21.598272,40859.86,21.598272,41177.101562,317.2415620000029,0.7764137273108691
21.551724,40839.63,21.551724,41155.511719,315.8817190000045,0.773468611248448
21.505376,40731.8,21.505376,41057.839844,326.039843999999,0.8004552806406763
21.459227,40711.9,21.459227,40993.71875,281.81874999999854,0.6922269655800848
21.413276,40709.19,21.413276,40859.863281,150.67328099999577,0.37012104883441743
21.367521,40516.0,21.367521,40839.632812,323.63281200000347,0.7987777964261119
21.321962,40516.0,21.321962,40711.902344,195.9023440000019,0.48351847171488277
21.276596,40476.58,21.276596,40516.0,39.419999999998254,0.09738965100311897
21.231423,40423.7,21.231423,40506.0,82.30000000000291,0.20359343652363074
21.186441,40378.61,21.186441,40476.582031,97.97203099999751,0.242633490850719
21.141649,40362.66,21.141649,40423.703125,61.04312499999651,0.15123662563368345
21.097046,40355.32,21.097046,40378.609375,23.28937500000029,0.057710792529957124
21.052632,40074.52,21.052632,40362.65625,288.1362500000032,0.7190011259024518
21.008403,40074.52,21.008403,40355.316406,280.7964060000013,0.7006856376570482
20.964361,40048.82,20.964361,40180.28125,131.4612500000003,0.32825249283249863
20.920502,39979.11,20.920502,40074.515625,95.40562499999942,0.238638691556664
20.876827,39749.24,20.876827,39988.328125,239.08812500000204,0.6014910599548622
20.833333,39640.6,20.833333,39979.109375,338.50937500000146,0.8539461436002519
20.790021,39599.65,20.790021,39599.648438,0.0015620000049239025,3.9444793197008115e-06
20.746888,39542.94,20.746888,39542.9375,0.0025000000023283064,6.322241093677674e-06
20.703934,39476.29,20.703934,39476.289062,0.000937999997404404,2.376109805162552e-06
20.661157,39476.29,20.661157,39339.09375,137.19625000000087,0.34754089100065094
20.618557,39358.81,20.618557,39307.609375,51.20062499999767,0.13008682173063077
20.576132,39307.61,20.576132,39087.238281,220.37171900000249,0.5606337271586914
20.533881,39307.61,20.533881,39009.539062,298.0709379999971,0.7583033870540516
20.491803,39087.24,20.491803,38985.992188,101.24781200000143,0.25903034340618947
20.449898,39009.54,20.449898,38911.855469,97.68453099999897,0.25041190180658107
20.408163,38952.44,20.408163,38878.132812,74.30718799999886,0.1907638853945962
20.366599,38911.86,20.366599,38874.085938,37.77406200000405,0.09707596090241909
20.325203,38878.13,20.325203,38745.84375,132.28624999999738,0.34025877787845604
20.283976,38874.09,20.283976,38652.09375,221.9962499999965,0.5710648146361664
20.242915,38652.09,20.242915,38632.140625,19.949374999996508,0.05161266829296038
20.20202,38646.72,20.20202,38597.601562,49.118437999997695,0.1270960071126287
20.16129,38597.6,20.16129,38575.980469,21.61953099999664,0.05601263031897487
20.120724,38575.98,20.120724,38571.453125,4.526875000003201,0.011734957867572518
20.080321,38529.85,20.080321,38516.367188,13.482812000002014,0.034993159848797785
20.04008,38508.84,20.04008,38508.839844,0.000155999994603917,4.0510177560247725e-07
20.0,38443.7,20.0,38443.699219,0.0007809999951859936,2.0315422167637186e-06
19.96008,38321.25,19.96008,38321.25,0.0,0.0
19.920319,38128.08,19.920319,38292.089844,164.00984400000016,0.43015500387116307
19.880716,38063.78,19.880716,38216.167969,152.38796900000307,0.4003490168343845
19.84127,38063.78,19.84127,38128.082031,64.30203099999926,0.16893233147101855
19.80198,37898.84,19.80198,38063.777344,164.9373440000054,0.4352042015006407
19.762846,37882.91,19.762846,37898.84375,15.933749999996508,0.042060522805656975
19.723866,37863.2,19.723866,37888.566406,25.366406000001007,0.06699488157366786
19.685039,37793.6,19.685039,37882.914062,89.31406200000492,0.23632059925491333
19.646365,37781.24,19.646365,37863.195312,81.9553120000055,0.21692065162500096
19.607843,37769.04,19.607843,37781.242188,12.202187999995658,0.032307381919147685
19.569472,37704.29,19.569472,37770.253906,65.96390599999722,0.17495066476519575
19.53125,37704.29,19.53125,37704.292969,0.0029690000010305084,7.874435511265451e-06
19.493177,37581.5,19.493177,37581.503906,0.0039059999980963767,1.0393411646944312e-05
19.455253,37480.05,19.455253,37513.261719,33.21171899999899,0.08861172543793028
19.417476,37460.35,19.417476,37460.347656,0.002344000000448432,6.257282701438806e-06
19.379845,37408.14,19.379845,37408.144531,0.004530999998678453,1.2112337043965439e-05
19.34236,37325.86,19.34236,37325.859375,0.0006250000005820766,1.6744423318902138e-06
19.305019,37320.33,19.305019,37323.613281,3.28328099999635,0.008797566902533686
19.267823,37209.42,19.267823,37215.910156,6.490155999999843,0.017442239088918458
19.230769,37138.68,19.230769,37209.421875,70.74187499999971,0.19048031594014572
19.193858,37138.68,19.193858,37184.519531,45.839530999997805,0.12342800282615807
19.157088,37014.04,19.157088,37138.683594,124.64359400000103,0.33674679662096063
19.120459,36902.9,19.120459,37014.039062,111.13906200000201,0.3011662010302768
19.083969,36825.27,19.083969,36871.859375,46.5893750000032,0.12651468678981365
19.047619,36741.5,19.047619,36825.265625,83.765625,0.22798640501884793
19.011407,36719.96,19.011407,36719.957031,0.0029690000010305084,8.085520793134058e-06
18.975332,36645.79,18.975332,36645.789062,0.000937999997404404,2.559639176572272e-06
18.939394,36597.14,18.939394,36614.234375,17.094375000000582,0.046709592607511355
18.903592,36597.14,18.903592,36597.144531,0.004530999998678453,1.2380748874579963e-05
18.867925,36582.16,18.867925,36582.15625,0.0037500000034924597,1.0250898261591059e-05
18.832392,36477.15,18.832392,36477.152344,0.002344000000448432,6.425940624331757e-06
18.796992,36305.63,18.796992,36398.777344,93.14734400000452,0.2565644612144302
18.761726,36273.53,18.761726,36364.25,90.72000000000116,0.250099728369423
18.726592,36267.8,18.726592,36363.855469,96.055468999999,0.26485055338343927
18.691589,36237.18,18.691589,36267.804688,30.62468799999624,0.08451178596125924
18.656716,36166.62,18.656716,36166.625,0.004999999997380655,1.382490262396833e-05
18.621974,36076.51,18.621974,36076.511719,0.0017189999998663552,4.764873320247316e-06
18.587361,36011.91,18.587361,36011.90625,0.0037500000034924597,1.0413221635543516e-05
18.552876,35975.98,18.552876,36009.246094,33.2660939999987,0.0924675130462011
18.518519,35975.98,18.518519,35975.976562,0.0034379999997327104,9.556376225839324e-06
18.484288,35949.09,18.484288,35949.089844,0.000155999994603917,4.3394699171499754e-07
18.450185,35935.4,18.450185,35935.398438,0.0015620000049239025,4.346688794124742e-06
18.416206,35807.84,18.416206,35848.113281,40.27328100000159,0.11247056789798435
18.382353,35797.37,18.382353,35807.839844,10.469843999999284,0.029247522932548627
18.348624,35797.37,18.348624,35797.367188,0.0028120000060880557,7.855325701547504e-06
18.315018,35717.59,18.315018,35717.59375,0.0037500000034924597,1.0499028639649147e-05
18.281536,35692.27,18.281536,35693.1875,0.9175000000032014,0.002570584611186684
18.248175,35692.27,18.248175,35692.269531,0.000468999998702202,1.314010004693459e-06
18.214936,35495.73,18.214936,35496.484375,0.7543749999967986,0.002125255629330059
18.181818,35393.07,18.181818,35495.726562,102.65656200000376,0.29004706853630885
18.14882,35393.07,18.14882,35454.679688,61.60968799999682,0.17407274361901023
18.115942,35320.63,18.115942,35393.066406,72.43640600000072,0.20508242916392125
18.083183,35320.63,18.083183,35381.613281,60.983281000000716,0.17265626632367745
18.050542,35288.97,18.050542,35320.632812,31.662812000002305,0.08972438696851255
18.018018,35269.62,18.018018,35288.96875,19.34874999999738,0.05485953633749776
17.985612,35258.2,17.985612,35269.617188,11.417187999999442,0.03238165306226479
17.953321,35188.98,17.953321,35258.195312,69.21531200000027,0.19669598834635235
17.921147,35168.87,17.921147,35168.867188,0.0028120000060880557,7.995707584827306e-06
17.889088,35149.45,17.889088,35165.609375,16.15937500000291,0.045973336709402034
17.857143,35085.14,17.857143,35105.722656,20.58265599999868,0.05866488205547613
17.825312,35028.38,17.825312,35085.140625,56.76062500000262,0.1620418215173029
17.793594,34917.78,17.793594,35072.992188,155.2121879999977,0.4445076061536492
17.761989,34882.31,17.761989,35028.375,146.06500000000233,0.41873660316648276
17.730496,34882.31,17.730496,34917.777344,35.46734400000423,0.10167716530242474
17.699115,34878.33,17.699115,34882.3125,3.9824999999982538,0.011418264578602972
17.667845,34864.62,17.667845,34879.945312,15.32531200000085,0.04395662995896943
17.636684,34836.99,17.636684,34870.65625,33.66625000000204,0.09663937670849874
17.605634,34815.68,17.605634,34864.617188,48.93718799999624,0.14056077031956934
17.574692,34674.75,17.574692,34836.992188,162.24218799999653,0.4678972105061941
17.54386,34671.73,17.54386,34815.683594,143.9535939999987,0.4151901102137064
17.513135,34654.42,17.513135,34798.78125,144.36125000000175,0.4165738454142408
17.482517,34610.88,17.482517,34757.507812,146.6278120000061,0.42364658743148426
17.452007,34601.14,17.452007,34674.746094,73.60609400000249,0.21272736678618823
17.421603,34528.09,17.421603,34654.421875,126.33187500000349,0.36588144609216294
17.391304,34517.39,17.391304,34610.878906,93.48890599999868,0.27084581424029647
17.361111,34510.23,17.361111,34601.140625,90.9106249999968,0.2634309449690622
17.331023,34479.86,17.331023,34528.09375,48.23374999999942,0.13988963412264266
17.301038,34472.2,17.301038,34517.394531,45.19453100000101,0.13110428403177346
17.271157,34442.32,17.271157,34510.234375,67.91437500000029,0.19718292786316455
17.241379,34425.76,17.241379,34479.855469,54.095468999999866,0.15713660061535276
17.211704,34425.76,17.211704,34461.601562,35.84156200000143,0.10411262380264498
17.182131,34393.44,17.182131,34442.324219,48.884218999999575,0.14213239210733086
17.152659,34384.47,17.152659,34425.761719,41.29171900000074,0.12008828113389777
17.123288,34345.39,17.123288,34417.859375,72.46937500000058,0.21100175307370386
17.094017,34341.93,17.094017,34384.472656,42.542655999997805,0.12387963052745668
17.064846,34341.93,17.064846,34372.285156,30.355155999997805,0.08839094366565248
17.035775,34332.12,17.035775,34345.394531,13.274530999995477,0.038665048939580414
17.006803,34312.58,17.006803,34341.925781,29.34578099999635,0.08552484540654287
16.977929,34304.54,16.977929,34332.117188,27.577187999995658,0.08038932456169258
16.949153,34290.79,16.949153,34312.578125,21.788124999999127,0.06353929145405844
16.920474,34272.06,16.920474,34308.03125,35.97125000000233,0.10495794533506983
16.891892,34247.56,16.891892,34304.539062,56.9790620000058,0.16637407745254204
16.863406,34237.68,16.863406,34296.285156,58.605155999997805,0.17117151629432195
16.835017,34146.48,16.835017,34282.957031,136.4770309999949,0.3996811120794731
16.806723,34095.7,16.806723,34272.0625,176.3625000000029,0.5172573081063093
16.778523,34078.86,16.778523,34237.679688,158.81968799999595,0.4660358004933145
16.750419,34052.29,16.750419,34230.054688,177.76468799999566,0.5220344593564652
16.722408,34044.98,16.722408,34146.480469,101.5004689999987,0.2981363742907139
16.694491,34012.4,16.694491,34095.699219,83.29921900000045,0.24490838341310947
16.666667,34007.97,16.666667,34052.292969,44.32296900000074,0.13033112238102051
16.638935,33999.69,16.638935,34007.96875,8.278749999997672,0.024349486715901442
16.611296,33990.5,16.611296,33999.6875,9.1875,0.02702961121489828
16.583748,33990.5,16.583748,33990.496094,0.0039059999980963767,1.1491446133762012e-05
16.556291,33987.82,16.556291,33987.820312,0.00031200000375974923,9.179759212557594e-07
16.528926,33881.06,16.528926,33972.5625,91.50250000000233,0.27006976759287443
16.50165,33876.67,16.50165,33879.417969,2.74796900000365,0.008111685711741
16.474465,33876.67,16.474465,33876.671875,0.0018750000017462298,5.534782497058388e-06
16.447368,33870.68,16.447368,33868.355469,2.3245309999983874,0.006862959350088003
16.420361,33868.36,16.420361,33853.242188,15.11781200000405,0.04463697681258865
16.393443,33853.24,16.393443,33793.480469,59.75953099999606,0.17652529270461575
16.366612,33853.24,16.366612,33770.894531,82.34546899999987,0.24324250500099803
16.339869,33793.48,16.339869,33658.902344,134.5776560000013,0.3982355649669737
16.313214,33658.9,16.313214,33589.609375,69.29062500000146,0.20586122838239354
16.286645,33658.9,16.286645,33530.351562,128.548437999998,0.3819151487422286
16.260163,33589.61,16.260163,33469.269531,120.34046900000249,0.35826694326014047
16.233766,33589.61,16.233766,33452.652344,136.95765599999868,0.407738154744871
16.207455,33408.73,16.207455,33437.375,28.6449999999968,0.08574106229119394
16.18123,33364.8,16.18123,33342.507812,22.29218799999944,0.06681349206349038
16.155089,33342.51,16.155089,33311.425781,31.08421900000394,0.09322699160922181
16.129032,33342.51,16.129032,33235.289062,107.22093799999857,0.3215742845994455
16.10306,33262.4,16.10306,33106.09375,156.30625000000146,0.4699187370724946
16.07717,33235.29,16.07717,33103.101562,132.1884379999974,0.3977351724627569
16.051364,33171.71,16.051364,33073.078125,98.63187499999913,0.2973373244852289
16.025641,33106.09,16.025641,33044.207031,61.88296899999841,0.18692321865855624
16.0,33073.08,16.0,33043.21875,29.861250000001746,0.0902886879601227
15.974441,33044.21,15.974441,33020.085938,24.124062000002596,0.0730054130511899
15.948963,33020.09,15.948963,32999.433594,20.656405999994604,0.06255708570144601
15.923567,33011.7,15.923567,32965.679688,46.02031200000056,0.13940606512236742
15.898251,32999.43,15.898251,32940.6875,58.74250000000029,0.17801065048699416
15.873016,32965.68,15.873016,32918.027344,47.65265599999839,0.14455232229396872
15.847861,32918.03,15.847861,32866.335938,51.694062000002305,0.15703874745846672
15.822785,32866.34,15.822785,32819.421875,46.91812499999651,0.14275433467796084
15.797788,32792.54,15.797788,32792.539062,0.000937999997404404,2.8604066577471704e-06
15.772871,32792.54,15.772871,32790.125,2.415000000000873,0.00736447984816325
15.748031,32790.12,15.748031,32783.316406,6.803594000004523,0.020748914612098164
15.72327,32783.32,15.72327,32779.820312,3.4996879999962403,0.010675209222239359
15.698587,32779.82,15.698587,32706.580078,73.23992200000066,0.2234299090110948
15.673981,32779.82,15.673981,32700.0625,79.75749999999971,0.24331280647666678
15.649452,32706.58,15.649452,32646.787109,59.792891000000964,0.18281609082943237
15.625,32700.06,15.625,32641.357422,58.70257800000036,0.17951825776466576
15.600624,32646.79,15.600624,32630.492188,16.297812000000704,0.04992163701240061
15.576324,32641.36,15.576324,32581.0,60.36000000000058,0.18491876563966878
15.5521,32630.49,15.5521,32579.667969,50.822031000003335,0.15575013124229312
15.52795,32579.67,15.52795,32541.277344,38.39265599999999,0.11784237225238928
15.503876,32541.28,15.503876,32519.566406,21.7135939999971,0.0667263057875938
15.479876,32519.57,15.479876,32475.390625,44.17937499999971,0.13585473301153647
15.455951,32475.39,15.455951,32464.966797,10.423202999998466,0.03209569769600447
15.432099,32411.54,15.432099,32411.544922,0.004922000000078697,1.5185949202286274e-05
15.40832,32410.26,15.40832,32399.412109,10.847890999997617,0.033470546055470146
15.384615,32392.92,15.384615,32392.921875,0.0018750000017462298,5.788301893581159e-06
15.360983,32367.99,15.360983,32367.994141,0.0041409999976167455,1.279350369799529e-05
15.337423,32364.91,15.337423,32364.910156,0.00015600000187987462,4.820035089851158e-07
15.313936,32303.87,15.313936,32303.201172,0.6688279999980296,0.002070426855971218
15.29052,32221.23,15.29052,32221.234375,0.0043750000004365575,1.3578004317142944e-05
15.267176,32200.12,15.267176,32192.089844,8.030156000000716,0.02493827973312123
15.243902,32192.09,15.243902,32186.402344,5.68765600000188,0.0176678681005237
15.2207,32186.4,15.2207,32177.193359,9.206641000000673,0.028604134044194665
15.197568,32177.19,15.197568,32160.351562,16.83843799999886,0.05233035575822146
15.174507,32160.35,15.174507,32156.642578,3.7074219999994966,0.011527928023169825
15.151515,32156.64,15.151515,32135.804688,20.83531199999925,0.06479318734792955
15.128593,32135.8,15.128593,32074.992188,60.8078119999991,0.18922140416606748
15.10574,32069.63,15.10574,32069.634766,0.004765999998198822,1.486141248963216e-05
15.082956,32049.41,15.082956,32049.412109,0.002109000000928063,6.580464354657583e-06
15.060241,31900.26,15.060241,32016.882812,116.62281200000143,0.365585772655149
15.037594,31900.26,15.037594,31967.859375,67.5993750000016,0.21190853930344644
15.015015,31884.86,15.015015,31940.431641,55.571640999998635,0.17428848989770893
14.992504,31853.49,14.992504,31900.263672,46.77367199999935,0.14684002286719397
14.97006,31849.2,14.97006,31884.855469,35.65546899999754,0.11195090928499786
14.947683,31844.79,14.947683,31853.488281,8.698281000000861,0.02731461253159735
14.925373,31800.73,14.925373,31849.197266,48.467265999999654,0.15240928745975219
14.90313,31800.73,14.90313,31844.792969,44.0629689999987,0.13855961482644802
14.880952,31774.83,14.880952,31800.726562,25.896561999998085,0.081500237766805
14.858841,31714.66,14.858841,31774.826172,60.1661720000011,0.18971091602432785
14.836795,31680.88,14.836795,31738.53125,57.65124999999898,0.18197490094971788
14.814815,31675.88,14.814815,31714.664062,38.78406199999881,0.1224403615621691
14.792899,31623.08,14.792899,31695.128906,72.04890599999999,0.2278364599526674
14.771049,31617.83,14.771049,31680.880859,63.050858999999036,0.19941551649812475
14.749263,31599.01,14.749263,31675.876953,76.86695300000065,0.24325747230688763
14.727541,31563.72,14.727541,31623.083984,59.36398399999962,0.18807663988908663
14.705882,31509.27,14.705882,31617.832031,108.5620310000013,0.34453997506131145
14.684288,31487.92,14.684288,31608.896484,120.97648400000253,0.3841996676820906
14.662757,31476.82,14.662757,31599.007812,122.18781200000012,0.3881834696135128
14.641288,31417.11,14.641288,31509.271484,92.1614840000002,0.2933480641599441
14.619883,31407.39,14.619883,31501.960938,94.57093800000075,0.3011104647664156
14.59854,31343.4,14.59854,31487.921875,144.52187499999854,0.46109188856345684
14.577259,31328.73,14.577259,31476.820312,148.09031200000027,0.4726981017104756
14.556041,31304.69,14.556041,31417.107422,112.41742200000226,0.35910728392455654
14.534884,31284.37,14.534884,31407.390625,123.02062500000102,0.39323350606069746
14.513788,31261.97,14.513788,31343.398438,81.428437999999,0.26047123069978956
14.492754,31261.97,14.492754,31304.693359,42.72335899999962,0.13666240163367702
14.47178,31201.67,14.47178,31294.611328,92.9413280000008,0.2978729279554614
14.450867,31078.5,14.450867,31289.123047,210.62304700000095,0.6777130395611145
14.430014,31078.5,14.430014,31284.371094,205.87109399999827,0.6624228775519998
14.409222,31065.65,14.409222,31261.970703,196.3207029999976,0.6319542742546754
14.388489,31065.65,14.388489,31195.816406,130.16640600000028,0.41900428930345984
14.367816,31060.83,14.367816,31113.726562,52.896561999998085,0.17029989861828573
14.347202,31037.51,14.347202,31078.501953,40.99195300000065,0.13207229896986147
14.326648,30963.14,14.326648,31065.650391,102.5103909999998,0.3310723363328132
14.306152,30910.61,14.306152,31060.826172,150.21617200000037,0.48596961366987057
14.285714,30904.35,14.285714,31037.513672,133.1636720000024,0.43088973558739274
14.265335,30897.62,14.265335,30995.761719,98.14171899999928,0.31763520620681884
14.245014,30881.97,14.245014,30963.142578,81.17257799999788,0.26284779759839766
14.224751,30865.13,14.224751,30910.605469,45.47546899999725,0.14733606824269732
14.204545,30811.34,14.204545,30904.347656,93.00765600000159,0.30186176907593626
14.184397,30787.92,14.184397,30897.623047,109.7030470000027,0.35631847490834945
14.164306,30774.83,14.164306,30881.970703,107.1407029999973,0.3481439312581005
14.144272,30763.61,14.144272,30865.126953,101.51695299999847,0.3299903782423404
14.124294,30732.9,14.124294,30818.984375,86.08437499999854,0.2801049526728638
14.104372,30659.01,14.104372,30787.916016,128.90601600000082,0.4204506799143247
14.084507,30629.84,14.084507,30774.830078,144.9900779999989,0.4733621788425891
14.064698,30616.1,14.064698,30763.605469,147.50546899999972,0.4817905252465197
14.044944,30616.1,14.044944,30761.919922,145.8199220000024,0.4762850983632873
14.025245,30590.85,14.025245,30629.837891,38.98789100000067,0.1274495184017465
14.005602,30560.32,14.005602,30620.109375,59.78937500000029,0.1956438119757918
13.986014,30538.69,13.986014,30616.099609,77.40960900000209,0.2534804505366867
13.96648,30513.65,13.96648,30590.847656,77.19765600000028,0.25299384373878664
13.947001,30475.78,13.947001,30560.316406,84.5364060000029,0.27738881826815553
13.927577,30453.59,13.927577,30538.693359,85.10335900000064,0.2794526326781198
13.908206,30417.46,13.908206,30509.904297,92.44429700000182,0.3039185290290571
13.888889,30402.86,13.888889,30476.9375,74.07749999999942,0.2436530642182986
13.869626,30370.39,13.869626,30453.585938,83.19593800000075,0.2739376675768759
13.850416,30370.39,13.850416,30417.460938,47.07093800000075,0.1549895737262536
13.831259,30366.79,13.831259,30370.392578,3.602577999998175,0.011863545669457243
13.812155,30359.14,13.812155,30366.785156,7.645156000002316,0.02518238658935107
13.793103,30314.42,13.793103,30359.144531,44.72453100000348,0.14753549960712917
13.774105,30299.97,13.774105,30314.417969,14.447968999997101,0.047683113217594275
13.755158,30247.17,13.755158,30299.970703,52.800703000000794,0.17456410963406097
13.736264,30175.54,13.736264,30266.441406,90.90140600000086,0.30124201919833365
13.717421,30175.54,13.717421,30257.386719,81.84671899999739,0.2712353084650594
13.69863,30136.26,13.69863,30247.171875,110.9118750000016,0.36803463668020386
13.679891,30136.26,13.679891,30175.544922,39.28492200000255,0.13035765552859763
13.661202,30129.55,13.661202,30149.076172,19.52617200000168,0.0648073801301436
13.642565,30106.26,13.642565,30136.255859,29.995859000002383,0.09963329553389358
13.623978,30092.28,13.623978,30129.552734,37.27273400000195,0.12386144885001052
13.605442,30063.44,13.605442,30092.277344,28.837343999999575,0.09592163771012092
13.586957,30016.27,13.586957,30083.96875,67.69874999999956,0.2255401820412715
13.568521,29940.87,13.568521,30063.441406,122.57140600000275,0.4093782378401254
13.550136,29921.7,13.550136,30048.552734,126.85273400000005,0.4239489534351325
13.5318,29898.55,13.5318,30021.173828,122.62382799999978,0.4101330265180077
13.513514,29878.45,13.513514,29940.867188,62.41718799999944,0.2089037014972311
13.495277,29826.46,13.495277,29921.697266,95.23726600000009,0.31930462414916183
13.477089,29826.46,13.477089,29898.546875,72.08687500000087,0.24168766591811724
13.45895,29816.15,13.45895,29866.787109,50.63710899999933,0.16983114520150766
13.44086,29784.72,13.44086,29826.464844,41.7448439999971,0.14015523395887924
13.422819,29754.81,13.422819,29816.150391,61.34039099999791,0.20615285730272823
13.404826,29673.46,13.404826,29784.722656,111.26265600000261,0.3749567997800142
13.386881,29673.46,13.386881,29754.810547,81.35054700000182,0.27415254911291714
13.368984,29673.46,13.368984,29673.464844,0.0048439999991387594,1.6324351791596797e-05
13.351135,29645.75,13.351135,29645.748047,0.0019529999990481883,6.5877908268409074e-06
13.333333,29640.89,13.333333,29619.888672,21.001327999998466,0.07085255537198265
13.315579,29619.89,13.315579,29604.234375,15.655624999999418,0.05285510850985408
13.297872,29604.23,13.297872,29603.212891,1.017109000000346,0.003435688075657924
13.280212,29603.21,13.280212,29587.455078,15.754922000000079,0.053220316310292295
13.262599,29553.87,13.262599,29553.865234,0.004765999998198822,1.612648359825235e-05
13.245033,29536.79,13.245033,29536.789062,0.0009380000010423828,3.175700545124852e-06
13.227513,29536.79,13.227513,29525.4375,11.352500000000873,0.03843511769559547
13.21004,29525.44,13.21004,29432.957031,92.48296899999696,0.3132314675073325
13.192612,29492.27,13.192612,29384.375,107.89500000000044,0.36584162561918915
13.175231,29402.38,13.175231,29285.738281,116.64171899999928,0.3967084263246692
13.157895,29384.38,13.157895,29242.349609,142.03039100000024,0.4833533700557923
13.140604,29285.74,13.140604,29222.751953,62.98804700000255,0.21508094724600624
13.12336,29243.7,13.12336,29184.113281,59.58671899999899,0.20375916522190762
13.10616,29222.75,13.10616,29155.570312,67.17968800000017,0.22988831646576785
13.089005,29222.75,13.089005,29130.980469,91.76953100000173,0.31403454842546213
13.071895,29184.11,13.071895,29108.003906,76.10609399999885,0.26077921855420244
13.05483,29155.57,13.05483,29101.824219,53.74578100000144,0.1843413831388014
13.03781,29108.0,13.03781,29061.734375,46.265625,0.15894470592277038
13.020833,29072.08,13.020833,29056.910156,15.169844000000012,0.05218011232770415
13.003901,29056.91,13.003901,29050.771484,6.138515999999072,0.021125838914045132
12.987013,29050.77,12.987013,28909.142578,141.6274220000014,0.4875169298438609
12.970169,29013.73,12.970169,28881.740234,131.98976599999878,0.45492174222341897
12.953368,28909.14,12.953368,28827.708984,81.43101599999864,0.2816791367712725
12.936611,28909.14,12.936611,28822.773438,86.36656199999925,0.29875175117626895
12.919897,28881.74,12.919897,28815.716797,66.02320300000065,0.22859842585661616
12.903226,28822.77,12.903226,28735.777344,86.99265600000217,0.30181920752239344
12.886598,28815.72,12.886598,28645.582031,170.13796899999943,0.5904345579426765
12.870013,28815.72,12.870013,28637.550781,178.16921899999943,0.6183056297048951
12.85347,28778.21,12.85347,28618.792969,159.41703100000086,0.5539504750295479
12.83697,28735.78,12.83697,28613.441406,122.3385939999971,0.4257361171334034
12.820513,28645.58,12.820513,28567.503906,78.07609400000001,0.2725589567395738
12.804097,28637.55,12.804097,28550.365234,87.18476599999849,0.30444212581033814
12.787724,28630.25,12.787724,28548.839844,81.41015600000173,0.28435014014897436
12.771392,28617.54,12.771392,28508.900391,108.63960900000166,0.37962595317417797
12.755102,28551.82,12.755102,28403.654297,148.16570299999876,0.5189361063497835
12.738854,28550.37,12.738854,28359.181641,191.18835899999976,0.6696528241140125
12.722646,28548.84,12.722646,28338.996094,209.84390600000188,0.7350347895045889
12.70648,28508.9,12.70648,28300.464844,208.4351560000032,0.7311231089238911
12.690355,28448.29,12.690355,28258.570312,189.71968800000104,0.6668931173016059
12.674271,28403.65,12.674271,28222.734375,180.91562500000146,0.6369449877040502
12.658228,28360.35,12.658228,28191.916016,168.43398399999933,0.5939065773165682
12.642225,28339.0,12.642225,28180.771484,158.22851599999922,0.5583419174988504
12.626263,28339.0,12.626263,28134.119141,204.88085900000078,0.7229643212533992
12.61034,28303.95,12.61034,28126.576172,177.37382799999978,0.6266751743131251
12.594458,28261.58,12.594458,28021.771484,239.80851600000096,0.8485318796755204
12.578616,28222.73,12.578616,28014.3125,208.41749999999956,0.7384739180086389
12.562814,28222.73,12.562814,28006.501953,216.22804700000052,0.7661485866179513
12.547051,28191.92,12.547051,27969.232422,222.6875779999973,0.7898985879642014
12.531328,28191.92,12.531328,27924.03125,267.88874999999825,0.9502323715447486
12.515645,28188.36,12.515645,27903.257812,285.10218800000075,1.011418145645936
12.5,28180.77,12.5,27818.919922,361.8500779999995,1.2840319054447393
12.484395,28134.12,12.484395,27734.005859,400.1141409999982,1.4221668955702123
12.468828,28126.58,12.468828,27733.472656,393.107344,1.3976364847770328
12.4533,28126.58,12.4533,27686.316406,440.263594,1.5652937328320755
12.437811,28031.31,12.437811,27634.705078,396.60492200000226,1.4148640288306262
12.42236,28021.77,12.42236,27622.378906,399.3910939999987,1.4252886023973457
12.406948,28014.31,12.406948,27599.771484,414.5385160000005,1.4797384479574922
12.391574,27969.23,12.391574,27524.244141,444.98585900000035,1.5909835880358536
12.376238,27933.43,12.376238,27454.578125,478.8518750000003,1.714260923202057
12.360939,27924.03,12.360939,27432.123047,491.9069529999979,1.7615901179020288
12.345679,27903.26,12.345679,27427.445312,475.81468799999857,1.7052297401808914
12.330456,27903.26,12.330456,27400.769531,502.49046899999666,1.8008306878837694
12.315271,27818.92,12.315271,27385.466797,433.4532029999973,1.558123762532828
12.300123,27734.01,12.300123,27382.242188,351.76781199999823,1.2683626060566007
12.285012,27686.32,12.285012,27320.019531,366.300468999998,1.3230377637764714
12.269939,27634.71,12.269939,27317.314453,317.3955470000001,1.1485394527389652
12.254902,27622.38,12.254902,27309.458984,312.92101600000024,1.1328532009189658
12.239902,27599.83,12.239902,27301.226562,298.6034380000019,1.081903178389149
12.224939,27556.54,12.224939,27278.480469,278.0595310000026,1.0090509585020564
12.210012,27524.24,12.210012,27255.880859,268.3591410000008,0.9749920106785902
12.195122,27454.58,12.195122,27246.832031,207.747969,0.756696948195893
12.180268,27432.12,12.180268,27200.876953,231.24304699999993,0.8429645503154695
12.16545,27432.12,12.16545,27197.802734,234.3172659999982,0.854171190560548
12.150668,27427.45,12.150668,27196.166016,231.2839840000015,0.8432573352608481
12.135922,27400.77,12.135922,27162.46875,238.30125000000044,0.8696881510994049
12.121212,27385.47,12.121212,27124.105469,261.3645310000029,0.9543912556549252
12.106538,27320.02,12.106538,27086.751953,233.2680470000014,0.8538355645420515
12.091898,27317.31,12.091898,26981.326172,335.98382800000036,1.2299301358735555
12.077295,27317.31,12.077295,26963.835938,353.47406200000114,1.2939563302536052
12.062726,27309.46,12.062726,26955.492188,353.96781199999896,1.2961362546165285
12.048193,27267.3,12.048193,26949.316406,317.98359399999754,1.1661719128773202
12.033694,27246.83,12.033694,26935.410156,311.419844,1.1429580762239129
12.019231,27231.04,12.019231,26926.710938,304.3290620000007,1.1175814878902925
12.004802,27200.88,12.004802,26846.576172,354.30382800000007,1.3025454617644725
11.990408,27187.79,11.990408,26811.841797,375.9482029999999,1.382783238358101
11.976048,27124.11,11.976048,26756.535156,367.57484399999885,1.355159096464359
11.961722,27124.11,11.961722,26742.660156,381.44984399999885,1.406312848605904
11.947431,27086.75,11.947431,26722.802734,363.9472659999992,1.3436357850240401
11.933174,27076.68,11.933174,26709.519531,367.16046899999856,1.3560025416705392
11.918951,27021.88,11.918951,26686.960938,334.91906200000085,1.239436567699956
11.904762,26955.49,11.904762,26624.15625,331.3337500000016,1.2291883768390097
11.890606,26949.32,11.890606,26599.890625,349.4293749999997,1.2966166678788174
11.876485,26935.41,11.876485,26582.013672,353.3963279999989,1.3120139177387644
11.862396,26926.71,11.862396,26579.326172,347.3838279999982,1.2901086987604433
11.848341,26846.58,11.848341,26571.296875,275.28312500000175,1.0253936441811276
11.83432,26811.84,11.83432,26554.425781,257.4142189999984,0.9600766638917673
11.820331,26785.12,11.820331,26493.599609,291.5203909999982,1.0883669403011755
11.806375,26756.54,11.806375,26470.527344,286.0126560000026,1.068944848623935
11.792453,26742.66,11.792453,26452.847656,289.8123439999981,1.0837079931465237
11.778563,26686.96,11.778563,26436.28125,250.67874999999913,0.9393304820031922
11.764706,26604.3,11.764706,26417.007812,187.29218799999944,0.7039921666798203
11.750881,26579.33,11.750881,26414.392578,164.9374220000027,0.6205477037984128
11.737089,26579.33,11.737089,26407.830078,171.4999220000027,0.6452379424161658
11.723329,26571.3,11.723329,26375.652344,195.647656000001,0.7363119455954394
11.709602,26554.43,11.709602,26369.484375,184.9456250000003,0.6964774804053421
11.695906,26493.6,11.695906,26321.90625,171.69374999999854,0.6480574553854461
11.682243,26470.53,11.682243,26298.832031,171.6979689999971,0.6486381987818042
11.668611,26452.85,11.668611,26240.378906,212.4710939999968,0.8032068151446699
11.655012,26436.28,11.655012,26204.892578,231.3874219999998,0.8752646817176993
11.641444,26436.28,11.641444,26196.408203,239.8717969999998,0.9073583613125592
11.627907,26417.01,11.627907,26164.388672,252.62132799999745,0.9562828192895315
11.614402,26414.39,11.614402,26151.087891,263.3021090000002,0.996813134810231
11.600928,26375.65,11.600928,26148.111328,227.5386720000024,0.8626846049291768
11.587486,26375.65,11.587486,26137.769531,237.88046899999972,0.9018942433646174
11.574074,26369.48,11.574074,26092.888672,276.5913279999986,1.0489070243326701
11.560694,26369.48,11.560694,26092.080078,277.3999220000005,1.051973425338689
11.547344,26333.32,11.547344,26074.455078,258.86492200000066,0.9830318471047351
11.534025,26299.99,11.534025,25988.072266,311.9177340000024,1.185999439543522
11.520737,26298.83,11.520737,25971.658203,327.1717970000027,1.2440545720094873
11.50748,26240.38,11.50748,25964.609375,275.770625000001,1.0509399063580673
11.494253,26204.89,11.494253,25948.841797,256.04820299999847,0.9771008502611478
11.481056,26198.41,11.481056,25896.359375,302.05062499999985,1.1529349491056895
11.46789,26196.41,11.46789,25863.431641,332.97835900000064,1.2710839347834326
11.454754,26164.39,11.454754,25852.773438,311.61656199999925,1.1909949438912937
11.441648,26151.09,11.441648,25806.558594,344.5314060000019,1.31746480165837
11.428571,26148.11,11.428571,25784.15625,363.9537500000006,1.391893142563652
11.415525,26092.89,11.415525,25737.689453,355.20054700000037,1.3612924708608376
11.402509,26092.89,11.402509,25723.128906,369.7610939999977,1.4170952086947737
11.389522,26092.08,11.389522,25692.623047,399.4569530000008,1.5309509743952983
11.376564,26092.08,11.376564,25687.121094,404.9589060000035,1.5520376528050024
11.363636,25988.07,11.363636,25648.578125,339.4918749999997,1.3063373886556398
11.350738,25948.84,11.350738,25618.373047,330.4669529999992,1.2735326627317414
11.337868,25936.54,11.337868,25499.478516,437.06148400000166,1.6851186935497242
11.325028,25896.36,11.325028,25488.347656,408.01234399999885,1.575558665387718
11.312217,25896.36,11.312217,25470.914062,425.44593800000075,1.642879300411335
11.299435,25791.55,11.299435,25455.742188,335.8078119999991,1.3020070992243549
11.286682,25737.69,11.286682,25444.246094,293.4439060000004,1.1401330344720153
11.273957,25737.69,11.273957,25439.142578,298.54742199999964,1.159961993481154
11.261261,25723.13,11.261261,25390.835938,332.29406200000085,1.2918103745539553
11.248594,25695.84,11.248594,25382.998047,312.8419529999992,1.2174809346571243
11.235955,25687.12,11.235955,25364.222656,322.89734399999725,1.2570398861374776
11.223345,25648.58,11.223345,25363.470703,285.1092970000027,1.1115987590736123
11.210762,25618.37,11.210762,25347.673828,270.69617199999993,1.0566486938864572
11.198208,25608.24,11.198208,25337.886719,270.35328100000334,1.0557276915555434
11.185682,25539.04,11.185682,25333.365234,205.6747660000001,0.8053347580801787
11.173184,25499.48,11.173184,25292.603516,206.87648400000035,0.8112968735048729
11.160714,25472.79,11.160714,25275.953125,196.83687500000087,0.7727338662156791
11.148272,25470.91,11.148272,25263.830078,207.0799220000008,0.8130055895136876
11.135857,25439.14,11.135857,25257.763672,181.37632799999847,0.712981366508453
11.123471,25383.0,11.123471,25213.693359,169.30664099999922,0.667008001418269
11.111111,25383.0,11.111111,25203.794922,179.20507799999905,0.7060043257298154
11.098779,25364.22,11.098779,25193.123047,171.0969530000002,0.6745602782186884
11.086475,25363.47,11.086475,25161.818359,201.65164100000038,0.7950475270142467
11.074197,25347.67,11.074197,25146.373047,201.2969529999973,0.7941438128238112
11.061947,25333.37,11.061947,25123.529297,209.84070299999803,0.8283173655932788
11.049724,25292.6,11.049724,25115.857422,176.7425779999976,0.6987916544760032
11.037528,25275.95,11.037528,25085.890625,190.05937500000073,0.7519376126317734
11.025358,25263.83,11.025358,25022.636719,241.19328100000348,0.9546980050135054
11.013216,25257.76,11.013216,25003.46875,254.2912499999984,1.006784647569691
11.0011,25213.69,11.0011,24998.638672,215.05132799999774,0.8529149362905539
10.989011,25203.79,10.989011,24983.130859,220.6591410000001,0.8754998395082647
10.976948,25203.79,10.976948,24963.095703,240.69429700000182,0.9549924713703843
10.964912,25193.12,10.964912,24922.742188,270.3778119999988,1.0732208317191314
10.952903,25170.67,10.952903,24887.382812,283.2871879999984,1.1254654246390678
10.940919,25161.82,10.940919,24866.039062,295.7809379999999,1.1755148792893355
10.928962,25124.3,10.928962,24833.439453,290.8605470000002,1.1576861723510714
10.917031,25123.53,10.917031,24826.699219,296.83078100000057,1.181485169480565
10.905125,25118.18,10.905125,24792.351562,325.82843800000046,1.2971817145987508
10.893246,25115.86,10.893246,24763.679688,352.1803120000004,1.4022227867172392
10.881393,25085.89,10.881393,24744.197266,341.6927340000002,1.3620913350094423
10.869565,25003.47,10.869565,24692.681641,310.78835900000195,1.242980910249665
10.857763,24998.64,10.857763,24688.710938,309.92906199999925,1.2397836922328547
10.845987,24983.13,10.845987,24682.421875,300.708125000001,1.2036447194566935
10.834236,24963.1,10.834236,24682.353516,280.7464839999993,1.1246459133681286
10.822511,24887.38,10.822511,24661.515625,225.86437500000102,0.9075458123755936
10.810811,24866.04,10.810811,24652.912109,213.1278910000001,0.8571042715285591
10.799136,24852.36,10.799136,24594.675781,257.68421899999885,1.0368601573452132
10.787487,24833.02,10.787487,24537.726562,295.2934380000006,1.1891160962299414
10.775862,24792.35,10.775862,24532.046875,260.30312499999854,1.0499332455374282
10.764263,24792.35,10.764263,24479.667969,312.6820310000003,1.2612036817808732
10.752688,24792.35,10.752688,24430.982422,361.3675779999976,1.4575769461144168
10.741139,24744.2,10.741139,24377.527344,366.67265600000246,1.4818529433160195
10.729614,24741.27,10.729614,24341.296875,399.97312500000044,1.6166232574156478
10.718114,24692.68,10.718114,24329.423828,363.25617200000124,1.4711087334384167
10.706638,24692.68,10.706638,24269.662109,423.0178909999995,1.7131307375303106
10.695187,24688.71,10.695187,24225.339844,463.37015600000086,1.8768504146227198
10.683761,24682.35,10.683761,24215.513672,466.8363279999976,1.8913771500687644
10.672359,24652.91,10.672359,24214.576172,438.3338279999989,1.778020639348454
10.660981,24652.91,10.660981,24177.447266,475.46273400000064,1.9286272249401821
10.649627,24537.73,10.649627,24161.679688,376.0503119999994,1.5325391224045557
10.638298,24532.05,10.638298,24151.8125,380.2374999999993,1.5499621923157636
10.626993,24479.67,10.626993,24092.912109,386.75789099999747,1.5799146434571933
10.615711,24399.48,10.615711,24080.552734,318.9272659999988,1.3071068153911427
10.604454,24377.53,10.604454,24049.609375,327.92062499999884,1.3451757622695937
10.59322,24329.42,10.59322,24048.949219,280.470781,1.152805044263283
10.582011,24293.19,10.582011,24047.107422,246.08257799999774,1.0129693877172894
10.570825,24269.66,10.570825,24042.775391,226.88460900000064,0.9348487329447576
10.559662,24214.58,10.559662,24023.492188,191.08781200000158,0.7891436151277518
10.548523,24177.45,10.548523,23965.921875,211.52812500000073,0.8748984074002871
10.537408,24161.68,10.537408,23944.111328,217.56867200000124,0.9004699673201585
10.526316,24157.15,10.526316,23767.316406,389.8335939999997,1.613740006581901
10.515247,24151.81,10.515247,23743.458984,408.3510160000005,1.690767756122628
10.504202,24092.91,10.504202,23678.552734,414.3572659999991,1.7198307136829842
10.493179,24080.55,10.493179,23649.197266,431.35273400000005,1.7912910377877584
10.48218,24080.55,10.48218,23580.494141,500.05585900000005,2.076596502156305
10.471204,24052.63,10.471204,23574.455078,478.17492200000197,1.9880359112496304
10.460251,24048.95,10.460251,23520.21875,528.7312500000007,2.1985627231126545
10.449321,24047.11,10.449321,23516.515625,530.5943750000006,2.206478761896962
10.438413,24023.49,10.438413,23477.777344,545.7126560000033,2.2715794249711565
10.427529,24023.49,10.427529,23417.566406,605.9235939999999,2.5222130256677935
10.416667,23965.92,10.416667,23379.824219,586.095781,2.445538418721251
10.405827,23965.92,10.405827,23361.427734,604.4922659999975,2.5222994402050807
10.39501,23944.11,10.39501,23358.816406,585.2935939999988,2.4444157414913263
10.384216,23917.37,10.384216,23353.558594,563.8114060000007,2.357330283388185
10.373444,23902.02,10.373444,23343.148438,558.8715620000003,2.338177116411083
10.362694,23767.32,10.362694,23340.166016,427.1539840000005,1.7972324351252078
10.351967,23743.46,10.351967,23325.488281,417.9717189999974,1.7603656712206115
10.341262,23678.55,10.341262,23325.488281,353.06171899999754,1.4910613994522366
10.330579,23649.2,10.330579,23318.742188,330.45781200000056,1.397331884376641
10.319917,23611.86,10.319917,23297.925781,313.93421899999885,1.3295615804938656
10.309278,23574.46,10.309278,23238.816406,335.6435939999974,1.423759415910258
10.298661,23520.22,10.298661,23202.746094,317.4739060000029,1.3497913965090587
10.288066,23520.22,10.288066,23171.556641,348.66335900000195,1.482398374675075
10.277492,23516.52,10.277492,23151.492188,365.02781200000027,1.5522186616046942
10.26694,23417.57,10.26694,23136.380859,281.1891409999989,1.2007613983859082
10.25641,23371.92,10.25641,23130.304688,241.61531199999808,1.0337846099079497
10.245902,23358.82,10.245902,23114.130859,244.68914099999893,1.0475235521314816
10.235415,23353.56,10.235415,23112.730469,240.82953100000304,1.031232630057272
10.224949,23342.5,10.224949,23112.304688,230.19531199999983,0.9861639156045833
10.214505,23340.17,10.214505,23090.496094,249.673906,1.0697175984579377
10.204082,23325.49,10.204082,23084.708984,240.78101600000082,1.032265628717771
10.19368,23325.49,10.19368,23079.738281,245.75171899999987,1.0535758048383972
10.183299,23318.74,10.183299,23073.103516,245.63648400000238,1.053386606651999
10.17294,23213.64,10.17294,23071.113281,142.52671899999768,0.6139783291202832
10.162602,23176.09,10.162602,23056.578125,119.51187500000015,0.5156688423284521
10.152284,23171.56,10.152284,22967.507812,204.05218800000148,0.8806148053907525
10.141988,23151.49,10.141988,22952.044922,199.44507800000065,0.8614783670511084
10.131712,23114.13,10.131712,22936.732422,177.39757800000007,0.7674854212553103
10.121457,23114.13,10.121457,22749.027344,365.10265600000275,1.579564777043318
10.111223,23112.73,10.111223,22744.464844,368.2651560000013,1.593343391282645
10.10101,23112.73,10.10101,22735.865234,376.8647659999988,1.6305506359482362
10.090817,23090.5,10.090817,22716.148438,374.35156199999983,1.6212362746584088
10.080645,23084.71,10.080645,22697.466797,387.2432029999982,1.6774878393533996
10.070493,23073.1,10.070493,22666.697266,406.4027339999993,1.7613703143487411
10.060362,23018.12,10.060362,22663.029297,355.09070299999803,1.542657276093782
10.050251,22952.04,10.050251,22624.449219,327.5907810000026,1.4272839407739033
10.040161,22936.73,10.040161,22595.914062,340.81593799999973,1.4858959319833287
10.03009,22916.25,10.03009,22544.734375,371.515625,1.6211885670648556
10.02004,22811.86,10.02004,22510.650391,301.20960900000136,1.32040793254036
10.01001,22744.46,10.01001,22506.957031,237.5029689999974,1.0442233801110135
10.0,22735.87,10.0,22478.462891,257.40710899999976,1.1321630049784757
9.99001,22728.03,9.99001,22468.824219,259.20578100000057,1.1404674360250342
9.98004,22716.15,9.98004,22450.878906,265.2710939999997,1.167764317456962
9.97009,22697.47,9.97009,22441.705078,255.76492200000212,1.126843308967925
9.960159,22666.7,9.960159,22431.982422,234.71757799999978,1.0355172036511702
9.950249,22624.45,9.950249,22414.925781,209.524218999999,0.9260964089734733
9.940358,22624.45,9.940358,22362.134766,262.3152340000015,1.1594325342715581
9.930487,22595.91,9.930487,22328.28125,267.62874999999985,1.1844123560414246
9.920635,22567.46,9.920635,22320.810547,246.64945299999818,1.0929429054044992
9.910803,22506.96,9.910803,22286.087891,220.8721089999999,0.9813502534327155
9.90099,22468.82,9.90099,22280.179688,188.64031199999954,0.8395648369607285
9.891197,22450.88,9.891197,22236.582031,214.29796899999928,0.9545192393349359
9.881423,22441.71,9.881423,22221.259766,220.4502339999999,0.9823236910199798
9.871668,22414.92,9.871668,22209.810547,205.1094529999973,0.9150577070986528
9.861933,22362.13,9.861933,22208.349609,153.78039100000024,0.6876822154240237
9.852217,22339.55,9.852217,22189.03125,150.51874999999927,0.6737770008796027
9.84252,22328.28,9.84252,22118.941406,209.3385939999971,0.9375491260410436
9.832842,22320.81,9.832842,22098.996094,221.81390600000304,0.9937538377863663
9.823183,22286.09,9.823183,22090.166016,195.92398400000093,0.8791312607999022
9.813543,22236.58,9.813543,22011.164062,225.41593800000192,1.0137167586022755
9.803922,22221.26,9.803922,22001.708984,219.55101599999762,0.9880223533678902
9.794319,22221.26,9.794319,21992.210938,229.04906199999823,1.0307654111422946
9.784736,22209.81,9.784736,21926.675781,283.1342189999996,1.2748160339957864
9.775171,22189.03,9.775171,21861.613281,327.4167189999971,1.4755792344234837
9.765625,22143.99,9.765625,21851.439453,292.55054700000255,1.3211284280746267
9.756098,22101.85,9.756098,21740.34375,361.50624999999854,1.6356379669575107
9.746589,22099.0,9.746589,21716.509766,382.4902340000008,1.730803357617995
9.737098,22077.09,9.737098,21656.560547,420.5294529999992,1.90482284123496
9.727626,22031.18,9.727626,21632.998047,398.18195299999934,1.8073564511751041
9.718173,21924.15,9.718173,21620.740234,303.4097660000007,1.383906632640265
9.708738,21861.61,9.708738,21590.210938,271.3990620000004,1.2414413302588438
9.699321,21851.44,9.699321,21546.34375,305.0962499999987,1.3962294933423092
9.689922,21809.11,9.689922,21514.888672,294.22132799999963,1.3490753542900173
9.680542,21740.34,9.680542,21506.03125,234.30875000000015,1.0777602834178313
9.67118,21675.12,9.67118,21353.945312,321.17468799999915,1.4817665969092635
9.661836,21620.74,9.661836,21334.890625,285.8493750000016,1.3221072682988722
9.65251,21590.21,9.65251,21300.335938,289.87406199999896,1.3426180755073664
9.643202,21590.21,9.643202,21267.542969,322.66703100000086,1.4945062183276627
9.633911,21546.34,9.633911,21244.193359,302.14664099999936,1.4023107451195858
9.624639,21514.89,9.624639,21231.337891,283.5521090000002,1.3179342724968626
9.615385,21506.03,9.615385,21183.724609,322.30539099999805,1.498674515938079
9.606148,21353.95,9.606148,21181.576172,172.37382799999978,0.8072222141570986
9.596929,21334.89,9.596929,21158.050781,176.83921899999768,0.8288733572097053
9.587728,21334.89,9.587728,21129.914062,204.9759379999996,0.9607546043124646
9.578544,21244.19,9.578544,21107.582031,136.60796899999696,0.6430368444266266
9.569378,21183.72,9.569378,21089.703125,94.01687500000116,0.4438166431580533
9.560229,21181.58,9.560229,21048.267578,133.3124220000027,0.629379026493787
9.551098,21158.05,9.551098,21027.59375,130.45624999999927,0.6165797415168188
9.541985,21129.91,9.541985,20968.277344,161.6326560000016,0.7649472051703088
9.532888,21129.91,9.532888,20963.087891,166.82210900000064,0.7895069548332228
9.52381,21122.87,9.52381,20923.572266,199.29773399999976,0.9435163592826155
9.514748,21089.7,9.514748,20902.789062,186.9109380000009,0.8862664618273418
9.505703,21050.09,9.505703,20901.275391,148.81460900000093,0.7069547398609741
9.496676,21048.27,9.496676,20886.849609,161.42039099999965,0.766905740946879
9.487666,21027.59,9.487666,20875.699219,151.89078100000188,0.7223404156158736
9.478673,21024.04,9.478673,20850.875,173.16500000000087,0.8236523522596079
9.469697,20981.66,9.469697,20823.607422,158.0525779999989,0.7532891963743521
9.460738,20923.57,9.460738,20750.173828,173.39617200000066,0.8287121748344124
9.451796,20901.28,9.451796,20731.427734,169.85226599999805,0.8126404985723269
9.442871,20901.28,9.442871,20685.0,216.27999999999884,1.034769162462772
9.433962,20875.7,9.433962,20660.248047,215.45195299999978,1.032070555717891
9.425071,20875.7,9.425071,20643.449219,232.25078100000246,1.1125412848431546
9.416196,20823.61,9.416196,20610.648438,212.9615620000004,1.0226928087877194
9.407338,20731.43,9.407338,20441.8125,289.6175000000003,1.3969972163039417
9.398496,20731.43,9.398496,20413.917969,317.512031000002,1.5315491068392388
9.389671,20685.0,9.389671,20349.46875,335.53125,1.6220993473531544
9.380863,20660.25,9.380863,20299.871094,360.37890600000173,1.7443104802700924
9.372071,20643.45,9.372071,20249.1875,394.2625000000007,1.909867294468709
9.363296,20610.65,9.363296,20123.269531,487.3804689999997,2.3647020787796587
9.354537,20573.9,9.354537,20119.244141,454.65585900000224,2.2098671569318515
9.345794,20556.27,9.345794,20114.550781,441.7192189999987,2.1488296223001484
9.337068,20413.92,9.337068,20087.142578,326.7774219999992,1.600757826032429
9.328358,20313.56,9.328358,20083.951172,229.60882800000036,1.1303229369938126
9.319664,20299.87,9.319664,20062.666016,237.20398399999976,1.1685000150247256
9.310987,20249.19,9.310987,20047.978516,201.21148399999947,0.9936767050928925
9.302326,20222.8,9.302326,19911.955078,310.8449220000002,1.5371013015012769
9.29368,20123.27,9.29368,19897.441406,225.8285939999987,1.1222261292523465
9.285051,20119.25,9.285051,19877.564453,241.68554700000095,1.201265191296897
9.276438,20087.14,9.276438,19846.339844,240.80015600000115,1.198777705536981
9.267841,20083.95,9.267841,19815.115234,268.83476599999995,1.338555244361791
9.259259,20062.67,9.259259,19811.728516,250.94148399999904,1.2507880755652117
9.250694,20049.0,9.250694,19793.537109,255.46289099999922,1.2741926829268253
9.242144,20047.98,9.242144,19709.195312,338.78468799999973,1.6898694432057482
9.23361,20032.38,9.23361,19707.666016,324.7139840000018,1.6209456090589425
9.225092,19911.96,9.225092,19703.433594,208.52640600000086,1.047241989236624
9.21659,19911.96,9.21659,19695.052734,216.90726599999834,1.0893315675603925
9.208103,19877.56,9.208103,19680.222656,197.33734399999958,0.9927644238025168
9.199632,19865.94,9.199632,19636.382812,229.55718799999886,1.1555314674261519
9.191176,19846.34,9.191176,19630.917969,215.42203100000188,1.0854496647744718
9.182736,19826.57,9.182736,19603.714844,222.85515600000144,1.1240227432178205
9.174312,19815.12,9.174312,19450.341797,364.77820299999803,1.840908371990672
9.165903,19815.12,9.165903,19434.082031,381.03796899999725,1.9229657403033507
9.157509,19793.54,9.157509,19396.683594,396.8564060000026,2.004979432683606
9.149131,19737.78,9.149131,19243.074219,494.70578100000057,2.5063901867383294
9.140768,19709.2,9.140768,19234.138672,475.0613279999998,2.410353175166926
9.13242,19703.43,9.13242,19173.076172,530.3538279999993,2.691682757773643
9.124088,19703.43,9.124088,19089.230469,614.199531000002,3.117221372116439
9.11577,19695.05,9.11577,19072.669922,622.3800779999983,3.160083767240999
9.107468,19680.22,9.107468,19068.197266,612.022734000002,3.109836851417321
9.099181,19630.92,9.099181,19062.390625,568.5293749999983,2.896091344674617
9.090909,19603.71,9.090909,18981.892578,621.8174220000001,3.1719374648982264
9.082652,19603.71,9.082652,18965.039062,638.6709379999993,3.257908518336577
9.07441,19545.87,9.07441,18925.662109,620.2078909999982,3.1730892050340977
9.066183,19434.08,9.066183,18861.376953,572.7030470000027,2.9469007382906867
9.057971,19417.65,9.057971,18771.957031,645.6929689999997,3.325288945881709
9.049774,19396.68,9.049774,18750.492188,646.1878120000001,3.331435132197882
9.041591,19271.5,9.041591,18749.701172,521.798827999999,2.707619168201744
9.033424,19234.14,9.033424,18749.261719,484.87828100000115,2.520925193432101
9.025271,19173.08,9.025271,18745.853516,427.22648400000253,2.228262146718224
9.017133,19089.23,9.017133,18744.71875,344.51124999999956,1.8047414694044737
9.009009,19068.2,9.009009,18703.322266,364.8777340000015,1.9135405229649443
9.0009,19068.2,9.0009,18642.265625,425.9343750000007,2.2337419106155836
8.992806,19062.39,8.992806,18641.123047,421.26695299999847,2.2099377517719367
8.984726,18987.07,8.984726,18619.677734,367.3922659999989,1.9349602966650405
8.976661,18965.04,8.976661,18573.691406,391.34859399999914,2.063526330553477
8.96861,18965.04,8.96861,18542.763672,422.2763279999999,2.2266039407246168
8.960573,18905.27,8.960573,18466.921875,438.34812500000044,2.318655724038855
8.952551,18861.38,8.952551,18379.474609,481.90539100000024,2.554984794325761
8.944544,18806.45,8.944544,18370.919922,435.5300779999998,2.3158548157679935
8.93655,18771.96,8.93655,18366.675781,405.2842189999974,2.158987228824254
8.928571,18750.49,8.928571,18347.021484,403.4685160000008,2.151775852257732
8.920607,18750.49,8.920607,18279.865234,470.6247660000008,2.5099331590801137
8.912656,18749.26,8.912656,18274.039062,475.22093799999857,2.5346117020084984
8.90472,18745.85,8.90472,18255.572266,490.2777339999993,2.615393455084722
8.896797,18744.72,8.896797,18254.558594,490.1614060000029,2.614930529770532
8.888889,18703.32,8.888889,18227.216797,476.10320299999876,2.545554495137755
8.880995,18642.27,8.880995,18191.492188,450.77781200000027,2.4180414295040262
8.873114,18642.27,8.873114,18148.445312,493.8246880000006,2.648951484985469
8.865248,18641.12,8.865248,18123.851562,517.2684379999992,2.7748785373410993
8.857396,18573.69,8.857396,18105.152344,468.5376560000004,2.5225878971814457
8.849558,18542.76,8.849558,18092.65625,450.1037499999984,2.4273827089386826
8.841733,18512.94,8.841733,18077.212891,435.7271089999995,2.3536353977272086
8.833922,18379.47,8.833922,18075.904297,303.5657030000002,1.6516564569054506
8.826125,18370.92,8.826125,18051.207031,319.7129689999965,1.740320947453892
8.818342,18366.68,8.818342,17986.808594,379.871406000002,2.068263866959091
8.810573,18366.68,8.810573,17918.8125,447.8675000000003,2.4384782660774853
8.802817,18347.02,8.802817,17912.519531,434.5004689999987,2.3682345634331825
8.795075,18347.02,8.795075,17900.412109,446.60789099999965,2.43422578162557
8.787346,18279.87,8.787346,17838.996094,440.8739060000007,2.411800007330472
8.779631,18274.04,8.779631,17832.552734,441.4872660000001,2.4159259036316003
8.77193,18255.57,8.77193,17808.017578,447.55242200000066,2.4515937984954763
8.764242,18254.56,8.764242,17796.705078,457.85492200000226,2.5081673948865504
8.756567,18227.22,8.756567,17793.833984,433.3860160000004,2.377685768866565
8.748906,18227.22,8.748906,17781.621094,445.5989060000029,2.444689349226063
8.741259,18191.49,8.741259,17766.521484,424.9685160000008,2.336084158032139
8.733624,18184.51,8.733624,17684.990234,499.5197659999976,2.7469520267524263
8.726003,18123.85,8.726003,17669.787109,454.06289099999776,2.5053335301274164
8.718396,18092.66,8.718396,17668.064453,424.5955470000008,2.3467834304076947
8.710801,18083.62,8.710801,17612.445312,471.17468799999915,2.605533007218683
8.70322,18075.9,8.70322,17589.154297,486.7457030000005,2.6927882041834734
8.695652,17986.81,8.695652,17585.511719,401.29828100000304,2.231069772794637
8.688097,17918.81,8.688097,17555.605469,363.20453100000304,2.0269456007402447
8.680556,17912.52,8.680556,17543.185547,369.3344529999995,2.0618788032057993
8.673027,17900.41,8.673027,17542.8125,357.59749999999985,1.9977056391445775
8.665511,17900.41,8.665511,17524.539062,375.870938,2.0997895467198795
8.658009,17867.38,8.658009,17515.388672,351.99132800000007,1.9700220625519804
8.650519,17832.55,8.650519,17510.261719,322.288281000001,1.8073033918312356
8.643042,17832.55,8.643042,17505.1875,327.3624999999993,1.835758206201577
8.635579,17808.02,8.635579,17496.023438,311.99656200000027,1.7520002897570885
8.628128,17786.34,8.628128,17436.091797,350.2482029999992,1.9691977270197198
8.62069,17781.62,8.62069,17422.833984,358.7860159999982,2.017735256967578
8.613264,17754.48,8.613264,17414.726562,339.75343799999973,1.9136208889249346
8.605852,17684.99,8.605852,17397.019531,287.97046899999987,1.6283326651584187
8.598452,17684.99,8.598452,17389.636719,295.35328100000334,1.670078869142721
8.591065,17684.99,8.591065,17387.419922,297.57007800000065,1.6826137758630375
8.583691,17669.79,8.583691,17374.119141,295.67085900000166,1.6733128067736043
8.576329,17668.06,8.576329,17362.400391,305.6596090000021,1.7300122877101507
8.56898,17612.45,8.56898,17305.195312,307.2546880000009,1.7445312151347536
8.561644,17589.15,8.561644,17292.564453,296.5855470000024,1.68618464792217
8.55432,17589.15,8.55432,17261.306641,327.84335900000224,1.8638954071117833
8.547009,17585.51,8.547009,17241.177734,344.3322659999976,1.9580453794061
8.53971,17555.61,8.53971,17196.349609,359.2603909999998,2.046413602261612
8.532423,17543.19,8.532423,17193.355469,349.8345310000004,1.9941329427544274
8.525149,17543.19,8.525149,17193.339844,349.8501560000004,1.994222008654073
8.517888,17542.81,8.517888,17176.132812,366.6771880000015,2.090185027370196
8.510638,17542.81,8.510638,17059.544922,483.26507800000036,2.754775762833892
8.503401,17510.26,8.503401,17039.144531,471.11546899999666,2.6905109861303984
8.496177,17510.26,8.496177,17023.257812,487.00218799999857,2.781239044994184
8.488964,17505.19,8.488964,17019.472656,485.71734399999696,2.774704781838969
8.481764,17496.02,8.481764,17002.050781,493.9692189999987,2.8233233558260604
8.474576,17436.09,8.474576,16948.142578,487.9474220000011,2.798491072253017
8.467401,17422.83,8.467401,16935.96875,486.86125000000175,2.794386732809777
8.460237,17414.73,8.460237,16935.207031,479.52296899999783,2.7535481112827926
8.453085,17397.02,8.453085,16925.308594,471.71140600000217,2.7114494666328035
8.445946,17374.12,8.445946,16916.837891,457.28210899999976,2.631972779052981
8.438819,17374.12,8.438819,16910.828125,463.291874999999,2.66656311226122
8.431703,17305.2,8.431703,16845.884766,459.3152340000015,2.6542035573122615
8.4246,17292.56,8.4246,16825.199219,467.36078100000304,2.7026697088227714
8.417508,17261.31,8.417508,16788.355469,472.95453100000304,2.7399689305157198
8.410429,17241.18,8.410429,16774.517578,466.66242200000124,2.70667333674378
8.403361,17196.35,8.403361,16774.408203,421.9417969999995,2.4536706743000667
8.396306,17193.36,8.396306,16760.666016,432.69398400000136,2.516634235542101
8.389262,17193.34,8.389262,16719.041016,474.2989840000009,2.7586203960370757
8.38223,17062.56,8.38223,16703.605469,358.95453100000304,2.103755421226375
8.375209,17039.14,8.375209,16675.755859,363.38414099999864,2.132643672157155
8.368201,17023.26,8.368201,16658.71875,364.5412499999984,2.1414303135827004
8.361204,17019.47,8.361204,16656.34375,363.12625000000116,2.1335931729954054
8.354219,17019.47,8.354219,16630.800781,388.66921899999943,2.283674045078956
8.347245,16937.6,8.347245,16611.601562,325.9984379999987,1.924702661534094
8.340284,16935.97,8.340284,16609.736328,326.2336720000021,1.926276865157426
8.333333,16925.31,8.333333,16549.714844,375.59515600000304,2.219133097119066
8.326395,16925.31,8.326395,16531.140625,394.1693750000013,2.328875364764375
8.319468,16916.84,8.319468,16529.636719,387.2032810000019,2.288862937759072
8.312552,16916.84,8.312552,16529.578125,387.26187500000015,2.289209302683008
8.305648,16910.83,8.305648,16517.181641,393.64835900000253,2.3277885177723534
8.298755,16877.41,8.298755,16457.556641,419.85335900000064,2.4876646298217597
8.291874,16845.88,8.291874,16450.492188,395.38781200000085,2.347089092407169
8.285004,16825.2,8.285004,16439.101562,386.0984380000009,2.294762843829499
8.278146,16788.36,8.278146,16426.927734,361.4322659999998,2.1528741699606146
8.271299,16774.52,8.271299,16413.558594,360.96140600000217,2.1518434268163986
8.264463,16719.04,8.264463,16395.455078,323.5849220000018,1.935427644170968
8.257638,16658.72,8.257638,16382.841797,275.87820300000203,1.6560588268486536
8.250825,16631.58,8.250825,16381.484375,250.09562500000175,1.5037394222316924
8.244023,16611.6,8.244023,16355.402344,256.19765599999846,1.5422816345204464
8.237232,16611.6,8.237232,16326.789062,284.8109379999987,1.7145304365623943
8.230453,16549.71,8.230453,16309.379883,240.33011699999952,1.4521711679539977
8.223684,16531.14,8.223684,16282.438477,248.70152299999972,1.5044426639663069
8.216927,16529.64,8.216927,16277.756836,251.88316399999894,1.523827282384849
8.210181,16529.58,8.210181,16267.363281,262.21671900000183,1.586348346418976
8.203445,16520.54,8.203445,16198.958984,321.5810160000001,1.9465526913769169
8.196721,16517.18,8.196721,16172.634766,344.5452340000011,2.085980984647507
8.190008,16457.56,8.190008,16151.067383,306.4926170000017,1.8623211277978124
8.183306,16450.49,8.183306,16151.067383,299.422617000002,1.8201440625780871
8.176615,16433.17,8.176615,16130.271484,302.89851599999747,1.8432141577066234
8.169935,16426.93,8.169935,16123.867188,303.0628120000001,1.8449144910217559
8.163265,16426.93,8.163265,16117.460938,309.4690620000001,1.8839129526941438
8.156607,16413.56,8.156607,16107.84668,305.71332000000075,1.8625655860154695
8.149959,16408.05,8.149959,16056.105469,351.9445309999992,2.144950381062949
8.143322,16387.01,8.143322,16044.416992,342.593007999998,2.0906376941247857
8.136697,16382.84,8.136697,16030.736328,352.1036719999993,2.149222430299016
8.130081,16355.4,8.130081,16007.480469,347.91953099999955,2.127245625298064
8.123477,16326.79,8.123477,15966.041992,360.7480080000005,2.2095464448308606
8.116883,16309.38,8.116883,15942.754883,366.6251169999996,2.2479402466556033
8.1103,16291.5,8.1103,15934.660156,356.8398440000001,2.190343700702821
8.103728,16277.76,8.103728,15907.976562,369.7834380000004,2.27170960869309
8.097166,16277.76,8.097166,15892.089844,385.67015600000013,2.3693073002673595
8.090615,16267.36,8.090615,15867.236328,400.1236719999997,2.459671833659547
8.084074,16198.96,8.084074,15863.567383,335.3926169999995,2.0704577145693275
8.077544,16172.63,8.077544,15856.758789,315.8712109999997,1.9531221019710443
8.071025,16151.07,8.071025,15842.926758,308.1432420000001,1.9078812858838463
8.064516,16151.07,8.064516,15842.113281,308.9567189999998,1.9129179614725205
8.058018,16151.07,8.058018,15838.856445,312.21355500000027,1.9330827926570826
8.05153,16130.27,8.05153,15828.269531,302.0004690000005,1.872259230626645
8.045052,16130.27,8.045052,15817.822266,312.4477340000012,1.9370273033247503
8.038585,16123.87,8.038585,15816.044922,307.82507800000167,1.9091265186335642
8.032129,16117.46,8.032129,15805.443359,312.01664099999834,1.9358921380912275
8.025682,16107.85,8.025682,15799.732422,308.11757800000123,1.912841117840067
8.019246,16081.08,8.019246,15796.893555,284.18644499999937,1.7672099448544463
8.012821,16056.11,8.012821,15794.822266,261.28773400000136,1.62734145443698
8.006405,16041.2,8.006405,15766.244141,274.9558590000015,1.7140604131860555
8.0,16030.74,8.0,15746.939453,283.8005469999989,1.7703521297207672
7.993605,15983.7,7.993605,15734.061523,249.63847700000042,1.5618315971896395
7.98722,15966.04,7.98722,15726.788086,239.2519140000004,1.498505039446227
7.980846,15942.75,7.980846,15707.27832,235.47168000000056,1.4769828291856837
7.974482,15907.98,7.974482,15701.53418,206.445819999999,1.2977500600327572
7.968127,15892.09,7.968127,15668.678711,223.41128899999967,1.4058018108379682
7.961783,15863.57,7.961783,15624.225586,239.34441399999923,1.5087676607472293
7.955449,15863.57,7.955449,15605.257812,258.3121879999999,1.6283357907457143
7.949126,15842.93,7.949126,15595.445312,247.48468800000046,1.5621143816200695
7.942812,15842.11,7.942812,15592.750977,249.3590230000009,1.5740265848425548
7.936508,15828.27,7.936508,15592.050781,236.21921900000052,1.4923881068493305
7.930214,15827.45,7.930214,15572.364258,255.08574200000112,1.6116667056285197
7.92393,15799.73,7.92393,15571.219727,228.51027299999987,1.4462922657539077
7.917656,15799.73,7.917656,15535.810547,263.91945300000043,1.6704048297027887
7.911392,15794.82,7.911392,15498.495117,296.3248829999993,1.876089015259429
7.905138,15734.06,7.905138,15479.392578,254.66742199999862,1.6185741124668307
7.898894,15734.06,7.898894,15456.109375,277.9506249999995,1.766553737560423
7.89266,15726.79,7.89266,15441.671875,285.1181250000009,1.8129454580368969
7.886435,15683.9,7.886435,15441.125977,242.77402299999994,1.5479187128201528
7.880221,15624.23,7.880221,15347.613281,276.61671899999965,1.7704342485997688
7.874016,15605.26,7.874016,15319.967773,285.2922269999999,1.828179902161194
7.867821,15595.45,7.867821,15311.083984,284.36601599999995,1.8233908992686965
7.861635,15592.05,7.861635,15278.0,314.0499999999993,2.014167476374173
7.85546,15592.05,7.85546,15263.158203,328.8917969999984,2.1093557101214944
7.849294,15571.22,7.849294,15260.823242,310.39675799999895,1.9934003758215408
7.843137,15535.81,7.843137,15238.461914,297.34808599999997,1.9139528997844335
7.836991,15535.81,7.836991,15210.599609,325.2103909999987,2.093295367283706
7.830854,15479.39,7.830854,15196.945312,282.4446879999996,1.8246499894375656
7.824726,15456.11,7.824726,15168.431641,287.67835900000136,1.8612597801128574
7.818608,15441.13,7.818608,15160.150391,280.979609,1.8196829441886702
7.8125,15323.59,7.8125,15108.313477,215.27652300000045,1.4048700271933696
7.806401,15319.97,7.806401,15099.830078,220.13992199999848,1.4369474744402142
7.800312,15278.0,7.800312,15087.947266,190.05273400000078,1.2439634376227307
7.794232,15278.0,7.794232,15076.057617,201.9423829999996,1.3217854627569028
7.788162,15263.16,7.788162,15043.745117,219.41488299999946,1.4375455868902602
7.782101,15260.82,7.782101,15014.083984,246.73601599999893,1.6167939599575836
7.77605,15238.46,7.77605,14977.244141,261.2158589999999,1.7141880413112605
7.770008,15238.46,7.770008,14967.196289,271.2637109999996,1.78012549168354
7.763975,15168.43,7.763975,14930.5,237.9300000000003,1.5685868610001188
7.757952,15168.43,7.757952,14876.19043,292.23956999999973,1.9266303104540135
7.751938,15108.31,7.751938,14850.412109,257.8978909999987,1.7069936412477553
7.745933,15099.83,7.745933,14846.939453,252.89054699999906,1.6747906896965001
7.739938,15099.83,7.739938,14834.928711,264.90128899999945,1.7543329229534337
7.733952,15087.95,7.733952,14831.144531,256.8054690000008,1.7020567340162236
7.727975,15043.75,7.727975,14827.082031,216.66796900000008,1.4402523905276283
7.722008,15014.08,7.722008,14820.741211,193.33878899999945,1.287716523423343
7.716049,15014.08,7.716049,14813.40332,200.6766800000005,1.3365899209275591
7.7101,14977.24,7.7101,14767.675781,209.56421899999987,1.399217873253015
7.70416,14973.83,7.70416,14754.700195,219.1298050000005,1.4634185442201526
7.698229,14967.2,7.698229,14749.542969,217.65703100000064,1.4542267825645454
7.692308,14876.19,7.692308,14747.814453,128.37554699999964,0.862959850606907
7.686395,14854.74,7.686395,14745.220703,109.51929699999891,0.7372683534009947
7.680492,14846.94,7.680492,14735.708008,111.2319920000009,0.7491913619910965
7.674597,14831.14,7.674597,14734.842773,96.29722699999911,0.6492907962570585
7.668712,14827.08,7.668712,14701.075195,126.00480500000049,0.849828860436448
7.662835,14798.83,7.662835,14664.643555,134.18644499999937,0.9067368501428786
7.656968,14767.68,7.656968,14583.729492,183.9505079999999,1.2456290222973405
7.651109,14747.81,7.651109,14572.244141,175.56585900000027,1.1904537622874194
7.64526,14745.22,7.64526,14563.666992,181.55300799999895,1.2312668647873612
7.639419,14735.71,7.639419,14523.478516,212.2314839999999,1.4402528551389782
7.633588,14734.84,7.633588,14520.610352,214.22964800000045,1.4538987053812629
7.627765,14701.08,7.627765,14514.128906,186.951094,1.2716827199090135
7.621951,14664.64,7.621951,14495.472656,169.1673439999995,1.1535731119209165
7.616146,14581.19,7.616146,14310.69043,270.49956999999995,1.8551268449282943
7.61035,14523.48,7.61035,14302.206055,221.273944999999,1.523560090281386
7.604563,14523.48,7.604563,14138.583984,384.8960159999988,2.650163845028869
7.598784,14520.61,7.598784,14104.191406,416.41859400000067,2.86777617469239
7.593014,14514.13,7.593014,14090.248047,423.88195300000007,2.9204778584730886
7.587253,14323.06,7.587253,14074.154297,248.90570300000036,1.7377969721553939
7.581501,14310.69,7.581501,14069.926758,240.7632420000009,1.6824013517167997
7.575758,14302.21,7.575758,14069.681641,232.5283589999999,1.6258211772865867
7.570023,14262.01,7.570023,14060.733398,201.2766019999999,1.4112779474982833
7.564297,14204.73,7.564297,14055.362305,149.367694999999,1.051534911258426
7.558579,14135.62,7.558579,14032.072266,103.54773400000158,0.732530543407375
7.55287,14090.25,7.55287,14014.644531,75.60546900000008,0.5365800393889397
7.54717,14074.15,7.54717,13983.615234,90.53476599999885,0.6432698670967615
7.541478,14069.93,7.541478,13976.334961,93.59503899999982,0.6652132526601043
7.535795,14069.68,7.535795,13940.764648,128.91535199999998,0.916263568183498
7.53012,14055.36,7.53012,13898.990234,156.3697659999998,1.1125276478154937
7.524454,14032.07,7.524454,13898.753906,133.3160939999998,0.9500814491375813
7.518797,13983.62,7.518797,13897.231445,86.38855500000136,0.6177839143226243
7.513148,13982.44,7.513148,13808.583008,173.8569920000009,1.243395230017085
7.507508,13940.76,7.507508,13798.614258,142.1457420000006,1.019641267764459
7.501875,13898.99,7.501875,13782.291992,116.69800799999939,0.8396150223865143
7.496252,13897.23,7.496252,13722.332031,174.89796899999965,1.2585095662948635
7.490637,13808.58,7.490637,13708.681641,99.89835900000071,0.723451354158072
7.48503,13808.58,7.48503,13672.235352,136.34464800000023,0.9873907961571735
7.479432,13798.61,7.479432,13609.106445,189.50355500000114,1.3733524970993538
7.473842,13708.68,7.473842,13588.925781,119.75421900000038,0.8735649165346363
7.46826,13707.15,7.46826,13571.803711,135.34628899999916,0.9874137876947372
7.462687,13672.24,7.462687,13535.919922,136.32007800000065,0.997057380502395
7.457122,13588.93,7.457122,13515.105469,73.8245310000002,0.5432696393314279
7.451565,13571.8,7.451565,13500.736328,71.0636719999984,0.5236127263885292
7.446016,13515.11,7.446016,13485.380859,29.7291409999998,0.21996965618481684
7.440476,13500.74,7.440476,13472.083008,28.656992000000173,0.21226237969178113
7.434944,13460.53,7.434944,13446.707031,13.82296900000074,0.10269260571463931
7.429421,13446.71,7.429421,13419.963867,26.746132999998736,0.1989046614376211
7.423905,13419.96,7.423905,13413.492188,6.467811999998958,0.048195464069929854
7.418398,13413.49,7.418398,13408.887695,4.602305000000342,0.034311018236121565
7.412898,13408.89,7.412898,13402.029297,6.860703000000285,0.05116533135852621
7.407407,13402.03,7.407407,13331.196289,70.83371100000113,0.5285297152744854
7.401925,13364.4,7.401925,13317.292969,47.10703099999955,0.35248145071981946
7.39645,13331.2,7.39645,13317.292969,13.907031000000643,0.10431942360778206
7.390983,13331.2,7.390983,13305.192383,26.00761700000112,0.19508834163466993
7.385524,13317.29,7.385524,13271.81543,45.47457000000031,0.3414701489567345
7.380074,13305.19,7.380074,13258.804688,46.38531200000034,0.3486257016998655
7.374631,13305.19,7.374631,13240.204102,64.98589800000082,0.4884251784454097
7.369197,13271.82,7.369197,13231.829102,39.990898000000016,0.30132188350957156
7.36377,13258.8,7.36377,13216.0,42.79999999999927,0.3228044770265731
7.358352,13240.2,7.358352,13187.591797,52.608203000001595,0.39733692089244566
7.352941,13240.2,7.352941,13123.810547,116.3894530000016,0.8790611395598373
7.347539,13231.83,7.347539,13110.495117,121.33488299999954,0.9169924568256963
7.342144,13187.59,7.342144,13077.673828,109.91617199999928,0.833481871972053
7.336757,13123.81,7.336757,13059.816406,63.993593999999575,0.487614450376831
7.331378,13101.21,7.331378,13041.129883,60.08011699999952,0.4585844895242464
7.326007,13059.82,7.326007,13021.405273,38.4147269999994,0.2941443833069629
7.320644,13041.13,7.320644,13008.864258,32.26574199999959,0.24741523165553594
7.315289,13008.86,7.315289,12988.910156,19.949844000000667,0.1533558205715233
7.309942,13008.86,7.309942,12954.59082,54.26918000000114,0.4171709127471672
7.304602,12954.59,7.304602,12944.220703,10.369296999999278,0.08004342090331905
7.29927,12944.22,7.29927,12934.354492,9.865507999998954,0.07621554639830715
7.293946,12944.22,7.293946,12904.926758,39.293241999999736,0.3035582059019372
7.28863,12934.35,7.28863,12890.039062,44.31093800000053,0.342583415478942
7.283321,12904.93,7.283321,12889.783203,15.146796999999424,0.11737217482000617
7.27802,12890.04,7.27802,12848.787109,41.25289100000009,0.32003695101023805
7.272727,12890.04,7.272727,12833.378906,56.66109400000096,0.43957267781947107
7.267442,12889.78,7.267442,12818.59082,71.18918000000122,0.5522916605248593
7.262164,12848.79,7.262164,12810.121094,38.66890600000079,0.30095367735016904
7.256894,12833.38,7.256894,12796.648438,36.73156199999903,0.28621892284027306
7.251632,12818.59,7.251632,12784.451172,34.13882800000101,0.26632280149377596
7.246377,12810.12,7.246377,12772.90918,37.21082000000024,0.2904798706023069
7.24113,12796.65,7.24113,12756.75293,39.897069999999076,0.3117774573814168
7.23589,12772.91,7.23589,12745.341797,27.56820300000072,0.21583337704564365
7.230658,12756.75,7.230658,12742.597656,14.152344000000085,0.11094004350637963
7.225434,12745.34,7.225434,12723.454102,21.885898000000452,0.1717168627906392
7.220217,12723.45,7.220217,12723.208984,0.24101599999994505,0.0018942660992100808
7.215007,12723.21,7.215007,12717.557617,5.652382999998736,0.044425762052176576
7.209805,12717.56,7.209805,12704.40332,13.156680000000051,0.1034528635996217
7.204611,12704.4,7.204611,12700.130859,4.269140999998854,0.03360364125813776
7.199424,12700.13,7.199424,12693.790039,6.3399609999996756,0.04992044175925503
7.194245,12693.68,7.194245,12664.34668,29.33331999999973,0.2310860207599351
7.189073,12663.39,7.189073,12663.392578,0.0025780000014492543,2.0357897857124e-05
7.183908,12659.57,7.183908,12659.574219,0.004219000000375672,3.332656638713378e-05
7.178751,12659.57,7.178751,12644.292969,15.277030999999624,0.12067574965026161
7.173601,12648.65,7.173601,12641.426758,7.2232420000000275,0.05710682167662184
7.168459,12641.43,7.168459,12629.001953,12.428046999999424,0.09831203431889765
7.163324,12641.43,7.163324,12611.270508,30.159492000000682,0.23857658508571167
7.158196,12629.0,7.158196,12561.024414,67.97558600000048,0.5382499485311623
7.153076,12611.27,7.153076,12504.384766,106.88523400000122,0.8475374327883013
7.147963,12504.38,7.147963,12497.655273,6.724726999998893,0.05377897184825552
7.142857,12497.66,7.142857,12475.231445,22.428555000000415,0.1794620352930102
7.137759,12475.23,7.137759,12455.494141,19.735859000000346,0.15820036183701902
7.132668,12475.23,7.132668,12453.387695,21.842305000000124,0.17508538920725408
7.127584,12455.49,7.127584,12431.22168,24.26831999999922,0.19484034750940527
7.122507,12455.49,7.122507,12424.918945,30.571055000000342,0.24544241133829617
7.117438,12453.39,7.117438,12421.891602,31.498397999999725,0.25293031054194665
7.112376,12431.22,7.112376,12421.578125,9.641874999999345,0.07756177591579383
7.107321,12421.89,7.107321,12301.667969,120.22203099999933,0.9678239865270046
7.102273,12421.58,7.102273,12297.510742,124.06925799999954,0.9988202628007028
7.097232,12421.58,7.097232,12275.478516,146.1014840000007,1.1761908227455824
7.092199,12301.67,7.092199,12266.048828,35.621171999999206,0.2895637096426681
7.087172,12297.51,7.087172,12260.400391,37.109609000001,0.3017652272695936
7.082153,12297.51,7.082153,12258.001953,39.50804699999935,0.3212686714627543
7.077141,12275.48,7.077141,12256.05957,19.420430000000124,0.15820505593264073
7.072136,12266.05,7.072136,12256.05957,9.990429999999833,0.08144781734951213
7.067138,12258.0,7.067138,12256.05957,1.9404300000005605,0.015829906999515097
7.062147,12258.0,7.062147,12222.038086,35.961913999999524,0.293375053026591
7.057163,12256.06,7.057163,12218.147461,37.912538999999015,0.30933708712260727
7.052186,12256.06,7.052186,12216.201172,39.85882800000036,0.3252173047455737
7.047216,12222.04,7.047216,12206.469727,15.57027300000118,0.12739504207154598
7.042254,12222.04,7.042254,12188.943359,33.09664100000009,0.27079473639425244
7.037298,12218.15,7.037298,12173.353516,44.79648400000042,0.36663884466961383
7.032349,12218.15,7.032349,12149.949219,68.20078099999955,0.5581923695485778
7.027407,12216.2,7.027407,12144.094727,72.10527300000103,0.5902430624907994
7.022472,12206.47,7.022472,12110.891602,95.57839799999965,0.7830142375314048
7.017544,12173.35,7.017544,12053.166016,120.18398400000115,0.9872712441521942
7.012623,12144.09,7.012623,12027.683594,116.40640600000006,0.9585436702132484
7.007708,12110.89,7.007708,12006.581055,104.30894499999886,0.8612822426757972
7.002801,12053.98,7.002801,11988.742188,65.2378119999994,0.5412138729282726
6.997901,12051.21,6.997901,11934.348633,116.86136699999952,0.9697065025005749
6.993007,12027.68,6.993007,11920.902344,106.7776560000002,0.8877660197145267
6.98812,12027.68,6.98812,11892.970703,134.70929699999942,1.1199940221222997
6.98324,12027.68,6.98324,11870.282227,157.3977730000006,1.308629536203163
6.978367,12006.58,6.978367,11867.321289,139.2587110000004,1.1598532721224564
6.973501,11988.74,6.973501,11864.359375,124.38062499999978,1.0374787091887872
6.968641,11934.35,6.968641,11853.498047,80.85195300000123,0.6774726147632777
6.963788,11920.9,6.963788,11829.664062,91.2359379999998,0.7653443783606926
6.958942,11887.88,6.958942,11823.852539,64.02746099999968,0.5385944424068857
6.954103,11870.28,6.954103,11791.316406,78.96359400000074,0.665220988889906
6.94927,11864.36,6.94927,11772.381836,91.9781640000001,0.7752475818333235
6.944444,11835.08,6.944444,11750.321289,84.7587110000004,0.7161650871815011
6.939625,11829.66,6.939625,11749.880859,79.77914099999907,0.6743992726756227
6.934813,11791.32,6.934813,11740.287109,51.032890999998926,0.4328004922264762
6.930007,11770.83,6.930007,11738.669922,32.160078000000794,0.2732184391415116
6.925208,11750.32,6.925208,11724.734375,25.58562499999971,0.21774406994873086
6.920415,11749.88,6.920415,11695.96875,53.9112499999992,0.45882383479660394
6.915629,11738.67,6.915629,11682.168945,56.50105500000063,0.4813241619365792
6.91085,11724.73,6.91085,11666.133789,58.59621100000004,0.49976597328893746
6.906077,11695.97,6.906077,11613.753906,82.21609399999943,0.7029437832005335
6.901311,11682.17,6.901311,11613.338867,68.83113299999968,0.5891981797902246
6.896552,11666.13,6.896552,11601.43457,64.69542999999976,0.5545577668001279
6.891799,11613.75,6.891799,11590.588867,23.16113299999961,0.19942854805725632
6.887052,11604.79,6.887052,11582.389648,22.400352000000566,0.1930267760123239
6.882312,11601.43,6.882312,11577.287109,24.14289099999951,0.20810271664785726
6.877579,11590.59,6.877579,11558.613281,31.97671900000023,0.2758851706427389
6.872852,11577.29,6.872852,11527.43457,49.855430000001434,0.43063126172015587
6.868132,11558.61,6.868132,11508.416016,50.193984000001365,0.4342562297715846
6.863418,11527.43,6.863418,11504.410156,23.019844000000376,0.19969623758288166
6.858711,11504.41,6.858711,11472.938477,31.47152300000016,0.27356051288158334
6.85401,11489.46,6.85401,11443.604492,45.855507999998736,0.3991093402126709
6.849315,11472.94,6.849315,11429.686523,43.2534770000002,0.377004298810943
6.844627,11443.6,6.844627,11418.134766,25.465234000001146,0.2225281729525774
6.839945,11429.69,6.839945,11405.067383,24.6226170000009,0.21542681385060225
6.83527,11417.13,6.83527,11386.963867,30.16613299999881,0.26421817917461576
6.830601,11405.07,6.830601,11364.782227,40.287773000000016,0.35324441673746865
6.825939,11347.69,6.825939,11347.694336,0.004335999999966589,3.821041991776818e-05
6.821282,11347.69,6.821282,11344.670898,3.0191020000002027,0.02660543247128008
6.816633,11344.67,6.816633,11331.09375,13.576250000000073,0.11967073524395219
6.811989,11331.09,6.811989,11310.151367,20.938632999999754,0.18478922151355037
6.807352,11331.09,6.807352,11308.365234,22.724765999999363,0.20055233874233955
6.802721,11308.37,6.802721,11252.30957,56.06043000000136,0.495742799360132
6.798097,11234.59,6.798097,11234.586914,0.003086000000621425,2.7468737182410972e-05
6.793478,11208.26,6.793478,11234.0,25.73999999999978,0.22965206017704606
6.788866,11198.12,6.788866,11208.258789,10.138788999998724,0.09054009958813375
6.784261,11149.43,6.784261,11198.125,48.69499999999971,0.43674878446700605
6.779661,11149.43,6.779661,11186.066406,36.636405999999624,0.3285944303879178
6.775068,11147.4,6.775068,11183.931641,36.53164099999958,0.3277144535945564
6.770481,11111.37,6.770481,11149.429688,38.05968799999937,0.3425292110693764
6.7659,11111.37,6.7659,11147.398438,36.02843799999937,0.3242483870125769
6.761325,11052.79,6.761325,11111.369141,58.579140999998344,0.5299941553218539
6.756757,11052.79,6.756757,11052.785156,0.004844000000957749,4.3826038502113475e-05
6.752194,11026.27,6.752194,11027.292969,1.022968999999648,0.00927756167769924
6.747638,11015.05,6.747638,11026.272461,11.222461000001204,0.10188297828880673
6.743088,11015.05,6.743088,11015.047852,0.002147999999579042,1.9500592367524817e-05
6.738544,10966.01,6.738544,10966.010742,0.0007420000001729932,6.766362607484337e-06
6.734007,10946.58,6.734007,10946.575195,0.00480500000048778,4.389498821081818e-05
6.729475,10938.39,6.729475,10938.387695,0.002304999999978463,2.1072571008882143e-05
6.72495,10901.51,6.72495,10901.511719,0.0017189999998663552,1.5768457762881978e-05
6.72043,10860.48,6.72043,10860.477539,0.0024610000000393484,2.2660140251990228e-05
6.715917,10841.99,6.715917,10841.992188,0.0021880000003875466,2.018079707127148e-05
6.711409,10822.47,6.711409,10822.46582,0.004179999999905704,3.862334568638863e-05
6.706908,10822.47,6.706908,10804.982422,17.487578000000212,0.16158583022175357
6.702413,10783.63,6.702413,10773.044922,10.585078000000067,0.09815876472022934
6.697924,10770.3,6.697924,10770.300781,0.0007810000006429618,7.251422900410963e-06
6.69344,10727.71,6.69344,10727.713867,0.003867000001264387,3.604683572975394e-05
6.688963,10677.17,6.688963,10677.170898,0.0008980000002338784,8.410468319169578e-06
6.684492,10677.11,6.684492,10677.112305,0.002304999999978463,2.1588238764782445e-05
6.680027,10677.11,6.680027,10661.602539,15.507461000001058,0.14524024759509882
6.675567,10660.31,6.675567,10660.307617,0.002382999999099411,2.235394654657708e-05
6.671114,10660.31,6.671114,10628.486328,31.823671999998624,0.29852482713916034
6.666667,10648.88,6.666667,10626.814453,22.065546999998332,0.2072100258430777
6.662225,10626.81,6.662225,10626.415039,0.3949609999999666,0.0037166468582760645
6.65779,10626.42,6.65779,10565.246094,61.17390599999999,0.5756774718108262
6.65336,10565.25,6.65336,10518.905273,46.34472699999969,0.4386524407846449
6.648936,10518.91,6.648936,10491.453125,27.456874999999854,0.261023955904175
6.644518,10491.45,6.644518,10437.28125,54.16875000000073,0.5163132836738556
6.640106,10389.59,6.640106,10389.591797,0.0017969999989873031,1.72961589339647e-05
6.6357,10377.78,6.6357,10377.77832,0.001680000001215376,1.618843337607249e-05
6.6313,10353.25,6.6313,10323.383789,29.866211000000476,0.28847184217516697
6.626905,10323.08,6.626905,10323.083984,0.003984000000855303,3.8593133065473714e-05
6.622517,10234.24,6.622517,10283.0,48.76000000000022,0.47643987242824304
6.618134,10225.83,6.618134,10279.371094,53.54109400000016,0.5235867797528432
6.613757,10187.73,6.613757,10234.238281,46.50828100000035,0.45651269713665704
6.609385,10172.64,6.609385,10225.833008,53.19300800000019,0.5229026879944655
6.60502,10165.88,6.60502,10195.851562,29.97156200000063,0.2948250618736463
6.60066,10160.61,6.60066,10178.508789,17.898788999998942,0.17615860661908037
6.596306,10054.04,6.596306,10172.643555,118.60355499999969,1.1796606637729676
6.591958,10047.69,6.591958,10165.875977,118.18597699999918,1.176250232640529
6.587615,10046.63,6.587615,10160.610352,113.9803520000005,1.134513284554129
6.583278,10043.98,6.583278,10155.34375,111.36375000000044,1.1087611683814627
6.578947,10018.07,6.578947,10047.692383,29.6223829999999,0.29568951903909535
6.574622,10013.83,6.574622,10046.634766,32.80476599999929,0.32759459667279445
6.570302,10002.19,6.570302,10043.979492,41.78949199999988,0.4178034210507887
6.565988,9965.09,6.565988,10032.883789,67.79378899999938,0.6803128622019408
6.56168,9943.88,6.56168,10018.068359,74.18835900000158,0.7460705378584777
6.557377,9940.69,6.557377,10013.833984,73.14398400000027,0.7358038928887257
6.55308,9940.69,6.55308,10002.186523,61.4965229999998,0.6186343503318159
6.548788,9921.34,6.548788,9965.092773,43.75277300000016,0.4409966093289834
6.544503,9879.3,6.544503,9965.092773,85.79277300000103,0.8684094318423475
6.540222,9824.76,6.540222,9943.875,119.11499999999978,1.2123960279945747
6.535948,9805.58,6.535948,9940.691406,135.111406,1.3779032550853696
6.531679,9761.82,6.531679,9939.629883,177.8098829999999,1.8214829099491685
6.527415,9753.3,6.527415,9921.335938,168.0359380000009,1.7228623952918594
6.523157,9746.86,6.523157,9879.301758,132.44175799999903,1.3588146131164194
6.518905,9720.98,6.518905,9805.576172,84.59617199999957,0.8702432470800224
6.514658,9714.79,6.514658,9769.391602,54.60160199999882,0.5620461378990057
6.510417,9664.47,6.510417,9761.820312,97.35031200000049,1.0073010935933424
6.506181,9646.25,6.506181,9753.300781,107.05078099999992,1.1097657742646099
6.501951,9625.92,6.501951,9746.864258,120.94425799999954,1.2564436230510905
6.497726,9599.03,6.497726,9720.975586,121.94558599999982,1.2703948836497
6.493506,9599.03,6.493506,9714.790039,115.76003899999887,1.205955591346197
6.489293,9569.05,6.489293,9688.03418,118.98418000000129,1.243427299470703
6.485084,9561.41,6.485084,9677.325195,115.91519499999958,1.212323234753029
6.480881,9550.66,6.480881,9664.46875,113.80875000000015,1.1916323060395841
6.476684,9543.13,6.476684,9646.246094,103.11609400000088,1.0805269759502478
6.472492,9526.98,6.472492,9625.923828,98.9438280000013,1.038564455892647
6.468305,9422.37,6.468305,9599.02832,176.65831999999864,1.8748820095156378
6.464124,9398.59,6.464124,9599.02832,200.4383199999993,2.1326424495589156
6.459948,9339.06,6.459948,9569.051758,229.99175800000012,2.4626863731467634
6.455778,9332.55,6.455778,9561.414062,228.86406200000056,2.4523207697788987
6.451613,9332.55,6.451613,9543.12793,210.5779300000013,2.2563814820172547
6.447453,9285.92,6.447453,9526.982422,241.06242199999906,2.5959993409376674
6.443299,9285.92,6.443299,9518.368164,232.44816399999945,2.5032324637731045
6.43915,9284.08,6.43915,9422.365234,138.28523400000086,1.489487746766517
6.435006,9259.86,6.435006,9398.586914,138.72691399999894,1.49815347100279
6.430868,9213.6,6.430868,9374.788086,161.1880860000001,1.7494582573586885
6.426735,9197.59,6.426735,9339.055664,141.46566399999938,1.5380731691671339
6.422608,9196.82,6.422608,9332.554688,135.73468800000046,1.4758871870929349
6.418485,9135.76,6.418485,9285.919922,150.15992199999891,1.6436500302109394
6.414368,9135.76,6.414368,9284.076172,148.31617199999891,1.6234683485555543
6.410256,9113.94,6.410256,9213.597656,99.6576559999994,1.0934640342157114
6.40615,9033.06,6.40615,9197.588867,164.5288670000009,1.8214078839286014
6.402049,8994.62,6.402049,9196.823242,202.2032419999996,2.248046521142634
6.397953,8986.4,6.397953,9158.637695,172.2376949999998,1.9166484354135118
6.393862,8985.3,6.393862,9135.764648,150.46464800000103,1.6745645443112755
6.389776,8985.3,6.389776,9115.032227,129.73222700000042,1.4438274403748392
6.385696,8975.98,6.385696,9113.941406,137.96140600000035,1.537006610977301
6.381621,8971.04,6.381621,9017.731445,46.691444999998566,0.5204685855820347
6.377551,8934.22,6.377551,8994.624023,60.40402300000096,0.6760973313842839
6.373486,8917.16,6.373486,8986.401367,69.24136700000054,0.7764957340678034
6.369427,8906.72,6.369427,8985.304688,78.58468800000082,0.8823078304920424
6.365372,8904.49,6.365372,8975.980469,71.4904690000003,0.8028586589462203
6.361323,8903.94,6.361323,8971.041016,67.10101599999871,0.7536103792253621
6.357279,8897.46,6.357279,8946.323242,48.863242000001264,0.5491819238299612
6.35324,8888.49,6.35324,8934.224609,45.734609000001,0.5145374411176814
6.349206,8888.49,6.349206,8917.160156,28.670156000000134,0.3225537295986172
6.345178,8887.94,6.345178,8914.405273,26.465272999999797,0.2977661077820034
6.341154,8876.35,6.341154,8906.722656,30.37265599999955,0.3421750606949878
6.337136,8835.31,6.337136,8904.493164,69.18316400000003,0.7830304086670421
6.333122,8784.41,6.333122,8903.935547,119.52554699999928,1.360655376968963
6.329114,8784.41,6.329114,8897.464844,113.05484400000023,1.286994163523791
6.325111,8779.84,6.325111,8888.493164,108.65316399999938,1.2375301144439919
6.321113,8779.59,6.321113,8887.941406,108.35140599999977,1.2341283135089425
6.317119,8758.29,6.317119,8849.820312,91.53031199999896,1.0450705788458585
6.313131,8747.71,6.313131,8835.310547,87.600547,1.001411192186298
6.309148,8744.37,6.309148,8833.886719,89.51671899999928,1.0237068994106984
6.30517,8727.66,6.30517,8784.412109,56.75210900000093,0.6502557271937831
6.301197,8704.58,6.301197,8783.301758,78.72175799999968,0.9043716985770672
6.297229,8697.52,6.297229,8780.193359,82.67335900000035,0.9505394526255799
6.293266,8653.53,6.293266,8779.838867,126.30886699999974,1.4596224546514511
6.289308,8634.85,6.289308,8779.586914,144.73691399999916,1.676194884682411
6.285355,8630.37,6.285355,8777.746094,147.37609399999928,1.7076451415176785
6.281407,8576.44,6.281407,8758.285156,181.8451559999994,2.120287158774496
6.277464,8576.44,6.277464,8747.709961,171.26996099999997,1.9969819762045784
6.273526,8573.62,6.273526,8744.369141,170.74914099999842,1.9915641351027733
6.269592,8493.51,6.269592,8727.655273,234.1452730000001,2.756755134214242
6.265664,8477.1,6.265664,8669.576172,192.47617199999877,2.270542661995243
6.261741,8469.88,6.261741,8653.53418,183.65418000000136,2.168320920721443
6.257822,8449.34,6.257822,8647.742188,198.40218800000002,2.348138292458346
6.253909,8442.54,6.253909,8634.851562,192.31156199999896,2.277887484098375
6.25,8424.37,6.25,8576.4375,152.0674999999992,1.8050904696730936
6.246096,8413.01,6.246096,8493.512695,80.50269499999922,0.9568833865643713
6.242197,8394.39,6.242197,8477.103516,82.7135159999998,0.9853427825011682
6.238303,8390.26,6.238303,8469.886719,79.62671899999987,0.9490375626023493
6.234414,8361.22,6.234414,8449.341797,88.12179699999979,1.0539346769968951
6.23053,8361.22,6.23053,8442.536133,81.31613300000026,0.9725390911852609
6.22665,8353.8,6.22665,8424.373047,70.57304699999986,0.8448017309487882
6.222775,8329.36,6.222775,8406.758789,77.39878899999894,0.9292285241603069
6.218905,8322.55,6.218905,8390.263672,67.71367199999986,0.8136168842482157
6.21504,8321.27,6.21504,8361.216797,39.946796999998696,0.4800564937803808
6.21118,8321.27,6.21118,8329.834961,8.56496100000004,0.1029285313419711
6.207325,8317.84,6.207325,8329.360352,11.520351999999548,0.13850172640973554
6.203474,8291.53,6.203474,8322.546875,31.016874999999345,0.3740790300463165
6.199628,8286.95,6.199628,8321.266602,34.316601999998966,0.4141041275740648
6.195787,8251.99,6.195787,8317.837891,65.84789099999944,0.7979637760103858
6.19195,8243.95,6.19195,8291.527344,47.57734399999936,0.5771182988737117
6.188119,8204.88,6.188119,8286.948242,82.06824200000119,1.00023695654295
6.184292,8204.88,6.184292,8251.986328,47.10632800000167,0.5741257398036494
6.18047,8199.7,6.18047,8243.952148,44.25214799999958,0.5396800858567944
6.176652,8177.24,6.176652,8208.902344,31.662344000000303,0.387200864839485
6.17284,8143.79,6.17284,8205.451172,61.66117199999917,0.7571557223356591
6.169031,8126.46,6.169031,8204.875977,78.41597699999966,0.9649463234914054
6.165228,8079.0,6.165228,8199.697266,120.69726599999922,1.4939629409580295
6.161429,8036.65,6.161429,8177.23877,140.5887700000003,1.7493454362203193
6.157635,8036.65,6.157635,8143.785156,107.13515600000028,1.3330822668649287
6.153846,8033.74,6.153846,8137.433105,103.69310500000029,1.2907202000562663
6.150062,8026.36,6.150062,8126.456055,100.09605499999998,1.2470915209385074
6.146281,7987.2,6.146281,8079.001953,91.80195300000014,1.1493633939302903
6.142506,7987.2,6.142506,8061.02832,73.82832000000053,0.9243329326923143
6.138735,7967.97,6.138735,8036.647461,68.67746099999931,0.8619191713824137
6.134969,7941.71,6.134969,8033.742676,92.03267599999981,1.1588521363786868
6.131208,7941.71,6.131208,8026.362793,84.6527930000002,1.0659265196034633
6.127451,7927.69,6.127451,7987.202148,59.51214800000071,0.7506871232351506
6.123699,7914.24,6.123699,7967.96875,53.72875000000022,0.6788870441128929
6.119951,7913.27,6.119951,7958.052246,44.78224599999976,0.565913282372518
6.116208,7913.07,6.116208,7941.70752,28.637520000000222,0.3619015123081209
6.112469,7853.89,6.112469,7927.685547,73.79554699999971,0.9396050492176452
6.108735,7848.05,6.108735,7913.271484,65.22148399999969,0.8310533699453966
6.105006,7829.43,6.105006,7913.067871,83.6378709999999,1.0682498087344787
6.101281,7827.68,6.101281,7883.210449,55.53044899999986,0.7094113326042948
6.097561,7823.35,6.097561,7853.890625,30.540624999999636,0.39037784325128794
6.093845,7809.23,6.093845,7837.450684,28.2206840000008,0.3613760127439044
6.090134,7802.17,6.090134,7829.432129,27.26212899999973,0.34941726468405243
6.086427,7799.82,6.086427,7823.347168,23.52716800000053,0.3016373198355927
6.082725,7793.93,6.082725,7816.879395,22.94939499999964,0.294452156999096
6.079027,7731.41,6.079027,7812.762695,81.3526950000005,1.0522362027107668
6.075334,7721.95,6.075334,7809.23291,87.2829099999999,1.1303221336579479
6.071645,7682.9,6.071645,7802.171875,119.27187500000036,1.5524330005596894
6.067961,7668.08,6.067961,7799.817383,131.73738299999968,1.7179969822954337
6.064281,7659.19,6.064281,7793.930176,134.74017600000025,1.759196155207016
6.060606,7635.68,6.060606,7774.737305,139.05730499999936,1.821151554281994
6.056935,7633.07,6.056935,7742.040527,108.9705270000004,1.4276107385364003
6.053269,7620.59,6.053269,7731.408691,110.81869099999949,1.4542009345733007
6.049607,7604.54,6.049607,7721.952637,117.41263700000036,1.543980793052576
6.045949,7540.18,6.045949,7710.953125,170.7731249999997,2.264841489195214
6.042296,7533.61,6.042296,7682.896484,149.2864840000002,1.9816062153469611
6.038647,7525.25,6.038647,7668.080566,142.83056599999964,1.8980175542340736
6.035003,7509.11,6.035003,7659.185547,150.07554700000037,1.9985796852090378
6.031363,7507.32,6.031363,7635.681152,128.3611520000004,1.709813248935711
6.027728,7507.32,6.027728,7633.068848,125.74884800000018,1.675016490571871
6.024096,7505.52,6.024096,7621.779785,116.25978499999928,1.5489904097250995
6.02047,7494.76,6.02047,7620.59082,125.83082000000013,1.6789172701994477
6.016847,7494.16,6.016847,7604.535645,110.37564500000008,1.4728221041450953
6.013229,7493.56,6.013229,7540.177246,46.617245999999795,0.6220974543474636
6.009615,7460.59,6.009615,7533.609863,73.01986299999953,0.9787411317335429
6.006006,7458.74,6.006006,7525.248047,66.50804700000026,0.8916793855262453
6.002401,7443.06,6.002401,7509.111328,66.05132799999956,0.8874216787181557
5.9988,7418.01,5.9988,7507.915527,89.90552699999989,1.2119898328527448
5.995204,7416.15,5.995204,7507.317383,91.16738299999997,1.2293087788138046
5.991612,7407.19,5.991612,7505.523438,98.33343800000057,1.3275403763100526
5.988024,7407.19,5.988024,7494.755859,87.56585900000027,1.1821737933008372
5.98444,7376.51,5.98444,7494.157715,117.64771500000006,1.5948967058947938
5.980861,7375.91,5.980861,7494.157715,118.24771500000043,1.603161033689408
5.977286,7374.71,5.977286,7493.559082,118.84908199999973,1.6115763467309185
5.973716,7360.25,5.973716,7468.632324,108.38232400000015,1.4725359057097267
5.970149,7360.25,5.970149,7460.591309,100.34130900000036,1.3632866954247527
5.966587,7351.21,5.966587,7458.735352,107.52535199999966,1.46268916273647
5.963029,7333.72,5.963029,7443.060059,109.34005900000011,1.4909221922844083
5.959476,7330.1,5.959476,7421.615234,91.51523399999951,1.2484854776878829
5.955926,7322.25,5.955926,7418.01123,95.76123000000007,1.3078115333401628
5.952381,7321.65,5.952381,7416.151367,94.50136700000076,1.2907113423886796
5.94884,7321.04,5.94884,7407.193848,86.15384799999993,1.1767979412761018
5.945303,7321.04,5.945303,7401.355957,80.3159569999998,1.097056661348658
5.941771,7309.57,5.941771,7376.512695,66.94269500000064,0.9158226133685107
5.938242,7309.57,5.938242,7375.910645,66.34064500000022,0.9075861507585292
5.934718,7307.75,5.934718,7374.706543,66.95654300000024,0.9162401970510792
5.931198,7289.02,5.931198,7360.25,71.22999999999956,0.9772232755569276
5.927682,7264.81,5.927682,7351.208984,86.39898399999947,1.1892807107136933
5.924171,7255.12,5.924171,7340.354492,85.2344920000005,1.1748185005899352
5.920663,7252.09,5.920663,7333.718262,81.62826200000018,1.1255825837792992
5.91716,7252.09,5.91716,7330.097656,78.00765599999977,1.0756575828485275
5.913661,7252.09,5.913661,7322.25,70.15999999999985,0.9674452468185013
5.910165,7247.24,5.910165,7321.646484,74.40648400000009,1.0266871802230932
5.906675,7236.42,5.906675,7321.04248,84.62248,1.1693970222844998
5.903188,7231.48,5.903188,7313.339844,81.85984400000052,1.1319929530331345
5.899705,7204.6,5.899705,7309.566895,104.96689499999957,1.456942717152924
5.896226,7181.07,5.896226,7307.754395,126.68439500000022,1.764143713959065
5.892752,7156.38,5.892752,7290.485352,134.10535199999958,1.8739272090079004
5.889282,7153.68,5.889282,7289.015137,135.33513700000003,1.8918254241173778
5.885815,7153.07,5.885815,7264.808594,111.73859400000038,1.5621068156749534
5.882353,7134.79,5.882353,7252.087891,117.29789100000016,1.6440272383630095
5.878895,7134.79,5.878895,7252.087891,117.29789100000016,1.6440272383630095
5.875441,7130.2,5.875441,7247.239746,117.03974600000038,1.6414651201929875
5.871991,7129.31,5.871991,7243.603027,114.29302699999971,1.6031428988219014
5.868545,7129.31,5.868545,7236.422852,107.1128519999993,1.5024294356676773
5.865103,7121.38,5.865103,7231.475586,110.09558599999946,1.545986676739613
5.861665,7089.64,5.861665,7204.595703,114.95570299999963,1.6214603703431998
5.858231,7089.64,5.858231,7181.065918,91.42591799999991,1.2895706693146607
5.854801,7080.47,5.854801,7153.681641,73.21164099999987,1.0339940851384142
5.851375,7010.68,5.851375,7153.072754,142.3927539999995,2.031083347121813
5.847953,6935.42,5.847953,7134.794922,199.37492199999997,2.874734651974934
5.844535,6932.64,5.844535,7130.199219,197.55921899999976,2.849696782178214
5.841121,6914.77,5.841121,7129.308594,214.53859399999965,3.102613593799933
5.837712,6888.88,5.837712,7121.990723,233.11072299999978,3.383869700154449
5.834306,6885.79,5.834306,7121.380859,235.5908589999999,3.4214063890998694
5.830904,6841.94,5.830904,7089.638672,247.69867200000044,3.620298804140353
5.827506,6836.37,5.827506,7058.458008,222.08800799999972,3.2486247526099334
5.824112,6835.75,5.824112,7010.67627,174.92626999999993,2.5589916249131393
5.820722,6835.75,5.820722,6977.743652,141.9936520000001,2.077221255897306
5.817336,6830.77,5.817336,6932.636719,101.86671899999965,1.4912918894941514
5.813953,6799.22,5.813953,6914.774902,115.55490199999986,1.699531740405515
5.810575,6767.6,5.810575,6898.747559,131.147559,1.9378739730480523
5.807201,6763.25,5.807201,6888.878418,125.62841800000024,1.8575155139910582
5.803831,6752.08,5.803831,6885.793457,133.71345699999983,1.980329868721932
5.800464,6752.08,5.800464,6836.369629,84.28962899999988,1.248350567528819
5.797101,6728.47,5.797101,6835.750977,107.28097699999944,1.5944334596126524
5.793743,6707.32,5.793743,6830.771973,123.45197300000018,1.84055588521198
5.790388,6705.45,5.790388,6799.224121,93.77412100000038,1.3984761798238803
5.787037,6691.75,5.787037,6796.125977,104.3759769999997,1.5597710165502252
5.78369,6689.88,5.78369,6767.598633,77.7186329999995,1.1617343360418946
5.780347,6678.04,5.780347,6763.253906,85.21390599999995,1.276031679953998
5.777008,6646.86,5.777008,6752.078613,105.218613,1.5829822352208411
5.773672,6645.01,5.773672,6745.867188,100.85718799999995,1.5177883554727525
5.77034,6645.01,5.77034,6728.46582,83.45582000000013,1.255917146851549
5.767013,6644.36,5.767013,6705.449219,61.08921900000041,0.9194146464068838
5.763689,6630.98,5.763689,6696.733398,65.75339800000074,0.9916090532621235
5.760369,6613.13,5.760369,6689.882812,76.75281199999972,1.1606124785086596
5.757052,6608.13,5.757052,6678.044922,69.91492199999993,1.0580137194637504
5.75374,6608.13,5.75374,6646.861328,38.73132799999985,0.5861163142976885
5.750431,6586.86,5.750431,6645.007324,58.14732400000048,0.8827775905363174
5.747126,6577.47,5.747126,6644.364746,66.89474599999994,1.0170285231251521
5.743825,6571.83,5.743825,6635.624023,63.79402300000038,0.9707193125811286
5.740528,6554.92,5.740528,6613.131348,58.211347999999816,0.888055811512571
5.737235,6539.24,5.737235,6608.129883,68.88988299999983,1.0534845486631448
5.733945,6539.24,5.733945,6586.860352,47.62035199999991,0.7282245643224582
5.730659,6529.2,5.730659,6577.469727,48.269726999999875,0.7392900661643061
5.727377,6510.99,5.727377,6571.833984,60.84398400000009,0.9344813000787914
5.724098,6509.74,5.724098,6539.240234,29.50023400000009,0.45317069498935586
5.720824,6509.74,5.720824,6529.20166,19.461659999999938,0.29896217053215546
5.717553,6499.06,5.717553,6519.786133,20.72613299999921,0.3189097038648544
5.714286,6432.34,5.714286,6510.994629,78.65462899999966,1.2227996188012398
5.711022,6425.41,5.711022,6509.738281,84.32828100000006,1.3124186783411496
5.707763,6425.41,5.707763,6499.057617,73.64761700000054,1.1461932701570878
5.704507,6415.44,5.704507,6478.30957,62.86957000000075,0.97997284675721
5.701254,6390.7,5.701254,6432.341797,41.641797000000224,0.6515999342795035
5.698006,6371.09,5.698006,6425.406738,54.31673799999953,0.8525501601766657
5.694761,6371.09,5.694761,6415.438477,44.34847699999955,0.6960893190960973
5.69152,6349.61,5.69152,6397.013184,47.40318400000069,0.746552685913004
5.688282,6347.08,5.688282,6390.69873,43.61873000000014,0.6872251492024701
5.685048,6300.84,5.685048,6376.800293,75.96029300000009,1.205558195415216
5.681818,6300.84,5.681818,6371.094727,70.25472699999955,1.1150057293948035
5.678592,6260.85,5.678592,6349.609375,88.75937499999964,1.4176888920833373
5.675369,6260.85,5.675369,6347.078613,86.22861299999931,1.377266872708966
5.67215,6243.06,5.67215,6326.62207,83.56206999999995,1.3384793674896596
5.668934,6232.88,5.668934,6300.835938,67.95593800000006,1.0902815071042609
5.665722,6219.44,5.665722,6260.851074,41.41107400000055,0.6658328402557233
5.662514,6202.33,5.662514,6243.057129,40.72712899999988,0.6566424069664123
5.65931,6183.85,5.65931,6232.882812,49.03281199999947,0.7929172279405138
5.656109,6142.12,5.656109,6219.436523,77.31652300000042,1.2587921271482878
5.652911,6133.44,5.652911,6202.332031,68.89203100000032,1.1232201016069339
5.649718,6095.08,5.649718,6183.854492,88.77449200000046,1.4564942871955817
5.646527,6079.08,5.646527,6163.447754,84.36775399999988,1.3878375346269483
5.643341,6076.75,5.643341,6142.118164,65.36816400000043,1.0757092853910468
5.640158,6074.59,5.640158,6133.442383,58.85238299999946,0.9688288921556758
5.636979,6067.55,5.636979,6095.080078,27.530077999999776,0.45372642994288925
5.633803,6056.65,5.633803,6079.07666,22.426660000000084,0.3702815913087282
5.630631,6029.72,5.630631,6076.75,47.029999999999745,0.7799698825152701
5.627462,6026.51,5.627462,6074.59375,48.08374999999978,0.7978705751753465
5.624297,6019.45,5.624297,6067.547363,48.09736299999986,0.7990325195823514
5.621135,5993.75,5.621135,6063.703125,69.953125,1.1671011470281543
5.617978,5990.54,5.617978,6054.730469,64.19046900000012,1.0715305965739335
5.614823,5990.54,5.614823,6029.716797,39.17679700000008,0.6539777215409642
5.611672,5980.25,5.611672,6026.507812,46.25781199999983,0.7735096693282025
5.608525,5976.82,5.608525,6019.446777,42.6267770000004,0.7132016189211052
5.605381,5976.61,5.605381,5993.751953,17.141953000000285,0.2868173262100135
5.602241,5955.8,5.602241,5990.538086,34.738085999999385,0.5832648174888241
5.599104,5942.92,5.599104,5980.250977,37.33097699999962,0.6281588343777069
5.595971,5942.92,5.595971,5976.822266,33.902266000000054,0.570464788353201
5.592841,5905.9,5.592841,5976.610352,70.71035200000006,1.1972832591137688
5.589715,5904.89,5.589715,5955.800781,50.91078099999959,0.8621800067401693
5.586592,5892.63,5.586592,5950.005859,57.375858999999764,0.9736884718707906
5.583473,5878.42,5.583473,5942.921875,64.50187499999993,1.0972655067177903
5.580357,5878.42,5.580357,5942.921875,64.50187499999993,1.0972655067177903
5.577245,5878.42,5.577245,5933.902344,55.48234400000001,0.9438308933352842
5.574136,5878.42,5.574136,5905.896484,27.4764839999998,0.4674127401580663
5.571031,5841.58,5.571031,5904.887695,63.30769500000042,1.0837426689354663
5.567929,5816.98,5.567929,5892.626465,75.64646500000072,1.3004422397876687
5.56483,5816.98,5.56483,5878.420898,61.44089800000074,1.056233612630622
5.561735,5799.07,5.561735,5878.420898,79.3508980000006,1.3683383370092206
5.558644,5794.31,5.558644,5841.57666,47.26665999999932,0.815742685496622
5.555556,5777.45,5.555556,5816.981445,39.53144500000053,0.6842369038243608
5.552471,5774.2,5.552471,5799.068359,24.868359000000055,0.43068059644626194
5.54939,5765.77,5.54939,5799.068359,33.29835899999944,0.5775179897914664
5.546312,5740.45,5.546312,5794.306152,53.85615200000029,0.9381869365642118
5.543237,5740.45,5.543237,5782.927734,42.477734000000055,0.7399721973016062
5.540166,5722.25,5.540166,5777.447266,55.19726600000013,0.9646077329721723
5.537099,5720.3,5.537099,5774.203613,53.903612999999496,0.9423214341905055
5.534034,5658.45,5.534034,5765.769043,107.31904300000042,1.8966155572639227
5.530973,5646.06,5.530973,5740.446289,94.38628900000003,1.671719553104289
5.527916,5635.63,5.527916,5726.334961,90.70496099999946,1.609491059562098
5.524862,5602.98,5.524862,5722.249512,119.26951200000076,2.1286799524538864
5.521811,5602.98,5.521811,5720.298828,117.3188280000004,2.0938648362121657
5.518764,5534.29,5.518764,5713.795898,179.50589800000034,3.243521716426142
5.51572,5527.08,5.51572,5703.694824,176.61482400000023,3.1954454069780107
5.512679,5491.05,5.512679,5681.205078,190.15507799999978,3.4630003004889733
5.509642,5491.01,5.509642,5658.452148,167.4421480000001,3.0493870526551596
5.506608,5450.28,5.506608,5646.063965,195.78396500000053,3.5921817778169296
5.503577,5447.65,5.503577,5635.626465,187.97646500000064,3.4505973217809633
5.50055,5433.19,5.50055,5602.981934,169.79193400000077,3.1250873612003405
5.497526,5421.34,5.497526,5534.286133,112.94613299999946,2.0833619179022063
5.494505,5421.34,5.494505,5527.078125,105.73812499999985,1.9504057115030573
5.491488,5395.0,5.491488,5491.007812,96.00781199999983,1.7795701946246492
5.488474,5385.12,5.488474,5450.283691,65.16369099999974,1.2100694320646475
5.485464,5352.8,5.485464,5433.186035,80.38603499999954,1.5017567441339026
5.482456,5351.48,5.482456,5421.342285,69.86228500000016,1.3054759617900127
5.479452,5342.63,5.479452,5395.00293,52.37292999999954,0.9802836805094034
5.476451,5342.63,5.476451,5385.118652,42.488652,0.7952759595929346
5.473454,5320.45,5.473454,5352.802734,32.352734000000055,0.6080826621808316
5.47046,5312.6,5.47046,5342.631836,30.031835999999203,0.5652945073974928
5.467469,5311.19,5.467469,5320.445312,9.255312000000231,0.17426060826293602
5.464481,5303.26,5.464481,5312.600098,9.34009799999967,0.1761199337765765
5.461496,5299.33,5.461496,5303.259766,3.9297660000001997,0.07415590272732968
5.458515,5299.33,5.458515,5299.333496,0.0034960000002683955,6.597060383611505e-05
5.455537,5299.33,5.455537,5284.73877,14.591229999999996,0.27534103367784224
5.452563,5284.74,5.452563,5257.800293,26.939706999999544,0.5097640943546805
5.449591,5261.48,5.449591,5251.632324,9.84767599999941,0.18716551236533088
5.446623,5251.63,5.446623,5243.680664,7.9493359999996756,0.15136892736159394
5.443658,5251.63,5.443658,5207.203125,44.42687500000011,0.8459635389393408
5.440696,5207.2,5.440696,5184.627441,22.572559000000183,0.43348745967122804
5.437738,5201.23,5.437738,5177.276367,23.953632999999172,0.46053785354616456
5.434783,5184.63,5.434783,5171.338379,13.291621000000305,0.2563658544582797
5.431831,5177.28,5.431831,5169.344238,7.935762000000068,0.1532805256814402
5.428882,5171.34,5.428882,5162.696777,8.643223000000035,0.1671370089763975
5.425936,5169.34,5.425936,5161.367188,7.972811999999976,0.1542326873449991
5.422993,5162.7,5.422993,5154.717773,7.9822269999995115,0.15461341933483472
5.420054,5161.37,5.420054,5145.405273,15.964726999999584,0.30931181062391544
5.417118,5154.72,5.417118,5113.850586,40.86941400000069,0.7928541996461629
5.414185,5145.41,5.414185,5112.119629,33.29037100000005,0.6469916099980381
5.411255,5112.12,5.411255,5107.477539,4.642460999999457,0.09081283303207784
5.408329,5107.48,5.408329,5086.794434,20.6855659999992,0.4050053255225512
5.405405,5086.79,5.405405,5079.458984,7.331016000000091,0.14411870747563965
5.402485,5079.46,5.402485,5060.109863,19.35013700000036,0.38094870320861585
5.399568,5060.11,5.399568,5056.10498,4.005019999999604,0.0791488722577099
5.396654,5041.41,5.396654,5041.414551,0.0045509999999922,9.027236427888626e-05
5.393743,5020.57,5.393743,5020.568359,0.0016409999998359126,3.268553171922536e-05
5.390836,5020.57,5.390836,4997.294434,23.275565999999344,0.4636040529262483
5.387931,4997.29,5.387931,4984.57959,12.710409999999683,0.2543460555621083
5.38503,4984.58,5.38503,4974.537109,10.042891000000054,0.201479181796662
5.382131,4984.58,5.382131,4912.189941,72.39005900000029,1.4522800115556436
5.379236,4912.19,5.379236,4909.505371,2.684628999999404,0.05465238518867154
5.376344,4912.19,5.376344,4879.282227,32.90777299999991,0.6699206056768958
5.373455,4879.28,5.373455,4873.233398,6.046601999999439,0.12392406256659669
5.370569,4873.23,5.370569,4872.561523,0.6684769999992568,0.013717329163599027
5.367687,4872.56,5.367687,4871.88916,0.6708400000006804,0.013767711428913762
5.364807,4834.22,5.364807,4834.220703,0.0007029999997030245,1.4542159845911532e-05
5.36193,4826.81,5.36193,4830.181641,3.3716409999997268,0.06985236626259841
5.359057,4804.59,5.359057,4826.814941,22.22494099999949,0.4625772646573274
5.356186,4785.71,5.356186,4816.713867,31.003867000000355,0.6478425771724645
5.353319,4731.04,5.353319,4804.586914,73.54691400000047,1.554561238121015
5.350455,4726.98,5.350455,4731.037598,4.0575980000003256,0.0858391192685462
5.347594,4706.03,5.347594,4713.464355,7.434355000000323,0.15797508728164342
5.344735,4703.59,5.344735,4706.026367,2.4363670000002458,0.05179803086579072
5.34188,4703.59,5.34188,4703.589844,0.0001560000000608852,3.3166156076716977e-06
5.339028,4699.94,5.339028,4670.837402,29.10259799999949,0.6192121176014905
5.336179,4670.84,5.336179,4656.613281,14.22671900000023,0.3045858774867097
5.333333,4656.61,5.333333,4617.291016,39.318983999999546,0.8443692729260031
5.33049,4643.06,5.33049,4601.549805,41.51019500000075,0.8940266763729252
5.327651,4617.29,5.327651,4591.498047,25.79195299999992,0.5585950416802913
5.324814,4601.55,5.324814,4577.131836,24.418164000000615,0.5306508459106304
5.32198,4584.01,5.32198,4577.023926,6.986074000000372,0.1524009328077463
5.319149,4565.85,5.319149,4565.85498,0.004979999999704887,0.00010907060021036361
5.316321,4550.72,5.316321,4552.663574,1.9435739999998987,0.04270915371633277
5.313496,4526.91,5.313496,4550.723633,23.813632999999754,0.5260460888332164
5.310674,4521.47,5.310674,4526.911621,5.441620999999941,0.12035070452750855
5.307856,4516.7,5.307856,4521.46582,4.765820000000531,0.10551553125070365
5.30504,4513.3,5.30504,4515.338379,2.0383789999996225,0.0451638269115641
5.302227,4513.3,5.302227,4513.29541,0.004590000000462169,0.00010169942171941082
5.299417,4492.22,5.299417,4498.310547,6.090546999999788,0.13557989145678054
5.29661,4492.22,5.29661,4492.222168,0.0021679999999832944,4.826121605761281e-05
5.293806,4488.09,5.293806,4469.680176,18.4098240000003,0.41019284372640247
5.291005,4464.22,5.291005,4464.223633,0.0036329999993540696,8.13803979049883e-05
5.288207,4423.79,5.288207,4442.386719,18.59671900000012,0.4203797874673102
5.285412,4421.22,5.285412,4421.216309,0.0036909999998897547,8.348374430337677e-05
5.28262,4419.17,5.28262,4419.166504,0.0034960000002683955,7.910987810535452e-05
5.279831,4415.75,5.279831,4415.75,0.0,0.0
5.277045,4388.19,5.277045,4413.700195,25.51019500000075,0.5813375218484329
5.274262,4365.14,5.274262,4388.189941,23.049940999999308,0.5280458587811457
5.271481,4321.99,5.271481,4371.30127,49.31127000000015,1.1409390118903595
5.268704,4305.53,5.268704,4321.985352,16.455351999999948,0.3821910891342053
5.265929,4305.53,5.265929,4305.527832,0.0021679999999832944,5.035384726115703e-05
5.263158,4295.24,5.263158,4295.237305,0.002695000000130676,6.27438746177321e-05
5.260389,4282.2,5.260389,4282.197754,0.002246000000013737,5.2449675400815874e-05
5.257624,4241.67,5.257624,4267.77832,26.108320000000276,0.6155198306327525
5.254861,4240.29,5.254861,4241.667969,1.377969000000121,0.032497046192598175
5.252101,4238.23,5.252101,4240.293457,2.0634570000001986,0.04868676310630142
5.249344,4194.2,5.249344,4238.230957,44.030956999999944,1.049805850937007
5.24659,4146.65,5.24659,4194.198242,47.548242000000755,1.1466663933536894
5.243838,4067.24,5.243838,4168.711914,101.47191400000065,2.4948592657428788
5.24109,4067.24,5.24109,4146.651855,79.41185500000029,1.9524752657822084
5.238345,4062.4,5.238345,4114.912109,52.51210899999978,1.2926375787711644
5.235602,4053.91,5.235602,4067.23877,13.328770000000077,0.3287880096006097
5.232862,4050.64,5.232862,4062.397949,11.75794900000028,0.29027385795825555
5.230126,4039.57,5.230126,4058.939941,19.369940999999926,0.4795050215740766
5.227392,4020.18,5.227392,4053.90625,33.726250000000164,0.8389238790302962
5.22466,4020.18,5.22466,4050.638916,30.458916000000045,0.7576505529603164
5.221932,4018.1,5.221932,4020.182129,2.0821289999998953,0.05181874517806663
5.219207,3993.16,5.219207,4018.104492,24.944492000000082,0.6246805036612628
5.216484,3993.16,5.216484,3993.160889,0.000889000000370288,2.2263069858715607e-05
5.213764,3982.76,5.213764,3988.30835,5.548349999999573,0.13930917253360917
5.211047,3955.01,5.211047,3982.761475,27.751474999999573,0.7016790096611532
5.208333,3950.85,5.208333,3955.012695,4.162694999999985,0.10536201070655644
5.205622,3933.49,5.205622,3950.848389,17.358389000000443,0.4412973974765525
5.202914,3933.31,5.202914,3933.48999,0.1799900000000889,0.004576044095179097
5.200208,3916.12,5.200208,3916.12207,0.002070000000003347,5.2858441518731475e-05
5.197505,3902.22,5.197505,3902.220459,0.0004590000003190653,1.1762535180463051e-05
5.194805,3901.53,5.194805,3901.525391,0.004609000000073138,0.00011813314264078803
5.192108,3900.83,5.192108,3871.61499,29.215009999999893,0.7489434299879743
5.189414,3871.61,5.189414,3861.870605,9.739395000000059,0.2515592996195396
5.186722,3860.48,5.186722,3860.478271,0.0017290000000684813,4.478717672591184e-05
5.184033,3859.78,5.184033,3859.781982,0.0019819999997707782,5.135007694145205e-05
5.181347,3838.19,5.181347,3837.49585,0.6941500000002634,0.018085347520582967
5.178664,3810.27,5.178664,3832.618652,22.34865200000013,0.5865372270206607
5.175983,3797.17,5.175983,3831.224854,34.05485399999998,0.8968482843802089
5.173306,3752.55,5.173306,3829.831299,77.28129899999976,2.059434224727179
5.170631,3746.09,5.170631,3810.265625,64.17562499999985,1.7131362300425204
5.167959,3746.09,5.167959,3797.169189,51.07918900000004,1.3635334175099914
5.165289,3722.33,5.165289,3752.550049,30.220049000000017,0.8118584058909344
5.162623,3704.14,5.162623,3746.094727,41.954727000000275,1.1326442035128337
5.159959,3694.35,5.159959,3722.328613,27.978613000000223,0.7573352010502585
5.157298,3673.52,5.157298,3704.142334,30.622334000000137,0.8335964960038366
5.154639,3670.54,5.154639,3694.345215,23.805214999999862,0.6485480338042866
5.151984,3668.44,5.151984,3673.520508,5.080508000000009,0.1384923291644407
5.149331,3622.76,5.149331,3670.540039,47.78003899999976,1.3188850213649195
5.14668,3610.95,5.14668,3668.438721,57.48872100000017,1.592066381423176
5.144033,3610.95,5.144033,3622.763916,11.813916000000063,0.32716919370249004
5.141388,3593.26,5.141388,3610.94873,17.68872999999985,0.4922752597919396
5.138746,3582.16,5.138746,3593.400635,11.240635000000111,0.3137948891171838
5.136107,3561.79,5.136107,3593.264404,31.47440400000005,0.8836681556183843
5.13347,3546.32,5.13347,3582.164795,35.844794999999976,1.0107603092783497
5.130836,3544.21,5.130836,3561.789795,17.579795000000104,0.4960144855976396
5.128205,3540.0,5.128205,3546.324219,6.324219000000085,0.17865025423729053
5.125577,3528.04,5.125577,3544.214844,16.17484400000012,0.45846543689981184
5.122951,3504.53,5.122951,3544.214844,39.684843999999885,1.1323870533281175
5.120328,3504.53,5.120328,3539.995361,35.465360999999575,1.0119862292518418
5.117707,3496.36,5.117707,3528.037354,31.677353999999923,0.9060095070301663
5.11509,3496.36,5.11509,3504.534912,8.17491199999995,0.23381207884771446
5.112474,3468.18,5.112474,3497.066406,28.88640600000008,0.83289811947477
5.109862,3462.54,5.109862,3496.362305,33.82230500000014,0.97680618852057
5.107252,3456.2,5.107252,3494.953857,38.75385700000015,1.1212851397488617
5.104645,3399.03,5.104645,3488.614746,89.584746,2.6355973910203794
5.102041,3395.5,5.102041,3468.180664,72.68066399999998,2.1404996024149603
5.099439,3383.49,5.099439,3462.541504,79.05150400000002,2.3363894676798225
5.09684,3383.49,5.09684,3459.721436,76.23143600000003,2.253041563592623
5.094244,3368.65,5.094244,3456.196045,87.54604500000005,2.5988465705846573
5.09165,3331.15,5.09165,3399.032715,67.88271499999973,2.0378162196238456
5.089059,3302.12,5.089059,3395.500732,93.38073200000008,2.827902438433494
5.08647,3275.9,5.08647,3383.489502,107.58950199999981,3.2842730852590067
5.083884,3261.72,5.083884,3368.64624,106.92624000000023,3.278216401162584
5.081301,3261.72,5.081301,3331.154541,69.43454100000008,2.1287707405908565
5.07872,3239.01,5.07872,3319.827881,80.81788099999994,2.4951414475410676
5.076142,3234.76,5.076142,3302.122559,67.36255899999969,2.082459255091558
5.073567,3234.76,5.073567,3296.454834,61.6948339999999,1.9072461017200626
5.070994,3228.26,5.070994,3275.901123,47.64112299999988,1.4757523557582066
5.068424,3199.25,5.068424,3261.71875,62.46875,1.9526060795498945
5.065856,3199.25,5.065856,3246.787598,47.53759799999989,1.4858981948894239
5.063291,3189.3,5.063291,3234.755859,45.45585899999969,1.4252613112595143
5.060729,3189.3,5.060729,3228.264893,38.96489299999985,1.2217380929984587
5.058169,3187.16,5.058169,3202.797852,15.637852000000294,0.4906516146036061
5.055612,3167.97,5.055612,3199.245117,31.275117000000137,0.9872289510317376
5.053057,3138.08,5.053057,3198.534668,60.454667999999856,1.9264858767144195
5.050505,3105.41,5.050505,3189.29541,83.88541000000032,2.7012668214503184
5.047956,3102.47,5.047956,3187.163086,84.69308600000022,2.7298599502976733
5.045409,3081.05,5.045409,3167.965088,86.91508799999974,2.8209567517566976
5.042864,3075.38,5.042864,3138.07959,62.699589999999716,2.0387591126950073
5.040323,3065.81,5.040323,3105.413818,39.60381800000005,1.291789706472353
5.037783,3058.26,5.037783,3081.054688,22.79468799999995,0.7453482699312665
5.035247,3048.98,5.035247,3065.810547,16.830547000000024,0.5520058183392487
5.032713,3048.98,5.032713,3058.257324,9.277324000000135,0.30427631535792743
5.030181,3046.13,5.030181,3048.980225,2.850224999999682,0.09356872490667444
5.027652,3045.41,5.027652,3046.125244,0.7152439999999842,0.023485967406686924
5.025126,3042.56,5.025126,3045.411377,2.8513769999999568,0.09371637699831578
5.022602,3035.42,5.022602,3042.556152,7.136152000000038,0.2350960328389494
5.02008,3035.42,5.02008,3035.416748,0.0032519999999749416,0.00010713509168335655
5.017561,3031.85,5.017561,3031.84668,0.003319999999803258,0.00010950409815140122
5.015045,3019.71,5.015045,3019.705078,0.004922000000078697,0.00016299578436600523
5.012531,3005.42,5.012531,3005.415771,0.004229000000123051,0.0001407124461846614
5.01002,3005.42,5.01002,3005.415771,0.004229000000123051,0.0001407124461846614
5.007511,2988.49,5.007511,2988.487305,0.002694999999675929,9.017932131865688e-05
5.005005,2981.11,5.005005,2981.110107,0.00010699999984353781,3.589267079830593e-06
5.002501,2968.95,5.002501,2978.9646,10.014599999999973,0.3373111706158734
5.0,2949.5,5.0,2968.950928,19.450928000000204,0.6594652652992101
4.997501,2934.6,4.997501,2934.596191,0.003808999999819207,0.000129796224351503
4.995005,2923.85,4.995005,2923.853271,0.003271000000040658,0.00011187304410420022
4.992511,2917.41,4.992511,2917.406006,0.003993999999693187,0.00013690225232974412
4.99002,2900.21,4.99002,2885.869141,14.34085899999991,0.49447657238613446
4.987531,2885.87,4.987531,2884.687744,1.1822560000000522,0.04096705672812886
4.985045,2884.69,4.985045,2860.028809,24.661191000000144,0.8548991746080217
4.982561,2860.03,4.982561,2849.279785,10.750215000000026,0.3758777005835612
4.98008,2860.03,4.98008,2843.536865,16.493135000000166,0.5766769928986816
4.977601,2843.54,4.977601,2827.73877,15.801230000000032,0.5556886838236857
4.975124,2827.74,4.975124,2803.310059,24.42994099999987,0.863938728454521
4.97265,2803.31,4.97265,2780.302979,23.007020999999895,0.8207091259974777
4.970179,2780.3,4.970179,2775.987549,4.312451000000237,0.15510739848218671
4.96771,2775.99,4.96771,2753.682617,22.307382999999845,0.8035829740020622
4.965243,2734.24,4.965243,2734.244385,0.004385000000183936,0.0001603736321677664
4.962779,2725.6,4.962779,2725.601807,0.001807000000098924,6.629732903210024e-05
4.960317,2718.4,4.960317,2695.33667,23.06332999999995,0.8484156121247773
4.957858,2695.34,4.957858,2695.33667,0.003330000000005384,0.00012354656555408163
4.955401,2695.34,4.955401,2693.173828,2.166172000000188,0.0803673006003023
4.952947,2693.17,4.952947,2687.405762,5.764238000000205,0.21403171726999057
4.950495,2671.54,4.950495,2671.538818,0.0011819999999715947,4.4244143826092615e-05
4.948046,2671.54,4.948046,2629.675049,41.86495100000002,1.5670718387147495
4.945598,2629.68,4.945598,2623.896973,5.783026999999947,0.21991371573727403
4.943154,2623.9,4.943154,2617.395508,6.5044920000000275,0.24789405084035318
4.940711,2606.56,4.940711,2606.557129,0.0028710000001410663,0.00011014517218637079
4.938272,2606.56,4.938272,2592.101074,14.458925999999792,0.5547129550058235
4.935834,2589.21,4.935834,2589.208984,0.0010160000001633307,3.923976812090679e-05
4.933399,2579.81,4.933399,2579.808838,0.0011620000000220898,4.504207674294192e-05
4.930966,2552.32,4.930966,2552.317383,0.0026170000001002336,0.0001025341649989121
4.928536,2552.32,4.928536,2547.250977,5.069023000000016,0.19860452451103372
4.926108,2547.25,4.926108,2535.667969,11.582030999999915,0.4546876435371445
4.923683,2535.67,4.923683,2530.599121,5.070878999999877,0.19998181940078466
4.92126,2530.6,4.92126,2529.150879,1.4491210000001047,0.057263929502888826
4.918839,2530.6,4.918839,2517.562012,13.037988000000041,0.5152133090966585
4.916421,2529.15,4.916421,2474.072021,55.07797900000014,2.1777268647569397
4.914005,2474.07,4.914005,2468.269531,5.800469000000248,0.2344504803825376
4.911591,2468.27,4.911591,2457.387451,10.882548999999926,0.44089783532595406
4.90918,2468.27,4.90918,2439.969482,28.30051800000001,1.1465730248311574
4.906771,2457.39,4.906771,2421.817383,35.57261699999981,1.4475771855505155
4.904365,2457.39,4.904365,2395.022461,62.36753899999985,2.5379585251018297
4.901961,2439.97,4.901961,2372.398682,67.57131799999979,2.7693503608650842
4.899559,2395.02,4.899559,2349.848145,45.17185500000005,1.8860742290252295
4.89716,2349.85,4.89716,2346.760986,3.089014000000134,0.1314557950507536
4.894763,2349.85,4.894763,2314.122559,35.727441,1.5204136859799562
4.892368,2314.12,4.892368,2229.59668,84.52331999999979,3.652503759528451
4.889976,2314.12,4.889976,2228.136719,85.9832809999998,3.715593011598353
4.887586,2229.6,4.887586,2225.216797,4.383202999999867,0.1965914513814077
4.885198,2228.14,4.885198,2218.645996,9.494003999999677,0.4260954877161972
4.882812,2225.22,4.882812,2190.290771,34.92922899999985,1.569697782691143
4.880429,2225.22,4.880429,2166.039795,59.18020499999966,2.6595215304554007
4.878049,2218.65,4.878049,2157.265381,61.38461899999993,2.7667554143285296
4.87567,2190.29,4.87567,2150.683105,39.606894999999895,1.808294563733565
4.873294,2166.04,4.873294,2147.025879,19.01412100000016,0.8778287104578014
4.870921,2157.27,4.870921,2140.441895,16.82810500000005,0.780064850482325
4.868549,2157.27,4.868549,2096.520264,60.74973599999976,2.8160469482262194
4.86618,2150.68,4.86618,2078.205322,72.47467800000004,3.3698494429668777
4.863813,2147.03,4.863813,2070.144043,76.88595700000042,3.581037852288995
4.861449,2141.91,4.861449,2062.813965,79.09603500000003,3.6927805089849732
4.859086,2140.44,4.859086,2051.083496,89.35650399999986,4.17467922483227
4.856727,2078.21,4.856727,2040.082764,38.12723600000004,1.834619023101613
4.854369,2070.14,4.854369,2037.882202,32.257797999999866,1.558242341097697
4.852014,2062.81,4.852014,2026.87793,35.93206999999984,1.7418991569751863
4.849661,2051.08,4.849661,2003.391846,47.68815399999994,2.3250265226124744
4.84731,2051.08,4.84731,1995.315308,55.76469199999997,2.71879653645884
4.844961,2037.88,4.844961,1976.218872,61.66112800000019,3.0257487192572765
4.842615,2037.88,4.842615,1963.727783,74.15221700000006,3.638693985906926
4.840271,2026.88,4.840271,1951.23291,75.64709000000016,3.7321938151247314
4.837929,2003.39,4.837929,1932.115479,71.27452100000005,3.5576957556941005
4.83559,1976.22,4.83559,1931.380005,44.839995000000044,2.268977897197683
4.833253,1976.22,4.833253,1923.28894,52.931060000000116,2.6783991660847537
4.830918,1951.23,4.830918,1912.253174,38.976826000000074,1.9975515956601768
4.828585,1932.12,4.828585,1911.362183,20.757816999999932,1.074354439682832
4.826255,1931.38,4.826255,1901.214233,30.165767000000187,1.5618763267715408
4.823927,1912.25,4.823927,1897.534058,14.715942000000041,0.769561615897505
4.821601,1911.36,4.821601,1863.65979,47.70020999999997,2.49561621044701
4.819277,1901.21,4.819277,1862.922974,38.28702599999997,2.013824143571724
4.816956,1897.53,4.816956,1852.607666,44.922333999999864,2.3674110027245874
4.814636,1863.66,4.814636,1846.712036,16.947964000000184,0.9093914125967282
4.81232,1862.92,4.81232,1845.237915,17.682085000000143,0.9491596525884173
4.810005,1862.92,4.810005,1809.844849,53.075151000000005,2.8490300710712217
4.807692,1857.03,4.807692,1809.107178,47.922822,2.580616468231531
4.805382,1852.61,4.805382,1805.962402,46.64759799999979,2.5179394475901455
4.803074,1842.29,4.803074,1803.943115,38.34688499999993,2.0814793002187457
4.800768,1809.84,4.800768,1800.254028,9.585971999999856,0.5296585333510065
4.798464,1809.11,4.798464,1800.254028,8.855971999999838,0.48952092465354996
4.796163,1805.96,4.796163,1791.398926,14.561073999999962,0.8062788766085606
4.793864,1800.25,4.793864,1774.421265,25.82873500000005,1.4347304541035995
4.791567,1800.25,4.791567,1761.868164,38.38183600000002,2.1320281072073333
4.789272,1774.42,4.789272,1750.049927,24.370073000000048,1.3734106355879694
4.786979,1761.87,4.786979,1750.049927,11.820072999999866,0.6708822444334637
4.784689,1750.05,4.784689,1736.758789,13.291210999999976,0.759476072112224
4.782401,1750.05,4.782401,1699.78479,50.265210000000025,2.872215650981402
4.780115,1736.76,4.780115,1682.029663,54.73033699999996,3.151289585204632
4.777831,1699.78,4.777831,1682.029663,17.750336999999945,1.0442726117497527
4.775549,1682.03,4.775549,1678.329712,3.7002880000000005,0.21998941754903306
4.77327,1682.03,4.77327,1677.589722,4.440278000000035,0.2639832821055531
4.770992,1677.59,4.770992,1665.747559,11.842441000000008,0.7059198612295023
4.768717,1665.75,4.768717,1663.379028,2.370971999999938,0.14233660513281934
4.766444,1665.75,4.766444,1641.3125,24.4375,1.4670568812847067
4.764173,1641.31,4.764173,1620.568481,20.741518999999926,1.263717335542946
4.761905,1620.57,4.761905,1617.604248,2.9657519999998385,0.18300671985781786
4.759638,1612.42,4.759638,1612.41626,0.003740000000107102,0.00023194949207446582
4.757374,1557.97,4.757374,1594.624268,36.654268,2.352694082684519
4.755112,1528.58,4.755112,1557.968384,29.388384000000087,1.9225937798479693
4.752852,1516.7,4.752852,1551.272705,34.57270500000004,2.2794689127711503
4.750594,1489.2,4.750594,1528.5802,39.38020000000006,2.6443862476497486
4.748338,1489.2,4.748338,1516.696167,27.496167000000014,1.846371676067688
4.746084,1486.23,4.746084,1489.201904,2.971903999999995,0.1999625899086948
4.743833,1481.77,4.743833,1488.458618,6.688617999999906,0.4513938060562642
4.741584,1481.77,4.741584,1486.228516,4.458515999999918,0.30089123143267293
4.739336,1464.67,4.739336,1484.741821,20.071821,1.3703988611769202
4.737091,1464.67,4.737091,1481.768066,17.098066000000017,1.16736643749104
4.734848,1445.32,4.734848,1464.665161,19.345160999999962,1.338469058755152
4.732608,1431.18,4.732608,1463.418213,32.23821299999986,2.2525617322768525
4.730369,1409.59,4.730369,1445.323364,35.733364000000165,2.5350182677232507
4.728132,1357.43,4.728132,1431.183594,73.75359400000002,5.433325770021292
4.725898,1349.98,4.725898,1357.432983,7.452982999999904,0.5520809937924934
4.723666,1320.88,4.723666,1349.976562,29.09656199999995,2.2028164556961984
4.721435,1320.88,4.721435,1340.28125,19.40124999999989,1.4688124583610842
4.719207,1295.4,4.719207,1320.884155,25.484154999999873,1.9672807626987705
4.716981,1271.61,4.716981,1295.403198,23.793198000000075,1.8711081227734978
4.714757,1200.58,4.714757,1271.6073,71.02729999999997,5.916082226923651
4.712535,1192.35,4.712535,1216.29248,23.94248000000016,2.0080077158552574
4.710316,1184.51,4.710316,1200.58252,16.07251999999994,1.3568918793425078
4.708098,1165.4,4.708098,1192.351318,26.9513179999999,2.3126238201475804
4.705882,1141.43,4.705882,1184.507935,43.077935000000025,3.774032135128744
4.703669,1137.69,4.703669,1141.434082,3.744081999999935,0.3290950962037053
4.701457,1110.71,4.701457,1137.687866,26.97786599999995,2.428884767401027
4.699248,1091.96,4.699248,1110.706177,18.74617699999999,1.7167457599179445
4.697041,1082.96,4.697041,1091.959595,8.999595,0.8310182278200486
4.694836,1079.96,4.694836,1082.958496,2.998495999999932,0.27764880180746804
4.692633,1079.96,4.692633,1079.957642,0.002357999999958338,0.0002183414200487368
4.690432,1079.21,4.690432,1079.207397,0.00260300000013558,0.0002411949481690848
4.688233,1055.94,4.688233,1018.39856,37.54144000000008,3.5552626096179782
4.686036,993.6,4.686036,993.601562,0.0015619999999216816,0.0001572061191547586
4.683841,991.35,4.683841,991.346619,0.0033809999999903084,0.0003410500832188741
4.681648,991.35,4.681648,989.091553,2.2584470000000465,0.2278153023654659
4.679457,989.09,4.679457,985.332947,3.7570530000000417,0.37984945758222627
4.677268,985.33,4.677268,977.062866,8.267134000000055,0.8390218505475379
4.675082,985.33,4.675082,976.310913,9.019087000000013,0.9153366892310203
4.672897,974.81,4.672897,974.807129,0.0028709999999136926,0.0002945189318855667
4.670715,964.28,4.670715,964.27887,0.0011299999999891952,0.00011718587961890687
4.668534,956.01,4.668534,956.005066,0.004933999999934713,0.0005161033880330449
4.666356,952.24,4.666356,952.243713,0.003712999999947897,0.00038992270855539536
4.664179,948.48,4.664179,948.482117,0.00211699999999837,0.0002231992240214206
4.662005,948.48,4.662005,943.967712,4.512288000000012,0.47573886639676244
4.659832,943.97,4.659832,917.625305,26.344695,2.790840280941132
4.657662,917.63,4.657662,900.306519,17.323481000000015,1.8878503318330937
4.655493,900.31,4.655493,871.678894,28.63110599999993,3.1801386189201426
4.653327,900.31,4.653327,821.161621,79.14837899999998,8.79123624085037
4.651163,871.68,4.651163,820.407227,51.272772999999916,5.882063716042575
4.649,821.16,4.649,815.126099,6.033901000000014,0.7348021092113614
4.64684,821.16,4.64684,770.590637,50.56936299999995,6.158283769301957
4.644682,820.41,4.644682,726.769653,93.64034700000002,11.413847588400925
4.642526,815.13,4.642526,707.112793,108.01720699999998,13.251531289487565
4.640371,726.77,4.640371,698.03772,28.732279999999946,3.953421302475329
4.638219,707.11,4.638219,682.908875,24.201125000000047,3.422540340258241
4.636069,698.04,4.636069,667.018433,31.021567000000005,4.444095897083263
4.63392,682.91,4.63392,654.90802,28.001980000000003,4.10039097392043
4.631774,654.91,4.631774,629.16333,25.746669999999995,3.931329495655891
4.62963,629.16,4.62963,620.831238,8.328761999999983,1.3237907686439037
4.627487,629.16,4.627487,614.770691,14.389308999999912,2.2870667238858022
4.625347,620.83,4.625347,613.255432,7.574567999999999,1.2200711950131273
4.623209,614.77,4.623209,601.131714,13.638285999999994,2.218437139092668
4.621072,614.77,4.621072,551.089722,63.68027799999993,10.358390617629347
4.618938,613.26,4.618938,541.985718,71.27428199999997,11.62219645827218
4.616805,572.33,4.616805,535.156677,37.173323000000096,6.495085527580259
4.614675,551.09,4.614675,529.085571,22.004429000000073,3.9928920865920396
4.612546,535.16,4.612546,515.422974,19.737026000000014,3.6880607668734613
4.61042,535.16,4.61042,509.349487,25.810512999999958,4.822952574930854
4.608295,529.09,4.608295,494.162567,34.92743300000001,6.601416205182484
4.606172,515.42,4.606172,438.391724,77.02827599999995,14.944758837452943
4.604052,509.35,4.604052,437.170654,72.17934600000001,14.1708738588397
4.601933,494.16,4.601933,428.806396,65.35360400000002,13.225191031244943
4.599816,438.39,4.599816,421.961914,16.428086000000008,3.7473678687926295
4.597701,437.17,4.597701,380.11441,57.055589999999995,13.051121989157535
4.595588,428.81,4.595588,380.11441,48.69558999999998,11.355982836221166
4.593477,380.11,4.593477,340.517883,39.59211700000003,10.415963010707435
4.591368,380.11,4.591368,335.185242,44.924758,11.818883481097576
4.589261,335.19,4.589261,329.090118,6.09988199999998,1.819828157164587
4.587156,335.19,4.587156,328.328156,6.861844000000019,2.047150571317766
4.585053,329.09,4.585053,285.641479,43.44852099999997,13.202625725485422
4.582951,314.61,4.582951,271.913269,42.696731,13.57132036489622
4.580852,285.64,4.580852,265.047821,20.592178999999987,7.209137025626659
4.578755,285.64,4.578755,236.813614,48.826385999999985,17.093679456658727
4.576659,271.91,4.576659,232.233643,39.676357000000024,14.591724099886
4.574565,265.05,4.574565,232.233643,32.81635700000001,12.381194868892665
4.572474,236.81,4.572474,216.964203,19.845797000000005,8.380472530720832
4.570384,232.23,4.570384,204.745453,27.484546999999992,11.835054471859792
4.568296,216.96,4.568296,197.871155,19.08884500000002,8.798324575958711
4.56621,204.75,4.56621,189.468002,15.281997999999987,7.463735286935281
4.564126,189.47,4.564126,173.421921,16.048079,8.46998416635879
4.562044,173.42,4.562044,160.428635,12.991364999999973,7.491272632914297
4.559964,160.43,4.559964,153.548553,6.8814470000000085,4.289376675185444
4.557885,64.03,4.557885,49.474396,14.555604000000002,22.732475402155245
4.555809,61.73,4.555809,37.983234,23.746765999999994,38.46876073222095
4.553734,37.98,4.553734,14.993573,22.986427,60.52245129015271
