RP,Loss_gen,ReturnPeriod,Loss_expected,Loss_Diff,Percent_Diff
10000.0,160000.02,10000.0,160000.015625,0.004374999989522621,2.734374651654807e-06
5000.0,160000.02,5000.0,160000.015625,0.004374999989522621,2.734374651654807e-06
3333.333333,160000.0,3333.333333,160000.015625,0.015625,9.765625e-06
2500.0,160000.0,2500.0,160000.015625,0.015625,9.765625e-06
2000.0,160000.0,2000.0,160000.0,0.0,0.0
1666.666667,160000.0,1666.666667,160000.0,0.0,0.0
1428.571429,160000.0,1428.571429,160000.0,0.0,0.0
1250.0,160000.0,1250.0,160000.0,0.0,0.0
1111.111111,160000.0,1111.111111,160000.0,0.0,0.0
1000.0,160000.0,1000.0,160000.0,0.0,0.0
909.090909,160000.0,909.090909,160000.0,0.0,0.0
833.333333,160000.0,833.333333,160000.0,0.0,0.0
769.230769,160000.0,769.230769,160000.0,0.0,0.0
714.285714,160000.0,714.285714,160000.0,0.0,0.0
666.666667,160000.0,666.666667,160000.0,0.0,0.0
625.0,160000.0,625.0,160000.0,0.0,0.0
588.235294,160000.0,588.235294,160000.0,0.0,0.0
555.555556,160000.0,555.555556,160000.0,0.0,0.0
526.315789,160000.0,526.315789,160000.0,0.0,0.0
500.0,160000.0,500.0,160000.0,0.0,0.0
476.190476,160000.0,476.190476,160000.0,0.0,0.0
454.545455,160000.0,454.545455,160000.0,0.0,0.0
434.782609,160000.0,434.782609,160000.0,0.0,0.0
416.666667,160000.0,416.666667,160000.0,0.0,0.0
400.0,160000.0,400.0,160000.0,0.0,0.0
384.615385,160000.0,384.615385,160000.0,0.0,0.0
370.37037,160000.0,370.37037,160000.0,0.0,0.0
357.142857,160000.0,357.142857,160000.0,0.0,0.0
344.827586,160000.0,344.827586,160000.0,0.0,0.0
333.333333,160000.0,333.333333,160000.0,0.0,0.0
322.580645,160000.0,322.580645,160000.0,0.0,0.0
312.5,160000.0,312.5,160000.0,0.0,0.0
303.030303,160000.0,303.030303,160000.0,0.0,0.0
294.117647,160000.0,294.117647,160000.0,0.0,0.0
285.714286,160000.0,285.714286,160000.0,0.0,0.0
277.777778,160000.0,277.777778,160000.0,0.0,0.0
270.27027,160000.0,270.27027,160000.0,0.0,0.0
263.157895,160000.0,263.157895,160000.0,0.0,0.0
256.410256,160000.0,256.410256,160000.0,0.0,0.0
250.0,160000.0,250.0,160000.0,0.0,0.0
243.902439,160000.0,243.902439,160000.0,0.0,0.0
238.095238,160000.0,238.095238,160000.0,0.0,0.0
232.55814,160000.0,232.55814,160000.0,0.0,0.0
227.272727,160000.0,227.272727,160000.0,0.0,0.0
222.222222,160000.0,222.222222,160000.0,0.0,0.0
217.391304,160000.0,217.391304,160000.0,0.0,0.0
212.765957,160000.0,212.765957,160000.0,0.0,0.0
208.333333,160000.0,208.333333,160000.0,0.0,0.0
204.081633,160000.0,204.081633,160000.0,0.0,0.0
200.0,160000.0,200.0,160000.0,0.0,0.0
196.078431,160000.0,196.078431,160000.0,0.0,0.0
192.307692,160000.0,192.307692,160000.0,0.0,0.0
188.679245,160000.0,188.679245,160000.0,0.0,0.0
185.185185,160000.0,185.185185,160000.0,0.0,0.0
181.818182,160000.0,181.818182,160000.0,0.0,0.0
178.571429,160000.0,178.571429,160000.0,0.0,0.0
175.438596,160000.0,175.438596,160000.0,0.0,0.0
172.413793,160000.0,172.413793,160000.0,0.0,0.0
169.491525,160000.0,169.491525,160000.0,0.0,0.0
166.666667,160000.0,166.666667,160000.0,0.0,0.0
163.934426,160000.0,163.934426,160000.0,0.0,0.0
161.290323,160000.0,161.290323,160000.0,0.0,0.0
158.730159,160000.0,158.730159,160000.0,0.0,0.0
156.25,160000.0,156.25,160000.0,0.0,0.0
153.846154,160000.0,153.846154,160000.0,0.0,0.0
151.515152,160000.0,151.515152,160000.0,0.0,0.0
149.253731,160000.0,149.253731,160000.0,0.0,0.0
147.058824,160000.0,147.058824,160000.0,0.0,0.0
144.927536,160000.0,144.927536,160000.0,0.0,0.0
142.857143,160000.0,142.857143,160000.0,0.0,0.0
140.84507,160000.0,140.84507,160000.0,0.0,0.0
138.888889,160000.0,138.888889,160000.0,0.0,0.0
136.986301,160000.0,136.986301,160000.0,0.0,0.0
135.135135,160000.0,135.135135,160000.0,0.0,0.0
133.333333,160000.0,133.333333,160000.0,0.0,0.0
131.578947,160000.0,131.578947,160000.0,0.0,0.0
129.87013,160000.0,129.87013,160000.0,0.0,0.0
128.205128,160000.0,128.205128,160000.0,0.0,0.0
126.582278,160000.0,126.582278,160000.0,0.0,0.0
125.0,160000.0,125.0,160000.0,0.0,0.0
123.45679,160000.0,123.45679,160000.0,0.0,0.0
121.95122,160000.0,121.95122,160000.0,0.0,0.0
120.481928,160000.0,120.481928,160000.0,0.0,0.0
119.047619,160000.0,119.047619,160000.0,0.0,0.0
117.647059,160000.0,117.647059,160000.0,0.0,0.0
116.27907,160000.0,116.27907,160000.0,0.0,0.0
114.942529,160000.0,114.942529,160000.0,0.0,0.0
113.636364,160000.0,113.636364,160000.0,0.0,0.0
112.359551,160000.0,112.359551,160000.0,0.0,0.0
111.111111,160000.0,111.111111,160000.0,0.0,0.0
109.89011,160000.0,109.89011,160000.0,0.0,0.0
108.695652,160000.0,108.695652,160000.0,0.0,0.0
107.526882,160000.0,107.526882,160000.0,0.0,0.0
106.382979,160000.0,106.382979,160000.0,0.0,0.0
105.263158,160000.0,105.263158,160000.0,0.0,0.0
104.166667,160000.0,104.166667,160000.0,0.0,0.0
103.092784,160000.0,103.092784,160000.0,0.0,0.0
102.040816,160000.0,102.040816,160000.0,0.0,0.0
101.010101,160000.0,101.010101,160000.0,0.0,0.0
100.0,160000.0,100.0,160000.0,0.0,0.0
99.009901,160000.0,99.009901,160000.0,0.0,0.0
98.039216,160000.0,98.039216,160000.0,0.0,0.0
97.087379,160000.0,97.087379,160000.0,0.0,0.0
96.153846,160000.0,96.153846,160000.0,0.0,0.0
95.238095,160000.0,95.238095,160000.0,0.0,0.0
94.339623,160000.0,94.339623,160000.0,0.0,0.0
93.457944,160000.0,93.457944,160000.0,0.0,0.0
92.592593,160000.0,92.592593,160000.0,0.0,0.0
91.743119,160000.0,91.743119,160000.0,0.0,0.0
90.909091,160000.0,90.909091,160000.0,0.0,0.0
90.09009,160000.0,90.09009,160000.0,0.0,0.0
89.285714,160000.0,89.285714,160000.0,0.0,0.0
88.495575,160000.0,88.495575,160000.0,0.0,0.0
87.719298,160000.0,87.719298,160000.0,0.0,0.0
86.956522,160000.0,86.956522,160000.0,0.0,0.0
86.206897,160000.0,86.206897,160000.0,0.0,0.0
85.470085,160000.0,85.470085,160000.0,0.0,0.0
84.745763,160000.0,84.745763,160000.0,0.0,0.0
84.033613,160000.0,84.033613,160000.0,0.0,0.0
83.333333,160000.0,83.333333,160000.0,0.0,0.0
82.644628,160000.0,82.644628,160000.0,0.0,0.0
81.967213,160000.0,81.967213,160000.0,0.0,0.0
81.300813,160000.0,81.300813,160000.0,0.0,0.0
80.645161,160000.0,80.645161,160000.0,0.0,0.0
80.0,160000.0,80.0,160000.0,0.0,0.0
79.365079,160000.0,79.365079,160000.0,0.0,0.0
78.740157,160000.0,78.740157,160000.0,0.0,0.0
78.125,160000.0,78.125,160000.0,0.0,0.0
77.51938,160000.0,77.51938,160000.0,0.0,0.0
76.923077,160000.0,76.923077,160000.0,0.0,0.0
76.335878,160000.0,76.335878,160000.0,0.0,0.0
75.757576,160000.0,75.757576,160000.0,0.0,0.0
75.18797,160000.0,75.18797,160000.0,0.0,0.0
74.626866,160000.0,74.626866,160000.0,0.0,0.0
74.074074,160000.0,74.074074,160000.0,0.0,0.0
73.529412,160000.0,73.529412,160000.0,0.0,0.0
72.992701,160000.0,72.992701,160000.0,0.0,0.0
72.463768,160000.0,72.463768,160000.0,0.0,0.0
71.942446,160000.0,71.942446,160000.0,0.0,0.0
71.428571,160000.0,71.428571,160000.0,0.0,0.0
70.921986,160000.0,70.921986,160000.0,0.0,0.0
70.422535,160000.0,70.422535,160000.0,0.0,0.0
69.93007,160000.0,69.93007,160000.0,0.0,0.0
69.444444,160000.0,69.444444,160000.0,0.0,0.0
68.965517,160000.0,68.965517,160000.0,0.0,0.0
68.493151,159999.98,68.493151,159999.984375,0.004374999989522621,2.7343753352485546e-06
68.027211,158594.95,68.027211,158594.953125,0.003124999988358468,1.970428433161628e-06
67.567568,157822.31,67.567568,157930.109375,107.79937500000233,0.06830426889582489
67.114094,157375.2,67.114094,157822.3125,447.11249999998836,0.2841060726213459
66.666667,157375.2,66.666667,157375.203125,0.003124999988358468,1.9857004079159024e-06
66.225166,157061.22,66.225166,157061.21875,0.0012500000011641532,7.958680068600978e-07
65.789474,155438.05,65.789474,156856.15625,1418.1062500000116,0.9123288988764409
65.359477,155195.47,65.359477,156620.46875,1424.9987499999988,0.9181960981206468
64.935065,154876.23,64.935065,155195.46875,319.2387499999895,0.2061250780703982
64.516129,153074.92,64.516129,154876.234375,1801.3143749999872,1.1767534322408837
64.102564,152860.53,64.102564,153074.921875,214.39187500000116,0.14025325896750535
63.694268,151612.0,63.694268,152860.53125,1248.53125,0.8235042410890958
63.291139,149459.03,63.291139,151856.125,2397.095000000001,1.6038475560827614
62.893082,145728.62,62.893082,151612.0,5883.380000000005,4.037216574204851
62.5,145728.62,62.5,149459.03125,3730.4112500000047,2.5598343345322316
62.111801,145033.12,62.111801,145728.625,695.5050000000047,0.47954908506415955
61.728395,145033.12,61.728395,145365.84375,332.72375000000466,0.22941225424923953
61.349693,143656.41,61.349693,145033.125,1376.7149999999965,0.9583387194487154
60.97561,143078.17,60.97561,143656.40625,578.2362499999872,0.40414009348874613
60.606061,143018.81,60.606061,143310.6875,291.8775000000023,0.2040832950574839
60.240964,142509.75,60.240964,143078.171875,568.421875,0.3988652530791753
59.88024,142318.47,59.88024,143018.8125,700.3424999999988,0.4920952986636231
59.52381,142318.47,59.52381,142509.75,191.27999999999884,0.13440279395920912
59.171598,141130.23,59.171598,142318.46875,1188.2387499999895,0.8419448831054759
58.823529,141025.56,58.823529,141130.234375,104.67437500000233,0.0742236903721583
58.479532,140985.66,58.479532,141025.5625,39.90249999999651,0.028302523816958764
58.139535,140985.66,58.139535,140985.65625,0.0037500000034924597,2.6598449824559886e-06
57.803468,139581.06,57.803468,139581.0625,0.0025000000023283064,1.7910739482335973e-06
57.471264,138261.59,57.471264,139112.984375,851.3943750000035,0.6157851757671842
57.142857,137842.08,57.142857,138261.59375,419.5137500000128,0.3043437461187562
56.818182,137092.42,56.818182,137842.078125,749.6581249999872,0.5468268231022453
56.497175,136503.62,56.497175,137092.421875,588.8018750000047,0.4313452456425732
56.179775,136367.78,56.179775,136503.625,135.84500000000116,0.09961663964904405
55.865922,136269.27,55.865922,136367.78125,98.51125000001048,0.07229161057369023
55.555556,135803.94,55.555556,136269.265625,465.3256249999977,0.3426451581596216
55.248619,135803.94,55.248619,136188.65625,384.7162499999977,0.28328798855172954
54.945055,135466.33,54.945055,135803.9375,337.6075000000128,0.24921875421000397
54.644809,135404.0,54.644809,135502.78125,98.78125,0.07295297775545774
54.347826,135298.58,54.347826,135466.328125,167.7481250000128,0.12398365526084074
54.054054,135291.02,54.054054,135404.0,112.98000000001048,0.08350886851175376
53.763441,134914.31,53.763441,135298.578125,384.2681250000023,0.28482384485382045
53.475936,134818.02,53.475936,135291.015625,472.9956250000105,0.3508400620332583
53.191489,134519.94,53.191489,134914.3125,394.3724999999977,0.29317029133375894
52.910053,133830.38,52.910053,134818.015625,987.6356249999953,0.7379756562000312
52.631579,133477.84,52.631579,134716.46875,1238.6287500000035,0.9279658331300563
52.356021,132100.97,52.356021,134519.9375,2418.967499999999,1.8311504449967315
52.083333,132094.91,52.083333,133830.375,1735.4649999999965,1.3138015688870952
51.813472,132094.91,51.813472,133477.84375,1382.9337499999965,1.0469243288783772
51.546392,131714.97,51.546392,132100.96875,385.99874999999884,0.29305609681268485
51.282051,131714.97,51.282051,132094.90625,379.93624999999884,0.2884533549982958
51.020408,130483.12,51.020408,131883.390625,1400.2706250000047,1.0731431199683183
50.761421,130086.64,50.761421,131714.96875,1628.3287500000006,1.251726349454487
50.505051,129373.22,50.505051,130483.125,1109.9049999999988,0.8579093880480048
50.251256,128053.22,50.251256,130086.640625,2033.4206249999988,1.5879496236018107
50.0,127260.92,50.0,129373.21875,2112.2987500000017,1.6598172871923302
49.751244,126967.34,49.751244,129173.53125,2206.1912500000035,1.7376053164538248
49.50495,126205.62,49.50495,129019.265625,2813.6456250000047,2.2294138921864217
49.261084,124633.62,49.261084,128053.21875,3419.5987500000047,2.7437209558704985
49.019608,124539.46,49.019608,127260.921875,2721.4618749999936,2.185220551783341
48.780488,124539.46,48.780488,126967.34375,2427.8837499999936,1.9494895433142183
48.543689,123987.61,48.543689,126205.625,2218.0149999999994,1.788900519979375
48.309179,123759.39,48.309179,124633.625,874.2350000000006,0.7063989245583714
48.076923,123620.42,48.076923,124539.460938,919.0409380000056,0.7434378058252881
47.84689,122552.34,47.84689,123987.609375,1435.2693750000035,1.1711480784455064
47.619048,122006.3,47.619048,123759.390625,1753.090624999997,1.436885328872359
47.393365,121618.58,47.393365,123638.382812,2019.8028119999944,1.6607682905029761
47.169811,119787.02,47.169811,123620.421875,3833.401874999996,3.2001813510345243
46.948357,119665.48,46.948357,122552.34375,2886.863750000004,2.4124448838545622
46.728972,119327.0,46.728972,122246.195312,2919.195311999996,2.4463828907120737
46.511628,119294.28,46.511628,122006.296875,2712.016875000001,2.2733838328208202
46.296296,118920.98,46.296296,121729.0625,2808.082500000004,2.361301176630065
46.082949,118343.03,46.082949,121618.578125,3275.548125000001,2.767842030916397
45.87156,117898.86,45.87156,119787.015625,1888.1556249999994,1.6015045650144535
45.6621,117248.59,45.6621,119665.476562,2416.8865619999997,2.0613352894051857
45.454545,116180.49,45.454545,119327.0,3146.5099999999948,2.7082946542917785
45.248869,116077.47,45.248869,119294.28125,3216.811249999999,2.7712623733098236
45.045045,116077.47,45.045045,118920.976562,2843.506561999995,2.449662765737395
44.843049,116002.28,44.843049,118343.03125,2340.751250000001,2.0178493474438617
44.642857,115398.77,44.642857,117898.859375,2500.089374999996,2.1664783558784864
44.444444,114957.02,44.444444,117248.59375,2291.573749999996,1.9934178443386894
44.247788,114950.02,44.247788,116180.492188,1230.4721879999997,1.0704410386357477
44.052863,114710.27,44.052863,116081.710938,1371.4409379999997,1.1955694446539091
43.859649,114637.41,43.859649,116077.46875,1440.0587499999965,1.2561856988918334
43.668122,113526.55,43.668122,116002.28125,2475.731249999997,2.180750890430474
43.478261,113411.86,43.478261,115398.765625,1986.9056249999994,1.751938135041608
43.290043,112169.84,43.290043,114957.015625,2787.1756250000035,2.4847816712585162
43.103448,111588.19,43.103448,114950.015625,3361.8256249999977,3.0127073707351983
42.918455,110894.13,42.918455,114710.273438,3816.143437999999,3.44124926901
42.735043,110747.91,42.735043,114637.40625,3889.4962499999965,3.5120267732366206
42.553191,110215.34,42.553191,113526.546875,3311.2068750000035,3.004306728083408
42.372881,110203.41,42.372881,113411.859375,3208.4493749999965,2.9113884724619647
42.194093,110000.2,42.194093,112169.84375,2169.643750000003,1.9723998229094157
42.016807,109698.53,42.016807,111588.1875,1889.6575000000012,1.722591451316623
41.841004,109653.28,41.841004,110894.132812,1240.8528119999974,1.1316148609508054
41.666667,109309.72,41.666667,110747.90625,1438.1862499999988,1.3156984118155264
41.493776,109309.72,41.493776,110215.34375,905.6237499999988,0.8284933398420551
41.322314,109225.94,41.322314,110203.40625,977.4662499999977,0.8949030331073348
41.152263,108528.44,41.152263,110000.203125,1471.7631249999977,1.356108246833731
40.983607,107935.47,40.983607,109698.53125,1763.0612499999988,1.6334401008306156
40.816327,107935.47,40.816327,109653.28125,1717.8112499999988,1.5915169035721055
40.650407,107407.86,40.650407,109309.71875,1901.8587499999994,1.7706886162707265
40.48583,107378.91,40.48583,109225.9375,1847.0274999999965,1.7201026719306394
40.322581,107319.95,40.322581,108528.4375,1208.487500000003,1.1260604389025552
40.160643,107127.93,40.160643,107935.46875,807.538750000007,0.7538078538435373
40.0,105876.2,40.0,107681.46875,1805.268750000003,1.7050751254767387
39.840637,105876.2,39.840637,107407.859375,1531.659375000003,1.4466512540117638
39.68254,105663.83,39.68254,107378.90625,1715.0762499999983,1.6231441260457797
39.525692,105527.41,39.525692,107319.953125,1792.5431249999965,1.6986516820606101
39.370079,105143.12,39.370079,107271.65625,2128.5362500000047,2.024418002813693
39.215686,104455.48,39.215686,107127.929688,2672.449688000008,2.5584580990868147
39.0625,104339.12,39.0625,105876.203125,1537.0831250000047,1.4731609055165547
38.910506,103794.12,38.910506,105848.109375,2053.9893750000047,1.9789072589083128
38.75969,103777.39,38.75969,105663.828125,1886.4381250000006,1.8177737221951724
38.610039,103253.84,38.610039,105527.40625,2273.5662500000035,2.2019193184485957
38.461538,102686.31,38.461538,105502.96875,2816.6587500000023,2.7429739660525367
38.314176,102679.35,38.314176,105143.125,2463.774999999994,2.399484414344261
38.167939,101458.08,38.167939,104691.226562,3233.1465619999944,3.1866821863768706
38.022814,101458.08,38.022814,104455.484375,2997.4043749999983,2.9543279106011058
37.878788,101347.7,37.878788,104339.117188,2991.4171880000067,2.9516379631703598
37.735849,101037.38,37.735849,103794.125,2756.7449999999953,2.7284407018471732
37.593985,100233.94,37.593985,103777.390625,3543.4506249999977,3.535180423916288
37.453184,100224.69,37.453184,103253.84375,3029.1537499999977,3.0223628030178964
37.313433,100092.21,37.313433,102686.3125,2594.1024999999936,2.5917126817361646
37.174721,99560.55,37.174721,102679.351562,3118.8015619999933,3.132567630452015
37.037037,99560.55,37.037037,102323.484375,2762.934374999997,2.775129682389257
36.900369,99391.89,36.900369,101458.078125,2066.1881250000006,2.0788296962659634
36.764706,99070.71,36.764706,101347.703125,2276.9931249999936,2.2983514754259797
36.630037,98666.12,36.630037,101037.375,2371.2550000000047,2.403312302135733
36.49635,97634.46,36.49635,100233.9375,2599.4774999999936,2.6624590334191365
36.363636,97268.5,36.363636,100224.6875,2956.1875,3.0392033392105358
36.231884,96901.44,36.231884,100111.054688,3209.6146880000015,3.312246637408073
36.101083,96078.19,36.101083,100092.210938,4014.0209380000015,4.177869023136262
35.971223,95598.23,35.971223,99560.546875,3962.316875000004,4.144759662391243
35.842294,95582.59,35.842294,99391.890625,3809.3006250000035,3.9853498686319377
35.714286,95294.55,35.714286,99108.015625,3813.465624999997,4.001766758959454
35.587189,94905.82,35.587189,99070.710938,4164.890937999997,4.388446291281185
35.460993,94806.8,35.460993,98666.117188,3859.317188000001,4.070717699574293
35.335689,94615.67,35.335689,97634.460938,3018.7909380000056,3.190582424666026
35.211268,94422.47,35.211268,97268.5,2846.029999999999,3.0141448322629123
35.087719,94388.31,35.087719,96901.4375,2513.1275000000023,2.662541049839755
34.965035,94174.38,34.965035,96078.1875,1903.8074999999953,2.0215768874719378
34.843206,94174.38,34.843206,95635.875,1461.4949999999953,1.5519029697885935
34.722222,93924.04,34.722222,95598.234375,1674.1943750000064,1.7824982560375453
34.602076,93924.04,34.602076,95582.59375,1658.5537500000064,1.7658458366995355
34.482759,93556.66,34.482759,95294.554688,1737.8946880000003,1.857585219480901
34.364261,93305.08,34.364261,94905.820312,1600.7403119999944,1.715598241810622
34.246575,93304.78,34.246575,94806.796875,1502.0168750000012,1.6097962773182695
34.129693,93304.78,34.129693,94615.671875,1310.8918750000012,1.4049568253630749
34.013605,92921.38,34.013605,94422.46875,1501.0887499999953,1.61543957913668
33.898305,92921.38,33.898305,94388.3125,1466.9324999999953,1.5786813540651197
33.783784,92851.52,33.783784,94174.382812,1322.8628119999921,1.4247077613807422
33.670034,92755.55,33.670034,94057.125,1301.574999999997,1.4032313969352745
33.557047,92682.41,33.557047,93924.039062,1241.6290619999927,1.33965987936653
33.444816,92498.13,33.444816,93812.179688,1314.0496879999992,1.4206229769185594
33.333333,92165.06,33.333333,93556.65625,1391.5962500000023,1.509895669790702
33.222591,92165.06,33.222591,93305.078125,1140.0181250000023,1.2369309204594479
33.112583,91766.23,33.112583,93304.78125,1538.551250000004,1.6765985155977357
33.0033,91700.26,33.0033,93143.203125,1442.9431250000052,1.573543112091509
32.894737,91001.91,32.894737,92921.375,1919.4649999999965,2.1092579265643945
32.786885,90357.5,32.786885,92851.523438,2494.023438000004,2.760173132280114
32.679739,89892.84,32.679739,92755.546875,2862.7068750000035,3.184577186570147
32.57329,89879.3,32.57329,92682.414062,2803.1140619999933,3.118753775340922
32.467532,89647.18,32.467532,92498.132812,2850.952812000003,3.1801924076139407
32.36246,89647.18,32.36246,92165.0625,2517.882500000007,2.8086577848851544
32.258065,89498.45,32.258065,91866.851562,2368.401561999999,2.646304558347099
32.154341,89458.48,32.154341,91766.234375,2307.754375000004,2.5796932554633214
32.051282,89458.48,32.051282,91700.257812,2241.7778120000003,2.5059422114035477
31.948882,89116.16,31.948882,91001.914062,1885.7540619999927,2.1160629699484277
31.847134,89116.16,31.847134,90357.5,1241.3399999999965,1.3929460156272402
31.746032,89055.55,31.746032,89903.523438,847.9734380000009,0.9521848307039829
31.64557,88167.06,31.64557,89892.84375,1725.7837500000023,1.9574019480744875
31.545741,87828.52,31.545741,89879.296875,2050.776874999996,2.334978290650914
31.446541,87828.52,31.446541,89647.179688,1818.6596879999997,2.070693765533109
31.347962,87018.52,31.347962,89498.445312,2479.925311999992,2.8498821997891848
31.25,86910.23,31.25,89458.484375,2548.254375000004,2.9320534245508316
31.152648,86521.91,31.152648,89264.71875,2742.8087499999965,3.1700742043258137
31.055901,86456.84,31.055901,89116.164062,2659.3240619999997,3.0758978260135343
30.959752,86393.69,30.959752,89055.554688,2661.8646880000015,3.0810869266030902
30.864198,86136.11,30.864198,88472.546875,2336.4368749999994,2.7124940689798964
30.769231,86013.96,30.769231,88167.0625,2153.1024999999936,2.5032012245454034
30.674847,85811.44,30.674847,87978.359375,2166.9193749999977,2.5252103623945685
30.58104,85432.53,30.58104,87828.523438,2395.993438000005,2.8045446365687696
30.487805,85432.53,30.487805,87018.515625,1585.9856250000012,1.8564188898537843
30.395137,85400.74,30.395137,86910.226562,1509.486561999991,1.7675333515845306
30.30303,85292.57,30.30303,86521.90625,1229.336249999993,1.441316928309222
30.21148,85061.67,30.21148,86456.84375,1395.1737500000017,1.6401908756317645
30.120482,84883.74,30.120482,86393.6875,1509.9474999999948,1.7788418606437402
30.03003,84471.44,30.03003,86136.109375,1664.6693749999977,1.9706889985538278
29.94012,84471.44,29.94012,86013.960938,1542.5209380000015,1.8260857610572299
29.850746,84300.82,29.850746,85811.4375,1510.617499999993,1.7919368993089189
29.761905,84225.5,29.761905,85432.53125,1207.03125,1.4330947872081496
29.673591,83730.12,29.673591,85400.742188,1670.6221880000085,1.9952463796779567
29.585799,83420.52,29.585799,85292.570312,1872.0503119999921,2.244112494144117
29.498525,83349.16,29.498525,85061.671875,1712.5118749999965,2.054624035803116
29.411765,83342.53,29.411765,84883.742188,1541.212188000005,1.8492505423101566
29.325513,83050.93,29.325513,84679.289062,1628.3590620000032,1.9606752892472163
29.239766,82854.45,29.239766,84471.4375,1616.987500000003,1.9516000649331482
29.154519,82586.68,29.154519,84434.71875,1848.038750000007,2.2376958972076455
29.069767,82498.86,29.069767,84300.820312,1801.9603119999956,2.1842244995870193
28.985507,82365.44,28.985507,84225.5,1860.0599999999977,2.2583015400634023
28.901734,81993.59,28.901734,83823.0625,1829.4725000000035,2.2312384419318674
28.818444,81993.59,28.818444,83730.117188,1736.5271880000073,2.1178816392842506
28.735632,81806.87,28.735632,83488.640625,1681.7706250000047,2.055781653790207
28.653295,81303.25,28.653295,83420.523438,2117.273438000004,2.6041682687961476
28.571429,81204.05,28.571429,83349.164062,2145.1140619999933,2.6416343298148224
28.490028,81076.75,28.490028,83342.53125,2265.78125,2.7946128205681653
28.409091,81076.75,28.409091,83050.929688,1974.1796880000038,2.4349516822023625
28.328612,80774.07,28.328612,82854.453125,2080.383124999993,2.5755581277506416
28.248588,80681.14,28.248588,82586.679688,1905.5396880000044,2.3618155221901977
28.169014,80219.55,28.169014,82498.859375,2279.309374999997,2.8413390189797836
28.089888,80211.94,28.089888,82365.4375,2153.4974999999977,2.6847592764867647
28.011204,80085.64,28.011204,81993.59375,1907.9537500000006,2.382391837038451
27.932961,79965.33,27.932961,81806.867188,1841.537188000002,2.3029195127438378
27.855153,79870.8,27.855153,81303.25,1432.449999999997,1.7934589361819302
27.777778,79814.33,27.777778,81204.054688,1389.724688000002,1.7411969604956932
27.700831,79814.33,27.700831,81076.75,1262.4199999999983,1.5816959185148811
27.624309,79797.28,27.624309,80774.070312,976.7903119999974,1.2240897333843928
27.548209,79478.72,27.548209,80681.140625,1202.4206249999988,1.5128837316454
27.472527,79347.12,27.472527,80493.625,1146.5050000000047,1.4449232687966556
27.39726,79222.27,27.39726,80219.546875,997.2768749999959,1.2588340058925298
27.322404,78942.48,27.322404,80211.9375,1269.457500000004,1.6080790722561595
27.247956,78435.17,27.247956,80139.96875,1704.7987500000017,2.173513170176085
27.173913,78291.21,27.173913,80085.640625,1794.4306249999936,2.2919950081241476
27.100271,77936.8,27.100271,79965.328125,2028.528124999997,2.602786007380335
27.027027,77936.8,27.027027,79870.796875,1933.996874999997,2.4814938193510603
26.954178,77923.16,26.954178,79814.328125,1891.1681249999965,2.426965391290595
26.88172,77903.08,26.88172,79797.28125,1894.2012499999983,2.431484416277249
26.809651,77713.44,26.809651,79478.71875,1765.2787499999977,2.271523111060323
26.737968,77696.51,26.737968,79347.125,1650.6150000000052,2.1244390513808216
26.666667,77696.51,26.666667,79222.265625,1525.7556250000052,1.9637376569423843
26.595745,77453.57,26.595745,78942.484375,1488.914374999993,1.9223315013110345
26.525199,77153.34,26.525199,78435.171875,1281.8318750000035,1.661408145130209
26.455026,76796.47,26.455026,78291.210938,1494.7409380000026,1.9463667249288965
26.385224,76633.81,26.385224,78017.875,1384.0650000000023,1.8060761953503324
26.315789,76633.81,26.315789,77936.796875,1302.9868750000023,1.7002767773127845
26.246719,76387.89,26.246719,77923.164062,1535.2740619999968,2.0098395989207147
26.17801,76206.55,26.17801,77903.078125,1696.528124999997,2.2262235004733806
26.109661,76174.98,26.109661,77713.4375,1538.457500000004,2.019636237515263
26.041667,76115.31,26.041667,77696.507812,1581.1978119999985,2.077371572158083
25.974026,76093.16,25.974026,77453.570312,1360.4103119999927,1.7878220749407603
25.906736,75825.72,25.906736,77402.210938,1576.4909380000026,2.079097881299383
25.839793,75628.58,25.839793,77153.335938,1524.755938000002,2.0161107586576423
25.773196,75609.92,25.773196,76796.46875,1186.5487500000017,1.5693030094463818
25.706941,75609.92,25.706941,76633.8125,1023.8925000000017,1.3541774677185239
25.641026,75543.3,25.641026,76387.890625,844.5906249999971,1.1180218828142232
25.575448,75323.19,25.575448,76206.546875,883.3568749999977,1.1727555285430658
25.510204,75260.36,25.510204,76174.984375,914.6243749999994,1.2152803614014063
25.445293,75219.51,25.445293,76115.3125,895.8025000000052,1.1909177552472827
25.380711,74663.35,25.380711,76093.164062,1429.8140619999904,1.9150146115865283
25.316456,74129.21,25.316456,75825.71875,1696.5087499999936,2.2885833398197466
25.252525,74129.21,25.252525,75699.054688,1569.8446879999974,2.1177140401199437
25.188917,74030.05,25.188917,75628.578125,1598.528124999997,2.1592962925190475
25.125628,74030.05,25.125628,75609.921875,1579.871874999997,2.13409537748522
25.062657,73508.37,25.062657,75543.898438,2035.5284380000085,2.769111106667184
25.0,73409.03,25.0,75543.296875,2134.266875000001,2.907362861217484
24.937656,73163.07,24.937656,75323.1875,2160.117499999993,2.952469736439426
24.875622,73135.03,24.875622,75260.359375,2125.329375000001,2.906034734654517
24.813896,73053.12,24.813896,75219.507812,2166.387812000001,2.96549663039717
24.752475,72915.73,24.752475,74790.570312,1874.8403120000003,2.5712426001906588
24.691358,72802.58,24.691358,74663.351562,1860.7715619999944,2.5559143123773835
24.630542,72645.12,24.630542,74129.210938,1484.0909380000085,2.0429327365692402
24.570025,72632.03,24.570025,74030.046875,1398.0168750000012,1.9247938891422987
24.509804,72541.88,24.509804,73890.75,1348.8699999999953,1.859436231870466
24.449878,72441.09,24.449878,73625.789062,1184.6990619999997,1.6353965159828485
24.390244,72404.69,24.390244,73508.367188,1103.6771880000015,1.524317261768542
24.3309,72234.77,24.3309,73409.03125,1174.261249999996,1.6256177599790183
24.271845,72201.11,24.271845,73163.070312,961.9603119999956,1.3323345195108436
24.213075,72197.49,24.213075,73135.03125,937.5412499999948,1.2985787317536865
24.154589,72197.49,24.154589,73053.125,855.6349999999948,1.1851312282462934
24.096386,72056.16,24.096386,72915.734375,859.5743749999965,1.1929228188124326
24.038462,71803.66,24.038462,72802.578125,998.9181249999965,1.3911799551721966
23.980815,71793.28,23.980815,72645.117188,851.837188000005,1.1865138185635271
23.923445,71695.13,23.923445,72632.03125,936.9012499999953,1.3067850633648272
23.866348,71540.75,23.866348,72541.875,1001.125,1.3993772779849247
23.809524,71466.74,23.809524,72441.085938,974.3459379999986,1.36335579039984
23.752969,71336.57,23.752969,72234.765625,898.195624999993,1.2590956153344532
23.696682,71022.2,23.696682,72201.109375,1178.909375000003,1.6599167232217573
23.640662,70946.34,23.640662,72197.492188,1251.1521880000073,1.7635190032354136
23.584906,70921.23,23.584906,72110.875,1189.645000000004,1.6774173262364516
23.529412,70921.23,23.529412,72056.164062,1134.9340620000003,1.6002740815408873
23.474178,70868.05,23.474178,71906.734375,1038.684374999997,1.4656595955441092
23.419204,70867.34,23.419204,71803.65625,936.3162500000035,1.3212239234603746
23.364486,70765.64,23.364486,71793.28125,1027.6412500000006,1.4521754484238405
23.310023,70735.86,23.310023,71695.132812,959.2728119999956,1.3561336668558148
23.255814,70544.08,23.255814,71613.96875,1069.8887499999983,1.516624428300714
23.201856,70329.0,23.201856,71540.75,1211.75,1.7229734533407273
23.148148,70237.34,23.148148,71466.742188,1229.4021880000073,1.750354139265535
23.094688,69823.68,23.094688,71336.570312,1512.8903120000032,2.1667295565057634
23.041475,69788.2,23.041475,71334.554688,1546.3546880000067,2.215782450328289
22.988506,69630.98,22.988506,71022.203125,1391.223125000004,1.9979944630967483
22.93578,69405.9,22.93578,70946.335938,1540.4359380000096,2.2194596395983766
22.883295,69240.67,22.883295,70921.234375,1680.5643750000017,2.427134767760049
22.83105,68978.09,22.83105,70868.046875,1889.9568750000035,2.7399379643594126
22.779043,68948.5,22.779043,70867.335938,1918.8359380000038,2.782998815057621
22.727273,68945.84,22.727273,70765.640625,1819.8006250000035,2.6394639981179484
22.675737,68945.84,22.675737,70735.859375,1790.0193750000035,2.5962688611814775
22.624434,68926.16,22.624434,70722.015625,1795.8556249999965,2.6054775501783305
22.573363,68926.16,22.573363,70544.078125,1617.9181249999965,2.3473208503128515
22.522523,68901.55,22.522523,70329.0,1427.449999999997,2.0717240758734703
22.47191,68483.55,22.47191,70257.507812,1773.9578119999933,2.59034149368716
22.421525,68483.55,22.421525,70237.34375,1753.793749999997,2.5608978360496746
22.371365,68464.36,22.371365,69823.679688,1359.3196880000032,1.985441312823202
22.321429,68382.13,22.321429,69788.203125,1406.0731249999953,2.0561996606423274
22.271715,68294.55,22.271715,69630.976562,1336.4265619999933,1.956856823860752
22.222222,68011.78,22.222222,69517.242188,1505.462188000005,2.213531520568944
22.172949,67903.23,22.172949,69405.898438,1502.6684380000079,2.212955757774716
22.123894,67766.23,22.123894,69240.671875,1474.441875000004,2.1757767475038885
22.075055,67766.23,22.075055,68978.085938,1211.8559380000079,1.7882888541977442
22.026432,67645.03,22.026432,68949.914062,1304.8840619999974,1.9290169019069066
21.978022,67464.06,21.978022,68948.5,1484.4400000000023,2.200341930206991
21.929825,67464.06,21.929825,68945.835938,1481.7759380000061,2.1963930691393405
21.881838,67454.92,21.881838,68926.15625,1471.2362500000017,2.1810658881516747
21.834061,67454.92,21.834061,68901.554688,1446.6346880000056,2.144594772330922
21.786492,67292.16,21.786492,68483.546875,1191.3868749999965,1.7704690635580673
21.73913,67247.25,21.73913,68464.359375,1217.109375,1.8099020777801325
21.691974,67247.25,21.691974,68391.976562,1144.7265619999962,1.7022652405860408
21.645022,67232.23,21.645022,68382.132812,1149.9028120000003,1.7103445951443235
21.598272,67142.17,21.598272,68294.546875,1152.3768750000017,1.716323548970791
21.551724,67142.17,21.551724,68038.078125,895.9081250000017,1.3343449057425487
21.505376,67031.07,21.505376,68011.78125,980.711249999993,1.4630696630681754
21.459227,66968.71,21.459227,67903.234375,934.5243749999936,1.3954642026104334
21.413276,66917.69,21.413276,67877.921875,960.2318749999977,1.4349447433107712
21.367521,66838.34,21.367521,67766.234375,927.8943750000035,1.3882666370828534
21.321962,66216.22,21.321962,67645.03125,1428.8112499999988,2.1577964583299964
21.276596,65457.62,21.276596,67464.0625,2006.4424999999974,3.065254282083579
21.231423,65369.24,21.231423,67462.234375,2092.994375000002,3.2018031340122697
21.186441,65369.24,21.186441,67454.921875,2085.681875000002,3.190616679955285
21.141649,65354.53,21.141649,67292.15625,1937.6262500000012,2.964792570614464
21.097046,65262.52,21.097046,67247.25,1984.7300000000032,3.041148273158933
21.052632,65116.69,21.052632,67232.234375,2115.5443749999977,3.248851216178214
21.008403,65096.2,21.008403,67142.171875,2045.971875000003,3.14299740230613
20.964361,65091.84,20.964361,67031.070312,1939.2303119999997,2.9792218379446638
20.920502,64998.77,20.920502,66968.710938,1969.940938000007,3.0307357169989633
20.876827,64998.77,20.876827,66917.6875,1918.9175000000032,2.952236634631707
20.833333,64771.06,20.833333,66866.226562,2095.1665619999985,3.2347263762550726
20.790021,64496.6,20.790021,66838.34375,2341.7437500000015,3.6308018562218805
20.746888,64496.6,20.746888,66494.007812,1997.4078119999976,3.0969195461466152
20.703934,64341.38,20.703934,66216.21875,1874.8387500000026,2.9138926613013316
20.661157,64191.16,20.661157,66202.382812,2011.2228119999927,3.1331772349962086
20.618557,64191.16,20.618557,65457.625,1266.4649999999965,1.9729585818358735
20.576132,63969.0,20.576132,65429.554688,1460.5546879999965,2.28322263596429
20.533881,63747.61,20.533881,65369.238281,1621.6282809999975,2.543826005398473
20.491803,63740.19,20.491803,65354.53125,1614.3412499999977,2.5326897362558816
20.449898,63644.77,20.449898,65262.515625,1617.7456250000032,2.5418359199035576
20.408163,63639.76,20.408163,65116.691406,1476.931405999996,2.3207683467065183
20.366599,63558.34,20.366599,65096.203125,1537.8631250000035,2.419608701234179
20.325203,63479.85,20.325203,65091.839844,1611.9898440000034,2.5393724843395242
20.283976,63388.23,20.283976,64998.773438,1610.5434379999933,2.5407610182521156
20.242915,63283.14,20.242915,64863.492188,1580.352187999997,2.4972720822639287
20.20202,63263.55,20.20202,64771.0625,1507.512499999997,2.3829084836370975
20.16129,63245.18,20.16129,64496.601562,1251.4215620000032,1.9786829004202426
20.120724,63245.18,20.120724,64341.375,1096.1949999999997,1.7332467074961282
20.080321,63173.68,20.080321,64191.164062,1017.4840620000032,1.6106138854029135
20.04008,63130.14,20.04008,63969.0,838.8600000000006,1.328778931901625
20.0,63130.14,20.0,63949.316406,819.1764059999987,1.297599539617683
19.96008,63100.3,19.96008,63747.605469,647.305468999999,1.0258358026823944
19.920319,63008.49,19.920319,63740.191406,731.7014060000001,1.1612743076369552
19.880716,62965.6,19.880716,63644.773438,679.173437999998,1.0786420489918271
19.84127,62825.61,19.84127,63639.761719,814.1517190000013,1.2958914668715533
19.80198,62777.22,19.80198,63626.085938,848.8659379999954,1.3521878445716382
19.762846,62758.71,19.762846,63558.34375,799.6337500000009,1.274139876361386
19.723866,62758.71,19.723866,63479.851562,721.1415620000043,1.1490700844552164
19.685039,62509.06,19.685039,63388.230469,879.1704690000042,1.406468868672804
19.646365,62461.09,19.646365,63283.140625,822.0506250000035,1.3161003514347949
19.607843,62451.98,19.607843,63263.550781,811.5707809999949,1.2995116904219768
19.569472,62383.05,19.569472,63245.183594,862.133593999999,1.3819997483290718
19.53125,62346.11,19.53125,63173.683594,827.5735940000013,1.3273860935349475
19.493177,62335.2,19.493177,63145.5,810.3000000000029,1.2999075963500606
19.455253,62333.71,19.455253,63130.136719,796.4267190000028,1.2776822027759984
19.417476,62332.18,19.417476,63100.304688,768.1246879999962,1.2323083967222008
19.379845,62182.43,19.379845,63018.726562,836.2965620000032,1.3449081388424402
19.34236,62142.75,19.34236,63008.488281,865.7382809999981,1.3931444633525198
19.305019,61998.75,19.305019,62965.601562,966.8515620000035,1.5594694441420245
19.267823,61998.75,19.267823,62825.613281,826.8632809999981,1.3336773418818897
19.230769,61957.11,19.230769,62806.605469,849.4954690000013,1.3711024755673744
19.193858,61837.44,19.193858,62777.21875,939.7787499999977,1.519756881914901
19.157088,61815.62,19.157088,62758.714844,943.0948439999993,1.5256578256434203
19.120459,61728.39,19.120459,62703.601562,975.211562000004,1.5798428599871213
19.083969,61728.39,19.083969,62539.429688,811.0396879999971,1.3138844022985163
19.047619,61728.39,19.047619,62509.0625,780.6725000000006,1.2646895537045444
19.011407,61710.6,19.011407,62461.089844,750.4898440000034,1.2161441373119097
18.975332,61581.97,18.975332,62451.984375,870.0143749999988,1.41277451013665
18.939394,61577.73,18.939394,62383.050781,805.3207809999949,1.3078117381072587
18.903592,61457.68,18.903592,62346.105469,888.4254690000016,1.4455890118208197
18.867925,61385.04,18.867925,62335.195312,950.1553120000026,1.547861355144515
18.832392,61385.04,18.832392,62333.714844,948.674844000001,1.5454495818525182
18.796992,61361.71,18.796992,62332.183594,970.4735940000028,1.5815621728925138
18.761726,61361.68,18.761726,62319.457031,957.7770309999978,1.5608715911950224
18.726592,61258.5,18.726592,62182.433594,923.9335940000019,1.5082537019352447
18.691589,61214.83,18.691589,62142.746094,927.9160940000002,1.5158354503312352
18.656716,61179.34,18.656716,62086.585938,907.245938,1.4829286128291022
18.621974,61163.92,18.621974,61998.753906,834.8339059999998,1.3649123633671612
18.587361,61152.76,18.587361,61957.113281,804.3532809999961,1.3153180347052138
18.552876,61148.13,18.552876,61837.441406,689.3114060000007,1.12728125291812
18.518519,61113.01,18.518519,61815.621094,702.6110939999999,1.1496915206762028
18.484288,61084.77,18.484288,61762.824219,678.0542190000051,1.1100217271833963
18.450185,61023.93,18.450185,61728.394531,704.4645309999978,1.1544070186892221
18.416206,60945.29,18.416206,61710.597656,765.3076559999972,1.2557289595307484
18.382353,60860.32,18.382353,61581.96875,721.6487500000003,1.1857459014346297
18.348624,60856.72,18.348624,61577.726562,721.0065620000023,1.1847607988074322
18.315018,60856.72,18.315018,61461.710938,604.9909379999954,0.9941234723133211
18.281536,60826.29,18.281536,61457.679688,631.3896879999957,1.0380210399154635
18.248175,60561.19,18.248175,61385.042969,823.8529689999996,1.3603645651612848
18.214936,60561.19,18.214936,61377.535156,816.3451559999958,1.3479674953546912
18.181818,60485.86,18.181818,61361.710938,875.850937999996,1.4480259320112103
18.14882,60485.86,18.14882,61361.679688,875.819687999996,1.4479742670435634
18.115942,60287.08,18.115942,61333.710938,1046.6309379999948,1.736078340500145
18.083183,60287.08,18.083183,61258.503906,971.4239059999964,1.6113301656009815
18.050542,60273.98,18.050542,61214.828125,940.8481249999968,1.5609523794512934
18.018018,60170.27,18.018018,61179.34375,1009.0737500000032,1.6770304504201214
17.985612,60087.13,17.985612,61163.921875,1076.7918750000026,1.7920507686088563
17.953321,60026.64,17.953321,61152.796875,1126.1568750000006,1.8760951387583922
17.921147,59976.98,17.921147,61152.757812,1175.7778120000003,1.9603818198248733
17.889088,59971.69,17.889088,61113.007812,1141.3178120000011,1.9030942966589754
17.857143,59946.73,17.857143,61096.945312,1150.2153120000003,1.9187290315918821
17.825312,59938.17,17.825312,61084.765625,1146.5956250000017,1.9129640177536316
17.793594,59937.6,17.793594,61023.929688,1086.329687999998,1.8124344117882565
17.761989,59890.6,17.761989,60945.289062,1054.689062000005,1.7610260408144265
17.730496,59824.1,17.730496,60860.320312,1036.220312000005,1.732111827841965
17.699115,59760.49,17.699115,60856.71875,1096.228750000002,1.8343704176455082
17.667845,59677.88,17.667845,60826.285156,1148.4051560000007,1.9243397319073678
17.636684,59677.88,17.636684,60563.691406,885.8114060000007,1.484321168915519
17.605634,59617.05,17.605634,60561.1875,944.1374999999971,1.583670275533588
17.574692,59469.35,17.574692,60485.855469,1016.5054690000034,1.7092930543212654
17.54386,59357.02,17.54386,60330.039062,973.0190620000067,1.6392653505853338
17.513135,59299.9,17.513135,60287.078125,987.1781249999985,1.6647213991929133
17.482517,59291.6,17.482517,60273.984375,982.3843750000015,1.6568693963394503
17.452007,59239.6,17.452007,60189.582031,949.9820309999996,1.603626680463743
17.421603,58997.45,17.421603,60170.265625,1172.815625000003,1.9879090113216809
17.391304,58997.45,17.391304,60087.132812,1089.6828120000064,1.8469998482985388
17.361111,58957.56,17.361111,60026.644531,1069.0845310000004,1.813312034962099
17.331023,58890.86,17.331023,59976.976562,1086.116562000003,1.844287147445296
17.301038,58745.59,17.301038,59971.6875,1226.0975000000035,2.0871311361414593
17.271157,58683.39,17.271157,59946.730469,1263.3404690000025,2.1528075814979375
17.241379,58508.97,17.241379,59938.167969,1429.1979690000007,2.4426989041167544
17.211704,58405.91,17.211704,59937.597656,1531.6876559999946,2.622487443479597
17.182131,58362.62,17.182131,59890.601562,1527.9815620000008,2.618082536390588
17.152659,58342.5,17.152659,59824.101562,1481.6015620000035,2.5394893293911016
17.123288,58304.03,17.123288,59760.492188,1456.4621879999977,2.498047198452659
17.094017,58278.6,17.094017,59684.867188,1406.267187999998,2.413007841643413
17.064846,58278.6,17.064846,59677.875,1399.2750000000015,2.401009976217688
17.035775,58189.76,17.035775,59617.050781,1427.290780999996,2.4528212197472476
17.006803,58098.91,17.006803,59533.769531,1434.8595309999946,2.4696840801316142
16.977929,58067.98,16.977929,59469.347656,1401.367655999995,2.413322550569169
16.949153,58047.41,16.949153,59357.015625,1309.6056249999965,2.2560965683051086
16.920474,57724.18,16.920474,59299.902344,1575.7223440000016,2.729744006757656
16.891892,57677.04,16.891892,59291.597656,1614.5576559999972,2.7993074124469586
16.863406,57677.04,16.863406,59239.597656,1562.5576559999972,2.7091502199141932
16.835017,57677.04,16.835017,58997.453125,1320.4131249999991,2.2893219294887515
16.806723,57653.37,16.806723,58957.5625,1304.1924999999974,2.262127088147661
16.778523,57574.32,16.778523,58890.863281,1316.5432809999984,2.286684898753469
16.750419,57486.83,16.750419,58745.59375,1258.7637499999983,2.1896558742237104
16.722408,57455.37,16.722408,58683.394531,1228.0245309999955,2.1373537947801844
16.694491,57455.37,16.694491,58508.96875,1053.5987499999974,1.833768975815485
16.666667,57247.23,16.666667,58482.769531,1235.539530999995,2.158252077873453
16.638935,57157.82,16.638935,58405.910156,1248.0901559999984,2.183586001005634
16.611296,56985.67,16.611296,58362.625,1376.9550000000017,2.4163179971385818
16.583748,56893.59,16.583748,58342.496094,1448.9060940000054,2.5466947928580455
16.556291,56856.36,16.556291,58304.027344,1447.6673440000013,2.546183652980953
16.528926,56845.36,16.528926,58278.601562,1433.241562000003,2.52129912098367
16.50165,56782.32,16.50165,58246.058594,1463.7385940000022,2.577806954699988
16.474465,56730.43,16.474465,58098.90625,1368.4762499999997,2.4122437464337914
16.447368,56709.44,16.447368,58067.984375,1358.5443749999977,2.395622977409048
16.420361,56505.73,16.420361,58047.40625,1541.6762499999968,2.7283538324343333
16.393443,56428.33,16.393443,57724.175781,1295.8457809999964,2.296445386563799
16.366612,56402.84,16.366612,57677.035156,1274.1951560000016,2.2590975135294635
16.339869,56402.84,16.339869,57653.371094,1250.5310940000054,2.217142069441903
16.313214,56319.39,16.313214,57638.839844,1319.4498440000025,2.3427985352824354
16.286645,56319.39,16.286645,57574.324219,1254.9342190000025,2.228245403581258
16.260163,56316.26,16.260163,57486.832031,1170.572030999996,2.0785684827081843
16.233766,56248.2,16.233766,57455.367188,1207.1671879999994,2.1461436774865676
16.207455,56228.0,16.207455,57247.226562,1019.2265620000035,1.8126672867610505
16.18123,55998.0,16.18123,57157.824219,1159.824219000002,2.0711886478088535
16.155089,55998.0,16.155089,57105.402344,1107.402344000002,1.977574813386196
16.129032,55907.54,16.129032,56985.671875,1078.1318749999991,1.9284194493265114
16.10306,55843.34,16.10306,56893.585938,1050.245938,1.8807004344654172
16.07717,55843.34,16.07717,56856.355469,1013.0154690000054,1.8140309462149031
16.051364,55841.73,16.051364,56850.609375,1008.8793749999968,1.8066764317652708
16.025641,55663.03,16.025641,56845.355469,1182.325469000003,2.1240767327973398
16.0,55663.03,16.0,56782.320312,1119.2903120000046,2.0108325256458457
15.974441,55615.84,15.974441,56730.433594,1114.5935940000054,2.0040937869499147
15.948963,55611.2,15.948963,56709.4375,1098.237500000003,1.9748494907500702
15.923567,55611.2,15.923567,56557.800781,946.600781000001,1.7021765058117806
15.898251,55586.45,15.898251,56505.730469,919.2804690000048,1.6537851742646004
15.873016,55567.54,15.873016,56495.480469,927.940469000001,1.6699326063381628
15.847861,55409.65,15.847861,56428.332031,1018.6820309999966,1.8384559927738158
15.822785,55404.95,15.822785,56402.84375,997.8937500000029,1.8010913284823884
15.797788,55399.46,15.797788,56319.394531,919.934530999999,1.660547830249607
15.772871,55274.5,15.772871,56316.257812,1041.7578120000035,1.8846987525893557
15.748031,55268.03,15.748031,56313.113281,1045.0832809999993,1.8909363713524787
15.72327,55187.37,15.72327,56248.195312,1060.8253120000008,1.9222247988987349
15.698587,55168.19,15.698587,56227.996094,1059.8060939999996,1.9210456134232419
15.673981,55096.26,15.673981,56029.726562,933.4665620000014,1.6942466911547198
15.649452,55072.6,15.649452,55997.996094,925.3960940000034,1.6803203298918217
15.625,55033.77,15.625,55907.539062,873.7690620000067,1.5876961763659054
15.600624,55024.48,15.600624,55901.59375,877.1137499999968,1.594042778777731
15.576324,54917.54,15.576324,55843.339844,925.799844000001,1.685799917476276
15.5521,54883.15,15.5521,55841.726562,958.576562000002,1.7465771589276524
15.52795,54851.62,15.52795,55757.757812,906.1378120000008,1.65198003632345
15.503876,54837.36,15.503876,55663.027344,825.6673440000013,1.505665743208647
15.479876,54673.87,15.479876,55615.839844,941.9698439999993,1.7228885462104646
15.455951,54665.3,15.455951,55611.203125,945.9031249999971,1.7303538533585234
15.432099,54662.34,15.432099,55598.6875,936.3475000000035,1.7129663677039868
15.40832,54551.01,15.40832,55586.453125,1035.443124999998,1.8981190724058052
15.384615,54547.27,15.384615,55567.535156,1020.2651560000013,1.8704238653923493
15.360983,54415.74,15.360983,55547.035156,1131.2951560000001,2.07898515392789
15.337423,54390.82,15.337423,55409.652344,1018.8323440000022,1.8731696709113823
15.313936,54320.14,15.313936,55404.953125,1084.8131250000006,1.9970735071743198
15.29052,54275.98,15.29052,55274.5,998.5199999999968,1.8397088362107819
15.267176,54275.98,15.267176,55268.027344,992.0473439999987,1.8277833841047155
15.243902,54248.35,15.243902,55187.367188,939.017187999998,1.7309599056929807
15.2207,54248.35,15.2207,55168.1875,919.8375000000015,1.6956045667748447
15.197568,54219.21,15.197568,55145.757812,926.5478120000043,1.7088921288229844
15.174507,54219.21,15.174507,55096.257812,877.0478120000043,1.617596073421218
15.151515,54176.73,15.151515,55072.597656,895.8676559999949,1.653602304901006
15.128593,54112.3,15.128593,55033.765625,921.4656249999971,1.7028764717079057
15.10574,54112.3,15.10574,55024.476562,912.1765620000006,1.6857102026711126
15.082956,54051.71,15.082956,54943.023438,891.3134379999974,1.6490013692443726
15.060241,53998.12,15.060241,54917.535156,919.4151559999955,1.7026799377459723
15.037594,53978.13,15.037594,54883.148438,905.0184379999992,1.676639109209599
15.015015,53880.11,15.015015,54851.625,971.5149999999994,1.803105079035658
14.992504,53804.41,14.992504,54837.359375,1032.9493749999965,1.919822882548097
14.97006,53667.33,14.97006,54673.867188,1006.5371879999948,1.8755119511255631
14.947683,53650.1,14.947683,54665.300781,1015.2007809999996,1.8922626071526418
14.925373,53632.85,14.925373,54662.34375,1029.4937500000015,1.919520872002889
14.90313,53500.65,14.90313,54551.007812,1050.357812000002,1.9632617771933651
14.880952,53474.71,14.880952,54547.269531,1072.559530999999,2.0057323003715197
14.858841,53397.96,14.858841,54415.742188,1017.7821879999974,1.9060319682624534
14.836795,53397.96,14.836795,54402.113281,1004.153280999999,1.8805086954632704
14.814815,53357.85,14.814815,54390.820312,1032.970312000005,1.9359294124482247
14.792899,53259.55,14.792899,54320.140625,1060.590624999997,1.9913623472222297
14.771049,53254.52,14.771049,54275.984375,1021.4643750000032,1.9180801460608476
14.749263,53211.52,14.749263,54269.804688,1058.2846879999997,1.9888262691988499
14.727541,53211.52,14.727541,54248.351562,1036.8315620000067,1.948509574618441
14.705882,53151.46,14.705882,54236.78125,1085.3212500000009,2.041940616494826
14.684288,53094.51,14.684288,54219.207031,1124.697030999996,2.1182925146121434
14.662757,53084.43,14.662757,54176.726562,1092.2965620000032,2.057659019791685
14.641288,53081.07,14.641288,54112.304688,1031.2346879999968,1.9427541456869595
14.619883,53081.07,14.619883,54051.710938,970.6409379999968,1.8286009268464198
14.59854,52997.56,14.59854,53998.121094,1000.5610940000042,1.8879380371473786
14.577259,52916.53,14.577259,53978.132812,1061.6028120000046,2.0061837236871063
14.556041,52894.04,14.556041,53880.113281,986.0732809999972,1.8642427029585888
14.534884,52874.56,14.534884,53852.292969,977.7329690000042,1.8491557546767372
14.513788,52874.56,14.513788,53716.179688,841.6196879999989,1.5917289675791135
14.492754,52842.11,14.492754,53667.328125,825.2181249999994,1.5616676264441358
14.47178,52816.76,14.47178,53650.101562,833.3415620000014,1.5777975816767278
14.450867,52816.76,14.450867,53632.851562,816.0915620000014,1.5451374942347873
14.430014,52816.76,14.430014,53500.648438,683.8884379999945,1.2948322426441805
14.409222,52711.14,14.409222,53474.714844,763.5748440000025,1.4486024092819896
14.388489,52711.14,14.388489,53439.558594,728.4185940000025,1.3819063560378366
14.367816,52616.09,14.367816,53397.960938,781.870938,1.485992094813583
14.347202,52586.05,14.347202,53357.851562,771.8015620000006,1.4676925952795474
14.326648,52569.86,14.326648,53259.546875,689.6868749999994,1.311943526195427
14.306152,52492.11,14.306152,53254.515625,762.4056249999994,1.4524194683734364
14.285714,52467.66,14.285714,53236.710938,769.050937999993,1.4657618388165072
14.265335,52467.66,14.265335,53211.523438,743.863437999993,1.417756076790909
14.245014,52204.32,14.245014,53151.457031,947.1370309999984,1.8142886086821903
14.224751,52153.65,14.224751,53094.507812,940.857812000002,1.804011439276066
14.204545,52014.08,14.204545,53081.074219,1066.9942190000002,2.051356515389679
14.184397,51984.0,14.184397,53009.238281,1025.238280999998,1.9722189154355152
14.164306,51928.22,14.164306,52997.5625,1069.3424999999988,2.0592704698909357
14.144272,51889.23,14.144272,52916.527344,1027.2973439999987,1.9797891469963973
14.124294,51766.88,14.124294,52894.039062,1127.159062000006,2.177374920026098
14.104372,51743.42,14.104372,52874.558594,1131.1385940000036,2.1860530169826498
14.084507,51743.42,14.084507,52842.109375,1098.6893750000017,2.1233412383642243
14.064698,51657.96,14.064698,52829.289062,1171.3290620000043,2.2674706124670903
14.044944,51602.8,14.044944,52816.761719,1213.961718999999,2.3525113346562567
14.025245,51365.42,14.025245,52715.316406,1349.8964059999998,2.6280256367026684
14.005602,51365.42,14.005602,52711.140625,1345.7206250000017,2.619896079891884
13.986014,51343.0,13.986014,52616.085938,1273.0859379999965,2.479570609430685
13.96648,51271.62,13.96648,52586.050781,1314.4307809999955,2.563661497335164
13.947001,51260.52,13.947001,52569.855469,1309.335469000005,2.554276603124598
13.927577,51102.68,13.927577,52492.109375,1389.4293749999997,2.7188972770116946
13.908206,51036.88,13.908206,52467.664062,1430.784062000006,2.803431679209243
13.888889,51036.88,13.888889,52431.265625,1394.3856250000026,2.732113767534384
13.869626,51022.64,13.869626,52204.316406,1181.6764059999987,2.3159844453364204
13.850416,50986.64,13.850416,52153.648438,1167.008437999997,2.288851428531076
13.831259,50926.75,13.831259,52014.078125,1087.328125,2.1350824959377928
13.812155,50926.75,13.812155,51994.796875,1068.046875,2.097221744957218
13.793103,50870.44,13.793103,51983.996094,1113.5560939999996,2.1890042507986944
13.774105,50757.79,13.774105,51928.21875,1170.4287499999991,2.3059095953547213
13.755158,50663.2,13.755158,51889.230469,1226.0304690000048,2.419962554674803
13.736264,50652.84,13.736264,51766.878906,1114.0389060000016,2.1993611927781376
13.717421,50336.03,13.717421,51758.023438,1421.9934379999977,2.8250011731159526
13.69863,50277.17,13.69863,51748.71875,1471.5487500000017,2.9268726740188473
13.679891,50277.17,13.679891,51743.417969,1466.2479690000036,2.9163295567352017
13.661202,50110.36,13.661202,51657.964844,1547.6048440000013,3.0883929869990983
13.642565,50107.56,13.642565,51602.800781,1495.2407810000004,2.9840622472936227
13.623978,49976.19,13.623978,51479.574219,1503.3842189999996,3.0082009432891934
13.605442,49923.49,13.605442,51365.421875,1441.931875000002,2.888283401260613
13.586957,49894.76,13.586957,51310.558594,1415.7985939999999,2.837569704714483
13.568521,49893.83,13.568521,51271.625,1377.7949999999983,2.761453670724413
13.550136,49808.64,13.550136,51260.515625,1451.8756250000006,2.9149071827698982
13.5318,49743.49,13.5318,51057.730469,1314.240469000004,2.642035106503392
13.513514,49700.06,13.513514,51036.875,1336.8150000000023,2.6897653644683777
13.495277,49679.48,13.495277,51022.644531,1343.164530999995,2.7036606079612646
13.477089,49679.48,13.477089,50986.640625,1307.1606249999968,2.631188218958807
13.45895,49509.7,13.45895,50926.753906,1417.053906000001,2.8621742931183207
13.44086,49480.97,13.44086,50870.4375,1389.4674999999988,2.8080846030302133
13.422819,49480.97,13.422819,50757.785156,1276.815155999997,2.5804165843959748
13.404826,49480.52,13.404826,50663.203125,1182.6831250000032,2.390199466375865
13.386881,49480.52,13.386881,50652.84375,1172.3237500000032,2.3692631969106293
13.368984,49468.27,13.368984,50402.363281,934.0932810000013,1.8882675318946898
13.351135,49468.27,13.351135,50336.03125,867.7612500000032,1.7541774757839788
13.333333,49404.62,13.333333,50277.167969,872.5479689999993,1.7661262630903733
13.315579,49356.94,13.315579,50115.480469,758.5404689999996,1.5368466298761625
13.297872,49252.0,13.297872,50110.359375,858.359375,1.7427909018923091
13.280212,49140.19,13.280212,50107.5625,967.3724999999977,1.9685973945155637
13.262599,49140.19,13.262599,49976.191406,836.0014059999958,1.7012579845539788
13.245033,49131.78,13.245033,49923.488281,791.7082809999993,1.6113975129742892
13.227513,49060.14,13.227513,49894.757812,834.617812000004,1.701213677743284
13.21004,49015.07,13.21004,49893.828125,878.7581250000003,1.7928325410939947
13.192612,48947.44,13.192612,49808.640625,861.2006249999977,1.7594395641528906
13.175231,48935.94,13.175231,49743.488281,807.5482809999958,1.6502151200119906
13.157895,48935.94,13.157895,49700.0625,764.1224999999977,1.5614750631131182
13.140604,48905.77,13.140604,49679.476562,773.7065620000067,1.5820353344809963
13.12336,48905.77,13.12336,49534.738281,628.9682810000013,1.2860819510663084
13.10616,48904.77,13.10616,49509.703125,604.9331250000032,1.236961394563359
13.089005,48887.75,13.089005,49480.972656,593.2226559999981,1.2134382457773125
13.071895,48869.01,13.071895,49480.523438,611.5134379999945,1.251331749916756
13.05483,48843.72,13.05483,49468.269531,624.5495309999969,1.2786690510059369
13.03781,48830.92,13.03781,49404.617188,573.6971879999983,1.1748645898950876
13.020833,48613.51,13.020833,49356.941406,743.4314059999961,1.529269139381205
13.003901,48613.09,13.003901,49252.003906,638.9139060000016,1.314283675446267
12.987013,48602.4,12.987013,49216.289062,613.889062000002,1.263083843596205
12.970169,48602.4,12.970169,49140.1875,537.7874999999985,1.106503999802476
12.953368,48533.09,12.953368,49131.777344,598.6873440000054,1.2335652726830404
12.936611,48509.36,12.936611,49060.140625,550.7806249999994,1.1354110320152635
12.919897,48485.24,12.919897,49015.066406,529.8264060000001,1.0927581383530331
12.903226,48382.58,12.903226,48947.4375,564.8574999999983,1.1674811471401447
12.886598,48352.93,12.886598,48935.941406,583.0114059999978,1.2057416293076713
12.870013,48283.18,12.870013,48905.769531,622.5895309999978,1.2894542799376467
12.85347,48283.18,12.85347,48904.773438,621.5934379999962,1.2873912571624244
12.83697,48264.61,12.83697,48887.753906,623.1439059999975,1.291099018514803
12.820513,48196.07,12.820513,48869.007812,672.9378120000038,1.3962503830706607
12.804097,48174.49,12.804097,48843.71875,669.228750000002,1.3891766160887267
12.787724,48058.55,12.787724,48830.917969,772.367968999999,1.6071395599742375
12.771392,47934.18,12.771392,48613.507812,679.3278120000032,1.4172096236965004
12.755102,47929.58,12.755102,48613.089844,683.5098440000002,1.4260710066727065
12.738854,47929.58,12.738854,48602.398438,672.8184379999948,1.4037645186959593
12.722646,47676.0,12.722646,48533.09375,857.09375,1.7977467698632437
12.70648,47581.25,12.70648,48519.617188,938.3671879999965,1.9721364781295079
12.690355,47575.39,12.690355,48509.363281,933.9732809999987,1.9631437198938333
12.674271,47565.12,12.674271,48485.238281,920.1182809999955,1.9344391036961444
12.658228,47565.12,12.658228,48382.578125,817.4581249999974,1.7186083520865654
12.642225,47528.39,12.642225,48352.929688,824.5396879999971,1.7348361431977752
12.626263,47477.73,12.626263,48283.179688,805.4496879999933,1.6964789344393536
12.61034,47439.94,12.61034,48264.609375,824.6693749999977,1.7383440514469404
12.594458,47404.43,12.594458,48234.613281,830.1832809999978,1.7512778468172654
12.578616,47367.67,12.578616,48196.066406,828.3964059999998,1.7488645863307186
12.562814,47351.04,12.562814,48174.492188,823.4521879999957,1.7390371742626893
12.547051,47349.85,12.547051,48117.863281,768.0132809999996,1.6219972840463055
12.531328,47260.5,12.531328,48058.546875,798.046875,1.6886128479385536
12.515645,47246.77,12.515645,47934.179688,687.4096879999997,1.4549347775519887
12.5,47162.09,12.5,47929.582031,767.4920310000016,1.62734948981269
12.484395,47162.09,12.484395,47740.878906,578.7889060000016,1.2272333690046426
12.468828,47111.78,12.468828,47675.996094,564.2160940000031,1.1976114975914796
12.4533,46900.73,12.4533,47581.253906,680.5239059999949,1.450987875881665
12.437811,46899.52,12.437811,47575.386719,675.8667190000051,1.4410951732555155
12.42236,46896.14,12.42236,47565.117188,668.9771879999971,1.4265079983128612
12.406948,46883.86,12.406948,47528.394531,644.5345309999975,1.3747471539246074
12.391574,46866.87,12.391574,47477.734375,610.8643749999974,1.3034033956182638
12.376238,46830.54,12.376238,47439.9375,609.3974999999991,1.3012822401791633
12.360939,46829.0,12.360939,47404.433594,575.4335940000019,1.228797527173337
12.345679,46786.39,12.345679,47367.667969,581.2779690000025,1.2424082494930737
12.330456,46739.5,12.330456,47351.039062,611.5390620000035,1.308398810428018
12.315271,46695.32,12.315271,47349.851562,654.5315620000038,1.401706984768503
12.300123,46691.5,12.300123,47299.867188,608.3671879999965,1.3029506184209043
12.285012,46687.8,12.285012,47260.496094,572.696093999999,1.2266504183105629
12.269939,46682.88,12.269939,47246.765625,563.8856250000026,1.2079066779941654
12.254902,46559.53,12.254902,47162.09375,602.5637500000012,1.2941791938191842
12.239902,46519.45,12.239902,47111.78125,592.3312500000029,1.2732980506003466
12.224939,46440.94,12.224939,46900.726562,459.78656200000114,0.9900457699607311
12.210012,46423.45,12.210012,46899.519531,476.069531000001,1.0254936481454977
12.195122,46423.45,12.195122,46885.171875,461.7218750000029,0.994587595277824
12.180268,46407.12,12.180268,46883.855469,476.7354689999993,1.027289495663595
12.16545,46312.67,12.16545,46866.871094,554.2010940000036,1.1966511410376548
12.150668,46195.88,12.150668,46830.539062,634.6590620000061,1.373843429327477
12.135922,46195.88,12.135922,46786.390625,590.5106250000026,1.2782755193753266
12.121212,46117.31,12.121212,46739.496094,622.1860940000042,1.3491378703571484
12.106538,46018.65,12.106538,46695.324219,676.6742190000004,1.470434745478193
12.091898,46018.65,12.091898,46691.503906,672.8539059999966,1.4621330830000372
12.077295,46001.41,12.077295,46689.039062,687.629062,1.4947999680879347
12.062726,46001.41,12.062726,46687.804688,686.394687999993,1.4921166285989778
12.048193,45889.95,12.048193,46682.875,792.9250000000029,1.7278837741161255
12.033694,45871.96,12.033694,46559.53125,687.5712500000009,1.498892242668508
12.019231,45829.48,12.019231,46525.730469,696.2504689999987,1.5192196573035492
12.004802,45829.48,12.004802,46519.445312,689.9653120000003,1.5055054344932568
11.990408,45779.05,11.990408,46472.132812,693.0828120000006,1.51397377621423
11.976048,45538.19,11.976048,46440.941406,902.7514059999958,1.9824051109628988
11.961722,45530.88,11.961722,46423.449219,892.5692190000045,1.9603601314097256
11.947431,45351.8,11.947431,46407.125,1055.324999999997,2.326974894050505
11.933174,45303.33,11.933174,46351.460938,1048.1309379999948,2.3135847585596796
11.918951,45250.36,11.918951,46312.667969,1062.3079690000013,2.347623243218399
11.904762,45246.38,11.904762,46208.527344,962.1473440000045,2.1264625899353815
11.890606,45148.0,11.890606,46195.882812,1047.8828120000035,2.3209949765216695
11.876485,45128.0,11.876485,46117.308594,989.3085940000019,2.19222787183124
11.862396,45078.5,11.862396,46018.652344,940.1523440000019,2.0855892365540156
11.848341,45047.25,11.848341,46002.3125,955.0625,2.120134969393248
11.83432,45047.25,11.83432,46001.40625,954.15625,2.118123192869709
11.820331,44968.66,11.820331,45889.953125,921.2931249999965,2.048744892554051
11.806375,44968.66,11.806375,45871.960938,903.300937999993,2.0087343896838217
11.792453,44947.14,11.792453,45779.050781,831.9107809999987,1.8508647735984953
11.778563,44940.41,11.778563,45538.1875,597.7774999999965,1.330155866401745
11.764706,44922.17,11.764706,45530.875,608.7050000000017,1.3550213625031955
11.750881,44903.95,11.750881,45351.800781,447.850781000001,0.9973527518180494
11.737089,44885.16,11.737089,45303.328125,418.1681249999965,0.9316400453958423
11.723329,44763.1,11.723329,45250.355469,487.25546900000336,1.0885203862109716
11.709602,44712.67,11.709602,45246.375,533.7050000000017,1.1936325878101257
11.695906,44661.33,11.695906,45173.300781,511.97078099999635,1.1463402030346976
11.682243,44661.33,11.682243,45147.996094,486.66609400000016,1.089681149217903
11.668611,44658.86,11.668611,45127.996094,469.1360940000013,1.0504882883262163
11.655012,44521.78,11.655012,45078.5,556.7200000000012,1.2504441646313358
11.641444,44459.93,11.641444,45047.25,587.3199999999997,1.3210097271858048
11.627907,44406.18,11.627907,44968.65625,562.4762499999997,1.2666620952308885
11.614402,44312.14,11.614402,44947.140625,635.0006250000006,1.433017283751136
11.600928,44097.89,11.600928,44940.410156,842.5201559999987,1.9105679568795668
11.587486,44087.89,11.587486,44922.171875,834.2818750000006,1.892315270701321
11.574074,44059.7,11.574074,44885.15625,825.4562500000029,1.873494939820296
11.560694,44052.87,11.560694,44848.238281,795.3682809999955,1.8054857288526163
11.547344,44015.17,11.547344,44763.101562,747.9315620000052,1.699258601068689
11.534025,43987.19,11.534025,44712.671875,725.4818749999977,1.6493026151477228
11.520737,43987.19,11.520737,44661.328125,674.1381249999977,1.5325782915435098
11.50748,43824.13,11.50748,44658.859375,834.7293750000026,1.904725490272146
11.494253,43820.96,11.494253,44621.742188,800.7821879999974,1.8273953560122767
11.481056,43820.96,11.481056,44521.78125,700.8212500000009,1.5992831968993853
11.46789,43779.97,11.46789,44459.925781,679.9557809999969,1.553120710224326
11.454754,43651.72,11.454754,44439.023438,787.3034379999954,1.8036023276975004
11.441648,43643.96,11.441648,44406.179688,762.2196879999974,1.746449423929445
11.428571,43616.82,11.428571,44312.144531,695.3245309999984,1.5941660373222952
11.415525,43420.16,11.415525,44097.890625,677.7306249999965,1.5608662542929286
11.402509,43391.3,11.402509,44087.894531,696.5945309999952,1.6053783385148523
11.389522,43391.3,11.389522,44059.703125,668.4031249999971,1.540408157856522
11.376564,43342.16,11.376564,44052.871094,710.7110939999984,1.639768516382198
11.363636,43202.89,11.363636,44015.167969,812.2779690000025,1.8801472980164116
11.350738,43200.62,11.350738,43987.191406,786.5714059999955,1.8207410125132357
11.337868,43200.62,11.337868,43920.679688,720.0596879999939,1.6667809119406014
11.325028,43137.31,11.325028,43824.128906,686.8189060000004,1.5921690666386021
11.312217,43061.31,11.312217,43820.964844,759.6548440000042,1.764123859678222
11.299435,42989.47,11.299435,43779.972656,790.5026559999969,1.8388285689495516
11.286682,42985.07,11.286682,43651.722656,666.6526559999984,1.550893498603116
11.273957,42820.02,11.273957,43643.960938,823.9409379999997,1.9241955935564714
11.261261,42820.02,11.261261,43616.816406,796.7964060000013,1.8608034419414128
11.248594,42762.27,11.248594,43420.164062,657.8940620000067,1.538491904194999
11.235955,42744.48,11.235955,43391.296875,646.8168749999968,1.5132173206926292
11.223345,42726.67,11.223345,43342.164062,615.4940620000052,1.4405383382323156
11.210762,42726.67,11.210762,43202.886719,476.21671900000365,1.1145654903600108
11.198208,42638.93,11.198208,43200.617188,561.6871879999962,1.3173107017460246
11.185682,42618.06,11.185682,43137.3125,519.2525000000023,1.2183860551137298
11.173184,42541.89,11.173184,43070.078125,528.1881250000006,1.2415718366062265
11.160714,42510.46,11.160714,43062.363281,551.903280999999,1.2982764265547797
11.148272,42463.99,11.148272,43061.3125,597.322500000002,1.4066565577092545
11.135857,42405.29,11.135857,42989.472656,584.1826559999972,1.3776174057529078
11.123471,42391.86,11.123471,42985.066406,593.2064059999975,1.3993403592104652
11.111111,42158.0,11.111111,42820.015625,662.015625,1.5703202832202667
11.098779,42143.8,11.098779,42762.273438,618.4734379999936,1.4675312572667714
11.086475,42108.81,11.086475,42744.480469,635.6704690000042,1.509590199770557
11.074197,42084.45,11.074197,42730.859375,646.4093750000029,1.5359815204903544
11.061947,42064.25,11.061947,42726.671875,662.421875,1.574785893008909
11.049724,41999.84,11.049724,42667.21875,667.3787500000035,1.5890030771545882
11.037528,41980.62,11.037528,42618.0625,637.4424999999974,1.5184208808731203
11.025358,41864.35,11.025358,42541.894531,677.5445309999996,1.6184284026862943
11.013216,41519.88,11.013216,42531.421875,1011.5418750000026,2.4362832334775595
11.0011,41500.74,11.0011,42510.460938,1009.7209379999986,2.433019117249472
10.989011,41492.08,10.989011,42489.484375,997.4043749999983,2.403842793612656
10.976948,41468.32,10.976948,42463.988281,995.6682809999984,2.40103356248818
10.964912,41336.09,10.964912,42405.289062,1069.199062000007,2.586599414700343
10.952903,41304.51,10.952903,42339.121094,1034.6110939999999,2.504838077004181
10.940919,41303.12,10.940919,42158.0,854.8799999999974,2.0697710003505723
10.928962,41255.95,10.928962,42143.796875,887.8468750000029,2.1520456443252503
10.917031,41194.51,10.917031,42108.8125,914.302499999998,2.2194765758835286
10.905125,41164.52,10.905125,42093.585938,929.0659379999997,2.256958025989371
10.893246,41161.37,10.893246,42084.445312,923.0753120000008,2.242576746109279
10.881393,41148.73,10.881393,42064.25,915.5199999999968,2.2249046325366466
10.869565,41144.27,10.869565,41999.835938,855.5659379999997,2.079429135575865
10.857763,41023.63,10.857763,41980.621094,956.9910940000045,2.3327801415915768
10.845987,41005.05,10.845987,41864.351562,859.3015620000006,2.0955993517871594
10.834236,40766.8,10.834236,41519.878906,753.0789059999952,1.8472848150946237
10.822511,40760.39,10.822511,41500.742188,740.3521879999971,1.8163520712142283
10.810811,40713.95,10.810811,41492.082031,778.132031000001,1.9112172388088138
10.799136,40677.22,10.799136,41468.316406,791.0964059999969,1.9448143358862697
10.787487,40573.78,10.787487,41336.085938,762.3059379999977,1.8788141947829307
10.775862,40519.6,10.775862,41303.121094,783.5210940000034,1.933684177533844
10.764263,40519.6,10.764263,41255.953125,736.3531250000015,1.8172763921657702
10.752688,40457.96,10.752688,41194.511719,736.5517190000028,1.8205359810529318
10.741139,40451.64,10.741139,41164.523438,712.8834379999971,1.762310348851115
10.729614,40432.98,10.729614,41161.367188,728.3871879999933,1.8014679798520745
10.718114,40432.98,10.718114,41148.730469,715.7504689999987,1.770214485798471
10.706638,40371.34,10.706638,41144.269531,772.9295310000016,1.914550101631508
10.695187,40371.34,10.695187,41005.046875,633.7068750000035,1.569694924666864
10.683761,40313.95,10.683761,40766.796875,452.8468750000029,1.1233006812778281
10.672359,40313.95,10.672359,40760.386719,446.4367190000048,1.1074000910354973
10.660981,40296.35,10.660981,40713.945312,417.5953120000049,1.036310514475889
10.649627,40249.02,10.649627,40677.21875,428.1987500000032,1.063873729099499
10.638298,40189.13,10.638298,40573.78125,384.6512500000026,0.9571027041391607
10.626993,40157.79,10.626993,40519.601562,361.8115620000026,0.9009747847179901
10.615711,40045.75,10.615711,40457.960938,412.21093799999653,1.0293500259078592
10.604454,40045.75,10.604454,40451.644531,405.8945309999981,1.013577048750487
10.59322,40027.58,10.59322,40432.980469,405.40046900000016,1.0128028449384154
10.582011,39965.09,10.582011,40418.78125,453.6912500000035,1.1352188872838858
10.570825,39923.73,10.570825,40336.773438,413.04343799999333,1.0345812828610785
10.559662,39923.73,10.559662,40313.945312,390.21531200000027,0.9774019411512909
10.548523,39882.39,10.548523,40293.390625,411.0006250000006,1.0305315829868786
10.537408,39809.48,10.537408,40189.132812,379.65281200000027,0.9536743810770706
10.526316,39673.11,10.526316,40157.792969,484.6829690000013,1.221691389961617
10.515247,39661.25,10.515247,40027.582031,366.3320309999981,0.9236522575561741
10.504202,39659.77,10.504202,39965.089844,305.3198440000051,0.7698477424352314
10.493179,39411.96,10.493179,39923.730469,511.7704690000028,1.2985156510866316
10.48218,39248.83,10.48218,39882.390625,633.5606249999983,1.6142153154629024
10.471204,39204.36,10.471204,39845.960938,641.600937999996,1.6365550617329194
10.460251,39180.67,10.460251,39809.484375,628.8143750000017,1.604909704198529
10.449321,39180.67,10.449321,39673.109375,492.43937500000175,1.2568426599136813
10.438413,39139.75,10.438413,39661.246094,521.4960940000019,1.3323950561769093
10.427529,39066.13,10.427529,39659.769531,593.6395310000007,1.5195759882025701
10.416667,38866.8,10.416667,39415.222656,548.4226559999952,1.4110311525517798
10.405827,38740.39,10.405827,39342.804688,602.4146879999971,1.5550041907167098
10.39501,38727.67,10.39501,39248.828125,521.1581250000017,1.3456996638320915
10.384216,38727.67,10.384216,39204.363281,476.69328099999984,1.230885516737774
10.373444,38681.14,10.373444,39180.671875,499.5318750000006,1.2914093922774783
10.362694,38610.27,10.362694,39139.746094,529.4760940000051,1.371334865050167
10.351967,38436.12,10.351967,39114.265625,678.1456249999974,1.7643446450890394
10.341262,38396.95,10.341262,39066.132812,669.1828120000064,1.7428019985962595
10.330579,38295.88,10.330579,38871.0,575.1200000000026,1.5017803481732308
10.319917,38269.67,10.319917,38866.804688,597.1346879999983,1.5603340399851848
10.309278,38200.72,10.309278,38740.386719,539.6667190000007,1.4127134750339803
10.298661,38127.76,10.298661,38727.667969,599.9079689999999,1.5734151940738188
10.288066,38038.08,10.288066,38681.144531,643.0645309999964,1.6905809415196464
10.277492,38038.08,10.277492,38644.910156,606.8301559999964,1.5953227818018056
10.26694,37911.37,10.26694,38610.273438,698.9034379999939,1.8435193399763552
10.25641,37911.02,10.25641,38436.117188,525.0971879999997,1.3850779746891533
10.245902,37911.02,10.245902,38396.953125,485.9331250000032,1.28177275367427
10.235415,37877.4,10.235415,38363.914062,486.514062000002,1.2844441857149698
10.224949,37877.4,10.224949,38295.878906,418.47890599999664,1.1048247926203927
10.214505,37876.48,10.214505,38278.410156,401.9301559999949,1.0611602662126862
10.204082,37854.38,10.204082,38269.671875,415.2918750000026,1.0970774716162373
10.19368,37786.99,10.19368,38200.722656,413.73265600000013,1.0949076811886846
10.183299,37748.05,10.183299,38127.761719,379.711718999999,1.0059108192343684
10.17294,37748.05,10.17294,38038.078125,290.0281249999971,0.768326112209762
10.162602,37736.01,10.162602,37972.613281,236.60328099999606,0.626996020511962
10.152284,37723.02,10.152284,37911.371094,188.3510940000051,0.4993001461707072
10.141988,37673.16,10.141988,37911.019531,237.8595309999946,0.6313766379034692
10.131712,37673.16,10.131712,37879.757812,206.59781199999998,0.5483952288578923
10.121457,37575.02,10.121457,37877.402344,302.3823440000051,0.8047430021328137
10.111223,37573.23,10.111223,37876.476562,303.24656200000027,0.8070814300500655
10.10101,37573.23,10.10101,37865.4375,292.2074999999968,0.7777013048917987
10.090817,37570.17,10.090817,37854.382812,284.2128120000052,0.756485296712805
10.080645,37531.55,10.080645,37748.046875,216.4968749999971,0.576839685544554
10.070493,37531.55,10.070493,37736.007812,204.45781200000056,0.5447625051456721
10.060362,37485.53,10.060362,37723.015625,237.48562500000116,0.6335394617603143
10.050251,37485.53,10.050251,37673.164062,187.63406200000463,0.5005506444753606
10.040161,37469.39,10.040161,37575.015625,105.62562500000058,0.2818984376313588
10.03009,37286.11,10.03009,37573.230469,287.1204690000013,0.770046725174606
10.02004,37271.53,10.02004,37570.167969,298.63796900000307,0.8012495569674846
10.01001,37253.91,10.01001,37531.546875,277.6368749999965,0.7452556657811126
10.0,37242.64,10.0,37528.511719,285.8717190000025,0.7675925202939493
9.99001,37163.09,9.99001,37485.527344,322.4373440000054,0.8676279179153441
9.98004,37007.02,9.98004,37469.390625,462.3706250000032,1.249413286992585
9.97009,36912.97,9.97009,37286.113281,373.14328099999693,1.010873091490598
9.960159,36872.12,9.960159,37271.527344,399.4073439999993,1.0832231615648877
9.950249,36872.12,9.950249,37253.914062,381.79406200000085,1.0354545982167578
9.940358,36754.93,9.940358,37242.644531,487.7145309999978,1.326936362006397
9.930487,36754.93,9.930487,37163.085938,408.15593799999624,1.1104794322829517
9.920635,36611.71,9.920635,37091.136719,479.4267190000028,1.3094901030298853
9.910803,36596.98,9.910803,37007.015625,410.0356249999968,1.1204083642967173
9.90099,36571.16,9.90099,36886.730469,315.5704689999984,0.8628943380521656
9.891197,36556.43,9.891197,36872.121094,315.6910940000016,0.8635720008764576
9.881423,36538.09,9.881423,36853.847656,315.7576560000016,0.8641876354237499
9.871668,36454.61,9.871668,36754.925781,300.3157809999975,0.8238074169494545
9.861933,36407.11,9.861933,36736.667969,329.5579690000013,0.9052022228625158
9.852217,36369.64,9.852217,36611.707031,242.06703099999868,0.6655744489084816
9.84252,36369.64,9.84252,36596.976562,227.33656200000405,0.6250723460556774
9.832842,36337.17,9.832842,36571.160156,233.99015599999984,0.6439416057992404
9.823183,36234.58,9.823183,36556.425781,321.84578099999635,0.888228264271302
9.813543,36116.51,9.813543,36538.085938,421.5759379999945,1.1672665437496437
9.803922,36004.41,9.803922,36454.613281,450.2032809999946,1.25041149403641
9.794319,35998.37,9.794319,36407.113281,408.7432809999955,1.1354494134039832
9.784736,35998.37,9.784736,36391.890625,393.5206249999974,1.0931623431838646
9.775171,35944.14,9.775171,36369.640625,425.5006250000006,1.1837830172039185
9.765625,35934.75,9.765625,36367.789062,433.03906200000347,1.2050704735666824
9.756098,35831.27,9.756098,36337.171875,505.9018750000032,1.4119004852465549
9.746589,35568.38,9.746589,36234.578125,666.1981250000026,1.8730066564741004
9.737098,35568.38,9.737098,36208.574219,640.1942190000045,1.799897040573691
9.727626,35536.09,9.727626,36116.511719,580.4217190000054,1.6333302819753255
9.718173,35536.09,9.718173,36004.410156,468.3201560000016,1.3178719324495227
9.708738,35472.99,9.708738,35998.367188,525.3771879999986,1.4810626000232814
9.699321,35428.72,9.699321,35944.136719,515.4167190000007,1.4547991544712897
9.689922,35428.72,9.689922,35934.746094,506.02609400000074,1.4282934692531954
9.680542,35230.71,9.680542,35831.273438,600.5634379999974,1.7046589126361558
9.67118,35184.42,9.67118,35619.597656,435.17765599999984,1.2368476047068557
9.661836,35184.42,9.661836,35568.375,383.95500000000175,1.0912642584416674
9.65251,35183.38,9.65251,35536.085938,352.70593799999915,1.0024788351772889
9.643202,35181.87,9.643202,35472.988281,291.1182809999955,0.8274667634210331
9.633911,35140.5,9.633911,35467.605469,327.1054690000019,0.9308503550034914
9.624639,35115.5,9.624639,35428.722656,313.2226559999981,0.8919783457447511
9.615385,34998.0,9.615385,35230.707031,232.7070309999981,0.6649152265843709
9.606148,34986.42,9.606148,35184.417969,197.99796900000365,0.5659280629455762
9.596929,34963.25,9.596929,35183.378906,220.1289059999981,0.6296008122814615
9.587728,34928.46,9.587728,35181.867188,253.4071879999974,0.7255034662278194
9.578544,34860.73,9.578544,35176.992188,316.26218799999333,0.9072161942678576
9.569378,34841.36,9.569378,35140.496094,299.1360940000013,0.8585660663074041
9.560229,34831.67,9.560229,35115.503906,283.83390599999984,0.814873091069133
9.551098,34687.52,9.551098,35077.019531,389.4995310000013,1.122880883383999
9.541985,34657.75,9.541985,35005.710938,347.96093799999653,1.0039917132531586
9.532888,34631.45,9.532888,34986.417969,354.9679690000048,1.024987313554601
9.52381,34619.75,9.52381,34963.246094,343.4960940000019,0.9921969222770295
9.514748,34615.85,9.514748,34928.464844,312.61484400000336,0.9030974076904175
9.505703,34570.71,9.505703,34860.726562,290.01656200000434,0.838908318631594
9.496676,34479.08,9.496676,34853.140625,374.06062499999825,1.0848915487304136
9.487666,34332.86,9.487666,34831.667969,498.8079690000013,1.4528587743636892
9.478673,34269.02,9.478673,34687.519531,418.4995310000013,1.2212182636095263
9.469697,34166.5,9.469697,34657.746094,491.2460940000019,1.4378004595144422
9.460738,33978.12,9.460738,34656.03125,677.9112499999974,1.9951405492711114
9.451796,33978.12,9.451796,34631.445312,653.3253120000008,1.9227824023224382
9.442871,33920.88,9.442871,34619.746094,698.8660940000045,2.0602829112924095
9.433962,33920.88,9.433962,34615.847656,694.9676560000007,2.04879017289646
9.425071,33899.02,9.425071,34570.714844,671.6948440000051,1.9814580008507772
9.416196,33815.32,9.416196,34479.078125,663.7581250000003,1.96289174551653
9.407338,33763.55,9.407338,34332.855469,569.305468999999,1.68615405962939
9.398496,33763.55,9.398496,34269.019531,505.4695309999952,1.497086446774688
9.389671,33757.96,9.389671,34176.371094,418.4110940000028,1.2394442495932894
9.380863,33573.48,9.380863,34166.503906,593.0239059999949,1.766346253054479
9.372071,33515.27,9.372071,33978.125,462.8550000000032,1.3810272153558758
9.363296,33515.27,9.363296,33948.03125,432.7612500000032,1.2912360544909924
9.354537,33386.48,9.354537,33920.882812,534.4028120000003,1.6006563495163317
9.345794,33210.42,9.345794,33900.566406,690.1464059999998,2.078102011356676
9.337068,33151.73,9.337068,33899.015625,747.2856249999968,2.2541376422889443
9.328358,33120.42,9.328358,33879.734375,759.3143750000017,2.292586793887281
9.319664,33120.42,9.319664,33815.316406,694.8964059999998,2.0980905616535055
9.310987,33092.08,9.310987,33763.550781,671.4707809999964,2.029098143725013
9.302326,33059.27,9.302326,33757.960938,698.6909379999997,2.113449383486084
9.29368,33001.58,9.29368,33573.480469,571.9004690000002,1.7329487527566867
9.285051,32965.84,9.285051,33563.449219,597.6092190000054,1.812813563980185
9.276438,32940.83,9.276438,33515.269531,574.4395309999964,1.7438526321285661
9.267841,32787.21,9.267841,33386.480469,599.2704690000028,1.827756826518642
9.259259,32740.1,9.259259,33210.417969,470.31796900000336,1.436519647160526
9.250694,32722.55,9.250694,33151.734375,429.1843750000007,1.3115859705310273
9.242144,32722.55,9.242144,33120.421875,397.8718750000007,1.2158950784703537
9.23361,32637.18,9.23361,33092.082031,454.9020309999978,1.3938153694651247
9.225092,32618.98,9.225092,33059.273438,440.29343799999697,1.349807498579039
9.21659,32618.98,9.21659,33001.578125,382.59812500000044,1.1729309898715423
9.208103,32556.05,9.208103,32965.835938,409.78593799999726,1.2587090202896152
9.199632,32522.23,9.199632,32940.828125,418.59812500000044,1.287113844899321
9.191176,32461.78,9.191176,32849.152344,387.37234400000307,1.1933182468737176
9.182736,32284.36,9.182736,32787.214844,502.8548440000013,1.557580339210693
9.174312,32269.99,9.174312,32740.099609,470.1096089999992,1.456801223055846
9.165903,32258.2,9.165903,32722.546875,464.3468749999993,1.4394692667290776
9.157509,32212.28,9.157509,32677.171875,464.89187500000116,1.4432131938502992
9.149131,32037.17,9.149131,32637.183594,600.013594,1.872867029141463
9.140768,32037.17,9.140768,32618.984375,581.8143750000017,1.8160604541537277
9.13242,32026.58,9.13242,32618.984375,592.4043749999983,1.849727242184455
9.124088,31977.01,9.124088,32556.050781,579.0407810000033,1.8108033896852875
9.11577,31977.01,9.11577,32546.958984,569.9489840000024,1.7823710972351776
9.107468,31874.84,9.107468,32522.234375,647.3943749999999,2.0310513715519822
9.099181,31874.84,9.099181,32461.779297,586.9392970000008,1.8413874297094537
9.090909,31856.69,9.090909,32284.357422,427.66742200000226,1.3424728746144132
9.082652,31854.61,9.082652,32269.990234,415.3802340000002,1.303987818403679
9.07441,31852.07,9.07441,32258.199219,406.12921899999856,1.2750481177518402
9.066183,31847.01,9.066183,32037.169922,190.15992200000255,0.5971044754279995
9.057971,31825.49,9.057971,32026.576172,201.08617199999935,0.6318399873811821
9.049774,31812.82,9.049774,31997.146484,184.32648400000107,0.579409445626012
9.041591,31791.27,9.041591,31977.013672,185.74367200000052,0.5842599933881236
9.033424,31768.1,9.033424,31901.904297,133.8042970000024,0.42119074480375723
9.025271,31766.88,9.025271,31874.835938,107.95593799999915,0.3398380262713844
9.017133,31754.45,9.017133,31856.691406,102.241406000001,0.32197504916634045
9.009009,31754.45,9.009009,31854.609375,100.15937499999927,0.31541839017838214
9.0009,31634.76,9.0009,31852.072266,217.31226600000082,0.6869414087541704
8.992806,31575.93,8.992806,31847.011719,271.081718999998,0.8585074738891236
8.984726,31575.93,8.984726,31840.681641,264.7516409999989,0.8384603113827491
8.976661,31565.73,8.976661,31825.488281,259.75828100000217,0.8229123197847861
8.96861,31531.15,8.96861,31812.818359,281.6683589999993,0.8933018903528711
8.960573,31499.07,8.960573,31791.265625,292.1956250000003,0.9276325459767553
8.952551,31411.67,8.952551,31768.103516,356.43351600000096,1.1347168615995296
8.944544,31411.67,8.944544,31766.882812,355.2128120000016,1.13083071355328
8.93655,31385.9,8.93655,31754.453125,368.55312499999854,1.1742633634848723
8.928571,31367.84,8.928571,31684.439453,316.5994529999989,1.009312254206853
8.920607,31248.48,8.920607,31634.757812,386.27781200000027,1.236149124693426
8.912656,31248.48,8.912656,31575.931641,327.45164099999965,1.047896220872182
8.90472,31247.58,8.90472,31565.734375,318.15437499999825,1.0181728473052896
8.896797,31216.81,8.896797,31531.152344,314.34234399999696,1.0069649781639987
8.888889,31180.07,8.888889,31499.066406,318.996406000002,1.0230779020059995
8.880995,31165.79,8.880995,31495.238281,329.44828100000086,1.0570830420149815
8.873114,31164.49,8.873114,31411.666016,247.17601599999762,0.7931335183088112
8.865248,31108.84,8.865248,31388.474609,279.63460900000064,0.8988911479823761
8.857396,31100.69,8.857396,31385.896484,285.2064840000021,0.9170423035630466
8.849558,31092.2,8.849558,31367.841797,275.6417970000002,0.8865303741774472
8.841733,31091.56,8.841733,31248.482422,156.92242199999964,0.5047106738934927
8.833922,31091.56,8.833922,31247.580078,156.02007799999774,0.5018084586299232
8.826125,31073.3,8.826125,31216.808594,143.508593999999,0.46183892280510597
8.818342,30985.35,8.818342,31198.277344,212.92734399999972,0.6871871513473294
8.810573,30985.35,8.810573,31180.074219,194.72421899999972,0.6284396303414347
8.802817,30926.04,8.802817,31165.791016,239.75101599999834,0.7752399466598321
8.795075,30903.09,8.795075,31164.490234,261.40023400000064,0.8458708627519145
8.787346,30879.43,8.787346,31108.841797,229.41179700000066,0.7429275637536077
8.779631,30751.59,8.779631,31092.195312,340.6053119999997,1.1076022800772243
8.77193,30751.59,8.77193,31091.564453,339.9744529999989,1.1055508121693833
8.764242,30751.59,8.764242,31073.300781,321.7107810000016,1.0461598278332978
8.756567,30702.7,8.756567,30985.353516,282.6535159999985,0.920614525758316
8.748906,30664.24,8.748906,30926.037109,261.7971089999992,0.8537537829080362
8.741259,30664.24,8.741259,30903.089844,238.84984399999666,0.7789198232207831
8.733624,30649.69,8.733624,30879.433594,229.74359399999958,0.74957885055281
8.726003,30642.67,8.726003,30867.597656,224.92765600000348,0.7340341295324575
8.718396,30611.16,8.718396,30824.154297,212.9942970000011,0.6958060295656914
8.710801,30611.16,8.710801,30751.587891,140.42789099999936,0.45874736860674137
8.70322,30591.94,8.70322,30702.701172,110.76117200000226,0.36205998050467625
8.695652,30579.27,8.695652,30664.242188,84.97218799999973,0.2778751356719756
8.688097,30534.01,8.688097,30649.6875,115.6775000000016,0.37884804517979004
8.680556,30502.02,8.680556,30645.193359,143.17335900000035,0.4693897617272572
8.673027,30502.02,8.673027,30642.667969,140.64796899999783,0.46111034285597424
8.665511,30367.01,8.665511,30611.164062,244.15406200000143,0.804010872324939
8.658009,30283.75,8.658009,30591.941406,308.19140600000173,1.0176791381516548
8.650519,30274.33,8.650519,30579.267578,304.9375779999973,1.0072479820362574
8.643042,30274.33,8.643042,30543.558594,269.2285939999965,0.8892966219235785
8.635579,30274.33,8.635579,30534.013672,259.6836719999992,0.857768518741783
8.628128,30268.95,8.628128,30502.023438,233.07343799999944,0.7700083352742643
8.62069,30266.26,8.62069,30367.009766,100.74976600000082,0.33287814880332367
8.613264,30264.92,8.613264,30349.548828,84.6288280000008,0.2796268022515863
8.605852,30225.87,8.605852,30283.746094,57.876093999999284,0.19147867042371083
8.598452,30207.0,8.598452,30274.332031,67.33203100000173,0.2229020789883197
8.591065,30181.37,8.591065,30274.332031,92.96203100000275,0.3080113029991771
8.583691,30135.1,8.583691,30268.951172,133.8511720000024,0.44417032629724945
8.576329,30135.1,8.576329,30266.259766,131.15976600000067,0.4352391928349356
8.56898,30117.86,8.56898,30264.916016,147.05601599999864,0.48826847591428685
8.561644,30051.49,8.561644,30225.867188,174.37718799999857,0.5802613713995498
8.55432,30039.29,8.55432,30206.996094,167.7060939999974,0.5582891406554462
8.547009,29975.45,8.547009,30181.365234,205.91523400000005,0.6869462643596679
8.53971,29905.69,8.53971,30135.101562,229.41156200000114,0.7671167660736172
8.532423,29889.94,8.532423,30117.859375,227.9193750000013,0.7625287136742374
8.525149,29784.42,8.525149,30065.050781,280.6307810000035,0.9422066335352628
8.517888,29784.42,8.517888,30051.492188,267.0721880000019,0.8966841993230082
8.510638,29767.38,8.510638,30039.285156,271.9051560000007,0.9134332816660408
8.503401,29677.42,8.503401,30035.695312,358.2753120000016,1.2072320033210486
8.496177,29585.18,8.496177,29975.449219,390.269218999998,1.3191375513010162
8.488964,29584.84,8.488964,29905.693359,320.85335900000064,1.0845195005279753
8.481764,29576.97,8.481764,29889.9375,312.96749999999884,1.0581459155552406
8.474576,29567.25,8.474576,29885.556641,318.3066409999992,1.0765513904742552
8.467401,29567.25,8.467401,29833.667969,266.41796899999827,0.9010576533157405
8.460237,29541.02,8.460237,29784.419922,243.39992200000052,0.8239387874893978
8.453085,29527.21,8.453085,29784.419922,257.2099220000018,0.8710945666725769
8.445946,29520.3,8.445946,29767.380859,247.0808590000015,0.8369862738522357
8.438819,29498.18,8.438819,29744.685547,246.50554700000066,0.8356635799225601
8.431703,29489.88,8.431703,29677.417969,187.53796899999725,0.6359400885998764
8.4246,29397.02,8.4246,29608.613281,211.5932810000013,0.7197779945042093
8.417508,29397.02,8.417508,29585.181641,188.16164099999878,0.6400704595227638
8.410429,29378.97,8.410429,29584.839844,205.8698439999971,0.7007388073850006
8.403361,29312.22,8.403361,29578.646484,266.4264839999996,0.9089263249252346
8.396306,29224.74,8.396306,29576.974609,352.2346089999992,1.205261737144622
8.389262,29224.74,8.389262,29567.25,342.5099999999984,1.1719864744733344
8.38223,29211.81,8.38223,29550.6875,338.8774999999987,1.1600701907892688
8.375209,29188.05,8.375209,29541.021484,352.9714840000015,1.209301354492683
8.368201,29025.54,8.368201,29527.207031,501.66703100000086,1.7283641613558296
8.361204,28859.9,8.361204,29520.296875,660.3968749999985,2.288285389069257
8.354219,28843.64,8.354219,29498.175781,654.5357810000023,2.269255132153925
8.347245,28779.72,8.347245,29489.875,710.1549999999988,2.4675535411741283
8.340284,28774.05,8.340284,29453.878906,679.8289060000025,2.362645877101077
8.333333,28768.91,8.333333,29397.023438,628.1134380000003,2.1833063470253142
8.326395,28751.35,8.326395,29378.972656,627.6226560000032,2.182932822284878
8.319468,28748.51,8.319468,29312.224609,563.7146090000024,1.9608480891705429
8.312552,28693.11,8.312552,29295.513672,602.4036720000004,2.099471517726731
8.305648,28693.11,8.305648,29224.744141,531.6341409999986,1.8528285745253776
8.298755,28678.28,8.298755,29188.050781,509.7707810000029,1.777550051816228
8.291874,28631.9,8.291874,29110.445312,478.5453119999984,1.6713711349927818
8.285004,28631.9,8.285004,29025.535156,393.6351560000003,1.3748132537484423
8.278146,28604.17,8.278146,28940.880859,336.71085900000253,1.17713906398963
8.271299,28587.69,8.271299,28859.896484,272.2064840000021,0.952180760320271
8.264463,28502.51,8.264463,28817.980469,315.47046899999987,1.1068164487969652
8.257638,28469.02,8.257638,28779.722656,310.7026560000013,1.0913710974245032
8.250825,28411.1,8.250825,28774.050781,362.9507810000032,1.2774964045742798
8.244023,28400.17,8.244023,28751.351562,351.1815620000016,1.2365473939064504
8.237232,28398.73,8.237232,28748.513672,349.7836720000014,1.2316877268807491
8.230453,28398.73,8.230453,28693.107422,294.3774220000014,1.0365865727094183
8.223684,28375.75,8.223684,28678.279297,302.52929700000095,1.0661543642018305
8.216927,28375.75,8.216927,28663.230469,287.48046899999827,1.0131202488039903
8.210181,28283.83,8.210181,28631.898438,348.0684379999984,1.2306269624728985
8.203445,28283.83,8.203445,28604.166016,320.33601599999747,1.1325765145667945
8.196721,28214.42,8.196721,28587.693359,373.27335900000253,1.3229878870450023
8.190008,28214.42,8.190008,28502.511719,288.091719,1.0210797138484506
8.183306,28142.31,8.183306,28469.015625,326.7056249999987,1.1609055013607579
8.176615,28142.31,8.176615,28441.40625,299.0962499999987,1.062799215842618
8.169935,28076.8,8.169935,28411.103516,334.30351599999995,1.190675276384773
8.163265,28076.8,8.163265,28400.167969,323.367968999999,1.1517265820891234
8.156607,28076.31,8.156607,28398.732422,322.42242199999964,1.1483789073421673
8.149959,28063.74,8.149959,28375.746094,312.00609399999666,1.1117765985574148
8.143322,28063.74,8.143322,28283.826172,220.08617199999935,0.7842367838356518
8.136697,28021.61,8.136697,28214.416016,192.80601599999864,0.688061877957757
8.130081,28007.86,8.130081,28142.310547,134.45054700000037,0.4800457692947636
8.123477,27991.06,8.123477,28076.804688,85.74468799999886,0.3063288349923113
8.116883,27944.63,8.116883,28076.308594,131.67859399999725,0.4712125156067453
8.1103,27928.05,8.1103,28063.742188,135.6921880000009,0.4858634526936213
8.103728,27922.59,8.103728,28021.609375,99.01937499999985,0.35462102548509955
8.097166,27919.67,8.097166,28007.863281,88.19328100000348,0.31588224717557006
8.090615,27801.3,8.090615,27991.064453,189.76445299999978,0.6825740271138392
8.084074,27784.54,8.084074,27944.626953,160.08695299999818,0.5761727673015216
8.077544,27710.35,8.077544,27928.048828,217.6988280000005,0.785622801588578
8.071025,27664.84,8.071025,27924.048828,259.2088279999989,0.9369612403324903
8.064516,27622.16,8.064516,27922.591797,300.4317970000011,1.0876477328348004
8.058018,27616.27,8.058018,27919.673828,303.4038279999986,1.098641590627549
8.05153,27532.21,8.05153,27919.654297,387.4442970000018,1.4072400907882143
8.045052,27520.85,8.045052,27801.302734,280.45273400000224,1.0190554942888836
8.038585,27422.75,8.038585,27784.542969,361.79296899999827,1.3193168774101731
8.032129,27409.41,8.032129,27710.353516,300.94351599999936,1.097956927930953
8.025682,27353.03,8.025682,27664.837891,311.8078910000004,1.1399391255740239
8.019246,27289.11,8.019246,27622.164062,333.05406199999925,1.220465093951394
8.012821,27262.09,8.012821,27616.273438,354.183438,1.2991793292443832
8.006405,27223.57,8.006405,27596.953125,373.3831250000003,1.371543574189573
8.0,27189.26,8.0,27532.212891,342.9528910000008,1.2613542663537032
7.993605,27189.26,7.993605,27520.853516,331.5935160000008,1.2195753617421028
7.98722,27168.51,7.98722,27502.398438,333.88843800000177,1.2289538071833965
7.980846,27092.1,7.980846,27422.748047,330.6480470000024,1.2204592741057447
7.974482,26981.12,7.974482,27409.410156,428.29015600000275,1.5873698200816082
7.968127,26981.12,7.968127,27361.9375,380.817500000001,1.4114221351819385
7.961783,26920.98,7.961783,27353.029297,432.0492970000014,1.6048795289027422
7.955449,26887.86,7.955449,27289.109375,401.2493749999994,1.4923068440552703
7.949126,26879.12,7.949126,27262.085938,382.9659380000012,1.4247711160186836
7.942812,26879.12,7.942812,27223.572266,344.45226600000024,1.2814863953879452
7.936508,26842.63,7.936508,27189.259766,346.6297659999982,1.2913405504602127
7.930214,26820.0,7.930214,27183.289062,363.28906199999983,1.3545453467561515
7.92393,26775.61,7.92393,27168.511719,392.9017189999977,1.467386621630647
7.917656,26775.61,7.917656,27102.574219,326.9642189999977,1.2211270592901438
7.911392,26642.91,7.911392,27031.919922,389.0099220000011,1.4600879633643664
7.905138,26610.77,7.905138,26981.125,370.35499999999956,1.3917485288851077
7.898894,26610.77,7.898894,26920.984375,310.21437499999956,1.1657474586417438
7.89266,26591.11,7.89266,26887.859375,296.7493749999994,1.115972123766174
7.886435,26437.4,7.886435,26879.117188,441.7171879999987,1.6708041940584124
7.880221,26351.78,7.880221,26842.634766,490.8547660000004,1.8627006069419236
7.874016,26269.02,7.874016,26820.0,550.9799999999996,2.0974516750149017
7.867821,26269.02,7.867821,26815.470703,546.4507029999986,2.0802097032930753
7.861635,26224.58,7.861635,26775.605469,551.0254689999965,2.1011793859043557
7.85546,26161.43,7.85546,26759.5625,598.1324999999997,2.2863142419967093
7.849294,26053.63,7.849294,26642.910156,589.2801560000007,2.2617967477084795
7.843137,25988.95,7.843137,26610.769531,621.819531000001,2.3926304487099364
7.836991,25866.13,7.836991,26591.105469,724.9754689999972,2.802798366048563
7.830854,25866.13,7.830854,26519.226562,653.0965619999988,2.5249102281632343
7.824726,25842.83,7.824726,26437.400391,594.5703909999975,2.3007170306038365
7.818608,25799.3,7.818608,26351.78125,552.4812500000007,2.1414582953801102
7.8125,25741.69,7.8125,26269.015625,527.3256250000013,2.0485276025000743
7.806401,25741.69,7.806401,26250.957031,509.26703100000304,1.9783745006641096
7.800312,25741.69,7.800312,26224.578125,482.8881250000013,1.875899076556362
7.794232,25732.34,7.794232,26161.425781,429.0857810000016,1.667496158530478
7.788162,25616.81,7.788162,26053.628906,436.8189060000004,1.705204145246814
7.782101,25580.82,7.782101,25988.949219,408.12921899999856,1.5954501028504893
7.77605,25522.86,7.77605,25979.289062,456.42906199999925,1.788314718648299
7.770008,25522.86,7.770008,25866.128906,343.26890600000115,1.3449468672398044
7.763975,25522.86,7.763975,25842.830078,319.97007799999847,1.2536607496181793
7.757952,25513.45,7.757952,25799.298828,285.8488279999983,1.120384847991935
7.751938,25502.47,7.751938,25777.513672,275.0436719999998,1.0784981690008841
7.745933,25496.63,7.745933,25741.691406,245.06140600000072,0.9611521444206576
7.739938,25459.94,7.739938,25741.691406,281.75140600000304,1.1066459936669257
7.733952,25449.08,7.733952,25732.341797,283.2617969999992,1.1130531909208474
7.727975,25420.63,7.727975,25707.394531,286.7645310000007,1.1280779862654888
7.722008,25406.77,7.722008,25616.810547,210.04054700000052,0.8267109396432546
7.716049,25387.99,7.716049,25610.554688,222.56468799999857,0.8766534412531222
7.7101,25387.99,7.7101,25522.857422,134.86742199999935,0.5312252840811712
7.70416,25380.28,7.70416,25522.857422,142.57742200000212,0.5617645747013119
7.698229,25372.63,7.698229,25513.447266,140.8172659999982,0.5549967267878742
7.692308,25340.5,7.692308,25502.466797,161.96679700000095,0.6391618042264396
7.686395,25340.5,7.686395,25496.634766,156.13476599999922,0.6161471399538258
7.680492,25301.33,7.680492,25459.9375,158.60749999999825,0.6268741603702187
7.674597,25297.92,7.674597,25449.083984,151.16398400000253,0.5975352281926836
7.668712,25212.95,7.668712,25406.771484,193.82148400000005,0.7687378271880126
7.662835,25174.63,7.662835,25405.236328,230.60632799999803,0.916026682417966
7.656968,25114.42,7.656968,25387.990234,273.57023400000253,1.0892954485908994
7.651109,25073.15,7.651109,25380.277344,307.1273439999968,1.2249252447338959
7.64526,25055.32,7.64526,25372.634766,317.3147659999995,1.2664566487276934
7.639419,25042.97,7.639419,25340.503906,297.53390600000057,1.1880935288426275
7.633588,25030.86,7.633588,25301.333984,270.4739840000002,1.0805620901559123
7.627765,24906.05,7.627765,25297.923828,391.8738279999998,1.5734081799402146
7.621951,24801.45,7.621951,25212.953125,411.5031249999993,1.6591897852746482
7.616146,24801.45,7.616146,25182.548828,381.0988279999983,1.5365989811079526
7.61035,24789.42,7.61035,25174.632812,385.2128120000016,1.5539403987668998
7.604563,24779.81,7.604563,25114.416016,334.6060159999979,1.3503171170400334
7.598784,24742.98,7.598784,25055.322266,312.34226599999965,1.2623470010483768
7.593014,24717.33,7.593014,25042.974609,325.64460899999904,1.3174748607555873
7.587253,24670.81,7.587253,25030.855469,360.04546899999696,1.459398653712614
7.581501,24640.29,7.581501,24906.048828,265.7588279999982,1.0785539780578808
7.575758,24606.53,7.575758,24892.832031,286.3020310000029,1.163520541092153
7.570023,24606.53,7.570023,24801.453125,194.92312500000116,0.7921601501715243
7.564297,24475.95,7.564297,24789.416016,313.4660159999985,1.2807103135935418
7.558579,24459.9,7.558579,24783.013672,323.1136719999995,1.3209934300630806
7.55287,24446.98,7.55287,24779.8125,332.83250000000044,1.3614462808903205
7.54717,24427.73,7.54717,24745.748047,318.0180470000014,1.3018731048689396
7.541478,24377.46,7.541478,24742.978516,365.5185160000001,1.4994118173099253
7.535795,24203.92,7.535795,24717.333984,513.4139840000025,2.1212017888011636
7.53012,24171.39,7.53012,24670.806641,499.4166409999998,2.0661477929072336
7.524454,24117.0,7.524454,24640.291016,523.2910159999992,2.1698014512584454
7.518797,23947.83,7.518797,24637.076172,689.2461719999992,2.8781153532491217
7.513148,23941.36,7.513148,24606.533203,665.1732029999985,2.7783434316179134
7.507508,23940.72,7.507508,24497.013672,556.2936719999998,2.323629665273224
7.501875,23921.64,7.501875,24475.951172,554.3111720000015,2.317195526728107
7.496252,23911.56,7.496252,24459.896484,548.3364839999995,2.2931857394498705
7.490637,23834.74,7.490637,24446.976562,612.2365619999982,2.568673130061407
7.48503,23765.74,7.48503,24430.822266,665.0822659999976,2.7984917195929837
7.479432,23709.79,7.479432,24427.726562,717.936561999999,3.028017380162367
7.473842,23699.9,7.473842,24377.462891,677.5628909999978,2.858927214882754
7.46826,23691.67,7.46826,24372.607422,680.9374220000027,2.8741638812291526
7.462687,23637.26,7.462687,24280.248047,642.9880470000026,2.7202308854748924
7.457122,23637.26,7.457122,24117.0,479.7400000000016,2.0295922623857487
7.451565,23610.86,7.451565,23947.833984,336.9739840000002,1.4271991109176039
7.446016,23581.12,7.446016,23941.355469,360.2354689999993,1.527643593688507
7.440476,23557.38,7.440476,23940.71875,383.338749999999,1.627255450308986
7.434944,23546.99,7.434944,23921.638672,374.64867199999935,1.5910682087179693
7.429421,23508.36,7.429421,23889.863281,381.50328100000115,1.6228409000032376
7.423905,23505.04,7.423905,23834.740234,329.7002339999999,1.4026788892935298
7.418398,23452.04,7.418398,23773.957031,321.91703100000086,1.3726611032558398
7.412898,23452.04,7.412898,23765.736328,313.6963279999982,1.3376078498927948
7.407407,23438.77,7.407407,23709.785156,271.0151560000013,1.1562686779212445
7.401925,23304.7,7.401925,23699.904297,395.2042970000002,1.6958137071062929
7.39645,23244.34,7.39645,23691.667969,447.3279689999981,1.9244597566547301
7.390983,23199.25,7.390983,23638.910156,439.66015600000173,1.8951481448753809
7.385524,23190.91,7.385524,23637.259766,446.34976599999936,1.9246755129488209
7.380074,23187.57,7.380074,23625.708984,438.1389840000011,1.8895424746965772
7.374631,23168.91,7.374631,23610.863281,441.9532810000019,1.907527289803456
7.369197,22996.86,7.369197,23581.123047,584.2630470000004,2.5406209673842444
7.36377,22996.86,7.36377,23557.382812,560.5228119999992,2.437388460859436
7.358352,22926.37,7.358352,23546.990234,620.6202340000018,2.7070148217969168
7.352941,22904.48,7.352941,23539.099609,634.6196090000012,2.7707226228231385
7.347539,22877.62,7.347539,23508.355469,630.7354689999993,2.756997751514359
7.342144,22842.29,7.342144,23505.044922,662.7549220000001,2.901438174543796
7.336757,22771.3,7.336757,23452.035156,680.7351560000025,2.989443536381333
7.331378,22762.2,7.331378,23442.136719,679.9367189999975,2.9871309407702133
7.326007,22735.28,7.326007,23438.769531,703.4895310000029,3.0942637653901905
7.320644,22732.72,7.320644,23397.714844,664.9948439999971,2.9252761834043484
7.315289,22693.14,7.315289,23304.697266,611.5572659999998,2.694899277931568
7.309942,22688.81,7.309942,23190.90625,502.0962499999987,2.2129686396069195
7.304602,22683.74,7.304602,23187.568359,503.8283589999992,2.221099161778433
7.29927,22651.37,7.29927,23168.914062,517.5440620000008,2.284824547036232
7.293946,22651.37,7.293946,23011.949219,360.5792189999993,1.5918649468001242
7.28863,22541.54,7.28863,22996.859375,455.3193749999991,2.01991245939718
7.283321,22541.54,7.283321,22975.320312,433.78031199999896,1.9243597021321477
7.27802,22521.18,7.27802,22926.367188,405.1871879999999,1.7991383577592286
7.272727,22521.18,7.272727,22904.478516,383.2985159999989,1.7019468606884671
7.267442,22424.36,7.267442,22877.623047,453.26304700000037,2.0212975844126673
7.262164,22419.87,7.262164,22842.287109,422.4171090000018,1.8841193503798273
7.256894,22417.55,7.256894,22767.373047,349.8230470000017,1.560487417224459
7.251632,22417.55,7.251632,22762.199219,344.649218999999,1.5374080530655625
7.246377,22402.24,7.246377,22735.275391,333.0353909999976,1.486616476745172
7.24113,22344.34,7.24113,22732.720703,388.3807029999989,1.7381614449117715
7.23589,22296.6,7.23589,22693.140625,396.54062500000146,1.7784802391396064
7.230658,22274.98,7.230658,22688.8125,413.83250000000044,1.8578355625908551
7.225434,22267.59,7.225434,22683.742188,416.152188,1.8688694555629954
7.220217,22267.59,7.220217,22651.369141,383.7791409999991,1.7234875484953651
7.215007,22262.47,7.215007,22651.365234,388.8952339999996,1.746864718964246
7.209805,22262.47,7.209805,22617.78125,355.31124999999884,1.596010011467725
7.204611,22170.17,7.204611,22541.537109,371.36710900000253,1.6750756038406676
7.199424,22135.93,7.199424,22541.537109,405.6071090000005,1.8323472698007288
7.194245,22041.63,7.194245,22521.181641,479.5516409999982,2.175663238154339
7.189073,22041.63,7.189073,22521.181641,479.5516409999982,2.175663238154339
7.183908,21966.04,7.183908,22424.355469,458.3154689999974,2.086472887238653
7.178751,21928.19,7.178751,22419.867188,491.6771880000015,2.2422151030249258
7.173601,21871.3,7.173601,22417.552734,546.2527340000015,2.497577802874093
7.168459,21871.3,7.168459,22402.240234,530.9402340000015,2.4275659608711027
7.163324,21826.52,7.163324,22344.34375,517.8237499999996,2.372452182024434
7.158196,21784.73,7.158196,22296.603516,511.87351599999965,2.3496895118736827
7.153076,21781.64,7.153076,22274.980469,493.34046899999885,2.2649372085848394
7.147963,21745.67,7.147963,22267.591797,521.9217970000027,2.40011826262425
7.142857,21700.39,7.142857,22267.591797,567.2017970000015,2.61378619001779
7.137759,21618.98,7.137759,22262.470703,643.4907029999995,2.976508156258989
7.132668,21562.94,7.132668,22170.167969,607.2279689999996,2.8160722471054487
7.127584,21556.87,7.127584,22135.929688,579.0596880000012,2.6861955747750077
7.122507,21556.87,7.122507,22129.599609,572.7296090000018,2.656831019531137
7.117438,21535.69,7.117438,22036.480469,500.7904689999996,2.3253978349428306
7.112376,21513.1,7.112376,21966.039062,452.9390620000013,2.1054104801260687
7.107321,21505.7,7.107321,21928.191406,422.491406000001,1.9645554713401607
7.102273,21450.39,7.102273,21907.533203,457.14320299999963,2.131164995135285
7.097232,21441.78,7.097232,21871.300781,429.5207810000029,2.003195541601504
7.092199,21361.62,7.092199,21826.523438,464.9034380000012,2.176349162657145
7.087172,21279.57,7.087172,21784.726562,505.1565620000001,2.3739039933607686
7.082153,21279.57,7.082153,21781.642578,502.07257799999934,2.3594112944951395
7.077141,21234.95,7.077141,21745.669922,510.7199220000002,2.405091238736141
7.072136,21221.62,7.072136,21700.390625,478.770625000001,2.256051258103769
7.067138,21221.62,7.067138,21658.876953,437.25695300000007,2.060431545753812
7.062147,21160.58,7.062147,21618.984375,458.40437499999825,2.16631290352154
7.057163,21160.58,7.057163,21562.935547,402.3555469999992,1.9014391240693742
7.052186,21085.17,7.052186,21556.869141,471.69914100000096,2.237113293371602
7.047216,21083.42,7.047216,21535.685547,452.2655470000027,2.1451242113471283
7.042254,21074.64,7.042254,21513.097656,438.4576560000023,2.0804989124369495
7.037298,21074.64,7.037298,21505.695312,431.0553120000004,2.045374497500315
7.032349,21036.0,7.032349,21478.666016,442.6660159999992,2.104325993534889
7.027407,21032.48,7.027407,21450.388672,417.9086720000014,1.9869681178824439
7.022472,21028.97,7.022472,21441.779297,412.8092969999998,1.9630504822632768
7.017544,21028.97,7.017544,21361.625,332.65499999999884,1.581889174790771
7.012623,20955.09,7.012623,21279.572266,324.4822659999991,1.5484651509490013
7.007708,20953.33,7.007708,21234.951172,281.6211719999992,1.34404016927142
7.002801,20918.11,7.002801,21221.623047,303.51304700000037,1.450958270130525
6.997901,20833.46,6.997901,21160.583984,327.12398400000166,1.570185576471703
6.993007,20766.32,6.993007,21085.173828,318.85382799999934,1.5354373235122996
6.98812,20743.38,6.98812,21083.419922,340.03992199999993,1.6392695983007588
6.98324,20698.9,6.98324,21074.640625,375.74062499999854,1.8152685649962002
6.978367,20698.9,6.978367,21036.0,337.09999999999854,1.628588958833554
6.973501,20635.3,6.973501,21032.484375,397.1843750000007,1.9247812001764004
6.968641,20512.91,6.968641,21028.970703,516.0607029999992,2.515784952013143
6.963788,20498.55,6.963788,20955.09375,456.5437500000007,2.22720021660069
6.958942,20464.26,6.958942,20953.332031,489.07203100000334,2.3898837827510175
6.954103,20373.34,6.954103,20921.632812,548.2928119999997,2.6912269269545384
6.94927,20352.47,6.94927,20918.107422,565.6374219999998,2.779207742352647
6.944444,20331.29,6.944444,20833.455078,502.1650779999982,2.4699125239962547
6.939625,20279.25,6.939625,20766.322266,487.0722659999992,2.401825836754314
6.934813,20229.18,6.934813,20743.382812,514.2028119999995,2.541886581660747
6.930007,20222.02,6.930007,20698.902344,476.88234399999783,2.35823297573634
6.925208,20068.89,6.925208,20653.025391,584.1353909999998,2.910651216883444
6.920415,19995.98,6.920415,20608.691406,612.7114060000022,3.0641729287586914
6.915629,19985.19,6.915629,20512.908203,527.7182030000004,2.6405463395644495
6.91085,19985.19,6.91085,20498.552734,513.3627340000021,2.5687158040529114
6.906077,19943.8,6.906077,20373.339844,429.539843999999,2.1537512610435274
6.901311,19904.31,6.901311,20363.175781,458.8657810000004,2.3053588946313655
6.896552,19904.31,6.896552,20352.470703,448.16070299999774,2.2515761812391273
6.891799,19882.54,6.891799,20331.287109,448.7471089999999,2.256990852275413
6.887052,19882.54,6.887052,20279.25,396.7099999999991,1.9952682101984913
6.882312,19850.08,6.882312,20229.179688,379.0996879999984,1.9098144088084197
6.877579,19821.21,6.877579,20222.021484,400.81148400000166,2.022134289480822
6.872852,19769.47,6.872852,20114.523438,345.053437999999,1.7453853745193926
6.868132,19724.53,6.868132,20068.886719,344.35671899999943,1.7458297814954244
6.863418,19613.14,6.863418,19995.982422,382.84242200000153,1.9519690472815752
6.858711,19509.67,6.858711,19985.191406,475.5214060000035,2.437362630941495
6.85401,19433.28,6.85401,19946.5625,513.2825000000012,2.6412551046452335
6.849315,19364.06,6.849315,19943.800781,579.7407810000004,2.9939009742791565
6.844627,19364.06,6.844627,19904.306641,540.2466409999979,2.7899450889947555
6.839945,19336.71,6.839945,19884.347656,547.6376560000026,2.8321139221718825
6.83527,19334.88,6.83527,19882.544922,547.6649219999999,2.832522994712147
6.830601,19330.63,6.830601,19850.082031,519.4520310000007,2.687196594213436
6.825939,19276.48,6.825939,19821.208984,544.7289840000012,2.825873727983539
6.821282,19276.48,6.821282,19769.472656,492.99265600000217,2.5574827769385395
6.816633,19264.31,6.816633,19724.53125,460.2212499999987,2.388983825530209
6.811989,19217.01,6.811989,19613.144531,396.13453100000334,2.061374433379612
6.807352,19217.01,6.807352,19509.671875,292.6618750000016,1.5229313769415826
6.802721,19131.98,6.802721,19433.28125,301.30125000000044,1.5748566013554293
6.798097,19130.21,6.798097,19378.642578,248.43257799999992,1.2986400985666124
6.793478,19083.76,6.793478,19364.060547,280.30054700000255,1.4687909877298948
6.788866,19083.76,6.788866,19336.708984,252.94898400000238,1.3254672244882686
6.784261,19065.99,6.784261,19334.884766,268.8947659999976,1.4103372864456427
6.779661,19065.99,6.779661,19330.634766,264.6447659999976,1.388046285558723
6.775068,19020.11,6.775068,19305.691406,285.58140600000115,1.5014708432285677
6.770481,19006.1,6.770481,19264.308594,258.2085939999997,1.3585564318823942
6.7659,18998.59,6.7659,19217.007812,218.41781199999969,1.1496527479144487
6.761325,18987.99,6.761325,19131.980469,143.99046899999666,0.7583239142215509
6.756757,18928.21,6.756757,19131.980469,203.77046899999914,1.0765437883455389
6.752194,18784.5,6.752194,19102.662109,318.1621090000008,1.6937480848572002
6.747638,18731.32,6.747638,19083.761719,352.44171899999856,1.881563707202688
6.743088,18614.46,6.743088,19067.822266,453.3622660000001,2.4355381031735552
6.738544,18614.46,6.738544,19065.988281,451.5282810000026,2.4256856282696493
6.734007,18610.75,6.734007,19053.652344,442.90234399999827,2.379819964267954
6.729475,18510.39,6.729475,19020.107422,509.71742200000153,2.753682780319602
6.72495,18506.94,6.72495,19006.099609,499.1596090000021,2.6971482535740763
6.72043,18462.39,6.72043,18998.589844,536.1998439999988,2.904281861665791
6.715917,18401.06,6.715917,18987.988281,586.9282810000004,3.1896438629078996
6.711409,18387.43,6.711409,18891.507812,504.07781199999954,2.741426137312281
6.706908,18387.43,6.706908,18784.503906,397.07390600000144,2.1594856159887565
6.702413,18358.86,6.702413,18731.318359,372.4583590000002,2.0287662687116748
6.697924,18340.74,6.697924,18714.337891,373.5978909999976,2.0369837367521573
6.69344,18332.2,6.69344,18614.455078,282.2550779999983,1.5396683322241647
6.688963,18332.2,6.688963,18610.751953,278.5519529999983,1.5194682198535818
6.684492,18224.07,6.684492,18581.115234,357.0452340000011,1.9591959095855156
6.680027,18192.54,6.680027,18510.394531,317.85453100000086,1.7471696145782878
6.675567,18188.6,6.675567,18506.943359,318.34335900000224,1.750235636607558
6.671114,18143.63,6.671114,18505.087891,361.4578909999982,1.9922027234902728
6.666667,18049.37,6.666667,18462.386719,413.0167189999993,2.2882611359842437
6.662225,17952.51,6.662225,18401.056641,448.5466410000008,2.4985177058806864
6.65779,17914.9,6.65779,18387.433594,472.5335939999968,2.637656888958335
6.65336,17753.41,6.65336,18358.857422,605.4474220000011,3.410316226572817
6.648936,17749.65,6.648936,18340.744141,591.0941409999978,3.3301735020127032
6.644518,17632.26,6.644518,18332.201172,699.9411720000026,3.969662266776934
6.640106,17622.43,6.640106,18304.259766,681.8297659999989,3.8691018548520204
6.6357,17579.8,6.6357,18224.072266,644.272266,3.66484411654285
6.6313,17545.46,6.6313,18192.542969,647.0829689999991,3.6880365006104094
6.626905,17490.87,6.626905,18188.597656,697.7276560000028,3.9890963456935125
6.622517,17490.87,6.622517,18169.917969,679.0479689999993,3.8822995597131498
6.618134,17487.08,6.618134,18049.367188,562.2871879999984,3.215443561761017
6.613757,17477.62,6.613757,17952.505859,474.8858590000018,2.7171082733232663
6.609385,17384.14,6.609385,17914.904297,530.7642970000015,3.0531524539033943
6.60502,17360.52,6.60502,17808.017578,447.4975779999986,2.577673813918008
6.60066,17360.52,6.60066,17753.414062,392.8940619999994,2.263146852744039
6.596306,17284.05,6.596306,17749.646484,465.5964840000015,2.693792739548899
6.591958,17274.54,6.591958,17733.208984,458.6689839999999,2.655173359174831
6.587615,17266.93,6.587615,17632.255859,365.3258590000005,2.1157545608860433
6.583278,17247.91,6.583278,17622.433594,374.5235939999984,2.171414356869896
6.578947,17206.21,6.578947,17621.943359,415.73335900000166,2.4161820586869607
6.574622,17196.69,6.574622,17579.796875,383.1068750000013,2.2277942732002574
6.570302,17135.54,6.570302,17545.462891,409.92289099999834,2.392237951065437
6.565988,17133.63,6.565988,17490.873047,357.24304699999993,2.085040046971949
6.56168,17110.74,6.56168,17487.083984,376.3439839999992,2.199460596093443
6.557377,17110.74,6.557377,17477.615234,366.8752339999992,2.1441225452551973
6.55308,17047.75,6.55308,17360.515625,312.765625,1.8346446011937059
6.548788,16980.36,6.548788,17344.853516,364.49351599999864,2.1465594133457633
6.544503,16820.11,6.544503,17284.048828,463.93882799999847,2.7582389651435006
6.540222,16779.68,6.540222,17274.541016,494.8610159999989,2.949168375082236
6.535948,16779.68,6.535948,17266.933594,487.253593999998,2.903831264958557
6.531679,16750.87,6.531679,17247.912109,497.0421090000018,2.9672614556736567
6.527415,16750.87,6.527415,17206.214844,455.3448439999993,2.718335489440246
6.523157,16712.44,6.523157,17196.6875,484.2475000000013,2.897527231212207
6.518905,16684.71,6.518905,17135.535156,450.8251560000026,2.7020257229523477
6.514658,16684.71,6.514658,17133.628906,448.9189060000026,2.690600591799334
6.510417,16543.02,6.510417,17110.742188,567.7221879999997,3.4317929132649283
6.506181,16523.74,6.506181,17047.751953,524.0119529999974,3.1712672373203485
6.501951,16507.83,6.501951,16980.361328,472.5313279999973,2.8624678591916517
6.497726,16507.83,6.497726,16888.925781,381.095781,2.30857587581166
6.493506,16471.63,6.493506,16820.111328,348.48132799999803,2.1156456768394993
6.489293,16134.6,6.489293,16795.03125,660.4312499999996,4.093260756386893
6.485084,16130.2,6.485084,16779.675781,649.475781000001,4.026458326617159
6.480881,16125.33,6.480881,16750.871094,625.5410939999983,3.8792452247488782
6.476684,16080.17,6.476684,16750.871094,670.7010939999982,4.170982607770926
6.472492,16045.15,6.472492,16741.267578,696.1175779999994,4.338492179879898
6.468305,16045.15,6.468305,16712.443359,667.2933590000011,4.158847745268827
6.464124,16008.16,6.464124,16684.710938,676.5509380000003,4.226287955642624
6.459948,15953.14,6.459948,16543.021484,589.8814840000014,3.6975885875758716
6.455778,15953.14,6.455778,16523.736328,570.5963279999996,3.57670231691065
6.451613,15936.81,6.451613,16507.826172,571.0161720000015,3.5830016923085704
6.447453,15890.89,6.447453,16130.198242,239.30824200000097,1.5059461238483243
6.443299,15880.13,6.443299,16125.332031,245.20203100000072,1.5440807537469827
6.43915,15870.35,6.43915,16080.167969,209.81796899999972,1.3220752472377717
6.435006,15870.35,6.435006,16045.147461,174.7974610000001,1.1014089859391891
6.430868,15829.22,6.430868,16023.735352,194.51535200000035,1.2288372516144217
6.426735,15797.11,6.426735,16008.157227,211.0472269999991,1.3359863101541933
6.422608,15797.11,6.422608,15953.136719,156.0267189999995,0.9876915397816405
6.418485,15795.96,6.418485,15936.806641,140.8466410000001,0.8916624314065121
6.414368,15786.07,6.414368,15890.888672,104.81867199999942,0.6639947244627664
6.410256,15757.59,6.410256,15880.130859,122.54085900000064,0.777662440766644
6.40615,15713.34,6.40615,15870.347656,157.00765599999977,0.9991997627493566
6.402049,15713.34,6.402049,15852.728516,139.38851599999907,0.8870712146494575
6.397953,15680.85,6.397953,15829.21875,148.36874999999964,0.9461779814231985
6.393862,15602.91,6.393862,15797.113281,194.20328100000006,1.2446606498403185
6.389776,15602.91,6.389776,15795.964844,193.05484400000023,1.2373002471974794
6.385696,15592.04,6.385696,15786.066406,194.02640599999904,1.2443939728220235
6.381621,15592.04,6.381621,15781.158203,189.118203,1.2129150707668783
6.377551,15537.66,6.377551,15757.587891,219.92789099999936,1.4154505311610588
6.373486,15497.99,6.373486,15713.339844,215.3498440000003,1.3895340234443325
6.369427,15480.13,6.369427,15708.418945,228.28894500000024,1.4747224022020504
6.365372,15480.13,6.365372,15680.845703,200.71570300000167,1.2966021796974683
6.361323,15474.18,6.361323,15602.905273,128.72527300000002,0.8318713689513759
6.357279,15463.26,6.357279,15593.895508,130.6355079999994,0.8448122064816823
6.35324,15463.26,6.35324,15592.036133,128.7761329999994,0.832787736867901
6.349206,15435.0,6.349206,15592.036133,157.0361329999996,1.0174028701004185
6.345178,15435.0,6.345178,15537.663086,102.66308600000048,0.6651317525105311
6.341154,15405.62,6.341154,15497.987305,92.36730499999976,0.5995688910929892
6.337136,15367.69,6.337136,15480.132812,112.44281199999932,0.7316832393157288
6.333122,15343.87,6.333122,15474.178711,130.30871099999968,0.8492558331112012
6.329114,15331.9,6.329114,15467.230469,135.33046900000045,0.8826725259100338
6.325111,15312.95,6.325111,15463.258789,150.3087889999988,0.9815795715391142
6.321113,15312.95,6.321113,15435.0,122.04999999999927,0.7970378013380783
6.317119,15310.59,6.317119,15435.0,124.40999999999985,0.8125748256598854
6.313131,15310.59,6.313131,15405.616211,95.02621100000033,0.620656754573144
6.309148,15293.98,6.309148,15390.689453,96.7094530000013,0.6323367298767313
6.30517,15293.98,6.30517,15367.689453,73.7094530000013,0.4819507610183961
6.301197,15274.0,6.301197,15343.870117,69.87011700000039,0.45744478852952986
6.297229,15271.0,6.297229,15331.90332,60.90331999999944,0.3988168423809799
6.293266,15263.0,6.293266,15323.013672,60.01367199999913,0.39319709100438405
6.289308,15263.0,6.289308,15312.946289,49.946288999999524,0.3272376924588844
6.285355,15206.96,6.285355,15310.591797,103.631797,0.6814760938412412
6.281407,15199.95,6.281407,15293.977539,94.0275389999988,0.6186042651456011
6.277464,15097.57,6.277464,15273.996094,176.42609400000038,1.1685727835671593
6.273526,15072.2,6.273526,15270.998047,198.7980469999984,1.3189716630617851
6.269592,15071.91,6.269592,15263.000977,191.09097699999984,1.267861717592527
6.265664,14995.84,6.265664,15236.994141,241.15414099999907,1.6081402642332745
6.261741,14995.84,6.261741,15206.958984,211.11898400000064,1.4078503371601765
6.257822,14990.79,6.257822,15199.946289,209.15628899999865,1.3952319324064886
6.253909,14986.76,6.253909,15199.946289,213.1862889999993,1.422497517809048
6.25,14916.03,6.25,15175.888672,259.8586719999985,1.742143666914041
6.246096,14910.97,6.246096,15072.201172,161.2311719999998,1.0812923102923537
6.242197,14907.93,6.242197,15071.911133,163.98113299999932,1.0999591023032662
6.238303,14905.91,6.238303,15051.884766,145.97476599999936,0.9793079791840912
6.234414,14873.5,6.234414,14995.838867,122.33886700000039,0.8225291088176986
6.23053,14871.48,6.23053,14995.838867,124.35886700000083,0.8362238795331791
6.22665,14829.5,6.22665,14990.793945,161.29394499999944,1.0876559897501563
6.222775,14811.64,6.222775,14986.756836,175.11683600000106,1.1822920081773596
6.218905,14778.12,6.218905,14930.18457,152.06456999999864,1.0289845393053962
6.21504,14778.12,6.21504,14916.025391,137.90539099999842,0.933172764871299
6.21118,14718.1,6.21118,14910.96582,192.86581999999908,1.310398896596701
6.207325,14694.67,6.207325,14907.930664,213.26066399999945,1.4512790283823962
6.203474,14683.45,6.203474,14905.90625,222.45624999999927,1.5150135015953283
6.199628,14683.45,6.199628,14873.504883,190.05488299999888,1.2943476022324378
6.195787,14668.16,6.195787,14871.478516,203.31851599999936,1.3861214767223657
6.19195,14643.67,6.19195,14859.318359,215.6483590000007,1.4726387510781158
6.188119,14575.19,6.188119,14829.504883,254.3148829999991,1.7448478064436834
6.184292,14567.01,6.184292,14811.641602,244.63160199999948,1.6793535667237096
6.18047,14556.77,6.18047,14778.121094,221.35109399999965,1.5206058349482725
6.176652,14556.77,6.176652,14718.098633,161.32863299999917,1.1082721853817787
6.17284,14544.48,6.17284,14694.666992,150.18699200000083,1.0326047545185584
6.169031,14522.97,6.169031,14683.454102,160.48410200000035,1.1050363802996244
6.165228,14475.79,6.165228,14650.8125,175.02249999999913,1.2090704548767226
6.161429,14407.97,6.161429,14643.666992,235.69699200000105,1.6358792529412616
6.157635,14402.82,6.157635,14575.193359,172.37335900000107,1.1968028413880134
6.153846,14402.82,6.153846,14567.006836,164.18683600000077,1.139963118333776
6.150062,14383.27,6.150062,14556.771484,173.50148400000035,1.2062728711899335
6.146281,14368.85,6.146281,14544.483398,175.63339799999994,1.2223204918974027
6.142506,14324.52,6.142506,14522.967773,198.44777299999987,1.3853711887030062
6.138735,14324.52,6.138735,14517.84375,193.32374999999956,1.3496001960275077
6.134969,14245.0,6.134969,14475.787109,230.78710900000078,1.6201271253071308
6.131208,14208.79,6.131208,14407.966797,199.17679699999826,1.4017857748618865
6.127451,14153.87,6.127451,14402.822266,248.95226599999842,1.7588989159855108
6.123699,14115.03,6.123699,14402.822266,287.79226599999856,2.038906513128194
6.119951,14098.86,6.119951,14402.822266,303.96226599999864,2.1559350614163035
6.116208,14098.86,6.116208,14383.267578,284.4075780000003,2.017238117124365
6.112469,14094.7,6.112469,14368.850586,274.15058599999975,1.9450615195782794
6.108735,14085.35,6.108735,14357.518555,272.1685550000002,1.9322810934765566
6.105006,14053.11,6.105006,14324.518555,271.408555,1.9313059884964963
6.101281,13960.39,6.101281,14268.779297,308.3892969999997,2.209030671779225
6.097561,13926.98,6.097561,14245.003906,318.02390600000035,2.283509461491295
6.093845,13926.98,6.093845,14208.790039,281.81003899999996,2.0234827579274186
6.090134,13881.64,6.090134,14184.96875,303.3287500000006,2.185107451280977
6.086427,13856.92,6.086427,14153.87207,296.95206999999937,2.142987547016215
6.082725,13839.12,6.082725,14115.032227,275.9122269999989,1.993712223031514
6.079027,13833.89,6.079027,14098.858398,264.9683980000009,1.9153571265927438
6.075334,13764.68,6.075334,14094.702148,330.022148,2.3976013100195575
6.071645,13759.43,6.071645,14085.349609,325.9196090000005,2.368699931610543
6.067961,13759.43,6.067961,14053.114258,293.6842579999993,2.134421687526295
6.064281,13749.84,6.064281,13960.385742,210.54574200000025,1.5312595782932763
6.060606,13716.35,6.060606,13881.640625,165.29062499999964,1.2050627535751102
6.056935,13715.3,6.056935,13856.922852,141.62285200000042,1.032590260511986
6.053269,13687.51,6.053269,13853.821289,166.3112889999993,1.2150587579479344
6.049607,13683.82,6.049607,13833.885742,150.06574200000068,1.0966655656096083
6.045949,13675.33,6.045949,13764.677734,89.34773400000086,0.6533497473187181
6.042296,13652.16,6.042296,13759.427734,107.26773400000093,0.7857198714342708
6.038647,13652.16,6.038647,13749.837891,97.67789099999936,0.7154757269179336
6.035003,13634.25,6.035003,13716.353516,82.10351599999922,0.6021857894640279
6.031363,13595.23,6.031363,13715.302734,120.07273400000122,0.8831975185414386
6.027728,13586.79,6.027728,13687.505859,100.71585899999991,0.7412778073408061
6.024096,13549.83,6.024096,13683.81543,133.98543000000063,0.9888347676686766
6.02047,13509.66,6.02047,13675.328125,165.66812500000015,1.2262938149442706
6.016847,13485.31,6.016847,13652.163086,166.85308600000099,1.237295145606597
6.013229,13446.12,6.013229,13652.163086,206.04308599999968,1.5323609041121131
6.009615,13410.07,6.009615,13634.250977,224.18097699999998,1.6717360684918123
6.006006,13384.59,6.006006,13595.233398,210.64339800000016,1.5737754985397399
6.002401,13373.33,6.002401,13586.791016,213.4610159999993,1.59616951051084
5.9988,13361.36,5.9988,13549.830078,188.47007800000029,1.4105605866468705
5.995204,13354.85,5.995204,13509.655273,154.80527299999994,1.159168938625293
5.991612,13349.53,5.991612,13485.314453,135.7844530000002,1.017147817189071
5.988024,13339.96,5.988024,13446.121094,106.16109400000096,0.795812686095018
5.98444,13339.96,5.98444,13436.581055,96.62105500000143,0.7242979364256072
5.980861,13305.92,5.980861,13410.06543,104.14543000000049,0.7826999561097654
5.977286,13299.54,5.977286,13384.59082,85.05081999999857,0.6395019677372192
5.973716,13254.8,5.973716,13373.329102,118.52910200000042,0.8942353109816854
5.970149,13200.39,5.970149,13361.355469,160.96546900000067,1.21939934350425
5.966587,13200.39,5.966587,13359.09668,158.70668000000114,1.2022878111934658
5.963029,13164.07,5.963029,13354.845703,190.77570300000116,1.4492151971236946
5.959476,13133.06,5.959476,13349.53125,216.4712500000005,1.6482925532967985
5.955926,13133.06,5.955926,13339.963867,206.9038670000009,1.5754429432287749
5.952381,13095.6,5.952381,13339.963867,244.36386700000003,1.8659997785515747
5.94884,13085.96,5.94884,13305.921875,219.96187500000087,1.6808997964230434
5.945303,13085.96,5.945303,13299.535156,213.5751560000008,1.632093908280331
5.941771,13073.12,5.941771,13297.40625,224.2862499999992,1.7156290923666206
5.938242,13070.96,5.938242,13254.795898,183.83589800000118,1.406445264923167
5.934718,12999.08,5.934718,13200.389648,201.30964800000038,1.5486453502863309
5.931198,12993.71,5.931198,13200.389648,206.67964800000118,1.5906130581643056
5.927682,12981.89,5.927682,13133.061523,151.1715230000009,1.1644800795569896
5.924171,12976.52,5.924171,13105.236328,128.71632800000043,0.9919171549845446
5.920663,12964.44,5.920663,13095.599609,131.15960900000027,1.0116874234444393
5.91716,12955.82,5.91716,13085.959961,130.13996100000077,1.0044903448797589
5.913661,12932.43,5.913661,13084.888672,152.45867199999884,1.178886504701737
5.910165,12919.52,5.910165,13073.115234,153.59523400000035,1.1888617688582883
5.906675,12910.91,5.906675,13070.959961,160.04996100000062,1.2396489558055988
5.903188,12888.29,5.903188,12999.082031,110.79203099999904,0.8596332872708408
5.899705,12866.6,5.899705,12998.007812,131.40781199999947,1.021309530101188
5.896226,12866.6,5.896226,12993.711914,127.11191399999916,0.9879215488163084
5.892752,12864.58,5.892752,12992.637695,128.0576949999995,0.9954284943620353
5.889282,12830.07,5.889282,12981.894531,151.8245310000002,1.1833492023036523
5.885815,12830.07,5.885815,12976.522461,146.45246100000077,1.1414782694092922
5.882353,12739.04,5.882353,12964.444336,225.4043359999996,1.7693981336113207
5.878895,12732.81,5.878895,12955.824219,223.0142190000006,1.7514925534897685
5.875441,12643.96,5.875441,12932.43457,288.4745700000003,2.2815207419194645
5.871991,12622.26,5.871991,12930.283203,308.02320300000065,2.4403173678881647
5.868545,12612.49,5.868545,12919.520508,307.0305079999998,2.434336978661627
5.865103,12590.77,5.865103,12919.520508,328.7505079999992,2.611043709002699
5.861665,12569.03,5.861665,12910.908203,341.8782030000002,2.7200046702092378
5.858231,12517.63,5.858231,12888.291992,370.6619920000012,2.9611195729543147
5.854801,12511.37,5.854801,12882.056641,370.6866409999984,2.9627981667874774
5.851375,12510.28,5.851375,12866.600586,356.3205859999998,2.8482223099722774
5.847953,12476.51,5.847953,12864.582031,388.0720309999997,3.1104213518043085
5.844535,12473.24,5.844535,12830.066406,356.82640600000013,2.860735510581053
5.841121,12471.06,5.841121,12812.795898,341.7358980000008,2.740231367662419
5.837712,12453.61,5.837712,12732.80957,279.19956999999886,2.2419167614852147
5.834306,12453.61,5.834306,12622.259766,168.64976599999864,1.3542239238260925
5.830904,12445.98,5.830904,12620.088867,174.10886700000083,1.3989164935183958
5.827506,12427.43,5.827506,12612.489258,185.05925799999932,1.489119294978924
5.824112,12411.05,5.824112,12590.766602,179.71660200000042,1.4480370476309452
5.820722,12407.78,5.820722,12569.030273,161.25027299999965,1.2995900394752296
5.817336,12402.31,5.817336,12565.769531,163.45953100000042,1.3179764979265995
5.813953,12381.56,5.813953,12517.625977,136.0659770000002,1.098940496997149
5.810575,12372.3,5.810575,12511.367188,139.0671880000009,1.1240204974014605
5.807201,12368.44,5.807201,12487.291016,118.85101599999871,0.9609216360349301
5.803831,12368.44,5.803831,12476.505859,108.06585900000027,0.8737226279142742
5.800464,12346.57,5.800464,12475.480469,128.91046900000038,1.0440994462429676
5.797101,12344.38,5.797101,12473.236328,128.85632800000167,1.0438460902856335
5.793743,12309.36,5.793743,12471.055664,161.69566399999894,1.3135992772979175
5.790388,12309.36,5.790388,12454.701172,145.34117199999855,1.1807370326320665
5.787037,12296.22,5.787037,12453.610352,157.39035200000035,1.2799897204181476
5.78369,12285.16,5.78369,12451.428711,166.26871100000062,1.3534110341257308
5.780347,12167.84,5.780347,12445.975586,278.13558600000033,2.2858254710778603
5.777008,12148.58,5.777008,12427.425781,278.845781,2.2952952608453003
5.773672,12129.37,5.773672,12411.050781,281.6807809999991,2.322303474953762
5.77034,12129.37,5.77034,12407.775391,278.4053909999984,2.2952996816817226
5.767013,12116.14,5.767013,12402.314453,286.17445300000145,2.3619275858483104
5.763689,12066.31,5.763689,12381.557617,315.2476170000009,2.6126265361987295
5.760369,12044.06,5.760369,12372.296875,328.2368750000005,2.7253008952130804
5.757052,12044.06,5.757052,12368.441406,324.3814060000004,2.6932895219718302
5.75374,12020.0,5.75374,12346.571289,326.5712889999995,2.7168992429284486
5.750431,11977.19,5.750431,12344.383789,367.193788999999,3.0657757704436435
5.747126,11967.24,5.747126,12333.426758,366.1867579999998,3.0599098706134398
5.743825,11967.24,5.743825,12309.361328,342.1213280000011,2.8588156333457095
5.740528,11961.72,5.740528,12296.219727,334.49972700000035,2.7964182993750093
5.737235,11961.72,5.737235,12285.157227,323.43722700000035,2.703935780138645
5.733945,11914.16,5.733945,12167.837891,253.67789099999936,2.1292133981749393
5.730659,11878.02,5.730659,12148.582031,270.5620309999995,2.277837813036175
5.727377,11878.02,5.727377,12129.370117,251.35011699999995,2.116094407990557
5.724098,11878.02,5.724098,12116.139648,238.11964799999987,2.004708259457383
5.720824,11836.61,5.720824,12066.314453,229.70445300000029,1.9406270291916372
5.717553,11836.61,5.717553,12044.060547,207.45054699999855,1.7526179117162648
5.714286,11834.62,5.714286,12020.001953,185.38195300000007,1.5664377309960107
5.711022,11815.53,5.711022,11977.1875,161.65749999999935,1.3681781519745566
5.707763,11815.53,5.707763,11967.243164,151.71316399999887,1.2840148854939124
5.704507,11723.32,5.704507,11961.716797,238.39679699999942,2.033526313365151
5.701254,11703.3,5.701254,11941.816406,238.51640600000064,2.038026932574579
5.698006,11667.67,5.698006,11914.158203,246.4882030000008,2.1125743443206813
5.694761,11657.64,5.694761,11878.015625,220.37562500000058,1.8903965553920055
5.69152,11636.47,5.69152,11853.240234,216.77023400000144,1.8628521708043886
5.688282,11584.03,5.688282,11843.262695,259.2326949999988,2.2378455079967745
5.685048,11583.13,5.685048,11836.609375,253.4793750000008,2.1883495652729517
5.681818,11569.52,5.681818,11815.532227,246.01222699999926,2.1263823131815256
5.678592,11569.52,5.678592,11755.566406,186.04640599999948,1.6080736798069366
5.675369,11569.52,5.675369,11723.324219,153.80421899999965,1.3293915305042874
5.67215,11549.41,5.67215,11703.296875,153.88687500000015,1.3324219592169655
5.668934,11540.47,5.668934,11667.667969,127.19796900000074,1.1021905433660912
5.665722,11525.94,5.665722,11657.641602,131.70160199999918,1.1426538920035951
5.662514,11521.47,5.662514,11636.46582,114.9958200000001,0.998100242416984
5.65931,11490.15,5.65931,11584.033203,93.88320300000123,0.8170755212073058
5.656109,11468.88,5.656109,11583.125977,114.2459770000005,0.9961389167904844
5.652911,11457.01,5.652911,11569.518555,112.50855500000034,0.982006256431655
5.649718,11457.01,5.649718,11549.411133,92.40113299999939,0.8065030317683181
5.646527,11398.28,5.646527,11540.47168,142.1916799999999,1.247483655428713
5.643341,11356.75,5.643341,11530.412109,173.66210900000078,1.5291532260549963
5.640158,11317.43,5.640158,11522.585938,205.15593799999988,1.8127431581198192
5.636979,11300.06,5.636979,11521.467773,221.40777300000082,1.9593504193783116
5.633803,11261.19,5.633803,11482.3125,221.1224999999995,1.9635802255356625
5.630631,11245.43,5.630631,11468.878906,223.44890599999962,1.9870196693234463
5.627462,11229.66,5.627462,11462.160156,232.50015600000006,2.0704113570669107
5.624297,11213.88,5.624297,11457.014648,243.1346480000011,2.168158104063902
5.621135,11154.75,5.621135,11402.666016,247.91601599999922,2.2225152154911516
5.617978,11127.54,5.617978,11398.275391,270.73539099999834,2.433021054069438
5.614823,11127.54,5.614823,11356.750977,229.21097699999882,2.059853094214883
5.611672,11120.7,5.611672,11317.429688,196.72968799999944,1.7690405100398303
5.608525,11103.29,5.608525,11300.064453,196.774453,1.7722175409270582
5.605381,11073.9,5.605381,11261.189453,187.28945300000123,1.691269137340966
5.602241,11073.9,5.602241,11229.65918,155.75918000000092,1.4065431329522655
5.599104,11010.51,5.599104,11213.884766,203.374765999999,1.8470966921604812
5.595971,10990.12,5.595971,11175.549805,185.42980499999976,1.6872409491434104
5.592841,10971.98,5.592841,11154.75,182.77000000000044,1.665788672600574
5.589715,10947.03,5.589715,11127.543945,180.51394499999878,1.6489764347041962
5.586592,10947.03,5.586592,11120.700195,173.67019499999878,1.5864594780501995
5.583473,10908.44,5.583473,11103.289062,194.84906199999932,1.7862229796377787
5.580357,10898.22,5.580357,11073.895508,175.67550800000026,1.6119651466019247
5.577245,10873.22,5.577245,11044.480469,171.26046900000074,1.575066714367968
5.574136,10867.54,5.574136,11010.513672,142.97367199999826,1.315602905533343
5.571031,10843.66,5.571031,10990.119141,146.45914099999936,1.350643057786756
5.567929,10841.39,5.567929,10972.894531,131.5045310000005,1.2129858901856727
5.56483,10835.7,5.56483,10971.982422,136.2824219999984,1.2577168249397677
5.561735,10828.87,5.561735,10951.569336,122.69933599999968,1.1330760827306974
5.558644,10810.66,5.558644,10947.03125,136.37125000000015,1.2614516597506549
5.555556,10809.52,5.555556,10919.793945,110.273944999999,1.0201557978522542
5.552471,10737.75,5.552471,10908.44043,170.69043000000056,1.5896293916323305
5.54939,10584.66,5.54939,10898.21875,313.55875000000015,2.9623884942926852
5.546312,10571.43,5.546312,10890.266602,318.8366019999994,3.0160215032403315
5.543237,10551.45,5.543237,10873.22168,321.77167999999983,3.0495493984239115
5.540166,10491.84,5.540166,10867.538086,375.69808600000033,3.580859849178031
5.537099,10472.34,5.537099,10843.660156,371.32015599999977,3.5457228852386358
5.534034,10437.89,5.534034,10841.385742,403.495742000001,3.865683025975566
5.530973,10342.45,5.530973,10828.871094,486.42109399999936,4.703151516323495
5.527916,10336.7,5.527916,10822.043945,485.3439449999987,4.6953471127148765
5.524862,10295.23,5.524862,10810.662109,515.4321090000012,5.006513783567742
5.521811,10287.16,5.521811,10809.524414,522.3644139999997,5.077829196785116
5.518764,10262.94,5.518764,10737.746094,474.8060939999996,4.6264140100205156
5.51572,10141.67,5.51572,10612.117188,470.4471880000001,4.638754642973002
5.512679,10079.17,5.512679,10584.65625,505.4862499999999,5.015157498087639
5.509642,10079.17,5.509642,10571.428711,492.2587110000004,4.883921106599059
5.506608,10057.15,5.506608,10551.451172,494.3011719999995,4.9149229354240465
5.503577,10024.69,5.503577,10491.842773,467.1527729999998,4.660022135347823
5.50055,10024.69,5.50055,10472.336914,447.646913999999,4.465443958865551
5.497526,9999.17,5.497526,10437.893555,438.7235550000005,4.387599720776829
5.494505,9971.31,5.494505,10375.823242,404.5132420000009,4.056771296850674
5.491488,9963.32,5.491488,10342.452148,379.1321480000006,3.805279244267981
5.488474,9963.32,5.488474,10336.695312,373.3753120000001,3.7474989461344226
5.485464,9956.21,5.485464,10295.226562,339.0165620000007,3.4050764497735657
5.482456,9944.59,5.482456,10287.158203,342.5682030000007,3.4447694977872465
5.479452,9922.51,5.479452,10272.170898,349.6608980000001,3.5239158035618017
5.476451,9827.08,5.476451,10262.944336,435.86433600000055,4.435339246246093
5.473454,9827.08,5.473454,10178.666016,351.5860159999993,3.5777262014759144
5.47046,9806.11,5.47046,10154.390625,348.2806249999994,3.551669571318284
5.467469,9795.15,5.467469,10143.983398,348.83339800000067,3.561286943027934
5.464481,9793.28,5.464481,10141.669922,348.3899219999985,3.5574385905437036
5.461496,9710.42,5.461496,10079.166016,368.74601599999914,3.7974260227672865
5.458515,9677.71,5.458515,10057.152344,379.44234400000096,3.92078646704645
5.455537,9640.28,5.455537,10052.259766,411.97976599999856,4.273524897617066
5.452563,9634.43,5.452563,10024.691406,390.2614059999996,4.050695329147647
5.449591,9632.09,5.449591,9999.168945,367.0789449999993,3.810999949128375
5.446623,9632.09,5.446623,9971.308594,339.21859399999994,3.5217548216430696
5.443658,9622.73,5.443658,9963.324219,340.5942190000005,3.5394760010932504
5.440696,9621.56,5.440696,9944.592773,323.0327730000008,3.3573845925193093
5.437738,9560.65,5.437738,9922.510742,361.86074200000076,3.7848968637069733
5.434783,9553.62,5.434783,9880.640625,327.0206249999992,3.423002223241024
5.431831,9552.45,5.431831,9827.082031,274.6320309999992,2.874990510287928
5.428882,9552.45,5.428882,9806.106445,253.6564449999987,2.6554071992001917
5.425936,9471.49,5.425936,9795.149414,323.65941399999974,3.4171963862074475
5.422993,9458.57,5.422993,9710.423828,251.85382800000116,2.662705123501768
5.420054,9445.65,5.420054,9677.705078,232.05507800000123,2.4567401714016635
5.417118,9431.54,5.417118,9640.28125,208.74124999999913,2.2132255177839366
5.414185,9409.21,5.414185,9634.431641,225.2216410000001,2.3936296564748805
5.411255,9311.49,5.411255,9632.09082,320.60081999999966,3.4430667916735094
5.408329,9292.63,5.408329,9622.728516,330.098516,3.5522614803344164
5.405405,9270.23,5.405405,9564.168945,293.9389449999999,3.1707837345998953
5.402485,9219.48,5.402485,9560.65332,341.1733199999999,3.7005700972289097
5.399568,9219.48,5.399568,9553.621094,334.1410940000005,3.624294363673445
5.396654,9213.57,5.396654,9552.448242,338.8782420000007,3.678034051947298
5.393743,9188.76,5.393743,9471.489258,282.7292579999994,3.0769032818356274
5.390836,9182.86,5.390836,9458.569336,275.7093359999999,3.0024342742892722
5.387931,9116.63,5.387931,9445.646484,329.0164840000016,3.6089704638666
5.38503,9082.29,5.38503,9431.542969,349.2529689999992,3.845428509770104
5.382131,9082.29,5.382131,9409.205078,326.915078,3.5994785235882136
5.379236,9055.04,5.379236,9311.493164,256.45316399999865,2.83215937201822
5.376344,9018.29,5.376344,9292.633789,274.34378899999865,3.042082135305015
5.373455,9013.55,5.373455,9270.226562,256.67656200000056,2.8476744678844694
5.370569,8942.32,5.370569,9219.477539,277.1575389999998,3.099391869224092
5.367687,8884.08,5.367687,9217.115234,333.03523400000086,3.748674415358719
5.364807,8822.19,5.364807,9213.572266,391.3822659999987,4.436339117611372
5.36193,8818.62,5.36193,9188.763672,370.14367199999833,4.197296992046355
5.359057,8812.66,5.359057,9182.855469,370.19546900000023,4.2007233797741
5.356186,8812.66,5.356186,9116.625977,303.96597699999984,3.4491966897622266
5.353319,8801.94,5.353319,9082.291992,280.3519919999999,3.1851159176272485
5.350455,8778.1,5.350455,9055.042969,276.9429689999997,3.154930668367867
5.347594,8759.03,5.347594,9051.487305,292.4573049999999,3.338923431019187
5.344735,8705.33,5.344735,9018.291016,312.9610159999993,3.5950505724653663
5.34188,8683.84,5.34188,9013.545898,329.70589800000016,3.79677536665807
5.339028,8662.33,5.339028,8942.324219,279.99421900000016,3.232319930088096
5.336179,8652.77,5.336179,8922.125,269.35499999999956,3.1129337772759422
5.333333,8644.4,5.333333,8884.079102,239.67910200000006,2.77265168201379
5.33049,8602.55,5.33049,8822.189453,219.6394530000016,2.5531900773608016
5.327651,8555.86,5.327651,8818.616211,262.7562109999999,3.0710672100758996
5.324814,8545.08,5.324814,8812.660156,267.580156,3.131394393030843
5.32198,8488.75,5.32198,8806.704102,317.9541019999997,3.7455938978059162
5.319149,8471.96,5.319149,8801.938477,329.97847700000057,3.8949484770938554
5.316321,8452.76,5.316321,8778.102539,325.3425389999993,3.8489503901684103
5.313496,8411.93,5.313496,8759.025391,347.0953909999989,4.126227762237667
5.310674,8335.0,5.310674,8705.331055,370.33105500000056,4.4430840431913685
5.307856,8333.8,5.307856,8683.835938,350.0359380000009,4.20019604502149
5.30504,8320.56,5.30504,8662.331055,341.77105500000107,4.1075487106637185
5.302227,8219.37,5.302227,8652.770508,433.4005079999988,5.272916391402246
5.299417,8180.77,5.299417,8644.40332,463.633319999999,5.667355517879112
5.29661,8165.08,5.29661,8639.621094,474.54109400000016,5.811836430261555
5.293806,8155.42,5.293806,8602.545898,447.12589800000023,5.482561266004696
5.291005,8137.3,5.291005,8561.848633,424.5486329999994,5.217315731262205
5.288207,8075.67,5.288207,8545.082031,469.41203099999984,5.812669797057084
5.285412,8072.04,5.285412,8488.749023,416.70902300000034,5.162375595264646
5.28262,8023.64,5.28262,8471.956055,448.31605500000023,5.587439802882485
5.279831,7984.88,5.279831,8452.756836,467.87683600000037,5.859534971095375
5.277045,7969.7,5.277045,8417.94043,448.24043000000074,5.624307439426839
5.274262,7963.07,5.274262,8411.93457,448.86456999999973,5.6368281328683505
5.271481,7955.8,5.271481,8335.0,379.1999999999998,4.766333995324164
5.268704,7942.46,5.268704,8333.796875,391.33687499999996,4.927149459990985
5.265929,7942.46,5.265929,8320.561523,378.10152300000027,4.76050899847151
5.263158,7921.84,5.263158,8235.045898,313.20589800000016,3.9537013875564284
5.260389,7912.14,5.260389,8219.371094,307.23109399999976,3.8830340969699693
5.257624,7858.73,5.257624,8180.768555,322.0385550000001,4.097844753541604
5.254861,7847.79,5.254861,8155.419434,307.6294340000004,3.91994987123764
5.252101,7832.0,5.252101,8137.304688,305.30468800000017,3.8981701736465806
5.249344,7832.0,5.249344,8075.665527,243.6655270000001,3.1111533069458646
5.24659,7818.64,5.24659,8072.037598,253.39759799999956,3.2409421331587023
5.243838,7818.64,5.243838,8023.636719,204.99671899999976,2.621897401594136
5.24109,7794.31,5.24109,7984.882324,190.57232399999975,2.4450185327501694
5.238345,7745.65,5.238345,7963.069824,217.41982400000052,2.8069926216650702
5.235602,7739.56,5.235602,7955.796875,216.2368749999996,2.7939169022528363
5.232862,7729.24,5.232862,7942.460449,213.22044900000037,2.758621145157873
5.230126,7651.83,5.230126,7921.842773,270.0127730000004,3.528734603356326
5.227392,7556.63,5.227392,7912.137695,355.50769500000024,4.704579885478053
5.22466,7529.74,5.22466,7858.725098,328.9850980000001,4.369142865490709
5.221932,7526.08,5.221932,7847.792969,321.71296900000016,4.27464189857137
5.219207,7526.08,5.219207,7831.998047,305.9180470000001,4.064772723648966
5.216484,7480.83,5.216484,7818.635742,337.80574200000046,4.515618480837025
5.213764,7480.83,5.213764,7794.312988,313.48298799999975,4.190484050566578
5.211047,7435.54,5.211047,7777.285156,341.74515599999995,4.596104062381481
5.208333,7401.24,5.208333,7744.429199,343.1891990000004,4.636914881830617
5.205622,7366.92,5.205622,7739.560059,372.6400590000003,5.05828838917757
5.202914,7333.81,5.202914,7729.241211,395.43121099999917,5.391893313298261
5.200208,7288.39,5.200208,7651.833008,363.4430079999993,4.986602089075904
5.197505,7265.06,5.197505,7529.743652,264.6836519999997,3.6432411019317072
5.194805,7259.26,5.194805,7526.07666,266.8166599999995,3.6755352473943557
5.192108,7218.35,5.192108,7480.827637,262.47763699999996,3.6362553353605733
5.189414,7166.69,5.189414,7435.539551,268.84955100000025,3.7513768699357763
5.186722,7133.45,5.186722,7401.241699,267.79169900000034,3.7540278406661622
5.184033,7133.45,5.184033,7265.055176,131.60517600000003,1.844902200197661
5.181347,7117.43,5.181347,7265.055176,147.62517599999956,2.0741359732375244
5.178664,7082.0,5.178664,7259.257324,177.25732400000015,2.5029274781135293
5.175983,7082.0,5.175983,7246.624512,164.62451200000032,2.32454831968371
5.173306,7047.17,5.173306,7218.352539,171.18253900000036,2.4290962045757425
5.170631,6964.47,5.170631,7166.686035,202.21603499999947,2.9035380294552127
5.167959,6861.83,5.167959,7133.445801,271.6158009999999,3.9583580619164263
5.165289,6851.93,5.165289,7100.193359,248.26335899999958,3.6232617525281134
5.162623,6845.47,5.162623,7087.86084,242.39084000000003,3.5408940511024083
5.159959,6845.47,5.159959,7082.000488,236.53048799999942,3.4552848526105495
5.157298,6809.83,5.157298,7047.171387,237.3413870000004,3.4852762403760504
5.154639,6809.83,5.154639,6964.465332,154.63533199999983,2.27076640679723
5.151984,6798.68,5.151984,6911.319336,112.63933599999928,1.6567824342372237
5.149331,6775.13,5.149331,6908.846191,133.71619099999953,1.9736328454214092
5.14668,6754.05,5.14668,6863.072266,109.02226599999995,1.6141761757760151
5.144033,6754.05,5.144033,6851.932129,97.88212899999962,1.4492360731709066
5.141388,6708.15,5.141388,6845.474121,137.32412100000056,2.047123588470749
5.138746,6708.15,5.138746,6824.691895,116.5418950000003,1.7373179639692062
5.136107,6657.24,5.136107,6809.827637,152.58763700000054,2.29205552150742
5.13347,6610.01,5.13347,6807.350098,197.34009799999967,2.985473516681513
5.130836,6572.7,5.130836,6775.128906,202.4289060000001,3.0798439910539064
5.128205,6572.7,5.128205,6754.05127,181.3512700000001,2.7591594017679206
5.125577,6520.42,5.125577,6754.05127,233.63126999999986,3.583070875802477
5.122951,6520.42,5.122951,6708.148926,187.72892599999977,2.879092543118385
5.120328,6515.44,5.120328,6657.239258,141.799258,2.1763573603624624
5.117707,6515.44,5.117707,6610.013672,94.57367200000044,1.4515316233439406
5.11509,6463.11,5.11509,6575.189941,112.07994099999996,1.7341487457276754
5.112474,6463.11,5.112474,6572.70166,109.59166000000005,1.6956489987018641
5.109862,6448.15,5.109862,6544.079102,95.92910200000006,1.4876996037623202
5.107252,6428.2,5.107252,6520.42334,92.22334000000046,1.4346681808282329
5.104645,6423.21,5.104645,6515.442383,92.23238299999957,1.4359235179917762
5.102041,6404.49,5.102041,6463.11084,58.6208400000005,0.9153084788952829
5.099439,6358.3,5.099439,6461.864258,103.56425799999943,1.6288042086721202
5.09684,6324.57,5.09684,6448.149902,123.5799020000004,1.9539652814341593
5.094244,6312.08,5.094244,6428.196289,116.1162890000005,1.8395883607305437
5.09165,6212.0,5.09165,6423.206543,211.20654300000024,3.3999765453960116
5.089059,6212.0,5.089059,6358.302734,146.30273399999987,2.3551631358660634
5.08647,6209.5,5.08647,6340.815918,131.31591800000024,2.1147583219260846
5.083884,6204.49,5.083884,6328.322266,123.83226600000035,1.995849231766033
5.081301,6143.1,5.081301,6324.57373,181.4737299999997,2.9541067213621734
5.07872,6115.51,5.07872,6312.076172,196.56617199999982,3.214223703337903
5.076142,6115.51,5.076142,6240.789062,125.27906199999961,2.048546433576261
5.073567,6109.24,5.073567,6211.999023,102.75902300000052,1.6820262913226607
5.070994,6109.24,5.070994,6209.495117,100.25511700000061,1.6410407350177865
5.068424,6106.73,5.068424,6204.486328,97.7563280000004,1.6007966292926068
5.065856,5997.5,5.065856,6171.919434,174.41943400000036,2.908202317632353
5.063291,5953.5,5.063291,6143.095215,189.59521500000028,3.184600907029483
5.060729,5953.5,5.060729,6133.065918,179.56591800000024,3.0161403880070585
5.058169,5944.7,5.058169,6115.510742,170.81074200000057,2.873328208320026
5.055612,5933.38,5.055612,6109.239258,175.8592579999995,2.9638967671040706
5.053057,5916.15,5.053057,6106.730957,190.58095700000013,3.2213678997320914
5.050505,5915.76,5.050505,6077.874023,162.1140230000001,2.7403752518695836
5.047956,5888.07,5.047956,5959.490723,71.42072300000018,1.212973402150453
5.045409,5888.07,5.045409,5953.501465,65.43146500000057,1.1112548763856505
5.042864,5854.94,5.042864,5944.697266,89.75726600000053,1.5330176910438116
5.040323,5791.04,5.040323,5933.375977,142.33597699999973,2.4578655474664264
5.037783,5791.04,5.037783,5916.145996,125.10599600000023,2.160337279659616
5.035247,5765.82,5.035247,5915.760742,149.94074200000068,2.600510283012662
5.032713,5765.82,5.032713,5888.068848,122.24884800000018,2.1202335140535116
5.030181,5749.42,5.030181,5854.941406,105.52140599999984,1.8353400169060503
5.027652,5736.79,5.027652,5802.393555,65.60355499999969,1.1435585928716179
5.025126,5710.28,5.025126,5791.044922,80.7649220000003,1.414377613707214
5.022602,5672.39,5.022602,5777.171387,104.781387,1.8472176102136841
5.02008,5666.07,5.02008,5768.341309,102.27130900000066,1.8049778594334462
5.017561,5666.07,5.017561,5765.818359,99.74835900000016,1.7604505239081087
5.015045,5650.9,5.015045,5749.415039,98.5150390000008,1.743351306871486
5.012531,5611.7,5.012531,5736.793945,125.09394500000053,2.2291630878343556
5.01002,5586.4,5.01002,5710.28125,123.88125000000036,2.2175506587426677
5.007511,5576.28,5.007511,5679.966797,103.6867970000003,1.8594259434605205
5.005005,5512.17,5.005005,5672.385742,160.21574200000032,2.906582017608316
5.002501,5481.28,5.002501,5666.067871,184.78787100000045,3.3712539954171374
5.0,5438.17,5.0,5666.067871,227.89787100000012,4.190708841393338
4.997501,5438.17,4.997501,5650.901367,212.73136700000032,3.9118189942572648
4.995005,5395.03,4.995005,5611.703613,216.67361299999993,4.0161706793104015
4.992511,5365.82,4.992511,5586.400879,220.5808790000001,4.110851258521532
4.99002,5356.93,4.99002,5582.60498,225.67497999999978,4.212767013942683
4.987531,5299.75,4.987531,5562.354004,262.6040039999998,4.955026255955466
4.985045,5267.96,4.985045,5512.171387,244.2113870000003,4.635786661250281
4.982561,5238.7,4.982561,5481.283203,242.58320300000014,4.630599251722758
4.98008,5238.7,4.98008,5438.17041,199.4704099999999,3.807631855231258
4.977601,5223.42,4.977601,5395.027344,171.607344,3.28534454437897
4.975124,5192.87,4.975124,5365.824707,172.95470699999987,3.3306188485365484
4.97265,5189.05,4.97265,5356.93457,167.88457000000017,3.235362349563025
4.970179,5189.05,4.970179,5299.750977,110.70097699999951,2.133357300469248
4.96771,5168.67,4.96771,5267.959961,99.2899609999995,1.9209963298101735
4.965243,5162.3,4.965243,5259.055176,96.75517599999966,1.8742648819324654
4.962779,5161.02,4.962779,5238.697266,77.67726599999969,1.5050758570980094
4.960317,5134.26,4.960317,5223.424805,89.16480499999943,1.7366632192370355
4.957858,5134.26,4.957858,5192.867676,58.60767599999963,1.1415019106940363
4.955401,5111.31,4.955401,5189.046875,77.7368749999996,1.5208796766386619
4.952947,5093.45,4.952947,5168.666016,75.21601600000031,1.4767204154355165
4.950495,5075.59,4.950495,5162.295898,86.70589800000016,1.7082920015210084
4.948046,5075.59,4.948046,5161.021484,85.43148399999973,1.6831833146491288
4.945598,5059.01,4.945598,5134.258301,75.24830099999963,1.4874115884333028
4.943154,5059.01,4.943154,5111.30957,52.29957000000013,1.0337906032998576
4.940711,5020.71,4.940711,5093.45459,72.74459000000024,1.448890495567365
4.938272,5013.26,4.938272,5075.594238,62.33423799999946,1.2433872968886404
4.935834,5013.04,4.935834,5059.005371,45.96537100000023,0.916916102803892
4.933399,5007.94,4.933399,5020.706543,12.766543000000638,0.25492603745253817
4.930966,4979.74,4.930966,5013.259766,33.519766000000345,0.6731228136408798
4.928536,4979.74,4.928536,5013.043945,33.30394500000057,0.6687888323486882
4.926108,4954.27,4.926108,5007.935059,53.66505899999993,1.0832082022174794
4.923683,4949.15,4.923683,4979.737793,30.5877930000006,0.6180413404322077
4.92126,4906.95,4.92126,4954.26709,47.31709000000046,0.9642871845036217
4.918839,4900.55,4.918839,4949.15332,48.60332000000017,0.9917931660731993
4.916421,4889.04,4.916421,4904.391602,15.35160199999973,0.31400033544417166
4.914005,4833.99,4.914005,4900.553711,66.56371099999978,1.3769931464483747
4.911591,4833.99,4.911591,4889.037598,55.04759800000011,1.138761106249705
4.90918,4794.27,4.90918,4889.037598,94.76759799999945,1.976684625605138
4.906771,4786.58,4.906771,4833.98877,47.408770000000004,0.9904518466211786
4.904365,4781.46,4.904365,4794.272461,12.81246099999953,0.26796127124350155
4.901961,4760.94,4.901961,4787.864746,26.924746000000596,0.5655342432376925
4.899559,4690.38,4.899559,4786.583008,96.2030079999995,2.0510706595201134
4.89716,4668.56,4.89716,4781.455566,112.89556599999923,2.4182095978202964
4.894763,4668.56,4.894763,4760.943359,92.38335899999947,1.9788405632571813
4.892368,4653.15,4.892368,4690.382812,37.232812000000195,0.8001635881069856
4.889976,4640.3,4.889976,4682.680664,42.38066400000025,0.9133173286209998
4.887586,4590.18,4.887586,4669.841797,79.66179699999975,1.7354830747378043
4.885198,4590.18,4.885198,4668.558105,78.37810499999978,1.7075170254761203
4.882812,4564.47,4.882812,4640.302734,75.83273399999962,1.6613699728555475
4.880429,4551.6,4.880429,4590.183594,38.58359399999972,0.8476929870814597
4.878049,4503.99,4.878049,4574.754883,70.76488299999983,1.5711598604792603
4.87567,4501.42,4.87567,4564.466797,63.04679699999997,1.400597966863789
4.873294,4489.11,4.873294,4551.604492,62.49449200000072,1.3921354566941047
4.870921,4437.02,4.870921,4503.992188,66.97218799999973,1.5093956754758764
4.868549,4362.24,4.868549,4501.41748,139.1774800000003,3.190504878227706
4.86618,4324.82,4.86618,4493.693359,168.87335900000016,3.9047488450386414
4.863813,4297.71,4.863813,4489.105469,191.39546900000005,4.453429128535896
4.861449,4271.88,4.861449,4437.019531,165.1395309999998,3.865734313697946
4.859086,4271.88,4.859086,4362.239258,90.3592579999995,2.1152105864396824
4.856727,4240.86,4.856727,4324.817383,83.95738299999994,1.9797254094688328
4.854369,4229.23,4.854369,4297.705566,68.47556600000007,1.6191024370866582
4.852014,4218.89,4.852014,4271.875,52.98499999999967,1.2558990634977367
4.849661,4173.63,4.849661,4266.70752,93.07751999999982,2.2301334809266713
4.84731,4156.81,4.84731,4240.864746,84.0547459999998,2.0220973775563422
4.844961,4129.63,4.844961,4229.231934,99.60193400000026,2.411885180996851
4.842615,4098.55,4.842615,4218.890625,120.34062499999982,2.936175598687336
4.840271,4097.26,4.840271,4173.626953,76.36695299999974,1.8638542098866007
4.837929,4060.98,4.837929,4156.807129,95.82712899999979,2.3597045294485515
4.83559,4059.69,4.83559,4129.627441,69.93744099999958,1.7227286073567092
4.833253,3987.55,4.833253,4101.14209,113.5920900000001,2.8486687314265677
4.830918,3965.02,4.830918,4098.552246,133.5322460000002,3.3677571865967946
4.828585,3955.94,4.828585,4097.256836,141.3168359999995,3.57226944796937
4.826255,3931.28,4.826255,4060.983398,129.70339799999965,3.2992663458211995
4.823927,3931.28,4.823927,4059.687744,128.40774399999964,3.2663087849250023
4.821601,3926.08,4.821601,3994.864258,68.78425800000014,1.7519830976444735
4.819277,3926.08,4.819277,3990.9729,64.89290000000028,1.652867491238087
4.816956,3923.49,4.816956,3987.545898,64.05589800000007,1.6326254941391485
4.814636,3915.7,4.814636,3965.024902,49.32490200000029,1.259670097300618
4.81232,3915.7,4.81232,3955.940918,40.240917999999965,1.0276813341165045
4.810005,3911.8,4.810005,3949.451416,37.6514159999997,0.9625087172145738
4.807692,3891.02,4.807692,3931.278076,40.258076000000074,1.0346406854757897
4.805382,3878.03,4.805382,3926.084717,48.05471699999998,1.23915279149465
4.803074,3863.73,4.803074,3915.696777,51.96677700000009,1.3449898673043947
4.800768,3803.93,4.800768,3911.801025,107.87102500000037,2.8357783923468722
4.798464,3733.66,4.798464,3891.019531,157.35953100000006,4.214618658367394
4.796163,3712.4,4.796163,3878.027832,165.62783200000013,4.461475918543264
4.793864,3602.06,4.793864,3863.734375,261.67437500000005,7.2645756872456335
4.791567,3595.51,4.791567,3842.938477,247.42847699999993,6.881596129617215
4.789272,3586.38,4.789272,3803.929199,217.54919900000004,6.065982941015733
4.786979,3540.7,4.786979,3780.84082,240.14082000000008,6.78229785070749
4.784689,3535.48,4.784689,3733.657471,198.17747099999997,5.6053908097344625
4.782401,3535.48,4.782401,3712.398682,176.918682,5.004092287327322
4.780115,3527.64,4.780115,3708.915527,181.27552700000024,5.138719568890257
4.777831,3463.63,4.777831,3602.060547,138.43054699999993,3.99668980231722
4.775549,3414.54,4.775549,3595.511719,180.97171900000012,5.300032185887415
4.77327,3398.25,4.77327,3586.379395,188.12939499999993,5.536066946222318
4.770992,3369.47,4.770992,3540.699951,171.22995100000026,5.08180666395606
4.768717,3355.07,4.768717,3535.477539,180.40753899999982,5.377161698563661
4.766444,3348.53,4.766444,3527.643066,179.1130659999999,5.34900586227389
4.764173,3318.41,4.764173,3463.630859,145.22085900000002,4.376218098426657
4.761905,3273.87,4.761905,3414.542725,140.6727249999999,4.296832953049446
4.759638,3273.87,4.759638,3400.869141,126.99914100000024,3.8791748297886066
4.757374,3259.46,4.757374,3398.25293,138.79293000000007,4.258157179410088
4.755112,3218.81,4.755112,3369.467773,150.6577729999999,4.680542591827411
4.752852,3218.81,4.752852,3355.071045,136.2610450000002,4.233273942854663
4.750594,3090.18,4.750594,3348.526123,258.34612300000026,8.360228951064348
4.748338,3079.67,4.748338,3318.411377,238.74137699999983,7.752173999162242
4.746084,3065.22,4.746084,3273.871338,208.65133800000012,6.807059134417763
4.743833,3065.22,4.743833,3235.859619,170.63961900000004,5.566961555777401
4.741584,2969.22,4.741584,3153.214111,183.99411099999998,6.196715332646284
4.739336,2953.43,4.739336,3090.183594,136.75359400000025,4.630331309697547
4.737091,2871.79,4.737091,3080.987061,209.19706099999985,7.284552874687908
4.734848,2861.25,4.734848,3079.67334,218.42333999999983,7.633843250327647
4.732608,2796.65,4.732608,3065.218994,268.56899399999975,9.60323937568161
4.730369,2787.42,4.730369,2969.224365,181.80436499999996,6.522316873668121
4.728132,2764.99,4.728132,2953.432617,188.44261700000015,6.815309169291757
4.725898,2749.16,4.725898,2871.78833,122.62833,4.460574502757207
4.723666,2708.23,4.723666,2861.24707,153.01706999999988,5.650076618307894
4.721435,2685.78,4.721435,2837.523926,151.74392599999965,5.649901555600222
4.719207,2668.61,4.719207,2825.659424,157.04942399999982,5.885064659129652
4.716981,2655.4,4.716981,2796.649902,141.24990200000002,5.319345559990962
4.714757,2650.11,4.714757,2787.416992,137.3069919999998,5.181180856643679
4.712535,2650.11,4.712535,2786.098145,135.9881449999998,5.1314151110708535
4.710316,2607.82,4.710316,2774.225586,166.40558599999986,6.38102269328404
4.708098,2607.82,4.708098,2763.670654,155.85065399999985,5.9762811083587
4.705882,2598.56,4.705882,2749.155273,150.5952729999999,5.795335608952647
4.703669,2580.05,4.703669,2708.233398,128.18339799999967,4.968252475727201
4.701457,2572.11,4.701457,2691.066162,118.95616199999995,4.6248473821104055
4.699248,2539.03,4.699248,2685.783203,146.75320299999976,5.779892439238597
4.697041,2511.24,4.697041,2668.610596,157.3705960000002,6.266648986158241
4.694836,2496.67,4.694836,2655.398438,158.7284380000001,6.357605850993527
4.692633,2486.08,4.692633,2650.113037,164.03303700000015,6.598059475157685
4.690432,2455.62,4.690432,2607.815918,152.1959179999999,6.197861151155306
4.688233,2442.37,4.688233,2598.560303,156.1903030000003,6.3950303598554
4.686036,2427.79,4.686036,2580.045654,152.25565400000005,6.271368363820597
4.683841,2280.55,4.683841,2572.109375,291.5593749999998,12.78460787967814
4.681648,2268.6,4.681648,2539.033203,270.43320300000005,11.920708939434014
4.679457,2256.65,4.679457,2511.238037,254.58803699999999,11.28168023397514
4.677268,2239.38,4.677268,2496.674805,257.294805,11.489555368003643
4.675082,2230.08,4.675082,2486.081543,256.00154299999986,11.479478000789204
4.672897,2134.37,4.672897,2455.618164,321.2481640000001,15.051193748038067
4.670715,2105.1,4.670715,2438.394287,333.29428700000017,15.832705667189215
4.668534,2082.48,4.668534,2427.793213,345.3132129999999,16.581826139986934
4.666356,2055.85,4.666356,2293.829834,237.9798340000002,11.575739183306185
4.664179,2037.21,4.664179,2268.603271,231.3932709999999,11.358341604449219
4.662005,2035.88,4.662005,2256.650879,220.7708789999997,10.844002544354268
4.659832,2017.23,4.659832,2239.383301,222.15330099999983,11.012789865310342
4.657662,2010.57,4.657662,2230.083984,219.51398399999994,10.917997582775032
4.655493,1989.25,4.655493,2156.97876,167.72875999999997,8.431758703028779
4.653327,1986.58,4.653327,2105.099609,118.51960899999995,5.966012393158088
4.651163,1986.58,4.651163,2082.475342,95.89534200000026,4.827157325655159
4.649,1923.93,4.649,2055.850098,131.92009799999983,6.856803418003763
4.64684,1742.36,4.64684,2037.207153,294.84715300000016,16.922286611262898
4.644682,1731.65,4.644682,2035.875366,304.2253659999999,17.56852516386105
4.642526,1725.38,4.642526,2017.227905,291.84790499999986,16.914992929093874
4.640371,1719.62,4.640371,2010.567017,290.9470170000002,16.919262220723194
4.638219,1687.53,4.638219,1989.248535,301.718535,17.879299034683825
4.636069,1687.53,4.636069,1986.583374,299.0533740000001,17.72136637570888
4.63392,1651.41,4.63392,1923.925781,272.51578099999983,16.502006224983486
4.631774,1651.41,4.631774,1794.45874,143.04873999999995,8.66221834674611
4.62963,1568.41,4.62963,1742.360718,173.95071799999982,11.090895747923044
4.627487,1545.63,4.627487,1731.653564,186.02356399999985,12.035452469219662
4.625347,1435.7,4.625347,1728.97998,293.27998,20.42766455387616
4.623209,1430.33,4.623209,1719.621704,289.291704,20.225521662833053
4.621072,1399.47,4.621072,1687.527954,288.0579539999999,20.583360415014244
4.618938,1359.2,4.618938,1651.407593,292.20759299999986,21.498498602118882
4.616805,1345.77,4.616805,1648.731323,302.961323,22.51211744948988
4.614675,1300.1,4.614675,1568.405273,268.30527300000017,20.63727967079457
4.612546,1300.1,4.612546,1545.632202,245.5322020000001,18.885639720021548
4.61042,1219.44,4.61042,1446.43042,226.99041999999986,18.614316407531316
4.608295,1181.77,4.608295,1435.698853,253.92885300000012,21.487163576668905
4.606172,1149.48,4.606172,1430.332642,280.85264200000006,24.433016842398306
4.604052,1149.48,4.604052,1402.154175,252.67417499999988,21.981606900511526
4.601933,1145.44,4.601933,1399.470093,254.03009299999985,22.177511960469324
4.599816,1136.02,4.599816,1359.197754,223.17775400000005,19.64558317635253
4.597701,1133.32,4.597701,1345.769409,212.44940900000006,18.745756626548555
4.595588,1037.69,4.595588,1300.097168,262.40716799999996,25.287626169665305
4.593477,986.46,4.593477,1223.474731,237.01473099999998,24.02679591671228
4.591368,979.72,4.591368,1219.440063,239.72006299999998,24.46822183889274
4.589261,979.72,4.589261,1181.77417,202.05416999999989,20.623664924672344
4.587156,958.13,4.587156,1149.476074,191.34607399999993,19.970784131589653
4.585053,958.13,4.585053,1145.437988,187.3079879999999,19.549329214198483
4.582951,874.46,4.582951,1136.015015,261.5550149999999,29.910460741486162
4.580852,831.24,4.580852,1072.720215,241.48021500000004,29.05060090948463
4.578755,829.89,4.578755,1037.686401,207.79640099999995,25.03902938943715
4.576659,816.38,4.576659,986.457886,170.07788600000003,20.833176461941747
4.574565,793.41,4.574565,979.715027,186.305027,23.481557706608186
4.572474,786.65,4.572474,958.134583,171.48458300000004,21.79934952011696
4.570384,786.65,4.570384,920.35614,133.70614,16.996903324222973
4.568296,749.19,4.568296,874.460693,125.27069299999994,16.72081754962025
4.56621,731.22,4.56621,831.243286,100.02328599999998,13.678959273542842
4.564126,725.81,4.564126,829.892456,104.0824560000001,14.340179385789684
4.562044,693.35,4.562044,816.382507,123.03250700000001,17.74464657099589
4.559964,679.82,4.559964,793.411011,113.59101099999998,16.708983407372536
4.557885,663.58,4.557885,786.653564,123.07356399999992,18.546906778383903
4.555809,663.58,4.555809,749.185486,85.60548599999993,12.900552457879973
4.553734,572.86,4.553734,731.223267,158.36326699999995,27.644322696644895
4.551661,510.52,4.551661,725.813599,215.29359899999997,42.171432852777556
4.549591,487.47,4.549591,693.348877,205.878877,42.234163538269016
4.547522,475.26,4.547522,679.81842,204.55841999999996,43.041371039010215
4.545455,449.49,4.545455,663.579285,214.08928500000002,47.62937662684376
4.543389,418.29,4.543389,658.165588,239.87558799999994,57.34671830548182
4.541326,388.43,4.541326,572.8573,184.4273,47.48018948073012
4.539265,331.4,4.539265,510.518433,179.11843300000004,54.0490141822571
4.537205,301.51,4.537205,487.469452,185.959452,61.67604789227554
4.535147,290.64,4.535147,475.264709,184.624709,63.523502958987066
4.533092,236.27,4.533092,449.493866,213.22386600000002,90.24584839378677
4.531038,228.11,4.531038,439.997559,211.887559,92.88832536933936
4.528986,209.08,4.528986,418.287994,209.207994,100.0612177157069
4.526935,161.46,4.526935,331.399078,169.93907799999997,105.2515037780255
4.524887,143.77,4.524887,319.173859,175.40385899999998,122.003101481533
4.52284,141.05,4.52284,301.51236,160.46236,113.76275079758949
4.520796,35.35,4.520796,290.64209,255.29209,722.1841301272984
4.518753,0.0,4.518753,255.305023,255.305023,inf
4.516712,0.0,4.516712,236.271896,236.271896,inf
4.514673,0.0,4.514673,228.113663,228.113663,inf
4.512635,0.0,4.512635,209.075043,209.075043,inf
4.5106,0.0,4.5106,161.461761,161.461761,inf
4.508566,0.0,4.508566,143.770737,143.770737,inf
4.506534,0.0,4.506534,141.048752,141.048752,inf
4.504505,0.0,4.504505,35.349323,35.349323,inf
