RP,Loss_gen,ReturnPeriod,Loss_expected,Loss_Diff,Percent_Diff
10000.0,840000.0,10000.0,840000.0,0.0,0.0
5000.0,840000.0,5000.0,840000.0,0.0,0.0
3333.333333,840000.0,3333.333333,840000.0,0.0,0.0
2500.0,840000.0,2500.0,840000.0,0.0,0.0
2000.0,765213.19,2000.0,840000.0,74786.81000000006,9.773329965731518
1666.666667,755710.25,1666.666667,765213.1875,9502.9375,1.257484267283658
1428.571429,708281.56,1428.571429,709397.25,1115.6899999999441,0.1575206899357854
1250.0,643294.22,1250.0,708281.5625,64987.34250000003,10.102273653259317
1111.111111,643294.22,1111.111111,643294.25,0.030000000027939677,4.6634959704658435e-06
1000.0,642618.62,1000.0,642618.625,0.005000000004656613,7.780664688266601e-07
909.090909,633450.23,909.090909,642145.3125,8695.082500000019,1.3726544072767988
833.333333,620394.16,833.333333,620394.125,0.03500000003259629,5.641574709954763e-06
769.230769,602103.14,769.230769,602103.125,0.015000000013969839,2.491267528345698e-06
714.285714,554742.16,714.285714,592558.375,37816.21499999997,6.816899404220505
666.666667,554742.16,666.666667,575517.8125,20775.652499999967,3.7451006968714915
625.0,544576.38,625.0,554742.125,10165.744999999995,1.8667252883791976
588.235294,539163.73,588.235294,549160.5,9996.770000000019,1.8541250910924627
555.555556,538414.59,555.555556,544576.375,6161.785000000033,1.1444312829635677
526.315789,535240.16,526.315789,539163.75,3923.5899999999674,0.7330522433144716
500.0,534257.29,500.0,538414.625,4157.334999999963,0.7781522269915985
476.190476,532833.79,476.190476,535240.125,2406.3349999999627,0.45161081094349564
454.545455,528610.1,454.545455,534257.3125,5647.212500000023,1.0683133939362912
434.782609,523560.36,434.782609,532833.8125,9273.452500000014,1.771228918094566
416.666667,519744.68,416.666667,528610.125,8865.445000000007,1.7057307830452457
400.0,519744.68,400.0,523560.375,3815.695000000007,0.7341479666516273
384.615385,506965.28,384.615385,519744.6875,12779.407499999972,2.5207658204916856
370.37037,504002.01,370.37037,511630.03125,7628.021249999991,1.5134902438186686
357.142857,497126.33,357.142857,504002.0,6875.669999999984,1.3830830485281242
344.827586,489905.52,344.827586,500088.8125,10183.292499999981,2.078623751779727
333.333333,488583.01,333.333333,495121.3125,6538.302499999991,1.338217327696268
322.580645,486676.35,322.580645,492873.4375,6197.087500000023,1.273348807682975
312.5,472158.07,312.5,489905.53125,17747.461249999993,3.7587965509093157
303.030303,464444.17,303.030303,487346.6875,22902.517500000016,4.931166968895318
294.117647,452429.85,294.117647,477452.125,25022.275000000023,5.530641932666473
285.714286,452429.85,285.714286,455095.1875,2665.3375000000233,0.5891161911620163
277.777778,445300.32,277.777778,452429.84375,7129.523749999993,1.6010596511585693
270.27027,445136.71,270.27027,445300.3125,163.60249999997905,0.03675331562745725
263.157895,445136.71,263.157895,445136.71875,0.008749999979045242,1.9656882441902493e-06
256.410256,441382.62,256.410256,441791.03125,408.41125000000466,0.09252997999785416
250.0,437950.57,250.0,437950.5625,0.007500000006984919,1.712522033476271e-06
243.902439,434215.25,243.902439,434215.21875,0.03125,7.196891403514732e-06
238.095238,424805.11,238.095238,434141.9375,9336.827500000014,2.1979084714870813
232.55814,420000.03,232.55814,424805.09375,4805.063749999972,1.1440627159002756
227.272727,420000.03,227.272727,424183.125,4183.094999999972,0.9959749288589269
222.222222,420000.0,222.222222,420000.03125,0.03125,7.44047619047619e-06
217.391304,420000.0,217.391304,420000.03125,0.03125,7.44047619047619e-06
212.765957,420000.0,212.765957,420000.0,0.0,0.0
208.333333,420000.0,208.333333,420000.0,0.0,0.0
204.081633,420000.0,204.081633,420000.0,0.0,0.0
200.0,420000.0,200.0,420000.0,0.0,0.0
196.078431,420000.0,196.078431,420000.0,0.0,0.0
192.307692,420000.0,192.307692,420000.0,0.0,0.0
188.679245,420000.0,188.679245,420000.0,0.0,0.0
185.185185,420000.0,185.185185,420000.0,0.0,0.0
181.818182,420000.0,181.818182,420000.0,0.0,0.0
178.571429,420000.0,178.571429,420000.0,0.0,0.0
175.438596,420000.0,175.438596,420000.0,0.0,0.0
172.413793,420000.0,172.413793,420000.0,0.0,0.0
169.491525,420000.0,169.491525,420000.0,0.0,0.0
166.666667,420000.0,166.666667,420000.0,0.0,0.0
163.934426,420000.0,163.934426,420000.0,0.0,0.0
161.290323,420000.0,161.290323,420000.0,0.0,0.0
158.730159,420000.0,158.730159,420000.0,0.0,0.0
156.25,420000.0,156.25,420000.0,0.0,0.0
153.846154,420000.0,153.846154,420000.0,0.0,0.0
151.515152,420000.0,151.515152,420000.0,0.0,0.0
149.253731,420000.0,149.253731,420000.0,0.0,0.0
147.058824,420000.0,147.058824,420000.0,0.0,0.0
144.927536,420000.0,144.927536,420000.0,0.0,0.0
142.857143,420000.0,142.857143,420000.0,0.0,0.0
140.84507,420000.0,140.84507,420000.0,0.0,0.0
138.888889,420000.0,138.888889,420000.0,0.0,0.0
136.986301,420000.0,136.986301,420000.0,0.0,0.0
135.135135,420000.0,135.135135,420000.0,0.0,0.0
133.333333,420000.0,133.333333,420000.0,0.0,0.0
131.578947,420000.0,131.578947,420000.0,0.0,0.0
129.87013,420000.0,129.87013,420000.0,0.0,0.0
128.205128,420000.0,128.205128,420000.0,0.0,0.0
126.582278,420000.0,126.582278,420000.0,0.0,0.0
125.0,420000.0,125.0,420000.0,0.0,0.0
123.45679,420000.0,123.45679,420000.0,0.0,0.0
121.95122,420000.0,121.95122,420000.0,0.0,0.0
120.481928,420000.0,120.481928,420000.0,0.0,0.0
119.047619,420000.0,119.047619,420000.0,0.0,0.0
117.647059,420000.0,117.647059,420000.0,0.0,0.0
116.27907,420000.0,116.27907,420000.0,0.0,0.0
114.942529,420000.0,114.942529,420000.0,0.0,0.0
113.636364,420000.0,113.636364,420000.0,0.0,0.0
112.359551,420000.0,112.359551,420000.0,0.0,0.0
111.111111,420000.0,111.111111,420000.0,0.0,0.0
109.89011,420000.0,109.89011,420000.0,0.0,0.0
108.695652,420000.0,108.695652,420000.0,0.0,0.0
107.526882,420000.0,107.526882,420000.0,0.0,0.0
106.382979,420000.0,106.382979,420000.0,0.0,0.0
105.263158,420000.0,105.263158,420000.0,0.0,0.0
104.166667,420000.0,104.166667,420000.0,0.0,0.0
103.092784,420000.0,103.092784,420000.0,0.0,0.0
102.040816,420000.0,102.040816,420000.0,0.0,0.0
101.010101,420000.0,101.010101,420000.0,0.0,0.0
100.0,420000.0,100.0,420000.0,0.0,0.0
99.009901,420000.0,99.009901,420000.0,0.0,0.0
98.039216,420000.0,98.039216,420000.0,0.0,0.0
97.087379,420000.0,97.087379,420000.0,0.0,0.0
96.153846,420000.0,96.153846,420000.0,0.0,0.0
95.238095,420000.0,95.238095,420000.0,0.0,0.0
94.339623,420000.0,94.339623,420000.0,0.0,0.0
93.457944,420000.0,93.457944,420000.0,0.0,0.0
92.592593,420000.0,92.592593,420000.0,0.0,0.0
91.743119,420000.0,91.743119,420000.0,0.0,0.0
90.909091,420000.0,90.909091,420000.0,0.0,0.0
90.09009,420000.0,90.09009,420000.0,0.0,0.0
89.285714,420000.0,89.285714,420000.0,0.0,0.0
88.495575,420000.0,88.495575,420000.0,0.0,0.0
87.719298,420000.0,87.719298,420000.0,0.0,0.0
86.956522,420000.0,86.956522,420000.0,0.0,0.0
86.206897,420000.0,86.206897,420000.0,0.0,0.0
85.470085,420000.0,85.470085,420000.0,0.0,0.0
84.745763,420000.0,84.745763,420000.0,0.0,0.0
84.033613,420000.0,84.033613,420000.0,0.0,0.0
83.333333,420000.0,83.333333,420000.0,0.0,0.0
82.644628,420000.0,82.644628,420000.0,0.0,0.0
81.967213,420000.0,81.967213,420000.0,0.0,0.0
81.300813,420000.0,81.300813,420000.0,0.0,0.0
80.645161,420000.0,80.645161,420000.0,0.0,0.0
80.0,420000.0,80.0,420000.0,0.0,0.0
79.365079,420000.0,79.365079,420000.0,0.0,0.0
78.740157,420000.0,78.740157,420000.0,0.0,0.0
78.125,420000.0,78.125,420000.0,0.0,0.0
77.51938,420000.0,77.51938,420000.0,0.0,0.0
76.923077,420000.0,76.923077,420000.0,0.0,0.0
76.335878,420000.0,76.335878,420000.0,0.0,0.0
75.757576,420000.0,75.757576,420000.0,0.0,0.0
75.18797,420000.0,75.18797,420000.0,0.0,0.0
74.626866,420000.0,74.626866,420000.0,0.0,0.0
74.074074,420000.0,74.074074,420000.0,0.0,0.0
73.529412,420000.0,73.529412,420000.0,0.0,0.0
72.992701,420000.0,72.992701,420000.0,0.0,0.0
72.463768,420000.0,72.463768,420000.0,0.0,0.0
71.942446,420000.0,71.942446,420000.0,0.0,0.0
71.428571,420000.0,71.428571,420000.0,0.0,0.0
70.921986,420000.0,70.921986,420000.0,0.0,0.0
70.422535,419999.97,70.422535,420000.0,0.030000000027939677,7.142857659713566e-06
69.93007,419999.97,69.93007,420000.0,0.030000000027939677,7.142857659713566e-06
69.444444,419999.97,69.444444,420000.0,0.030000000027939677,7.142857659713566e-06
68.965517,419999.97,68.965517,420000.0,0.030000000027939677,7.142857659713566e-06
68.493151,419999.97,68.493151,419999.96875,0.0012499999720603228,2.97619062225248e-07
68.027211,419649.91,68.027211,419999.96875,350.0587500000256,0.08341685334807426
67.567568,419444.55,67.567568,419999.96875,555.4187500000116,0.1324176819081358
67.114094,419255.06,67.114094,419999.96875,744.9087500000023,0.177674361282605
66.666667,416921.25,66.666667,419999.96875,3078.71875,0.7384413123581491
66.225166,412438.51,66.225166,419649.90625,7211.396249999991,1.7484779125014271
65.789474,411677.0,65.789474,419255.0625,7578.0625,1.8407786930044672
65.359477,406633.06,65.359477,416921.25,10288.190000000002,2.5300918720184735
64.935065,404466.69,64.935065,411842.1875,7375.497499999998,1.823511721076462
64.516129,401694.12,64.516129,411677.0,9982.880000000005,2.4851944559208397
64.102564,401662.28,64.102564,406633.0625,4970.782499999972,1.2375527271318512
63.694268,400931.69,63.694268,404466.6875,3534.9974999999977,0.881695707316126
63.291139,399694.28,63.291139,402650.4375,2956.157499999972,0.7396046548376854
62.893082,399694.28,62.893082,401694.125,1999.844999999972,0.5003436626613651
62.5,396468.22,62.5,401674.625,5206.405000000028,1.3131960488535572
62.111801,391296.04,62.111801,401662.28125,10366.241250000021,2.649206787270329
61.728395,386559.13,61.728395,400931.6875,14372.557499999995,3.7180747742266487
61.349693,385870.12,61.349693,399694.28125,13824.161250000005,3.5825943843488077
60.97561,385758.09,60.97561,396703.375,10945.284999999974,2.83734425375239
60.606061,385758.09,60.606061,396468.21875,10710.128749999974,2.776384741535809
60.240964,383925.09,60.240964,389347.0,5421.909999999974,1.4122312245860187
59.88024,382066.94,59.88024,385870.125,3803.1849999999977,0.9954237338619242
59.52381,380701.09,59.52381,385758.09375,5057.003749999974,1.3283397087200286
59.171598,380510.56,59.171598,383925.09375,3414.5337500000023,0.8973558447366091
58.823529,377323.22,58.823529,382066.9375,4743.717500000028,1.2572026444595772
58.479532,373120.74,58.479532,380701.09375,7580.353750000009,2.031608789690975
58.139535,373102.28,58.139535,380510.5625,7408.282499999972,1.9855902515524622
57.803468,372354.5,57.803468,377323.21875,4968.71875,1.334405452331045
57.471264,371333.41,57.471264,375269.625,3936.2150000000256,1.0600217739631954
57.142857,369913.5,57.142857,373102.28125,3188.78125,0.8620342999106547
56.818182,369913.5,56.818182,372354.5,2441.0,0.6598839999080867
56.497175,369063.48,56.497175,371326.375,2262.8950000000186,0.6131451965932849
56.179775,368910.41,56.179775,370094.625,1184.2150000000256,0.32100341109919495
55.865922,368006.03,55.865922,369913.5,1907.469999999972,0.5183257459123622
55.555556,365390.69,55.555556,368910.40625,3519.7162499999977,0.9632747484617076
55.248619,362799.31,55.248619,368006.03125,5206.721250000002,1.4351519163583861
54.945055,362155.75,54.945055,365390.6875,3234.9375,0.8932448262936595
54.644809,362155.75,54.644809,363803.3125,1647.5625,0.45493202855401305
54.347826,357713.22,54.347826,363500.125,5786.905000000028,1.6177498276412676
54.054054,357713.22,54.054054,362467.4375,4754.217500000028,1.3290583725141687
53.763441,356003.75,53.763441,362196.40625,6192.65625,1.7394918592851902
53.475936,355857.03,53.475936,362155.75,6298.719999999972,1.7700142104822185
53.191489,355221.94,53.191489,357915.15625,2693.2162499999977,0.7581784644270558
52.910053,355221.94,52.910053,357713.21875,2491.2787499999977,0.7013302021828938
52.631579,354231.25,52.631579,357600.34375,3369.09375,0.9511000935123595
52.356021,353842.03,52.356021,356003.75,2161.719999999972,0.6109279895324962
52.083333,353842.03,52.083333,355857.03125,2015.001249999972,0.569463511725832
51.813472,353466.81,51.813472,355773.40625,2306.5962500000023,0.6525637442451817
51.546392,353107.91,51.546392,355221.9375,2114.0275000000256,0.5986916294228656
51.282051,350339.22,51.282051,354231.25,3892.030000000028,1.1109318562734793
51.020408,349901.44,51.020408,353842.03125,3940.5912499999977,1.1262003523049227
50.761421,348910.61,50.761421,353466.8125,4556.202500000014,1.305836615286653
50.505051,346663.27,50.505051,351334.65625,4671.386249999981,1.3475284676106531
50.251256,345278.62,50.251256,350339.21875,5060.598750000005,1.465656561648678
50.0,343726.72,50.0,349901.4375,6174.717500000028,1.7964031134966838
49.751244,341602.59,49.751244,348910.625,7308.034999999974,2.139338287803958
49.50495,341480.38,49.50495,346623.125,5142.744999999995,1.5060147818741432
49.261084,340657.91,49.261084,345278.625,4620.715000000026,1.3564091319646814
49.019608,338134.03,49.019608,341602.59375,3468.563749999972,1.0257955255198574
48.780488,337379.52,48.780488,341480.375,4100.854999999981,1.2155020553707532
48.543689,336104.62,48.543689,341449.09375,5344.473750000005,1.5901220727046255
48.309179,334946.38,48.309179,340657.90625,5711.526249999995,1.7052061437415729
48.076923,334874.8,48.076923,338194.65625,3319.8562500000116,0.9913723726001513
47.84689,334653.0,47.84689,338134.03125,3481.03125,1.040191257810329
47.619048,333156.31,47.619048,337287.59375,4131.283750000002,1.2400436749944799
47.393365,332533.44,47.393365,336104.625,3571.1849999999977,1.0739325945685334
47.169811,331699.66,47.169811,335433.4375,3733.7775000000256,1.1256500835725987
46.948357,331649.12,46.948357,334946.375,3297.2550000000047,0.9941998338484976
46.728972,330334.81,46.728972,334653.0,4318.190000000002,1.3072161544222367
46.511628,326350.18,46.511628,333156.3125,6806.132500000007,2.0855304875272345
46.296296,325935.0,46.296296,332924.28125,6989.28125,2.144378863883903
46.082949,325733.0,46.082949,332821.125,7088.125,2.176053700423353
45.87156,324487.19,45.87156,332533.4375,8046.247499999998,2.4796810931118722
45.6621,322443.21,45.6621,331699.65625,9256.446249999979,2.8707214054840784
45.454545,320835.52,45.454545,331649.125,10813.604999999981,3.3704513141188297
45.248869,317514.06,45.248869,331114.8125,13600.752500000002,4.283511886056322
45.045045,317331.44,45.045045,330334.8125,13003.372499999998,4.097725866683741
44.843049,315604.31,44.843049,329369.375,13765.065000000002,4.361494619639384
44.642857,315604.31,44.642857,328197.625,12593.315000000002,3.9902227570973294
44.444444,314558.12,44.444444,325935.0,11376.880000000005,3.6167815346810963
44.247788,314143.47,44.247788,325733.0,11589.530000000028,3.6892474639055934
44.052863,312639.88,44.052863,324882.0625,12242.182499999995,3.9157456495953094
43.859649,312291.25,43.859649,317883.9375,5592.6875,1.790856292003058
43.668122,311559.93,43.668122,317567.375,6007.445000000007,1.9281828057927755
43.478261,311082.25,43.478261,317331.4375,6249.1875,2.008853767773635
43.290043,311082.25,43.290043,315604.3125,4522.0625,1.4536549417396845
43.103448,310367.42,43.103448,315368.34375,5000.923750000016,1.6112914654508572
42.918455,308491.53,42.918455,314558.125,6066.594999999972,1.9665353534989993
42.735043,307522.94,42.735043,313741.5625,6218.622499999998,2.022165403335438
42.553191,306875.56,42.553191,312639.875,5764.315000000002,1.878388425588536
42.372881,306875.56,42.372881,312291.25,5415.690000000002,1.7647837449160182
42.194093,304456.41,42.194093,311082.25,6625.840000000026,2.176285268554545
42.016807,303808.16,42.016807,310766.0,6957.840000000026,2.290208399932387
41.841004,303010.59,41.841004,308491.53125,5480.941249999974,1.8088282822062338
41.666667,302823.62,41.666667,308031.15625,5207.536250000005,1.719659863388465
41.493776,300782.88,41.493776,307522.9375,6740.057499999995,2.2408381421176617
41.322314,300782.88,41.322314,307520.09375,6737.213749999995,2.2398926926958063
41.152263,300528.98,41.152263,306875.5625,6346.582500000019,2.1118038267058368
40.983607,300504.84,40.983607,305001.84375,4497.003749999974,1.4964829684606658
40.816327,299323.22,40.816327,304456.40625,5133.186250000028,1.7149308530090075
40.650407,298824.88,40.650407,304057.15625,5232.276249999995,1.7509506738528584
40.48583,298820.62,40.48583,303010.59375,4189.973750000005,1.40217022172031
40.322581,294896.79,40.322581,302823.625,7926.835000000021,2.688003148491383
40.160643,294232.65,40.160643,300782.875,6550.224999999977,2.2262060311797405
40.0,291391.62,40.0,300504.84375,9113.223750000005,3.1274831273459425
39.840637,291391.62,39.840637,300182.75,8791.130000000005,3.0169467467870232
39.68254,291232.31,39.68254,298824.875,7592.565000000002,2.6070476177591706
39.525692,291018.38,39.525692,298820.625,7802.244999999995,2.681014511866912
39.370079,290846.91,39.370079,294963.875,4116.965000000026,1.4155092794350217
39.215686,290382.06,39.215686,293327.3125,2945.2525000000023,1.0142680646318172
39.0625,289174.12,39.0625,291405.4375,2231.3175000000047,0.7716172871901554
38.910506,289174.12,38.910506,291391.625,2217.5050000000047,0.7668407532458315
38.75969,288827.0,38.75969,291232.3125,2405.3125,0.8327865815869016
38.610039,288443.24,38.610039,291018.375,2575.1350000000093,0.8927700992403251
38.461538,287530.24,38.461538,290846.90625,3316.6662500000093,1.1535017151587288
38.314176,286385.44,38.314176,290382.0625,3996.6224999999977,1.3955396964314937
38.167939,286256.66,38.167939,289174.125,2917.4650000000256,1.0191780341460093
38.022814,286189.12,38.022814,288827.0,2637.8800000000047,0.9217261648521106
37.878788,285244.62,37.878788,287747.40625,2502.7862500000047,0.8774175127299525
37.735849,283931.72,37.735849,286385.4375,2453.717500000028,0.8641928066367605
37.593985,283485.84,37.593985,286256.65625,2770.8162499999744,0.9774090480145232
37.453184,282956.91,37.453184,286233.75,3276.8400000000256,1.1580703224388569
37.313433,282151.59,37.313433,286189.125,4037.5349999999744,1.4309807717191931
37.174721,281642.47,37.174721,285244.625,3602.155000000028,1.278981468952473
37.037037,280899.88,37.037037,283931.71875,3031.8387499999953,1.079330738767135
36.900369,280133.59,36.900369,283485.84375,3352.2537499999744,1.1966625458946119
36.764706,279112.72,36.764706,282812.28125,3699.561250000028,1.3254721067531527
36.630037,279100.38,36.630037,282151.59375,3051.2137499999953,1.093231671701771
36.49635,278920.75,36.49635,281642.46875,2721.71875,0.9758036108823026
36.363636,277765.26,36.363636,280899.875,3134.6149999999907,1.1285122552762685
36.231884,277597.12,36.231884,280133.59375,2536.4737500000047,0.9137248073755249
36.101083,277338.75,36.101083,279112.71875,1773.96875,0.639639700546714
35.971223,276712.09,35.971223,279100.375,2388.2849999999744,0.8630938387982882
35.842294,276385.28,35.842294,278921.1875,2535.907499999972,0.9175262517598519
35.714286,275596.33,35.714286,278920.75,3324.4199999999837,1.2062642488744257
35.587189,274719.53,35.587189,278243.5625,3524.032499999972,1.2827746538442213
35.460993,272446.84,35.460993,278235.1875,5788.347499999974,2.124578688451653
35.335689,272446.84,35.335689,277597.125,5150.284999999974,1.8903816245400291
35.211268,272246.66,35.211268,277338.75,5092.090000000026,1.8703957653695462
35.087719,272028.12,35.087719,277316.15625,5288.036250000005,1.9439300062067129
34.965035,271723.91,34.965035,276712.09375,4988.183750000026,1.835754442809257
34.843206,271723.91,34.843206,275600.9375,3877.0275000000256,1.4268260382386024
34.722222,271070.31,34.722222,274719.53125,3649.2212500000023,1.3462268331784482
34.602076,270862.38,34.602076,272446.84375,1584.4637499999953,0.5849700316448505
34.482759,270862.38,34.482759,272246.65625,1384.2762499999953,0.511062573547495
34.364261,270369.53,34.364261,272028.125,1658.594999999972,0.6134548519576049
34.246575,269553.0,34.246575,271723.90625,2170.90625,0.8053726910848701
34.129693,269328.94,34.129693,271070.3125,1741.3724999999977,0.6465597421502486
34.013605,269015.94,34.013605,270862.375,1846.4349999999977,0.6863663915231185
33.898305,268906.97,33.898305,270369.53125,1462.561250000028,0.5438911642937437
33.783784,268167.72,33.783784,269861.53125,1693.811250000028,0.6316238397373212
33.670034,266790.88,33.670034,269590.3125,2799.4324999999953,1.0492984242939623
33.557047,266736.09,33.557047,269328.9375,2592.8474999999744,0.9720647475937636
33.444816,264442.31,33.444816,269015.9375,4573.627500000002,1.7295369640357483
33.333333,263205.84,33.333333,268906.96875,5701.128749999974,2.1660342908804657
33.222591,262971.88,33.222591,268885.96875,5914.088749999995,2.248943404138874
33.112583,262764.03,33.112583,268458.6875,5694.657499999972,2.1672134880866194
33.0033,262034.77,33.0033,267082.65625,5047.8862500000105,1.926418486371107
32.894737,261965.6,32.894737,266790.875,4825.274999999994,1.8419498590654628
32.786885,261830.39,32.786885,266736.09375,4905.703749999986,1.873618929414567
32.679739,261791.41,32.679739,265712.8125,3921.4024999999965,1.497911065913124
32.57329,261301.7,32.57329,265236.46875,3934.7687499999884,1.5058335824068454
32.467532,261130.88,32.467532,264442.3125,3311.4324999999953,1.2681121819066343
32.36246,260797.17,32.36246,263205.84375,2408.673749999987,0.9235812451492427
32.258065,260413.38,32.258065,262971.875,2558.4949999999953,0.9824744796139105
32.154341,258890.28,32.154341,262764.03125,3873.751250000001,1.4962907259399625
32.051282,258698.88,32.051282,262504.53125,3805.6512499999953,1.4710737247876742
31.948882,257969.19,31.948882,262134.9375,4165.747499999998,1.6148236539409988
31.847134,257198.47,31.847134,262034.765625,4836.295624999999,1.8803749590734342
31.746032,257112.97,31.746032,261915.625,4802.654999999999,1.8679162704238523
31.64557,257112.97,31.64557,261830.390625,4717.420624999999,1.8347657160196933
31.545741,256047.77,31.545741,261375.203125,5327.4331250000105,2.080640313719589
31.446541,254587.28,31.446541,261301.703125,6714.423125000001,2.6373757263127997
31.347962,254292.91,31.347962,261130.875,6837.9649999999965,2.6890112665744383
31.25,254157.61,31.25,260797.171875,6639.561875000014,2.6123797257142978
31.152648,254110.97,31.152648,260639.984375,6529.014374999999,2.5693555752433666
31.055901,252941.81,31.055901,260413.375,7471.565000000002,2.9538671364769638
30.959752,252290.36,30.959752,258890.28125,6599.921250000014,2.616002153233288
30.864198,252151.85,30.864198,258698.875,6547.024999999994,2.5964612196975727
30.769231,250504.16,30.769231,257969.1875,7465.0274999999965,2.980001409956624
30.674847,249849.92,30.674847,257910.140625,8060.220624999987,3.226024897266322
30.58104,249782.72,30.58104,257198.46875,7415.748749999999,2.96887981282292
30.487805,249751.91,30.487805,257112.96875,7361.0587499999965,2.9473483305893424
30.395137,248048.58,30.395137,256603.0,8554.420000000013,3.4486873498731634
30.30303,247400.75,30.30303,254587.28125,7186.53125,2.9048138495942313
30.21148,247033.75,30.21148,254157.609375,7123.859375,2.883759557145532
30.120482,245430.42,30.120482,252941.8125,7511.392499999987,3.0604977573684575
30.03003,244953.8,30.03003,252290.359375,7336.559375000012,2.9950788169034372
29.94012,244408.5,29.94012,250715.484375,6306.984375,2.5805094237720865
29.850746,244135.97,29.850746,250504.15625,6368.186249999999,2.608458823171366
29.761905,244135.97,29.761905,250358.265625,6222.295624999999,2.5487008837739062
29.673591,243976.12,29.673591,249849.921875,5873.801875000005,2.407531472752335
29.585799,243872.8,29.585799,249782.71875,5909.918750000012,2.4233611743499117
29.498525,243498.45,29.498525,249751.90625,6253.456249999988,2.568170865153346
29.411765,243189.22,29.411765,247299.109375,4109.889374999999,1.689996528217821
29.325513,242563.84,29.325513,245430.421875,2866.5818750000035,1.1817845046483448
29.239766,242167.91,29.239766,245049.0625,2881.1524999999965,1.18973339613824
29.154519,242167.91,29.154519,244698.375,2530.4649999999965,1.0449216826457297
29.069767,242036.62,29.069767,244408.5,2371.8800000000047,0.9799674115429329
28.985507,241990.0,28.985507,244135.96875,2145.96875,0.8868005909335097
28.901734,241654.18,28.901734,243976.125,2321.945000000007,0.960854473942891
28.818444,240912.41,28.818444,243872.8125,2960.4024999999965,1.2288293907316756
28.735632,240912.41,28.735632,243866.109375,2953.6993749999965,1.2260469998203898
28.653295,240188.62,28.653295,243453.65625,3265.0362500000047,1.3593634244619937
28.571429,239942.17,28.571429,243189.21875,3247.048749999987,1.3532630591779624
28.490028,239325.62,28.490028,242982.03125,3656.4112500000047,1.5277976716408401
28.409091,238789.66,28.409091,242563.84375,3774.1837499999965,1.580547394723874
28.328612,238038.38,28.328612,242167.90625,4129.526249999995,1.7348153058342926
28.248588,237839.41,28.248588,242036.625,4197.2149999999965,1.7647264597570254
28.169014,237192.93,28.169014,241990.0,4797.070000000007,2.0224338052571835
28.089888,235421.94,28.089888,241503.546875,6081.606874999998,2.583279568165991
28.011204,235421.94,28.011204,240912.40625,5490.466249999998,2.332181210468318
27.932961,235117.23,27.932961,240822.6875,5705.4574999999895,2.4266437215171295
27.855153,234585.34,27.855153,240770.125,6184.7850000000035,2.636475493310879
27.777778,234557.69,27.777778,239942.171875,5384.481874999998,2.295589573294313
27.700831,234342.47,27.700831,239551.703125,5209.233124999999,2.222914662032878
27.624309,234318.59,27.624309,239355.40625,5036.8162500000035,2.1495589615830326
27.548209,232225.96,27.548209,239325.625,7099.665000000008,3.057222801447353
27.472527,232003.05,27.472527,238038.375,6035.325000000012,2.6013989902287973
27.39726,231548.46,27.39726,237839.40625,6290.946250000008,2.716902651825025
27.322404,231482.8,27.322404,237011.34375,5528.543750000012,2.3883172961446864
27.247956,231318.27,27.247956,236008.53125,4690.2612500000105,2.027622483083593
27.173913,230587.75,27.173913,235421.9375,4834.1875,2.0964632769954172
27.100271,228743.42,27.100271,234652.984375,5909.564374999987,2.5834904343915057
27.027027,228174.19,27.027027,234557.6875,6383.497499999998,2.797642231139288
26.954178,227847.5,26.954178,234342.46875,6494.96875,2.8505771404118985
26.88172,227430.09,26.88172,234318.59375,6888.5037500000035,3.0288444901903717
26.809651,227401.98,26.809651,232003.046875,4601.0668749999895,2.0233187393531002
26.737968,226714.34,26.737968,231564.203125,4849.8631250000035,2.1391955731604817
26.666667,226278.19,26.666667,231482.796875,5204.606874999998,2.3000921454250616
26.595745,226127.16,26.595745,231318.265625,5191.1056249999965,2.2956577285983677
26.525199,225333.85,26.525199,230962.15625,5628.306249999994,2.4977633187379498
26.455026,224457.64,26.455026,230201.015625,5743.375624999986,2.5587792979557236
26.385224,224457.64,26.385224,229928.6875,5471.047499999986,2.437452117914091
26.315789,224192.39,26.315789,229566.078125,5373.688124999986,2.3969092461166883
26.246719,223817.33,26.246719,228743.421875,4926.091875000013,2.200943007853777
26.17801,223540.36,26.17801,228174.1875,4633.827500000014,2.072926562344274
26.109661,222838.44,26.109661,227998.28125,5159.841249999998,2.315507705941577
26.041667,222603.38,26.041667,227790.25,5186.869999999995,2.330094897930119
25.974026,222503.23,25.974026,227430.09375,4926.8637499999895,2.2142886420120687
25.906736,220905.5,25.906736,226714.34375,5808.84375,2.6295604907981014
25.839793,220348.14,25.839793,226278.1875,5930.047499999986,2.691217407144887
25.773196,219667.95,25.773196,226127.15625,6459.206249999988,2.9404409018247715
25.706941,218228.78,25.706941,225148.125,6919.345000000001,3.1706839950257715
25.641026,218176.59,25.641026,224457.640625,6281.0506250000035,2.8788838550460447
25.575448,218100.69,25.575448,224192.390625,6091.700624999998,2.7930680205550917
25.510204,217874.53,25.510204,223817.328125,5942.798125000001,2.7276240710651223
25.445293,217566.25,25.445293,222838.4375,5272.1875,2.42325613462566
25.380711,217566.25,25.380711,222603.375,5037.125,2.315214331266913
25.316456,217218.28,25.316456,220905.5,3687.220000000001,1.6974722385243088
25.252525,216754.75,25.252525,219667.953125,2913.203125,1.3440088971521962
25.188917,216704.47,25.188917,218527.546875,1823.0768749999988,0.8412733133746613
25.125628,216385.52,25.125628,218228.78125,1843.2612500000105,0.8518413108233909
25.062657,216319.28,25.062657,218176.59375,1857.3137500000012,0.8585983413036513
25.0,216037.72,25.0,217874.53125,1836.8112499999988,0.8502271038594552
24.937656,215988.48,24.937656,217670.53125,1682.0512499999895,0.7787689649003454
24.875622,215829.86,24.875622,217566.25,1736.390000000014,0.8045179661424114
24.813896,215176.91,24.813896,217218.28125,2041.3712499999965,0.9486943789647302
24.752475,214943.23,24.752475,217113.1875,2169.9574999999895,1.0095491260645844
24.691358,214313.39,24.691358,216932.109375,2618.719374999986,1.2219112277585578
24.630542,214050.47,24.630542,216754.75,2704.279999999999,1.263384285023994
24.570025,214022.19,24.570025,216704.46875,2682.2787499999977,1.2532713313512012
24.509804,213294.04,24.509804,216569.5625,3275.522499999992,1.5356840256764754
24.449878,212453.2,24.449878,216385.515625,3932.3156249999884,1.8509091060995968
24.390244,211885.84,24.390244,216319.28125,4433.4412500000035,2.092372595544848
24.3309,211351.42,24.3309,216057.03125,4705.611249999987,2.226439382332982
24.271845,210899.34,24.271845,216037.71875,5138.3787500000035,2.436412911486591
24.213075,210354.34,24.213075,215988.484375,5634.1443750000035,2.6784065282418243
24.154589,210354.34,24.154589,215843.171875,5488.8318750000035,2.6093266604340104
24.096386,209992.25,24.096386,215176.90625,5184.65625,2.468975045507632
24.038462,209792.44,24.038462,214943.234375,5150.794374999998,2.4551858851539157
23.980815,209038.27,23.980815,214826.09375,5787.8237500000105,2.768786667627899
23.923445,208521.23,23.923445,214050.46875,5529.2387499999895,2.651643072506329
23.866348,208474.78,23.866348,214022.1875,5547.407500000001,2.6609489646661344
23.809524,207456.72,23.809524,213770.390625,6313.670624999999,3.0433676118083803
23.752969,207045.98,23.752969,212993.484375,5947.5043749999895,2.87255245187566
23.696682,207045.98,23.696682,211885.84375,4839.8637499999895,2.3375791937616897
23.640662,206884.59,23.640662,211351.421875,4466.8318750000035,2.1590935675779446
23.584906,206776.89,23.584906,210899.34375,4122.453749999986,1.9936723828276874
23.529412,206457.54,23.529412,210354.34375,3896.803749999992,1.8874601286056163
23.474178,205888.37,23.474178,209992.25,4103.880000000005,1.9932548885592736
23.419204,205699.27,23.419204,209806.625,4107.3550000000105,1.996776653606992
23.364486,205669.7,23.364486,209792.4375,4122.737499999988,2.004542963790966
23.310023,205470.88,23.310023,209367.6875,3896.8074999999953,1.8965254346503968
23.255814,204878.72,23.255814,209121.25,4242.529999999999,2.070751906298516
23.201856,204020.48,23.201856,208521.234375,4500.7543749999895,2.2060306764301254
23.148148,203606.23,23.148148,208474.78125,4868.5512499999895,2.391160255754448
23.094688,203541.91,23.094688,208122.640625,4580.7306249999965,2.25050979672933
23.041475,203376.48,23.041475,208120.75,4744.2699999999895,2.3327525385432915
22.988506,203119.62,22.988506,206884.59375,3764.9737500000047,1.8535746325244233
22.93578,203002.84,22.93578,206776.890625,3774.0506250000035,1.8591122296614193
22.883295,202314.31,22.883295,206655.34375,4341.033750000002,2.1456879397211215
22.83105,201846.5,22.83105,206297.25,4450.75,2.205017178895844
22.779043,201779.03,22.779043,206161.15625,4382.126250000001,2.1717451263394425
22.727273,201238.14,22.727273,205699.265625,4461.125624999986,2.2168390271347103
22.675737,201238.14,22.675737,205625.140625,4387.000624999986,2.1800045582810426
22.624434,201150.31,22.624434,204878.71875,3728.4087500000023,1.8535436261569778
22.573363,200892.75,22.573363,204020.484375,3127.734375,1.5569174970226651
22.522523,200143.2,22.522523,203982.28125,3839.0812499999884,1.918167217272427
22.47191,199997.53,22.47191,203868.3125,3870.782500000001,1.9354151523771326
22.421525,199314.34,22.421525,203541.90625,4227.5662500000035,2.1210547369547035
22.371365,198795.53,22.371365,203417.34375,4621.813750000001,2.3249082864187143
22.321429,198381.03,22.321429,203376.484375,4995.454375000001,2.5181109176618355
22.271715,198025.38,22.271715,203119.625,5094.244999999995,2.572521259648634
22.222222,197657.61,22.222222,203002.84375,5345.233750000014,2.7042893769685947
22.172949,196774.3,22.172949,202314.3125,5540.012500000012,2.8154146654314167
22.123894,196774.3,22.123894,201846.5,5072.200000000012,2.577674015356686
22.075055,196491.38,22.075055,201238.140625,4746.760624999995,2.4157602358943153
22.026432,196228.2,22.026432,201150.3125,4922.112499999988,2.5083614383661414
21.978022,196228.2,21.978022,200892.75,4664.549999999988,2.377104819796537
21.929825,196138.84,21.929825,200143.203125,4004.3631250000035,2.041596210623048
21.881838,195615.31,21.881838,199686.65625,4071.3462500000023,2.081302455313954
21.834061,195615.31,21.834061,199314.34375,3699.0337500000023,1.8909735388298605
21.786492,195329.45,21.786492,198795.53125,3466.0812499999884,1.7744796035620785
21.73913,195036.06,21.73913,198025.375,2989.3150000000023,1.532698619937258
21.691974,194876.7,21.691974,197233.859375,2357.1593749999884,1.2095644964226038
21.645022,194299.41,21.645022,196774.296875,2474.8868749999965,1.2737490427788722
21.598272,194299.41,21.598272,196228.203125,1928.7931249999965,0.9926911898497254
21.551724,193983.88,21.551724,196138.84375,2154.9637499999953,1.1108983643383128
21.505376,193878.98,21.505376,195993.125,2114.1449999999895,1.0904456996833745
21.459227,192956.55,21.459227,195693.46875,2736.9187500000116,1.418411942999609
21.413276,192930.77,21.413276,195615.3125,2684.5425000000105,1.3914537841734682
21.367521,192376.7,21.367521,195329.453125,2952.7531249999884,1.5348808483563696
21.321962,191714.03,21.321962,195036.0625,3322.032500000001,1.7328061488248936
21.276596,191376.31,21.276596,194648.828125,3272.5181250000023,1.709991234024735
21.231423,191376.31,21.231423,194299.40625,2923.0962500000023,1.5274075720239366
21.186441,191220.91,21.186441,194151.6875,2930.7774999999965,1.5326658052197306
21.141649,190687.11,21.141649,193983.875,3296.765000000014,1.7288871806804427
21.097046,190645.62,21.097046,193586.671875,2941.0518750000047,1.5426800127902256
21.052632,190434.97,21.052632,193365.25,2930.279999999999,1.538729992710897
21.008403,190074.99,21.008403,192930.765625,2855.7756250000093,1.502446810598285
20.964361,190012.14,20.964361,192376.703125,2364.563124999986,1.2444273955337726
20.920502,189460.73,20.920502,191714.03125,2253.3012499999895,1.1893236397854001
20.876827,188711.69,20.876827,191713.828125,3002.1381249999977,1.5908596467977143
20.833333,188651.12,20.833333,191376.3125,2725.1925000000047,1.4445673579886538
20.790021,187991.8,20.790021,191239.53125,3247.7312500000116,1.7275919747563522
20.746888,187796.84,20.746888,191220.90625,3424.0662500000035,1.823282143618606
20.703934,186962.0,20.703934,191176.4375,4214.4375,2.2541679592644495
20.661157,186827.05,20.661157,190948.609375,4121.559375000012,2.206082778163019
20.618557,186516.84,20.618557,190645.625,4128.7850000000035,2.213625858126271
20.576132,186226.3,20.576132,190434.96875,4208.668750000012,2.259975497553252
20.533881,185261.88,20.533881,190427.328125,5165.448124999995,2.7881872541723074
20.491803,184827.19,20.491803,190023.421875,5196.231874999998,2.811400138150668
20.449898,183165.38,20.449898,190012.140625,6846.760624999995,3.7380211396935357
20.408163,182059.47,20.408163,188651.125,6591.654999999999,3.620605398884221
20.366599,182059.47,20.366599,187796.84375,5737.373749999999,3.151373422102129
20.325203,181848.94,20.325203,187546.046875,5697.106874999998,3.132878792144732
20.283976,181752.14,20.283976,187441.796875,5689.656874999986,3.1304483540056176
20.242915,181141.62,20.242915,187418.765625,6277.145625000005,3.465324879505883
20.20202,180628.81,20.20202,187039.375,6410.565000000002,3.549026868969575
20.16129,180077.17,20.16129,187005.390625,6928.220624999987,3.8473620087432443
20.120724,180077.17,20.120724,186962.0,6884.829999999987,3.8232664362728417
20.080321,179645.22,20.080321,186827.046875,7181.826874999999,3.997783450625627
20.04008,179287.22,20.04008,186785.5,7498.279999999999,4.18227244529755
20.0,178860.73,20.0,186392.15625,7531.4262499999895,4.210776870920737
19.96008,178788.47,19.96008,185540.15625,6751.686249999999,3.7763543980213035
19.920319,178565.45,19.920319,184827.1875,6261.737499999988,3.506690403994719
19.880716,178565.45,19.880716,183628.6875,5063.237499999988,2.8355079328055837
19.84127,177813.39,19.84127,183250.0,5436.609999999986,3.057480654297174
19.80198,177801.62,19.80198,183165.375,5363.755000000005,3.01670760930075
19.762846,177256.67,19.762846,182059.46875,4802.798749999987,2.7095165163601385
19.723866,177252.15,19.723866,181335.359375,4083.209375000006,2.3036162748942712
19.685039,176377.07,19.685039,181141.625,4764.554999999993,2.7013460423171747
19.646365,176040.34,19.646365,180628.8125,4588.4725000000035,2.6064892285484134
19.607843,175839.27,19.607843,180077.171875,4237.9018750000105,2.4100997888583198
19.569472,175799.83,19.569472,179691.40625,3891.576250000013,2.2136405080710335
19.53125,175796.16,19.53125,179645.21875,3849.0587499999965,2.1895010391580776
19.493177,175796.16,19.493177,178991.1875,3195.0274999999965,1.817461484938008
19.455253,174884.25,19.455253,178860.734375,3976.484375,2.2737807292537777
19.417476,174523.71,19.417476,178565.453125,4041.743125000008,2.3158705055032396
19.379845,173913.22,19.379845,178487.90625,4574.686249999999,2.6304419238514467
19.34236,173839.03,19.34236,178302.0625,4463.032500000001,2.567336288059132
19.305019,173543.98,19.305019,177813.390625,4269.4106249999895,2.4601317919526733
19.267823,173489.7,19.267823,177801.625,4311.924999999988,2.4854069146467994
19.230769,173007.45,19.230769,177256.671875,4249.221874999988,2.4560918474897977
19.193858,172515.52,19.193858,177252.15625,4736.6362500000105,2.745629059924586
19.157088,172410.67,19.157088,176889.09375,4478.423749999987,2.597532826709615
19.120459,172410.67,19.120459,176802.453125,4391.783124999987,2.5472803539363236
19.083969,171714.0,19.083969,176482.625,4768.625,2.777074088309631
19.047619,171012.59,19.047619,176461.15625,5448.5662500000035,3.1860614765263793
19.011407,170988.72,19.011407,176040.34375,5051.623749999999,2.9543608198248394
18.975332,170725.61,18.975332,175989.796875,5264.186875000014,3.083419573079876
18.939394,170725.61,18.939394,175880.671875,5155.061875000014,3.0195012189442547
18.903592,170410.59,18.903592,175839.265625,5428.6756250000035,3.185644521857476
18.867925,169982.97,18.867925,175799.828125,5816.858124999999,3.422024056292227
18.832392,169792.61,18.832392,175796.15625,6003.546250000014,3.5358112758853375
18.796992,169791.0,18.796992,175316.4375,5525.4375,3.254258176228422
18.761726,169632.12,18.761726,174884.25,5252.130000000005,3.0961883869635094
18.726592,169248.75,18.726592,173913.21875,4664.46875,2.7559841653187984
18.691589,169124.92,18.691589,173839.03125,4714.111249999987,2.787354607470021
18.656716,167697.06,18.656716,173543.984375,5846.924375000002,3.486599213486511
18.621974,167474.5,18.621974,173489.703125,6015.203125,3.591712842850703
18.587361,167463.44,18.587361,173007.453125,5544.013124999998,3.310581178196266
18.552876,167406.81,18.552876,172423.734375,5016.924375000002,2.9968460512448702
18.518519,167213.29,18.518519,172410.671875,5197.381874999992,3.1082349225949635
18.484288,167129.83,18.484288,172330.8125,5200.982500000013,3.111941476874603
18.450185,167129.83,18.450185,171714.0,4584.170000000013,2.7428795924701252
18.416206,166993.09,18.416206,171672.984375,4679.8943750000035,2.8024479186534026
18.382353,166993.09,18.382353,171138.078125,4144.9881250000035,2.482131521130607
18.348624,166342.72,18.348624,171012.59375,4669.873749999999,2.8073809001079213
18.315018,166195.06,18.315018,170988.71875,4793.658750000002,2.8843569417767307
18.281536,166195.06,18.281536,170732.09375,4537.033750000002,2.7299450116026325
18.248175,165541.46,18.248175,170725.609375,5184.149375000008,3.1316320243883364
18.214936,165393.33,18.214936,170525.25,5131.920000000013,3.1028578963855513
18.181818,164908.44,18.181818,169982.96875,5074.528749999998,3.077179524589522
18.14882,164877.97,18.14882,169791.0,4913.029999999999,2.979797725554238
18.115942,164596.09,18.115942,169632.125,5036.0350000000035,3.0596322184810125
18.083183,164596.09,18.083183,169336.578125,4740.4881250000035,2.8800733510741376
18.050542,163935.33,18.050542,169248.75,5313.420000000013,3.2411683314389967
18.018018,163731.81,18.018018,169124.921875,5393.111875000002,3.293869331194715
17.985612,163039.27,17.985612,167697.0625,4657.7925000000105,2.8568531372840487
17.953321,162787.14,17.953321,167560.234375,4773.094374999986,2.932107766620868
17.921147,162729.0,17.921147,167474.5,4745.5,2.916198096221325
17.889088,162421.19,17.889088,167468.96875,5047.778749999998,3.1078326356308543
17.857143,162125.33,17.857143,167463.4375,5338.107500000013,3.292580807699829
17.825312,161923.88,17.825312,167406.8125,5482.932499999995,3.386117291655805
17.793594,161923.88,17.793594,167397.0625,5473.182499999995,3.3800959438471923
17.761989,161876.44,17.761989,167157.6875,5281.247499999998,3.2625176955954784
17.730496,161774.62,17.730496,167129.828125,5355.208125000005,3.3102894168442516
17.699115,161698.52,17.699115,167060.796875,5362.2768750000105,3.316218896128431
17.667845,161692.98,17.667845,166993.09375,5300.1137499999895,3.2778873578803416
17.636684,161497.07,17.636684,166342.71875,4845.648749999993,3.0004561383064057
17.605634,161325.73,17.605634,166195.0625,4869.3324999999895,3.0183235495044647
17.574692,161096.28,17.574692,165485.0,4388.720000000001,2.724283887871279
17.54386,160913.55,17.54386,165444.515625,4530.965625000012,2.815776312808966
17.513135,160548.03,17.513135,164908.4375,4360.407500000001,2.7159520425133845
17.482517,160333.97,17.482517,164877.96875,4543.998749999999,2.8340836006243713
17.452007,160167.88,17.452007,164596.09375,4428.213749999995,2.7647326979666556
17.421603,159753.95,17.421603,164577.3125,4823.362499999988,3.019244594578092
17.391304,159747.59,17.391304,163942.8125,4195.2225000000035,2.6261569892854117
17.361111,159592.56,17.361111,163731.8125,4139.252500000002,2.5936375104202867
17.331023,159459.45,17.331023,163175.5,3716.0499999999884,2.3304043755324555
17.301038,159447.86,17.301038,163039.265625,3591.405625000014,2.25240127086059
17.271157,159447.86,17.271157,162787.140625,3339.280625000014,2.0942774804252715
17.241379,159351.56,17.241379,162729.0,3377.4400000000023,2.119489762133488
17.211704,159330.45,17.211704,162421.1875,3090.7374999999884,1.9398285136331368
17.182131,159307.81,17.182131,162037.71875,2729.9087500000023,1.713606351126164
17.152659,159307.81,17.152659,161923.875,2616.0650000000023,1.6421448515298795
17.123288,159162.75,17.123288,161876.4375,2713.6875,1.7049765098931753
17.094017,158913.33,17.094017,161774.625,2861.295000000013,1.8005380668821256
17.064846,158880.67,17.064846,161698.515625,2817.845624999987,1.7735610159498867
17.035775,158658.31,17.035775,161692.984375,3034.6743750000023,1.9127106389826052
17.006803,158557.05,17.006803,161497.078125,2940.0281250000116,1.854239924998612
16.977929,158381.84,16.977929,161345.296875,2963.4568750000035,1.8710837524049495
16.949153,158204.08,16.949153,161325.734375,3121.654375000013,1.9731819653450233
16.920474,157692.22,16.920474,161096.28125,3404.061249999999,2.1586741882383285
16.891892,157664.31,16.891892,161088.15625,3423.8462500000023,2.171605133717328
16.863406,157664.31,16.863406,160783.6875,3119.3775000000023,1.9784931034804276
16.835017,157121.86,16.835017,160619.171875,3497.311875000014,2.2258595175744573
16.806723,157061.17,16.806723,160548.03125,3486.861249999987,2.2200657552722847
16.778523,156671.82,16.778523,160333.96875,3662.148749999993,2.337464867644987
16.750419,156537.09,16.750419,160167.875,3630.7850000000035,2.319440715296294
16.722408,156000.75,16.722408,160001.796875,4001.046875,2.5647613072373048
16.694491,155908.47,16.694491,159831.9375,3923.467499999999,2.5165197888222486
16.666667,155523.86,16.666667,159753.953125,4230.093125000014,2.7198997793650532
16.638935,155498.38,16.638935,159747.59375,4249.213749999995,2.7326418127314223
16.611296,155422.94,16.611296,159672.4375,4249.497499999998,2.7341507630726825
16.583748,155422.94,16.583748,159592.5625,4169.622499999998,2.682758735615217
16.556291,155085.81,16.556291,159459.453125,4373.643125000002,2.8201439738426117
16.528926,155053.78,16.528926,159447.859375,4394.079375000001,2.8339066451653108
16.50165,155007.09,16.50165,159351.5625,4344.4725000000035,2.8027572803282763
16.474465,154847.7,16.474465,159330.4375,4482.737499999988,2.8949332150235283
16.447368,154404.72,16.447368,159307.8125,4903.092499999999,3.175480969752737
16.420361,154330.56,16.420361,159162.75,4832.190000000002,3.1310649038012963
16.393443,154288.47,16.393443,159004.046875,4715.576874999999,3.056337829391917
16.366612,154288.47,16.366612,158929.421875,4640.951874999999,3.0079706377281457
16.339869,154255.66,16.339869,158913.328125,4657.6681249999965,3.0194471470285085
16.313214,154249.0,16.313214,158880.671875,4631.671875,3.0027240857315123
16.286645,154249.0,16.286645,158740.96875,4491.96875,2.9121542116966723
16.260163,154217.78,16.260163,158557.046875,4339.266875000001,2.8137267149092673
16.233766,154067.06,16.233766,158447.96875,4380.908750000002,2.8435077231953425
16.207455,154061.69,16.207455,158204.078125,4142.388124999998,2.6887853333297835
16.18123,153602.91,16.18123,157692.21875,4089.3087499999965,2.662259946767933
16.155089,153265.3,16.155089,157664.3125,4399.012500000012,2.8701946885563867
16.129032,152731.22,16.129032,157664.3125,4933.092499999999,3.2299175636782045
16.10306,152522.09,16.10306,157121.859375,4599.7693750000035,3.0158053662915343
16.07717,152522.09,16.07717,157061.171875,4539.0818750000035,2.976016047904932
16.051364,152483.97,16.051364,156820.40625,4336.436249999999,2.8438636861304167
16.025641,152407.03,16.025641,156740.28125,4333.251250000001,2.8432095619211273
16.0,152160.53,16.0,156537.09375,4376.563750000001,2.876280563691518
15.974441,151971.73,15.974441,155965.1875,3993.4574999999895,2.6277634004692776
15.948963,151869.91,15.948963,155908.46875,4038.5587499999965,2.6592224555871513
15.923567,151869.91,15.923567,155597.96875,3728.0587499999965,2.454771159079502
15.898251,151855.69,15.898251,155498.375,3642.6849999999977,2.398780710818276
15.873016,151719.06,15.873016,155424.34375,3705.2837500000023,2.442200571240029
15.847861,151719.06,15.847861,155422.9375,3703.8775000000023,2.4412736936282116
15.822785,151565.58,15.822785,155085.8125,3520.232500000013,2.3225804302005857
15.797788,151506.05,15.797788,155053.78125,3547.7312500000116,2.341643287512289
15.772871,151506.05,15.772871,155007.09375,3501.0437500000116,2.310827686419131
15.748031,151312.0,15.748031,154847.703125,3535.703125,2.3366971059796975
15.72327,151217.42,15.72327,154753.046875,3535.626874999987,2.3381081855516292
15.698587,151142.72,15.698587,154660.0625,3517.342499999999,2.327166336559246
15.673981,151069.81,15.673981,154365.21875,3295.4087500000023,2.1813814090320247
15.649452,150905.53,15.649452,154330.5625,3425.032500000001,2.2696534050143833
15.625,150753.58,15.625,154288.46875,3534.888750000013,2.3448124747684354
15.600624,150739.52,15.600624,154255.65625,3516.1362500000105,2.33259084943352
15.576324,150675.17,15.576324,154249.0,3573.829999999987,2.371877197815663
15.5521,150675.17,15.5521,154217.78125,3542.611249999987,2.3511579578771915
15.52795,150558.47,15.52795,154067.0625,3508.592499999999,2.3303853313599685
15.503876,150138.08,15.503876,154061.6875,3923.607500000013,2.6133326734962994
15.479876,150138.08,15.479876,153783.40625,3645.326250000013,2.4279824612117147
15.455951,149788.58,15.455951,153265.296875,3476.716875000013,2.3210827387508535
15.432099,149788.58,15.432099,152842.484375,3053.904375000013,2.0388098845719833
15.40832,149656.05,15.40832,152731.21875,3075.1687500000116,2.054824211917936
15.384615,149656.05,15.384615,152522.09375,2866.0437500000116,1.915087128118116
15.360983,149591.69,15.360983,152483.96875,2892.2787499999977,1.933448809890441
15.337423,149529.31,15.337423,152407.03125,2877.7212500000023,1.9245198483160273
15.313936,149495.95,15.313936,152160.53125,2664.5812499999884,1.7823768804439106
15.29052,149445.69,15.29052,151971.734375,2526.0443749999977,1.6902758286304524
15.267176,149320.83,15.267176,151944.359375,2623.529375000013,1.756974813895699
15.243902,149254.41,15.243902,151869.90625,2615.4962499999965,1.7523745194530576
15.2207,149254.41,15.2207,151797.171875,2542.7618749999965,1.7036427097865963
15.197568,149213.09,15.197568,151719.0625,2505.9725000000035,1.6794588866164515
15.174507,149152.03,15.174507,151660.09375,2508.063750000001,1.6815485179786027
15.151515,148658.5,15.151515,151565.578125,2907.078125,1.9555411395917488
15.128593,148266.75,15.128593,151506.046875,3239.296875,2.184776340615816
15.10574,148266.75,15.10574,151479.953125,3213.203125,2.1671771486189586
15.082956,148242.09,15.082956,151420.359375,3178.2693750000035,2.143972319197607
15.060241,148004.03,15.060241,151312.0,3307.970000000001,2.2350540049483794
15.037594,147967.28,15.037594,151283.875,3316.595000000001,2.2414381071274683
15.015015,147566.61,15.015015,151217.421875,3650.811875000014,2.4740094490210316
14.992504,147448.38,14.992504,151142.71875,3694.3387499999953,2.505513285395198
14.97006,147273.67,14.97006,151069.8125,3796.142499999987,2.5776111235633543
14.947683,147240.13,14.947683,150958.125,3717.9949999999953,2.5251234157427023
14.925373,146966.47,14.925373,150905.53125,3939.061249999999,2.6802448544895983
14.90313,146952.31,14.90313,150811.21875,3858.9087500000023,2.6259599117564076
14.880952,146860.2,14.880952,150741.21875,3881.0187499999884,2.6426620350510133
14.858841,146318.39,14.858841,150739.515625,4421.125624999986,3.0215789177286503
14.836795,146173.58,14.836795,150675.171875,4501.591875000013,3.0796207324196434
14.814815,146170.89,14.814815,150397.109375,4226.219374999986,2.8912866132237314
14.792899,146139.69,14.792899,150197.3125,4057.6224999999977,2.7765369558399895
14.771049,146139.69,14.771049,150138.078125,3998.3881249999977,2.7360042470324095
14.749263,146139.69,14.749263,149788.578125,3648.8881249999977,2.496849504060121
14.727541,146006.19,14.727541,149767.65625,3761.4662499999977,2.5762375211626285
14.705882,146001.72,14.705882,149656.046875,3654.326874999999,2.5029341263924825
14.684288,145847.67,14.684288,149591.6875,3744.017499999987,2.5670739203444164
14.662757,145847.67,14.662757,149529.3125,3681.642499999987,2.5243066961577014
14.641288,145779.14,14.641288,149449.53125,3670.391249999986,2.517775348379738
14.619883,145735.0,14.619883,149445.6875,3710.6875,2.5461882869592065
14.59854,145671.14,14.59854,149332.65625,3661.516249999986,2.513549526694159
14.577259,145362.31,14.577259,149320.828125,3958.5181250000023,2.7232080482210295
14.556041,145315.36,14.556041,149254.40625,3939.046250000014,2.7106881543699264
14.534884,145247.17,14.534884,149213.09375,3965.923749999987,2.730465419739322
14.513788,144851.83,14.513788,149168.703125,4316.873125000013,2.9801992318633554
14.492754,144745.72,14.492754,149152.03125,4406.311249999999,3.044173775915446
14.47178,144596.08,14.47178,149149.3125,4553.232500000013,3.148932184053685
14.450867,144458.42,14.450867,148658.5,4200.079999999987,2.9074663837524923
14.430014,144362.61,14.430014,148266.75,3904.140000000014,2.7043983203130053
14.409222,144305.19,14.409222,148263.65625,3958.4662499999977,2.743121193354167
14.388489,144285.45,14.388489,148044.671875,3759.2218749999884,2.6054060717833902
14.367816,144285.45,14.367816,147950.046875,3664.5968749999884,2.5398242684899883
14.347202,144247.75,14.347202,147942.9375,3695.1875,2.5616950697671195
14.326648,144222.27,14.326648,147566.609375,3344.3393750000105,2.318878613545613
14.306152,144015.69,14.306152,147448.375,3432.6849999999977,2.3835493202164275
14.285714,143916.4,14.285714,147273.671875,3357.271875000006,2.3327931180880053
14.265335,143751.62,14.265335,146966.46875,3214.8487500000047,2.236391318581317
14.245014,143615.88,14.245014,146952.3125,3336.4324999999953,2.3231640540029384
14.224751,143497.89,14.224751,146860.203125,3362.313124999986,2.3431098011266824
14.204545,143362.14,14.204545,146318.390625,2956.250624999986,2.0620860047150424
14.184397,143309.88,14.184397,146192.921875,2883.0418749999953,2.011753743007806
14.164306,143281.86,14.164306,146173.578125,2891.718125000014,2.018202531011263
14.144272,143096.36,14.144272,146170.890625,3074.530625000014,2.148573608021905
14.124294,142989.81,14.124294,146139.6875,3149.8775000000023,2.202868512098871
14.104372,142580.86,14.104372,146006.1875,3425.327500000014,2.4023753959683045
14.084507,142580.86,14.084507,146001.71875,3420.858750000014,2.3992412095143867
14.064698,142533.95,14.064698,145847.671875,3313.7218749999884,2.3248649707666056
14.044944,142225.22,14.044944,145779.140625,3553.920624999999,2.498797769481389
14.025245,142113.75,14.025245,145735.0,3621.25,2.5481348567608695
14.005602,141882.78,14.005602,145671.140625,3788.360625000001,2.6700637138629517
13.986014,141861.89,13.986014,145362.3125,3500.422499999986,2.4674861585447547
13.96648,141841.52,13.96648,145315.359375,3473.8393750000105,2.449099089603672
13.947001,141791.94,13.947001,144851.828125,3059.8881249999977,2.158012736831161
13.927577,141791.94,13.927577,144745.71875,2953.7787499999977,2.0831781764182065
13.908206,141320.16,13.908206,144596.078125,3275.9181249999965,2.3180826606762945
13.888889,141314.83,13.888889,144552.84375,3238.013750000013,2.2913474473981346
13.869626,140896.69,13.869626,144362.609375,3465.9193749999977,2.459901204918297
13.850416,140836.41,13.850416,144305.1875,3468.7774999999965,2.4629834713906695
13.831259,140836.41,13.831259,144285.453125,3449.0431249999965,2.448971203540332
13.812155,140678.48,13.812155,144247.75,3569.2699999999895,2.5371826593520126
13.793103,140675.64,13.793103,144222.265625,3546.625624999986,2.521137010643766
13.774105,140388.21,13.774105,144061.140625,3672.930625000008,2.6162671530607935
13.755158,140052.5,13.755158,143751.625,3699.125,2.6412416772281824
13.736264,139967.69,13.736264,143726.40625,3758.7162499999977,2.6854170773269157
13.717421,139947.06,13.717421,143615.875,3668.8150000000023,2.62157347214011
13.69863,139816.88,13.69863,143416.375,3599.4949999999953,2.574435218408532
13.679891,139723.25,13.679891,143362.140625,3638.890625,2.604355842710501
13.661202,139642.34,13.661202,143309.875,3667.5350000000035,2.62637750126502
13.642565,139299.52,13.642565,143281.859375,3982.3393750000105,2.8588320871457498
13.623978,139299.52,13.623978,143137.515625,3837.9956250000105,2.755210947604134
13.605442,139255.83,13.605442,143096.359375,3840.529375000013,2.757894857974717
13.586957,138888.16,13.586957,142580.859375,3692.6993749999965,2.658757503159374
13.568521,138649.5,13.568521,142533.953125,3884.453125,2.8016351483416817
13.550136,138452.53,13.550136,142225.21875,3772.688750000001,2.724896937600202
13.5318,138416.66,13.5318,142153.3125,3736.6524999999965,2.699568462351278
13.513514,138403.55,13.513514,142116.875,3713.3250000000116,2.682969475855216
13.495277,138078.88,13.495277,142113.75,4034.8699999999953,2.9221485574042863
13.477089,138064.23,13.477089,142064.21875,3999.9887499999895,2.8971941175494833
13.45895,137838.84,13.45895,141882.78125,4043.9412500000035,2.9338183998066176
13.44086,137838.84,13.44086,141841.515625,4002.6756250000035,2.9038808110979484
13.422819,137632.72,13.422819,141791.9375,4159.217499999999,3.0219685406202816
13.404826,137549.88,13.404826,141489.75,3939.8699999999953,2.864320928524253
13.386881,137330.8,13.386881,141320.15625,3989.3562500000116,2.9049246418137895
13.368984,137330.8,13.368984,141314.828125,3984.0281250000116,2.901044867575236
13.351135,137222.58,13.351135,140836.40625,3613.826250000013,2.6335507246693752
13.333333,136549.27,13.333333,140678.484375,4129.2143750000105,3.023973965587667
13.315579,136320.23,13.315579,140675.640625,4355.4106249999895,3.1949847979276367
13.297872,136320.23,13.297872,140052.5,3732.2699999999895,2.7378695003668856
13.280212,136320.23,13.280212,139947.0625,3626.8324999999895,2.660524046944455
13.262599,136090.97,13.262599,139816.875,3725.904999999999,2.737804719886998
13.245033,136011.47,13.245033,139723.25,3711.779999999999,2.7290198392826714
13.227513,135938.33,13.227513,139648.1875,3709.857500000013,2.729073911677459
13.21004,135895.16,13.21004,139642.34375,3747.1837499999965,2.7574078061352565
13.192612,135749.5,13.192612,139425.234375,3675.734375,2.7077332697358
13.175231,135270.53,13.175231,139414.171875,4143.641875000001,3.063225874105765
13.157895,135270.53,13.157895,139299.515625,4028.985625000001,2.9784651727172218
13.140604,135180.88,13.140604,139141.0625,3960.1824999999953,2.929543364416621
13.12336,135042.89,13.12336,138892.953125,3850.063124999986,2.850992840126559
13.10616,135042.89,13.10616,138888.15625,3845.266249999986,2.8474407279050276
13.089005,134851.42,13.089005,138649.5,3798.079999999987,2.8164924032687138
13.071895,134773.34,13.071895,138461.140625,3687.8006250000035,2.7362983101850884
13.05483,134400.83,13.05483,138452.53125,4051.701250000013,3.0146400509580284
13.03781,134400.83,13.03781,138416.65625,4015.826250000013,2.9879475074670396
13.020833,134093.0,13.020833,138403.546875,4310.546875,3.214595001230489
13.003901,133966.89,13.003901,138078.875,4111.984999999986,3.069403940033232
12.987013,133910.0,12.987013,138056.234375,4146.234375,3.0962843514300653
12.970169,133834.91,12.970169,138049.390625,4214.4806249999965,3.149014427551075
12.953368,133420.82,12.953368,137838.84375,4418.023749999993,3.3113450734300636
12.936611,133147.03,12.936611,137632.71875,4485.688750000001,3.3689739455697967
12.919897,132418.64,12.919897,137549.875,5131.234999999986,3.8750095907947593
12.903226,132401.75,12.903226,137330.796875,4929.046875,3.7227958656135587
12.886598,132401.75,12.886598,137222.578125,4820.828125,3.641060729937482
12.870013,132326.89,12.870013,136549.265625,4222.375624999986,3.190867423091395
12.85347,132326.89,12.85347,136448.546875,4121.656874999986,3.1147538304572753
12.83697,131250.31,12.83697,136320.234375,5069.924375000002,3.8627904002664852
12.820513,131183.34,12.820513,136254.9375,5071.5975000000035,3.8660377910792665
12.804097,131087.09,12.804097,136090.96875,5003.8787500000035,3.817217050130569
12.787724,130964.21,12.787724,136011.46875,5047.258749999994,3.8539221898868354
12.771392,130964.21,12.771392,135895.15625,4930.946249999994,3.7651097578491046
12.755102,130778.27,12.755102,135749.5,4971.229999999996,3.8012660666026514
12.738854,130387.14,12.738854,135270.53125,4883.391250000001,3.745301300419658
12.722646,129941.49,12.722646,135195.515625,5254.025624999995,4.04337800420789
12.70648,129926.55,12.70648,135042.890625,5116.340624999997,3.93787153203098
12.690355,129926.55,12.690355,134851.421875,4924.871874999997,3.7905046158771993
12.674271,129920.24,12.674271,134826.203125,4905.963124999995,3.776134592269838
12.658228,129889.67,12.658228,134773.34375,4883.673750000002,3.7598630822605075
12.642225,129337.71,12.642225,134417.3125,5079.602499999994,3.9273948023356784
12.626263,129211.45,12.626263,134311.671875,5100.221875000003,3.947190341877599
12.61034,128449.91,12.61034,134093.0,5643.0899999999965,4.393222229583498
12.594458,128449.41,12.594458,133966.890625,5517.4806249999965,4.295450345003528
12.578616,128378.75,12.578616,133910.0,5531.25,4.308540159489012
12.562814,128319.17,12.562814,133647.71875,5328.548750000002,4.152574202280144
12.547051,128211.02,12.547051,132959.4375,4748.417499999996,3.7035954475676083
12.531328,128211.02,12.531328,132420.40625,4209.386249999996,3.283170393621387
12.515645,128158.74,12.515645,132418.640625,4259.900624999995,3.3239251766988303
12.5,128155.0,12.5,132401.75,4246.75,3.3137606804260464
12.484395,128000.92,12.484395,132326.890625,4325.970625000002,3.3796402596168855
12.468828,127963.14,12.468828,132323.21875,4360.078750000001,3.4072927172621745
12.4533,127524.92,12.4533,131183.34375,3658.4237500000017,2.8687912527214303
12.437811,127429.0,12.437811,131087.09375,3658.09375,2.8706917185256104
12.42236,127391.12,12.42236,130964.210938,3573.0909380000085,2.8048194709333023
12.406948,126949.23,12.406948,130387.140625,3437.910625000004,2.70809883998509
12.391574,126949.23,12.391574,129941.492188,2992.262188000008,2.357054223960246
12.376238,126827.47,12.376238,129926.546875,3099.076874999999,2.4435375672163127
12.360939,126578.12,12.360939,129920.242188,3342.1221880000085,2.640363269734144
12.345679,126258.42,12.345679,129889.671875,3631.2518750000017,2.876047296489218
12.330456,126234.91,12.330456,129678.234375,3443.3243749999965,2.7277116726268478
12.315271,125673.12,12.315271,129337.710938,3664.5909380000085,2.915970366614602
12.300123,125567.06,12.300123,129320.382812,3753.3228119999985,2.9890982651023275
12.285012,125567.06,12.285012,128449.414062,2882.3540619999985,2.2954698963247195
12.269939,125472.91,12.269939,128378.75,2905.8399999999965,2.3159102630201183
12.254902,125472.91,12.254902,128319.171875,2846.2618749999965,2.2684274039711014
12.239902,125470.09,12.239902,128211.023438,2740.9334380000073,2.1845313397001687
12.224939,125341.99,12.224939,128158.742188,2816.7521879999986,2.2472534447554238
12.210012,125296.23,12.210012,128155.0,2858.770000000004,2.281608951841571
12.195122,125180.1,12.195122,128000.921875,2820.821874999994,2.2534107857399013
12.180268,124953.1,12.180268,127678.351562,2725.2515619999904,2.1810195681419593
12.16545,124836.09,12.16545,127524.921875,2688.8318750000035,2.153889852686033
12.150668,124746.59,12.150668,127429.0,2682.4100000000035,2.1502872343043635
12.135922,124590.52,12.135922,127391.117188,2800.5971879999997,2.2478413189061253
12.121212,124561.9,12.121212,126949.226562,2387.326562000002,1.916578473835099
12.106538,124545.36,12.106538,126827.46875,2282.1087499999994,1.8323514822230225
12.091898,124545.36,12.091898,126578.117188,2032.7571880000032,1.6321420468815566
12.077295,124368.16,12.077295,126234.90625,1866.7462499999965,1.5009840541180286
12.062726,123917.51,12.062726,125730.78125,1813.2712500000052,1.4632889653770524
12.048193,123864.02,12.048193,125673.125,1809.104999999996,1.4605573111545997
12.033694,123750.42,12.033694,125642.84375,1892.4237500000017,1.5292261230305333
12.019231,123535.47,12.019231,125567.0625,2031.5924999999988,1.6445418469691326
12.004802,123357.61,12.004802,125472.914062,2115.3040619999956,1.7147738692408159
11.990408,123344.88,11.990408,125470.09375,2125.2137499999953,1.722984975136378
11.976048,123281.18,11.976048,125341.992188,2060.812188000011,1.6716356770757799
11.961722,122957.9,11.961722,125296.234375,2338.334375000006,1.9017357770423908
11.947431,122800.74,11.947431,124746.59375,1945.8537499999948,1.584561908991749
11.933174,122800.74,11.933174,124746.59375,1945.8537499999948,1.584561908991749
11.918951,122749.36,11.918951,124590.515625,1841.1556249999994,1.4999309365034565
11.904762,122510.18,11.904762,124561.898438,2051.718438000011,1.6747330205538928
11.890606,122435.65,11.890606,124545.359375,2109.709375000006,1.723116898550386
11.876485,122415.44,11.876485,123917.507812,1502.0678119999939,1.227024803407147
11.862396,122377.24,11.862396,123864.015625,1486.7756249999948,1.2149118782217958
11.848341,122172.27,11.848341,123861.890625,1689.620624999996,1.3829820997841784
11.83432,122156.06,11.83432,123770.09375,1614.0337500000023,1.321288317583264
11.820331,122067.82,11.820331,123592.84375,1525.023749999993,1.24932496541676
11.806375,121679.65,11.806375,123535.46875,1855.8187500000058,1.5251677252523375
11.792453,121439.84,11.792453,123469.929688,2030.0896880000073,1.6716834343655322
11.778563,121330.55,11.778563,123407.242188,2076.692188000001,1.711598758927575
11.764706,121191.1,11.764706,123357.609375,2166.509374999994,1.7876802628245754
11.750881,121121.47,11.750881,123344.875,2223.404999999999,1.8356819810723888
11.737089,121097.38,11.737089,123281.179688,2183.799687999999,1.8033418130103218
11.723329,120941.86,11.723329,122935.351562,1993.4915619999956,1.6483056916769725
11.709602,120741.34,11.709602,122800.742188,2059.4021880000073,1.7056313835841206
11.695906,120700.33,11.695906,122749.359375,2049.0293749999983,1.6976170446261398
11.682243,120620.16,11.682243,122668.585938,2048.4259380000003,1.6982450844038013
11.668611,120617.84,11.668611,122510.179688,1892.3396880000073,1.5688721403069459
11.655012,120589.62,11.655012,122435.648438,1846.0284380000085,1.530835272554975
11.641444,120440.89,11.641444,122415.4375,1974.5475000000006,1.6394328371369564
11.627907,120123.68,11.627907,122172.265625,2048.585625000007,1.7053969916672609
11.614402,120116.01,11.614402,122156.0625,2040.0525000000052,1.6984018200404805
11.600928,120109.22,11.600928,122067.820312,1958.600311999995,1.6306827335986323
11.587486,120109.22,11.587486,121439.84375,1330.6237499999988,1.107844801589752
11.574074,119915.34,11.574074,121389.078125,1473.7381250000035,1.2289821510742527
11.560694,119806.89,11.560694,121330.546875,1523.6568750000006,1.2717606433152555
11.547344,119576.88,11.547344,121196.9375,1620.0574999999953,1.3548250297214606
11.534025,119432.64,11.534025,121191.101562,1758.4615619999968,1.4723458863506633
11.520737,119428.22,11.520737,121121.46875,1693.2487499999988,1.417796187534235
11.50748,119428.22,11.50748,121097.375,1669.1549999999988,1.3976219355860775
11.494253,119343.15,11.494253,120941.859375,1598.7093750000058,1.3395903954269732
11.481056,119329.33,11.481056,120880.960938,1551.630938000002,1.3002930109471007
11.46789,119296.88,11.46789,120741.34375,1444.4637499999953,1.2108143565866896
11.454754,119222.42,11.454754,120700.328125,1477.9081250000017,1.2396226523501217
11.441648,119222.42,11.441648,120620.15625,1397.7362500000017,1.1723770160008509
11.428571,119187.91,11.428571,120617.84375,1429.9337499999965,1.1997305347497045
11.415525,118851.75,11.415525,120589.625,1737.875,1.462220791868862
11.402509,118460.06,11.402509,120582.390625,2122.3306250000023,1.7916001604253808
11.389522,118113.24,11.389522,120172.382812,2059.142811999991,1.7433632436126474
11.376564,117809.37,11.376564,120123.679688,2314.3096880000085,1.9644529870586767
11.363636,117699.77,11.363636,120122.796875,2423.026874999996,2.0586504756976125
11.350738,117660.35,11.350738,120116.007812,2455.6578119999904,2.0870733530879266
11.337868,117122.18,11.337868,120109.21875,2987.038750000007,2.5503612979198365
11.325028,116762.76,11.325028,119915.335938,3152.575938000009,2.69998408567938
11.312217,116654.07,11.312217,119787.164062,3133.094061999989,2.685799185574913
11.299435,116232.02,11.299435,119432.640625,3200.620624999996,2.753647940558889
11.286682,115675.58,11.286682,119428.21875,3752.6387499999983,3.2441062754991137
11.273957,115491.38,11.273957,119343.148438,3851.768437999999,3.335113354780243
11.261261,115490.3,11.261261,119329.328125,3839.028124999997,3.324113042394034
11.248594,115360.56,11.248594,119296.875,3936.3150000000023,3.4121843721979177
11.235955,115206.05,11.235955,119222.421875,4016.371874999997,3.4862508305770374
11.223345,115182.03,11.223345,119187.914062,4005.8840619999974,3.477872426801296
11.210762,115028.33,11.210762,118851.75,3823.4199999999983,3.3238942093656387
11.198208,115028.33,11.198208,118077.992188,3049.662188000002,2.6512270394606285
11.185682,114867.83,11.185682,117809.367188,2941.537188000002,2.5608015647200806
11.173184,114782.38,11.173184,117660.351562,2877.9715619999915,2.50732870498067
11.160714,114774.91,11.160714,116994.203125,2219.2931249999965,1.933604761702707
11.148272,114711.38,11.148272,116762.757812,2051.3778119999915,1.788294946848335
11.135857,114686.8,11.135857,116654.070312,1967.2703119999933,1.7153415318938128
11.123471,114655.73,11.123471,116320.578125,1664.848125000004,1.4520409272175094
11.111111,114509.15,11.111111,116232.015625,1722.8656250000058,1.5045659015021995
11.098779,114193.21,11.098779,115814.9375,1621.7274999999936,1.4201610586128488
11.086475,114190.64,11.086475,115675.578125,1484.9381250000006,1.3004026643514746
11.074197,113945.68,11.074197,115491.375,1545.695000000007,1.356519176505864
11.061947,113918.12,11.061947,115490.296875,1572.1768750000047,1.380093768225814
11.049724,113849.08,11.049724,115206.046875,1356.9668749999983,1.1918997281313106
11.037528,113787.56,11.037528,115182.03125,1394.4712500000023,1.225504132437678
11.025358,113407.58,11.025358,115063.09375,1655.5137499999983,1.4597910915654828
11.013216,113380.83,11.013216,115028.328125,1647.4981249999983,1.4530658533722132
11.0011,113337.0,11.0011,114867.828125,1530.828125,1.3506869998323583
10.989011,113309.61,10.989011,114782.375,1472.7649999999994,1.2997706019815967
10.976948,112948.01,10.976948,114774.90625,1826.8962500000052,1.6174665228718996
10.964912,112948.01,10.964912,114711.382812,1763.3728120000014,1.5612252150347772
10.952903,112731.71,10.952903,114686.804688,1955.0946879999974,1.7342899242812844
10.940919,112635.94,10.940919,114509.148438,1873.2084380000015,1.6630645937699826
10.928962,112414.19,10.928962,114193.210938,1779.0209380000015,1.5825590505967275
10.917031,112177.0,10.917031,114190.640625,2013.640625,1.7950565846831346
10.905125,112177.0,10.905125,113918.125,1741.125,1.55212298421245
10.893246,112013.17,10.893246,113849.078125,1835.9081250000017,1.6390109529084855
10.881393,112013.17,10.881393,113787.5625,1774.3925000000017,1.5840927455226934
10.869565,111986.24,10.869565,113631.671875,1645.4318749999948,1.469316118658859
10.857763,111760.83,10.857763,113601.960938,1841.130938000002,1.647384810939577
10.845987,111582.09,10.845987,113407.578125,1825.4881250000035,1.6360045998421464
10.834236,111582.09,10.834236,113309.609375,1727.5193750000035,1.5482048911254518
10.822511,111515.22,10.822511,113083.875,1568.6549999999988,1.4066734567711914
10.810811,111467.97,10.810811,112948.007812,1480.037811999995,1.3277695933639009
10.799136,111120.4,10.799136,112732.46875,1612.0687500000058,1.4507405930864232
10.787487,111120.4,10.787487,112710.640625,1590.2406250000058,1.4310969227972596
10.775862,110814.74,10.775862,112524.75,1710.0099999999948,1.5431250391419
10.764263,110632.18,10.764263,112414.1875,1782.007500000007,1.6107496932628529
10.752688,110395.44,10.752688,112169.203125,1773.7631249999977,1.606735862459534
10.741139,110315.15,10.741139,112069.609375,1754.4593750000058,1.5904065534063145
10.729614,110239.27,10.729614,112013.171875,1773.901874999996,1.6091379006773137
10.718114,110186.66,10.718114,111676.398438,1489.7384380000003,1.3520134270337265
10.706638,110018.15,10.706638,111582.09375,1563.9437500000058,1.4215324925932729
10.695187,110015.54,10.695187,111515.21875,1499.6787500000064,1.3631517420175427
10.683761,109977.87,10.683761,111467.96875,1490.0987500000047,1.354907810089434
10.672359,109933.79,10.672359,111204.890625,1271.1006250000064,1.1562419752834923
10.660981,109720.43,10.660981,111120.398438,1399.9684380000108,1.2759414431751779
10.649627,109615.48,10.649627,111048.796875,1433.316875000004,1.3075861867320238
10.638298,109346.07,10.638298,110867.140625,1521.070624999993,1.3910610824879146
10.626993,109273.02,10.626993,110814.742188,1541.7221879999997,1.410890069662209
10.615711,109215.98,10.615711,110395.4375,1179.457500000004,1.079931251818648
10.604454,109215.98,10.604454,110239.273438,1023.2934380000079,0.9369447932436332
10.59322,109148.62,10.59322,110186.664062,1038.0440620000008,0.9510372755972554
10.582011,108946.46,10.582011,110130.8125,1184.3524999999936,1.0870959001329585
10.570825,108688.1,10.570825,110018.148438,1330.048437999998,1.2237295876917509
10.559662,108630.18,10.559662,110015.539062,1385.3590620000032,1.2752985054429655
10.548523,108370.3,10.548523,109977.867188,1607.567188000001,1.4834019911359484
10.537408,108148.01,10.537408,109949.65625,1801.6462500000052,1.6659079071357903
10.526316,107990.62,10.526316,109933.789062,1943.1690620000008,1.799386893046823
10.515247,107886.72,10.515247,109720.429688,1833.7096880000026,1.6996620974296026
10.504202,107853.87,10.504202,109615.476562,1761.6065620000008,1.6333271694376854
10.493179,107820.2,10.493179,109346.070312,1525.870311999999,1.4151989256187607
10.48218,107801.09,10.48218,109274.0625,1472.9725000000035,1.36637996888529
10.471204,107598.66,10.471204,109273.015625,1674.3556249999965,1.556111967379516
10.460251,107540.98,10.460251,109215.984375,1675.004375000004,1.557549852158688
10.449321,107508.39,10.449321,108983.273438,1474.8834380000044,1.371877523233307
10.438413,107319.31,10.438413,108946.460938,1627.1509380000061,1.5161772266333116
10.427529,107256.45,10.427529,108771.03125,1514.581250000003,1.4121120454760556
10.416667,107024.94,10.416667,108630.179688,1605.2396880000015,1.4998744105813109
10.405827,107024.94,10.405827,108370.304688,1345.3646880000015,1.2570571756452293
10.39501,106959.09,10.39501,108193.53125,1234.4412500000035,1.1541246751444907
10.384216,106902.86,10.384216,108148.007812,1245.1478119999956,1.1647469599971372
10.373444,106878.09,10.373444,107990.617188,1112.5271880000073,1.0409310158892318
10.362694,106878.09,10.362694,107853.867188,975.7771880000073,0.9129814988273156
10.351967,106878.09,10.351967,107820.203125,942.1131250000035,0.8814838710160366
10.341262,106831.7,10.341262,107801.09375,969.3937500000029,0.9074027184815021
10.330579,106823.27,10.330579,107598.65625,775.3862499999959,0.7258589350428946
10.319917,106331.47,10.319917,107540.976562,1209.506561999995,1.1374869189713968
10.309278,106238.73,10.309278,107319.3125,1080.582500000004,1.0171267107579356
10.298661,106238.73,10.298661,107312.460938,1073.7309380000079,1.0106774977449446
10.288066,106021.33,10.288066,107310.929688,1289.599688000002,1.2163587157414475
10.277492,105910.49,10.277492,107256.445312,1345.955311999991,1.270842304666885
10.26694,105789.33,10.26694,107119.929688,1330.599688000002,1.257782507933458
10.25641,105629.67,10.25641,107043.953125,1414.2831250000017,1.3389070750670733
10.245902,105430.4,10.245902,107024.9375,1594.5375000000058,1.5124077116277714
10.235415,105270.76,10.235415,106959.085938,1688.325938000009,1.6037938151106812
10.224949,105176.21,10.224949,106902.859375,1726.6493749999936,1.6416729363037452
10.214505,105163.27,10.214505,106878.085938,1714.8159379999997,1.6306224958581066
10.204082,105072.56,10.204082,106878.085938,1805.5259380000061,1.7183610430734784
10.19368,105012.04,10.19368,106831.703125,1819.6631250000064,1.7328138040171457
10.183299,104800.07,10.183299,106823.265625,2023.195624999993,1.9305288870513093
10.17294,104682.59,10.17294,106795.40625,2112.8162500000035,2.018307198933465
10.162602,104644.23,10.162602,106331.46875,1687.238750000004,1.612357174399395
10.152284,104543.43,10.152284,106238.726562,1695.2965620000032,1.621619418838662
10.141988,104543.43,10.141988,105978.820312,1435.3903120000032,1.3730086261757466
10.131712,104391.38,10.131712,105910.492188,1519.1121879999992,1.4552084549509732
10.121457,104238.12,10.121457,105789.328125,1551.2081250000047,1.48813900807114
10.111223,103906.13,10.111223,105629.671875,1723.5418749999953,1.6587489833371671
10.10101,103905.83,10.10101,105430.398438,1524.568438000002,1.467259765886093
10.090817,103689.82,10.090817,105270.757812,1580.9378119999892,1.5246798692484846
10.080645,103500.28,10.080645,105176.210938,1675.930938000005,1.6192525643408937
10.070493,103500.28,10.070493,105072.5625,1572.2825000000012,1.5191094169020618
10.060362,103416.38,10.060362,105012.039062,1595.6590619999915,1.5429461580457482
10.050251,103202.16,10.050251,104903.390625,1701.2306249999965,1.6484447854579753
10.040161,103015.26,10.040161,104682.585938,1667.325938000009,1.6185232537393093
10.03009,102927.34,10.03009,104543.429688,1616.0896880000073,1.57012673989244
10.02004,102796.38,10.02004,104391.375,1594.9949999999953,1.5516061946928437
10.01001,102669.05,10.01001,104318.734375,1649.684374999997,1.6067981295239384
10.0,102654.91,10.0,104238.125,1583.2149999999965,1.5422691423137933
9.99001,102625.7,9.99001,103906.132812,1280.432811999999,1.2476726706858021
9.98004,102540.99,9.98004,103905.828125,1364.8381249999948,1.3310171132539237
9.97009,102532.05,9.97009,103689.820312,1157.7703119999933,1.1291789367324592
9.960159,102501.29,9.960159,103500.28125,998.9912500000064,0.974613343890605
9.950249,102241.0,9.950249,103456.132812,1215.1328119999962,1.1884985592863881
9.940358,102223.62,9.940358,103416.375,1192.7550000000047,1.1668095886254124
9.930487,102214.08,9.930487,103347.304688,1133.224688000002,1.1086776772828186
9.920635,102038.86,9.920635,103202.164062,1163.3040619999956,1.1400598379872096
9.910803,102038.86,9.910803,103015.257812,976.3978119999956,0.9568882012205895
9.90099,102025.36,9.90099,102927.34375,901.9837499999994,0.8840779880610069
9.891197,101870.87,9.891197,102654.90625,784.0362500000047,0.7696373359724961
9.881423,101736.92,9.881423,102625.695312,888.7753119999979,0.8736015519243141
9.871668,101605.87,9.871668,102540.992188,935.1221880000085,0.9203426809888134
9.861933,101605.87,9.861933,102532.054688,926.1846880000085,0.9115464372284874
9.852217,101542.52,9.852217,102501.289062,958.7690619999921,0.9442045184618149
9.84252,101420.22,9.84252,102241.0,820.7799999999988,0.8092863533524172
9.832842,101420.22,9.832842,102223.625,803.4049999999988,0.7921546610725148
9.823183,101347.66,9.823183,102214.078125,866.4181249999965,0.8548970198226545
9.813543,101306.8,9.813543,102038.859375,732.0593749999971,0.7226162261565828
9.803922,101270.48,9.803922,102025.359375,754.8793750000041,0.7454091014479285
9.794319,101238.68,9.794319,101736.921875,498.241875000007,0.49214576385232106
9.784736,101201.25,9.784736,101605.867188,404.6171880000038,0.39981441731204287
9.775171,101201.25,9.775171,101542.523438,341.2734380000038,0.3372225520929868
9.765625,101024.84,9.765625,101435.421875,410.5818750000035,0.4064167535429935
9.756098,100838.01,9.756098,101420.21875,582.2087500000052,0.5773703289067339
9.746589,100709.85,9.746589,101347.65625,637.8062499999942,0.6333106940383628
9.737098,100709.85,9.737098,101306.804688,596.954687999998,0.592747072902996
9.727626,100659.52,9.727626,101270.476562,610.9565619999921,0.6069535817377155
9.718173,100602.69,9.718173,101238.679688,635.9896880000015,0.6321796047401929
9.708738,100572.52,9.708738,101201.25,628.7299999999959,0.6251508861466292
9.699321,100572.52,9.699321,101024.835938,452.31593799999973,0.44974108036668436
9.689922,100324.72,9.689922,100942.789062,618.069061999995,0.6160685641584597
9.680542,100324.72,9.680542,100728.148438,403.42843800000264,0.4021226652813012
9.67118,99953.2,9.67118,100709.851562,756.6515619999991,0.7570058407334623
9.661836,99512.2,9.661836,100659.523438,1147.3234380000067,1.1529475159829716
9.65251,99409.59,9.65251,100602.6875,1193.0975000000035,1.2001835034225607
9.643202,99374.85,9.643202,100572.515625,1197.6656249999942,1.2051999323772504
9.633911,99337.9,9.633911,100324.71875,986.8187500000058,0.9933960250820743
9.624639,99119.45,9.624639,100215.234375,1095.784375000003,1.105519022754871
9.615385,99119.45,9.615385,100029.023438,909.5734380000067,0.9176538388782493
9.606148,99018.55,9.606148,99953.195312,934.6453119999933,0.9439093099222249
9.596929,98918.62,9.596929,99512.203125,593.5831250000047,0.600072185600653
9.587728,98826.55,9.587728,99409.59375,583.0437499999971,0.5899667144102441
9.578544,98826.55,9.578544,99337.898438,511.3484380000009,0.517420104212887
9.569378,98489.7,9.569378,99119.453125,629.7531250000029,0.6394101362883662
9.560229,98418.33,9.560229,99078.929688,660.5996880000021,0.6712161118767226
9.551098,98074.24,9.551098,98918.625,844.3849999999948,0.8609651219321146
9.541985,97861.44,9.541985,98826.554688,965.1146880000015,0.9862052796280144
9.532888,97643.34,9.532888,98686.007812,1042.6678119999997,1.0678330053027678
9.52381,97629.1,9.52381,98453.8125,824.7124999999942,0.8447404513613196
9.514748,97493.55,9.514748,98418.328125,924.7781249999971,0.9485531350535468
9.505703,97471.56,9.505703,98281.1875,809.6275000000023,0.8306294677134565
9.496676,97283.12,9.496676,97866.171875,583.0518750000047,0.5993350901985922
9.487666,97090.87,9.487666,97861.4375,770.5675000000047,0.7936559843371521
9.478673,96824.85,9.478673,97643.34375,818.4937499999942,0.8453343847163142
9.469697,96693.62,9.469697,97629.101562,935.4815620000008,0.9674697896303819
9.460738,96669.36,9.460738,97296.085938,626.7259380000032,0.6483191137295242
9.451796,96621.14,9.451796,97102.8125,481.6725000000006,0.49851668071811256
9.442871,96057.39,9.442871,97090.867188,1033.4771880000044,1.0758955536893147
9.433962,95447.59,9.433962,96824.851562,1377.2615619999997,1.44295058890434
9.425071,95444.31,9.425071,96693.625,1249.3150000000023,1.308946546944498
9.416196,95216.8,9.416196,96669.359375,1452.559374999997,1.5255284519118444
9.407338,95054.32,9.407338,96057.390625,1003.070624999993,1.0552604289841776
9.398496,95016.97,9.398496,95649.765625,632.7956249999988,0.6659816925334483
9.389671,94788.7,9.389671,95511.078125,722.3781250000029,0.7620930817702984
9.380863,94545.3,9.380863,95447.59375,902.2937499999971,0.95435071865021
9.372071,94155.96,9.372071,95444.3125,1288.3524999999936,1.3683175233941576
9.363296,93883.82,9.363296,95342.78125,1458.961249999993,1.5540071228460803
9.354537,93873.91,9.354537,95216.804688,1342.8946880000003,1.4305302591529427
9.345794,93593.38,9.345794,95182.617188,1589.2371879999992,1.698023073854154
9.337068,93593.38,9.337068,95049.140625,1455.7606249999953,1.5554098217202919
9.328358,93549.37,9.328358,95016.96875,1467.5987500000047,1.56879597371955
9.319664,93238.18,9.319664,94861.84375,1623.663750000007,1.7414151048422515
9.310987,93087.48,9.310987,94573.976562,1486.4965620000003,1.5968813013307486
9.302326,92912.34,9.302326,94437.125,1524.7850000000035,1.6411006331344185
9.29368,92852.22,9.29368,94297.710938,1445.4909380000026,1.5567650811149185
9.285051,92656.55,9.285051,93883.820312,1227.2703119999933,1.3245370262544778
9.276438,92435.11,9.276438,93873.90625,1438.7962499999994,1.5565473444019262
9.267841,92253.89,9.267841,93780.382812,1526.4928119999968,1.6546649816067343
9.259259,92218.58,9.259259,93593.382812,1374.8028119999944,1.4908089150797967
9.250694,92183.24,9.250694,93549.367188,1366.1271879999986,1.4819691605545633
9.242144,92183.24,9.242144,93238.179688,1054.9396879999986,1.1443942391263298
9.23361,92183.24,9.23361,93087.476562,904.236561999991,0.9809121072333657
9.225092,91879.87,9.225092,92912.34375,1032.4737500000047,1.1237213875030567
9.21659,91849.48,9.21659,92852.21875,1002.7387500000041,1.0917195720650832
9.208103,91377.14,9.208103,92681.664062,1304.5240619999968,1.4276262772067465
9.199632,91112.0,9.199632,92656.554688,1544.5546880000038,1.6952264114496487
9.191176,91112.0,9.191176,92435.109375,1323.109375,1.452179048862938
9.182736,91076.25,9.182736,92218.578125,1142.328125,1.2542546767131937
9.174312,90620.55,9.174312,92183.242188,1562.692188000001,1.7244346762406548
9.165903,90416.03,9.165903,92183.242188,1767.212188000005,1.9545341550607842
9.157509,90399.61,9.157509,91879.867188,1480.2571880000032,1.6374597058549292
9.149131,90379.27,9.149131,91849.476562,1470.2065619999921,1.6267077195909991
9.140768,90142.05,9.140768,91758.242188,1616.192188000001,1.7929392420074768
9.13242,89929.86,9.13242,91377.140625,1447.2806249999994,1.6093437986003754
9.124088,89929.86,9.124088,91112.0,1182.1399999999994,1.3145133329463643
9.11577,89862.09,9.11577,91076.25,1214.1600000000035,1.351137059020109
9.107468,89829.19,9.107468,90943.203125,1114.0131249999977,1.2401460204639467
9.099181,89692.3,9.099181,90846.789062,1154.4890619999933,1.2871663030159706
9.090909,89619.67,9.090909,90620.554688,1000.8846880000056,1.1168136280796455
9.082652,89575.25,9.082652,90399.609375,824.359375,0.9202981571360392
9.07441,89500.32,9.07441,90389.320312,889.0003119999892,0.993292886550561
9.066183,89495.13,9.066183,90270.914062,775.7840619999915,0.8668450026275077
9.057971,89495.13,9.057971,90197.515625,702.3856249999953,0.7848311131566548
9.049774,89375.62,9.049774,90142.046875,766.4268750000047,0.8575346106689998
9.041591,89375.62,9.041591,89929.859375,554.2393750000047,0.6201236701910484
9.033424,89338.22,9.033424,89862.09375,523.8737499999988,0.5863937629381902
9.025271,89188.28,9.025271,89829.1875,640.9075000000012,0.7186005829465498
9.017133,89000.41,9.017133,89692.296875,691.8868749999965,0.7773974018771335
9.009009,88974.48,9.009009,89675.320312,700.8403120000003,0.7876868872962227
9.0009,88753.59,9.0009,89619.671875,866.0818750000035,0.9758274285017694
8.992806,88692.17,8.992806,89575.25,883.0800000000017,0.9956685015148483
8.984726,88514.01,8.984726,89500.320312,986.3103120000014,1.1142985296903865
8.976661,88514.01,8.976661,89495.132812,981.1228120000014,1.1084378755408342
8.96861,88246.16,8.96861,89388.125,1141.9649999999965,1.294067639883703
8.960573,88214.59,8.960573,89375.625,1161.0350000000035,1.3161484965242185
8.952551,88008.62,8.952551,89338.21875,1329.5987500000047,1.5107596846763474
8.944544,87904.52,8.944544,89188.28125,1283.761249999996,1.460404140765453
8.93655,87904.52,8.93655,89000.414062,1095.8940619999921,1.2466868165595946
8.928571,87882.62,8.928571,88974.476562,1091.8565620000008,1.2424032897517177
8.920607,87882.62,8.920607,88692.171875,809.5518750000047,0.9211740330454471
8.912656,87856.22,8.912656,88514.007812,657.787811999995,0.7487094391267858
8.90472,87379.54,8.90472,88268.726562,889.1865620000026,1.0176141485752874
8.896797,87362.22,8.896797,88246.15625,883.9362499999988,1.0118060758987109
8.888889,87362.22,8.888889,88214.59375,852.3737499999988,0.9756777586466998
8.880995,87070.09,8.880995,88045.78125,975.6912500000035,1.1205814189465102
8.873114,86789.34,8.873114,88008.617188,1219.2771880000073,1.4048697547417774
8.865248,86789.34,8.865248,87904.515625,1115.1756250000035,1.2849223476062885
8.857396,86671.89,8.857396,87882.617188,1210.7271880000044,1.3969087186168485
8.849558,86554.3,8.849558,87856.21875,1301.918749999997,1.5041641489793078
8.841733,86104.05,8.841733,87362.21875,1258.168749999997,1.4612190135074914
8.833922,85879.22,8.833922,87278.148438,1398.9284380000026,1.6289487002793024
8.826125,85851.26,8.826125,87070.09375,1218.8337500000052,1.419703974059327
8.818342,85549.25,8.818342,86789.34375,1240.09375,1.4495670622477694
8.810573,85549.25,8.810573,86671.890625,1122.640625,1.3122740701993296
8.802817,85350.26,8.802817,86591.726562,1241.4665620000014,1.4545551027026766
8.795075,85350.26,8.795075,86554.296875,1204.0368750000052,1.4107008871443454
8.787346,85083.73,8.787346,85879.21875,795.4887500000041,0.9349481387334619
8.779631,85083.73,8.779631,85851.257812,767.5278120000003,0.9020852893966922
8.77193,85070.41,8.77193,85646.421875,576.0118749999965,0.6771001515097864
8.764242,84948.02,8.764242,85549.25,601.2299999999959,0.7077622291843835
8.756567,84909.98,8.756567,85350.257812,440.27781200000027,0.518523042874348
8.748906,84784.92,8.748906,85216.21875,431.29875000000175,0.5086974782779788
8.741259,84735.95,8.741259,85083.734375,347.7843750000029,0.4104330865470947
8.733624,84553.53,8.733624,85070.40625,516.8762500000012,0.6113006163078007
8.726003,84294.12,8.726003,84948.015625,653.8956250000047,0.7757310059112127
8.718396,84049.85,8.718396,84909.984375,860.1343749999942,1.0233621773269008
8.710801,83956.18,8.710801,84902.742188,946.5621880000108,1.1274478996066888
8.70322,83807.39,8.70322,84784.921875,977.5318750000006,1.166402956827555
8.695652,83736.56,8.695652,84735.945312,999.3853119999985,1.193487422936885
8.688097,83704.62,8.688097,84627.023438,922.4034380000085,1.1019743450242154
8.680556,83340.6,8.680556,84553.539062,1212.9390619999904,1.4553999635231691
8.673027,83221.92,8.673027,84217.5625,995.6425000000017,1.1963704995030178
8.665511,83139.66,8.665511,83956.179688,816.5196880000003,0.9821061187885545
8.658009,83071.5,8.658009,83807.390625,735.890625,0.8858520972896842
8.650519,83024.48,8.650519,83736.5625,712.0825000000041,0.8576777596198184
8.643042,82917.88,8.643042,83704.617188,786.7371879999992,0.9488148852816776
8.635579,82876.85,8.635579,83485.359375,608.5093749999942,0.7342332328026393
8.628128,82777.92,8.628128,83221.921875,444.00187500000175,0.536377182466051
8.62069,82634.55,8.62069,83139.664062,505.1140619999933,0.611262555432314
8.613264,82583.96,8.613264,83026.351562,442.3915619999898,0.5356870292972022
8.605852,82583.96,8.605852,83024.484375,440.5243749999936,0.5334260732955813
8.598452,82479.28,8.598452,82876.851562,397.57156199999736,0.48202598519288403
8.591065,82428.57,8.591065,82777.921875,349.351874999993,0.4238237725099355
8.583691,82232.13,8.583691,82634.554688,402.42468799999915,0.48937646148774105
8.576329,82177.84,8.576329,82610.945312,433.1053119999997,0.5270341882921231
8.56898,82164.96,8.56898,82583.960938,419.0009379999974,0.5099508817383923
8.561644,82140.76,8.561644,82479.28125,338.52125000000524,0.41212334777521564
8.55432,82134.5,8.55432,82428.570312,294.0703119999962,0.35803506687201625
8.547009,81956.81,8.547009,82232.132812,275.3228119999985,0.33593646702452
8.53971,81837.5,8.53971,82177.835938,340.3359380000038,0.4158679553994242
8.532423,81692.09,8.532423,82164.960938,472.8709380000073,0.5788454402378582
8.525149,81690.62,8.525149,82134.5,443.88000000000466,0.54336715769816
8.517888,81683.79,8.517888,81956.8125,273.0225000000064,0.3342431833782522
8.510638,81683.79,8.510638,81936.375,252.5850000000064,0.30922291925975326
8.503401,81616.03,8.503401,81837.5,221.47000000000116,0.2713560069020769
8.496177,81569.94,8.496177,81692.085938,122.14593800000148,0.14974381248778837
8.488964,81569.94,8.488964,81690.625,120.68499999999767,0.14795278750970967
8.481764,81522.87,8.481764,81683.789062,160.91906200000085,0.19739131117439912
8.474576,81488.58,8.474576,81635.890625,147.31062499999825,0.1807745637486851
8.467401,81399.34,8.467401,81616.03125,216.6912500000035,0.26620762527067604
8.460237,81378.3,8.460237,81591.390625,213.0906249999971,0.26185190032231825
8.453085,81350.16,8.453085,81569.9375,219.7774999999965,0.270162345101714
8.445946,81340.94,8.445946,81522.867188,181.92718800000148,0.2236600511378421
8.438819,81330.62,8.438819,81399.34375,68.72375000000466,0.0844992328842503
8.431703,81330.62,8.431703,81378.304688,47.684688000008464,0.05863067071173006
8.4246,81042.6,8.4246,81350.164062,307.5640619999904,0.3795091248306327
8.417508,80864.97,8.417508,81337.5,472.52999999999884,0.5843444942847302
8.410429,80642.84,8.410429,81330.625,687.7850000000035,0.8528779492388953
8.403361,80207.41,8.403361,81168.867188,961.4571880000003,1.1987136699713907
8.396306,80032.8,8.396306,80864.96875,832.1687499999971,1.039784625803417
8.389262,79885.97,8.389262,80679.0625,793.0924999999988,0.9927807098042357
8.38223,79708.74,8.38223,80207.40625,498.66624999999476,0.6256105039422211
8.375209,79660.52,8.375209,80036.296875,375.7768749999959,0.47172284966253786
8.368201,79562.41,8.368201,80032.796875,470.3868749999965,0.5912174794604594
8.361204,79562.41,8.361204,79885.96875,323.5587499999965,0.4066728873597425
8.354219,79561.86,8.354219,79752.015625,190.15562499999942,0.23900349363375795
8.347245,79561.86,8.347245,79708.742188,146.88218800000323,0.1846138187317431
8.340284,79512.48,8.340284,79660.523438,148.04343800000788,0.18618893285683943
8.333333,79119.73,8.333333,79562.414062,442.68406200000027,0.5595115933787947
8.326395,78984.12,8.326395,79561.859375,577.7393750000047,0.7314626978182509
8.319468,78817.35,8.319468,79561.859375,744.5093749999942,0.9446008715086135
8.312552,78700.92,8.312552,79512.476562,811.5565619999979,1.0311906925611518
8.305648,78678.41,8.305648,79445.992188,767.5821880000003,0.9755944330852648
8.298755,78506.86,8.298755,79119.726562,612.8665619999956,0.78065351486481
8.291874,78506.86,8.291874,78984.117188,477.2571880000032,0.607917815080113
8.285004,78471.07,8.285004,78817.351562,346.2815619999892,0.441285638133887
8.278146,78395.85,8.278146,78678.414062,282.5640619999904,0.36043242339995085
8.271299,78395.85,8.271299,78506.859375,111.00937499999418,0.14160108602686772
8.264463,78342.07,8.264463,78471.070312,129.0003119999892,0.1646628841949022
8.257638,78338.48,8.257638,78395.851562,57.37156200000027,0.07323548018802545
8.250825,78335.47,8.250825,78342.070312,6.600311999995029,0.008425700388336252
8.244023,78335.47,8.244023,78338.484375,3.014374999998836,0.0038480333366211193
8.237232,78286.5,8.237232,78335.46875,48.96875,0.06255069520287661
8.230453,78286.5,8.230453,78327.726562,41.22656199999619,0.052661138254994404
8.223684,78119.19,8.223684,78286.5,167.30999999999767,0.21417272759740297
8.216927,78108.59,8.216927,78119.1875,10.597500000003492,0.013567649857721787
8.210181,77940.4,8.210181,78108.585938,168.18593800000963,0.21578788150947345
8.203445,77878.25,8.203445,77940.398438,62.14843800000381,0.07980204742659704
8.196721,77841.87,8.196721,77505.289062,336.58093799999915,0.4323906118904893
8.190008,77841.87,8.190008,77243.664062,598.2059379999992,0.7684886527006599
8.183306,77505.29,8.183306,77167.1875,338.1024999999936,0.4362315140037456
8.176615,77243.66,8.176615,77050.5,193.1600000000035,0.25006583064552285
8.169935,77243.66,8.169935,76849.515625,394.1443750000035,0.5102611334056458
8.163265,77167.19,8.163265,76845.851562,321.33843800000614,0.41641847785309544
8.156607,77050.5,8.156607,76771.59375,278.90625,0.36197850760215705
8.149959,76849.52,8.149959,76593.953125,255.56687500000407,0.33255493983567375
8.143322,76845.85,8.143322,76479.03125,366.8187500000058,0.4773436041113552
8.136697,76701.43,8.136697,76434.898438,266.5315619999892,0.3474922983834711
8.130081,76434.9,8.130081,76302.328125,132.57187499999418,0.17344416621202383
8.123477,76302.33,8.123477,76291.273438,11.056561999997939,0.014490464445840564
8.116883,76291.27,8.116883,76277.664062,13.605938000007882,0.017834200426874374
8.1103,76277.66,8.1103,76165.84375,111.81625000000349,0.14659108577793747
8.103728,76165.84,8.103728,76152.289062,13.550938000000315,0.017791358960920427
8.097166,76152.29,8.097166,76151.070312,1.2196879999974044,0.001601643233574991
8.090615,76151.07,8.090615,76096.71875,54.351250000006985,0.07137293015056384
8.084074,76151.07,8.084074,76025.414062,125.65593800001079,0.1650087621881226
8.077544,76128.91,8.077544,76018.015625,110.89437500000349,0.14566657397301958
8.071025,76096.72,8.071025,76014.3125,82.40750000000116,0.1082931038289182
8.064516,76096.72,8.064516,76000.132812,96.58718800000497,0.12692687411494866
8.058018,76018.02,8.058018,75924.015625,94.00437500000407,0.12366064651513427
8.05153,76014.31,8.05153,75922.289062,92.02093800000148,0.12105738774712482
8.045052,76000.13,8.045052,75892.132812,107.99718800000846,0.14210132008985835
8.038585,75924.02,8.038585,75799.445312,124.57468800000788,0.16407809807753576
8.032129,75922.29,8.032129,75786.398438,135.8915619999898,0.17898770176714876
8.025682,75892.13,8.025682,75718.953125,173.17687500000466,0.22818818631128768
8.019246,75799.45,8.019246,75449.945312,349.5046880000009,0.4610913245412743
8.012821,75799.45,8.012821,75405.210938,394.2390619999933,0.5201080773013436
8.006405,75786.4,8.006405,75319.40625,466.9937499999942,0.6161972992515731
8.0,75718.95,8.0,75237.242188,481.7078119999933,0.6361786738986652
7.993605,75449.95,7.993605,75199.867188,250.08281199999328,0.33145523887026207
7.98722,75405.21,7.98722,75095.515625,309.6943750000064,0.41070686627622466
7.980846,75319.41,7.980846,74997.726562,321.6834380000073,0.4270923497674866
7.974482,75199.87,7.974482,74965.890625,233.97937499999534,0.31114332378499504
7.968127,75095.52,7.968127,74937.546875,157.97312500000407,0.210362915124636
7.961783,74997.73,7.961783,74894.507812,103.22218799999973,0.13763374971482437
7.955449,74981.48,7.955449,74723.640625,257.8393749999959,0.3438707464829928
7.949126,74965.89,7.949126,74703.796875,262.0931249999994,0.34961650558674007
7.942812,74937.55,7.942812,74501.421875,436.1281250000029,0.5819887693152537
7.936508,74937.55,7.936508,74345.15625,592.3937500000029,0.7905165701307327
7.930214,74894.51,7.930214,74162.671875,731.8381249999948,0.9771585727712149
7.92393,74723.64,7.92393,74115.78125,607.8587499999994,0.8134758290682834
7.917656,74703.8,7.917656,74108.203125,595.5968750000029,0.7972778827850832
7.911392,74215.77,7.911392,73984.921875,230.84812500000407,0.31104996283135516
7.905138,74115.78,7.905138,73914.664062,201.11593800000264,0.2713537360060201
7.898894,74024.77,7.898894,73853.023438,171.74656200000027,0.23201228723844772
7.89266,74005.86,7.89266,73728.273438,277.5865619999968,0.3750872728186616
7.886435,73914.66,7.886435,73682.609375,232.0506250000035,0.31394397944873653
7.880221,73853.02,7.880221,73557.515625,295.5043750000041,0.4001249711927881
7.874016,73739.7,7.874016,73549.09375,190.6062499999971,0.25848525285564916
7.867821,73557.52,7.867821,73518.554688,38.96531200000027,0.05297257438804389
7.861635,73557.52,7.861635,73442.15625,115.36375000000407,0.1568347464678038
7.85546,73549.09,7.85546,73335.078125,214.0118749999965,0.29097827722952996
7.849294,73518.55,7.849294,73289.140625,229.4093750000029,0.31204284496906276
7.843137,73518.55,7.843137,73136.9375,381.6125000000029,0.5190696769726864
7.836991,73442.16,7.836991,73128.171875,313.9881250000035,0.4275311687455863
7.830854,73335.08,7.830854,73105.148438,229.93156199999794,0.3135355712436639
7.824726,73289.14,7.824726,72955.351562,333.7884380000032,0.4554405168351044
7.818608,73128.17,7.818608,72886.125,242.04499999999825,0.3309873609581619
7.8125,73128.17,7.8125,72866.882812,261.28718800000206,0.35730032352785807
7.806401,73105.15,7.806401,72826.484375,278.6656249999942,0.38118467030023767
7.800312,73105.15,7.800312,72753.34375,351.8062499999942,0.48123319629327643
7.794232,72955.35,7.794232,72697.367188,257.982812000002,0.35361740023178834
7.788162,72866.88,7.788162,72691.382812,175.49718800000846,0.2408463049330621
7.782101,72826.48,7.782101,72458.226562,368.25343799999973,0.5056587082061357
7.77605,72697.37,7.77605,72318.5625,378.80749999999534,0.5210745588182838
7.770008,72573.87,7.770008,72310.8125,263.05749999999534,0.36246861301456756
7.763975,72458.23,7.763975,72248.796875,209.43312499999593,0.2890398026559522
7.757952,72318.56,7.757952,72189.59375,128.96624999999767,0.17833077705086728
7.751938,72310.81,7.751938,72141.203125,169.60687499999767,0.23455258625922967
7.745933,72189.59,7.745933,71961.75,227.8399999999965,0.3156133730638954
7.739938,72189.59,7.739938,71902.992188,286.5978119999927,0.39700711972459285
7.733952,72128.36,7.733952,71852.359375,276.0006250000006,0.3826520178748007
7.727975,71902.99,7.727975,71571.640625,331.34937500000524,0.46082836749905004
7.722008,71852.36,7.722008,71531.109375,321.2506250000006,0.4470982233568954
7.716049,71571.64,7.716049,71469.703125,101.93687499999942,0.14242635071656792
7.7101,71531.11,7.7101,71448.929688,82.18031199999677,0.114887511182193
7.70416,71469.7,7.70416,71369.625,100.07499999999709,0.1400243739654666
7.698229,71369.62,7.698229,71267.265625,102.35437499999534,0.1434144878451018
7.692308,71267.27,7.692308,71230.640625,36.629375000004075,0.05139719116503841
7.686395,71230.64,7.686395,70947.609375,283.0306249999994,0.39734393092635334
7.680492,70947.61,7.680492,70833.34375,114.26625000000058,0.16105722236450332
7.674597,70833.34,7.674597,70797.84375,35.49624999999651,0.05011234822471524
7.668712,70797.84,7.668712,70746.554688,51.2853119999927,0.07243909136209904
7.662835,70746.55,7.662835,70533.164062,213.38593800000672,0.30162027406284364
7.656968,70612.74,7.656968,70414.382812,198.35718800000905,0.28090849894793635
7.651109,70533.16,7.651109,70124.671875,408.4881250000035,0.5791433773844862
7.64526,70533.16,7.64526,70029.054688,504.1053119999997,0.7147068300923985
7.639419,70124.67,7.639419,69877.859375,246.81062499999825,0.3519597667981871
7.633588,70029.05,7.633588,69814.054688,214.9953119999991,0.30700875136818095
7.627765,69877.86,7.627765,69786.125,91.73500000000058,0.1312790632111524
7.621951,69877.86,7.621951,69738.226562,139.6334380000044,0.1998250060892025
7.616146,69814.05,7.616146,69638.34375,175.7062500000029,0.25167749185157273
7.61035,69786.12,7.61035,69638.273438,147.84656199999154,0.21185668726100773
7.604563,69738.23,7.604563,69538.351562,199.87843799999973,0.28661243338123116
7.598784,69638.34,7.598784,69284.921875,353.4181249999965,0.5075050970485462
7.593014,69638.34,7.593014,69217.742188,420.5978119999927,0.6039744945097668
7.587253,69538.35,7.587253,68863.46875,674.8812500000058,0.9705166285941581
7.581501,69538.35,7.581501,68741.757812,796.5921880000096,1.1455437007061708
7.575758,69284.92,7.575758,68685.867188,599.0528119999944,0.8646222179371709
7.570023,69243.12,7.570023,68668.5,574.6199999999953,0.8298586198888718
7.564297,69217.74,7.564297,68568.617188,649.1228120000014,0.9377983332018662
7.558579,68862.3,7.558579,68560.523438,301.7765619999991,0.4382318946651493
7.55287,68741.76,7.55287,68507.90625,233.85374999999476,0.3401916826103882
7.54717,68685.87,7.54717,68458.765625,227.10437499999534,0.33064205927652274
7.541478,68668.5,7.541478,68382.710938,285.7890619999962,0.41618655132993465
7.535795,68568.62,7.535795,68207.820312,360.79968799999915,0.5261877634404764
7.53012,68564.05,7.53012,68183.265625,380.7843750000029,0.555370307034084
7.524454,68560.52,7.524454,68171.257812,389.2621880000079,0.5677643460113895
7.518797,68507.91,7.518797,68143.453125,364.4568750000035,0.5319924005855725
7.513148,68458.77,7.513148,68140.953125,317.8168750000041,0.46424566932769035
7.507508,68207.82,7.507508,68069.929688,137.89031200000318,0.20216202775576636
7.501875,68183.27,7.501875,68016.710938,166.55906200000027,0.24428142270090633
7.496252,68171.26,7.496252,67939.335938,231.92406199999095,0.34020797327200786
7.490637,68069.93,7.490637,67869.320312,200.60968799999682,0.29471117129104857
7.48503,68016.71,7.48503,67706.828125,309.8818750000064,0.45559668352086774
7.479432,67939.34,7.479432,67676.742188,262.5978119999927,0.38651804977792353
7.473842,67869.32,7.473842,67621.015625,248.30437500000698,0.36585658291553086
7.46826,67706.83,7.46826,67576.03125,130.79875000000175,0.19318398158649835
7.462687,67676.74,7.462687,67490.09375,186.64625000000524,0.2757908403980529
7.457122,67576.03,7.457122,67335.328125,240.70187499999884,0.356194163818145
7.451565,67490.09,7.451565,67293.375,196.7149999999965,0.29147242209929863
7.446016,67490.09,7.446016,67244.125,245.9649999999965,0.36444609867907496
7.440476,67293.38,7.440476,67136.695312,156.68468800000846,0.23283819002702563
7.434944,67244.12,7.434944,67100.34375,143.77624999999534,0.21381237497047378
7.429421,67244.12,7.429421,67083.890625,160.22937499999534,0.23828012768996806
7.423905,67136.7,7.423905,67059.804688,76.89531199999328,0.11453543590911273
7.418398,67083.89,7.418398,66968.679688,115.21031199999561,0.17174065487257167
7.412898,67083.89,7.412898,66888.226562,195.66343800000323,0.29166978539855576
7.407407,66985.67,7.407407,66675.898438,309.77156199999445,0.4624445228359953
7.401925,66888.23,7.401925,66652.171875,236.05812499999593,0.35291429448797784
7.39645,66675.9,7.39645,66626.328125,49.57187499999418,0.07434751536911265
7.390983,66675.9,7.390983,66605.65625,70.24374999999418,0.10535103388179866
7.385524,66652.17,7.385524,66362.84375,289.32624999999825,0.43408376651502606
7.380074,66626.33,7.380074,66121.3125,505.01750000000175,0.7579848687448366
7.374631,66605.66,7.374631,66112.5,493.1600000000035,0.7404175561055975
7.369197,66112.5,7.369197,65966.921875,145.578125,0.22019757988277558
7.36377,66112.5,7.36377,65750.320312,362.1796880000038,0.5478233132917433
7.358352,65750.32,7.358352,65725.289062,25.030938000010792,0.03806968239852032
7.352941,65712.77,7.352941,65712.773438,0.0034379999997327104,5.231859804011777e-06
7.347539,65635.01,7.347539,65635.007812,0.002187999998568557,3.3335867528146292e-06
7.342144,65629.28,7.342144,65629.28125,0.0012500000011641532,1.9046376878797898e-06
7.336757,65505.61,7.336757,65505.605469,0.004530999998678453,6.916964819774144e-06
7.331378,65457.9,7.331378,65457.902344,0.002344000000448432,3.580927589257266e-06
7.326007,65357.44,7.326007,65357.4375,0.0025000000023283064,3.82511922487831e-06
7.320644,65070.18,7.320644,65104.710938,34.53093799999624,0.05306722372674587
7.315289,64752.44,7.315289,64935.679688,183.2396879999942,0.28298499330680693
7.309942,64549.93,7.309942,64854.125,304.1949999999997,0.4712553522521244
7.304602,64546.96,7.304602,64752.4375,205.47750000000087,0.3183379976376903
7.29927,64486.55,7.29927,64692.953125,206.4031249999971,0.3200715885715658
7.293946,64486.55,7.293946,64549.925781,63.375780999995186,0.09827751833521127
7.28863,64465.41,7.28863,64546.960938,81.55093799999304,0.12650340391846268
7.283321,64309.43,7.283321,64486.554688,177.12468799999624,0.2754256848490124
7.27802,64262.31,7.27802,64465.40625,203.09625000000233,0.3160425605615521
7.272727,64173.32,7.272727,64309.429688,136.10968799999682,0.21209700230562611
7.267442,64113.94,7.267442,64262.308594,148.36859399999958,0.2314139389967292
7.262164,63974.15,7.262164,64113.941406,139.79140599999664,0.21851233037093365
7.256894,63973.85,7.256894,63974.148438,0.2984379999979865,0.000466499983974681
7.251632,63816.89,7.251632,63973.847656,156.95765599999868,0.24595002357526147
7.246377,63816.89,7.246377,63816.886719,0.0032809999975143,5.141272157753692e-06
7.24113,63808.02,7.24113,63727.132812,80.88718799999333,0.1267664911087875
7.23589,63552.36,7.23589,63552.359375,0.0006250000005820766,9.83441056448693e-07
7.230658,63552.36,7.230658,63442.878906,109.48109400000249,0.17226912423079566
7.225434,63276.14,7.225434,63276.144531,0.004530999998678453,7.160676992431038e-06
7.220217,63221.66,7.220217,63221.660156,0.000155999994603917,2.467508676676901e-07
7.215007,63075.24,7.215007,63086.214844,10.974844000003941,0.017399607199281273
7.209805,62987.57,7.209805,63051.097656,63.52765599999839,0.10085744854103498
7.204611,62966.12,7.204611,62987.574219,21.454218999999284,0.03407263938130423
7.199424,62781.4,7.199424,62966.117188,184.71718799999508,0.29422279210083735
7.194245,62756.76,7.194245,62781.402344,24.642343999999866,0.03926643759174289
7.189073,62656.64,7.189073,62756.757812,100.11781200000405,0.15978803204258007
7.183908,62510.16,7.183908,62656.636719,146.4767189999984,0.2343246585834981
7.178751,62404.74,7.178751,62510.160156,105.42015600000013,0.16892972553046473
7.173601,62229.54,7.173601,62404.742188,175.20218799999566,0.28154183366934044
7.168459,61859.95,7.168459,62229.542969,369.5929690000048,0.5974672934588613
7.163324,61844.05,7.163324,62039.085938,195.03593799999362,0.3153673441503162
7.158196,61842.01,7.158196,61953.023438,111.0134379999945,0.1795113677579278
7.153076,61692.05,7.153076,61859.945312,167.89531200000056,0.2721506450182812
7.147963,61461.46,7.147963,61844.050781,382.59078099999897,0.622488923953318
7.142857,60810.84,7.142857,61692.054688,881.214688,1.4491079024726512
7.137759,60810.84,7.137759,61535.476562,724.636562000007,1.1916239966427153
7.132668,60762.18,7.132668,61417.890625,655.7106249999997,1.0791426920495606
7.127584,60643.71,7.127584,61003.085938,359.3759379999974,0.5926021643464712
7.122507,60535.67,7.122507,60810.839844,275.16984400000365,0.4545581869334289
7.117438,60415.16,7.117438,60762.175781,347.0157809999946,0.5743852718423564
7.112376,60300.71,7.112376,60663.703125,362.9931250000009,0.6019715605338658
7.107321,60180.55,7.107321,60535.671875,355.1218749999971,0.5900941001702328
7.102273,60142.02,7.102273,60415.164062,273.14406200000667,0.45416509455453385
7.097232,60101.77,7.097232,60335.9375,234.1675000000032,0.3896183090780907
7.092199,60101.45,7.092199,60300.707031,199.257031000001,0.331534482113162
7.087172,60049.34,7.087172,60142.023438,92.68343800000002,0.15434547323917303
7.082153,60049.34,7.082153,60101.765625,52.42562500000349,0.08730424847301152
7.077141,59956.8,7.077141,60101.445312,144.64531200000056,0.24124921943799627
7.072136,59553.7,7.072136,60049.34375,495.6437500000029,0.83226357052543
7.067138,59517.33,7.067138,59956.796875,439.46687499999825,0.7383847276079055
7.062147,59347.73,7.062147,59553.695312,205.96531200000027,0.347048340349328
7.057163,59189.34,7.057163,59347.730469,158.3904690000054,0.26759965392417856
7.052186,59140.37,7.052186,59140.371094,0.0010939999992842786,1.8498362443188614e-06
7.047216,58930.88,7.047216,58930.878906,0.0010939999992842786,1.8564121209190812e-06
7.042254,58909.71,7.042254,58909.710938,0.000937999997404404,1.5922672126622318e-06
7.037298,58908.25,7.037298,58908.25,0.0,0.0
7.032349,58881.79,7.032349,58884.632812,2.8428120000025956,0.00482799860534572
7.027407,58803.87,7.027407,58881.789062,77.91906200000085,0.13250669046102043
7.022472,58671.8,7.022472,58701.257812,29.45781200000056,0.05020778636414863
7.017544,58640.21,7.017544,58671.796875,31.586875000000873,0.05386555573385715
7.012623,58627.06,7.012623,58627.0625,0.0025000000023283064,4.264242488585145e-06
7.007708,58241.52,7.007708,58286.492188,44.97218799999973,0.07721671412421884
7.002801,58169.74,7.002801,58241.515625,71.77562500000204,0.12338997045543273
6.997901,58147.27,6.997901,58169.738281,22.468281000001298,0.0386403024596018
6.993007,58025.87,6.993007,58147.269531,121.39953099999548,0.20921621855905906
6.98812,58020.47,6.98812,58025.867188,5.397187999995367,0.009302213511878423
6.98324,57489.19,6.98324,57489.191406,0.0014059999957680702,2.4456771712526653e-06
6.978367,57432.52,6.978367,57432.515625,0.004374999996798579,7.617635438595728e-06
6.973501,57354.19,6.973501,57354.183594,0.006406000000424683,1.116919269616515e-05
6.968641,57251.33,6.968641,57251.328125,0.0018750000017462298,3.275033089617708e-06
6.963788,57054.34,6.963788,57228.273438,173.93343800000002,0.30485575330465664
6.958942,57038.29,6.958942,57166.53125,128.24124999999913,0.224833616155041
6.954103,57022.56,6.954103,57054.335938,31.77593799999886,0.055725204199879586
6.94927,57022.56,6.94927,57038.292969,15.732969000004232,0.02759077985976819
6.944444,56979.5,6.944444,57022.5625,43.0625,0.07557542624979159
6.939625,56682.58,6.939625,56979.503906,296.92390599999635,0.5238362579826048
6.934813,56663.4,6.934813,56925.605469,262.20546900000045,0.46274220925676973
6.930007,56638.39,6.930007,56682.582031,44.19203099999868,0.07802487146968458
6.925208,56594.99,6.925208,56672.230469,77.24046900000394,0.136479340309105
6.920415,56594.99,6.920415,56658.777344,63.78734400000394,0.11270846412377482
6.915629,56458.19,6.915629,56594.992188,136.8021879999942,0.2423070736061397
6.91085,56458.19,6.91085,56567.648438,109.4584379999942,0.19387521633264226
6.906077,56376.03,6.906077,56458.191406,82.16140599999926,0.14573819050401254
6.901311,56170.37,6.901311,56376.03125,205.66124999999738,0.3661383216809812
6.896552,55725.78,6.896552,56170.367188,444.5871879999977,0.79781240926551
6.891799,55431.49,6.891799,55523.535156,92.04515600000013,0.1660521050399333
6.887052,55431.49,6.887052,55431.488281,0.0017189999998663552,3.1011253709152604e-06
6.882312,55321.48,6.882312,55321.476562,0.0034379999997327104,6.214584280342301e-06
6.877579,55321.48,6.877579,55270.226562,51.25343799999973,0.09264654163265287
6.872852,55265.62,6.872852,55265.617188,0.0028120000060880557,5.088154274009874e-06
6.868132,55235.69,6.868132,55235.691406,0.0014059999957680702,2.5454556569639486e-06
6.863418,55235.69,6.863418,55224.695312,10.99468799999886,0.019905043279080718
6.858711,55224.7,6.858711,55115.273438,109.42656200000056,0.1981478613736255
6.85401,55115.27,6.85401,54942.40625,172.8637499999968,0.31364039403235583
6.849315,54942.41,6.849315,54891.53125,50.87875000000349,0.0926037827609009
6.844627,54891.53,6.844627,54786.589844,104.94015599999693,0.1911773200710509
6.839945,54743.41,6.839945,54743.410156,0.000155999994603917,2.849657969861888e-07
6.83527,54726.7,6.83527,54726.695312,0.004687999993620906,8.566202591460669e-06
6.830601,54726.7,6.830601,54658.929688,67.77031200000056,0.12383409195146164
6.825939,54658.93,6.825939,54613.652344,45.27765599999839,0.08283670390181144
6.821282,54613.65,6.821282,54511.15625,102.49375000000146,0.18767057319919372
6.816633,54511.16,6.816633,54474.460938,36.69906200000696,0.06732394247344389
6.811989,54511.16,6.811989,54297.914062,213.24593800000002,0.3911968448295725
6.807352,54297.91,6.807352,54023.171875,274.7381250000035,0.5059828730056157
6.802721,54297.91,6.802721,53804.96875,492.9412500000035,0.9078457163452579
6.798097,53804.97,6.798097,53649.851562,155.1184379999977,0.2882976015040947
6.793478,53649.85,6.793478,53598.414062,51.435937999995076,0.09587340505144949
6.788866,53649.85,6.788866,53494.539062,155.31093799999508,0.2894899762068209
6.784261,53598.41,6.784261,53452.0625,146.3475000000035,0.2730444802373867
6.779661,53494.54,6.779661,53439.285156,55.25484400000278,0.10329062367860865
6.775068,53494.54,6.775068,53385.316406,109.22359400000278,0.20417708797945133
6.770481,53452.06,6.770481,53176.722656,275.3373439999996,0.5151108189282126
6.7659,53439.29,6.7659,52682.851562,756.4384379999974,1.4155098954346088
6.761325,53385.32,6.761325,52564.839844,820.4801559999978,1.536902197083389
6.756757,53385.32,6.756757,52229.535156,1155.7848440000016,2.164986262140981
6.752194,52945.81,6.752194,52049.585938,896.2240620000011,1.6927195220924964
6.747638,52564.84,6.747638,51945.347656,619.4923439999984,1.1785298766247523
6.743088,52564.84,6.743088,51902.660156,662.1798439999984,1.259739103172384
6.738544,52548.07,6.738544,51791.988281,756.0817190000016,1.4388382275505107
6.734007,52229.54,6.734007,51779.261719,450.27828099999897,0.8621142001250615
6.729475,52205.88,6.729475,51517.816406,688.0635939999993,1.317981028190693
6.72495,52049.59,6.72495,51308.257812,741.332187999993,1.4242805524500637
6.72043,51945.35,6.72043,51150.855469,794.4945309999966,1.529481524332778
6.715917,51902.66,6.715917,50783.566406,1119.0935940000054,2.156139192095367
6.711409,51902.66,6.711409,50765.882812,1136.777188,2.1902098813432684
6.706908,51779.26,6.706908,50691.8125,1087.447500000002,2.1001603730914695
6.702413,51517.82,6.702413,50389.640625,1128.1793749999997,2.189881821474588
6.697924,51517.82,6.697924,50341.609375,1176.2106249999997,2.2831141243942383
6.69344,51308.26,6.69344,50269.527344,1038.7326560000001,2.0244940210406672
6.688963,51150.86,6.688963,50221.453125,929.4068750000006,1.8169916888982913
6.684492,50864.15,6.684492,50096.363281,767.7867190000034,1.5094850085964344
6.680027,50691.81,6.680027,49940.289062,751.5209379999942,1.4825293040433836
6.675567,50389.64,6.675567,49922.960938,466.6790620000029,0.9261408932471097
6.671114,50389.64,6.671114,49888.859375,500.7806249999994,0.9938166357211511
6.666667,50341.61,6.666667,49888.546875,453.0631250000006,0.8999774242420943
6.662225,50269.53,6.662225,49865.105469,404.42453099999693,0.8045122582208287
6.65779,50096.36,6.65779,49792.75,303.6100000000006,0.6060520165536989
6.65336,50096.36,6.65336,49570.605469,525.7545309999987,1.0494864916333215
6.648936,49888.55,6.648936,49522.472656,366.0773440000048,0.7337903065934063
6.644518,49888.55,6.644518,49420.675781,467.8742190000048,0.9378388808654587
6.640106,49792.75,6.640106,49420.675781,372.0742190000019,0.7472457717237989
6.6357,49570.61,6.6357,49410.550781,160.05921900000249,0.32289136445971206
6.6313,49570.61,6.6313,49377.117188,193.49281200000405,0.39033776667263936
6.626905,49420.68,6.626905,49325.773438,94.90656200000376,0.19203815487768228
6.622517,49420.68,6.622517,49280.261719,140.4182809999984,0.28412858948925507
6.618134,49420.68,6.618134,49178.484375,242.1956250000003,0.4900693899800656
6.613757,49377.12,6.613757,48961.210938,415.9090620000061,0.8423113012666718
6.609385,49377.12,6.609385,48896.960938,480.1590620000061,0.9724322965778606
6.60502,49325.77,6.60502,48790.015625,535.7543749999968,1.0861551172946653
6.60066,49280.26,6.60066,48678.890625,601.369375000002,1.220304793440623
6.596306,49280.26,6.596306,48483.269531,796.9904690000039,1.6172610879082294
6.591958,49148.3,6.591958,48424.757812,723.5421879999994,1.4721611693588577
6.587615,48961.21,6.587615,48363.964844,597.2451559999972,1.2198333251976354
6.583278,48896.96,6.583278,48336.941406,560.018594000001,1.1453034994404583
6.578947,48896.96,6.578947,48288.128906,608.831094000001,1.2451307688657967
6.574622,48678.89,6.574622,48283.246094,395.6439059999975,0.8127627930710776
6.570302,48483.27,6.570302,48058.460938,424.80906200000027,0.8761972160706164
6.565988,48424.76,6.565988,47745.070312,679.6896879999986,1.4035994974471708
6.56168,48363.96,6.56168,47740.167969,623.7920309999972,1.289786921914577
6.557377,48336.94,6.557377,47740.167969,596.7720310000004,1.2346086264459446
6.55308,48336.94,6.55308,47691.132812,645.8071879999989,1.336053105554466
6.548788,48283.25,6.548788,47597.910156,685.3398440000019,1.4194153127637472
6.544503,48058.46,6.544503,47566.953125,491.5068749999991,1.0227270599182727
6.540222,48058.46,6.540222,47456.035156,602.424844000001,1.2535250692594
6.535948,47745.07,6.535948,47435.839844,309.2301559999978,0.6476692902534185
6.531679,47745.07,6.531679,47430.925781,314.1442190000016,0.6579615843059852
6.527415,47740.17,6.527415,47425.570312,314.5996879999948,0.6589831749656416
6.523157,47691.13,6.523157,47278.113281,413.0167189999993,0.8660241831132944
6.518905,47597.91,6.518905,47230.039062,367.870938,0.7728720399698222
6.514658,47597.91,6.514658,47224.359375,373.5506250000035,0.784804679449168
6.510417,47455.5,6.510417,46918.832031,536.6679690000019,1.1308867654961003
6.506181,47430.93,6.506181,46889.230469,541.6995309999984,1.1420807709231051
6.501951,47425.57,6.501951,46854.683594,570.8864059999978,1.2037523344474252
6.497726,47278.11,6.497726,46785.5625,492.5475000000006,1.041808777888965
6.493506,47230.04,6.493506,46553.25,676.7900000000009,1.4329651213507353
6.489293,47224.36,6.489293,46429.511719,794.8482809999987,1.683131928098123
6.485084,47224.36,6.485084,46414.65625,809.7037500000006,1.7145891442467416
6.480881,46918.83,6.480881,46404.753906,514.0760940000036,1.0956711708284363
6.476684,46889.23,6.476684,46389.894531,499.3354690000051,1.0649257174835354
6.472492,46854.68,6.472492,46320.53125,534.1487500000003,1.1400115207274926
6.468305,46785.56,6.468305,46231.296875,554.2631249999977,1.1846884487435818
6.464124,46553.25,6.464124,45998.015625,555.234375,1.1926866008280839
6.459948,46429.51,6.459948,45898.625,530.885000000002,1.143421500679206
6.455778,46389.89,6.455778,45878.191406,511.6985940000013,1.1030390328582398
6.451613,46389.89,6.451613,45799.160156,590.7298440000013,1.2734021227470065
6.447453,46389.89,6.447453,45614.957031,774.9329690000013,1.6704781343521213
6.443299,46231.3,6.443299,45595.027344,636.272656000001,1.3762811255577954
6.43915,45998.02,6.43915,45520.269531,477.7504689999987,1.0386326824502419
6.435006,45898.62,6.435006,45504.5625,394.0575000000026,0.8585388841756083
6.430868,45799.16,6.430868,45490.355469,308.8045310000016,0.6742580671785281
6.426735,45614.96,6.426735,45490.355469,124.60453099999722,0.2731659328430787
6.422608,45520.27,6.422608,45430.503906,89.7660939999987,0.19720026704586488
6.418485,45504.56,6.418485,45410.546875,94.01312499999767,0.20660154718559562
6.414368,45490.36,6.414368,45384.554688,105.80531200000405,0.23258842532792456
6.410256,45430.5,6.410256,45270.773438,159.72656200000347,0.3515844245606002
6.40615,45410.55,6.40615,45208.945312,201.60468799999944,0.44396002250578204
6.402049,45385.6,6.402049,45165.847656,219.75234400000045,0.4841895755481925
6.397953,45384.55,6.397953,45135.855469,248.694531000001,0.5479717899593606
6.393862,45270.77,6.393862,45134.34375,136.4262499999968,0.3013561509998544
6.389776,45135.86,6.389776,45105.851562,30.008437999997113,0.06648469310210797
6.385696,45134.34,6.385696,45076.753906,57.58609399999841,0.12758820445806543
6.381621,45105.85,6.381621,45065.84375,40.006249999998545,0.08869414942850772
6.377551,45065.84,6.377551,44875.632812,190.20718799999304,0.42206511184523143
6.373486,44875.63,6.373486,44872.117188,3.5128120000008494,0.007827883419131609
6.369427,44872.12,6.369427,44699.742188,172.3778120000061,0.384153483276489
6.365372,44872.12,6.365372,44554.679688,317.4403120000061,0.7074332837405634
6.361323,44554.68,6.361323,44221.210938,333.46906200000376,0.7484490114169908
6.357279,44374.9,6.357279,44115.3125,259.58750000000146,0.5849872337740512
6.35324,44221.21,6.35324,44048.550781,172.65921900000103,0.3904443569047546
6.349206,43910.88,6.349206,43910.875,0.004999999997380655,1.138669960014615e-05
6.345178,43855.02,6.345178,43855.023438,0.0034379999997327104,7.839467408138704e-06
6.341154,43658.08,6.341154,43781.882812,123.80281200000172,0.28357365234568654
6.337136,43458.09,6.337136,43658.082031,199.9920310000016,0.4601951696450572
6.333122,43458.09,6.333122,43294.171875,163.9181249999965,0.3771866757144562
6.329114,43207.12,6.329114,43207.117188,0.0028120000060880557,6.508186627778143e-06
6.325111,43200.22,6.325111,43200.21875,0.0012500000011641532,2.8935037857773717e-06
6.321113,43192.4,6.321113,43192.398438,0.0015620000049239025,3.6163769666050097e-06
6.317119,43096.03,6.317119,43096.03125,0.0012500000011641532,2.9004991902134682e-06
6.313131,43040.83,6.313131,43045.285156,4.45515599999635,0.010350999272078047
6.309148,42989.44,6.309148,43040.832031,51.39203099999577,0.11954570936489464
6.30517,42882.77,6.30517,42989.441406,106.6714060000013,0.24875120240600435
6.301197,42730.25,6.301197,42882.773438,152.52343799999653,0.3569448762878676
6.297229,42648.84,6.297229,42730.25,81.41000000000349,0.190884441405683
6.293266,42557.19,6.293266,42648.839844,91.64984399999958,0.2153568973891358
6.289308,42468.79,6.289308,42557.191406,88.40140599999722,0.20815616832972453
6.285355,42246.18,6.285355,42468.792969,222.6129690000016,0.526942244245519
6.281407,42097.86,6.281407,42246.175781,148.31578099999751,0.35231192511922815
6.277464,42097.86,6.277464,42128.730469,30.87046900000132,0.0733302571674696
6.273526,41910.95,6.273526,42097.863281,186.913281000001,0.4459771992760866
6.269592,41880.23,6.269592,41910.949219,30.719218999998702,0.07335016784769019
6.265664,41852.66,6.265664,41880.226562,27.566561999999976,0.06586573469882195
6.261741,41741.8,6.261741,41852.660156,110.86015599999519,0.2655854706792596
6.257822,41641.68,6.257822,41675.070312,33.39031200000318,0.0801848340412855
6.253909,41641.68,6.253909,41669.007812,27.327812000003178,0.06562610346173155
6.25,41621.12,6.25,41641.679688,20.559687999993912,0.04939724832006902
6.246096,41621.12,6.246096,41621.121094,0.0010939999992842786,2.6284732349448517e-06
6.242197,41513.1,6.242197,41556.296875,43.196875000001455,0.1040560088261331
6.238303,41224.26,6.238303,41538.835938,314.5759379999945,0.7630844992729875
6.234414,41185.49,6.234414,41513.101562,327.6115620000055,0.7954538406608869
6.23053,41167.33,6.23053,41224.261719,56.93171900000016,0.13829344531209614
6.22665,41151.88,6.22665,41218.269531,66.38953100000072,0.1613280632622391
6.222775,41151.88,6.222775,41185.492188,33.61218799999915,0.08167837775576511
6.218905,41144.11,6.218905,41167.332031,23.222030999997514,0.0564407177600816
6.21504,41040.57,6.21504,41159.632812,119.06281200000376,0.2901100350214526
6.21118,40918.71,6.21118,41151.875,233.16500000000087,0.5698249040597831
6.207325,40879.79,6.207325,41144.113281,264.3232809999972,0.6465866899022652
6.203474,40853.82,6.203474,41040.570312,186.75031200000376,0.45711836004565487
6.199628,40658.79,6.199628,40918.714844,259.92484400000103,0.639283274293212
6.195787,40622.95,6.195787,40879.785156,256.835156000001,0.6322415186489435
6.19195,40468.46,6.19195,40658.785156,190.32515599999897,0.47030491399969004
6.188119,40413.62,6.188119,40622.953125,209.33312499999738,0.5179766746953066
6.184292,40311.67,6.184292,40507.976562,196.30656200000521,0.48697204060264737
6.18047,40233.16,6.18047,40494.5625,261.4024999999965,0.6497190377290685
6.176652,40199.11,6.176652,40413.625,214.51499999999942,0.5336312172085387
6.17284,40165.04,6.17284,40408.398438,243.35843799999566,0.605896167413242
6.169031,40124.97,6.169031,40298.359375,173.38937499999884,0.4321233760423966
6.165228,40120.47,6.165228,40199.105469,78.63546900000074,0.19599837439591491
6.161429,40041.75,6.161429,40165.039062,123.28906200000347,0.30790128303584
6.157635,39968.21,6.157635,40120.46875,152.25875000000087,0.38094963472219767
6.153846,39891.97,6.153846,40041.753906,149.78390599999693,0.3754738259353873
6.150062,39770.87,6.150062,39968.210938,197.3409379999939,0.49619467213061696
6.146281,39704.98,6.146281,39855.132812,150.15281200000027,0.37817123192103425
6.142506,39594.15,6.142506,39715.527344,121.37734400000045,0.3065537307910397
6.138735,39525.47,6.138735,39704.980469,179.51046900000074,0.4541640339760684
6.134969,39493.75,6.134969,39594.152344,100.4023440000019,0.254223374584591
6.131208,39483.17,6.131208,39525.46875,42.298750000001746,0.10713108901843936
6.127451,39483.17,6.127451,39493.746094,10.57609400000365,0.026786334531912332
6.123699,39350.83,6.123699,39483.167969,132.33796900000016,0.33630286578453406
6.119951,39350.83,6.119951,39429.179688,78.34968799999479,0.19910555380914402
6.116208,39326.99,6.116208,39350.832031,23.842031000000134,0.06062511013428725
6.112469,39289.88,6.112469,39326.988281,37.108281000000716,0.09444742768366998
6.108735,39231.54,6.108735,39289.882812,58.342812000002596,0.14871404997102483
6.105006,39133.74,6.105006,39215.621094,81.88109400000394,0.20923401136718325
6.101281,39022.44,6.101281,39133.738281,111.29828099999577,0.2852160987370235
6.097561,39022.44,6.097561,39022.4375,0.0025000000023283064,6.406570174310746e-06
6.093845,38973.78,6.093845,39019.011719,45.23171900000307,0.11605679254104444
6.090134,38894.38,6.090134,38973.777344,79.39734400000452,0.20413577488574064
6.086427,38765.89,6.086427,38894.378906,128.48890599999868,0.33144835833770014
6.082725,38744.53,6.082725,38768.554688,24.024687999997695,0.06200794796064811
6.079027,38707.15,6.079027,38765.886719,58.73671900000045,0.1517464318607814
6.075334,38629.66,6.075334,38744.53125,114.87124999999651,0.297365418178665
6.071645,38613.06,6.071645,38707.152344,94.09234400000423,0.24368010201730772
6.067961,38511.95,6.067961,38629.660156,117.710156000001,0.30564579565563676
6.064281,38420.87,6.064281,38613.058594,192.18859399999928,0.5002192662477432
6.060606,38420.87,6.060606,38546.734375,125.86437499999738,0.3275937660963882
6.056935,38376.08,6.056935,38511.945312,135.86531200000172,0.35403645187315047
6.053269,38241.08,6.053269,38507.351562,266.2715620000017,0.6962971809373629
6.049607,38241.08,6.049607,38420.867188,179.78718799999479,0.47014150227973367
6.045949,38200.73,6.045949,38386.011719,185.2817189999987,0.48502140927673026
6.042296,38192.71,6.042296,38383.332031,190.62203099999897,0.4991058005572241
6.038647,38168.52,6.038647,38376.082031,207.5620310000013,0.543804242344218
6.035003,38141.62,6.035003,38241.078125,99.45812499999738,0.26076009618888074
6.031363,38087.81,6.031363,38200.730469,112.92046900000423,0.2964740398568577
6.027728,38071.66,6.027728,38192.710938,121.05093799999304,0.31795550285958907
6.024096,38055.5,6.024096,38168.515625,113.015625,0.2969757985048153
6.02047,37985.47,6.02047,38141.621094,156.15109400000074,0.411081116016205
6.016847,37985.47,6.016847,38087.808594,102.33859400000074,0.2694151053021082
6.013229,37899.18,6.013229,38071.660156,172.4801559999978,0.4551026064416112
6.009615,37528.75,6.009615,38055.503906,526.7539059999981,1.4036009885754204
6.006006,37512.49,6.006006,37985.46875,472.97875000000204,1.2608567173226892
6.002401,37509.78,6.002401,37899.183594,389.40359400000307,1.0381388373912166
5.9988,37509.78,5.9988,37764.183594,254.40359400000307,0.6782327009116105
5.995204,37450.12,5.995204,37684.179688,234.0596879999939,0.6249904886819959
5.991612,37450.12,5.991612,37680.371094,230.25109399999928,0.6148207108548631
5.988024,37441.98,5.988024,37512.488281,70.5082809999949,0.18831344122291313
5.98444,37365.98,5.98444,37509.777344,143.7973439999987,0.38483493273827873
5.980861,37330.68,5.980861,37466.394531,135.7145309999978,0.36354690297631276
5.977286,37330.68,5.977286,37450.121094,119.44109400000161,0.31995424139073175
5.973716,37240.98,5.973716,37441.980469,201.0004689999987,0.5397292686712291
5.970149,37221.95,5.970149,37365.984375,144.0343750000029,0.38696085240027167
5.966587,37162.08,5.966587,37330.679688,168.59968799999479,0.4536874362252995
5.963029,37009.5,5.963029,37240.984375,231.484375,0.6254728515651388
5.959476,36965.86,5.959476,37221.945312,256.0853120000029,0.6927616779374344
5.955926,36952.21,5.955926,37058.574219,106.36421900000278,0.28784264594729997
5.952381,36941.3,5.952381,37009.503906,68.20390599999519,0.1846277905758465
5.94884,36935.84,5.94884,36965.859375,30.019375000003492,0.0812743801142833
5.945303,36914.0,5.945303,36952.214844,38.214844000001904,0.10352398547976893
5.941771,36894.89,5.941771,36944.027344,49.137344000002486,0.1331819772331683
5.938242,36894.73,5.938242,36941.296875,46.5668749999968,0.12621551912697773
5.934718,36806.3,5.934718,36935.839844,129.539843999999,0.35195019330929483
5.931198,36749.47,5.931198,36914.0,164.52999999999884,0.4477071370008842
5.927682,36692.56,5.927682,36894.726562,202.1665620000058,0.550974262902359
5.924171,36654.76,5.924171,36806.300781,151.54078099999606,0.4134272902073184
5.920663,36654.76,5.920663,36760.96875,106.20874999999796,0.28975431840229743
5.91716,36599.44,5.91716,36706.246094,106.80609399999958,0.2918243940344431
5.913661,36539.12,5.913661,36692.5625,153.44249999999738,0.4199403269701005
5.910165,36533.64,5.910165,36667.921875,134.28187500000058,0.3675567914940876
5.906675,36497.98,5.906675,36654.761719,156.7817189999987,0.42956272922501104
5.903188,36478.77,5.903188,36539.125,60.3550000000032,0.16545239875139214
5.899705,36412.88,5.899705,36533.640625,120.76062500000262,0.331642608329807
5.896226,36390.91,5.896226,36497.980469,107.07046899999841,0.29422311505812415
5.892752,36327.7,5.892752,36478.773438,151.07343799999944,0.4158629310416003
5.889282,36307.87,5.889282,36412.882812,105.01281200000085,0.2892287870370827
5.885815,36257.25,5.885815,36390.90625,133.65625,0.3686331699177406
5.882353,36242.43,5.882353,36327.699219,85.26921900000161,0.235274563543343
5.878895,36217.66,5.878895,36307.867188,90.20718799999304,0.2490696196275326
5.875441,36180.17,5.875441,36257.253906,77.08390599999984,0.2130556766317014
5.871991,36060.61,5.871991,36242.429688,181.81968799999595,0.5042058023976742
5.868545,35980.59,5.868545,36181.863281,201.2732810000016,0.559394053849594
5.865103,35864.57,5.865103,35997.148438,132.57843799999682,0.36966409467615763
5.861665,35704.11,5.861665,35980.589844,276.4798440000013,0.7743641950464563
5.858231,35674.9,5.858231,35864.574219,189.67421900000045,0.5316741434453929
5.854801,35674.9,5.854801,35704.105469,29.20546900000045,0.08186559457770154
5.851375,35626.53,5.851375,35674.898438,48.368437999997695,0.13576522327601845
5.847953,35626.53,5.847953,35626.53125,0.0012500000011641532,3.5086212470430134e-06
5.844535,35607.12,5.844535,35607.125,0.004999999997380655,1.404213538578985e-05
5.841121,35596.04,5.841121,35596.035156,0.004844000002776738,1.360825530810938e-05
5.837712,35466.64,5.837712,35466.644531,0.004530999998678453,1.2775385541676498e-05
5.834306,35418.4,5.834306,35418.402344,0.002344000000448432,6.61802904831509e-06
5.830904,35418.4,5.830904,35398.953125,19.446875000001455,0.05490613635850704
5.827506,35337.79,5.827506,35337.792969,0.0029690000010305084,8.401770458850168e-06
5.824112,35245.97,5.824112,35267.269531,21.299530999996932,0.06043111028011693
5.820722,35156.85,5.820722,35156.847656,0.002344000000448432,6.667263991081203e-06
5.817336,34939.22,5.817336,35025.777344,86.55734400000074,0.2477369099825375
5.813953,34939.22,5.813953,35023.550781,84.33078099999693,0.24136423480546196
5.810575,34863.76,5.810575,34939.21875,75.45874999999796,0.21643893257640012
5.807201,34863.76,5.807201,34925.25,61.48999999999796,0.1763722558897777
5.803831,34849.78,5.803831,34863.761719,13.981719000003068,0.04011996345458441
5.800464,34765.85,5.800464,34849.78125,83.93125000000146,0.24141866227922362
5.797101,34763.05,5.797101,34763.054688,0.004687999993620906,1.3485583093603426e-05
5.793743,34746.26,5.793743,34701.453125,44.80687500000204,0.12895452632888268
5.790388,34701.45,5.790388,34617.382812,84.06718799999362,0.24225843012321857
5.787037,34617.38,5.787037,34552.878906,64.50109399999928,0.18632575313325067
5.78369,34552.88,5.78369,34499.554688,53.32531200000085,0.15432957252767598
5.780347,34499.55,5.780347,34294.386719,205.163281000001,0.5946839335585565
5.777008,34499.55,5.777008,34207.121094,292.428906000001,0.8476310734487869
5.773672,34387.88,5.773672,34147.957031,239.92296899999928,0.6976963075362578
5.77034,34207.12,5.77034,34102.855469,104.26453100000072,0.3048035935208831
5.767013,34102.86,5.767013,33862.867188,239.99281200000405,0.7037322148347793
5.763689,33862.87,5.763689,33780.847656,82.02234400000452,0.24221911491850664
5.760369,33862.87,5.760369,33729.898438,132.9715620000061,0.3926765864795455
5.757052,33780.85,5.757052,33593.902344,186.94765599999664,0.5534131201553444
5.75374,33568.38,5.75374,33568.382812,0.0028120000060880557,8.376930927521841e-06
5.750431,33562.71,5.750431,33568.136719,5.426719000002777,0.016168893989796346
5.747126,33489.55,5.747126,33562.707031,73.15703099999519,0.21844733954321624
5.743825,33466.22,5.743825,33489.546875,23.326874999998836,0.06970274802472115
5.740528,33466.22,5.740528,33466.222656,0.0026559999969322234,7.936360894454835e-06
5.737235,33255.51,5.737235,33321.308594,65.79859399999987,0.19785772041986385
5.733945,33255.51,5.733945,33255.507812,0.002187999998568557,6.579360829434151e-06
5.730659,33221.72,5.730659,33221.722656,0.0026559999969322234,7.994769677585096e-06
5.727377,33221.72,5.727377,33127.734375,93.98562500000116,0.2829041512600827
5.724098,33127.73,5.724098,33122.035156,5.694844000005105,0.017190565124761352
5.720824,33122.04,5.720824,33045.058594,76.98140599999897,0.23241746583241543
5.717553,33045.06,5.717553,32762.271484,282.7885159999969,0.855766386866893
5.714286,32762.27,5.714286,32738.3125,23.957500000000437,0.07312527489700937
5.711022,32738.31,5.711022,32719.351562,18.95843800000148,0.05790903073494471
5.707763,32719.35,5.707763,32659.230469,60.11953100000028,0.18374304807399988
5.704507,32659.23,5.704507,32647.773438,11.456561999999394,0.035079094026403544
5.701254,32659.23,5.701254,32464.289062,194.94093799999973,0.5968938581834284
5.698006,32647.77,5.698006,32447.070312,200.6996880000006,0.6147424096653481
5.694761,32447.07,5.694761,32362.779297,84.29070299999876,0.25977908945244904
5.69152,32362.78,5.69152,32360.923828,1.8561719999997877,0.005735514686932914
5.688282,32362.78,5.688282,32329.318359,33.46164099999805,0.1033954468682791
5.685048,32360.92,5.685048,32291.951172,68.9688279999973,0.21312381724622573
5.681818,32329.32,5.681818,32251.695312,77.62468799999988,0.24010615750656022
5.678592,32329.32,5.678592,32188.400391,140.9196090000005,0.43588794629766564
5.675369,32291.95,5.675369,32055.921875,236.02812500000073,0.7309193932233907
5.67215,32243.07,5.67215,32024.71875,218.3512499999997,0.6772036595770803
5.668934,32188.4,5.668934,31983.845703,204.5542970000024,0.6354907264728984
5.665722,32188.4,5.665722,31804.867188,383.5328120000013,1.1915249344484389
5.662514,32024.72,5.662514,31671.863281,352.85671899999943,1.1018260862233906
5.65931,31983.85,5.65931,31624.986328,358.8636719999995,1.1220152420674794
5.656109,31804.87,5.656109,31451.71875,353.151249999999,1.1103684750165588
5.652911,31671.86,5.652911,31338.558594,333.3014060000023,1.0523581690497568
5.649718,31624.99,5.649718,31172.935547,452.05445300000065,1.4294216472479537
5.646527,31580.27,5.646527,31135.123047,445.1469529999995,1.4095729802183437
5.643341,31451.72,5.643341,31071.099609,380.6203910000004,1.2101735326398695
5.640158,31338.56,5.640158,30786.744141,551.8158590000021,1.7608207237346007
5.636979,31295.0,5.636979,30782.484375,512.515625,1.6376917239175586
5.633803,31172.94,5.633803,30741.601562,431.33843799999886,1.383695082979016
5.630631,31071.1,5.630631,30735.759766,335.3402339999993,1.079267338459209
5.627462,30941.06,5.627462,30732.839844,208.22015600000304,0.6729574099917812
5.624297,30786.74,5.624297,30715.453125,71.2868750000016,0.23155057989251737
5.621135,30782.48,5.621135,30685.939453,96.54054700000052,0.31362173223210255
5.617978,30735.76,5.617978,30630.552734,105.20726599999762,0.34229596404968554
5.614823,30732.84,5.614823,30607.160156,125.67984399999841,0.408943150063575
5.611672,30715.45,5.611672,30586.685547,128.76445299999978,0.4192172115336085
5.608525,30685.94,5.608525,30577.908203,108.03179699999964,0.3520563391572807
5.605381,30630.55,5.605381,30503.898438,126.6515619999991,0.41348118789900645
5.602241,30607.16,5.602241,30481.322266,125.83773400000064,0.41113822386657445
5.599104,30607.16,5.599104,30361.191406,245.96859399999812,0.803630895515945
5.595971,30586.69,5.595971,30073.470703,513.2192969999996,1.6779170841957716
5.592841,30536.94,5.592841,29994.058594,542.8814060000004,1.7777858750745834
5.589715,30481.32,5.589715,29994.058594,487.26140600000144,1.5985574312398592
5.586592,30361.19,5.586592,29893.970703,467.21929699999964,1.5388701727435572
5.583473,30183.55,5.583473,29891.025391,292.52460900000005,0.9691524323679623
5.580357,30073.47,5.580357,29888.080078,185.38992200000212,0.6164567041980926
5.577245,29994.06,5.577245,29882.1875,111.87250000000131,0.3729821838057312
5.574136,29994.06,5.574136,29849.783203,144.27679700000226,0.4810178982105198
5.571031,29994.06,5.571031,29610.839844,383.22015600000304,1.2776534953920977
5.567929,29994.06,5.567929,29599.025391,395.0346090000021,1.317042804475293
5.56483,29893.97,5.56483,29584.257812,309.71218800000133,1.0360356553512342
5.561735,29888.08,5.561735,29545.847656,342.232344,1.1450462659361191
5.558644,29888.08,5.558644,29468.984375,419.09562500000175,1.402216619468369
5.555556,29849.78,5.555556,29415.738281,434.0417189999971,1.4540868274405947
5.552471,29610.84,5.552471,29160.964844,449.8751560000019,1.5192921105919384
5.54939,29599.03,5.54939,29021.464844,577.5651560000006,1.9512975796842011
5.546312,29584.26,5.546312,28979.876953,604.3830469999994,2.042920955264723
5.543237,29545.85,5.543237,28908.544922,637.3050779999976,2.1570037010273784
5.540166,29468.98,5.540166,28902.597656,566.3823439999978,1.9219611401548269
5.537099,29415.74,5.537099,28798.478516,617.2614840000024,2.0984054251227486
5.534034,29160.96,5.534034,28762.755859,398.20414099999834,1.3655385179363038
5.530973,29021.46,5.530973,28589.931641,431.5283589999999,1.4869284970501135
5.527916,29021.46,5.527916,28488.490234,532.9697659999983,1.836467793143413
5.524862,28979.88,5.524862,28482.521484,497.35851600000024,1.7162200671638401
5.521811,28908.54,5.521811,28306.251953,602.2880470000018,2.083426029124964
5.518764,28798.48,5.518764,28285.318359,513.1616409999988,1.781905298474082
5.51572,28762.76,5.51572,28183.589844,579.1701560000001,2.013611197256453
5.512679,28762.76,5.512679,28174.607422,588.1525779999974,2.0448405438142845
5.509642,28515.35,5.509642,28114.716797,400.6332029999976,1.4049738228708313
5.506608,28488.49,5.506608,28051.796875,436.6931250000016,1.532875645567742
5.503577,28392.93,5.503577,28027.816406,365.11359399999856,1.2859313709433953
5.50055,28309.24,5.50055,27955.845703,353.39429700000255,1.2483355151886895
5.497526,28285.32,5.497526,27931.84375,353.4762499999997,1.2496809298957894
5.494505,28114.72,5.494505,27835.787109,278.9328910000004,0.9921240225760753
5.491488,28093.75,5.491488,27760.685547,333.06445299999905,1.1855464400444904
5.488474,28051.8,5.488474,27709.585938,342.2140619999991,1.2199361966077011
5.485464,28027.82,5.485464,27580.226562,447.5934379999999,1.5969612977391745
5.482456,27931.84,5.482456,27553.132812,378.7071880000003,1.3558261396313322
5.479452,27835.79,5.479452,27507.958984,327.8310160000001,1.1777320349090148
5.476451,27760.69,5.476451,27504.947266,255.74273399999947,0.9212405527384208
5.473454,27691.54,5.473454,27501.935547,189.60445299999992,0.6847017283979147
5.47046,27507.96,5.47046,27453.728516,54.23148399999991,0.19714833088313316
5.467469,27507.96,5.467469,27361.898438,146.06156199999896,0.5309792583673925
5.464481,27501.94,5.464481,27311.998047,189.94195299999774,0.690649288741077
5.461496,27501.94,5.461496,27236.537109,265.4028909999979,0.9650333431023336
5.458515,27453.73,5.458515,27224.458984,229.27101599999878,0.8351179092968379
5.455537,27361.9,5.455537,27130.802734,231.09726600000067,0.8445950975626717
5.452563,27312.0,5.452563,27106.621094,205.37890600000173,0.7519731473345113
5.449591,27312.0,5.449591,27074.539062,237.46093800000017,0.8694381151142362
5.446623,27130.8,5.446623,27015.892578,114.90742200000022,0.42353127073289476
5.443658,27130.8,5.443658,26841.125,289.6749999999993,1.0676979668863404
5.440696,27106.62,5.440696,26791.779297,314.84070299999803,1.1614900824964458
5.437738,27074.54,5.437738,26750.238281,324.30171899999914,1.1978106331631089
5.434783,27015.89,5.434783,26609.738281,406.1517189999977,1.503380858450333
5.431831,26841.12,5.431831,26579.369141,261.75085899999976,0.9751860540841805
5.428882,26791.78,5.428882,26521.644531,270.1354689999971,1.0082774231499254
5.425936,26609.74,5.425936,26488.212891,121.52710900000238,0.45670160249593716
5.422993,26609.74,5.422993,26317.859375,291.8806250000016,1.0968939380843314
5.420054,26579.37,5.420054,26317.859375,261.510624999999,0.9838857166290962
5.417118,26521.64,5.417118,26241.724609,279.91539099999864,1.0554226322354072
5.414185,26488.21,5.414185,26196.019531,292.1904689999974,1.1030963171916768
5.411255,26317.86,5.411255,26156.394531,161.46546899999885,0.6135205104062369
5.408329,26317.86,5.408329,26150.296875,167.56312500000058,0.6366897802480923
5.405405,26317.86,5.405405,26081.150391,236.70960900000136,0.8994257473822012
5.402485,26241.72,5.402485,26058.796875,182.92312500000116,0.6970698757550997
5.399568,26196.02,5.399568,25988.595703,207.4242970000014,0.7918160735867562
5.396654,26156.39,5.396654,25967.222656,189.16734399999768,0.7232165600833972
5.393743,26156.39,5.393743,25820.552734,335.83726599999864,1.2839587802445163
5.390836,26150.3,5.390836,25756.326172,393.9738279999983,1.5065747926409958
5.387931,26081.15,5.387931,25557.302734,523.8472660000007,2.0085282512465925
5.38503,25988.6,5.38503,25508.259766,480.3402339999993,1.8482728350122724
5.382131,25988.6,5.382131,25468.396484,520.2035159999978,2.001660404946776
5.379236,25976.38,5.379236,25376.353516,600.0264840000018,2.3098926178320527
5.376344,25967.22,5.376344,25225.863281,741.3567189999994,2.8549714563206976
5.373455,25820.55,5.373455,25179.753906,640.7960939999975,2.4817290646403642
5.370569,25820.55,5.370569,25139.779297,680.7707029999983,2.636546096035903
5.367687,25557.3,5.367687,25122.5625,434.7374999999993,1.7010306253007919
5.364807,25508.26,5.364807,25001.300781,506.95921899999666,1.987431596667106
5.36193,25508.26,5.36193,24992.064453,516.1955469999994,2.023640761855177
5.359057,25376.35,5.359057,24908.892578,467.4574219999995,1.842098733663429
5.356186,25225.86,5.356186,24853.412109,372.4478909999998,1.4764526997295624
5.353319,25179.75,5.353319,24822.578125,357.171875,1.4184885672018188
5.350455,25139.78,5.350455,24785.566406,354.2135939999971,1.4089765065565296
5.347594,25122.56,5.347594,24736.201172,386.35882800000036,1.5378959309879263
5.344735,25001.3,5.344735,24597.25,404.0499999999993,1.6161159619699748
5.34188,24908.89,5.34188,24584.890625,323.9993749999994,1.3007379092364189
5.339028,24853.41,5.339028,24492.158203,361.2517970000008,1.4535301071362072
5.336179,24785.57,5.336179,24485.972656,299.597343999998,1.208757127635144
5.333333,24736.2,5.333333,24427.201172,308.9988279999998,1.2491766237336364
5.33049,24584.89,5.33049,24405.541016,179.3489840000002,0.7295089951592226
5.327651,24584.89,5.327651,24368.400391,216.4896090000002,0.880579937514466
5.324814,24492.16,5.324814,24278.597656,213.56234399999812,0.8719620645953567
5.32198,24485.97,5.32198,24248.740234,237.22976600000038,0.9688395681281989
5.319149,24405.54,5.319149,24244.517578,161.02242200000182,0.6597781569266724
5.316321,24405.54,5.316321,24222.824219,182.7157810000026,0.7486651842163812
5.313496,24368.4,5.313496,24219.724609,148.67539100000067,0.6101155225620093
5.310674,24278.6,5.310674,24182.527344,96.07265600000028,0.3957092089329709
5.307856,24248.74,5.307856,23954.685547,294.05445300000065,1.2126586907196029
5.30504,24244.52,5.30504,23949.783203,294.7367970000014,1.215684191726631
5.302227,24244.52,5.302227,23934.25,310.27000000000044,1.2797531153431803
5.299417,24222.82,5.299417,23900.072266,322.7477340000005,1.3324118909359046
5.29661,24182.53,5.29661,23813.03125,369.49874999999884,1.5279573725329767
5.293806,24182.53,5.293806,23760.154297,422.3757029999979,1.7466150274598973
5.291005,23934.25,5.291005,23535.951172,398.29882799999905,1.6641374933411286
5.288207,23900.07,5.288207,23495.427734,404.6422659999989,1.6930589157270206
5.285412,23813.03,5.285412,23350.664062,462.365937999999,1.9416510120719581
5.28262,23760.15,5.28262,23289.480469,470.6695310000032,1.9809198637214125
5.279831,23495.43,5.279831,23220.755859,274.6741409999995,1.16905347550566
5.277045,23495.43,5.277045,23173.876953,321.55304700000124,1.3685769828430516
5.274262,23350.66,5.274262,23098.832031,251.82796899999812,1.078461889299909
5.271481,23289.48,5.271481,22939.212891,350.26710900000035,1.5039713596009887
5.268704,23220.76,5.268704,22760.574219,460.18578100000013,1.9817860440399029
5.265929,23220.76,5.265929,22690.675781,530.0842189999967,2.282803056402963
5.263158,23098.83,5.263158,22657.037109,441.79289100000096,1.912620210634049
5.260389,22939.21,5.260389,22493.712891,445.4971089999999,1.9420769459802665
5.257624,22690.68,5.257624,22207.388672,483.29132799999934,2.1299111705775204
5.254861,22657.04,5.254861,22172.734375,484.3056250000009,2.1375502934187383
5.252101,22493.71,5.252101,22166.433594,327.27640600000086,1.4549685489854758
5.249344,22207.39,5.249344,21904.636719,302.75328100000115,1.3632996988840254
5.24659,22166.43,5.24659,21718.216797,448.21320299999934,2.0220360382795035
5.243838,22166.43,5.243838,21708.730469,457.699531000002,2.0648319598600318
5.24109,21980.39,5.24109,21632.814453,347.57554700000037,1.5812983618580034
5.238345,21904.64,5.238345,21561.683594,342.95640600000115,1.5656792624759008
5.235602,21708.73,5.235602,21439.666016,269.06398400000035,1.2394275666978232
5.232862,21632.81,5.232862,21426.990234,205.81976600000053,0.9514240914610747
5.230126,21561.68,5.230126,21379.447266,182.23273400000107,0.8451694580385252
5.227392,21561.68,5.227392,21246.232422,315.44757799999934,1.4630009257163603
5.22466,21439.67,5.22466,21201.796875,237.87312499999825,1.1094999363329672
5.221932,21426.99,5.221932,21192.273438,234.71656200000143,1.0954247983501249
5.219207,21246.23,5.219207,21087.466797,158.7632029999986,0.7472535268609942
5.216484,21246.23,5.216484,21026.300781,219.92921899999783,1.0351446774321742
5.213764,21192.27,5.213764,20988.935547,203.33445299999948,0.9594746244739213
5.211047,21087.47,5.211047,20973.724609,113.74539100000038,0.5393979979580309
5.208333,21026.3,5.208333,20877.603516,148.69648400000005,0.7071928204201408
5.205622,20988.94,5.205622,20829.859375,159.0806249999987,0.7579259600532409
5.202914,20973.72,5.202914,20766.175781,207.54421899999943,0.9895441485821277
5.200208,20877.6,5.200208,20683.341797,194.2582029999976,0.9304623280453577
5.197505,20829.86,5.197505,20641.90625,187.95375000000058,0.9023284361968855
5.194805,20766.18,5.194805,20571.753906,194.42609399999856,0.936263164433702
5.192108,20683.34,5.192108,20501.564453,181.7755470000011,0.8788500648347951
5.189414,20641.91,5.189414,20453.6875,188.22249999999985,0.9118463359253086
5.186722,20641.91,5.186722,20408.986328,232.9236720000008,1.1284017418930747
5.184033,20571.75,5.184033,20361.076172,210.67382799999905,1.0240928846597837
5.181347,20501.56,5.181347,20338.712891,162.8471090000021,0.7943156959763162
5.178664,20479.22,5.178664,20287.580078,191.63992200000212,0.9357774466019806
5.175983,20453.69,5.175983,20271.597656,182.09234399999696,0.8902664702554745
5.173306,20408.99,5.173306,20242.824219,166.16578100000334,0.8141793444947708
5.170631,20408.99,5.170631,20182.060547,226.92945300000065,1.111909276255222
5.167959,20361.08,5.167959,20156.46875,204.61125000000175,1.004913540932022
5.165289,20338.71,5.165289,20128.570312,210.1396879999993,1.0332006700523253
5.162623,20287.58,5.162623,20121.269531,166.310469,0.8197649448578883
5.159959,20242.82,5.159959,20057.25,185.5699999999997,0.9167201012507136
5.157298,20156.47,5.157298,19984.794922,171.6750780000002,0.8517120210036788
5.154639,20128.57,5.154639,19973.978516,154.5914840000005,0.768020202130606
5.151984,20121.27,5.151984,19909.888672,211.38132799999948,1.0505367106549413
5.149331,20057.25,5.149331,19797.660156,259.58984399999827,1.2942444452753905
5.14668,20057.25,5.14668,19781.619141,275.6308590000008,1.3742205885652359
5.144033,19984.79,5.144033,19682.126953,302.6630470000018,1.514466987143732
5.141388,19973.98,5.141388,19389.65625,584.3237499999996,2.925424727570567
5.138746,19909.89,5.138746,19331.730469,578.1595310000012,2.903881091256663
5.136107,19797.66,5.136107,19286.662109,510.9978909999991,2.5811024686755863
5.13347,19682.13,5.13347,19148.142578,533.987422000002,2.713057082744611
5.130836,19415.29,5.130836,19147.058594,268.2314060000026,1.3815472547667462
5.128205,19331.73,5.128205,19122.355469,209.3745310000013,1.0830615314821865
5.125577,19286.66,5.125577,19122.355469,164.3045310000016,0.8519076449732697
5.122951,19148.14,5.122951,19109.460938,38.67906199999925,0.20199905578295987
5.120328,19122.36,5.120328,19067.052734,55.3072659999998,0.28922824379417494
5.117707,19122.36,5.117707,19019.164062,103.19593800000075,0.5396610983163205
5.11509,19109.46,5.11509,18902.982422,206.47757799999818,1.0804992815076835
5.112474,19067.05,5.112474,18718.830078,348.2199220000002,1.8262915448378234
5.109862,18902.98,5.109862,18718.830078,184.14992200000052,0.9741846100456145
5.107252,18718.83,5.107252,18560.332031,158.497969,0.8467301054606511
5.104645,18718.83,5.104645,18560.332031,158.497969,0.8467301054606511
5.102041,18718.83,5.102041,18553.857422,164.9725780000008,0.8813188537958878
5.099439,18560.33,5.099439,18482.634766,77.69523400000253,0.41860911955769387
5.09684,18560.33,5.09684,18469.681641,90.64835900000253,0.48839842287288276
5.094244,18553.86,5.094244,18411.375,142.48500000000058,0.7679534069999481
5.09165,18482.63,5.09165,18362.769531,119.86046899999928,0.6485033190622723
5.089059,18469.68,5.089059,18349.853516,119.82648400000107,0.6487740123272362
5.08647,18411.38,5.08647,18307.662109,103.71789100000024,0.5633357792843352
5.083884,18411.38,5.083884,18255.777344,155.60265600000275,0.8451439055627702
5.081301,18362.77,5.081301,18119.490234,243.27976599999965,1.3248533091684949
5.07872,18349.85,5.07872,18105.232422,244.6175779999976,1.3330767172483569
5.076142,18307.66,5.076142,18022.0625,285.59749999999985,1.559989097459751
5.073567,18255.78,5.073567,18022.0625,233.71749999999884,1.2802383683414176
5.070994,18119.49,5.070994,18015.054688,104.43531200000143,0.5763700413201553
5.068424,18119.49,5.068424,17986.322266,133.16773400000238,0.7349419547680557
5.065856,18022.06,5.065856,17947.324219,74.73578100000304,0.4146905570173612
5.063291,18022.06,5.063291,17869.292969,152.76703100000304,0.8476668649422043
5.060729,17986.32,5.060729,17817.25,169.0699999999997,0.9399921718283657
5.058169,17869.29,5.058169,17748.916016,120.37398400000166,0.673636076195538
5.055612,17748.92,5.055612,17704.818359,44.10164099999747,0.24847506777875764
5.053057,17321.91,5.053057,17498.078125,176.16812500000015,1.0170248257842245
5.050505,17321.91,5.050505,17321.910156,0.00015600000187987462,9.005935366242788e-07
5.047956,17219.22,5.047956,17227.212891,7.992890999998053,0.04641842661861602
5.045409,17178.21,5.045409,17219.222656,41.01265600000261,0.2387481349919614
5.042864,17178.21,5.042864,17178.207031,0.0029689999973925296,1.7283523704696414e-05
5.040323,17112.84,5.040323,17112.84375,0.003749999999854481,2.191337031056494e-05
5.037783,17109.57,5.037783,17109.574219,0.004218999998556683,2.4658714383568275e-05
5.035247,17060.53,5.035247,17063.800781,3.2707810000028985,0.01917162596943295
5.032713,16974.06,5.032713,17060.529297,86.46929699999964,0.5094202388821509
5.030181,16974.06,5.030181,16974.058594,0.0014060000030440278,8.283227483843156e-06
5.027652,16929.67,5.027652,16965.666016,35.996016000000964,0.21262089574103316
5.025126,16896.93,5.025126,16929.667969,32.737968999997975,0.19375098908498747
5.022602,16515.26,5.022602,16896.933594,381.67359399999987,2.31103593888319
5.02008,16480.59,5.02008,16515.255859,34.66585900000064,0.21034355566154267
5.017561,16480.59,5.017561,16480.589844,0.00015600000187987462,9.465680650988503e-07
5.015045,16467.46,5.015045,16467.457031,0.0029689999973925296,1.8029495729107767e-05
5.012531,16435.48,5.012531,16431.337891,4.142109000000346,0.02520223930180528
5.01002,16431.34,5.01002,16414.917969,16.42203100000188,0.09994334606916952
5.007511,16414.92,5.007511,16398.496094,16.423905999999988,0.10005474288025766
5.005005,16151.95,5.005005,16190.347656,38.39765599999919,0.23772767993956884
5.002501,16119.04,5.002501,16151.946289,32.90628899999865,0.20414546399784758
5.0,16089.42,5.0,16089.423828,0.003828000000794418,2.3792032284534917e-05
4.997501,15961.01,4.997501,15961.007812,0.0021880000003875466,1.3708405673497771e-05
4.995005,15693.95,4.995005,15693.952148,0.002147999999579042,1.3686802873585312e-05
4.992511,15660.95,4.992511,15660.950195,0.00019499999871186446,1.245135184722922e-06
4.99002,15436.35,4.99002,15538.78125,102.43124999999964,0.6635716992682832
4.987531,15426.43,4.987531,15436.349609,9.919609000000492,0.06430268701183936
4.985045,15350.39,4.985045,15426.433594,76.04359400000067,0.49538542017499665
4.982561,15350.39,4.982561,15350.386719,0.0032809999993332895,2.1374049775499446e-05
4.98008,15347.08,4.98008,15347.080078,7.800000093993731e-05,5.082400100862008e-07
4.977601,15237.9,4.977601,15237.902344,0.002344000000448432,1.538269709374935e-05
4.975124,15184.94,4.975124,15185.853516,0.9135159999987081,0.006015934208490176
4.97265,15122.03,4.97265,15184.94043,62.910429999999906,0.4160184181621112
4.970179,15112.09,4.970179,15125.336914,13.246913999999379,0.087657723054848
4.96771,15112.09,4.96771,15122.025391,9.935390999999072,0.065744652129514
4.965243,15055.77,4.965243,15112.088867,56.318866999999955,0.37406832729245965
4.962779,15029.26,4.962779,15055.770508,26.51050799999939,0.17639263676321648
4.960317,14876.75,4.960317,15029.261719,152.51171900000008,1.0251682591963975
4.957858,14604.5,4.957858,14876.745117,272.2451170000004,1.8641180252661878
4.955401,14451.58,4.955401,14634.405273,182.82527300000038,1.2650884747550122
4.952947,14408.33,4.952947,14604.501953,196.17195300000094,1.3615176290382087
4.950495,14175.27,4.950495,14451.576172,276.3061719999987,1.9492127627903997
4.948046,14153.58,4.948046,14423.803711,270.22371100000055,1.9092251642340705
4.945598,14075.29,4.945598,14408.331055,333.0410549999997,2.3661399161225076
4.943154,13858.44,4.943154,14175.274414,316.834413999999,2.2862199064252473
4.940711,13858.44,4.940711,14153.575195,295.13519499999893,2.129642261322334
4.938272,13811.7,4.938272,14075.289062,263.5890619999991,1.9084476349761368
4.935834,13510.89,4.935834,13885.146484,374.25648400000136,2.7700357563417466
4.933399,13420.53,4.933399,13858.442383,437.91238299999895,3.26300364441642
4.930966,13293.29,4.930966,13811.699219,518.4092189999992,3.8997811602695736
4.928536,13173.74,4.928536,13576.9375,403.1975000000002,3.0606152846496153
4.926108,13095.53,4.926108,13420.53418,325.0041799999999,2.4817947803563496
4.923683,12820.29,4.923683,13293.289062,472.99906199999896,3.6894568063592863
4.92126,12746.36,4.92126,13173.741211,427.3812109999999,3.352966737170454
4.918839,12420.04,4.918839,13095.529297,675.4892969999983,5.43870468211051
4.916421,12372.9,4.916421,12820.287109,447.38710900000115,3.615862966644854
4.914005,12372.9,4.914005,12746.364258,373.464258,3.0184052081565356
4.911591,12369.53,4.911591,12746.364258,376.83425799999895,3.0464719193049286
4.90918,12076.23,4.90918,12541.226562,464.99656200000027,3.8505109790058674
4.906771,11957.5,4.906771,12420.044922,462.54492199999913,3.868241037006056
4.904365,11887.17,4.904365,12372.895508,485.72550799999954,4.086132426809741
4.901961,11887.17,4.901961,12369.527344,482.357344,4.057797978829276
4.899559,11620.11,4.899559,12076.227539,456.11753899999894,3.9252428677525333
4.89716,11565.98,4.89716,11900.681641,334.70164099999965,2.8938459257235416
4.894763,11565.98,4.894763,11887.170898,321.19089800000074,2.7770314145450774
4.892368,11515.21,4.892368,11620.113281,104.90328100000079,0.9109975501966597
4.889976,11501.67,4.889976,11565.975586,64.3055860000004,0.5590978179690463
4.887586,11484.74,4.887586,11515.206055,30.46605500000078,0.2652742247538976
4.885198,11383.14,4.885198,11501.666016,118.5260159999998,1.0412418366109861
4.882812,11335.24,4.882812,11484.738281,149.49828100000013,1.3188805971465989
4.880429,11298.42,4.880429,11474.580078,176.1600780000008,1.5591567493508012
4.878049,11298.42,4.878049,11457.650391,159.23039099999914,1.4093155591666724
4.87567,11206.89,4.87567,11383.136719,176.24671900000067,1.5726639504804696
4.873294,11206.89,4.873294,11335.241211,128.35121100000106,1.145288398476304
4.870921,11162.8,4.870921,11298.424805,135.6248050000013,1.2149711989823457
4.868549,10982.94,4.868549,11298.424805,315.48480500000005,2.872498666113081
4.86618,10959.17,4.86618,11248.996094,289.826094,2.6445989431681416
4.863813,10959.17,4.863813,11206.889648,247.71964800000023,2.2603869453617405
4.861449,10945.58,4.861449,11206.889648,261.3096480000004,2.38735314163343
4.859086,10683.89,4.859086,11162.799805,478.90980500000114,4.4825415181174755
4.856727,10377.53,4.856727,10982.935547,605.4055469999985,5.833811581368577
4.854369,10336.64,4.854369,10982.935547,646.2955469999997,6.252472244365672
4.852014,10292.34,4.852014,10962.5625,670.2224999999999,6.511857361882719
4.849661,10265.07,4.849661,10959.166992,694.0969920000007,6.761736568771578
4.84731,10248.02,4.84731,10945.583008,697.5630079999992,6.806807636987429
4.844961,10248.02,4.844961,10915.015625,666.9956249999996,6.508531648064694
4.842615,10207.11,4.842615,10377.53125,170.42124999999942,1.6696327363964865
4.840271,10200.29,4.840271,10336.643555,136.3535549999997,1.3367615528578076
4.837929,10155.95,4.837929,10292.338867,136.38886699999966,1.3429454359267192
4.83559,10043.35,4.83559,10265.068359,221.71835900000042,2.2076135851085583
4.833253,10022.87,4.833253,10248.022461,225.15246099999968,2.246387122650495
4.830918,9787.18,4.830918,10244.613281,457.4332809999996,4.673800635116546
4.828585,9753.0,4.828585,10207.106445,454.10644499999944,4.656069363272834
4.826255,9705.13,4.826255,10200.286133,495.1561330000004,5.1020041256531385
4.823927,9660.67,4.823927,10155.947266,495.27726599999914,5.126738269705922
4.821601,9554.61,4.821601,10043.347656,488.73765599999933,5.115202567137741
4.819277,9434.79,4.819277,9787.179688,352.3896879999993,3.7350029836382075
4.816956,9434.79,4.816956,9752.99707,318.20706999999857,3.3726990213878474
4.814636,9427.94,4.814636,9705.130859,277.1908590000003,2.940099947602554
4.81232,9297.76,4.81232,9623.044922,325.2849219999989,3.49852999001909
4.810005,9245.96,4.810005,9554.612305,308.65230500000143,3.338239674409163
4.807692,9177.78,4.807692,9434.793945,257.0139449999988,2.8003933957885105
4.805382,9064.58,4.805382,9427.944336,363.36433600000055,4.0086174538699035
4.803074,8975.35,4.803074,9297.764648,322.41464799999994,3.5922236792994138
4.800768,8896.38,4.800768,9177.780273,281.4002730000011,3.1630873793610563
4.798464,8851.72,4.798464,9064.583008,212.86300800000026,2.404764362180461
4.796163,8776.13,4.796163,8975.348633,199.2186330000004,2.270005492170244
4.793864,8754.28,4.793864,8896.375,142.09499999999935,1.6231489054496697
4.791567,8659.26,4.791567,8793.317383,134.0573829999994,1.548139021117271
4.789272,8614.55,4.789272,8776.134766,161.58476599999995,1.875719172794864
4.786979,8425.29,4.786979,8754.277344,328.9873439999992,3.904759883636043
4.784689,8408.07,4.784689,8659.257812,251.18781200000012,2.987460998778556
4.782401,8359.86,4.782401,8655.819336,295.9593359999999,3.540242731337605
4.780115,8349.53,4.780115,8614.549805,265.0198049999999,3.1740685403849063
4.777831,8325.42,4.777831,8425.287109,99.86710900000071,1.1995443953578404
4.775549,8153.11,4.775549,8408.072266,254.96226599999954,3.1271780461688796
4.77327,8094.49,4.77327,8390.855469,296.3654690000003,3.661323554664967
4.770992,8046.2,4.770992,8349.529297,303.3292969999993,3.769845355571565
4.768717,7991.11,4.768717,8325.417969,334.3079690000004,4.183498525236174
4.766444,7870.19,4.766444,8153.108887,282.9188870000007,3.5948164783823606
4.764173,7863.28,4.764173,8094.48877,231.2087700000002,2.9403603839619112
4.761905,7821.84,4.761905,8046.200195,224.3601950000002,2.8683812888016145
4.759638,7812.56,4.759638,7991.107422,178.54742199999964,2.2853894498090206
4.757374,7725.12,4.757374,7890.904785,165.78478499999983,2.146048022554987
4.755112,7649.09,4.755112,7870.189453,221.0994529999998,2.8905327692575167
4.752852,7649.09,4.752852,7863.283691,214.1936909999995,2.8002506311208193
4.750594,7624.89,4.750594,7821.844727,196.95472699999937,2.5830500767879845
4.748338,7566.11,4.748338,7812.558594,246.4485940000004,3.257269508373529
4.746084,7528.07,4.746084,7745.850586,217.78058599999986,2.892913934115914
4.743833,7507.31,4.743833,7725.120117,217.810117,2.9013070860268186
4.741584,7361.98,4.741584,7649.088379,287.10837900000024,3.8998799100242088
4.739336,7344.67,4.739336,7624.890137,280.22013700000025,3.815285601667607
4.737091,7147.24,4.737091,7583.400879,436.160879,6.102507807209497
4.734848,7088.32,4.734848,7566.111328,477.79132800000025,6.740543993499169
4.732608,7070.98,4.732608,7518.293945,447.3139450000008,6.32605303649566
4.730369,7070.98,4.730369,7507.314453,436.3344530000004,6.17077764326869
4.728132,6873.28,4.728132,7393.129883,519.8498829999999,7.563345055053771
4.725898,6821.22,4.725898,7361.977051,540.7570509999996,7.9275708890784875
4.723666,6755.26,4.723666,7344.667969,589.4079689999999,8.725170741022549
4.721435,6612.85,4.721435,7202.675293,589.8252929999999,8.919381098921038
4.719207,6604.25,4.719207,7178.422852,574.1728519999997,8.693990263845247
4.716981,6512.06,4.716981,7088.31543,576.2554299999993,8.849049763054996
4.714757,6512.06,4.714757,7070.982422,558.9224219999996,8.582881945190916
4.712535,6442.52,4.712535,6873.279785,430.7597849999993,6.686200198059133
4.710316,6209.39,4.710316,6821.220703,611.8307029999996,9.85331414196885
4.708098,6017.82,4.708098,6755.259277,737.4392770000004,12.254259466052499
4.705882,5930.88,4.705882,6689.276855,758.396855,12.787256781455703
4.703669,5930.88,4.703669,6612.849121,681.9691210000001,11.498616073837272
4.701457,5850.48,4.701457,6581.574707,731.0947070000002,12.49632007971996
4.699248,5662.07,4.699248,6512.05957,849.9895700000006,15.011993316931804
4.697041,5637.63,4.697041,6498.15332,860.5233200000002,15.26391976770381
4.694836,5634.14,4.694836,6442.52002,808.3800199999996,14.347886633984949
4.692633,5602.72,4.692633,6331.208008,728.4880079999994,13.002398977639421
4.690432,5599.23,4.690432,6209.391113,610.1611130000001,10.897232530187189
4.688233,5588.75,4.688233,6017.818359,429.0683589999999,7.677358246477296
4.686036,5588.75,4.686036,5930.880859,342.1308589999999,6.121777839409526
4.683841,5473.49,4.683841,5850.48291,376.99290999999994,6.887614849026854
4.681648,5473.49,4.681648,5794.674316,321.18431599999985,5.867998589565339
4.679457,5473.49,4.679457,5662.068848,188.5788480000001,3.4453127346537604
4.677268,5473.49,4.677268,5637.632324,164.14232400000037,2.998860398027591
4.675082,5407.09,4.675082,5634.141113,227.05111299999953,4.19913692947592
4.672897,5295.22,4.672897,5602.718262,307.49826200000007,5.807091338981196
4.670715,5274.24,4.670715,5599.226562,324.98656200000005,6.161770454131781
4.668534,5193.79,4.668534,5588.750977,394.96097699999973,7.604484913714257
4.666356,5193.79,4.666356,5473.485352,279.69535199999973,5.385187926350502
4.664179,5148.31,4.664179,5473.485352,325.1753519999993,6.316157185561849
4.662005,4965.31,4.662005,5410.586426,445.27642599999945,8.96774674693019
4.659832,4965.31,4.659832,5407.091309,441.78130899999996,8.897356036179008
4.657662,4906.72,4.657662,5295.223145,388.5031449999997,7.9177769467179635
4.655493,4840.15,4.655493,5193.791504,353.64150400000017,7.3064162061093185
4.653327,4471.89,4.653327,5193.791504,721.9015039999995,16.143096185281824
4.651163,4405.18,4.651163,4965.307129,560.1271289999995,12.71519277305353
4.649,4398.16,4.649,4906.722656,508.56265600000006,11.563077650653913
4.64684,4398.16,4.64684,4840.151367,441.99136700000054,10.049460842716057
4.644682,4373.58,4.644682,4780.570312,406.9903119999999,9.305656052936037
4.642526,4324.41,4.642526,4471.887695,147.4776950000005,3.4103541292338257
4.640371,4324.41,4.640371,4405.182617,80.77261700000054,1.8678297617478579
4.638219,4299.82,4.638219,4398.160156,98.3401560000002,2.287076110162756
4.636069,4299.82,4.636069,4377.090332,77.27033200000005,1.7970596908707819
4.63392,4229.55,4.63392,4324.407227,94.85722699999951,2.242726223829947
4.631774,4095.97,4.631774,4299.817383,203.8473829999998,4.976779200042965
4.62963,3906.01,4.62963,4299.817383,393.8073829999994,10.082088448314249
4.627487,3793.36,4.627487,4229.54541,436.1854099999996,11.498655809097992
4.625347,3793.36,4.625347,4095.967041,302.60704099999975,7.977282435624347
4.623209,3610.19,4.623209,3906.005615,295.815615,8.19390710738216
4.621072,3610.19,4.621072,3793.358643,183.16864299999997,5.073656594251271
4.618938,3426.86,4.618938,3761.666504,334.8065039999997,9.770066591573617
4.616805,3222.21,4.616805,3610.186035,387.97603500000014,12.040681240515054
4.614675,3045.64,4.614675,3426.863281,381.22328100000004,12.517017145821569
4.612546,2932.56,4.612546,3222.211426,289.6514259999999,9.8770843904302
4.61042,2890.14,4.61042,3045.63916,155.4991600000003,5.380333132651024
4.608295,2741.61,4.608295,2932.561035,190.95103500000005,6.964923347959777
4.606172,2486.77,4.606172,2890.142334,403.37233400000014,16.220733481584553
4.604052,2476.15,4.604052,2890.142334,413.992334,16.71919447529431
4.601933,2352.16,4.601933,2801.744629,449.58462899999995,19.11369247840283
4.599816,2267.1,4.599816,2741.61499,474.5149900000001,20.930483436989995
4.597701,2249.38,4.597701,2476.149414,226.76941399999987,10.081418613128946
4.595588,2061.17,4.595588,2352.161377,290.99137699999983,14.117776651125322
4.593477,2061.17,4.593477,2267.103027,205.93302700000004,9.991074341272192
4.591368,2057.87,4.591368,2249.378662,191.5086620000002,9.3061593783864
4.589261,2011.74,4.589261,2102.086426,90.34642599999984,4.490959368506857
4.587156,2001.1,4.587156,2064.965576,63.86557600000015,3.191523462095855
4.585053,1876.86,4.585053,2061.167969,184.30796900000018,9.820016889911884
4.582951,1756.11,4.582951,2057.869873,301.7598730000002,17.183426607672654
4.580852,1756.11,4.580852,2011.742554,255.63255400000003,14.55675065912728
4.578755,1727.68,4.578755,2001.096558,273.4165579999999,15.825648152435628
4.576659,1720.58,4.576659,1876.857422,156.27742200000012,9.08283381185415
4.574565,1560.64,4.574565,1756.105713,195.46571299999982,12.52471505279884
4.572474,1560.64,4.572474,1727.684692,167.04469199999994,10.70360185564896
4.570384,1482.41,4.570384,1720.578857,238.1688569999999,16.06632827625285
4.568296,1379.25,4.568296,1706.366577,327.116577,23.71698945078847
4.56621,1379.25,4.56621,1560.642456,181.39245600000004,13.151528439369226
4.564126,1254.69,4.564126,1542.865112,288.1751119999999,22.967833648152126
4.562044,1254.69,4.562044,1482.412476,227.72247599999992,18.14970040408387
4.559964,1226.21,4.559964,1379.252197,153.042197,12.480912486441962
4.557885,1204.85,4.557885,1254.689697,49.839697000000115,4.136589367971126
4.555809,902.01,4.555809,1254.689697,352.67969700000003,39.09931120497556
4.553734,887.75,4.553734,1204.84668,317.0966800000001,35.719141650239386
4.551661,830.7,4.551661,1094.443848,263.74384799999984,31.749590465872135
4.549591,816.43,4.549591,902.009644,85.57964400000003,10.482177773967154
4.547522,741.53,4.547522,887.749268,146.21926800000006,19.71859102126685
4.545455,727.26,4.545455,830.699402,103.43940199999997,14.223166680416904
4.543389,641.63,4.543389,816.434814,174.80481399999996,27.243865467637107
4.541326,598.8,4.541326,741.532471,142.73247100000003,23.83641800267202
4.539265,480.98,4.539265,727.262756,246.28275599999995,51.20436525427251
4.537205,330.95,4.537205,641.627258,310.677258,93.87437921136123
4.535147,66.39,4.535147,598.79834,532.4083400000001,801.9405633378522
4.533092,0.0,4.533092,480.980835,480.980835,inf
4.531038,0.0,4.531038,330.950653,330.950653,inf
4.528986,0.0,4.528986,295.215881,295.215881,inf
4.526935,0.0,4.526935,66.393051,66.393051,inf
