RP,Loss_gen,ReturnPeriod,Loss_expected,Loss_Diff,Percent_Diff
10000.0,6586499.12,10000.0,6800000.0,213500.8799999999,3.2414925761046773
5000.0,6508069.37,5000.0,6800000.0,291930.6299999999,4.485671762284856
3333.333333,6456358.25,3333.333333,6520939.5,64581.25,1.0002736449762528
2500.0,6448372.25,2500.0,6502126.0,53753.75,0.8336018442483683
2000.0,6319072.62,2000.0,6324405.5,5332.879999999888,0.08439339632086533
1666.666667,6286617.24,1666.666667,6316111.0,29493.759999999776,0.46915151462282717
1428.571429,5981361.13,1428.571429,6270647.5,289286.3700000001,4.836463870222799
1250.0,5863287.06,1250.0,6257422.0,394134.9400000004,6.72208158950349
1111.111111,5747227.62,1111.111111,6242857.0,495629.3799999999,8.623799382422927
1000.0,5466078.09,1000.0,5637502.0,171423.91000000015,3.136140888905598
909.090909,5260691.44,909.090909,5564174.5,303483.0599999996,5.768881590211638
833.333333,5037665.34,833.333333,5121022.0,83356.66000000015,1.6546684698987995
769.230769,4954142.56,769.230769,4688578.0,265564.5599999996,5.360454544529692
714.285714,4891206.0,714.285714,4653662.0,237544.0,4.85655276019861
666.666667,4669210.89,666.666667,4652910.0,16300.889999999665,0.3491144517569577
625.0,4605738.72,625.0,4592076.0,13662.71999999974,0.2966455726346487
588.235294,4518664.97,588.235294,4571933.0,53268.03000000026,1.1788444231571402
555.555556,4468675.37,555.555556,4520591.5,51916.12999999989,1.1617789546435522
526.315789,4434111.22,526.315789,4497822.0,63710.78000000026,1.4368331518757047
500.0,4340836.13,500.0,4457447.0,116610.87000000011,2.6863688586189527
476.190476,4288620.97,476.190476,4409243.0,120622.03000000026,2.8126064495739356
454.545455,4206603.53,454.545455,4340551.5,133947.96999999974,3.1842309132470046
434.782609,4144330.1,434.782609,4269616.0,125285.8999999999,3.023067588173054
416.666667,4098411.13,416.666667,4254635.5,156224.3700000001,3.811827682597576
400.0,4024734.75,400.0,4251832.0,227097.25,5.642539548724298
384.615385,4016795.52,384.615385,4121857.25,105061.72999999998,2.615560823967459
370.37037,3967446.16,370.37037,3985855.75,18409.58999999985,0.46401612668638836
357.142857,3918827.94,357.142857,3973941.75,55113.810000000056,1.406385042768682
344.827586,3907963.41,344.827586,3953859.5,45896.08999999985,1.1744247625900839
333.333333,3857058.39,333.333333,3910512.75,53454.35999999987,1.3858841271002866
322.580645,3841694.03,322.580645,3863421.0,21726.970000000205,0.5655570128785141
312.5,3814695.72,312.5,3816205.0,1509.279999999795,0.0395648856627494
303.030303,3784211.83,303.030303,3806895.0,22683.169999999925,0.5994159687408389
294.117647,3740902.94,294.117647,3802559.75,61656.810000000056,1.648179891029198
285.714286,3710673.38,285.714286,3749418.5,38745.12000000011,1.0441533390901712
277.777778,3693143.59,277.777778,3740747.75,47604.16000000015,1.288987520791201
270.27027,3635564.16,270.27027,3738171.25,102607.08999999985,2.8223154779917254
263.157895,3610039.03,263.157895,3625933.5,15894.470000000205,0.4402852674975153
256.410256,3593400.06,256.410256,3608518.75,15118.689999999944,0.42073495150996193
250.0,3565013.81,250.0,3607036.5,42022.689999999944,1.1787525165295207
243.902439,3522708.54,243.902439,3565506.75,42798.20999999996,1.2149233896029321
238.095238,3499274.12,238.095238,3558948.0,59673.87999999989,1.7053216739704828
232.55814,3456274.78,232.55814,3558605.0,102330.2200000002,2.960708465430524
227.272727,3437596.94,227.272727,3518217.5,80620.56000000006,2.345259243801865
222.222222,3405577.24,222.222222,3499274.0,93696.75999999978,2.7512739661132977
217.391304,3400000.12,217.391304,3412590.0,12589.879999999888,0.37029057516621167
212.765957,3400000.12,212.765957,3409896.0,9895.879999999888,0.2910552838451043
208.333333,3400000.12,208.333333,3400000.25,0.1299999998882413,3.823529273529593e-06
204.081633,3400000.12,204.081633,3400000.25,0.1299999998882413,3.823529273529593e-06
200.0,3400000.0,200.0,3400000.25,0.25,7.352941176470588e-06
196.078431,3400000.0,196.078431,3400000.0,0.0,0.0
192.307692,3400000.0,192.307692,3400000.0,0.0,0.0
188.679245,3400000.0,188.679245,3400000.0,0.0,0.0
185.185185,3400000.0,185.185185,3400000.0,0.0,0.0
181.818182,3400000.0,181.818182,3400000.0,0.0,0.0
178.571429,3400000.0,178.571429,3400000.0,0.0,0.0
175.438596,3400000.0,175.438596,3400000.0,0.0,0.0
172.413793,3400000.0,172.413793,3400000.0,0.0,0.0
169.491525,3400000.0,169.491525,3400000.0,0.0,0.0
166.666667,3400000.0,166.666667,3400000.0,0.0,0.0
163.934426,3400000.0,163.934426,3400000.0,0.0,0.0
161.290323,3400000.0,161.290323,3400000.0,0.0,0.0
158.730159,3400000.0,158.730159,3400000.0,0.0,0.0
156.25,3400000.0,156.25,3400000.0,0.0,0.0
153.846154,3400000.0,153.846154,3400000.0,0.0,0.0
151.515152,3400000.0,151.515152,3400000.0,0.0,0.0
149.253731,3400000.0,149.253731,3400000.0,0.0,0.0
147.058824,3400000.0,147.058824,3400000.0,0.0,0.0
144.927536,3400000.0,144.927536,3400000.0,0.0,0.0
142.857143,3400000.0,142.857143,3400000.0,0.0,0.0
140.84507,3400000.0,140.84507,3400000.0,0.0,0.0
138.888889,3400000.0,138.888889,3400000.0,0.0,0.0
136.986301,3400000.0,136.986301,3400000.0,0.0,0.0
135.135135,3400000.0,135.135135,3400000.0,0.0,0.0
133.333333,3400000.0,133.333333,3400000.0,0.0,0.0
131.578947,3400000.0,131.578947,3400000.0,0.0,0.0
129.87013,3400000.0,129.87013,3400000.0,0.0,0.0
128.205128,3400000.0,128.205128,3400000.0,0.0,0.0
126.582278,3400000.0,126.582278,3400000.0,0.0,0.0
125.0,3400000.0,125.0,3400000.0,0.0,0.0
123.45679,3400000.0,123.45679,3400000.0,0.0,0.0
121.95122,3400000.0,121.95122,3400000.0,0.0,0.0
120.481928,3400000.0,120.481928,3400000.0,0.0,0.0
119.047619,3400000.0,119.047619,3400000.0,0.0,0.0
117.647059,3400000.0,117.647059,3400000.0,0.0,0.0
116.27907,3400000.0,116.27907,3400000.0,0.0,0.0
114.942529,3400000.0,114.942529,3400000.0,0.0,0.0
113.636364,3400000.0,113.636364,3400000.0,0.0,0.0
112.359551,3400000.0,112.359551,3400000.0,0.0,0.0
111.111111,3400000.0,111.111111,3400000.0,0.0,0.0
109.89011,3400000.0,109.89011,3400000.0,0.0,0.0
108.695652,3400000.0,108.695652,3400000.0,0.0,0.0
107.526882,3400000.0,107.526882,3400000.0,0.0,0.0
106.382979,3400000.0,106.382979,3400000.0,0.0,0.0
105.263158,3400000.0,105.263158,3400000.0,0.0,0.0
104.166667,3400000.0,104.166667,3400000.0,0.0,0.0
103.092784,3400000.0,103.092784,3400000.0,0.0,0.0
102.040816,3399999.88,102.040816,3400000.0,0.12000000011175871,3.5294118925603817e-06
101.010101,3399999.88,101.010101,3400000.0,0.12000000011175871,3.5294118925603817e-06
100.0,3399999.88,100.0,3400000.0,0.12000000011175871,3.5294118925603817e-06
99.009901,3399999.76,99.009901,3400000.0,0.24000000022351742,7.0588240342557385e-06
98.039216,3398097.5,98.039216,3400000.0,1902.5,0.05598721049057598
97.087379,3393723.24,97.087379,3400000.0,6276.7599999997765,0.18495202926446577
96.153846,3391086.44,96.153846,3400000.0,8913.560000000056,0.26285263315198937
95.238095,3386076.25,95.238095,3399999.75,13923.5,0.41119865508049325
94.339623,3381608.5,94.339623,3399999.75,18391.25,0.5438610057905875
93.457944,3377375.75,93.457944,3399999.75,22624.0,0.6698692024421624
92.592593,3368821.0,92.592593,3399999.75,31178.75,0.9255092508625421
91.743119,3367437.38,91.743119,3399999.5,32562.12000000011,0.9669703197272258
90.909091,3364211.0,90.909091,3399999.5,35788.5,1.0638006950218044
90.09009,3361512.99,90.09009,3397564.0,36051.00999999978,1.0724638014860022
89.285714,3352124.0,89.285714,3396934.5,44810.5,1.3367793076867085
88.495575,3349281.88,88.495575,3395069.5,45787.62000000011,1.3670876814942823
87.719298,3344339.25,87.719298,3393488.5,49149.25,1.4696251284913755
86.956522,3335654.0,86.956522,3389459.0,53805.0,1.6130270105952236
86.206897,3333795.74,86.206897,3388736.25,54940.50999999978,1.647986687990662
85.470085,3331796.0,85.470085,3386076.0,54280.0,1.6291513646093578
84.745763,3304017.5,84.745763,3384203.25,80185.75,2.4269166249876095
84.033613,3300247.25,84.033613,3381978.0,81730.75,2.4765038437650393
83.333333,3296680.5,83.333333,3381608.75,84928.25,2.5761747309149308
82.644628,3294332.25,82.644628,3377376.0,83043.75,2.5208067583347127
81.967213,3291541.5,81.967213,3376362.0,84820.5,2.5769233047798425
81.300813,3281233.5,81.300813,3367260.75,86027.25,2.6217960410315206
80.645161,3257825.75,80.645161,3364956.75,107131.0,3.288420198655499
80.0,3249450.12,80.0,3364115.75,114665.62999999989,3.528770276984584
79.365079,3233822.25,79.365079,3363067.0,129244.75,3.996655969572848
78.740157,3227369.5,78.740157,3351184.5,123815.0,3.8364060886117937
78.125,3225467.0,78.125,3347341.25,121874.25,3.7784993614878095
77.51938,3213029.5,77.51938,3334906.25,121876.75,3.793203579363339
76.923077,3205003.0,76.923077,3331796.0,126793.0,3.9560961409396493
76.335878,3199161.06,76.335878,3324642.5,125481.43999999994,3.922323310599434
75.757576,3196127.75,75.757576,3320737.0,124609.25,3.898756862894482
75.18797,3187892.0,75.18797,3317175.75,129283.75,4.055462042001423
74.626866,3173147.88,74.626866,3312405.0,139257.1200000001,4.3886110974443495
74.074074,3171326.88,74.074074,3296681.0,125354.12000000011,3.952734131273157
73.529412,3144599.0,73.529412,3294807.0,150208.0,4.776698078196934
72.992701,3133339.75,72.992701,3294332.25,160992.5,5.138047988571938
72.463768,3125464.38,72.463768,3286603.0,161138.6200000001,5.155669699233626
71.942446,3108564.75,71.942446,3275088.5,166523.75,5.356933613816473
71.428571,3099307.0,71.428571,3273603.25,174296.25,5.623716850250717
70.921986,3078081.97,70.921986,3248731.75,170649.7799999998,5.544029745250734
70.422535,3070029.63,70.422535,3247909.0,177879.3700000001,5.794060365469505
69.93007,3051984.17,69.93007,3223858.25,171874.08000000007,5.631552145304871
69.444444,3036258.12,69.444444,3222677.5,186419.3799999999,6.139773781815357
68.965517,3025955.5,68.965517,3205003.0,179047.5,5.917056612365911
68.493151,3012518.42,68.493151,3191377.5,178859.08000000007,5.937194568257613
68.027211,2981027.0,68.027211,3184728.5,203701.5,6.833265850996989
67.567568,2962979.62,67.567568,3151561.5,188581.8799999999,6.364602669794937
67.114094,2946035.78,67.114094,3131802.75,185766.9700000002,6.305658989654233
66.666667,2942417.81,66.666667,3131387.25,188969.43999999994,6.4222504145323915
66.225166,2933072.8,66.225166,3131208.5,198135.7000000002,6.7552261232656825
65.789474,2919694.87,65.789474,3126152.0,206457.1299999999,7.071188572523672
65.359477,2906373.87,65.359477,3118999.25,212625.3799999999,7.315830292680133
64.935065,2898271.0,64.935065,3118731.5,220460.5,7.606621326991162
64.516129,2886923.63,64.516129,3116764.5,229840.8700000001,7.961446143277441
64.102564,2875742.5,64.102564,3102789.0,227046.5,7.895230536113716
63.694268,2869835.87,63.694268,3102089.25,232253.3799999999,8.092915083676889
63.291139,2861251.63,63.291139,3091419.0,230167.3700000001,8.04428969429718
62.893082,2850723.37,62.893082,3078648.75,227925.3799999999,7.995352421725855
62.5,2840390.13,62.5,3075516.0,235125.8700000001,8.277942790908096
62.111801,2826112.0,62.111801,3063286.25,237174.25,8.392245247180579
61.728395,2815570.75,61.728395,3057714.5,242143.75,8.600165703525652
61.349693,2811472.73,61.349693,3053875.75,242403.02000000002,8.62192321531072
60.97561,2804134.12,60.97561,3033043.75,228909.6299999999,8.16329106255445
60.606061,2797054.75,60.606061,3029611.5,232556.75,8.314343864738435
60.240964,2789711.81,60.240964,3014365.25,224653.43999999994,8.052926441889348
59.88024,2784281.0,59.88024,3013383.75,229102.75,8.228434917308993
59.52381,2780916.12,59.52381,3013202.5,232286.3799999999,8.352872577832368
59.171598,2770255.5,59.171598,3012452.0,242196.5,8.742749540610966
58.823529,2761319.0,58.823529,3001593.25,240274.25,8.701430367154247
58.479532,2754477.63,58.479532,3000718.0,246240.3700000001,8.93963949164474
58.139535,2747153.62,58.139535,2982842.5,235688.8799999999,8.579384796107611
57.803468,2741439.38,57.803468,2976461.5,235022.1200000001,8.572946084986937
57.471264,2736788.5,57.471264,2967084.0,230295.5,8.414808086192997
57.142857,2730403.25,57.142857,2958083.75,227680.5,8.338713338405233
56.818182,2716766.53,56.818182,2943595.25,226828.7200000002,8.349216522481239
56.497175,2703064.12,56.497175,2941044.75,237980.6299999999,8.804105986209452
56.179775,2696699.47,56.179775,2931863.75,235164.2799999998,8.720448185499876
55.865922,2686242.74,55.865922,2929241.25,242998.50999999978,9.046036919210055
55.555556,2682801.95,55.555556,2912775.5,229973.5499999998,8.572140407159008
55.248619,2679868.0,55.248619,2900615.25,220747.25,8.237243401540672
54.945055,2669137.5,54.945055,2887207.75,218070.25,8.17006429979722
54.644809,2667619.06,54.644809,2882059.0,214439.93999999994,8.038626774544037
54.347826,2663619.62,54.347826,2851575.25,187955.6299999999,7.056399066470305
54.054054,2663066.13,54.054054,2850970.75,187904.6200000001,7.055950202783741
53.763441,2657561.55,53.763441,2850521.0,192959.4500000002,7.260770686571688
53.475936,2650084.13,53.475936,2846380.75,196296.6200000001,7.407184465498464
53.191489,2642573.62,53.191489,2845225.75,202652.1299999999,7.668741126689968
52.910053,2634184.74,52.910053,2822419.0,188234.25999999978,7.1458260744460835
52.631579,2631197.12,52.631579,2817878.5,186681.3799999999,7.094921873432268
52.356021,2630539.38,52.356021,2803571.75,173032.3700000001,6.5778285364425955
52.083333,2616354.62,52.083333,2785751.5,169396.8799999999,6.474538226014633
51.813472,2612368.78,51.813472,2778247.5,165878.7200000002,6.349743622338046
51.546392,2597732.37,51.546392,2773020.5,175288.1299999999,6.7477362958679175
51.282051,2585829.87,51.282051,2767050.75,181220.8799999999,7.008229044859779
51.020408,2566836.0,51.020408,2742320.25,175484.25,6.83659766342688
50.761421,2561820.31,50.761421,2739862.5,178042.18999999994,6.9498313095971955
50.505051,2557413.0,50.505051,2736016.5,178603.5,6.9837566321904205
50.251256,2544992.31,50.251256,2704854.0,159861.68999999994,6.28142133757567
50.0,2544114.75,50.0,2691553.5,147438.75,5.795286946078199
49.751244,2537623.88,49.751244,2686337.25,148713.3700000001,5.860339318685798
49.50495,2513892.26,49.50495,2682866.0,168973.74000000022,6.721598323390368
49.261084,2508448.24,49.261084,2672521.75,164073.50999999978,6.540836975771115
49.019608,2506689.97,49.019608,2671703.0,165013.0299999998,6.582905424080018
48.780488,2500230.25,48.780488,2658330.0,158099.75,6.323407614158735
48.543689,2496720.75,48.543689,2635453.75,138733.0,5.556608603505218
48.309179,2489983.98,48.309179,2633094.5,143110.52000000002,5.747447419320345
48.076923,2480436.37,48.076923,2632603.0,152166.6299999999,6.134671779546592
47.84689,2471201.74,47.84689,2615535.0,144333.25999999978,5.840610164024882
47.619048,2468539.84,47.619048,2608152.5,139612.66000000015,5.655677811543854
47.393365,2456068.57,47.393365,2607231.25,151162.68000000017,6.154660413247346
47.169811,2448310.25,47.169811,2603567.0,155256.75,6.341383817675885
46.948357,2444203.62,46.948357,2599970.0,155766.3799999999,6.372888851216081
46.728972,2439330.87,46.728972,2597118.0,157787.1299999999,6.468459524722035
46.511628,2423667.75,46.511628,2557413.0,133745.25,5.5182996926868375
46.296296,2414977.13,46.296296,2550830.25,135853.1200000001,5.625441264530738
46.082949,2409743.76,46.082949,2541974.0,132230.24000000022,5.487315381615522
45.87156,2405082.0,45.87156,2540299.25,135217.25,5.622147186665568
45.6621,2391552.18,45.6621,2526434.0,134881.81999999983,5.639927956746477
45.454545,2384405.63,45.454545,2521357.5,136951.8700000001,5.7436481560396295
45.248869,2380502.88,45.248869,2508247.0,127744.12000000011,5.366266139530993
45.045045,2375455.12,45.045045,2505832.0,130376.87999999989,5.488501083531306
44.843049,2372396.53,44.843049,2493752.25,121355.7200000002,5.115321931447953
44.642857,2369273.88,44.642857,2468453.5,99179.62000000011,4.186076621922668
44.444444,2359305.12,44.444444,2463584.5,104279.37999999989,4.41991920061615
44.247788,2355885.24,44.247788,2462756.25,106871.00999999978,4.536341931494073
44.052863,2351067.74,44.052863,2461590.5,110522.75999999978,4.700960253914239
43.859649,2345410.25,43.859649,2457348.0,111937.75,4.772629862941889
43.668122,2338401.94,43.668122,2455540.5,117138.56000000006,5.009342405865437
43.478261,2333153.43,43.478261,2453630.75,120477.31999999983,5.163711843845598
43.290043,2325272.38,43.290043,2450711.0,125438.62000000011,5.39457747311307
43.103448,2316036.43,43.103448,2446838.5,130802.06999999983,5.647668935846567
42.918455,2311052.38,42.918455,2414977.0,103924.62000000011,4.496852641652376
42.735043,2309054.68,42.735043,2402507.0,93452.31999999983,4.047211216323376
42.553191,2304792.75,42.553191,2382230.25,77437.5,3.35984656321051
42.372881,2302118.13,42.372881,2380956.0,78837.87000000011,3.424579693484283
42.194093,2299918.18,42.194093,2375455.25,75537.06999999983,3.2843372715111037
42.016807,2294070.37,42.016807,2374915.25,80844.87999999989,3.5240802138079084
41.841004,2288931.81,41.841004,2371703.5,82771.68999999994,3.616171073265828
41.666667,2285834.19,41.666667,2357529.5,71695.31000000006,3.136505277314102
41.493776,2281022.63,41.493776,2351068.0,70045.37000000011,3.070788035101612
41.322314,2269389.57,41.322314,2348319.25,78929.68000000017,3.47801369334751
41.152263,2267542.95,41.152263,2333634.25,66091.29999999981,2.9146658500999862
40.983607,2259955.88,40.983607,2331316.75,71360.87000000011,3.157622262962059
40.816327,2254843.02,40.816327,2325806.75,70963.72999999998,3.1471694202463802
40.650407,2250274.25,40.650407,2323742.0,73467.75,3.264835386175707
40.48583,2247262.25,40.48583,2319943.0,72680.75,3.2341908471074077
40.322581,2246157.25,40.322581,2316688.25,70531.0,3.140074008620723
40.160643,2239249.18,40.160643,2312612.0,73362.81999999983,3.276224042203281
40.0,2236607.75,40.0,2309035.75,72428.0,3.238296925332571
39.840637,2230684.24,39.840637,2303015.25,72331.00999999978,3.2425481250542108
39.68254,2223560.93,39.68254,2302118.0,78557.06999999983,3.532939841679977
39.525692,2222230.11,39.525692,2301147.25,78917.14000000013,3.551258694807269
39.370079,2219295.13,39.370079,2300135.5,80840.37000000011,3.64261467108253
39.215686,2211855.38,39.215686,2300050.0,88194.62000000011,3.9873592458834315
39.0625,2206188.71,39.0625,2298710.0,92521.29000000004,4.193716048886863
38.910506,2197587.88,38.910506,2280765.75,83177.87000000011,3.784962174072425
38.75969,2190127.31,38.75969,2279446.0,89318.68999999994,4.078241917361413
38.610039,2178164.28,38.610039,2249934.5,71770.2200000002,3.2949865471120576
38.461538,2173554.56,38.461538,2249202.25,75647.68999999994,3.4803676609801757
38.314176,2169720.62,38.314176,2227663.25,57942.62999999989,2.6705111001802564
38.167939,2165071.38,38.167939,2225230.75,60159.37000000011,2.7786321760901997
38.022814,2162327.57,38.022814,2213143.5,50815.93000000017,2.350056980497186
37.878788,2157371.41,37.878788,2210654.75,53283.33999999985,2.469826927019481
37.735849,2151737.65,37.735849,2209577.25,57839.60000000009,2.6880414533807175
37.593985,2146432.69,37.593985,2199112.75,52680.060000000056,2.4543075702038464
37.453184,2145791.0,37.453184,2190127.5,44336.5,2.066207752758773
37.313433,2142510.87,37.313433,2185662.5,43151.62999999989,2.0140681946691776
37.174721,2139402.37,37.174721,2181911.75,42509.37999999989,1.986974521300539
37.037037,2137144.97,37.037037,2176812.25,39667.279999999795,1.8560874698172576
36.900369,2124718.74,36.900369,2173767.0,49048.25999999978,2.308458953960173
36.764706,2121338.68,36.764706,2172377.75,51039.06999999983,2.4059840364575744
36.630037,2113959.0,36.630037,2171481.5,57522.5,2.721079264072766
36.49635,2107289.88,36.49635,2169986.0,62696.12000000011,2.9752014943478073
36.363636,2106110.63,36.363636,2167587.25,61476.62000000011,2.9189644230607255
36.231884,2101158.31,36.231884,2166910.0,65751.68999999994,3.129306806015961
36.101083,2099874.25,36.101083,2166076.75,66202.5,3.152688786007067
35.971223,2097791.04,35.971223,2165500.75,67709.70999999996,3.2276670416134468
35.842294,2094506.44,35.842294,2162005.5,67499.06000000006,3.2226713993775093
35.714286,2089248.19,35.714286,2159402.5,70154.31000000006,3.3578734367600465
35.587189,2084708.25,35.587189,2155821.75,71113.5,3.411196746595117
35.460993,2077716.74,35.460993,2149776.25,72059.51000000001,3.4682066430287324
35.335689,2072366.8,35.335689,2149032.75,76665.94999999995,3.699439211243876
35.211268,2066461.97,35.211268,2145866.75,79404.78000000003,3.8425473661148493
35.087719,2060186.13,35.087719,2128890.75,68704.62000000011,3.3348744076827717
34.965035,2049394.44,34.965035,2120488.0,71093.56000000006,3.469003263227359
34.843206,2044826.69,34.843206,2114662.75,69836.06000000006,3.4152556958262346
34.722222,2041455.07,34.722222,2112625.5,71170.42999999993,3.486259925377634
34.602076,2037304.5,34.602076,2112602.25,75297.75,3.695949721801527
34.482759,2034284.56,34.482759,2112126.0,77841.43999999994,3.8264774521023717
34.364261,2026926.35,34.364261,2110843.5,83917.1499999999,4.140118361972052
34.246575,2023299.26,34.246575,2104278.5,80979.23999999999,4.002336263395855
34.129693,2018456.56,34.129693,2102119.5,83662.93999999994,4.144896732382486
34.013605,2014460.38,34.013605,2087567.5,73107.12000000011,3.6291167960324993
33.898305,2009831.06,33.898305,2087141.625,77310.56499999994,3.846620073629469
33.783784,2006097.62,33.783784,2078107.5,72009.87999999989,3.589550143626604
33.670034,1998463.93,33.670034,2077947.5,79483.57000000007,3.97723315426564
33.557047,1995023.13,33.557047,2035422.875,40399.74500000011,2.0250263965611324
33.444816,1992775.71,33.444816,2033724.125,40948.41500000004,2.054843141378918
33.333333,1989627.94,33.333333,2029571.25,39943.310000000056,2.0075768537910688
33.222591,1988123.37,33.222591,2027150.75,39027.37999999989,1.9630260671398823
33.112583,1984987.5,33.112583,2025654.5,40667.0,2.048728266550797
33.0033,1981351.28,33.0033,2020501.5,39150.21999999997,1.97593533237579
32.894737,1971633.81,32.894737,2009970.0,38336.189999999944,1.9443869244664629
32.786885,1958926.19,32.786885,2009013.375,50087.185000000056,2.5568694346773757
32.679739,1951333.54,32.679739,2008865.25,57531.70999999996,2.9483278394323076
32.57329,1949176.31,32.57329,2002542.5,53366.189999999944,2.737884188629398
32.467532,1946255.94,32.467532,1994913.125,48657.185000000056,2.5000404109235532
32.36246,1943888.63,32.36246,1990212.25,46323.62000000011,2.3830387855090294
32.258065,1938696.69,32.258065,1973142.375,34445.685000000056,1.7767444065734728
32.154341,1935811.01,32.154341,1971633.75,35822.73999999999,1.8505287868984686
32.051282,1932886.12,32.051282,1951362.125,18476.00499999989,0.9558765417592159
31.948882,1923583.6,31.948882,1946331.25,22747.649999999907,1.1825662269110584
31.847134,1916522.26,31.847134,1944885.375,28363.11499999999,1.479926197152544
31.746032,1907050.31,31.746032,1944306.875,37256.564999999944,1.9536225554531879
31.64557,1902169.79,31.64557,1939845.875,37676.08499999996,1.9806899046588247
31.545741,1900330.16,31.545741,1934508.75,34178.590000000084,1.798560624854793
31.446541,1893421.13,31.446541,1933431.375,40010.24500000011,2.1131191770316895
31.347962,1889413.87,31.347962,1932885.875,43472.00499999989,2.3008196187318073
31.25,1885867.82,31.25,1927345.0,41477.179999999935,2.1993683523376486
31.152648,1878903.44,31.152648,1926569.0,47665.560000000056,2.536881831458037
31.055901,1873716.31,31.055901,1919427.25,45710.939999999944,2.439587025850244
30.959752,1868171.0,30.959752,1915197.375,47026.375,2.517241462371485
30.864198,1862716.76,30.864198,1905785.375,43068.61499999999,2.3121397694408454
30.769231,1856588.78,30.769231,1902049.0,45460.21999999997,2.4485885345057383
30.674847,1852993.0,30.674847,1899991.625,46998.625,2.536362792519993
30.58104,1844172.0,30.58104,1895366.5,51194.5,2.776015469272931
30.487805,1838829.49,30.487805,1895108.0,56278.51000000001,3.060561640220378
30.395137,1832504.0,30.395137,1886169.0,53665.0,2.9285065680620614
30.30303,1829917.48,30.30303,1886090.875,56173.39500000002,3.0697228489232216
30.21148,1825020.38,30.21148,1879296.5,54276.12000000011,2.974000761569584
30.120482,1820757.43,30.120482,1878738.0,57980.570000000065,3.1844203431315985
30.03003,1816971.98,30.03003,1876023.375,59051.39500000002,3.2499893036325203
29.94012,1813561.12,29.94012,1867293.0,53731.87999999989,2.962782969233476
29.850746,1811573.63,29.850746,1866199.0,54625.37000000011,3.015354667091291
29.761905,1808230.56,29.761905,1864700.375,56469.814999999944,3.1229322327126217
29.673591,1806215.58,29.673591,1840597.75,34382.169999999925,1.9035474159734536
29.585799,1802245.5,29.585799,1839964.5,37719.0,2.092889120821775
29.498525,1800036.0,29.498525,1839830.0,39794.0,2.210733563106516
29.411765,1797942.25,29.411765,1838930.0,40987.75,2.2797033664457245
29.325513,1795989.47,29.325513,1836699.75,40710.28000000003,2.2667326663112353
29.239766,1782965.19,29.239766,1836065.5,53100.310000000056,2.9782022833547335
29.154519,1781513.0,29.154519,1824278.0,42765.0,2.4004876753635815
29.069767,1778735.75,29.069767,1804668.25,25932.5,1.4579175124804233
28.985507,1773708.57,28.985507,1800298.375,26589.804999999935,1.4991078833204223
28.901734,1768725.72,28.901734,1798741.375,30015.655000000028,1.6970214579115201
28.818444,1761656.32,28.818444,1796242.5,34586.179999999935,1.9632762422127792
28.735632,1755198.88,28.735632,1788101.25,32902.37000000011,1.8745664878728794
28.653295,1750467.81,28.653295,1787754.25,37286.439999999944,2.1300843001505947
28.571429,1747021.19,28.571429,1780835.5,33814.310000000056,1.9355409192260604
28.490028,1741003.5,28.490028,1780731.0,39727.5,2.2818736435624625
28.409091,1736131.38,28.409091,1776886.125,40754.74500000011,2.3474459058507495
28.328612,1732310.38,28.328612,1776007.25,43696.87000000011,2.5224619389511544
28.248588,1730226.12,28.248588,1771097.5,40871.37999999989,2.3621987627836694
28.169014,1725147.56,28.169014,1769032.875,43885.314999999944,2.543858625055815
28.089888,1719082.26,28.089888,1767430.125,48347.86499999999,2.812423007611049
28.011204,1713872.38,28.011204,1751340.75,37468.37000000011,2.1861820306597224
27.932961,1708616.54,27.932961,1750468.0,41851.45999999996,2.4494354947541335
27.855153,1707475.67,27.855153,1748400.25,40924.580000000075,2.396788470783896
27.777778,1702482.5,27.777778,1747021.125,44538.625,2.616098843894137
27.700831,1698619.03,27.700831,1742031.0,43411.96999999997,2.5557213968102057
27.624309,1692233.29,27.624309,1735230.625,42997.33499999996,2.5408633226923434
27.548209,1686983.01,27.548209,1734816.5,47833.48999999999,2.835445864982362
27.472527,1684034.0,27.472527,1733248.5,49214.5,2.9224172433573194
27.39726,1680341.63,27.39726,1730504.875,50163.24500000011,2.98530037609079
27.322404,1674530.0,27.322404,1727306.75,52776.75,3.151735113733406
27.247956,1670875.83,27.247956,1726426.625,55550.794999999925,3.324651299791674
27.173913,1665069.88,27.173913,1724274.625,59204.74500000011,3.5556913082831163
27.100271,1660137.81,27.100271,1720882.625,60744.814999999944,3.659022439829856
27.027027,1657566.39,27.027027,1717102.0,59535.6100000001,3.5917481410804974
26.954178,1652521.56,26.954178,1715015.25,62493.689999999944,3.781717074844091
26.88172,1651504.6,26.88172,1714942.25,63437.64999999991,3.8412033487523987
26.809651,1648485.06,26.809651,1714302.25,65817.18999999994,3.992586381098288
26.737968,1643865.69,26.737968,1712090.625,68224.93500000006,4.150274284269542
26.666667,1642099.57,26.666667,1712047.25,69947.67999999993,4.259649127123268
26.595745,1639654.75,26.595745,1710140.625,70485.875,4.298824188445769
26.525199,1636156.57,26.525199,1707704.5,71547.92999999993,4.372926852593327
26.455026,1630868.19,26.455026,1703509.75,72641.56000000006,4.454164992941585
26.385224,1630113.66,26.385224,1702482.375,72368.71500000008,4.439488900424286
26.315789,1627507.3,26.315789,1701557.5,74050.19999999995,4.549915075649735
26.246719,1625407.26,26.246719,1701210.25,75802.98999999999,4.663630578345023
26.17801,1619415.56,26.17801,1695517.25,76101.68999999994,4.699330541198452
26.109661,1612190.88,26.109661,1692502.125,80311.24500000011,4.981497290196811
26.041667,1609305.13,26.041667,1690827.125,81521.99500000011,5.0656642721321665
25.974026,1603715.63,25.974026,1687029.0,83313.37000000011,5.195021389172351
25.906736,1599853.5,25.906736,1685937.875,86084.375,5.3807661138973035
25.839793,1593466.75,25.839793,1675378.875,81912.125,5.140497911236617
25.773196,1589227.56,25.773196,1673494.75,84267.18999999994,5.3023992360162655
25.706941,1582465.26,25.706941,1669541.125,87075.86499999999,5.502545123802591
25.641026,1581383.69,25.641026,1655650.125,74266.43500000006,4.696294483725202
25.575448,1577853.06,25.575448,1653939.875,76086.81499999994,4.82217368200306
25.510204,1576785.81,25.510204,1652380.875,75595.06499999994,4.794250716906181
25.445293,1575559.61,25.445293,1652101.0,76541.3899999999,4.858044691815874
25.380711,1575311.66,25.380711,1650530.25,75218.59000000008,4.774838650023075
25.316456,1571763.26,25.316456,1646865.125,75101.86499999999,4.778191914219956
25.252525,1569226.72,25.252525,1645503.75,76277.03000000003,4.860803670230649
25.188917,1564480.32,25.188917,1642891.875,78411.55499999993,5.011987303234338
25.125628,1562514.32,25.125628,1631870.5,69356.17999999993,4.438754839699641
25.062657,1557809.25,25.062657,1630113.875,72304.625,4.641429944006303
25.0,1555574.56,25.0,1627303.375,71728.81499999994,4.611081772898109
24.937656,1551796.75,24.937656,1625813.5,74016.75,4.769745135759564
24.875622,1548609.6,24.875622,1613368.25,64758.64999999991,4.181728564771903
24.813896,1545764.18,24.813896,1606412.0,60647.820000000065,3.9234846288131777
24.752475,1542282.93,24.752475,1599853.625,57570.695000000065,3.7328231986591507
24.691358,1541199.19,24.691358,1598501.0,57301.810000000056,3.718001564742586
24.630542,1536070.5,24.630542,1595707.75,59637.25,3.8824552649113433
24.570025,1529751.81,24.570025,1589360.0,59608.189999999944,3.8965922190999036
24.509804,1526322.07,24.509804,1588428.75,62106.679999999935,4.069041601422951
24.449878,1520279.62,24.449878,1586848.5,66568.87999999989,4.378726066195631
24.390244,1518383.17,24.390244,1580684.5,62301.330000000075,4.10313623273367
24.3309,1516619.22,24.3309,1577549.25,60930.03000000003,4.017490296608534
24.271845,1513800.72,24.271845,1576785.75,62985.03000000003,4.1607213662839335
24.213075,1510328.47,24.213075,1574843.75,64515.28000000003,4.2716058977554745
24.154589,1507110.06,24.154589,1574042.0,66931.93999999994,4.441078443866266
24.096386,1506155.03,24.096386,1572994.25,66839.21999999997,4.437738391379271
24.038462,1502506.99,24.038462,1572550.125,70043.13500000001,4.661751024532672
23.980815,1500219.66,23.980815,1571267.375,71047.71500000008,4.735820819732497
23.923445,1497477.88,23.923445,1568584.875,71106.99500000011,4.748450441217877
23.866348,1495957.5,23.866348,1563116.5,67159.0,4.489365506707243
23.809524,1493814.25,23.809524,1562180.0,68365.75,4.5765897600722445
23.752969,1489700.68,23.752969,1560606.125,70905.44500000007,4.759710856814543
23.696682,1485695.25,23.696682,1556446.0,70750.75,4.762130726338393
23.640662,1481473.81,23.640662,1555527.125,74053.31499999994,4.998624646628072
23.584906,1476940.82,23.584906,1554498.125,77557.30499999993,5.251212773711538
23.529412,1473548.06,23.529412,1550019.5,76471.43999999994,5.189612885785343
23.474178,1470663.58,23.474178,1549947.75,79284.16999999993,5.391047352923496
23.419204,1466703.37,23.419204,1547387.125,80683.75499999989,5.5010274504244085
23.364486,1463042.5,23.364486,1546451.75,83409.25,5.701081820931381
23.310023,1460818.69,23.310023,1531351.75,70533.06000000006,4.828324040678865
23.255814,1459264.81,23.255814,1530229.5,70964.68999999994,4.863044014608969
23.201856,1456082.06,23.201856,1529080.125,72998.06499999994,5.013320815174382
23.148148,1453350.16,23.148148,1526554.0,73203.84000000008,5.036903150717655
23.094688,1450701.53,23.094688,1523531.75,72830.21999999997,5.02034488100388
23.041475,1449145.31,23.041475,1520279.5,71134.18999999994,4.908699597557952
22.988506,1445992.74,22.988506,1518576.625,72583.88500000001,5.0196576367319805
22.93578,1440753.9,22.93578,1510328.5,69574.6000000001,4.829041240145184
22.883295,1437917.5,22.883295,1497453.625,59536.125,4.140440950193596
22.83105,1435539.28,22.83105,1497233.0,61693.71999999997,4.297598878659731
22.779043,1432718.5,22.779043,1495263.5,62545.0,4.365477237852376
22.727273,1429909.09,22.727273,1493814.25,63905.159999999916,4.469176428551826
22.675737,1427651.82,22.675737,1491932.875,64281.054999999935,4.502572272838901
22.624434,1423171.26,22.624434,1487486.75,64315.48999999999,4.519167285601312
22.573363,1420552.86,22.573363,1485156.375,64603.5149999999,4.547772689007848
22.522523,1418878.48,22.522523,1482370.5,63492.02000000002,4.474803226277702
22.47191,1416595.12,22.47191,1480938.5,64343.37999999989,4.542115039899324
22.421525,1414750.37,22.421525,1480172.375,65422.00499999989,4.6242790521411825
22.371365,1411502.31,22.371365,1475495.0,63992.689999999944,4.533658184378029
22.321429,1407370.06,22.321429,1471080.75,63710.689999999944,4.526932312315919
22.271715,1403356.4,22.271715,1467182.75,63826.35000000009,4.54812120427855
22.222222,1401278.22,22.222222,1466703.625,65425.40500000003,4.668980368509548
22.172949,1398748.88,22.172949,1464606.875,65857.99500000011,4.708350150743293
22.123894,1397895.22,22.123894,1456010.125,58114.90500000003,4.157314809331706
22.075055,1394275.0,22.075055,1454367.625,60092.625,4.309954994531208
22.026432,1392053.5,22.026432,1446189.75,54136.25,3.888948952033812
21.978022,1387013.57,21.978022,1445733.5,58719.929999999935,4.233551226178698
21.929825,1384771.17,21.929825,1440590.0,55818.830000000075,4.030906420444908
21.881838,1383131.81,21.881838,1433700.375,50568.564999999944,3.656091533315248
21.834061,1379893.5,21.834061,1433325.5,53432.0,3.8721828894766155
21.786492,1376670.89,21.786492,1433259.0,56588.1100000001,4.110503854701257
21.73913,1375311.18,21.73913,1432956.125,57644.945000000065,4.191411066694017
21.691974,1370084.62,21.691974,1430622.25,60537.62999999989,4.4185321925590175
21.645022,1367077.5,21.645022,1429489.5,62412.0,4.5653593157666625
21.598272,1363455.44,21.598272,1427571.0,64115.560000000056,4.7024316394234384
21.551724,1360343.62,21.551724,1421021.25,60677.62999999989,4.46046345260912
21.505376,1355599.0,21.505376,1419287.75,63688.75,4.698199836382293
21.459227,1351719.98,21.459227,1418946.375,67226.39500000002,4.973396561024423
21.413276,1349026.28,21.413276,1414639.0,65612.71999999997,4.86370954908306
21.367521,1344593.87,21.367521,1413955.125,69361.25499999989,5.158528277389802
21.321962,1340985.31,21.321962,1413308.125,72322.81499999994,5.393259304235029
21.276596,1337690.37,21.276596,1412085.5,74395.12999999989,5.561461132444266
21.231423,1335814.5,21.231423,1412035.125,76220.625,5.705928854642616
21.186441,1333632.88,21.186441,1411502.25,77869.37000000011,5.838890984751375
21.141649,1330287.09,21.141649,1409036.25,78749.15999999992,5.9197116616383845
21.097046,1328419.56,21.097046,1407435.125,79015.56499999994,5.948088042304944
21.052632,1324590.88,21.052632,1404172.875,79581.99500000011,6.008043404315159
21.008403,1322878.68,21.008403,1403458.0,80579.32000000007,6.091210117620164
20.964361,1321310.38,20.964361,1399919.375,78608.99500000011,5.9493209309382795
20.920502,1317175.0,20.920502,1398904.875,81729.875,6.204936701653159
20.876827,1313690.22,20.876827,1397895.25,84205.03000000003,6.409808699040176
20.833333,1311323.44,20.833333,1395172.75,83849.31000000006,6.394250834103908
20.790021,1310462.34,20.790021,1392053.5,81591.15999999992,6.226135426371727
20.746888,1308148.91,20.746888,1385537.375,77388.46500000008,5.915875815697472
20.703934,1305822.62,20.703934,1384849.375,79026.75499999989,6.051875177349882
20.661157,1303028.13,20.661157,1383599.5,80571.37000000011,6.183394521191198
20.618557,1301316.21,20.618557,1383190.5,81874.29000000004,6.291652203425641
20.576132,1300361.75,20.576132,1379893.5,79531.75,6.116124993679644
20.533881,1297589.5,20.533881,1379184.25,81594.75,6.288178965689843
20.491803,1296386.67,20.491803,1374605.375,78218.70500000007,6.033593742521286
20.449898,1295384.94,20.449898,1374071.375,78686.43500000006,6.074366975425857
20.408163,1293322.26,20.408163,1369783.25,76460.98999999999,5.911982834038594
20.366599,1286565.04,20.366599,1368663.75,82098.70999999996,6.381232774675734
20.325203,1283592.66,20.325203,1365543.875,81951.21500000008,6.3845188239078965
20.283976,1282858.32,20.283976,1364292.25,81433.92999999993,6.347850634043511
20.242915,1281617.5,20.242915,1364048.75,82431.25,6.431813704166804
20.20202,1279463.34,20.20202,1362201.75,82738.40999999992,6.466649525104792
20.16129,1276345.7,20.16129,1361006.25,84660.55000000005,6.633042286270878
20.120724,1274933.66,20.120724,1358885.375,83951.71500000008,6.584790851000051
20.080321,1273028.0,20.080321,1357402.5,84374.5,6.627858931618158
20.04008,1268836.03,20.04008,1354557.0,85720.96999999997,6.755874515953017
20.0,1266040.59,20.0,1349012.375,82971.78499999992,6.553643355147082
19.96008,1263904.62,19.96008,1347596.0,83691.37999999989,6.621653143415196
19.920319,1261552.94,19.920319,1346898.625,85345.68500000006,6.765129095573275
19.880716,1259155.25,19.880716,1344967.0,85811.75,6.8150253910310115
19.84127,1258231.36,19.84127,1344002.375,85771.0149999999,6.816792024640038
19.80198,1256041.94,19.80198,1341431.75,85389.81000000006,6.798324743837777
19.762846,1254548.25,19.762846,1337546.625,82998.375,6.615797758276734
19.723866,1251931.19,19.723866,1336556.375,84625.18500000006,6.7595715863585175
19.685039,1249664.25,19.685039,1334761.75,85097.5,6.809629066367226
19.646365,1248204.19,19.646365,1331969.875,83765.68500000006,6.710895995309875
19.607843,1244788.44,19.607843,1331816.625,87028.18500000006,6.991403695876229
19.569472,1244395.0,19.569472,1331128.625,86733.625,6.969943225422797
19.53125,1240502.79,19.53125,1330048.0,89545.20999999996,7.218460991933759
19.493177,1239062.59,19.493177,1326722.25,87659.65999999992,7.074675703024809
19.455253,1236949.57,19.455253,1326164.5,89214.92999999993,7.212495332368314
19.417476,1235757.16,19.417476,1324959.5,89202.34000000008,7.218436023465976
19.379845,1230398.56,19.379845,1321685.25,91286.68999999994,7.419278026463225
19.34236,1227624.76,19.34236,1321450.75,93825.98999999999,7.642888369244035
19.305019,1226645.7,19.305019,1321310.5,94664.80000000005,7.7173710387604215
19.267823,1224791.41,19.267823,1320566.75,95775.34000000008,7.819726625940337
19.230769,1221950.93,19.230769,1316871.875,94920.94500000007,7.767983367384488
19.193858,1219160.14,19.193858,1316235.25,97075.1100000001,7.962457663683141
19.157088,1212976.56,19.157088,1311802.75,98826.18999999994,8.14741135640741
19.120459,1210091.25,19.120459,1311078.0,100986.75,8.34538304446049
19.083969,1209066.87,19.083969,1305505.0,96438.12999999989,7.976244523183393
19.047619,1208246.31,19.047619,1304853.125,96606.81499999994,7.995622597845959
19.011407,1205973.8,19.011407,1302602.875,96629.07499999995,8.012535181112554
18.975332,1203540.97,18.975332,1301605.875,98064.90500000003,8.148032135540847
18.939394,1200906.73,18.939394,1299916.375,99009.64500000002,8.244574081119524
18.903592,1198915.1,18.903592,1298730.25,99815.1499999999,8.325456072744425
18.867925,1196238.64,18.867925,1298626.625,102387.9850000001,8.559160486573157
18.832392,1194553.97,18.832392,1298354.0,103800.03000000003,8.689438284651136
18.796992,1193229.31,18.796992,1297961.125,104731.81499999994,8.77717418791866
18.761726,1192133.79,18.761726,1295637.5,103503.70999999996,8.682222655562843
18.726592,1188452.4,18.726592,1294253.5,105801.1000000001,8.902426382411285
18.691589,1188018.69,18.691589,1285771.25,97752.56000000006,8.228200517619808
18.656716,1186143.55,18.656716,1284659.75,98516.19999999995,8.305588307587218
18.621974,1182921.0,18.621974,1283492.0,100571.0,8.50192024657606
18.587361,1180676.32,18.587361,1281513.25,100836.92999999993,8.540607471487185
18.552876,1178673.93,18.552876,1279422.25,100748.32000000007,8.547598910582511
18.518519,1177474.78,18.518519,1272757.625,95282.84499999997,8.092134678247628
18.484288,1176070.0,18.484288,1272491.125,96421.125,8.198587243956567
18.450185,1173209.52,18.450185,1272293.25,99083.72999999998,8.445527274616726
18.416206,1170852.81,18.416206,1271905.25,101052.43999999994,8.630669810665607
18.382353,1169369.25,18.382353,1271427.5,102058.25,8.727632439454004
18.348624,1167765.72,18.348624,1270669.25,102903.53000000003,8.812001263404104
18.315018,1166860.24,18.315018,1267274.0,100413.76000000001,8.605465895384352
18.281536,1164329.1,18.281536,1262014.375,97685.2749999999,8.38983368190316
18.248175,1163304.68,18.248175,1259620.25,96315.57000000007,8.279479284825026
18.214936,1160229.06,18.214936,1257200.5,96971.43999999994,8.357956488350665
18.181818,1159415.05,18.181818,1256869.375,97454.32499999995,8.40547351873688
18.14882,1158509.63,18.14882,1256429.5,97919.87000000011,8.452227539964438
18.115942,1157151.0,18.115942,1248204.25,91053.25,7.868744010073016
18.083183,1155875.39,18.083183,1246337.375,90461.9850000001,7.826274854766145
18.050542,1153256.6,18.050542,1245598.0,92341.3999999999,8.007012489674882
18.018018,1150314.44,18.018018,1244788.375,94473.93500000006,8.212879167195368
17.985612,1149703.37,17.985612,1241577.0,91873.62999999989,7.991072514643484
17.953321,1146931.82,17.953321,1241011.875,94080.05499999993,8.202759166625958
17.921147,1144985.32,17.921147,1239398.25,94412.92999999993,8.24577646113401
17.889088,1144234.38,17.889088,1236591.75,92357.37000000011,8.071542999782974
17.857143,1141467.22,17.857143,1236317.25,94850.03000000003,8.309483473384372
17.825312,1140421.31,17.825312,1235625.5,95204.18999999994,8.348159506068853
17.793594,1138810.92,17.793594,1232221.125,93410.20500000007,8.202433201114728
17.761989,1136346.83,17.761989,1230398.5,94051.66999999993,8.276669368629287
17.730496,1135459.94,17.730496,1228463.25,93003.31000000006,8.19080504064283
17.699115,1133465.1,17.699115,1227521.5,94056.3999999999,8.298129338080184
17.667845,1132452.49,17.667845,1225844.0,93391.51000000001,8.246836915869205
17.636684,1130418.62,17.636684,1225135.875,94717.25499999989,8.378953895858498
17.605634,1129961.06,17.605634,1221218.875,91257.81499999994,8.07619113883446
17.574692,1128239.47,17.574692,1220608.0,92368.53000000003,8.186961408113122
17.54386,1127510.03,17.54386,1211594.75,84084.71999999997,7.457558492849945
17.513135,1126711.21,17.513135,1211360.75,84649.54000000004,7.51297575179003
17.482517,1124315.42,17.482517,1208826.0,84510.58000000007,7.516625539121405
17.452007,1123074.03,17.452007,1208434.75,85360.71999999997,7.600631634229845
17.421603,1121285.98,17.421603,1208298.75,87012.77000000002,7.760087217000611
17.391304,1118948.08,17.391304,1206481.625,87533.54499999993,7.822842414636426
17.361111,1116977.29,17.361111,1205186.0,88208.70999999996,7.897090727780147
17.331023,1114155.75,17.331023,1205039.25,90883.5,8.157162946024378
17.301038,1112445.81,17.301038,1203298.5,90852.68999999994,8.166931744747185
17.271157,1110387.52,17.271157,1203232.75,92845.22999999998,8.3615159867791
17.241379,1108200.72,17.241379,1200867.25,92666.53000000003,8.361890434433217
17.211704,1105342.57,17.211704,1200495.125,95152.55499999993,8.608422183540794
17.182131,1104483.65,17.182131,1199585.0,95101.3500000001,8.610480562568771
17.152659,1103300.0,17.152659,1197327.0,94027.0,8.522342064714946
17.123288,1100541.0,17.123288,1196534.375,95993.375,8.722380629163293
17.094017,1100191.22,17.094017,1195126.0,94934.78000000003,8.628934522855038
17.064846,1097914.62,17.064846,1195073.5,97158.87999999989,8.849402151143583
17.035775,1095994.27,17.035775,1194480.75,98486.47999999998,8.986039680663657
17.006803,1095647.54,17.006803,1192133.75,96486.20999999996,8.806318316563734
16.977929,1092457.91,16.977929,1191362.0,98904.09000000008,9.053354742060506
16.949153,1091842.68,16.949153,1189974.25,98131.57000000007,8.987702330888922
16.920474,1090868.8,16.920474,1189649.5,98780.69999999995,9.055231939899642
16.891892,1090007.87,16.891892,1188711.5,98703.62999999989,9.055313518057432
16.863406,1086728.3,16.863406,1187410.25,100681.94999999995,9.264684650247899
16.835017,1084618.18,16.835017,1186840.0,102221.82000000007,9.424682518229602
16.806723,1083473.31,16.806723,1182836.25,99362.93999999994,9.170778743040744
16.778523,1082662.48,16.778523,1181060.125,98397.64500000002,9.088487577402702
16.750419,1079851.88,16.750419,1179930.875,100078.99500000011,9.267844678846151
16.722408,1078664.89,16.722408,1179789.5,101124.6100000001,9.37497928573536
16.694491,1078277.66,16.694491,1179768.75,101491.09000000008,9.41233355423501
16.666667,1076375.82,16.666667,1177136.875,100761.05499999993,9.361140702696195
16.638935,1075112.63,16.638935,1175609.5,100496.87000000011,9.34756668238565
16.611296,1074163.94,16.611296,1169369.375,95205.43500000006,8.86321272337629
16.583748,1072928.14,16.583748,1167270.0,94341.8600000001,8.792933700107831
16.556291,1070122.39,16.556291,1166527.875,96405.4850000001,9.008827952847536
16.528926,1067196.61,16.528926,1165320.125,98123.5149999999,9.194511496808436
16.50165,1066233.18,16.50165,1164329.25,98096.07000000007,9.200245484763482
16.474465,1064555.78,16.474465,1162546.125,97990.34499999997,9.204810761536606
16.447368,1064043.71,16.447368,1158779.125,94735.41500000004,8.90333866077739
16.420361,1062997.48,16.420361,1156454.75,93457.27000000002,8.791861858411934
16.393443,1061892.72,16.393443,1154122.75,92230.03000000003,8.68543764006594
16.366612,1060764.0,16.366612,1153992.125,93228.125,8.788771583500194
16.339869,1058766.62,16.339869,1153835.125,95068.50499999989,8.979174749577945
16.313214,1057387.8,16.313214,1153702.625,96314.82499999995,9.108751302029393
16.286645,1055509.03,16.286645,1152280.25,96771.21999999997,9.168203894949148
16.260163,1053540.32,16.260163,1152196.0,98655.67999999993,9.364205443983382
16.233766,1052402.21,16.233766,1150112.375,97710.16500000004,9.284488769745176
16.207455,1051290.0,16.207455,1149963.125,98673.125,9.385909216296168
16.18123,1049799.79,16.18123,1148761.75,98961.95999999996,9.426746027449669
16.155089,1048168.88,16.155089,1146931.75,98762.87,9.42241960093301
16.129032,1046823.58,16.129032,1146406.625,99583.04500000004,9.512877518483108
16.10306,1045400.39,16.10306,1145821.0,100420.60999999999,9.605947248594386
16.07717,1043674.46,16.07717,1145491.0,101816.54000000004,9.755584131090075
16.051364,1041944.41,16.051364,1145472.625,103528.21499999997,9.936059352724966
16.025641,1041166.56,16.025641,1144808.75,103642.18999999994,9.954429385438573
16.0,1039364.86,16.0,1142951.5,103586.64000000001,9.96634040523556
15.974441,1038170.05,15.974441,1142691.5,104521.44999999995,10.067854490697352
15.948963,1035761.03,15.948963,1142180.5,106419.46999999997,10.274519596474871
15.923567,1033447.41,15.923567,1141714.5,108267.08999999997,10.476303772438692
15.898251,1031827.47,15.898251,1141280.875,109453.40500000003,10.607723498580633
15.873016,1031351.39,15.873016,1141203.625,109852.23499999999,10.651290730310645
15.847861,1027765.69,15.847861,1140707.375,112941.68500000006,10.989049945810125
15.822785,1026480.43,15.822785,1139209.25,112728.81999999995,10.982072010861419
15.797788,1023606.5,15.797788,1138445.375,114838.875,11.219045111573637
15.772871,1022936.76,15.772871,1138347.25,115410.48999999999,11.282270274459586
15.748031,1020938.37,15.748031,1137730.625,116792.255,11.439696893750796
15.72327,1019499.84,15.72327,1136271.875,116772.03500000003,11.453855157054269
15.698587,1016807.73,15.698587,1134301.125,117493.39500000002,11.555124094109711
15.673981,1014179.48,15.673981,1132634.25,118454.77000000002,11.679862621554916
15.649452,1012700.31,15.649452,1130641.875,117941.56499999994,11.646245570913269
15.625,1011671.48,15.625,1129018.375,117346.89500000002,11.599308403949474
15.600624,1010867.31,15.600624,1126009.0,115141.68999999994,11.390386142766843
15.576324,1010489.91,15.576324,1123983.0,113493.08999999997,11.231491663286372
15.5521,1009535.96,15.5521,1122708.25,113172.29000000004,11.21032776286642
15.52795,1007870.66,15.52795,1122256.75,114386.08999999997,11.349282654978762
15.503876,1006478.87,15.503876,1120698.75,114219.88,11.348462784916688
15.479876,1005647.19,15.479876,1119613.375,113966.18500000006,11.332621035812775
15.455951,1004518.47,15.455951,1119268.25,114749.78000000003,11.423361882036875
15.432099,1003386.37,15.432099,1116528.75,113142.38,11.276053112023039
15.40832,1001303.75,15.40832,1116440.5,115136.75,11.498683591267884
15.384615,999242.81,15.384615,1110653.375,111410.56499999994,11.149498788988026
15.360983,997549.43,15.360983,1107873.75,110324.31999999995,11.059534162632918
15.337423,997119.72,15.337423,1107647.75,110528.03000000003,11.084730126488726
15.313936,996063.7,15.313936,1104986.25,108922.55000000005,10.935299619893794
15.29052,994630.54,15.29052,1104571.25,109940.70999999996,11.053421906791637
15.267176,993760.72,15.267176,1104035.875,110275.15500000003,11.096751238064636
15.243902,993111.53,15.243902,1102768.0,109656.46999999997,11.041707470660416
15.2207,992402.89,15.2207,1101264.625,108861.73499999999,10.969510074683477
15.197568,991410.45,15.197568,1100158.75,108748.30000000005,10.969049196526024
15.174507,990560.59,15.174507,1097616.375,107055.78500000003,10.80759582813607
15.151515,988808.83,15.151515,1096143.875,107335.04500000004,10.85498447662528
15.128593,987805.1,15.128593,1095123.125,107318.02500000002,10.864291447776491
15.10574,986256.66,15.10574,1094959.625,108702.96499999997,11.021772466408487
15.082956,985489.63,15.082956,1094417.625,108927.995,11.05318530850497
15.060241,983856.56,15.060241,1092180.625,108324.06499999994,11.010148166313993
15.037594,982957.0,15.037594,1091164.25,108207.25,11.008340141023464
15.015015,981488.81,15.015015,1090443.0,108954.18999999994,11.1009100552048
14.992504,980419.38,14.992504,1088374.0,107954.62,11.011065489137923
14.97006,979427.45,14.97006,1087735.25,108307.80000000005,11.058276955582576
14.947683,978627.65,14.947683,1086818.125,108190.47499999998,11.055325792194811
14.925373,977841.72,14.925373,1080390.875,102549.15500000003,10.487295939878699
14.90313,977356.68,14.90313,1079851.75,102495.06999999995,10.486966743809429
14.880952,974920.28,14.880952,1079384.875,104464.59499999997,10.715193554082184
14.858841,972739.94,14.858841,1078548.0,105808.06000000006,10.877322462980194
14.836795,971899.94,14.836795,1078528.75,106628.81000000006,10.97117157965871
14.814815,970501.37,14.814815,1071628.25,101126.88,10.420065661525033
14.792899,969542.37,14.792899,1071129.25,101586.88,10.477817488265108
14.771049,968797.39,14.771049,1069787.5,100990.10999999999,10.424275606275115
14.749263,967179.88,14.749263,1068499.875,101319.995,10.475817073448633
14.727541,966057.0,14.727541,1065058.625,99001.625,10.24801072814544
14.705882,965265.35,14.705882,1061274.0,96008.65000000002,9.946347913555586
14.684288,963988.1,14.684288,1061009.5,97021.40000000002,10.06458482215704
14.662757,962867.85,14.662757,1058249.625,95381.77500000002,9.906008908699155
14.641288,960765.88,14.641288,1057693.125,96927.245,10.088539468116831
14.619883,960084.44,14.619883,1056689.5,96605.06000000006,10.062142034090257
14.59854,958599.81,14.59854,1055418.375,96818.56499999994,10.099998350719467
14.577259,957351.97,14.577259,1055251.625,97899.65500000003,10.226088008154413
14.556041,955334.05,14.556041,1054628.75,99294.69999999995,10.393715161727979
14.534884,954075.34,14.534884,1053557.0,99481.66000000003,10.427023509485114
14.513788,951488.09,14.513788,1053062.875,101574.78500000003,10.675360634309152
14.492754,949958.87,14.492754,1050826.0,100867.13,10.61805233736067
14.47178,948720.69,14.47178,1050663.875,101943.18500000006,10.745331695042939
14.450867,948384.72,14.450867,1049472.375,101087.65500000003,10.658929110540713
14.430014,946767.56,14.430014,1046790.3125,100022.75249999994,10.564657760348267
14.409222,945900.13,14.409222,1043195.5,97295.37,10.286008735404232
14.388489,945247.8,14.388489,1042229.75,96981.94999999995,10.25994982479726
14.367816,944662.8,14.367816,1039920.75,95257.94999999995,10.083804506750974
14.347202,943293.76,14.347202,1038727.5625,95433.80249999999,10.117081925783118
14.326648,942189.38,14.326648,1038459.125,96269.745,10.217663990226677
14.306152,941279.28,14.306152,1038458.5625,97179.28249999997,10.324171004805287
14.285714,940613.04,14.285714,1036096.9375,95483.89749999996,10.151241099102768
14.265335,939990.26,14.265335,1034567.4375,94577.17749999999,10.061506116031456
14.245014,936875.76,14.245014,1033447.4375,96571.67749999999,10.307842472090428
14.224751,935675.65,14.224751,1032064.3125,96388.66249999998,10.301503784992159
14.204545,934272.41,14.204545,1029272.375,94999.96499999997,10.168336770214585
14.184397,932158.88,14.184397,1027927.0,95768.12,10.273797960279046
14.164306,930647.22,14.164306,1026199.5,95552.28000000003,10.267293335921643
14.144272,928946.89,14.144272,1026026.375,97079.48499999999,10.450488186682016
14.124294,927621.01,14.124294,1025645.75,98024.73999999999,10.56732641275557
14.104372,927435.27,14.104372,1024334.9375,96899.66749999998,10.448132676688044
14.084507,926271.67,14.084507,1024329.5,98057.82999999996,10.586292680202554
14.064698,925758.22,14.064698,1024262.5,98504.28000000003,10.640389452874642
14.044944,923723.35,14.044944,1023555.9375,99832.58750000002,10.807628442000523
14.025245,923176.38,14.025245,1021945.625,98769.245,10.698848794203334
14.005602,922402.44,14.005602,1021527.875,99125.43500000006,10.746441108720404
13.986014,921803.56,13.986014,1020686.3125,98882.75249999994,10.727095966086303
13.96648,920970.32,13.96648,1018931.125,97960.80500000005,10.636695110869594
13.947001,919483.45,13.947001,1018564.5625,99081.11250000005,10.775736365891094
13.927577,917987.91,13.927577,1015210.3125,97222.40249999997,10.590815133937872
13.908206,916615.28,13.908206,1012084.875,95469.59499999997,10.415448780212346
13.888889,914828.3,13.888889,1010693.25,95864.94999999995,10.479010104956302
13.869626,913959.72,13.869626,1008361.75,94402.03000000003,10.328904866835929
13.850416,912799.56,13.850416,1006895.1875,94095.62749999994,10.308465475158636
13.831259,911824.76,13.831259,1006188.625,94363.86499999999,10.348903554669867
13.812155,911531.16,13.812155,1005647.1875,94116.02749999997,10.325047747133512
13.793103,911134.59,13.793103,1003386.3125,92251.72250000003,10.124928140418863
13.774105,910167.61,13.774105,1003350.25,93182.64000000001,10.237964851331066
13.755158,909393.87,13.755158,1003276.3125,93882.4425,10.323628253619084
13.736264,908684.35,13.736264,1001275.875,92591.52500000002,10.18962470301156
13.717421,908239.13,13.717421,1001153.25,92914.12,10.230138399784646
13.69863,907822.06,13.69863,999947.25,92125.18999999994,10.147934717515009
13.679891,906334.22,13.679891,998971.25,92637.03000000003,10.22106723499859
13.661202,903800.8,13.661202,998520.5,94719.69999999995,10.48015226364039
13.642565,903427.9,13.642565,998400.375,94972.47499999998,10.512457607297714
13.623978,902562.88,13.623978,997119.6875,94556.8075,10.476478658196092
13.605442,901325.44,13.605442,996996.75,95671.31000000006,10.614513443668034
13.586957,900012.84,13.586957,996705.6875,96692.84750000003,10.743496448339563
13.568521,898981.36,13.568521,996552.75,97571.39000000001,10.853549844459513
13.550136,898185.87,13.550136,992319.625,94133.755,10.480431516919767
13.5318,897020.84,13.5318,991276.3125,94255.47250000003,10.507612342651932
13.513514,895950.57,13.513514,988274.4375,92323.86750000005,10.304571545727132
13.495277,895598.24,13.495277,985448.75,89850.51000000001,10.03245718749961
13.477089,894749.5,13.477089,985376.9375,90627.4375,10.128805604250129
13.45895,893727.26,13.45895,983856.625,90129.36499999999,10.084661063152533
13.44086,892751.08,13.44086,983853.125,91102.04500000004,10.204641253416355
13.422819,891564.65,13.422819,983773.0625,92208.41249999998,10.342313650501954
13.404826,890837.21,13.404826,983585.875,92748.66500000004,10.41140445850932
13.386881,890312.94,13.386881,980915.6875,90602.74750000006,10.1765057463952
13.368984,889180.94,13.368984,980833.6875,91652.74750000006,10.307547471721566
13.351135,888428.42,13.351135,980089.25,91660.82999999996,10.317187962087026
13.333333,887248.31,13.333333,979153.5625,91905.25249999994,10.358459009068154
13.315579,886663.62,13.315579,979107.375,92443.755,10.426023230771552
13.297872,886441.35,13.297872,978802.875,92361.52500000002,10.419361077864883
13.280212,885526.97,13.280212,978409.9375,92882.96750000003,10.489004925507805
13.262599,883348.13,13.262599,976470.4375,93122.3075,10.541971430901201
13.245033,882268.93,13.245033,973482.6875,91213.75749999995,10.338543543633566
13.227513,881619.81,13.227513,971795.875,90176.06499999994,10.228452670545133
13.21004,880093.79,13.21004,969231.9375,89138.14749999996,10.128255478316687
13.192612,879310.08,13.192612,968957.0625,89646.98250000004,10.195150099951094
13.175231,878600.5,13.175231,968526.6875,89926.1875,10.235162340563203
13.157895,878008.83,13.157895,966511.25,88502.42000000004,10.079900904869037
13.140604,876541.75,13.140604,965809.8125,89268.0625,10.184119866509496
13.12336,875825.41,13.12336,965474.0,89648.58999999997,10.23589735767086
13.10616,874006.98,13.10616,965273.5625,91266.58250000002,10.442317348541085
13.089005,873262.38,13.089005,964265.0,91002.62,10.42099397434251
13.071895,872369.97,13.071895,961313.75,88943.78000000003,10.195648985945725
13.05483,872057.2,13.05483,959827.375,87770.17500000005,10.064726832138998
13.03781,870845.09,13.03781,958599.875,87754.78500000003,10.076968453712018
13.020833,870444.97,13.020833,957191.1875,86746.21750000003,9.965732526434156
13.003901,868456.64,13.003901,956399.9375,87943.29749999999,10.126388981262206
12.987013,868105.25,12.987013,954085.1875,85979.9375,9.904321797385743
12.970169,867218.23,12.970169,953734.375,86516.14500000002,9.976283017020988
12.953368,866142.74,12.953368,950503.625,84360.88500000001,9.739836299961366
12.936611,865041.82,12.936611,948921.1875,83879.36750000005,9.696567906971255
12.919897,863720.56,12.919897,948609.9375,84889.37749999994,9.828338172244035
12.903226,863161.25,12.903226,948379.3125,85218.0625,9.872785936579058
12.886598,862866.53,12.886598,944940.125,82073.59499999997,9.511737000622793
12.870013,862364.1,12.870013,942189.5,79825.40000000002,9.256577355202985
12.85347,861957.2,12.85347,941587.875,79630.67500000005,9.238356034383152
12.83697,861077.95,12.83697,940344.0,79266.05000000005,9.205444176105084
12.820513,859217.46,12.820513,938108.125,78890.66500000004,9.181687834881759
12.804097,857747.28,12.804097,935539.9375,77792.65749999997,9.069414653229792
12.787724,856792.45,12.787724,933681.625,76889.17500000005,8.974072425591524
12.771392,856409.32,12.771392,933444.0,77034.68000000005,8.995077260485681
12.755102,855655.75,12.755102,932158.8125,76503.0625,8.940869327413507
12.738854,854879.07,12.738854,931254.9375,76375.86750000005,8.934113628492515
12.722646,853727.0,12.722646,931162.1875,77435.1875,9.070251672958687
12.70648,852730.0,12.70648,929137.625,76407.625,8.960353804838578
12.690355,852097.63,12.690355,926370.0625,74272.4325,8.716422846992309
12.674271,851213.17,12.674271,926125.9375,74912.76749999996,8.80070587958595
12.658228,849977.55,12.658228,922698.0625,72720.51249999995,8.555580379740611
12.642225,849156.69,12.642225,922320.0,73163.31000000006,8.615996418752829
12.626263,848813.07,12.626263,920410.3125,71597.24250000005,8.4349835117407
12.61034,847595.7,12.61034,916002.125,68406.42500000005,8.070643232380727
12.594458,846628.69,12.594458,915533.1875,68904.49750000006,8.13869153193947
12.578616,845975.6,12.578616,914486.75,68511.15000000002,8.098478253982742
12.562814,844499.06,12.562814,914296.1875,69797.12749999994,8.264914764973206
12.547051,843616.91,12.547051,913726.125,70109.21499999997,8.310551171858322
12.531328,841927.35,12.531328,913528.875,71601.52500000002,8.504477850731423
12.515645,839903.31,12.515645,913473.125,73569.81499999994,8.75931956977285
12.5,838849.47,12.5,913465.25,74615.78000000003,8.895014262809276
12.484395,838553.5,12.484395,913217.6875,74664.1875,8.903926523471668
12.468828,837706.92,12.468828,912794.9375,75088.01749999996,8.96351882827946
12.4533,837345.79,12.4533,912395.5,75049.70999999996,8.962809737181573
12.437811,836194.47,12.437811,912295.375,76100.90500000003,9.100862027944293
12.42236,835286.07,12.42236,911837.1875,76551.11750000005,9.164658701898388
12.406948,834947.31,12.406948,911656.8125,76709.50249999994,9.187346504535709
12.391574,834277.78,12.391574,911554.3125,77276.53249999997,9.262686164313278
12.376238,833444.78,12.376238,910260.0,76815.21999999997,9.216593809610274
12.360939,832116.54,12.360939,910013.625,77897.08499999996,9.361319148877866
12.345679,831575.04,12.345679,908780.9375,77205.89749999996,9.284297121279634
12.330456,831213.69,12.330456,907185.25,75971.56000000006,9.139835028463025
12.315271,830039.03,12.315271,906334.375,76295.34499999997,9.191778005908947
12.300123,829600.9,12.300123,905378.375,75777.47499999998,9.134208388636027
12.285012,829381.71,12.285012,903727.5625,74345.85250000004,8.96400916533354
12.269939,828072.2,12.269939,903566.1875,75493.98750000005,9.116836370065322
12.254902,827692.48,12.254902,900553.125,72860.64500000002,8.802864199031992
12.239902,827053.97,12.239902,900446.875,73392.90500000003,8.874016407901413
12.224939,826110.03,12.224939,899061.75,72951.71999999997,8.830751032038672
12.210012,825380.33,12.210012,898606.0,73225.67000000004,8.871748857887132
12.195122,824532.99,12.195122,898273.375,73740.38500000001,8.94329103799716
12.180268,823510.27,12.180268,897034.3125,73524.04249999998,8.928126967985472
12.16545,822541.06,12.16545,896812.0,74270.93999999994,9.029450760792407
12.150668,821559.06,12.150668,895950.5625,74391.50249999994,9.054918401118957
12.135922,820367.19,12.135922,895929.5,75562.31000000006,9.210791328697587
12.121212,820216.22,12.121212,894493.875,74277.65500000003,9.055862733365604
12.106538,819747.92,12.106538,892356.3125,72608.39249999996,8.85740490808442
12.091898,819125.22,12.091898,891699.125,72573.90500000003,8.859928033957987
12.077295,818658.91,12.077295,890804.0625,72145.15249999997,8.812602125102378
12.062726,818014.25,12.062726,890185.375,72171.125,8.82272222030362
12.048193,816447.35,12.048193,889092.6875,72645.33750000002,8.897736945315584
12.033694,815168.44,12.033694,887474.6875,72306.24750000006,8.870098982242254
12.019231,814584.99,12.019231,885958.25,71373.26000000001,8.76191691182525
12.004802,813303.04,12.004802,885714.375,72411.33499999996,8.903364605645635
11.990408,812370.58,11.990408,885186.25,72815.67000000004,8.963356353943794
11.976048,811866.63,11.976048,883348.125,71481.495,8.804585920719514
11.961722,811242.81,11.961722,882844.75,71601.93999999994,8.826203341019434
11.947431,809403.71,11.947431,880827.875,71424.16500000004,8.824294244957196
11.933174,808767.07,11.933174,879924.5,71157.43000000005,8.798260047852846
11.918951,808143.64,11.918951,878600.5625,70456.92249999999,8.718366267165077
11.904762,807826.47,11.904762,878341.5,70515.03000000003,8.728982351865746
11.890606,806313.19,11.890606,877084.5625,70771.37250000006,8.777156739802317
11.876485,805866.1,11.876485,876303.125,70437.02500000002,8.740537044553683
11.862396,805355.24,11.862396,875827.5,70472.26000000001,8.75045650662185
11.848341,804575.85,11.848341,873204.75,68628.90000000002,8.529823508871168
11.83432,803442.21,11.83432,872841.6875,69399.47750000004,8.637768421452495
11.820331,802875.62,11.820331,872687.8125,69812.1925,8.695268701769772
11.806375,801882.91,11.806375,870618.5,68735.58999999997,8.571773901503894
11.792453,801096.29,11.792453,870445.0625,69348.77249999996,8.656733699266034
11.778563,800334.95,11.778563,870107.6875,69772.73750000005,8.717942094119474
11.764706,799878.01,11.764706,867906.25,68028.23999999999,8.504826879788832
11.750881,798221.89,11.750881,867826.0625,69604.17249999999,8.71990274533814
11.737089,797335.12,11.737089,867103.9375,69768.8175,8.750250145760544
11.723329,796725.12,11.723329,866591.625,69866.505,8.769210766192487
11.709602,796232.79,11.709602,865316.5,69083.70999999996,8.676320652406185
11.695906,795961.12,11.695906,864467.375,68506.255,8.606733831421314
11.682243,795683.31,11.682243,863692.75,68009.43999999994,8.547300055847588
11.668611,795151.79,11.668611,863470.75,68318.95999999996,8.591939408197769
11.655012,795048.88,11.655012,863008.125,67959.245,8.547807148662356
11.641444,794451.84,11.641444,860712.0,66260.16000000003,8.340362079090916
11.627907,794033.48,11.627907,859088.125,65054.64500000002,8.192934761390669
11.614402,793260.83,11.614402,856667.25,63406.42000000004,7.9931363811320475
11.600928,792475.38,11.600928,855655.875,63180.494999999995,7.972549885398332
11.587486,791104.52,11.587486,854978.0,63873.47999999998,8.073962211718873
11.574074,789945.08,11.574074,853712.1875,63767.10750000004,8.072346940878477
11.560694,789301.72,11.560694,853408.0625,64106.34250000003,8.121905841026171
11.547344,788278.37,11.547344,851196.3125,62917.942500000005,7.981690846090323
11.534025,787070.45,11.534025,850526.5625,63456.11250000005,8.062316721457407
11.520737,786133.34,11.520737,850243.4375,64110.09750000003,8.155117489356199
11.50748,785153.71,11.50748,850179.6875,65025.97750000004,8.281942334578034
11.494253,783902.77,11.494253,849790.0625,65887.29249999998,8.405033764582818
11.481056,783266.08,11.481056,848271.25,65005.17000000004,8.299244874742955
11.46789,783104.53,11.46789,848221.875,65117.34499999997,8.31528135841584
11.454754,782481.13,11.454754,847217.4375,64736.307499999995,8.273210051723547
11.441648,781472.81,11.441648,846757.375,65284.564999999944,8.354041774018976
11.428571,781103.35,11.428571,843422.5625,62319.21250000002,7.978356833317898
11.415525,780406.53,11.415525,840415.0,60008.46999999997,7.689385940940291
11.402509,779608.15,11.402509,839820.8125,60212.66249999998,7.723452159908792
11.389522,779234.54,11.389522,837918.8125,58684.27249999996,7.531015308946644
11.376564,778980.8,11.376564,836790.8125,57810.01249999995,7.421237147308374
11.363636,778027.01,11.363636,834832.0625,56805.05249999999,7.301167153567071
11.350738,777474.87,11.350738,834588.6875,57113.817500000005,7.346066053556176
11.337868,776652.13,11.337868,831737.125,55084.994999999995,7.0926213773468945
11.325028,775551.81,11.325028,831234.75,55682.939999999944,7.179783385458148
11.312217,774593.99,11.312217,830119.875,55525.88500000001,7.1683857242424525
11.299435,773288.07,11.299435,829779.25,56491.18000000005,7.3053215472469475
11.286682,772233.46,11.286682,829467.75,57234.29000000004,7.41152681988165
11.273957,771730.19,11.273957,827053.9375,55323.747500000056,7.168793992625851
11.261261,769947.32,11.261261,826618.0,56670.68000000005,7.360332132852941
11.248594,769577.73,11.248594,824025.5625,54447.83250000002,7.075027041128129
11.235955,768376.48,11.235955,822799.9375,54423.45750000002,7.082915591065466
11.223345,767442.37,11.223345,822570.0625,55127.692500000005,7.183300617087379
11.210762,765726.31,11.210762,822418.8125,56692.502499999944,7.403755331327187
11.198208,765404.34,11.198208,820639.5625,55235.22250000003,7.216476261422823
11.185682,764918.54,11.185682,820509.5625,55591.02249999996,7.267574204698968
11.173184,762781.86,11.173184,820184.25,57402.390000000014,7.525400512277522
11.160714,762173.91,11.160714,819912.125,57738.21499999997,7.575464633786791
11.148272,761489.7,11.148272,818558.375,57068.67500000005,7.494346279404705
11.135857,760604.24,11.135857,817042.875,56438.63500000001,7.420236705490889
11.123471,760343.72,11.123471,816990.75,56647.03000000003,7.450187133787339
11.111111,759359.65,11.111111,816072.5,56712.84999999998,7.468509816132577
11.098779,759012.85,11.098779,815052.3125,56039.46250000002,7.3832033937238375
11.086475,757971.09,11.086475,813096.625,55125.53500000003,7.272775403610715
11.074197,757196.78,11.074197,812330.875,55134.09499999997,7.2813430347656745
11.061947,756619.03,11.061947,811838.4375,55219.40749999997,7.298178516604318
11.049724,756102.94,11.049724,811164.75,55061.810000000056,7.28231661154499
11.037528,755318.83,11.037528,809039.5,53720.67000000004,7.112317059538956
11.025358,755003.66,11.025358,808388.6875,53385.02749999997,7.070830292398843
11.013216,753643.8,11.013216,806751.25,53107.44999999995,7.0467573673398425
11.0011,753127.57,11.0011,804346.125,51218.55500000005,6.8007807760908365
10.989011,752703.78,10.989011,804161.5,51457.71999999997,6.8363838959331344
10.976948,751869.47,10.976948,801315.1875,49445.71750000003,6.576369898354834
10.964912,751514.56,10.964912,801147.625,49633.064999999944,6.604404976531651
10.952903,751021.75,10.952903,799978.625,48956.875,6.518702687372237
10.940919,750535.37,10.940919,798843.375,48308.005000000005,6.436472807404134
10.928962,750171.31,10.928962,797785.875,47614.564999999944,6.347158890947181
10.917031,749939.44,10.917031,797491.75,47552.310000000056,6.340820000078947
10.905125,749193.72,10.905125,797347.8125,48154.09250000003,6.427455438361126
10.893246,748823.74,10.893246,797037.0625,48213.32250000001,6.438540864102412
10.881393,747654.44,10.881393,795926.625,48272.185000000056,6.456483425685275
10.869565,746876.72,10.869565,795424.625,48547.90500000003,6.500122938629019
10.857763,746171.86,10.857763,795358.25,49186.390000000014,6.591831270613718
10.845987,745668.46,10.845987,795174.375,49505.91500000004,6.639132222382055
10.834236,744844.83,10.834236,794784.9375,49940.10750000004,6.704766615618456
10.822511,744563.72,10.822511,794344.5,49780.78000000003,6.685899226999675
10.810811,743610.25,10.810811,794037.25,50427.0,6.7813750550103356
10.799136,743030.18,10.799136,794033.4375,51003.25749999995,6.8642242095738215
10.787487,742796.72,10.787487,793128.375,50331.65500000003,6.775966242823478
10.775862,741671.09,10.775862,791104.5,49433.41000000003,6.6651391252152
10.764263,741155.08,10.764263,790506.375,49351.29500000004,6.658700227758008
10.752688,740662.21,10.752688,788089.8125,47427.60250000004,6.403405204107826
10.741139,740277.02,10.741139,786986.4375,46709.41749999998,6.309721393215742
10.729614,739973.43,10.729614,784810.5625,44837.13249999995,6.0592895207061614
10.718114,739417.77,10.718114,784709.1875,45291.41749999998,6.125281179001146
10.706638,738872.69,10.706638,784581.4375,45708.747500000056,6.186281901960683
10.695187,738529.03,10.695187,784112.75,45583.71999999997,6.172231306872253
10.683761,737943.73,10.683761,783938.375,45994.64500000002,6.232811951664664
10.672359,737421.56,10.672359,783585.3125,46163.752499999944,6.260157690534562
10.660981,737093.02,10.660981,783527.75,46434.72999999998,6.2997109917008824
10.649627,736627.32,10.649627,782461.9375,45834.61750000005,6.2222261183579315
10.638298,736102.94,10.638298,782135.6875,46032.747500000056,6.253574737794154
10.626993,735617.02,10.626993,781700.3125,46083.29249999998,6.264576708679195
10.615711,735402.2,10.615711,781611.75,46209.55000000005,6.2835751647193945
10.604454,734756.59,10.604454,780406.5,45649.91000000003,6.212929645176784
10.59322,733500.11,10.59322,780001.5625,46501.452500000014,6.339665375101309
10.582011,732951.22,10.582011,778168.0,45216.78000000003,6.169139059486118
10.570825,732493.53,10.570825,777823.375,45329.84499999997,6.18842940496689
10.559662,731604.91,10.559662,777593.875,45988.96499999997,6.286038320874578
10.548523,731370.03,10.548523,777304.125,45934.09499999997,6.2805547282269645
10.537408,730075.93,10.537408,776256.4375,46180.50749999995,6.32543898550387
10.526316,729561.44,10.526316,776038.3125,46476.872500000056,6.370522063227472
10.515247,728776.96,10.515247,774226.4375,45449.47750000004,6.236404276556717
10.504202,727645.4,10.504202,774197.1875,46551.78749999998,6.39759249491579
10.493179,727299.69,10.493179,773354.75,46055.060000000056,6.332335986558727
10.48218,726387.66,10.48218,772567.75,46180.08999999997,6.357499244962389
10.471204,725556.25,10.471204,771331.4375,45775.1875,6.308978456184479
10.460251,724843.35,10.460251,770184.625,45341.27500000002,6.255320546156631
10.449321,724504.81,10.449321,770155.0,45650.189999999944,6.300881563505416
10.438413,724134.87,10.438413,770052.375,45917.505000000005,6.341015590093045
10.427529,723660.45,10.427529,769290.3125,45629.86250000005,6.305424387915639
10.416667,723093.12,10.416667,767442.375,44349.255000000005,6.133270221130026
10.405827,721866.29,10.405827,767260.375,45394.08499999996,6.288433970230132
10.39501,720771.41,10.39501,766283.5625,45512.15249999997,6.314367061257323
10.384216,720569.79,10.384216,766208.5,45638.70999999996,6.333697392448268
10.373444,720161.22,10.373444,765726.3125,45565.09250000003,6.327068333393463
10.362694,719128.03,10.362694,765406.6875,46278.65749999997,6.435385017602495
10.351967,718143.78,10.351967,765282.5,47138.71999999997,6.563966898104996
10.341262,717599.44,10.341262,762261.0,44661.560000000056,6.223745102142229
10.330579,716413.62,10.330579,760777.8125,44364.192500000005,6.192538955359336
10.319917,715466.72,10.319917,759952.8125,44486.09250000003,6.217772435313278
10.309278,715037.69,10.309278,759814.625,44776.935000000056,6.262178291608665
10.298661,714085.16,10.298661,758911.3125,44826.15249999997,6.277423899972934
10.288066,713692.7,10.288066,758116.6875,44423.98750000005,6.224525975955765
10.277492,713347.47,10.277492,758090.125,44742.65500000003,6.27221051194028
10.26694,712573.0,10.26694,756960.0625,44387.0625,6.229124945795028
10.25641,711974.72,10.25641,755737.25,43762.53000000003,6.1466409930959385
10.245902,711636.81,10.245902,753812.75,42175.939999999944,5.926610232542629
10.235415,711037.21,10.235415,753083.5,42046.29000000004,5.913374069410522
10.224949,710997.97,10.224949,753060.375,42062.40500000003,5.915966961199627
10.214505,710442.77,10.214505,751746.25,41303.47999999998,5.813765970199117
10.204082,710014.63,10.204082,750535.375,40520.744999999995,5.707029586136837
10.19368,708614.87,10.19368,750437.625,41822.755000000005,5.902043094297472
10.183299,707628.77,10.183299,750425.625,42796.85499999998,6.04792467666344
10.17294,706809.13,10.17294,749207.25,42398.119999999995,5.998524665350601
10.162602,706443.66,10.162602,748661.25,42217.58999999997,5.976073166259283
10.152284,705645.93,10.152284,748211.3125,42565.38249999995,6.032116205927801
10.141988,704887.22,10.141988,748178.375,43291.15500000003,6.141571838967378
10.131712,704258.88,10.131712,747402.4375,43143.557499999995,6.126093504138705
10.121457,703631.46,10.121457,745277.0,41645.54000000004,5.9186580429476585
10.111223,702312.93,10.111223,742987.375,40674.44499999995,5.79149881235989
10.10101,701644.12,10.10101,742655.5,41011.380000000005,5.845040075301993
10.090817,701000.1,10.090817,742341.75,41341.65000000002,5.897524123035079
10.080645,700681.73,10.080645,742026.6875,41344.95750000002,5.900675831807405
10.070493,699591.07,10.070493,741975.0,42383.93000000005,6.058386365623571
10.060362,699287.42,10.060362,741524.25,42236.82999999996,6.039981385622518
10.050251,698709.54,10.050251,741196.5,42486.95999999996,6.0807757111774885
10.040161,698091.55,10.040161,741126.125,43034.57499999995,6.16460333891736
10.03009,697193.01,10.03009,741111.4375,43918.42749999999,6.299321259689622
10.02004,696723.23,10.02004,740937.0,44213.77000000002,6.345958925468873
10.01001,696349.14,10.01001,739106.875,42757.734999999986,6.140272536273971
10.0,696022.82,10.0,738968.5,42945.68000000005,6.170154018800713
9.99001,695535.27,9.99001,738758.5625,43223.29249999998,6.214392621671074
9.98004,694553.85,9.98004,738487.875,43934.02500000002,6.325503054946716
9.97009,693995.28,9.97009,738423.625,44428.34499999997,6.401822358215457
9.960159,693357.81,9.960159,737983.875,44626.064999999944,6.436224465402638
9.950249,692760.31,9.950249,737607.5,44847.189999999944,6.473695064891917
9.940358,691561.75,9.940358,736373.625,44811.875,6.479808202232122
9.930487,691357.47,9.930487,735508.25,44150.78000000003,6.386100087990664
9.920635,690295.02,9.920635,734279.125,43984.10499999998,6.371783617966703
9.910803,689542.35,9.910803,733017.0,43474.65000000002,6.30485567710236
9.90099,689193.44,9.90099,732869.375,43675.935000000056,6.33725344222662
9.891197,688486.31,9.891197,731524.8125,43038.502499999944,6.25117767410654
9.881423,687775.18,9.881423,731096.9375,43321.75749999995,6.298825366161068
9.871668,687093.94,9.871668,730433.75,43339.810000000056,6.307697896447764
9.861933,686166.32,9.861933,730329.625,44163.30500000005,6.436239103079274
9.852217,686039.63,9.852217,729561.375,43521.744999999995,6.343911211076829
9.84252,685498.64,9.84252,729222.5625,43723.922499999986,6.378411268620458
9.832842,684422.66,9.832842,728664.4375,44241.77749999997,6.464101802240149
9.823183,684122.85,9.823183,727764.5,43641.65000000002,6.379212447004222
9.813543,682409.64,9.813543,726418.375,44008.734999999986,6.449020122283147
9.803922,682079.0,9.803922,724486.0,42407.0,6.217315003100814
9.794319,681473.58,9.794319,724099.4375,42625.85750000004,6.254953787056579
9.784736,680929.0,9.784736,723830.5625,42901.5625,6.300445788033701
9.775171,680033.46,9.775171,722002.6875,41969.22750000004,6.171641539520723
9.765625,679753.06,9.765625,721860.0,42106.939999999944,6.194446553870598
9.756098,679298.25,9.756098,721261.75,41963.5,6.177478007635085
9.746589,678662.28,9.746589,721088.75,42426.46999999997,6.2514849064544995
9.737098,677798.0,9.737098,720652.0,42854.0,6.322532671976017
9.727626,677252.72,9.727626,719716.375,42463.65500000003,6.26998663069231
9.718173,676774.0,9.718173,718388.0,41614.0,6.1488768776578295
9.708738,676072.73,9.708738,717179.9375,41107.20750000002,6.080293683787544
9.699321,675872.19,9.699321,717058.25,41186.060000000056,6.09376456220222
9.689922,675559.17,9.689922,715681.75,40122.57999999996,5.939165920877064
9.680542,674587.26,9.680542,714825.0625,40237.80249999999,5.964803204258555
9.67118,673982.9,9.67118,713899.875,39916.97499999998,5.922550112176433
9.661836,673456.16,9.661836,713872.375,40416.21499999997,6.001313433676212
9.65251,673347.91,9.65251,713486.25,40138.33999999997,5.961010556934819
9.643202,672844.38,9.643202,713269.6875,40425.307499999995,6.008121447042479
9.633911,672220.41,9.633911,713172.3125,40951.90249999997,6.092034977039743
9.624639,671417.38,9.624639,711474.1875,40056.807499999995,5.966006941911452
9.615385,670282.35,9.615385,711171.75,40889.40000000002,6.100324736284646
9.606148,669930.42,9.606148,710286.25,40355.82999999996,6.0238837937826375
9.596929,669498.75,9.596929,709141.125,39642.375,5.921202242722634
9.587728,669190.03,9.587728,708311.625,39121.59499999997,5.8461114550675495
9.578544,668553.7,9.578544,707188.1875,38634.48750000005,5.778815897660883
9.569378,668271.21,9.569378,704927.5625,36656.35250000004,5.485250890877079
9.560229,667439.31,9.560229,703307.75,35868.439999999944,5.3740376784220185
9.551098,667262.84,9.551098,701644.0625,34381.22250000003,5.152575632714694
9.541985,666533.05,9.541985,701454.4375,34921.38749999995,5.239258203325394
9.532888,665787.84,9.532888,699846.0,34058.16000000003,5.1154674137635245
9.52381,665152.5,9.52381,699339.4375,34186.9375,5.139714200878745
9.514748,664783.5,9.514748,698219.25,33435.75,5.029569777228225
9.505703,664025.86,9.505703,698010.125,33984.265000000014,5.117912877670158
9.496676,663446.22,9.496676,697916.125,34469.90500000003,5.195583901284422
9.487666,662809.03,9.487666,697315.3125,34506.28249999997,5.206067047698486
9.478673,661928.87,9.478673,696391.1875,34462.317500000005,5.206347549095419
9.469697,661238.71,9.469697,696378.375,35139.66500000004,5.314217765623558
9.460738,660179.65,9.460738,696094.9375,35915.28749999998,5.440229413311964
9.451796,659791.37,9.451796,695160.625,35369.255000000005,5.360672571391772
9.442871,659738.12,9.442871,694967.3125,35229.192500000005,5.3398752371622855
9.433962,659371.58,9.433962,694553.8125,35182.23250000004,5.335721703383098
9.425071,658461.31,9.425071,694010.25,35548.939999999944,5.39878949000055
9.416196,658223.22,9.416196,693995.3125,35772.09250000003,5.434644572399015
9.407338,656995.42,9.407338,693990.125,36994.70499999996,5.6308923736485035
9.398496,656620.59,9.398496,693901.5625,37280.97250000003,5.677703847209548
9.389671,656400.12,9.389671,693530.5,37130.380000000005,5.656668679463374
9.380863,656313.4,9.380863,693357.75,37044.34999999998,5.644308039421407
9.372071,656103.22,9.372071,692873.5625,36770.34250000003,5.6043533058716015
9.363296,655633.95,9.363296,691923.125,36289.17500000005,5.534974965832696
9.354537,655065.7,9.354537,691872.875,36807.17500000005,5.618852429611267
9.345794,654697.16,9.345794,690143.5625,35446.40249999997,5.41416775047565
9.337068,653812.63,9.337068,690105.125,36292.494999999995,5.550901486867881
9.328358,653108.67,9.328358,689838.75,36730.07999999996,5.6238849194882
9.319664,652704.19,9.319664,689193.4375,36489.247500000056,5.5904723853542375
9.310987,651622.61,9.310987,688181.375,36558.765000000014,5.6104199637885515
9.302326,651056.88,9.302326,688117.875,37060.994999999995,5.6924358129815005
9.29368,650826.53,9.29368,687119.1875,36292.65749999997,5.576394911252307
9.285051,649277.09,9.285051,687116.1875,37839.09750000003,5.827881205542003
9.276438,648230.9,9.276438,686173.0625,37942.16249999998,5.853186341471838
9.267841,647904.85,9.267841,686088.8125,38183.96250000002,5.893452178973506
9.259259,647273.1,9.259259,686064.625,38791.52500000002,5.993069231519126
9.250694,646575.83,9.250694,685380.1875,38804.35750000004,6.001516867712183
9.242144,646344.63,9.242144,684122.875,37778.244999999995,5.8449073832329965
9.23361,645921.38,9.23361,683846.5,37925.119999999995,5.871476184918975
9.225092,645486.52,9.225092,681575.0,36088.47999999998,5.590895995783147
9.21659,644916.06,9.21659,681473.5625,36557.502499999944,5.668567549705607
9.208103,644809.06,9.208103,681366.4375,36557.377499999944,5.669488809602015
9.199632,644226.72,9.199632,680265.4375,36038.71750000003,5.59410474312522
9.191176,643593.81,9.191176,679958.0,36364.189999999944,5.650177089179889
9.182736,643357.2,9.182736,679666.25,36309.05000000005,5.643684410464365
9.174312,642951.09,9.174312,678763.125,35812.03500000003,5.569947007944264
9.165903,642360.83,9.165903,676876.625,34515.79500000004,5.373272059568148
9.157509,641880.78,9.157509,676801.5,34920.71999999997,5.440374768660306
9.149131,641583.03,9.149131,676458.9375,34875.90749999997,5.435914896315131
9.140768,641196.13,9.140768,675779.75,34583.619999999995,5.393610220323693
9.13242,640465.91,9.13242,675286.0625,34820.15249999997,5.436691002023818
9.124088,640059.41,9.124088,675100.9375,35041.52749999997,5.474730462911242
9.11577,639444.11,9.11577,673987.0,34542.890000000014,5.402018637719568
9.107468,639137.25,9.107468,673701.625,34564.375,5.407973795925679
9.099181,638976.94,9.099181,673375.125,34398.185000000056,5.383321814399133
9.090909,638397.61,9.090909,673361.625,34964.015000000014,5.476839896064149
9.082652,637555.26,9.082652,672348.125,34792.86499999999,5.457231268078627
9.07441,636956.03,9.07441,672276.75,35320.71999999997,5.545236772466064
9.066183,636564.39,9.066183,671912.75,35348.359999999986,5.552990483806357
9.057971,636065.15,9.057971,670840.8125,34775.66249999998,5.467311406701024
9.049774,635556.74,9.049774,670729.625,35172.88500000001,5.534184878599511
9.041591,635363.29,9.041591,670145.0625,34781.77249999996,5.4743125779268675
9.033424,634580.18,9.033424,669501.6875,34921.50749999995,5.503088277985603
9.025271,634130.0,9.025271,668879.0625,34749.0625,5.479801066027471
9.017133,633819.38,9.017133,668532.875,34713.494999999995,5.47687497343486
9.009009,632675.44,9.009009,667399.6875,34724.247500000056,5.488477235658153
9.0009,632240.21,9.0009,667080.75,34840.54000000004,5.510649188225475
8.992806,631687.61,8.992806,666540.375,34852.765000000014,5.5174051933676544
8.984726,631520.44,8.984726,665810.375,34289.935000000056,5.429742701598076
8.976661,631143.16,8.976661,664531.875,33388.71499999997,5.290196759796932
8.96861,630342.25,8.96861,664060.375,33718.125,5.349177371499372
8.960573,629912.03,8.960573,663981.1875,34069.15749999997,5.40855800134504
8.952551,629578.46,8.952551,663927.5625,34349.10250000004,5.455889088073318
8.944544,629433.6,8.944544,663569.3125,34135.71250000002,5.4232428170342395
8.93655,628100.48,8.93655,662882.0,34781.52000000002,5.53757258711218
8.928571,627539.41,8.928571,662679.25,35139.83999999997,5.5996228189078945
8.920607,627385.61,8.920607,661583.5625,34197.952500000014,5.4508665731112345
8.912656,626840.35,8.912656,660937.9375,34097.58750000002,5.4395967809028285
8.90472,626408.76,8.90472,659581.25,33172.48999999999,5.295661893361771
8.896797,625831.41,8.896797,657638.4375,31807.027499999967,5.0823635553862605
8.888889,625197.13,8.888889,656815.875,31618.744999999995,5.05740405430204
8.880995,624703.09,8.880995,656634.3125,31931.222500000033,5.111423812550701
8.873114,624365.19,8.873114,655762.75,31397.560000000056,5.028717247993928
8.865248,623965.74,8.865248,652939.6875,28973.94750000001,4.6435157641828235
8.857396,623819.44,8.857396,651589.875,27770.435000000056,4.4516783574426695
8.849558,623304.04,8.849558,651167.875,27863.834999999963,4.470344039483518
8.841733,622963.56,8.841733,651056.875,28093.314999999944,4.509624126329306
8.833922,622661.32,8.833922,651045.25,28383.93000000005,4.558486144602663
8.826125,621498.03,8.826125,650886.75,29388.719999999972,4.728690773163025
8.818342,621174.1,8.818342,650536.3125,29362.212500000023,4.726889369663034
8.810573,620406.78,8.810573,650452.75,30045.969999999972,4.842946751806931
8.802817,620075.6,8.802817,650380.25,30304.650000000023,4.887250844896981
8.795075,619469.91,8.795075,650053.75,30583.839999999967,4.937098558992149
8.787346,619134.77,8.787346,649594.8125,30460.04249999998,4.919775786457604
8.779631,618709.46,8.779631,645417.75,26708.290000000037,4.3167741446849766
8.77193,618589.0,8.77193,644801.9375,26212.9375,4.237536959111785
8.764242,617508.37,8.764242,643497.125,25988.755000000005,4.208648216379643
8.756567,617238.3,8.756567,643274.625,26036.324999999953,4.218196602511534
8.748906,616987.9,8.748906,643014.75,26026.849999999977,4.21837284005083
8.741259,616461.97,8.741259,642771.25,26309.280000000028,4.267786381047971
8.733624,615346.75,8.733624,642746.9375,27400.1875,4.452804455374144
8.726003,614757.25,8.726003,642264.875,27507.625,4.474550727136606
8.718396,614620.05,8.718396,642025.875,27405.824999999953,4.45898649092231
8.710801,614139.7,8.710801,641870.875,27731.175000000047,4.515450637696936
8.70322,613757.99,8.70322,641817.75,28059.76000000001,4.571795472674825
8.695652,613457.15,8.695652,641752.125,28294.974999999977,4.612380017088394
8.688097,612524.65,8.688097,641409.4375,28884.787499999977,4.7156938908499395
8.680556,612055.45,8.680556,640591.0,28535.550000000047,4.662249147524141
8.673027,611732.72,8.673027,640059.375,28326.655000000028,4.6305607128551225
8.665511,611159.97,8.665511,639849.5,28689.530000000028,4.6942750520784315
8.658009,610998.11,8.658009,639137.25,28139.140000000014,4.605438141208
8.650519,610821.58,8.650519,638292.1875,27470.607500000042,4.497321050772313
8.643042,610251.12,8.643042,637149.3125,26898.192500000005,4.4077252164649865
8.635579,609789.97,8.635579,636811.25,27021.280000000028,4.431243760864094
8.628128,609052.73,8.628128,636808.6875,27755.95750000002,4.557233903212292
8.62069,608591.43,8.62069,635691.25,27099.81999999995,4.452875716636355
8.613264,607638.43,8.613264,634091.75,26453.31999999995,4.35346395059311
8.605852,607179.81,8.605852,633580.5625,26400.752499999944,4.348094594910846
8.598452,606451.44,8.598452,632279.5,25828.060000000056,4.258883448277418
8.591065,606142.78,8.591065,632144.4375,26001.657499999972,4.289691861049631
8.583691,605650.33,8.583691,632087.875,26437.545000000042,4.3651499372583595
8.576329,604887.6,8.576329,631326.5,26438.900000000023,4.3708781598432545
8.56898,604377.01,8.56898,630200.5,25823.48999999999,4.272745252172975
8.561644,603557.07,8.561644,630098.0625,26540.99250000005,4.397428813152674
8.55432,602864.08,8.55432,629977.75,27113.670000000042,4.497476446100428
8.547009,602524.81,8.547009,629924.5,27399.689999999944,4.5474791320211265
8.53971,602018.88,8.53971,629787.25,27768.369999999995,4.612541387406321
8.532423,601659.85,8.532423,627926.6875,26266.837500000023,4.3657288250163315
8.525149,600574.11,8.525149,626842.5,26268.390000000014,4.3738798530626
8.517888,600304.49,8.517888,626092.625,25788.13500000001,4.295842431563357
8.510638,599906.53,8.510638,625642.0625,25735.532499999972,4.289923715282774
8.503401,599442.53,8.503401,625299.375,25856.844999999972,4.313481894586286
8.496177,599278.81,8.496177,624579.3125,25300.502499999944,4.2218249799287815
8.488964,598890.13,8.488964,624365.1875,25475.057499999995,4.2537113610471415
8.481764,598462.63,8.481764,623992.25,25529.619999999995,4.265867026651271
8.474576,598178.5,8.474576,623886.875,25708.375,4.2977764998240495
8.467401,597730.81,8.467401,623819.4375,26088.627499999944,4.364611471173778
8.460237,597537.87,8.460237,623196.3125,25658.442500000005,4.294027841281425
8.453085,597077.48,8.453085,622521.0,25443.52000000002,4.261343100731252
8.445946,596586.11,8.445946,620648.625,24062.515000000014,4.033368292801858
8.438819,596071.54,8.438819,619926.625,23855.084999999963,4.002050659892261
8.431703,595404.41,8.431703,619232.0,23827.589999999967,4.001916949187522
8.4246,595374.15,8.4246,619062.5,23688.349999999977,3.978733372955473
8.417508,595048.22,8.417508,618332.9375,23284.717500000028,3.9130807752017187
8.410429,594734.69,8.410429,617461.875,22727.185000000056,3.8213989165488327
8.403361,594414.86,8.403361,617005.25,22590.390000000014,3.8004416645976877
8.396306,594406.38,8.396306,614347.0,19940.619999999995,3.354711636843467
8.389262,594253.59,8.389262,614089.75,19836.160000000033,3.3379958209423752
8.38223,593811.93,8.38223,611502.75,17690.81999999995,2.979195786787232
8.375209,593415.38,8.375209,611363.25,17947.869999999995,3.024503679024968
8.368201,593356.69,8.368201,610821.625,17464.935000000056,2.943412502857271
8.361204,592879.28,8.361204,607876.0,14996.719999999972,2.529472779011601
8.354219,592170.61,8.354219,607432.8125,15262.202500000014,2.577331978701208
8.347245,591819.27,8.347245,607127.0,15307.729999999981,2.586554844691012
8.340284,591624.31,8.340284,607101.375,15477.064999999944,2.6160292500488938
8.333333,591040.97,8.333333,604611.875,13570.905000000028,2.296102248207942
8.326395,590577.09,8.326395,604588.125,14011.035000000033,2.372431175750491
8.319468,589813.97,8.319468,602659.625,12845.655000000028,2.1779163691222894
8.312552,589348.56,8.312552,602524.8125,13176.252499999944,2.235731686525194
8.305648,588889.97,8.305648,602261.75,13371.780000000028,2.2706754540241243
8.298755,588757.95,8.298755,601002.625,12244.675000000047,2.079746863715394
8.291874,587962.84,8.291874,600810.3125,12847.472500000033,2.1850823939825914
8.285004,587910.81,8.285004,600468.6875,12557.877499999944,2.136017451354559
8.278146,587589.35,8.278146,599885.875,12296.525000000023,2.092707262308281
8.271299,587474.59,8.271299,599664.6875,12190.097500000033,2.074999958721625
8.264463,586651.94,8.264463,599278.8125,12626.872500000056,2.1523618416739674
8.257638,586461.59,8.257638,598497.5625,12035.972500000033,2.052303629978569
8.250825,585788.44,8.250825,598462.6875,12674.247500000056,2.1636219895360274
8.244023,585293.72,8.244023,598381.4375,13087.717500000028,2.2360939563814264
8.237232,584623.8,8.237232,598297.125,13673.324999999953,2.3388245569201858
8.230453,584312.92,8.230453,596586.125,12273.204999999958,2.1004507310911347
8.223684,583997.98,8.223684,595561.0625,11563.082500000019,1.9799867287212225
8.216927,583845.65,8.216927,594637.9375,10792.287499999977,1.848482985186235
8.210181,583372.13,8.210181,592256.0625,8883.932499999995,1.5228585739946123
8.203445,583061.63,8.203445,591822.625,8760.994999999995,1.502584726763789
8.196721,582821.72,8.196721,591699.3125,8877.592500000028,1.5232089325703284
8.190008,582239.01,8.190008,591293.5,9054.48999999999,1.5551156560258632
8.183306,582184.63,8.183306,591260.5,9075.869999999995,1.5589332889121437
8.176615,581688.56,8.176615,591047.75,9359.189999999944,1.608969239484432
8.169935,581488.73,8.169935,589526.375,8037.645000000019,1.382252928616522
8.163265,581005.19,8.163265,588680.0,7674.810000000056,1.3209537766779773
8.156607,580682.21,8.156607,588058.3125,7376.102500000037,1.2702477143220967
8.149959,580579.08,8.149959,586831.9375,6252.857500000042,1.077003584076788
8.143322,579934.71,8.143322,586793.1875,6858.477500000037,1.1826292480407041
8.136697,579527.14,8.136697,586651.9375,7124.797499999986,1.2294156749932343
8.130081,579157.82,8.130081,586377.1875,7219.367500000051,1.2465285369020922
8.123477,578532.95,8.123477,586012.0,7479.050000000047,1.2927612852474604
8.116883,577963.38,8.116883,584445.3125,6481.932499999995,1.121512664003037
8.1103,577435.29,8.1103,584365.6875,6930.397499999963,1.2002033162884733
8.103728,576523.72,8.103728,582197.5,5673.780000000028,0.9841364376126671
8.097166,576302.47,8.097166,581697.25,5394.780000000028,0.9361021825917262
8.090615,575919.33,8.090615,580429.3125,4509.982500000042,0.7830927466872908
8.084074,574886.36,8.084074,580053.5,5167.140000000014,0.8988106797315585
8.077544,574329.67,8.077544,579478.5,5148.829999999958,0.8964938203523348
8.071025,573820.85,8.071025,577505.875,3685.0250000000233,0.6421908510295545
8.064516,573520.35,8.064516,576557.9375,3037.5875000000233,0.5296390093219924
8.058018,573307.22,8.058018,576317.5625,3010.342500000028,0.525083654100855
8.05153,572823.38,8.05153,575072.375,2248.9949999999953,0.3926157832454386
8.045052,572388.85,8.045052,574720.6875,2331.8375000000233,0.4073869538164525
8.038585,572147.4,8.038585,574316.9375,2169.5374999999767,0.37919205785082244
8.032129,571826.56,8.032129,574093.125,2266.564999999944,0.3963728092657927
8.025682,571530.02,8.025682,573993.6875,2463.6674999999814,0.4310652833249216
8.019246,570552.97,8.019246,573834.5,3281.530000000028,0.575149052330764
8.012821,569988.31,8.012821,573302.5,3314.189999999944,0.5814487669054027
8.006405,569099.06,8.006405,572061.625,2962.564999999944,0.520571058402371
8.0,568666.83,8.0,571820.375,3153.545000000042,0.5545505441208946
7.993605,568404.06,7.993605,571116.1875,2712.127499999944,0.47714780573522714
7.98722,567971.67,7.98722,570554.5625,2582.892499999958,0.45475727689022905
7.980846,567580.68,7.980846,570159.8125,2579.132499999949,0.4544080852082471
7.974482,566541.36,7.974482,569358.875,2817.515000000014,0.49731850115938825
7.968127,565841.12,7.968127,568638.75,2797.6300000000047,0.49441970565872
7.961783,564808.75,7.961783,565199.625,390.875,0.06920484146182226
7.955449,564516.0,7.955449,564441.75,74.25,0.013152860149225176
7.949126,564220.88,7.949126,564380.5,159.61999999999534,0.02829033906012045
7.942812,563644.68,7.942812,563636.125,8.555000000051223,0.0015178001857573146
7.936508,563455.98,7.936508,563544.375,88.39500000001863,0.015688004589110693
7.930214,563043.1,7.930214,563262.375,219.27500000002328,0.03894462075816634
7.92393,562124.35,7.92393,561008.5,1115.8499999999767,0.19850589998458112
7.917656,561707.82,7.917656,560059.3125,1648.5074999999488,0.29348131560638574
7.911392,561072.11,7.911392,559039.0625,2033.047499999986,0.362350482899602
7.905138,560955.0,7.905138,558868.125,2086.875,0.3720218199320801
7.898894,560507.87,7.898894,555703.125,4804.744999999995,0.8572127631321208
7.89266,560133.29,7.89266,555432.1875,4701.102500000037,0.8392828249861808
7.886435,560059.34,7.886435,554405.9375,5653.402499999967,1.0094291972704121
7.880221,559745.96,7.880221,553636.6875,6109.272499999963,1.0914366402930291
7.874016,559101.75,7.874016,552597.625,6504.125,1.1633168738963882
7.867821,558655.06,7.867821,551749.5625,6905.497500000056,1.236093252247649
7.861635,558276.23,7.861635,551339.0,6937.229999999981,1.2426160433160447
7.85546,557916.31,7.85546,551304.3125,6611.997500000056,1.1851235358220762
7.849294,557824.69,7.849294,550776.0,7048.689999999944,1.2636030864822325
7.843137,557617.54,7.843137,549805.9375,7811.602500000037,1.400888949798824
7.836991,557157.58,7.836991,549408.875,7748.704999999958,1.3907564534974035
7.830854,556800.61,7.830854,549079.625,7720.984999999986,1.3866696374488503
7.824726,556474.47,7.824726,548346.0625,8128.407499999972,1.4606972894911014
7.818608,556077.81,7.818608,547789.0625,8288.747500000056,1.4905733246216128
7.8125,555853.97,7.8125,547456.625,8397.344999999972,1.5107106278290992
7.806401,555480.09,7.806401,547409.5,8070.589999999967,1.4529035595137114
7.800312,554401.92,7.800312,547332.6875,7069.232500000042,1.275109671337365
7.794232,553922.77,7.794232,546595.125,7327.645000000019,1.32286401586272
7.788162,553682.78,7.788162,546247.0625,7435.717500000028,1.3429562501474268
7.782101,553151.09,7.782101,545726.625,7424.464999999967,1.3422128482111404
7.77605,552760.94,7.77605,545032.1875,7728.752499999944,1.3982088712708145
7.770008,551794.72,7.770008,544881.125,6913.594999999972,1.2529288065677708
7.763975,551206.66,7.763975,544023.0,7183.660000000033,1.303260740717471
7.757952,551048.6,7.757952,543860.625,7187.974999999977,1.3044176139817751
7.751938,550750.31,7.751938,542963.6875,7786.622500000056,1.4138208111040473
7.745933,550213.39,7.745933,542352.625,7860.765000000014,1.4286756998044003
7.739938,549774.4,7.739938,541894.5,7879.900000000023,1.433297003279895
7.733952,549381.31,7.733952,541891.0,7490.310000000056,1.3634082309789635
7.727975,548969.16,7.727975,541775.75,7193.410000000033,1.3103486541939864
7.722008,548346.09,7.722008,541570.5,6775.589999999967,1.235641162317756
7.716049,547635.72,7.716049,541132.1875,6503.532499999972,1.1875654312687953
7.7101,547469.95,7.7101,541129.4375,6340.512499999953,1.158148040819401
7.70416,547372.14,7.70416,539853.5,7518.640000000014,1.3735883598313963
7.698229,547221.89,7.698229,539766.0,7455.890000000014,1.3624984921564476
7.692308,546495.16,7.692308,539229.0,7266.160000000033,1.3295927451580782
7.686395,546247.04,7.686395,538355.75,7891.290000000037,1.4446375764342883
7.680492,545726.63,7.680492,537723.9375,8002.692500000005,1.4664288052060066
7.674597,545507.72,7.674597,535996.0,9511.719999999972,1.743645351160195
7.668712,545034.99,7.668712,535917.3125,9117.67749999999,1.6728609478815277
7.662835,544553.1,7.662835,535767.3125,8785.787499999977,1.6133940840663614
7.656968,543779.64,7.656968,535698.8125,8080.827500000014,1.486048190403012
7.651109,542912.86,7.651109,535498.1875,7414.672499999986,1.3657205504397125
7.64526,542352.61,7.64526,535039.75,7312.859999999986,1.348358957837409
7.639419,542075.78,7.639419,534786.75,7289.030000000028,1.3446514802782792
7.633588,541132.2,7.633588,533829.75,7302.449999999953,1.349476153886232
7.627765,540716.65,7.627765,533204.0625,7512.587500000023,1.3893760253175158
7.621951,540468.81,7.621951,533034.125,7434.685000000056,1.3755992690864167
7.616146,540156.75,7.616146,532899.4375,7257.3125,1.3435567545902185
7.61035,540019.95,7.61035,532100.875,7919.074999999953,1.466441193515157
7.604563,539014.49,7.604563,531832.5625,7181.927499999991,1.3324182620767746
7.598784,538883.96,7.598784,530297.0625,8586.897499999963,1.5934594713117762
7.593014,538317.84,7.593014,528564.0625,9753.777499999967,1.8118993604224538
7.587253,537894.4,7.587253,528421.75,9472.650000000023,1.761061278942488
7.581501,537385.42,7.581501,528106.5,9278.920000000042,1.7266787774033843
7.575758,536938.74,7.575758,527802.9375,9135.80249999999,1.701460859389656
7.570023,536635.73,7.570023,527345.0,9290.729999999981,1.7312917274442352
7.564297,536112.28,7.564297,526954.1875,9158.092500000028,1.7082415086630787
7.558579,535917.3,7.558579,525791.1875,10126.112500000047,1.8894916249204954
7.55287,535498.16,7.55287,524715.375,10782.785000000033,2.013598888929895
7.54717,534064.54,7.54717,524399.6875,9664.852500000037,1.8096787515606327
7.541478,533748.86,7.541478,524267.03125,9481.828749999986,1.776458829345319
7.535795,533534.76,7.535795,523716.4375,9818.32250000001,1.840240455935806
7.53012,533034.14,7.53012,523396.875,9637.265000000014,1.8080014537155187
7.524454,532104.96,7.524454,523179.40625,8925.553749999963,1.677404726691509
7.518797,531780.75,7.518797,522544.9375,9235.8125,1.7367707462144877
7.513148,531365.66,7.513148,522481.21875,8884.441250000033,1.6720013954232633
7.507508,531140.77,7.507508,522422.0,8718.770000000019,1.6415177467924404
7.501875,530461.87,7.501875,522064.03125,8397.838749999995,1.583118264466397
7.496252,530220.72,7.496252,521929.0625,8291.657499999972,1.5638124251349461
7.490637,529713.44,7.490637,521169.03125,8544.408749999944,1.6130247233296449
7.48503,529034.44,7.48503,520916.75,8117.689999999944,1.5344350738299655
7.479432,528600.57,7.479432,520685.40625,7915.163749999949,1.497380857913178
7.473842,528518.56,7.473842,520170.40625,8348.153750000056,1.5795384271841004
7.46826,528406.17,7.46826,519731.375,8674.795000000042,1.6416907092511885
7.462687,528033.87,7.462687,519583.0625,8450.807499999995,1.600429059598013
7.457122,527277.56,7.457122,519151.15625,8126.403750000056,1.5412003784117145
7.451565,526694.85,7.451565,519116.53125,7578.318749999977,1.438844285263085
7.446016,526146.72,7.446016,518734.90625,7411.813749999972,1.4086971310968113
7.440476,525912.5,7.440476,517396.75,8515.75,1.6192332374682101
7.434944,525777.94,7.434944,517004.8125,8773.127499999944,1.668599390077101
7.429421,525343.38,7.429421,516875.40625,8467.973750000005,1.6118931107497736
7.423905,524511.38,7.423905,516855.75,7655.630000000005,1.459573670260501
7.418398,524225.99,7.418398,516813.15625,7412.833749999991,1.4140530785205805
7.412898,523842.84,7.412898,515943.1875,7899.652500000026,1.5080195617448977
7.407407,523510.33,7.407407,515156.5625,8353.767500000016,1.595721616419683
7.401925,523336.18,7.401925,514898.5,8437.679999999993,1.6122867713827835
7.39645,523020.13,7.39645,513433.75,9586.380000000005,1.8328893000734032
7.390983,522792.88,7.390983,513210.25,9582.630000000005,1.8329687275006508
7.385524,521929.05,7.385524,513103.59375,8825.456249999988,1.690930261498184
7.380074,521169.03,7.380074,512320.75,8848.280000000028,1.697775479866873
7.374631,520676.36,7.374631,511591.75,9084.609999999986,1.7447709744302555
7.369197,519872.1,7.369197,510328.46875,9543.631249999977,1.8357652295631899
7.36377,519648.0,7.36377,509746.1875,9901.8125,1.9054845780220457
7.358352,519365.52,7.358352,509601.625,9763.895000000019,1.8799659630851155
7.352941,518822.75,7.352941,509297.3125,9525.4375,1.8359714372586784
7.347539,518289.41,7.347539,509094.09375,9195.316249999974,1.7741663388414546
7.342144,517396.78,7.342144,508011.5,9385.280000000028,1.8139424833683786
7.336757,517208.72,7.336757,507909.75,9298.969999999972,1.7979143893784257
7.331378,516875.49,7.331378,507030.78125,9844.70874999999,1.904657686515565
7.326007,516685.47,7.326007,506258.53125,10426.938749999972,2.018043733647082
7.320644,516102.86,7.320644,505875.1875,10227.672499999986,1.9817120370152546
7.315289,515838.8,7.315289,505573.78125,10265.018749999988,1.9899663906631275
7.309942,515678.85,7.309942,503006.0,12672.849999999977,2.457508195265324
7.304602,515117.39,7.304602,502694.84375,12422.546250000014,2.4115951996883687
7.29927,514817.03,7.29927,502206.75,12610.280000000028,2.4494683091583096
7.293946,514070.72,7.293946,501917.9375,12152.782499999972,2.364029310986623
7.28863,513961.17,7.28863,501744.1875,12216.982499999984,2.377024416066292
7.283321,513615.67,7.283321,501095.5,12520.169999999984,2.437653430628389
7.27802,512913.66,7.27802,500961.3125,11952.347499999974,2.3302844966148832
7.272727,512159.92,7.272727,500427.3125,11732.607499999984,2.2908093823507283
7.267442,511890.01,7.267442,500186.53125,11703.47875000001,2.286326851739109
7.262164,511565.37,7.262164,499324.875,12240.494999999995,2.3927528558080455
7.256894,511396.44,7.256894,498154.15625,13242.283750000002,2.589436044959563
7.251632,511247.76,7.251632,497723.46875,13524.29125000001,2.6453497321924715
7.246377,510760.01,7.246377,496349.0,14411.01000000001,2.8214836161507653
7.24113,510363.5,7.24113,495378.6875,14984.8125,2.9361058343709923
7.23589,510148.92,7.23589,494666.09375,15482.826249999984,3.0349620753877096
7.230658,510143.06,7.230658,493730.28125,16412.778749999998,3.2172894305373867
7.225434,509918.94,7.225434,493663.0625,16255.877500000002,3.187933654709904
7.220217,509525.34,7.220217,492924.6875,16600.652500000026,3.2580621996150425
7.215007,509264.82,7.215007,492922.1875,16342.632500000007,3.209063704812755
7.209805,508772.76,7.209805,492822.625,15950.13500000001,3.135021418992638
7.204611,508226.06,7.204611,492630.0,15596.059999999998,3.068724968570088
7.199424,507614.33,7.199424,492628.5,14985.830000000016,2.9522078306969814
7.194245,506965.8,7.194245,492469.03125,14496.768749999988,2.859516115288248
7.189073,506583.7,7.189073,491758.34375,14825.356250000012,2.9265363749366613
7.183908,506363.73,7.183908,489604.5625,16759.16749999998,3.30970930718122
7.178751,506134.56,7.178751,489599.875,16534.684999999998,3.2668555571467
7.173601,505466.79,7.173601,488510.0625,16956.72749999998,3.354666980198636
7.168459,505361.94,7.168459,488154.5,17207.440000000002,3.404973473071597
7.163324,504656.78,7.163324,488053.8125,16602.967500000028,3.289952331562855
7.158196,503998.7,7.158196,487719.875,16278.825000000012,3.229933926416876
7.153076,503606.71,7.153076,487586.21875,16020.491250000021,3.18115126980735
7.147963,503278.52,7.147963,486120.5625,17157.95750000002,3.4092369966435316
7.142857,502866.49,7.142857,484992.5625,17873.92749999999,3.554408149168976
7.137759,501953.94,7.137759,484723.1875,17230.752500000002,3.4327357804981076
7.132668,501474.64,7.132668,483853.1875,17621.452500000014,3.5139269455380666
7.127584,501035.19,7.127584,483835.96875,17199.221250000002,3.432737179598104
7.122507,500928.81,7.122507,483629.625,17299.184999999998,3.453421854494653
7.117438,500586.54,7.117438,483508.71875,17077.82124999998,3.411562214597296
7.112376,499978.66,7.112376,483141.0625,16837.597499999974,3.3676632318667314
7.107321,499533.63,7.107321,483122.75,16410.880000000005,3.285240275014117
7.102273,499249.99,7.102273,483031.53125,16218.45874999999,3.248564661964238
7.097232,498710.47,7.097232,482719.875,15990.594999999972,3.206388468242901
7.092199,498027.46,7.092199,482654.71875,15372.741250000021,3.0867256295466157
7.087172,497698.1,7.087172,482535.09375,15163.006249999977,3.046627312822769
7.082153,497431.53,7.082153,481972.5,15459.030000000028,3.107770430233891
7.077141,497101.58,7.077141,481808.9375,15292.642500000016,3.0763616764203436
7.072136,496077.54,7.072136,481234.5625,14842.977499999979,2.9920680343641397
7.067138,495861.47,7.067138,481179.15625,14682.313749999972,2.9609708836623208
7.062147,495501.84,7.062147,481122.0,14379.840000000026,2.9020760043999076
7.057163,495332.34,7.057163,480674.09375,14658.246250000026,2.9592750293671566
7.052186,494894.25,7.052186,480610.3125,14283.9375,2.8862605496022637
7.047216,494844.03,7.047216,480000.09375,14843.936250000028,2.999720184559977
7.042254,494475.48,7.042254,478950.21875,15525.261249999981,3.1397434004209837
7.037298,493845.53,7.037298,477683.5625,16161.967500000028,3.27267668090466
7.032349,493471.35,7.032349,477141.1875,16330.162499999977,3.3092422690800545
7.027407,492921.87,7.027407,474817.9375,18103.932499999995,3.672779318961846
7.022472,492706.85,7.022472,473767.75,18939.099999999977,3.843888105066933
7.017544,492652.55,7.017544,473223.3125,19429.23749999999,3.9438012652121643
7.012623,492204.2,7.012623,473001.25,19202.95000000001,3.9014193702532425
7.007708,491872.13,7.007708,472787.25,19084.880000000005,3.880049068850476
7.002801,491436.31,7.002801,472775.125,18661.184999999998,3.7972743609441473
6.997901,491312.12,6.997901,472361.5,18950.619999999995,3.8571448227249094
6.993007,490902.43,6.993007,472161.40625,18741.023749999993,3.8176677491696247
6.98812,490659.93,6.98812,471476.90625,19183.023749999993,3.9096373225341616
6.98324,490351.87,6.98324,470554.3125,19797.557499999995,4.037418578621918
6.978367,489992.87,6.978367,470417.875,19574.994999999995,3.9949550694482547
6.973501,489540.47,6.973501,470392.5625,19147.907499999972,3.911404403398962
6.968641,489314.99,6.968641,470036.46875,19278.52124999999,3.939899991618894
6.963788,489144.89,6.963788,469554.125,19590.765000000014,4.005104704252356
6.958942,488718.42,6.958942,468906.25,19812.169999999984,4.053902858828195
6.954103,488424.48,6.954103,468624.875,19799.60499999998,4.053769991217472
6.94927,487933.33,6.94927,468601.21875,19332.111250000016,3.962039496256592
6.944444,487660.41,6.944444,467885.0,19775.409999999974,4.055160024165172
6.939625,487185.56,6.939625,467674.5625,19510.997499999998,4.004839039153787
6.934813,486658.75,6.934813,467320.5625,19338.1875,3.9736648113282667
6.930007,486160.57,6.930007,467085.75,19074.820000000007,3.923563772356118
6.925208,485715.64,6.925208,467014.78125,18700.858750000014,3.850166066301677
6.920415,485362.76,6.920415,466531.34375,18831.41625000001,3.8798642586423417
6.915629,484979.98,6.915629,465081.78125,19898.19874999998,4.102890752315174
6.91085,483853.2,6.91085,463654.1875,20199.01250000001,4.174615875228274
6.906077,483276.36,6.906077,462631.28125,20645.078749999986,4.271899157244105
6.901311,482841.32,6.901311,461221.375,21619.945000000007,4.477650131517328
6.896552,482501.22,6.896552,460655.75,21845.469999999972,4.527547101331677
6.891799,481989.06,6.891799,460411.9375,21577.122499999998,4.476683039237446
6.887052,481840.36,6.887052,458322.53125,23517.828749999986,4.880834131453826
6.882312,481497.81,6.882312,457213.78125,24284.028749999998,5.043434932757015
6.877579,481327.17,6.877579,456578.34375,24748.826249999984,5.1417887442339865
6.872852,480998.75,6.872852,456280.1875,24718.5625,5.139007637753736
6.868132,480730.4,6.868132,456161.28125,24569.118750000023,5.110789488245391
6.863418,480159.15,6.863418,454868.03125,25291.118750000023,5.267236654763327
6.858711,479835.91,6.858711,454645.375,25190.534999999974,5.249822798798025
6.85401,479389.91,6.85401,454225.125,25164.784999999974,5.2493355565201565
6.849315,479032.0,6.849315,454102.40625,24929.59375,5.204160421433224
6.844627,478537.18,6.844627,453591.5625,24945.617499999993,5.212890145756281
6.839945,478420.88,6.839945,453450.96875,24969.911250000005,5.219235257875869
6.83527,477504.08,6.83527,452944.78125,24559.298750000016,5.143264692104833
6.830601,477425.64,6.830601,452781.5625,24644.077500000014,5.161867196742934
6.825939,476994.83,6.825939,452289.6875,24705.142500000016,5.1793312938003995
6.821282,476871.46,6.821282,452152.40625,24719.05375000002,5.1835884139512185
6.816633,476700.44,6.816633,451578.4375,25122.002500000002,5.269976780386442
6.811989,476324.55,6.811989,450977.53125,25347.01874999999,5.3213756775710985
6.807352,476064.74,6.807352,450924.03125,25140.70874999999,5.280943249441241
6.802721,475507.38,6.802721,450382.6875,25124.692500000005,5.283764996454946
6.798097,474682.08,6.798097,450231.25,24450.830000000016,5.150990743109581
6.793478,474050.09,6.793478,449965.21875,24084.871250000026,5.080659567009053
6.788866,473790.38,6.788866,449395.84375,24394.536250000005,5.148803622817332
6.784261,473235.23,6.784261,448721.75,24513.47999999998,5.179977830475551
6.779661,472885.68,6.779661,448620.1875,24265.492499999993,5.131365470825844
6.775068,472787.22,6.775068,447489.5,25297.719999999972,5.350762230840329
6.770481,472611.06,6.770481,447463.46875,25147.591249999998,5.320990848161699
6.7659,472108.08,6.7659,447307.875,24800.205000000016,5.253077854545514
6.761325,471765.44,6.761325,446959.8125,24805.627500000002,5.25804253486648
6.756757,471164.22,6.756757,446456.90625,24707.313749999972,5.243885826050199
6.752194,471015.75,6.752194,445483.875,25531.875,5.420598992708842
6.747638,470746.01,6.747638,445438.53125,25307.47875000001,5.376036803795747
6.743088,470430.93,6.743088,445425.0,25005.929999999993,5.3155369694760495
6.738544,469972.83,6.738544,445263.5625,24709.267500000016,5.2575948911770105
6.734007,469349.18,6.734007,443759.625,25589.554999999993,5.452135870355626
6.729475,468983.15,6.729475,443056.8125,25926.337500000023,5.528202345862537
6.72495,468651.83,6.72495,442790.5625,25861.267500000016,5.518226078408786
6.72043,468455.46,6.72043,442696.25,25759.21000000002,5.498753285958076
6.715917,467998.35,6.715917,442213.75,25784.599999999977,5.509549339223093
6.711409,467934.97,6.711409,441652.0,26282.969999999972,5.616799701890195
6.706908,467599.91,6.706908,441603.90625,25996.003749999974,5.559454395532279
6.702413,467188.53,6.702413,440546.34375,26642.186250000028,5.702662745166288
6.697924,466984.97,6.697924,438645.0625,28339.907499999972,6.068697992571361
6.69344,466496.29,6.69344,438601.0625,27895.22749999998,5.97973190740702
6.688963,466422.1,6.688963,438503.46875,27918.631249999977,5.985700774041362
6.684492,466188.1,6.684492,437596.3125,28591.787499999977,6.133101102323285
6.680027,466043.03,6.680027,437340.09375,28702.936250000028,6.158859676541032
6.675567,465573.06,6.675567,437305.3125,28267.747499999998,6.071602918777129
6.671114,465155.12,6.671114,436144.4375,29010.682499999995,6.236775916816738
6.666667,464671.25,6.666667,436062.03125,28609.21875,6.156873004301429
6.662225,464195.83,6.662225,435277.75,28918.080000000016,6.229715592231842
6.65779,464082.81,6.65779,433579.375,30503.434999999998,6.572843109616579
6.65336,463284.09,6.65336,432465.28125,30818.808750000026,6.6522484616296715
6.648936,462788.95,6.648936,432448.1875,30340.76250000001,6.556068916511514
6.644518,462710.38,6.644518,431979.625,30730.755000000005,6.641466525994079
6.640106,462609.57,6.640106,431957.09375,30652.476250000007,6.62599268104203
6.6357,462228.68,6.6357,431608.125,30620.554999999993,6.624546750322804
6.6313,461571.69,6.6313,430707.53125,30864.158750000002,6.686752983052319
6.626905,461277.83,6.626905,429141.125,32136.705000000016,6.966886962679307
6.622517,460801.73,6.622517,428816.25,31985.47999999998,6.941267342898209
6.618134,460655.72,6.618134,428754.09375,31901.626249999972,6.925264327554638
6.613757,460511.84,6.613757,428720.75,31791.090000000026,6.9034251106334255
6.609385,460329.41,6.609385,428472.9375,31856.472499999974,6.920364375589207
6.60502,460230.04,6.60502,427227.375,33002.66499999998,7.1709063145899785
6.60066,459655.87,6.60066,426893.71875,32762.151249999995,7.1275389673583405
6.596306,459565.25,6.596306,425727.4375,33837.8125,7.363005035737579
6.591958,459387.54,6.591958,424784.84375,34602.69624999998,7.532354109996101
6.587615,458406.31,6.587615,424383.875,34022.435,7.421894999656526
6.583278,458240.67,6.583278,423332.0625,34908.607499999984,7.617963612876173
6.578947,457927.88,6.578947,423295.78125,34632.098750000005,7.562784504407113
6.574622,457503.52,6.574622,422595.125,34908.39500000002,7.630191566613524
6.570302,457238.02,6.570302,422148.0,35090.02000000002,7.674344316336603
6.565988,456846.37,6.565988,421826.9375,35019.432499999995,7.6654724212868315
6.56168,456309.29,6.56168,421696.0,34613.28999999998,7.585488781085299
6.557377,456122.83,6.557377,421627.5625,34495.267500000016,7.562714521437135
6.55308,456072.05,6.55308,421617.59375,34454.45624999999,7.554608147988895
6.548788,455578.14,6.548788,421205.375,34372.765000000014,7.544867056176139
6.544503,455018.21,6.544503,421159.09375,33859.11625000002,7.441266196796831
6.540222,454799.71,6.540222,420768.375,34031.33500000002,7.4827081573996646
6.535948,454447.73,6.535948,420093.5,34354.22999999998,7.559555859152378
6.531679,454240.33,6.531679,419912.25,34328.080000000016,7.557250585829756
6.527415,453984.68,6.527415,419305.53125,34679.14874999999,7.63883678850132
6.523157,453856.66,6.523157,418075.875,35780.784999999974,7.8837192782408385
6.518905,453773.49,6.518905,417745.4375,36028.05249999999,7.939655641848975
6.514658,453361.47,6.514658,417617.5,35743.96999999997,7.8842099219415305
6.510417,452908.17,6.510417,416701.21875,36206.951249999984,7.99432504165248
6.506181,452676.55,6.506181,416292.96875,36383.58124999999,8.037434510358441
6.501951,452292.45,6.501951,416233.5,36058.95000000001,7.972485501360903
6.497726,451969.86,6.497726,416045.71875,35924.141249999986,7.948348867776269
6.493506,451730.68,6.493506,415522.65625,36208.02374999999,8.015400625434605
6.489293,451466.78,6.489293,415436.28125,36030.49875000003,7.980764110706002
6.485084,450924.95,6.485084,415134.0,35790.95000000001,7.93722990932305
6.480881,450621.02,6.480881,414352.03125,36268.98875000002,8.048667758552412
6.476684,450250.55,6.476684,414026.5,36224.04999999999,8.045309439377696
6.472492,449822.18,6.472492,413773.28125,36048.89874999999,8.014033178621826
6.468305,449346.71,6.468305,413748.46875,35598.24125000002,7.922221406717325
6.464124,448973.58,6.464124,413508.28125,35465.298750000016,7.899195037267007
6.459948,447782.76,6.459948,413214.4375,34568.32250000001,7.7198868710354125
6.455778,447440.7,6.455778,412521.6875,34919.01250000001,7.8041654458345
6.451613,447109.14,6.451613,412256.4375,34852.702500000014,7.795121902450934
6.447453,446651.12,6.447453,412094.25,34556.869999999995,7.736881976250277
6.443299,446188.09,6.443299,411210.75,34977.340000000026,7.839146939130541
6.43915,445830.61,6.43915,411110.25,34720.359999999986,7.787791870100618
6.435006,445112.17,6.435006,410991.5,34120.669999999984,7.6656340355735475
6.430868,444769.28,6.430868,410342.375,34426.90500000003,7.740396324134623
6.426735,444287.23,6.426735,410144.25,34142.97999999998,7.684888894961032
6.422608,443306.75,6.422608,409829.03125,33477.71875,7.551817956753422
6.418485,443030.6,6.418485,408342.875,34687.72499999998,7.829645401468878
6.414368,442791.64,6.414368,407229.5625,35562.077500000014,8.031334444344978
6.410256,442632.53,6.410256,407207.875,35424.65500000003,8.003174777958598
6.40615,442344.61,6.40615,406665.0625,35679.547499999986,8.066007066300635
6.402049,442032.03,6.402049,406614.1875,35417.84250000003,8.012505903701147
6.397953,441711.21,6.397953,406198.9375,35512.27250000002,8.039703701429723
6.393862,441690.59,6.393862,404175.65625,37514.933750000026,8.493487205602461
6.389776,441552.22,6.389776,403960.96875,37591.25124999997,8.5134327373555
6.385696,441002.28,6.385696,403928.21875,37074.06125000003,8.406773146388275
6.381621,440852.56,6.381621,403616.46875,37236.09125,8.446381994469988
6.377551,440618.67,6.377551,403591.34375,37027.326249999984,8.403485546810803
6.373486,440296.72,6.373486,403569.0625,36727.65749999997,8.341569635131503
6.369427,440087.11,6.369427,403442.0,36645.109999999986,8.326785576610046
6.365372,439832.62,6.365372,403214.53125,36618.088749999995,8.32545997838905
6.361323,439374.4,6.361323,403150.40625,36223.99375000002,8.244447958278867
6.357279,438980.99,6.357279,403078.09375,35902.89624999999,8.178690437141707
6.35324,438336.02,6.35324,402908.65625,35427.36375000002,8.082238769700016
6.349206,438008.47,6.349206,402704.375,35304.09499999997,8.060139795926771
6.345178,437706.18,6.345178,402091.625,35614.55499999999,8.136635173851097
6.341154,437066.24,6.341154,400451.0,36615.23999999999,8.377503602199976
6.337136,436927.11,6.337136,400423.9375,36503.172499999986,8.354522222253498
6.333122,436533.5,6.333122,399933.15625,36600.34375,8.38431500675206
6.329114,435981.37,6.329114,399785.90625,36195.463749999995,8.302066611240749
6.325111,435433.58,6.325111,399745.5625,35688.017500000016,8.195972735956657
6.321113,435080.9,6.321113,399477.53125,35603.36875000002,8.183160591512987
6.317119,434894.02,6.317119,399375.625,35518.39500000002,8.167138053542336
6.313131,434448.09,6.313131,398368.625,36079.465000000026,8.30466650227419
6.309148,434318.61,6.309148,398278.53125,36040.078749999986,8.298073791956552
6.30517,433974.25,6.30517,397770.40625,36203.84375,8.34239445082283
6.301197,433555.46,6.301197,396849.5625,36705.89750000002,8.466251930029902
6.297229,433390.75,6.297229,396115.9375,37274.8125,8.600740209614534
6.293266,433183.12,6.293266,396081.1875,37101.932499999995,8.564953431241735
6.289308,432754.33,6.289308,395991.9375,36762.392500000016,8.494979703611518
6.285355,432239.22,6.285355,395950.0625,36289.15749999997,8.395618865867835
6.281407,431979.64,6.281407,395469.15625,36510.483750000014,8.45189920293466
6.277464,431527.88,6.277464,395199.1875,36328.692500000005,8.418620020565069
6.273526,431186.88,6.273526,395102.5,36084.380000000005,8.368617338264096
6.269592,430926.38,6.269592,394162.34375,36764.036250000005,8.531396070484245
6.265664,430423.87,6.265664,394116.78125,36307.088749999995,8.435194068117086
6.261741,430293.5,6.261741,393729.125,36564.375,8.49754295614505
6.257822,429826.52,6.257822,392835.5,36991.02000000002,8.606034825398865
6.253909,429692.14,6.253909,392756.875,36935.265000000014,8.595750669304776
6.25,429333.67,6.25,392270.53125,37063.138749999984,8.632711883510089
6.246096,429048.91,6.246096,392240.28125,36808.628749999974,8.579121841843154
6.242197,428815.14,6.242197,391161.3125,37653.827500000014,8.780899736888957
6.238303,428547.74,6.238303,390697.90625,37849.83374999999,8.832116055494772
6.234414,428418.83,6.234414,390015.84375,38402.986250000016,8.963888503686922
6.23053,428110.6,6.23053,389197.6875,38912.91249999998,9.089453169344551
6.22665,428065.89,6.22665,389056.0625,39009.827500000014,9.113042737415965
6.222775,427620.29,6.222775,389000.9375,38619.35249999998,9.031225459390615
6.218905,427200.19,6.218905,388881.71875,38318.47125,8.969675610397083
6.21504,426931.75,6.21504,388849.8125,38081.9375,8.91991225763837
6.21118,426553.98,6.21118,388741.875,37812.10499999998,8.864553321012263
6.207325,426307.12,6.207325,388435.0625,37872.057499999995,8.883749701388988
6.203474,425970.17,6.203474,387887.875,38082.294999999984,8.940131887638984
6.199628,425567.13,6.199628,386076.9375,39490.192500000005,9.27942731385293
6.195787,425143.4,6.195787,385474.21875,39669.18125000002,9.330776686172246
6.19195,424945.72,6.19195,385007.34375,39938.37624999997,9.398465349880444
6.188119,424643.54,6.188119,384976.90625,39666.63374999998,9.341160294113973
6.184292,423877.73,6.184292,384853.15625,39024.57374999998,9.206563824431159
6.18047,423620.84,6.18047,384781.0,38839.840000000026,9.168538544987547
6.176652,423169.15,6.176652,384327.0625,38842.08750000002,9.178856138260556
6.17284,422922.86,6.17284,384302.71875,38620.141249999986,9.131722331112577
6.169031,422699.95,6.169031,383894.6875,38805.26250000001,9.180332881515604
6.165228,422673.44,6.165228,383444.625,39228.815,9.28111664645879
6.161429,422306.88,6.161429,381150.625,41156.255000000005,9.745580038857051
6.157635,422021.3,6.157635,380787.875,41233.42499999999,9.770460637887233
6.153846,421420.91,6.153846,380661.09375,40759.816249999974,9.67199663870499
6.150062,421160.78,6.150062,380607.03125,40553.74875000003,9.629042084592973
6.146281,421086.52,6.146281,380178.53125,40907.98875000002,9.714865427181097
6.142506,420615.81,6.142506,380139.40625,40476.40375,9.623129418268894
6.138735,420551.29,6.138735,378532.53125,42018.75874999998,9.991351768294416
6.134969,420424.44,6.134969,377973.96875,42450.47125,10.097051267999548
6.131208,420117.04,6.131208,377487.46875,42629.57124999998,10.147070266419087
6.127451,419797.0,6.127451,377045.09375,42751.90625,10.18394753892953
6.123699,419467.17,6.123699,376337.15625,43130.013749999984,10.282095199488433
6.119951,419177.8,6.119951,375906.46875,43271.33124999999,10.322906234538182
6.116208,418138.46,6.116208,375409.09375,42729.36625000002,10.218951456893015
6.112469,417375.08,6.112469,374969.3125,42405.767500000016,10.160110062153212
6.108735,416909.23,6.108735,374347.15625,42562.07374999998,10.208954536698547
6.105006,416781.11,6.105006,373821.78125,42959.328749999986,10.307407826136838
6.101281,416593.6,6.101281,373551.0625,43042.53749999998,10.332020823171547
6.097561,416507.59,6.097561,373046.0625,43461.527500000026,10.434750420754643
6.093845,416302.31,6.093845,372497.75,43804.56,10.522295684595168
6.090134,416161.15,6.090134,372121.21875,44039.93125000002,10.582422518296102
6.086427,415883.61,6.086427,372098.40625,43785.203749999986,10.528234991035108
6.082725,415436.27,6.082725,371847.25,43589.02000000002,10.492348200603672
6.079027,414896.57,6.079027,371604.34375,43292.22625000001,10.43446231671667
6.075334,414654.87,6.075334,371199.5625,43455.307499999995,10.47987390091427
6.071645,414409.43,6.071645,370570.71875,43838.71124999999,10.578598862965062
6.067961,414071.98,6.067961,369434.0625,44637.91749999998,10.780231374264924
6.064281,413777.28,6.064281,369330.46875,44446.81125000003,10.741723482255967
6.060606,413700.3,6.060606,369070.625,44629.67499999999,10.787924253378591
6.056935,413592.55,6.056935,368768.78125,44823.76874999999,10.837663480640545
6.053269,413485.88,6.053269,368588.78125,44897.098750000005,10.858193936392702
6.049607,413348.06,6.049607,368577.375,44770.685,10.831231432415576
6.045949,412872.28,6.045949,368158.25,44714.03000000003,10.829990814592838
6.042296,412709.94,6.042296,368088.78125,44621.15875,10.811748016052146
6.038647,412509.59,6.038647,367978.3125,44531.277500000026,10.79521023983952
6.035003,412256.4,6.035003,367772.46875,44483.93125000002,10.790355528743767
6.031363,412002.42,6.031363,367662.71875,44339.701249999984,10.762000196503696
6.027728,411790.43,6.027728,367055.6875,44734.74249999999,10.863473077798334
6.024096,411546.45,6.024096,366953.625,44592.82500000001,10.835429390777156
6.02047,411092.73,6.02047,366753.53125,44339.19874999998,10.785692743824486
6.016847,410991.51,6.016847,366586.46875,44405.04125000001,10.804369474688178
6.013229,410564.07,6.013229,366172.8125,44391.25750000001,10.812260678339438
6.009615,410424.45,6.009615,366123.53125,44300.91875000001,10.79392778622229
6.006006,410242.5,6.006006,366019.5625,44222.9375,10.779706515049025
6.002401,409700.31,6.002401,365831.25,43869.06,10.707597463131039
5.9988,409322.79,5.9988,365477.53125,43845.25874999998,10.711658334489508
5.995204,408863.27,5.995204,365235.46875,43627.80125000002,10.670511256733826
5.991612,408433.3,5.991612,364410.59375,44022.70624999999,10.77843218219474
5.988024,407783.12,5.988024,364396.625,43386.494999999995,10.639600530791956
5.98444,407525.33,5.98444,363270.25,44255.080000000016,10.859467312130025
5.980861,407294.03,5.980861,362399.09375,44894.93625000003,11.02273368701231
5.977286,407207.88,5.977286,362368.625,44839.255000000005,11.011391773656246
5.973716,406690.77,5.973716,362362.9375,44327.83250000002,10.899640653265875
5.970149,406339.13,5.970149,362258.84375,44080.286250000005,10.848151948841354
5.966587,406099.91,5.966587,361773.59375,44326.316249999974,10.915125849202965
5.963029,405969.69,5.963029,361146.75,44822.94,11.040957269494676
5.959476,405463.66,5.959476,360844.3125,44619.347499999974,11.004524425197557
5.955926,405198.14,5.955926,360538.46875,44659.671250000014,11.021687130646752
5.952381,405108.77,5.952381,360528.0625,44580.70750000002,11.004626609293108
5.94884,404814.81,5.94884,360364.6875,44450.1225,10.980359760059173
5.945303,404216.48,5.945303,360170.375,44046.10499999998,10.89666235280659
5.941771,403776.55,5.941771,359866.25,43910.29999999999,10.874900981743489
5.938242,403447.46,5.938242,359826.8125,43620.64750000002,10.811977227468484
5.934718,403049.99,5.934718,359646.96875,43403.02124999999,10.768644666136822
5.931198,402542.57,5.931198,359403.0625,43139.50750000001,10.716756615331393
5.927682,402279.19,5.927682,359130.21875,43148.97125,10.726125616888114
5.924171,402091.65,5.924171,359021.28125,43070.36875000002,10.711579996749503
5.920663,401947.61,5.920663,358943.53125,43004.078749999986,10.698926347640178
5.91716,401429.47,5.91716,358434.03125,42995.43874999997,10.710583542857472
5.913661,400584.84,5.913661,357445.9375,43138.902500000026,10.768980298904978
5.910165,400170.7,5.910165,357320.8125,42849.88750000001,10.707902277702992
5.906675,399979.87,5.906675,356249.25,43730.619999999995,10.933205213552371
5.903188,399607.62,5.903188,355874.84375,43732.776249999995,10.943929510152984
5.899705,399126.56,5.899705,355767.875,43358.685,10.863392553980871
5.896226,398887.61,5.896226,355523.65625,43363.953749999986,10.871221031407815
5.892752,398753.83,5.892752,355027.34375,43726.486250000016,10.965784642118676
5.889282,398487.57,5.889282,354980.15625,43507.41375000001,10.918135727546034
5.885815,398082.86,5.885815,354284.15625,43798.703749999986,11.002408832673677
5.882353,397572.98,5.882353,354128.625,43444.35499999998,10.927391242734853
5.878895,397246.31,5.878895,353954.125,43292.185,10.89807102298823
5.875441,397044.76,5.875441,353863.46875,43181.29125000001,10.875673374961556
5.871991,396860.42,5.871991,353161.5625,43698.857499999984,11.011140264378087
5.868545,396796.19,5.868545,352826.6875,43969.5025,11.081130214481142
5.865103,396569.93,5.865103,352654.9375,43914.99249999999,11.073707101292323
5.861665,396253.39,5.861665,351945.90625,44307.483750000014,11.181603708172695
5.858231,396067.6,5.858231,351211.4375,44856.16249999998,11.325380440106683
5.854801,395678.38,5.854801,351108.96875,44569.411250000005,11.26405017378003
5.851375,395160.69,5.851375,350405.25,44755.44,11.32588365507713
5.847953,395038.98,5.847953,350403.28125,44635.69874999998,11.299061867261804
5.844535,394710.16,5.844535,350091.84375,44618.316249999974,11.304070878236319
5.841121,394342.42,5.841121,349110.25,45232.169999999984,11.470277531897274
5.837712,394011.75,5.837712,348340.59375,45671.15625,11.591318342663639
5.834306,393806.92,5.834306,348298.5625,45508.357499999984,11.556007573457567
5.830904,393493.68,5.830904,348180.25,45313.42999999999,11.515669069958124
5.827506,393393.44,5.827506,348037.0625,45356.3775,11.529520548181992
5.824112,393103.71,5.824112,347851.6875,45252.02250000002,11.511471743678028
5.820722,392540.06,5.820722,347790.09375,44749.96625,11.40010175012456
5.817336,392323.43,5.817336,347108.0625,45215.36749999999,11.525023499106336
5.813953,391927.28,5.813953,346840.9375,45086.34250000003,11.50375204808403
5.810575,391643.83,5.810575,346358.6875,45285.142500000016,11.562838229827346
5.807201,391483.08,5.807201,346277.6875,45205.392500000016,11.547214888571943
5.803831,391168.31,5.803831,346124.71875,45043.59125,11.515143251251615
5.800464,390697.9,5.800464,345054.5625,45643.33750000002,11.682514162476947
5.797101,390583.23,5.797101,344511.25,46071.97999999998,11.795688207094807
5.793743,390217.97,5.793743,344467.75,45750.21999999997,11.72427297492219
5.790388,389999.42,5.790388,342377.5,47621.919999999984,12.210766877550737
5.787037,389625.1,5.787037,342183.5625,47441.53749999998,12.176201558883136
5.78369,389478.09,5.78369,341515.9375,47962.152500000026,12.314467419720586
5.780347,389197.7,5.780347,340813.46875,48384.23125000001,12.431787559381776
5.777008,388885.97,5.777008,340144.71875,48741.25124999997,12.533558680453288
5.773672,388795.84,5.773672,339887.34375,48908.496250000026,12.579480338575644
5.77034,388316.62,5.77034,339227.46875,49089.151249999995,12.641527228476596
5.767013,388057.64,5.767013,338144.75,49912.890000000014,12.862236135848276
5.763689,387823.16,5.763689,337125.375,50697.784999999974,13.072397481367535
5.760369,387264.38,5.760369,336779.65625,50484.723750000005,13.0362425147389
5.757052,386873.61,5.757052,336611.6875,50261.922499999986,12.991819860755038
5.75374,386509.48,5.75374,336533.78125,49975.69874999998,12.930005947072756
5.750431,385753.16,5.750431,335584.4375,50168.722499999974,13.005395082181565
5.747126,385557.25,5.747126,335234.09375,50323.15625,13.052058092540083
5.743825,385077.39,5.743825,335115.09375,49962.296250000014,12.974611739733671
5.740528,384689.24,5.740528,334206.65625,50482.58374999999,13.122951853293321
5.737235,384485.54,5.737235,333943.65625,50541.88374999998,13.145327585011385
5.733945,384381.92,5.733945,333829.96875,50551.951249999984,13.151490384875538
5.730659,384222.44,5.730659,333141.4375,51081.0025,13.294643201995179
5.727377,383769.12,5.727377,333011.84375,50757.276249999995,13.225992818286162
5.724098,383640.63,5.724098,332712.15625,50928.473750000005,13.275046949537122
5.720824,383262.5,5.720824,332137.0625,51125.4375,13.339535566354652
5.717553,382856.87,5.717553,330419.4375,52437.432499999995,13.696354070909056
5.714286,382450.59,5.714286,329882.625,52567.965000000026,13.74503435855597
5.711022,382183.2,5.711022,329876.625,52306.57500000001,13.686257009727273
5.707763,382075.33,5.707763,329342.34375,52732.986250000016,13.801724976590354
5.704507,381822.5,5.704507,329264.15625,52558.34375,13.765124828945389
5.701254,381407.8,5.701254,328994.6875,52413.11249999999,13.742013797305663
5.698006,381079.16,5.698006,327944.8125,53134.347499999974,13.943126016127458
5.694761,380664.72,5.694761,327908.34375,52756.37624999997,13.859013845569923
5.69152,380573.35,5.69152,327693.65625,52879.69374999998,13.894744272030604
5.688282,380127.63,5.688282,327655.59375,52472.036250000005,13.803794333497937
5.685048,379504.52,5.685048,327203.25,52301.27000000002,13.781461680614507
5.681818,379134.25,5.681818,327140.71875,51993.53125,13.71375212078571
5.678592,378988.4,5.678592,326451.5,52536.90000000002,13.862403176456064
5.675369,378828.44,5.675369,326136.9375,52691.5025,13.909067254823846
5.67215,378322.04,5.67215,325706.5,52615.53999999998,13.907606334539743
5.668934,378095.44,5.668934,325462.625,52632.815,13.920510387536014
5.665722,377999.07,5.665722,325304.625,52694.44500000001,13.94036366279949
5.662514,377708.75,5.662514,325162.625,52546.125,13.911810356524704
5.65931,377487.45,5.65931,325060.71875,52426.73125000001,13.88833754605617
5.656109,377086.71,5.656109,324006.15625,53080.55375000002,14.076484888581732
5.652911,376861.53,5.652911,323732.1875,53129.34250000003,14.09784185188656
5.649718,376408.55,5.649718,323586.03125,52822.51874999999,14.033294076343376
5.646527,376247.55,5.646527,323183.75,53063.79999999999,14.103427384444094
5.643341,375995.89,5.643341,323045.0,52950.890000000014,14.082837448037003
5.640158,375776.23,5.640158,322430.375,53345.85499999998,14.196176006130026
5.636979,375285.08,5.636979,322147.1875,53137.892500000016,14.159340547191487
5.633803,375041.26,5.633803,321131.625,53909.63500000001,14.374321108029555
5.630631,374873.59,5.630631,320513.59375,54359.996250000026,14.500887152386493
5.627462,374519.41,5.627462,320288.0625,54231.347499999974,14.48025016914343
5.624297,374230.27,5.624297,320161.34375,54068.92625000002,14.448036565828845
5.621135,373895.75,5.621135,319926.09375,53969.65625,14.434412867757926
5.617978,373773.31,5.617978,319808.6875,53964.6225,14.437794528453624
5.614823,373630.81,5.614823,319429.1875,54201.6225,14.50673259520541
5.611672,373432.53,5.611672,319411.5,54021.03000000003,14.466075036366014
5.608525,373113.56,5.608525,318637.8125,54475.7475,14.600312971739756
5.605381,372684.88,5.605381,318611.21875,54073.661250000005,14.509217881337177
5.602241,372497.73,5.602241,318588.125,53909.60499999998,14.472465375829266
5.599104,371991.96,5.599104,318439.625,53552.33500000002,14.396100120013353
5.595971,370991.42,5.595971,317509.65625,53481.763749999984,14.415903135980876
5.592841,370649.83,5.592841,317453.375,53196.455000000016,14.35221351646108
5.589715,370438.08,5.589715,317376.21875,53061.861250000016,14.324083865783996
5.586592,370151.75,5.586592,316794.34375,53357.40625,14.41500850664626
5.583473,369939.31,5.583473,316588.875,53350.435,14.421401986179841
5.580357,369497.49,5.580357,316038.3125,53459.17749999999,14.468075953641794
5.577245,369195.21,5.577245,315626.0,53569.21000000002,14.509725085544858
5.574136,369052.14,5.574136,315425.71875,53626.421250000014,14.530852266565914
5.571031,368336.04,5.571031,314340.625,53995.41499999998,14.659280965283761
5.567929,368088.8,5.567929,314157.46875,53931.33124999999,14.651717533921161
5.56483,367906.62,5.56483,313920.03125,53986.588749999995,14.67399220758789
5.561735,367544.53,5.561735,313678.0,53866.53000000003,14.655783341409007
5.558644,367287.71,5.558644,312564.46875,54723.24125000002,14.899284609877094
5.555556,367151.42,5.555556,312411.0625,54740.357499999984,14.909477266899849
5.552471,366834.05,5.552471,312403.78125,54430.26874999999,14.837845273632583
5.54939,366664.21,5.54939,311890.0625,54774.14750000002,14.938503951612844
5.546312,366523.66,5.546312,311823.96875,54699.691249999974,14.923918213083429
5.543237,365748.0,5.543237,311768.28125,53979.71875,14.758718776315932
5.540166,365592.47,5.540166,311647.6875,53944.78249999997,14.75544135249831
5.537099,365465.92,5.537099,310980.5,54485.419999999984,14.908481753921127
5.534034,365308.39,5.534034,310778.90625,54529.483750000014,14.926972728439116
5.530973,365094.1,5.530973,309982.75,55111.34999999998,15.095108356996178
5.527916,364601.43,5.527916,309795.03125,54806.39874999999,15.031866098276137
5.524862,364234.22,5.524862,309366.875,54867.34499999997,15.063753482580516
5.521811,363736.07,5.521811,309314.53125,54421.53875000001,14.961820737217513
5.518764,363622.25,5.518764,309265.0,54357.25,14.948823951229606
5.51572,363383.41,5.51572,309097.53125,54285.878749999974,14.939008566736709
5.512679,362734.06,5.512679,309086.0,53648.06,14.789915234317947
5.509642,362501.81,5.509642,308727.75,53774.06,14.834149379833441
5.506608,362250.11,5.506608,308718.9375,53531.172499999986,14.77740683087715
5.503577,361745.41,5.503577,308671.3125,53074.097499999974,14.671671300542549
5.50055,361521.5,5.50055,308570.875,52950.625,14.646604697092705
5.497526,361277.08,5.497526,307568.53125,53708.548750000016,14.866303932150918
5.494505,361192.02,5.494505,307260.0,53932.02000000002,14.93167540080205
5.491488,360934.67,5.491488,306607.28125,54327.388749999984,15.051862086288354
5.488474,360538.45,5.488474,306125.625,54412.82500000001,15.092100440327519
5.485464,359907.34,5.485464,304907.8125,54999.527500000026,15.2815798366324
5.482456,359669.55,5.482456,304852.5625,54816.98749999999,15.240930876689449
5.479452,359336.96,5.479452,304580.5,54756.46000000002,15.238193143282567
5.476451,358876.56,5.476451,304433.25,54443.31,15.170483689433492
5.473454,358434.04,5.473454,303807.125,54626.91499999998,15.240437264273222
5.47046,358159.91,5.47046,303460.21875,54699.691249999974,15.272421542098327
5.467469,358094.75,5.467469,302758.9375,55335.8125,15.452841042768709
5.464481,357734.44,5.464481,302269.875,55464.565,15.50439622195727
5.461496,357038.57,5.461496,302103.1875,54935.38250000001,15.386399990342781
5.458515,356517.19,5.458515,302055.75,54461.44,15.275964673680953
5.455537,356017.99,5.455537,301660.3125,54357.67749999999,15.268238972979987
5.452563,355770.15,5.452563,300393.875,55376.27500000002,15.565183026175756
5.449591,355523.66,5.449591,300179.65625,55344.003749999974,15.566897502686594
5.446623,355221.06,5.446623,299133.6875,56087.3725,15.789427715800407
5.443658,354833.72,5.443658,298553.15625,56280.56374999997,15.86110918376077
5.440696,354340.28,5.440696,298503.125,55837.15500000003,15.758060302938187
5.437738,353974.21,5.437738,298464.0625,55510.14750000002,15.68197510773455
5.434783,353786.57,5.434783,298293.125,55493.44500000001,15.685571388422122
5.431831,353096.4,5.431831,297057.46875,56038.93125000002,15.870717246055191
5.428882,352544.41,5.428882,296797.34375,55747.066249999974,15.812778381594528
5.425936,352197.02,5.425936,296499.65625,55697.36375000002,15.814263206997042
5.422993,351737.08,5.422993,296415.34375,55321.736250000016,15.728150199575207
5.420054,351211.42,5.420054,296354.625,54856.794999999984,15.61930844959426
5.417118,351075.03,5.417118,296107.21875,54967.81125000003,15.656998234821776
5.414185,350872.6,5.414185,295926.4375,54946.16249999998,15.659861300084414
5.411255,350580.36,5.411255,295889.125,54691.234999999986,15.600199338034793
5.408329,350482.98,5.408329,295642.09375,54840.88624999998,15.647232356332964
5.405405,350405.25,5.405405,295155.1875,55250.0625,15.767475658541075
5.402485,349969.96,5.402485,294955.25,55014.71000000002,15.719837782648549
5.399568,349615.99,5.399568,294919.96875,54696.02124999999,15.644599450385549
5.396654,348823.42,5.396654,294392.25,54431.169999999984,15.604218891036615
5.393743,348571.81,5.393743,294137.53125,54434.27875,15.616374356262487
5.390836,348180.28,5.390836,294036.375,54143.90500000003,15.550537497413702
5.387931,348127.66,5.387931,293791.84375,54335.816249999974,15.608014671974063
5.38503,347830.14,5.38503,293784.78125,54045.358750000014,15.537859585716182
5.382131,347790.1,5.382131,292878.71875,54911.38124999998,15.788655643159474
5.379236,347289.56,5.379236,292767.65625,54521.90375,15.699263677837019
5.376344,346845.57,5.376344,292576.03125,54269.53875000001,15.646599940717135
5.373455,346655.56,5.373455,291834.65625,54820.90375,15.81422889914127
5.370569,346335.88,5.370569,291823.625,54512.255000000005,15.73970765027291
5.367687,345792.27,5.367687,291655.375,54136.89500000002,15.655900867882334
5.364807,345659.65,5.364807,291360.65625,54298.99375000002,15.708803081296882
5.36193,345625.01,5.36193,291118.5,54506.51000000001,15.770418350222979
5.359057,345281.56,5.359057,291041.34375,54240.21625,15.708981461390522
5.356186,344885.37,5.356186,290623.46875,54261.901249999995,15.733314883724988
5.353319,344700.97,5.353319,290345.125,54355.84499999997,15.768985216374636
5.350455,344257.83,5.350455,289973.40625,54284.423750000016,15.768537131021832
5.347594,344193.81,5.347594,289896.6875,54297.1225,15.775159495169305
5.344735,343839.42,5.344735,289786.90625,54052.513749999984,15.72027830607671
5.34188,343638.46,5.34188,289348.3125,54290.14750000002,15.798623791993485
5.339028,343367.2,5.339028,289301.15625,54066.04375000001,15.745838201785148
5.336179,343147.73,5.336179,287473.71875,55674.01124999998,16.224502271951497
5.333333,342683.31,5.333333,286536.0,56147.31,16.384605950024238
5.33049,342449.27,5.33049,285518.375,56930.89500000002,16.624621509632657
5.327651,341928.92,5.327651,284957.3125,56971.607499999984,16.66182769799056
5.324814,341584.6,5.324814,284075.15625,57509.44374999998,16.836076260463727
5.32198,341302.6,5.32198,283533.34375,57769.25624999998,16.926110803140666
5.319149,341079.39,5.319149,283213.875,57865.515000000014,16.96540943151095
5.316321,340791.07,5.316321,283147.84375,57643.22625000001,16.914535421952227
5.313496,340314.03,5.313496,282850.75,57463.28000000003,16.885369081022024
5.310674,340134.5,5.310674,281796.9375,58337.5625,17.151321756540426
5.307856,339704.61,5.307856,281046.1875,58658.422499999986,17.26747909014246
5.30504,339479.56,5.30504,280970.875,58508.685,17.23481820230944
5.302227,339008.59,5.302227,280910.8125,58097.777500000026,17.137553210672337
5.299417,338735.23,5.299417,280718.0,58017.22999999998,17.12760435340605
5.29661,338063.1,5.29661,280363.09375,57700.00624999998,17.067821436293986
5.293806,337989.79,5.293806,279817.71875,58172.07124999998,17.211191867659668
5.291005,337459.86,5.291005,279314.1875,58145.672499999986,17.230396675918726
5.288207,337152.91,5.288207,278676.34375,58476.566249999974,17.34422706006007
5.285412,336880.57,5.285412,277964.625,58915.94500000001,17.48867410192283
5.28262,336533.82,5.28262,277951.875,58581.94500000001,17.407446597789193
5.279831,336115.92,5.279831,277849.96875,58265.951249999984,17.335076318313035
5.277045,335499.81,5.277045,277712.59375,57787.21625,17.224217280480726
5.274262,335162.69,5.274262,277593.65625,57569.03375,17.176444594713093
5.271481,334904.47,5.271481,277579.53125,57324.93874999997,17.116803114034273
5.268704,334736.19,5.268704,277483.25,57252.94,17.10389904360207
5.265929,334524.38,5.265929,277289.125,57235.255000000005,17.109442068168544
5.263158,334278.15,5.263158,277250.25,57027.90000000002,17.060014242629983
5.260389,333829.96,5.260389,277248.1875,56581.77250000002,16.949279357670598
5.257624,333679.97,5.257624,277211.5625,56468.40749999997,16.922923932173685
5.254861,333417.74,5.254861,276526.0,56891.73999999999,17.06320125617791
5.252101,333272.18,5.252101,276479.46875,56792.71124999999,17.040939705798426
5.249344,333087.75,5.249344,276366.90625,56720.84375,17.02879909273157
5.24659,332273.8,5.24659,275944.84375,56328.95624999999,16.95257232138074
5.243838,332068.28,5.243838,275852.9375,56215.34250000003,16.92885044605887
5.24109,331899.82,5.24109,275431.71875,56468.10125000001,17.01359803388866
5.238345,331735.12,5.238345,275294.8125,56440.307499999995,17.013666656698874
5.235602,331608.35,5.235602,274917.25,56691.09999999998,17.09579990974292
5.232862,331499.98,5.232862,274353.65625,57146.32374999998,17.238711070208808
5.230126,331404.77,5.230126,274199.90625,57204.86375000002,17.261327816736017
5.227392,330994.04,5.227392,273785.25,57208.78999999998,17.283933571734398
5.22466,330598.54,5.22466,273424.1875,57174.35249999998,17.294193888454554
5.221932,330189.56,5.221932,273213.34375,56976.21625,17.25560803618382
5.219207,329732.98,5.219207,272902.96875,56830.01124999998,17.235161387253402
5.216484,329373.03,5.216484,272880.53125,56492.49875000003,17.151525354094723
5.213764,329122.19,5.213764,272868.21875,56253.97125,17.092123521054596
5.211047,328602.22,5.211047,272746.34375,55855.87624999997,16.9980215745347
5.208333,328276.57,5.208333,272484.5625,55792.00750000001,16.9954278186835
5.205622,327850.67,5.205622,272421.875,55428.794999999984,16.906720062521146
5.202914,327208.6,5.202914,271984.09375,55224.50624999998,16.877461732362775
5.200208,326842.71,5.200208,271866.84375,54975.86625000002,16.82028222382565
5.197505,326373.33,5.197505,271830.46875,54542.861250000016,16.711800945867733
5.194805,326153.2,5.194805,271650.03125,54503.16875000001,16.71091031760535
5.192108,326107.43,5.192108,271352.96875,54754.46124999999,16.79031393120972
5.189414,326007.79,5.189414,270993.1875,55014.60249999998,16.875241692844206
5.186722,325996.4,5.186722,270819.5,55176.90000000002,16.92561635649965
5.184033,325853.37,5.184033,270690.1875,55163.182499999995,16.92883596692586
5.181347,325599.75,5.181347,269971.75,55628.0,17.08477970268712
5.178664,325417.74,5.178664,269763.90625,55653.83374999999,17.10227406471448
5.175983,325162.64,5.175983,269671.03125,55491.608750000014,17.065800901973244
5.173306,324851.73,5.173306,268950.84375,55900.88624999998,17.20812330289883
5.170631,324428.28,5.170631,268788.125,55640.15500000003,17.150217299182433
5.167959,323844.75,5.167959,267649.9375,56194.8125,17.352392620229292
5.165289,323629.07,5.165289,266749.28125,56879.78875000001,17.575611718069702
5.162623,323188.06,5.162623,266069.0625,57118.9975,17.673610064678748
5.159959,323024.27,5.159959,265759.1875,57265.08250000002,17.72779565448751
5.157298,322647.77,5.157298,265538.03125,57109.73875000002,17.700335802723824
5.154639,322355.42,5.154639,265493.46875,56861.951249999984,17.63952076561951
5.151984,321793.04,5.151984,265482.21875,56310.82124999998,17.49907992105733
5.149331,321332.96,5.149331,264146.28125,57186.67875000002,17.796704934968393
5.14668,320876.0,5.14668,263743.40625,57132.59375,17.805193828768743
5.144033,320578.75,5.144033,263471.8125,57106.9375,17.813700221864362
5.141388,320177.59,5.141388,263283.53125,56894.058750000026,17.769531824510274
5.138746,319768.11,5.138746,263190.84375,56577.266249999986,17.69321720355416
5.136107,319694.06,5.136107,262458.59375,57235.46625,17.903199781065684
5.13347,319415.59,5.13347,262005.859375,57409.730625000026,17.97336524025018
5.130836,318963.64,5.130836,261682.875,57280.765000000014,17.95839958435388
5.128205,318649.35,5.128205,261528.28125,57121.06874999998,17.92599569087462
5.125577,318640.81,5.125577,261296.28125,57344.52875,17.99660525279232
5.122951,318333.25,5.122951,261013.28125,57319.96875,18.006277619444404
5.120328,317958.63,5.120328,260794.46875,57164.161250000005,17.97849023629269
5.117707,317814.29,5.117707,260390.734375,57423.55562499998,18.068273652830396
5.11509,317509.62,5.11509,259961.515625,57548.104374999995,18.124838036403432
5.112474,317341.81,5.112474,259754.46875,57587.34125,18.146786661990742
5.109862,317024.1,5.109862,259640.375,57383.72499999998,18.10074533765729
5.107252,316454.44,5.107252,258369.046875,58085.393125,18.355057089734625
5.104645,316188.37,5.104645,258178.9375,58009.432499999995,18.3464788727049
5.102041,316076.39,5.102041,258082.34375,57994.046250000014,18.348110800050588
5.099439,315276.52,5.099439,257675.75,57600.77000000002,18.26992063982437
5.09684,315019.58,5.09684,256100.453125,58919.126875000016,18.70332214746779
5.094244,314886.32,5.094244,256051.8125,58834.50750000001,18.684364408082256
5.09165,314514.11,5.09165,255472.140625,59041.969374999986,18.772438977380055
5.089059,314409.39,5.089059,255048.0,59361.390000000014,18.88028535025624
5.08647,314106.72,5.08647,254725.515625,59381.20437499997,18.90478636528374
5.083884,314044.86,5.083884,254523.0625,59521.797499999986,18.953278681268653
5.081301,313701.91,5.081301,254133.3125,59568.597499999974,18.98891769578323
5.07872,313077.24,5.07872,253229.78125,59847.45874999999,19.115876564518068
5.076142,312653.78,5.076142,253196.5,59457.28000000003,19.016971424429933
5.073567,312588.27,5.073567,253138.75,59449.52000000002,19.018474365656786
5.070994,312482.69,5.070994,252759.640625,59723.049375,19.112434475970495
5.068424,312053.05,5.068424,252742.21875,59310.83124999999,19.00665007119783
5.065856,311900.12,5.065856,252522.03125,59378.088749999995,19.037533153241494
5.063291,311647.66,5.063291,251996.8125,59650.847499999974,19.14047662029613
5.060729,311561.7,5.060729,251581.921875,59979.77812500001,19.251332280251397
5.058169,311244.2,5.058169,251539.625,59704.57500000001,19.18255022904845
5.055612,310862.06,5.055612,251391.203125,59470.856875,19.13094730022699
5.053057,310542.34,5.053057,250750.6875,59791.652500000026,19.253945371829175
5.050505,310324.87,5.050505,250466.59375,59858.276249999995,19.288907218425642
5.047956,309939.99,5.047956,250095.546875,59844.44312499999,19.30839680449109
5.045409,309559.75,5.045409,249145.921875,60413.828125,19.51604758855116
5.042864,309265.0,5.042864,248887.0625,60377.9375,19.523042536336153
5.040323,308827.56,5.040323,248656.140625,60171.419375,19.483824363019934
5.037783,308458.12,5.037783,248585.3125,59872.807499999995,19.410352205998013
5.035247,308289.79,5.035247,248273.96875,60015.82124999998,19.467339884982888
5.032713,308048.88,5.032713,247976.09375,60072.786250000005,19.501056536871683
5.030181,307758.94,5.030181,247239.625,60519.315,19.664518925104176
5.027652,307572.44,5.027652,247204.375,60368.065,19.627267319529672
5.025126,307383.46,5.025126,247127.453125,60256.00687500002,19.602878721906514
5.022602,307046.29,5.022602,247082.96875,59963.32124999998,19.529081836487908
5.02008,306479.04,5.02008,245385.78125,61093.25874999998,19.93391089648414
5.017561,306020.51,5.017561,245362.5,60658.01000000001,19.82155052287182
5.015045,305872.93,5.015045,245077.65625,60795.27374999999,19.8759902518997
5.012531,305498.43,5.012531,244779.609375,60718.82062499999,19.875329842120625
5.01002,305409.47,5.01002,244770.703125,60638.76687499997,19.85490720867299
5.007511,305135.48,5.007511,244423.15625,60712.32374999998,19.896841806138042
5.005005,304756.6,5.005005,243777.15625,60979.44374999998,20.00922826609825
5.002501,304521.85,5.002501,243734.953125,60786.89687499998,19.961423745126986
5.0,304431.82,5.0,242757.1875,61674.63250000001,20.25893104735241
4.997501,303938.1,4.997501,242598.90625,61339.19374999998,20.181475685345134
4.995005,303467.69,4.995005,242474.734375,60992.955625,20.098665404873913
4.992511,303295.18,4.992511,241756.015625,61539.16437499999,20.290188711538377
4.99002,303054.44,4.99002,241372.5,61681.94,20.35341900946906
4.987531,302717.05,4.987531,241319.8125,61397.23749999999,20.282054644758198
4.985045,302496.21,4.985045,241056.75,61439.46000000002,20.31081976200628
4.982561,302345.9,4.982561,241050.125,61295.77500000002,20.27339381814009
4.98008,302232.99,4.98008,240435.109375,61797.88062499999,20.44709964487993
4.977601,302042.0,4.977601,240169.0,61873.0,20.48489945106972
4.975124,301983.04,4.975124,239895.703125,62087.33687499998,20.559875440355853
4.97265,301652.94,4.97265,239635.28125,62017.65875,20.559275420952304
4.970179,300798.32,4.970179,239400.59375,61397.72625000001,20.411592142535902
4.96771,300325.67,4.96771,239135.0625,61190.607499999984,20.374751016121927
4.965243,300049.75,4.965243,238752.90625,61296.84375,20.428893458501467
4.962779,299453.68,4.962779,238382.703125,61070.97687499999,20.39413136449016
4.960317,299253.03,4.960317,238263.6875,60989.34250000003,20.380526305782105
4.957858,298780.79,4.957858,238000.703125,60780.08687499998,20.342702378891218
4.955401,298639.78,4.955401,237873.65625,60766.12375000003,20.34763210380078
4.952947,298269.4,4.952947,237831.390625,60438.00937500002,20.262893000421773
4.950495,297648.64,4.950495,237618.4375,60030.202500000014,20.168142713502743
4.948046,297405.27,4.948046,237608.203125,59797.06687500002,20.10625664938621
4.945598,296680.94,4.945598,237395.40625,59285.53375,19.982926355161204
4.943154,296409.89,4.943154,236822.140625,59587.749375000014,20.103158290366093
4.940711,295926.44,4.940711,236388.9375,59537.5025,20.119020963452947
4.938272,295744.0,4.938272,236271.15625,59472.84375,20.109569002245184
4.935834,295343.44,4.935834,235817.875,59525.565,20.154693464666085
4.933399,295164.43,4.933399,235791.234375,59373.19562499999,20.115294930693377
4.930966,294728.62,4.930966,235566.03125,59162.588749999995,20.073581164258837
4.928536,294535.62,4.928536,235509.75,59025.869999999995,20.040316346118
4.926108,294317.35,4.926108,235182.484375,59134.86562499998,20.092211901540967
4.923683,294071.71,4.923683,235027.8125,59043.89750000002,20.07806106204504
4.92126,294036.38,4.92126,234830.40625,59205.973750000005,20.135594700900615
4.918839,293928.82,4.918839,233805.28125,60123.53875000001,20.455135617528082
4.916421,293362.35,4.916421,233610.03125,59752.31874999998,20.36809384367148
4.914005,292958.88,4.914005,233203.203125,59755.676875000005,20.397291549926734
4.911591,292774.64,4.911591,232827.46875,59947.171250000014,20.475534100221253
4.90918,292561.53,4.90918,232176.125,60385.40500000003,20.640241046045947
4.906771,292341.27,4.906771,231644.78125,60696.48875000002,20.762203280433177
4.904365,291834.67,4.904365,231417.28125,60417.388749999984,20.70260834670534
4.901961,291516.38,4.901961,231056.140625,60460.239375000005,20.739911553168984
4.899559,291249.62,4.899559,230801.46875,60448.151249999995,20.754757122086545
4.89716,291048.69,4.89716,230567.03125,60481.65875,20.780598170704703
4.894763,290822.36,4.894763,230233.28125,60589.078749999986,20.83370712967187
4.892368,290554.7,4.892368,230025.234375,60529.46562500001,20.83238220720574
4.889976,289920.5,4.889976,228637.3125,61283.1875,21.13792832862802
4.887586,289748.71,4.887586,228433.078125,61315.63187500002,21.16165827796093
4.885198,289451.88,4.885198,227230.0,62221.880000000005,21.4964504635451
4.882812,289037.31,4.882812,227170.203125,61867.106875,21.404540083423832
4.880429,288888.56,4.880429,227033.9375,61854.6225,21.411239856642297
4.878049,288556.62,4.878049,226999.484375,61557.135624999995,21.332775392572866
4.87567,287635.71,4.87567,226692.875,60942.83500000002,21.18750658602161
4.873294,287346.78,4.873294,226664.46875,60682.31125000003,21.11814555569407
4.870921,286771.65,4.870921,226576.609375,60195.04062500002,20.990582794707922
4.868549,286535.98,4.868549,226006.21875,60529.76124999998,21.12466338433309
4.86618,286446.98,4.86618,225685.1875,60761.79249999998,21.212230095775485
4.863813,286044.17,4.863813,225434.5625,60609.607499999984,21.18889802927988
4.861449,285990.44,4.861449,225346.359375,60644.080625,21.20493280299859
4.859086,285723.36,4.859086,225253.6875,60469.672499999986,21.16371321546827
4.856727,285670.59,4.856727,225060.34375,60610.246250000026,21.216830983546476
4.854369,285066.78,4.854369,224463.578125,60603.20187500003,21.259299969993002
4.852014,284878.49,4.852014,223748.1875,61130.30249999999,21.45837774554337
4.849661,284447.37,4.849661,223592.25,60855.119999999995,21.39415808274128
4.84731,284256.48,4.84731,223193.84375,61062.63624999998,21.481528319072968
4.844961,284029.93,4.844961,222702.6875,61327.24249999999,21.59182396728401
4.842615,283623.67,4.842615,220970.09375,62653.576249999984,22.09039049879017
4.840271,283277.56,4.840271,220897.46875,62380.09125,22.020837531218497
4.837929,282850.78,4.837929,220438.359375,62412.42062500003,22.065493552819625
4.83559,282652.31,4.83559,220037.546875,62614.763125,22.152574350091108
4.833253,282611.27,4.833253,220007.015625,62604.25437500002,22.15207283665652
4.830918,282385.98,4.830918,219496.53125,62889.44874999998,22.270740477271563
4.828585,282055.42,4.828585,219427.25,62628.169999999984,22.204207244094082
4.826255,281470.78,4.826255,219346.984375,62123.79562500003,22.07113492384539
4.823927,281373.03,4.823927,218824.5,62548.53000000003,22.229753150115357
4.821601,280910.8,4.821601,218248.046875,62662.75312499999,22.30699322525157
4.819277,280623.75,4.819277,218238.3125,62385.4375,22.230989893050747
4.816956,280415.06,4.816956,218074.609375,62340.450625,22.231491641354783
4.814636,279792.43,4.814636,217244.8125,62547.61749999999,22.355007067203353
4.81232,279537.42,4.81232,217034.90625,62502.513749999984,22.35926544288775
4.810005,279255.29,4.810005,216937.765625,62317.52437499998,22.31561105789616
4.807692,278864.95,4.807692,216862.390625,62002.55937500001,22.233901885123966
4.805382,277946.72,4.805382,216251.53125,61695.18874999997,22.196768053244153
4.803074,277709.01,4.803074,216153.015625,61555.99437500001,22.16564539083554
4.800768,277483.26,4.800768,215607.65625,61875.60375000001,22.29886002852929
4.798464,277243.11,4.798464,215520.59375,61722.516249999986,22.26295767999428
4.796163,277205.69,4.796163,215420.703125,61784.986875,22.288498794884045
4.793864,277044.06,4.793864,215000.265625,62043.794375,22.394919557199675
4.791567,276727.3,4.791567,214587.453125,62139.84687499999,22.455264397477222
4.789272,276489.64,4.789272,214091.640625,62397.999375000014,22.567933964903716
4.786979,276122.3,4.786979,213782.8125,62339.48749999999,22.576766708085508
4.784689,275872.95,4.784689,212464.125,63408.82500000001,22.984792456092563
4.782401,275593.76,4.782401,211861.125,63732.63500000001,23.125572581904617
4.780115,275453.93,4.780115,211843.4375,63610.49249999999,23.092969666470175
4.777831,275117.44,4.777831,211238.734375,63878.705625,23.21870457394486
4.775549,275094.53,4.775549,211039.71875,64054.81125000003,23.284654642169738
4.77327,274912.16,4.77327,210648.28125,64263.878749999974,23.376149949132834
4.770992,274767.38,4.770992,209422.96875,65344.411250000005,23.781720832363725
4.768717,274569.0,4.768717,209398.03125,65170.96875,23.735734460190336
4.766444,274341.72,4.766444,208733.1875,65608.53249999997,23.914894351467936
4.764173,274183.63,4.764173,208519.34375,65664.28625,23.949017762293103
4.761905,273954.14,4.761905,208060.40625,65893.73375000001,24.052833715161235
4.759638,273799.0,4.759638,207931.046875,65867.953125,24.057046638227312
4.757374,273597.88,4.757374,207554.0625,66043.8175,24.13900922770308
4.755112,273430.85,4.755112,207427.4375,66003.41249999998,24.138977917085793
4.752852,273329.88,4.752852,207302.265625,66027.614375,24.156749483444695
4.750594,273213.35,4.750594,207067.625,66145.72499999998,24.210282916263054
4.748338,272421.88,4.748338,205929.40625,66492.47375,24.40790502950791
4.746084,272125.33,4.746084,205256.0,66869.33000000002,24.57298995282799
4.743833,271675.92,4.743833,204891.0,66784.91999999998,24.5825688194964
4.741584,271506.77,4.741584,204514.71875,66992.05125000002,24.674173410114236
4.739336,271095.91,4.739336,204352.609375,66743.30062499997,24.619810983131387
4.737091,270859.53,4.737091,204326.9375,66532.59250000003,24.563504374389197
4.734848,270231.04,4.734848,203633.5,66597.53999999998,24.644667022707676
4.732608,269871.07,4.732608,203343.984375,66527.085625,24.651432858290445
4.730369,269575.14,4.730369,203334.328125,66240.81187500001,24.57229990680892
4.728132,269384.29,4.728132,203162.5,66221.78999999998,24.58264733997665
4.725898,268907.29,4.725898,202701.46875,66205.82124999998,24.62031477465709
4.723666,268646.28,4.723666,202658.984375,65987.29562500003,24.56289200245022
4.721435,268443.47,4.721435,202441.78125,66001.68874999997,24.586811051876204
4.719207,268121.81,4.719207,202327.328125,65794.481875,24.539026450328677
4.716981,267926.97,4.716981,201572.53125,66354.43874999997,24.76586763549783
4.714757,267796.84,4.714757,200882.875,66913.96500000003,24.98683890370029
4.712535,267629.28,4.712535,200710.4375,66918.84250000003,25.004305395881953
4.710316,267432.42,4.710316,200567.703125,66864.71687499998,25.002472353576277
4.708098,267101.09,4.708098,200385.3125,66715.77750000003,24.977725661845867
4.705882,266788.42,4.705882,200104.125,66684.29499999998,24.995198442271217
4.703669,266629.84,4.703669,199800.625,66829.21500000003,25.064417020990604
4.701457,266478.93,4.701457,199687.0,66791.93,25.0646195554748
4.699248,266395.74,4.699248,198846.84375,67548.89624999999,25.356597763162426
4.697041,266083.07,4.697041,198706.265625,67376.804375,25.321717903735852
4.694836,265979.39,4.694836,198448.859375,67530.53062500001,25.38938472826786
4.692633,265791.41,4.692633,198287.4375,67503.97249999997,25.397349184460094
4.690432,265493.49,4.690432,197194.71875,68298.77124999999,25.72521505141237
4.688233,265024.59,4.688233,197063.359375,67961.23062500003,25.643367894654613
4.686036,264765.0,4.686036,196000.8125,68764.1875,25.9717815798916
4.683841,264692.28,4.683841,195681.59375,69010.68625000003,26.07204344985053
4.681648,264628.88,4.681648,195629.71875,68999.16125,26.073934655204678
4.679457,264146.38,4.679457,195138.875,69007.505,26.124721073217056
4.677268,263988.78,4.677268,195096.28125,68892.49875000003,26.09675257789366
4.675082,263923.03,4.675082,194965.15625,68957.87375000003,26.128024428182723
4.672897,263468.4,4.672897,194813.96875,68654.43125000002,26.05793759327495
4.670715,262939.39,4.670715,193619.8125,69319.57750000001,26.363329396938212
4.668534,262637.23,4.668534,193217.078125,69420.15187499998,26.431954020760873
4.666356,262214.7,4.666356,192210.6875,70004.01250000001,26.697211292883278
4.664179,262190.16,4.664179,192201.0625,69989.09749999997,26.694021430857656
4.662005,261872.2,4.662005,192095.421875,69776.77812500001,26.64535530117363
4.659832,261621.63,4.659832,191990.5625,69631.0675,26.615179906951887
4.657662,261456.85,4.657662,191960.65625,69496.19375,26.580368328464143
4.655493,261196.81,4.655493,191698.515625,69498.294375,26.607635206188007
4.653327,261004.77,4.653327,191685.234375,69319.53562499999,26.55872366815365
4.651163,260508.88,4.651163,191084.09375,69424.78625,26.64968128917525
4.649,260152.7,4.649,190755.40625,69397.29375000001,26.675600041821596
4.64684,259933.0,4.64684,190512.34375,69420.65625,26.707134627000034
4.644682,259626.75,4.644682,189837.9375,69788.8125,26.880439900742125
4.642526,259443.97,4.642526,189494.796875,69949.173125,26.961186696688305
4.640371,259139.12,4.640371,189474.671875,69664.448125,26.883030290833744
4.638219,258845.59,4.638219,189352.453125,69493.136875,26.847332757340002
4.636069,258270.66,4.636069,188912.5625,69358.0975,26.854810956846592
4.63392,257794.13,4.63392,188872.8125,68921.3175,26.735022050346917
4.631774,257453.24,4.631774,188653.546875,68799.69312499999,26.72318014914087
4.62963,256946.08,4.62963,188275.4375,68670.64249999999,26.725701555750526
4.627487,256693.59,4.627487,188159.96875,68533.62125,26.69861029642384
4.625347,256433.39,4.625347,188080.640625,68352.74937500001,26.65516740039197
4.623209,256340.35,4.623209,187901.78125,68438.56875,26.698320709166545
4.621072,256296.41,4.621072,187836.03125,68460.37875,26.71140760418767
4.618938,256209.35,4.618938,187690.09375,68519.25625,26.743464377861308
4.616805,255837.73,4.616805,187674.3125,68163.41750000001,26.643223225909647
4.614675,255602.73,4.614675,187307.171875,68295.55812500001,26.719416543399205
4.612546,254988.22,4.612546,187149.40625,67838.81375,26.604685404682616
4.61042,254586.22,4.61042,187046.25,67539.97,26.529310973704707
4.608295,254359.43,4.608295,186708.796875,67650.633125,26.59647142824624
4.606172,253247.47,4.606172,186622.0,66625.47,26.30844446343334
4.604052,253238.22,4.604052,186207.40625,67030.81375,26.469469636139443
4.601933,253186.18,4.601933,186019.3125,67166.8675,26.528646824246096
4.599816,252986.27,4.599816,185980.171875,67006.09812499999,26.486061130906428
4.597701,252710.02,4.597701,185862.453125,66847.56687499999,26.452281898042663
4.595588,252292.72,4.595588,185439.96875,66852.75125,26.498089699139953
4.593477,251581.91,4.593477,185100.03125,66481.87875,26.425540194841513
4.591368,251391.19,4.591368,184681.40625,66709.78375,26.5362456615922
4.589261,251097.95,4.589261,184182.140625,66915.80937500001,26.64928541829991
4.587156,250684.9,4.587156,184059.4375,66625.4625,26.577373627210893
4.585053,250538.49,4.585053,183775.1875,66763.30249999999,26.647922440979027
4.582951,250313.29,4.582951,183694.46875,66618.82125000001,26.614176678353758
4.580852,250123.96,4.580852,183460.484375,66663.47562499999,26.65217503553038
4.578755,249720.96,4.578755,183067.84375,66653.11624999999,26.69103796893941
4.576659,249503.73,4.576659,183034.375,66469.35500000001,26.640625773410285
4.574565,249175.86,4.574565,183004.9375,66170.92249999999,26.555912157782856
4.572474,248890.06,4.572474,182509.765625,66380.294375,26.670528495593597
4.570384,248412.12,4.570384,182114.75,66297.37,26.68846028929667
4.568296,248170.62,4.568296,181990.9375,66179.6825,26.667009374437633
4.56621,247967.3,4.56621,181417.75,66549.54999999999,26.838034692477592
4.564126,247713.32,4.564126,181355.15625,66358.16375,26.788290492412763
4.562044,247561.95,4.562044,181312.96875,66248.98125000001,26.760566900527326
4.559964,247312.76,4.559964,180861.109375,66451.65062500001,26.869479207219232
4.557885,247068.36,4.557885,180505.125,66563.23499999999,26.941221854550694
4.555809,246617.22,4.555809,180237.78125,66379.43875,26.915978839596033
4.553734,246259.97,4.553734,179599.109375,66660.860625,27.069304290502433
4.551661,246150.77,4.551661,179325.796875,66824.97312499999,27.14798459700126
4.549591,245938.17,4.549591,179298.640625,66639.52937500001,27.09604994417906
4.547522,245764.27,4.547522,179225.125,66539.14499999999,27.074377003622207
4.545455,245434.32,4.545455,178999.515625,66434.804375,27.06826183681239
4.543389,244983.58,4.543389,178848.21875,66135.36124999999,26.995834271831605
4.541326,244801.69,4.541326,178451.78125,66349.90875,27.103533782793736
4.539265,244548.73,4.539265,178305.9375,66242.79250000001,27.087767947108134
4.537205,243831.8,4.537205,178158.53125,65673.26874999999,26.93384076646278
4.535147,243734.55,4.535147,178158.40625,65576.14374999999,26.904738679846574
4.533092,243592.1,4.533092,178064.984375,65527.115625000006,26.9003451363981
4.531038,243356.59,4.531038,177941.796875,65414.793125,26.88022260872409
4.528986,242983.11,4.528986,177596.578125,65386.531874999986,26.909908213373345
4.526935,242742.11,4.526935,177104.5625,65637.54749999999,27.040033350620536
4.524887,242718.72,4.524887,176887.9375,65830.7825,27.122251839495526
4.52284,242614.23,4.52284,176813.65625,65800.57375000001,27.12148160064643
4.520796,242508.03,4.520796,175809.671875,66698.358125,27.50356684065266
4.518753,242362.73,4.518753,175792.53125,66570.19875000001,27.467176471398886
4.516712,242099.91,4.516712,175763.171875,66336.738125,27.400562901902774
4.514673,241831.94,4.514673,174419.75,67412.19,27.8756354516281
4.512635,241357.51,4.512635,174285.140625,67072.36937500001,27.789634296028332
4.5106,241319.81,4.5106,174251.515625,67068.294375,27.7922870795398
4.508566,241050.12,4.508566,173236.140625,67813.979375,28.132729979557773
4.506534,240744.71,4.506534,172881.875,67862.83499999999,28.188712848560616
4.504505,240740.55,4.504505,172102.390625,68638.15937499999,28.51125802238135
4.502476,240627.32,4.502476,171773.203125,68854.116875,28.614422034455604
4.50045,240010.69,4.50045,171672.375,68338.315,28.47302968046965
4.498426,239748.5,4.498426,171615.875,68132.625,28.418373837583964
4.496403,239659.48,4.496403,171343.84375,68315.63625000001,28.505292696954864
4.494382,239557.2,4.494382,170678.6875,68878.51250000001,28.75242843880293
4.492363,239509.94,4.492363,170206.890625,69303.049375,28.9353541548213
4.490346,239160.31,4.490346,169523.015625,69637.294375,29.117412657225607
4.48833,239012.96,4.48833,169162.984375,69849.97562499999,29.224346506147615
4.486317,238889.33,4.486317,168710.921875,70178.40812499999,29.376953807438777
4.484305,238625.69,4.484305,167606.15625,71019.53375,29.7618977026321
4.482295,238557.77,4.482295,167573.140625,70984.62937499999,29.755739825619592
4.480287,238452.86,4.480287,166862.09375,71590.76624999999,30.02302687835239
4.47828,238000.71,4.47828,166814.09375,71186.61624999999,29.91025373411701
4.476276,237946.79,4.476276,166737.15625,71209.63375000001,29.926704936847436
4.474273,237677.12,4.474273,166430.625,71246.495,29.976168930353918
4.472272,237415.88,4.472272,166166.46875,71249.41125,30.010381466479835
4.470273,237296.75,4.470273,165064.40625,72232.34375,30.439668368825114
4.468275,236957.5,4.468275,165046.8125,71910.6875,30.347504299294176
4.46628,236722.25,4.46628,163358.28125,73363.96875,30.99158137859876
4.464286,236435.88,4.464286,163246.84375,73189.03625,30.955130942900883
4.462294,236099.32,4.462294,163174.03125,72925.28875,30.88754713482445
4.460303,236000.5,4.460303,163161.0,72839.5,30.86412952514931
4.458315,235791.25,4.458315,163133.96875,72657.28125,30.814239820179928
4.456328,235460.34,4.456328,162549.078125,72911.261875,30.96541093714551
4.454343,235300.46,4.454343,162122.5,73177.95999999999,31.099794705033723
4.45236,234749.59,4.45236,162030.78125,72718.80875,30.977182430861756
4.450378,234635.23,4.450378,161874.265625,72760.96437500001,31.01024700127087
4.448399,234327.35,4.448399,161866.71875,72460.63125,30.922822816030653
4.446421,234155.59,4.446421,161654.71875,72500.87125,30.96269076898826
4.444444,233805.27,4.444444,161454.4375,72350.83249999999,30.944910908124523
4.44247,233294.92,4.44247,161054.890625,72240.02937500001,30.965110331163665
4.440497,232865.36,4.440497,160871.671875,71993.68812499999,30.916443787517384
4.438526,232674.68,4.438526,160642.640625,72032.039375,30.958263002661052
4.436557,232226.42,4.436557,160492.484375,71733.93562500001,30.889653134643343
4.43459,231921.54,4.43459,160473.96875,71447.57125000001,30.806785454253195
4.432624,231678.2,4.432624,160422.953125,71255.24687500001,30.756129353128607
4.43066,230407.8,4.43066,160239.0,70168.79999999999,30.45417733253822
4.428698,230103.03,4.428698,159358.359375,70744.670625,30.744780120887587
4.426737,229730.52,4.426737,159222.828125,70507.69187499999,30.691477943374696
4.424779,229514.16,4.424779,158777.1875,70736.9725,30.820308646751904
4.422822,229201.93,4.422822,158748.96875,70452.96125,30.738380453428114
4.420866,228938.61,4.420866,158730.09375,70208.51624999999,30.66696187681055
4.418913,228458.28,4.418913,158589.859375,69868.420625,30.58257316171688
4.416961,228293.65,4.416961,158246.3125,70047.3375,30.682998629177817
4.415011,228077.08,4.415011,158212.125,69864.95499999999,30.63216830029567
4.413063,228077.08,4.413063,158178.546875,69898.53312499999,30.646890570942066
4.411116,227713.34,4.411116,158044.75,69668.59,30.594865456718523
4.409171,227588.21,4.409171,158010.59375,69577.61624999999,30.571713820324874
4.407228,227230.02,4.407228,157946.3125,69283.70749999999,30.490560842268987
4.405286,227029.46,4.405286,157884.84375,69144.61624999999,30.456230768465026
4.403347,226840.08,4.403347,156963.40625,69876.67374999999,30.804377140935586
4.401408,226622.84,4.401408,156482.75,70140.09,30.950141653859774
4.399472,226440.04,4.399472,156376.875,70063.16500000001,30.941155548285543
4.397537,226012.27,4.397537,156346.890625,69665.37937499999,30.82371562172266
4.395604,225756.17,4.395604,156049.9375,69706.23250000001,30.87677847298703
4.393673,225120.96,4.393673,155906.375,69214.58499999999,30.7455089921436
4.391744,224841.71,4.391744,155894.90625,68946.80374999999,30.66459677343674
4.389816,224520.73,4.389816,155861.734375,68658.99562500001,30.58024781275208
4.387889,223942.65,4.387889,155842.296875,68100.353125,30.40972906456184
4.385965,223799.37,4.385965,155216.96875,68582.40125,30.64459084491614
4.384042,223719.39,4.384042,155157.8125,68561.57750000001,30.646238352428913
4.382121,223505.32,4.382121,154951.234375,68554.085625,30.672238864381395
4.380201,223258.81,4.380201,154802.3125,68456.4975,30.662394688926277
4.378284,223115.18,4.378284,154743.515625,68371.664375,30.644111429352318
4.376368,223045.8,4.376368,154719.375,68326.42499999999,30.633360950979572
4.374453,222754.44,4.374453,154614.5,68139.94,30.58971125334247
4.37254,222382.2,4.37254,154599.3125,67782.88750000001,30.48035656630792
4.370629,221958.94,4.370629,154134.421875,67824.518125,30.557236453282755
4.36872,221548.02,4.36872,154040.296875,67507.72312499999,30.470921439514555
4.366812,221034.77,4.366812,153976.65625,67058.11374999999,30.338264767122382
4.364906,220799.96,4.364906,153955.34375,66844.61624999999,30.273835307760017
4.363002,220325.27,4.363002,153026.96875,67298.30124999999,30.544976184529354
4.361099,219893.11,4.361099,152308.703125,67584.40687499999,30.735118019386782
4.359198,219639.74,4.359198,152127.734375,67512.00562499999,30.7376095168388
4.357298,219427.25,4.357298,151888.9375,67538.3125,30.779364231197352
4.355401,219068.23,4.355401,151874.0,67194.23000000001,30.672740634276362
4.353505,218805.16,4.353505,151596.65625,67208.50375,30.716142046193063
4.35161,218435.63,4.35161,151428.203125,67007.426875,30.67605173890359
4.349717,218086.31,4.349717,151386.203125,66700.106875,30.5842704546654
4.347826,217800.52,4.347826,151109.46875,66691.05124999999,30.620244272144063
4.345937,217739.43,4.345937,150803.828125,66935.601875,30.741148663335803
4.344049,217300.67,4.344049,150706.015625,66594.65437500001,30.64631801411381
4.342162,216936.29,4.342162,150187.203125,66749.08687500001,30.76898147147257
4.340278,216854.62,4.340278,150139.625,66714.995,30.76484835785375
4.338395,216530.15,4.338395,150091.46875,66438.68125,30.683339594970953
4.336513,216233.12,4.336513,149693.34375,66539.77625,30.772240741843802
4.334634,215928.71,4.334634,148622.953125,67305.75687499999,31.170360289282513
4.332756,215630.81,4.332756,148241.125,67389.685,31.252345154201294
4.330879,215365.86,4.330879,148081.296875,67284.56312499999,31.241981958050356
4.329004,215237.06,4.329004,147686.09375,67550.96625,31.3844494298519
4.327131,215089.14,4.327131,147116.359375,67972.78062500001,31.602144406268028
4.32526,215000.26,4.32526,147105.375,67894.88500000001,31.578978090538122
4.32339,214743.93,4.32339,147027.8125,67716.1175,31.533425647933328
4.321521,214645.4,4.321521,146998.34375,67647.05625,31.51572605329534
4.319654,214057.56,4.319654,146782.3125,67275.2475,31.428578135712655
4.317789,213426.08,4.317789,146619.1875,66806.89249999999,31.30212226172171
4.315926,213063.45,4.315926,146613.71875,66449.73125000001,31.18776648458476
4.314064,212684.84,4.314064,146306.3125,66378.5275,31.209806726233992
4.312204,212021.69,4.312204,145981.953125,66039.736875,31.14763252523834
4.310345,211586.96,4.310345,145860.34375,65726.61624999999,31.063642225399903
4.308488,211191.43,4.308488,145584.515625,65606.914375,31.06514046284927
4.306632,210980.08,4.306632,145388.328125,65591.75187499999,31.089073373656884
4.304778,210820.55,4.304778,145306.171875,65514.37812499999,31.075897546515268
4.302926,210493.42,4.302926,144994.796875,65498.62312500001,31.11670812560317
4.301075,209369.59,4.301075,144860.609375,64508.980625,30.81105552387049
4.299226,209318.23,4.299226,144779.546875,64538.68312500001,30.832805687779803
4.297379,208949.4,4.297379,144726.828125,64222.571874999994,30.735944623435145
4.295533,208639.0,4.295533,144469.71875,64169.28125,30.756129606641135
4.293688,208379.22,4.293688,143900.59375,64478.62625,30.942925235059427
4.291845,208205.72,4.291845,143063.0,65142.72,31.287670674945918
4.290004,207952.64,4.290004,143052.890625,64899.749375000014,31.208908612557174
4.288165,207513.0,4.288165,142704.875,64808.125,31.23087469218796
4.286327,207306.23,4.286327,142207.765625,65098.46437500001,31.402078159927953
4.28449,207256.7,4.28449,141820.34375,65436.35625000001,31.572613213469097
4.282655,206863.55,4.282655,140945.875,65917.67499999999,31.865292363009335
4.280822,206579.55,4.280822,140390.375,66189.17499999999,32.040526276681305
4.27899,205929.42,4.27899,139998.109375,65931.31062500001,32.01646011774326
4.27716,205604.53,4.27716,139709.4375,65895.0925,32.04943611894154
4.275331,205370.62,4.275331,139670.171875,65700.448125,31.99116218522396
4.273504,204891.01,4.273504,139471.671875,65419.33812500001,31.928847500434504
4.271679,204511.65,4.271679,139443.265625,65068.384374999994,31.816468340556636
4.269855,204412.91,4.269855,139080.84375,65332.06625,31.960831754706685
4.268032,203833.54,4.268032,139056.046875,64777.49312500001,31.779604634742647
4.266212,203636.23,4.266212,138920.78125,64715.44875000001,31.779928723881802
4.264392,203307.2,4.264392,138872.390625,64434.80937500001,31.69332388375818
4.262575,203182.49,4.262575,138798.4375,64384.05249999999,31.687795783977247
4.260758,202658.98,4.260758,138549.15625,64109.82375000001,31.634336534211315
4.258944,202356.13,4.258944,138387.71875,63968.411250000005,31.61179809576315
4.257131,202272.22,4.257131,137497.25,64774.97,32.02366098518126
4.255319,202024.03,4.255319,137365.734375,64658.295625,32.005249882897594
4.253509,201710.6,4.253509,137287.609375,64422.990625000006,31.938326803350943
4.251701,201491.17,4.251701,137080.609375,64410.56062500001,31.966939605839805
4.249894,201361.94,4.249894,137039.390625,64322.549375,31.943747351162788
4.248088,200927.33,4.248088,136968.625,63958.70499999999,31.83175977105752
4.246285,200753.17,4.246285,136623.203125,64129.96687500001,31.944684547197937
4.244482,200705.39,4.244482,136559.453125,64145.936875000014,31.96024624699915
4.242681,200393.16,4.242681,136489.296875,63903.863125,31.88924368725959
4.240882,200104.91,4.240882,135960.625,64144.285,32.05532787776172
4.239084,199911.0,4.239084,135777.90625,64133.09375,32.08082284116432
4.237288,199718.42,4.237288,135619.640625,64098.77937500001,32.09457564054433
4.235493,199543.18,4.235493,135547.8125,63995.36749999999,32.07093697714951
4.2337,199339.85,4.2337,135460.515625,63879.334375000006,32.04544117746653
4.231909,199198.9,4.231909,134936.890625,64262.009374999994,32.260223010769636
4.230118,199125.66,4.230118,134241.234375,64884.425625,32.58466318454387
4.22833,198787.44,4.22833,133696.53125,65090.90875,32.74397454386454
4.226543,198557.68,4.226543,132382.75,66174.93,33.327811847922476
4.224757,198270.88,4.224757,132199.90625,66070.97375,33.32358929864033
4.222973,197916.65,4.222973,131838.4375,66078.2125,33.38688912731698
4.22119,197488.21,4.22119,131719.5625,65768.64749999999,33.30256904956504
4.219409,197316.78,4.219409,131683.859375,65632.920625,33.26271623984539
4.21763,197194.73,4.21763,131659.015625,65535.71437500001,33.23400903005877
4.215852,196994.83,4.215852,131547.359375,65447.47062499999,33.22293819842886
4.214075,196648.62,4.214075,131175.03125,65473.588749999995,33.29471050953726
4.2123,196485.78,4.2123,131074.953125,65410.826875,33.290361712180896
4.210526,196261.21,4.210526,130639.039062,65622.170938,33.436138979271554
4.208754,196027.5,4.208754,129672.242188,66355.257812,33.84997401487036
4.206984,195755.31,4.206984,129664.859375,66090.450625,33.761766475198044
4.205214,195631.24,4.205214,129505.632812,66125.607188,33.80114913548572
4.203447,195510.35,4.203447,128926.992188,66583.357812,34.05618056128487
4.201681,195307.36,4.201681,128758.34375,66549.01624999999,34.07399303845999
4.199916,195040.56,4.199916,128519.5625,66520.9975,34.10623795378766
4.198153,194899.16,4.198153,128482.59375,66416.56625,34.07739994877351
4.196391,194684.49,4.196391,128012.0,66672.48999999999,34.246431238564504
4.194631,194501.24,4.194631,127861.671875,66639.56812499999,34.261770323417984
4.192872,194401.54,4.192872,127583.515625,66818.02437500001,34.37113943387486
4.191115,193622.51,4.191115,127315.820312,66306.68968800001,34.24534145745761
4.189359,193460.67,4.189359,127210.6875,66249.98250000001,34.24467748405917
4.187605,193205.59,4.187605,126712.273438,66493.31656199999,34.41583473956421
4.185852,193041.26,4.185852,126390.484375,66650.77562500001,34.52669943461828
4.1841,192974.39,4.1841,125933.1875,67041.20250000001,34.740984282940346
4.18235,192525.55,4.18235,125925.140625,66600.40937499999,34.59302382203297
4.180602,192109.15,4.180602,125793.375,66315.775,34.519841975252085
4.178855,191777.56,4.178855,125345.0,66432.56,34.64042404126948
4.177109,191582.71,4.177109,125296.453125,66286.25687499999,34.599289714087455
4.175365,191491.78,4.175365,125134.585938,66357.194062,34.652763717586204
4.173623,191154.68,4.173623,125019.726562,66134.953438,34.59761144116377
4.171882,190791.53,4.171882,124989.195312,65802.334688,34.489127839165604
4.170142,190562.75,4.170142,124386.210938,66176.539062,34.72690180111275
4.168404,190125.05,4.168404,123864.015625,66261.03437499999,34.85129096612992
4.166667,189740.12,4.166667,123580.257812,66159.862188,34.86867310297896
4.164931,189428.2,4.164931,123419.609375,66008.59062500001,34.84623230596078
4.163197,189350.19,4.163197,123369.851562,65980.338438,34.8456679330504
4.161465,189118.64,4.161465,122623.382812,66495.25718800002,35.16060457499061
4.159734,188791.91,4.159734,122539.609375,66252.300625,35.09276463435324
4.158004,188370.17,4.158004,122491.882812,65878.28718800002,34.97278108736644
4.156276,188246.0,4.156276,122366.859375,65879.140625,34.996303042295715
4.154549,187793.43,4.154549,122260.0625,65533.36749999999,34.89651767902636
4.152824,187420.94,4.152824,121872.609375,65548.330625,34.973856509843564
4.1511,187328.26,4.1511,121791.882812,65536.37718800001,34.9847786916934
4.149378,186985.06,4.149378,121033.171875,65951.888125,35.271207295919794
4.147657,186756.59,4.147657,120823.664062,65932.925938,35.30420315449109
4.145937,186608.14,4.145937,120761.617188,65846.52281200001,35.285986351935136
4.144219,186164.46,4.144219,120576.078125,65588.38187499999,35.23141950670928
4.142502,185980.19,4.142502,119706.53125,66273.65875,35.634794625169484
4.140787,185774.3,4.140787,119676.15625,66098.14374999999,35.57981042049411
4.139073,185553.62,4.139073,119660.96875,65892.65125,35.51138007978502
4.13736,185452.04,4.13736,119553.515625,65898.52437500001,35.533998102690056
4.135649,185147.25,4.135649,119218.070312,65929.179688,35.609051545729145
4.13394,185073.17,4.13394,118822.265625,66250.90437500001,35.79714140898976
4.132231,184931.45,4.132231,118411.695312,66519.75468800002,35.969952481311324
4.130525,184879.53,4.130525,117862.046875,67017.483125,36.24927168789319
4.128819,184692.0,4.128819,117209.804688,67482.195312,36.537692651549605
4.127115,184381.24,4.127115,116774.273438,67606.96656199999,36.66694429541747
4.125413,184105.67,4.125413,116384.703125,67720.96687500001,36.783748634683555
4.123711,183740.5,4.123711,116248.5,67492.0,36.7322392178099
4.122012,183460.47,4.122012,116070.75,67389.72,36.732556065074945
4.120313,183143.69,4.120313,115959.53125,67184.15875,36.6838512154036
4.118616,182998.56,4.118616,115956.007812,67042.552188,36.63556269950977
4.116921,182815.52,4.116921,115113.15625,67702.36374999999,37.03315984879183
4.115226,182481.26,4.115226,114572.359375,67908.90062500001,37.214177842152125
4.113534,182454.58,4.113534,114536.015625,67918.56437499999,37.22491612707118
4.111842,182240.76,4.111842,114434.90625,67805.85375000001,37.20674439132058
4.110152,181844.71,4.110152,113903.734375,67940.97562499999,37.36208527869741
4.108463,181565.52,4.108463,113652.84375,67912.67624999999,37.40394996252592
4.106776,181378.73,4.106776,113456.179688,67922.550312,37.44791371733609
4.10509,181158.24,4.10509,113367.054688,67791.18531199999,37.4209780973805
4.103406,181066.13,4.103406,113081.0625,67985.0675,37.54709260091879
4.101723,180812.48,4.101723,112842.820312,67969.65968800001,37.59124352920772
4.100041,180754.31,4.100041,112752.757812,68001.552188,37.620985185913405
4.098361,180237.77,4.098361,112732.65625,67505.11374999999,37.45336715495314
4.096682,179765.57,4.096682,112708.0,67057.57,37.30278829255235
4.095004,179241.7,4.095004,112607.90625,66633.79375000001,37.17538594534643
4.093328,179154.19,4.093328,112474.78125,66679.40875,37.21900601375832
4.091653,179018.16,4.091653,112260.734375,66757.425625,37.29086793485086
4.08998,178697.16,4.08998,112191.039062,66506.12093800001,37.21722322727457
4.088307,178595.77,4.088307,112148.75,66447.01999999999,37.20525967664295
4.086637,178451.78,4.086637,112007.195312,66444.584688,37.233915340043126
4.084967,178064.98,4.084967,111517.078125,66547.90187500001,37.3728185491611
4.083299,177595.4,4.083299,111408.75,66186.65,37.26822316343779
4.081633,177145.56,4.081633,110811.398438,66334.161562,37.44613275207123
4.079967,176957.01,4.079967,110305.148438,66651.861562,37.665567225621636
4.078303,176679.91,4.078303,110245.679688,66434.230312,37.601462617906016
4.076641,176350.08,4.076641,110048.929688,66301.15031199998,37.59632562230762
4.07498,176002.7,4.07498,109161.28125,66841.41875000001,37.97749622591017
4.07332,175840.27,4.07332,108671.039062,67169.230938,38.199003526325335
4.071661,175541.22,4.071661,108034.921875,67506.298125,38.4560948847228
4.070004,175151.27,4.070004,107976.734375,67174.53562499999,38.35229720286926
4.068348,174705.2,4.068348,107938.429688,66766.77031200001,38.21681913989967
4.066694,174497.79,4.066694,107387.5625,67110.22750000001,38.459070169312746
4.065041,174092.77,4.065041,107184.21875,66908.55124999999,38.43269956012533
4.063389,173942.92,4.063389,106926.75,67016.17000000001,38.52767908001085
4.061738,173617.6,4.061738,106921.671875,66695.928125,38.41541878530748
4.060089,173386.84,4.060089,106784.28125,66602.55875,38.41269542140569
4.058442,173174.73,4.058442,106623.359375,66551.37062500001,38.43018587353941
4.056795,172970.99,4.056795,105915.101562,67055.888438,38.76712993201924
4.05515,172765.87,4.05515,105673.382812,67092.487188,38.83434105821943
4.053506,172195.43,4.053506,105349.625,66845.805,38.81973232390662
4.051864,172053.8,4.051864,105311.640625,66742.15937499999,38.79144742807191
4.050223,171732.06,4.050223,105256.25,66475.81,38.70902730684067
4.048583,171420.09,4.048583,105209.609375,66210.480625,38.62469132118645
4.046945,171098.65,4.046945,104779.359375,66319.290625,38.760849734933615
4.045307,170893.2,4.045307,103852.210938,67040.98906200001,39.22975815421562
4.043672,170637.17,4.043672,103716.3125,66920.85750000001,39.218218105703464
4.042037,170274.67,4.042037,103359.484375,66915.18562500001,39.29837927449809
4.040404,169948.73,4.040404,103161.804688,66786.925312,39.29827855259642
4.038772,169712.03,4.038772,102960.4375,66751.5925,39.33226919741635
4.037142,169508.96,4.037142,102695.226562,66813.733438,39.41604823603424
4.035513,169409.66,4.035513,101781.140625,67628.519375,39.92010808297473
4.033885,168933.3,4.033885,101771.375,67161.92499999999,39.75647489275352
4.032258,168837.94,4.032258,100799.835938,68038.104062,40.29787621313077
4.030633,168610.8,4.030633,100707.242188,67903.55781199998,40.27236559698429
4.029009,168529.11,4.029009,100700.78125,67828.32874999999,40.2472479383532
4.027386,168130.52,4.027386,100468.34375,67662.17624999999,40.243839280340055
4.025765,168004.31,4.025765,100292.421875,67711.888125,40.30366133166465
4.024145,167840.48,4.024145,100074.453125,67766.02687500001,40.37525802774159
4.022526,167654.62,4.022526,99423.429688,68231.19031199999,40.697470974554705
4.020909,167424.14,4.020909,98900.4375,68523.70250000001,40.92820933707649
4.019293,166761.84,4.019293,98837.546875,67924.293125,40.731316663932226
4.017678,166166.47,4.017678,98565.117188,67601.352812,40.682908418286786
4.016064,165870.72,4.016064,98024.671875,67846.048125,40.90296836295158
4.014452,165569.54,4.014452,97476.421875,68093.11812500001,41.126597395269684
4.012841,165226.39,4.012841,97278.445312,67947.94468800002,41.12414771514406
4.011231,164898.47,4.011231,96452.953125,68445.516875,41.507672493868505
4.009623,164786.36,4.009623,96365.703125,68420.65687499999,41.52082543421676
4.008016,164548.7,4.008016,96349.414062,68199.28593800002,41.446262375819444
4.00641,164291.18,4.00641,96162.421875,68128.758125,41.46829922641008
4.004806,164101.35,4.004806,95996.28125,68105.06875,41.501833318251194
4.003203,164023.13,4.003203,95932.421875,68090.708125,41.51286963308163
4.001601,163419.24,4.001601,95253.90625,68165.33374999999,41.71193902872146
4.0,163187.28,4.0,94986.828125,68200.451875,41.79274994656446
3.998401,163010.62,3.998401,94493.648438,68516.97156199999,42.032213338002144
3.996803,162726.97,3.996803,94457.195312,68269.774688,41.953570872732406
3.995206,162415.94,3.995206,93726.578125,68689.361875,42.29225399612871
3.99361,162237.32,3.99361,93495.609375,68741.710625,42.371083684691044
3.992016,162078.9,3.992016,92905.132812,69173.767188,42.679070001092065
3.990423,161779.59,3.990423,92792.734375,68986.855625,42.64249626606174
3.988831,161494.93,3.988831,92690.859375,68804.070625,42.604477196281024
3.987241,161196.0,3.987241,92225.1875,68970.8125,42.786925544058164
3.985652,160927.64,3.985652,92191.710938,68735.92906200001,42.712320308680354
3.984064,160811.07,3.984064,92020.125,68790.945,42.777493489720584
3.982477,160642.64,3.982477,91815.640625,68826.99937500001,42.84478851629929
3.980892,160538.04,3.980892,91587.109375,68950.93062500001,42.9499018581515
3.979308,160422.95,3.979308,91023.21875,69399.73125000001,43.26047566760243
3.977725,160217.84,3.977725,90646.734375,69571.105625,43.42282084504447
3.976143,160002.43,3.976143,90174.828125,69827.601875,43.6415883652517
3.974563,159391.91,3.974563,90166.921875,69224.988125,43.430678586510446
3.972984,159282.5,3.972984,90130.1875,69152.3125,43.41488393263541
3.971406,159142.68,3.971406,89966.617188,69176.06281199999,43.46795140813262
3.969829,158675.34,3.969829,89818.757812,68856.582188,43.39463346226326
3.968254,158416.8,3.968254,89612.726562,68804.07343799999,43.432308592270516
3.96668,158246.32,3.96668,89510.0625,68736.2575,43.43624388864146
3.965107,158069.73,3.965107,89397.039062,68672.69093800001,43.44455509476736
3.963535,157934.6,3.963535,89342.921875,68591.678125,43.43043140958346
3.961965,157819.4,3.961965,89318.851562,68500.548438,43.40439035885322
3.960396,157650.94,3.960396,88808.109375,68842.830625,43.66788464756379
3.958828,157449.99,3.958828,88754.078125,68695.91187499999,43.630305644986066
3.957262,157145.72,3.957262,88687.523438,68458.196562,43.56351325508579
3.955696,156971.95,3.955696,88661.328125,68310.62187500001,43.51772522097101
3.954132,156714.35,3.954132,88476.257812,68238.09218800001,43.54297624180556
3.952569,156692.83,3.952569,88396.4375,68296.39249999999,43.58616313203354
3.951008,156482.76,3.951008,87942.734375,68540.02562500001,43.80036856775788
3.949447,156196.17,3.949447,87858.085938,68338.08406200001,43.75144669808485
3.947888,155793.04,3.947888,87708.820312,68084.21968800001,43.701708168734626
3.94633,155229.73,3.94633,87596.3125,67633.41750000001,43.5698867092019
3.944773,155184.3,3.944773,86179.757812,69004.54218799999,44.46618774450766
3.943218,155107.62,3.943218,85621.351562,69486.268438,44.79874582435086
3.941663,154678.06,3.941663,85550.273438,69127.786562,44.69139744964476
3.94011,154352.09,3.94011,84795.640625,69556.449375,45.06349695362077
3.938558,154001.94,3.938558,84495.1875,69506.7525,45.13368630291281
3.937008,153926.75,3.937008,84055.75,69871.0,45.392370072128465
3.935458,153677.25,3.935458,83721.304688,69955.945312,45.521341195264746
3.93391,153127.97,3.93391,82822.640625,70305.329375,45.91279396899208
3.932363,152828.02,3.932363,82771.710938,70056.30906199999,45.839963811609934
3.930818,152476.14,3.930818,82394.203125,70081.93687500001,45.96255969950446
3.929273,152308.71,3.929273,82350.640625,69958.06937499999,45.93175884360126
3.92773,152127.74,3.92773,82116.484375,70011.25562499999,46.021360486259766
3.926188,151888.94,3.926188,82076.859375,69812.080625,45.96258333556084
3.924647,151836.86,3.924647,82023.671875,69813.18812499999,45.97907788991421
3.923107,151773.48,3.923107,81926.84375,69846.63625000001,46.02031675757846
3.921569,151339.51,3.921569,81544.523438,69794.986562,46.118152861734515
3.920031,151055.65,3.920031,81255.742188,69799.90781199999,46.20807484658799
3.918495,150835.83,3.918495,81224.53125,69611.29874999999,46.15037338939958
3.91696,150534.54,3.91696,80612.992188,69921.547812,46.44884012134358
3.915427,150376.17,3.915427,80438.9375,69937.23250000001,46.50818843171761
3.913894,150243.0,3.913894,80291.085938,69951.914062,46.55918349740087
3.912363,150162.52,3.912363,80051.492188,70111.02781199999,46.690098043106886
3.910833,149790.09,3.910833,78931.304688,70858.78531199999,47.30538936988421
3.909304,149618.66,3.909304,78540.5,71078.16,47.5062134629464
3.907776,149430.95,3.907776,78394.921875,71036.02812500001,47.53769424941755
3.90625,149020.38,3.90625,77852.21875,71168.16125,47.75733443304869
3.904725,148922.97,3.904725,77543.773438,71379.196562,47.93028003806263
3.903201,148530.56,3.903201,77356.664062,71173.895938,47.91868820665592
3.901678,148075.11,3.901678,77178.210938,70896.89906199998,47.879011578650854
3.900156,147603.43,3.900156,77144.875,70458.555,47.73503908411884
3.898635,147342.54,3.898635,76924.21875,70418.32125000001,47.79225419217016
3.897116,147116.36,3.897116,76773.125,70343.23499999999,47.81469239722897
3.895598,146935.14,3.895598,76716.789062,70218.35093800002,47.78867120417894
3.894081,146821.28,3.894081,76580.25,70241.03,47.84117806356136
3.892565,146619.18,3.892565,75995.523438,70623.65656199999,48.1680886238758
3.891051,146295.12,3.891051,75887.382812,70407.737188,48.12719466513989
3.889537,146022.6,3.889537,75765.757812,70256.84218800001,48.113677052730196
3.888025,145908.05,3.888025,75514.5,70393.54999999999,48.245144801811826
3.886514,145565.96,3.886514,75356.890625,70209.06937499999,48.23179084931669
3.885004,145366.33,3.885004,74928.75,70437.57999999999,48.45522343447757
3.883495,144719.22,3.883495,74736.09375,69983.12625,48.357865838414554
3.881988,144469.71,3.881988,74388.648438,70081.06156199999,48.5091730038082
3.880481,144070.8,3.880481,74054.070312,70016.72968799999,48.59883452302618
3.878976,144033.39,3.878976,73472.0625,70561.32750000001,48.989562420213815
3.877472,143604.19,3.877472,73369.359375,70234.830625,48.908622112627775
3.875969,143421.53,3.875969,73211.609375,70209.920625,48.95354318490397
3.874467,143140.19,3.874467,73125.796875,70014.393125,48.9131620720917
3.872967,142988.94,3.872967,72775.5,70213.44,49.10410553431615
3.871467,142780.15,3.871467,72637.960938,70142.18906199999,49.126008805845906
3.869969,142683.05,3.869969,72443.328125,70239.72187499999,49.227796767030135
3.868472,141903.18,3.868472,72146.726562,69756.453438,49.15778028230234
3.866976,141771.62,3.866976,71924.0625,69847.5575,49.26765843544709
3.865481,141643.87,3.865481,71547.359375,70096.510625,49.48785332185572
3.863988,141055.17,3.863988,71373.085938,69682.08406200001,49.400588480379696
3.862495,140937.18,3.862495,71261.328125,69675.851875,49.4375237783245
3.861004,140390.37,3.861004,71242.015625,69148.354375,49.25434299731527
3.859514,140341.05,3.859514,71009.046875,69332.00312499999,49.40251132865259
3.858025,140121.62,3.858025,70819.015625,69302.604375,49.458894619545504
3.856537,139891.68,3.856537,70546.148438,69345.53156199999,49.570876239387495
3.85505,139802.67,3.85505,70146.210938,69656.45906200001,49.82484173013291
3.853565,139543.79,3.853565,69883.59375,69660.19625000001,49.91995433834784
3.85208,139236.07,3.85208,69645.664062,69590.40593800001,49.9801566777919
3.850597,138945.13,3.850597,69353.8125,69591.3175,50.085467191257436
3.849115,138849.01,3.849115,69227.992188,69621.017812,50.141529861826164
3.847634,138669.41,3.847634,68943.101562,69726.30843800001,50.282400738562316
3.846154,138157.59,3.846154,68850.421875,69307.168125,50.16529900745952
3.844675,137808.98,3.844675,68650.820312,69158.15968800001,50.184073409439655
3.843198,137365.74,3.843198,68534.875,68830.86499999999,50.107737926501905
3.841721,136874.0,3.841721,68473.617188,68400.382812,49.97324752107778
3.840246,136773.94,3.840246,68218.34375,68555.59625,50.123288288690084
3.838772,136619.53,3.838772,67814.914062,68804.615938,50.36221097964545
3.837299,136254.33,3.837299,67621.015625,68633.31437499999,50.37147397444176
3.835827,136184.31,3.835827,67445.515625,68738.794375,50.47482663384643
3.834356,135879.9,3.834356,67419.375,68460.525,50.383114058812225
3.832886,135131.54,3.832886,67314.015625,67817.52437500001,50.18630319391018
3.831418,134504.34,3.831418,66967.601562,67536.738438,50.21156822002918
3.82995,133968.98,3.82995,66586.359375,67382.62062500001,50.297181201946906
3.828484,133724.92,3.828484,65887.007812,67837.91218800002,50.72944682860907
3.827019,133301.57,3.827019,65624.117188,67677.452812,50.77018433616348
3.825555,133026.05,3.825555,65490.425781,67535.62421899999,50.768721027949034
3.824092,132793.59,3.824092,65486.109375,67307.480625,50.68579034951913
3.82263,132668.58,3.82263,65154.097656,67514.48234399999,50.889579389483174
3.821169,132508.67,3.821169,64876.71875,67631.95125000001,51.03964234944023
3.81971,132043.19,3.81971,64520.820312,67522.369688,51.136578636126565
3.818251,131890.48,3.818251,64517.113281,67373.36671900001,51.08281258738311
3.816794,131677.83,3.816794,64294.648438,67383.18156199998,51.17276124766028
3.815338,131464.73,3.815338,63942.671875,67522.05812500001,51.3613484962849
3.813883,131271.06,3.813883,63709.753906,67561.306094,51.46702258212892
3.812429,130812.59,3.812429,63487.234375,67325.355625,51.46703052435549
3.810976,130608.77,3.810976,62922.886719,67685.883281,51.82338313192905
3.809524,130440.62,3.809524,62654.773438,67785.84656199999,51.96682334229935
3.808073,130136.8,3.808073,62629.265625,67507.534375,51.87428488713416
3.806624,130095.2,3.806624,62416.078125,67679.121875,52.02276630882615
3.805175,129794.21,3.805175,62408.191406,67386.01859400001,51.91758445465325
3.803728,129323.22,3.803728,61844.050781,67479.169219,52.17869553433637
3.802281,128949.32,3.802281,61741.613281,67207.70671900001,52.119473541233106
3.800836,128624.21,3.800836,61361.695312,67262.514688,52.29382142599748
3.799392,128473.41,3.799392,61071.125,67402.285,52.46399624638281
3.797949,127602.19,3.797949,60978.898438,66623.291562,52.211714831853584
3.796507,127363.98,3.796507,60936.414062,66427.56593799999,52.155692636175466
3.795066,126879.04,3.795066,60910.773438,65968.266562,51.993037275502715
3.793627,126415.43,3.793627,60887.316406,65528.113593999995,51.83553431254396
3.792188,126079.81,3.792188,60653.28125,65426.52875,51.89294681678216
3.790751,125925.14,3.790751,60600.117188,65325.022812,51.87607717728168
3.789314,125860.55,3.789314,60597.578125,65262.971875,51.85339796703574
3.787879,125276.89,3.787879,60451.667969,64825.222031,51.74555501098407
3.786445,124989.2,3.786445,60439.8125,64549.3875,51.643972039184185
3.785011,124882.9,3.785011,60381.015625,64501.884374999994,51.649893119874704
3.783579,124814.59,3.783579,60092.308594,64722.281405999995,51.85474022387927
3.782148,124493.33,3.782148,59995.867188,64497.462812000005,51.807966589053414
3.780718,124395.45,3.780718,59840.480469,64554.969530999995,51.89496041133337
3.779289,124260.45,3.779289,59720.441406,64540.008594,51.93930055299172
3.777862,124054.54,3.777862,59643.542969,64410.99703099999,51.92151535203789
3.776435,123784.72,3.776435,59585.28125,64199.43875,51.863783147063714
3.775009,123724.14,3.775009,59297.25,64426.89,52.073015015501426
3.773585,123331.12,3.773585,59275.726562,64055.39343799999,51.937737562101105
3.772161,123064.73,3.772161,59257.339844,63807.390155999994,51.848641081811174
3.770739,122772.55,3.770739,59238.46875,63534.08125,51.749418945847424
3.769318,122280.66,3.769318,58956.289062,63324.370938,51.78608860796139
3.767898,122089.43,3.767898,58825.828125,63263.60187499999,51.81742749966152
3.766478,121820.72,3.766478,58791.089844,63029.630156,51.73966313448155
3.76506,121749.91,3.76506,58236.875,63513.035,52.166802423098304
3.763643,121380.96,3.763643,58133.898438,63247.06156200001,52.106245956532234
3.762227,121083.79,3.762227,57668.554688,63415.235312,52.37301814883727
3.760812,120992.43,3.760812,57539.75,63452.67999999999,52.44351237511305
3.759398,120905.76,3.759398,57503.460938,63402.299062,52.43943635274283
3.757986,120761.61,3.757986,57302.335938,63459.274062000004,52.549211675796634
3.756574,120536.62,3.756574,57257.550781,63279.069219,52.497796287136644
3.755163,120035.95,3.755163,56679.207031,63356.742969,52.78147335777324
3.753754,119727.96,3.753754,56637.21875,63090.74125000001,52.69507744891001
3.752345,119170.21,3.752345,56375.257812,62794.952188,52.69349797067573
3.750938,119013.55,3.750938,56362.042969,62651.507031,52.64233108835087
3.749531,118729.28,3.749531,55800.773438,62928.506562,53.00167453386393
3.748126,118602.38,3.748126,55781.980469,62820.399531,52.96723348300431
3.746722,118458.98,3.746722,55622.015625,62836.964374999996,53.04533634765385
3.745318,118181.87,3.745318,55523.535156,62658.334844,53.01856777524336
3.743916,118114.76,3.743916,55301.671875,62813.088124999995,53.17971109199222
3.742515,117906.13,3.742515,55107.203125,62798.926875000005,53.261799768171514
3.741115,117209.8,3.741115,54868.804688,62340.99531200001,53.18752810089259
3.739716,117008.23,3.739716,54683.207031,62325.022969,53.265503605173755
3.738318,116850.23,3.738318,54585.226562,62265.00343799999,53.28616249878155
3.736921,116174.51,3.736921,54255.347656,61919.162344,53.29840628895271
3.735525,115956.01,3.735525,54089.691406,61866.318594,53.353266117038686
3.73413,115559.25,3.73413,53979.648438,61579.601562,53.288336123676814
3.732736,115287.18,3.732736,53741.28125,61545.89874999999,53.38485922719247
3.731343,115045.69,3.731343,53682.992188,61362.697812000006,53.33767637188321
3.729952,114900.32,3.729952,53658.976562,61241.343438,53.2995412353943
3.728561,114225.23,3.728561,53595.59375,60629.636249999996,53.079023128252835
3.727171,114092.06,3.727171,53586.085938,60505.974062,53.03258970168476
3.725782,113552.08,3.725782,52657.320312,60894.759688,53.627163578157266
3.724395,113367.06,3.724395,52571.699219,60795.360780999996,53.62700662873324
3.723008,113227.56,3.723008,52385.3125,60842.2475,53.73448610921228
3.721623,112762.12,3.721623,52152.96875,60609.151249999995,53.74956700885013
3.720238,112653.17,3.720238,52146.75,60506.42,53.71035719633988
3.718855,112607.9,3.718855,51960.003906,60647.896093999996,53.857585563712675
3.717472,112356.35,3.717472,51748.148438,60608.20156200001,53.94283595186209
3.716091,111894.73,3.716091,51733.789062,60160.94093799999,53.765660758107195
3.71471,111873.78,3.71471,51601.410156,60272.369844,53.87533150663185
3.713331,111637.45,3.713331,51410.847656,60226.602344,53.94838590813388
3.711952,111369.66,3.711952,51150.855469,60218.804531,54.07110386347592
3.710575,111045.91,3.710575,51018.800781,60027.109219000005,54.05611896827177
3.709199,110406.51,3.709199,50961.070312,59445.43968799999,53.84233202190703
3.707824,110305.15,3.707824,50700.132812,59605.01718799999,54.03647716176443
3.706449,109954.81,3.706449,50646.539062,59308.270937999994,53.938768970634385
3.705076,109603.07,3.705076,50558.773438,59044.29656200001,53.87102438097766
3.703704,109344.17,3.703704,50258.234375,59085.935625,54.036658401632195
3.702332,109050.44,3.702332,50241.496094,58808.943906,53.9282041466316
3.700962,108367.51,3.700962,50207.527344,58159.98265599999,53.66920644019596
3.699593,108034.92,3.699593,50016.664062,58018.255937999995,53.70324330133257
3.698225,107976.73,3.698225,49970.304688,58006.425312,53.72122800162591
3.696858,107753.88,3.696858,49867.894531,57885.98546900001,53.72055787596698
3.695492,107472.46,3.695492,49772.558594,57699.901406000004,53.6880810265253
3.694126,107161.88,3.694126,49770.171875,57391.708125000005,53.55608554553167
3.692762,107042.41,3.692762,49765.476562,57276.933438,53.50863591169145
3.691399,106784.28,3.691399,49427.847656,57356.432344,53.71243065365052
3.690037,106604.74,3.690037,49368.308594,57236.431406,53.69032503245166
3.688676,106144.43,3.688676,49297.164062,56847.26593799999,53.556522879250466
3.687316,105851.78,3.687316,49084.867188,56766.912812,53.62868041708888
3.685957,105600.94,3.685957,48878.546875,56722.393125,53.713909293799844
3.684598,105511.86,3.684598,48742.445312,56769.414688,53.80382327446412
3.683241,105349.63,3.683241,48697.628906,56652.00109400001,53.775225498181634
3.681885,105119.55,3.681885,48691.027344,56428.522656,53.680331257125815
3.68053,104759.51,3.68053,48561.824219,56197.68578099999,53.6444717820845
3.679176,104553.43,3.679176,48473.683594,56079.74640599999,53.63740472789845
3.677823,104324.26,3.677823,48340.726562,55983.53343799999,53.66300555402933
3.676471,104164.76,3.676471,48240.679688,55924.080312,53.688099806498855
3.675119,103987.11,3.675119,48057.128906,55929.981094,53.7854942732806
3.673769,103828.36,3.673769,47783.394531,56044.965469,53.97847511893667
3.67242,103359.48,3.67242,47762.96875,55596.511249999996,53.789464933453615
3.671072,103085.87,3.671072,47662.171875,55423.698124999995,53.76459268860029
3.669725,102924.07,3.669725,47205.730469,55718.339531000005,54.13538303625187
3.668379,102586.13,3.668379,47010.226562,55575.903438,54.17487085047462
3.667033,102545.3,3.667033,47002.046875,55543.253125,54.164601522449104
3.665689,102159.62,3.665689,46900.644531,55258.975469,54.09081931686903
3.664346,101765.97,3.664346,46488.921875,55277.048125,54.3178118628457
3.663004,101662.5,3.663004,46445.214844,55217.285156,54.31430975630148
3.661662,101460.49,3.661662,46431.351562,55029.138438,54.23701229710205
3.660322,101104.98,3.660322,46159.09375,54945.886249999996,54.34538066275272
3.658983,100822.1,3.658983,45927.144531,54894.95546900001,54.44734385516667
3.657644,100713.64,3.657644,45898.9375,54814.7025,54.42629469057021
3.656307,100178.18,3.656307,45618.726562,54559.45343799999,54.46241231174292
3.654971,99998.07,3.654971,45486.75,54511.32000000001,54.51237208878131
3.653635,99602.67,3.653635,45318.890625,54283.779375,54.50032551838218
3.652301,99544.8,3.652301,45316.644531,54228.155469000005,54.47613081647661
3.650968,99488.87,3.650968,44807.445312,54681.42468799999,54.96235376680828
3.649635,98992.69,3.649635,44667.414062,54325.275938,54.87806820685446
3.648304,98661.72,3.648304,44438.496094,54223.223906,54.9587255381317
3.646973,98102.53,3.646973,44282.792969,53819.737031,54.86070240084532
3.645643,97853.52,3.645643,44144.007812,53709.512188,54.887664938369106
3.644315,97457.89,3.644315,44109.15625,53348.73375,54.74029219183794
3.642987,97124.96,3.642987,44063.355469,53061.604531000004,54.63230515719132
3.641661,96969.45,3.641661,44010.648438,52958.801562,54.613903205597225
3.640335,96560.02,3.640335,43955.304688,52604.71531200001,54.478774250461015
3.63901,96324.24,3.63901,43732.46875,52591.771250000005,54.59868798341934
3.637686,96156.88,3.637686,43385.566406,52771.31359400001,54.88043455028907
3.636364,95311.59,3.636364,43289.175781,52022.414219,54.58141472511371
3.635042,95142.66,3.635042,43059.734375,52082.925625,54.741927149188385
3.633721,95074.27,3.633721,42667.21875,52407.051250000004,55.12222313145292
3.632401,94689.1,3.632401,42409.460938,52279.63906200001,55.21188717814406
3.631082,94102.02,3.631082,42264.183594,51837.836406,55.08684766384398
3.629764,93738.95,3.629764,42183.03125,51555.91875,54.99946260332551
3.628447,93535.28,3.628447,41969.78125,51565.49875,55.129464251349866
3.627131,93460.63,3.627131,41918.261719,51542.368281,55.14874903047412
3.625816,93265.05,3.625816,41910.949219,51354.100781,55.0625349806814
3.624502,92792.73,3.624502,41855.269531,50937.460469,54.89380522482742
3.623188,92577.59,3.623188,41554.90625,51022.68375,55.113428368571704
3.621876,91940.99,3.621876,41468.59375,50472.396250000005,54.89651161032745
3.620565,91800.44,3.620565,41454.300781,50346.139219000004,54.84302604540894
3.619254,91417.62,3.619254,41447.160156,49970.459844,54.66173790566852
3.617945,90965.09,3.617945,41237.023438,49728.066562,54.6671987704294
3.616637,90774.84,3.616637,40732.628906,50042.211094,55.127842796528206
3.615329,90646.73,3.615329,40622.953125,50023.776874999996,55.18541802335285
3.614022,90535.24,3.614022,40610.226562,49925.013438,55.144287945776696
3.612717,90358.87,3.612717,40259.421875,50099.448124999995,55.444969735677304
3.611412,90174.83,3.611412,39628.976562,50545.853438,56.05317297299035
3.610108,90126.34,3.610108,39179.972656,50946.367344,56.52772246604045
3.608805,89771.75,3.608805,39071.015625,50700.734375,56.47738222213559
3.607504,89462.91,3.607504,38884.621094,50578.288906,56.53548370604086
3.606203,89379.77,3.606203,38852.488281,50527.281719000006,56.531004408491995
3.604903,89136.57,3.604903,38281.875,50854.69500000001,57.05255990891281
3.603604,88952.8,3.603604,38016.078125,50936.721875,57.26264027102014
3.602305,88754.07,3.602305,37977.191406,50776.87859400001,57.210760694129306
3.601008,88661.34,3.601008,37769.390625,50891.949375,57.40038372418012
3.599712,88488.95,3.599712,37718.105469,50770.844530999995,57.3753497255872
3.598417,88224.02,3.598417,37500.527344,50723.492656,57.49397120648096
3.597122,87670.95,3.597122,37469.390625,50201.559375,57.261338419396616
3.595829,87514.36,3.595829,37388.308594,50126.051406,57.27751583397285
3.594536,87472.82,3.594536,37356.484375,50116.33562500001,57.29360917482711
3.593245,86997.98,3.593245,37270.929688,49727.050312,57.15885623091479
3.591954,86755.08,3.591954,37146.6875,49608.3925,57.182118326673205
3.590664,86445.31,3.590664,37118.3125,49326.9975,57.061508021661325
3.589375,86291.32,3.589375,36844.4375,49446.88250000001,57.30226690239528
3.588088,85879.45,3.588088,36800.117188,49079.332812,57.14910006060821
3.586801,85625.11,3.586801,36428.351562,49196.758438,57.45599443667868
3.585515,85341.11,3.585515,35989.769531,49351.340469,57.82833205356715
3.584229,85286.3,3.584229,35564.597656,49721.702344000005,58.29975311861343
3.582945,85139.53,3.582945,35422.929688,49716.600312,58.39426211537696
3.581662,84820.63,3.581662,35152.023438,49668.60656200001,58.55722430026752
3.58038,84495.19,3.58038,34902.011719,49593.178281,58.693492826041336
3.579098,84207.03,3.579098,34774.835938,49432.194062,58.703167730770225
3.577818,84005.97,3.577818,34691.4375,49314.5325,58.70360463667047
3.576538,83377.98,3.576538,34603.4375,48774.542499999996,58.49811005255824
3.575259,83045.86,3.575259,34500.851562,48545.008438,58.455663458720274
3.573981,82601.52,3.573981,34396.519531,48205.000469000006,58.358490823171294
3.572705,82463.76,3.572705,34024.996094,48438.76390599999,58.73945586036824
3.571429,82057.26,3.571429,33743.152344,48314.10765599999,58.87852903691885
3.570154,81912.33,3.570154,33491.460938,48420.869062000005,59.113040810827876
3.568879,81603.46,3.568879,33429.640625,48173.81937500001,59.0340401926585
3.567606,81364.02,3.567606,33424.554688,47939.46531200001,58.91973542113579
3.566334,81127.66,3.566334,33004.207031,48123.452969000005,59.318181948055695
3.565062,81038.29,3.565062,32773.734375,48264.55562499999,59.55771725316513
3.563792,80413.24,3.563792,32614.712891,47798.527109,59.44111580257181
3.562522,80055.12,3.562522,32050.279297,48004.840702999994,59.964735176213594
3.561254,79313.28,3.561254,31873.318359,47439.961641,59.81339019266383
3.559986,78969.35,3.559986,31760.644531,47208.70546900001,59.78104855744666
3.558719,78818.86,3.558719,31567.755859,47251.104141,59.94898193275062
3.557453,78554.28,3.557453,31487.917969,47066.362031,59.91571946302607
3.556188,78065.37,3.556188,31454.003906,46611.366094,59.70812166009076
3.554924,77926.19,3.554924,31449.101562,46477.088438000006,59.64244939730789
3.55366,77783.27,3.55366,31217.539062,46565.73093800001,59.8659980970201
3.552398,77178.21,3.552398,30079.892578,47098.31742200001,61.02540784762953
3.551136,76910.38,3.551136,30023.988281,46886.39171900001,60.96237168377012
3.549876,76741.85,3.549876,29891.025391,46850.824609,61.049902509517295
3.548616,75942.79,3.548616,29818.544922,46124.24507799999,60.735515613792955
3.547357,75650.36,3.547357,29721.277344,45929.082656,60.7123120841725
3.546099,75436.25,3.546099,29578.914062,45857.335938000004,60.7895221965567
3.544842,75293.4,3.544842,29577.296875,45716.103124999994,60.71727817444822
3.543586,75105.52,3.543586,29064.259766,46041.260234,61.30209901216315
3.542331,74928.76,3.542331,28887.603516,46041.15648399999,61.4465746984202
3.541076,74660.7,3.541076,28778.806641,45881.893358999994,61.4538751431476
3.539823,74473.17,3.539823,28388.527344,46084.642655999996,61.8808661642844
3.53857,74054.07,3.53857,28357.650391,45696.419609000004,61.706830710317476
3.537319,73705.65,3.537319,27789.152344,45916.49765599999,62.297120581665034
3.536068,73472.06,3.536068,27693.003906,45779.056094,62.30811562109461
3.534818,73322.89,3.534818,27586.359375,45736.530625,62.37687934149895
3.533569,73211.61,3.533569,27238.46875,45973.14125,62.794878093788675
3.532321,72882.74,3.532321,27219.662109,45663.07789100001,62.65280077422995
3.531073,72808.72,3.531073,27187.580078,45621.139922,62.65889569546066
3.529827,72516.91,3.529827,27152.679688,45364.230312,62.55676132918515
3.528582,72325.85,3.528582,26920.494141,45405.355859,62.778876237195966
3.527337,71996.37,3.527337,26746.492188,45249.87781199999,62.8502212153196
3.526093,71842.65,3.526093,26545.240234,45297.409766,63.05086152306464
3.52485,71695.85,3.52485,26346.130859,45349.71914100001,63.252920693457156
3.523608,71547.36,3.523608,26208.203125,45339.156875,63.36943372194306
3.522367,71214.14,3.522367,26168.78125,45045.35875,63.253391461302485
3.521127,70923.35,3.521127,25971.125,44952.225000000006,63.38141810842268
3.519887,70662.76,3.519887,25758.828125,44903.931874999995,63.5468128827688
3.518649,70218.89,3.518649,25558.029297,44660.860703,63.60234504276555
3.517411,69878.42,3.517411,24970.783203,44907.636797,64.2653866486964
3.516174,69722.14,3.516174,24736.201172,44985.938828,64.52174134069895
3.514938,69640.02,3.514938,24517.9375,45122.082500000004,64.7933221443647
3.513703,69400.09,3.513703,24473.652344,44926.437655999995,64.735416994416
3.512469,69032.44,3.512469,24384.464844,44647.975156,64.67680290020171
3.511236,68856.33,3.511236,24340.378906,44515.951094000004,64.65048470343976
3.510004,68755.92,3.510004,24323.222656,44432.697344,64.62381325709845
3.508772,68539.13,3.508772,24318.474609,44220.65539100001,64.51884549891427
3.507541,68441.98,3.507541,23432.375,45009.604999999996,65.76315442656686
3.506311,68427.78,3.506311,23228.566406,45199.213594,66.05389447677537
3.505082,67731.8,3.505082,23098.832031,44632.967969000005,65.89662162972193
3.503854,67391.36,3.503854,22893.927734,44497.432266,66.02839335190744
3.502627,67282.39,3.502627,22602.96875,44679.42125,66.40581770356255
3.501401,67025.12,3.501401,22255.320312,44769.799688,66.79555320154593
3.500175,66321.94,3.500175,21931.740234,44390.199766000005,66.93139520044197
3.49895,66053.96,3.49895,21798.847656,44255.11234400001,66.99842423376283
3.497726,65658.0,3.497726,21437.966797,44220.033203,67.34904079167808
3.496503,65536.42,3.496503,21420.390625,44116.029375,67.31528724791498
3.495281,65266.03,3.495281,21389.076172,43876.953828,67.2278577814523
3.49406,65161.19,3.49406,21152.71875,44008.47125,67.53785688996778
3.49284,64889.53,3.49284,20739.640625,44149.889375,68.03854084780704
3.49162,64622.48,3.49162,20503.458984,44119.021016,68.27194037740426
3.490401,64524.93,3.490401,20156.46875,44368.46125,68.76173480544652
3.489184,64477.06,3.489184,19764.875,44712.185,69.3458805348755
3.487967,64135.46,3.487967,19742.480469,44392.979531000004,69.21752729457309
3.48675,63800.78,3.48675,19689.105469,44111.674531,69.13971040949656
3.485535,63522.78,3.485535,19577.310547,43945.469453,69.18064582973226
3.484321,63362.27,3.484321,19548.050781,43814.21921899999,69.14875243421676
3.483107,63160.71,3.483107,19451.419922,43709.290078,69.2032912201272
3.481894,62781.63,3.481894,19437.986328,43343.643672,69.03873580854783
3.480682,62504.15,3.480682,19164.787109,43339.362891,69.33837655739659
3.479471,62081.74,3.479471,19102.492188,42979.247812,69.23009537425982
3.478261,61658.11,3.478261,18786.705078,42871.404922,69.53084504536386
3.477051,61403.18,3.477051,18581.115234,42822.064765999996,69.73916459375556
3.475843,61327.23,3.475843,18540.933594,42786.29640600001,69.76720847493031
3.474635,60978.9,3.474635,18503.792969,42475.10703100001,69.65541692454276
3.473428,60752.69,3.473428,18467.488281,42285.201719000004,69.60218834589877
3.472222,60649.86,3.472222,18274.039062,42375.820938000004,69.86961047890301
3.471017,60447.53,3.471017,17968.097656,42479.432344,70.27488525006729
3.469813,60049.36,3.469813,17566.988281,42482.371719,70.74575269245167
3.468609,59840.48,3.468609,17371.726562,42468.753438,70.96994114686245
3.467406,59552.15,3.467406,17353.259766,42198.890234000006,70.86039754064296
3.466205,59332.68,3.466205,17241.177734,42091.502265999996,70.94151530994385
3.465003,59034.32,3.465003,17112.84375,41921.47625,71.01204223238278
3.463803,58891.56,3.463803,17042.601562,41848.958438,71.06104582388377
3.462604,58435.77,3.462604,16981.521484,41454.24851599999,70.93985159432312
3.461405,58120.75,3.461405,16885.988281,41234.761719,70.94671303966312
3.460208,57861.59,3.460208,16738.683594,41122.906405999995,71.07116552794349
3.459011,57662.53,3.459011,16684.710938,40977.819061999995,71.06489961852176
3.457815,57503.46,3.457815,16322.272461,41181.187539,71.61514722592345
3.456619,57395.31,3.456619,16225.432617,41169.877383,71.73038595488028
3.455425,56991.69,3.455425,16137.109375,40854.580625,71.68515379171946
3.454231,56790.27,3.454231,15467.230469,41323.039530999995,72.76429488889558
3.453039,56552.11,3.453039,15343.870117,41208.239883,72.86773187242704
3.451847,55855.67,3.451847,15108.549805,40747.120194999996,72.95073211904896
3.450656,55599.98,3.450656,15029.261719,40570.718281,72.96894401940432
3.449465,55493.52,3.449465,14820.369141,40673.150859,73.29351401569049
3.448276,55301.67,3.448276,14785.322266,40516.347733999995,73.26423909802362
3.447087,54964.23,3.447087,14734.642578,40229.587422000004,73.19230601793203
3.445899,54795.65,3.445899,14402.822266,40392.827734000006,73.7153911560498
3.444712,54531.52,3.444712,14368.850586,40162.669413999996,73.65037580833983
3.443526,54295.51,3.443526,14345.998047,39949.511953,73.57792928549709
3.442341,54255.35,3.442341,14345.550781,39909.799219,73.559195948418
3.441156,53692.39,3.441156,14236.798828,39455.591172,73.48451274379852
3.439972,53586.09,3.439972,13993.253906,39592.836094,73.88640614383323
3.43879,53391.16,3.43879,13875.217773,39515.94222700001,74.0121440084838
3.437607,53007.89,3.437607,13768.773438,39239.116561999996,74.02504902949353
3.436426,52942.09,3.436426,13758.003906,39184.086094,74.01310770693034
3.435246,52800.3,3.435246,13727.066406,39073.233594000005,74.00191588684154
3.434066,52526.7,3.434066,12839.174805,39687.525194999995,75.55686002547274
3.432887,52332.95,3.432887,12838.943359,39494.006641,75.46680751037349
3.431709,52152.97,3.431709,12825.681641,39327.288359,75.40757191584679
3.430532,52149.34,3.430532,12790.813477,39358.52652299999,75.47272223004164
3.429355,51984.65,3.429355,12659.857422,39324.792578,75.64693150381892
3.42818,51714.1,3.42818,12650.568359,39063.531640999994,75.53748714760576
3.427005,51156.75,3.427005,12604.999023,38551.750977,75.36004726062544
3.425831,50912.03,3.425831,12541.226562,38370.803438,75.36686994802604
3.424658,50817.32,3.424658,12397.144531,38420.175469,75.6044897074462
3.423485,50558.77,3.423485,12233.388672,38325.381327999996,75.80362680500336
3.422313,50318.97,3.422313,12167.169922,38151.800078,75.81991459284639
3.421143,50207.53,3.421143,12066.314453,38141.215547,75.96712195760279
3.419973,49902.36,3.419973,11624.191406,38278.168594,76.70612891654824
3.418803,49719.41,3.418803,11309.335938,38410.074062,77.25368032726051
3.417635,49457.91,3.417635,11102.480469,38355.429531,77.55165863458443
3.416467,49344.84,3.416467,11028.548828,38316.291172,77.6500464324132
3.415301,49070.22,3.415301,10938.874023,38131.345977000004,77.70771351137208
3.414135,48878.55,3.414135,10878.739258,37999.810742,77.74332655530903
3.412969,48671.75,3.412969,10497.125977,38174.624023,78.43281579766497
3.411805,48209.63,3.411805,10453.060547,37756.569453,78.31748439678961
3.410641,47799.67,3.410641,10320.289062,37479.380938,78.40928805157023
3.409478,47504.27,3.409478,10207.9375,37296.3325,78.51153696288775
3.408316,47015.86,3.408316,10043.347656,36972.512344,78.63838360927569
3.407155,46904.5,3.407155,9145.580078,37758.919922,80.50170009700562
3.405995,46635.98,3.405995,8806.005859,37829.974141,81.11757089912123
3.404835,46294.15,3.404835,8537.364258,37756.785742,81.55843825191735
3.403676,45963.29,3.403676,8141.338379,37821.951621,82.2873028040421
3.402518,45383.4,3.402518,8110.029297,37273.370703,82.12996536839461
3.401361,45237.91,3.401361,7682.896484,37555.013516000006,83.01668559842841
3.400204,45088.46,3.400204,7649.088379,37439.371621,83.03537450824446
3.399048,44616.39,3.399048,7639.487793,36976.902207,82.87739596816327
3.397893,44282.79,3.397893,7421.615234,36861.174766000004,83.24040731399265
3.396739,43903.79,3.396739,7343.078125,36560.711875,83.27461450366813
3.395586,43732.47,3.395586,7289.015137,36443.454863,83.33271562982836
3.394433,43456.3,3.394433,7124.248047,36332.051953,83.6059488566675
3.393281,43074.01,3.393281,6925.857422,36148.152578,83.92102935853895
3.39213,42667.22,3.39213,6887.135742,35780.084258,83.85848493996095
3.39098,42657.53,3.39098,6838.593262,35818.936738,83.96861407118507
3.389831,42533.12,3.389831,6753.493164,35779.626836,84.12180163599567
3.388682,42245.63,3.388682,6742.108887,35503.521112999995,84.0406951275197
3.387534,42129.89,3.387534,6689.882812,35440.007188,84.12081585781496
3.386387,41994.83,3.386387,6391.845215,35602.984785,84.77944733911293
3.38524,41760.48,3.38524,6332.975098,35427.504902,84.83500405646677
3.384095,41656.34,3.384095,6134.560059,35521.77994099999,85.27340601934783
3.38295,41451.11,3.38295,5841.57666,35609.53334,85.90730945443921
3.381806,41308.4,3.381806,5623.256348,35685.143652,86.38713591424504
3.380663,41137.66,3.380663,5605.378906,35532.281094000005,86.3740939421445
3.37952,40710.2,3.37952,5593.924805,35116.275194999995,86.25915666098422
3.378378,40432.98,3.378378,5558.28418,34874.69582,86.25309294541238
3.377237,40388.16,3.377237,5458.341309,34929.818691,86.48529343995864
3.376097,40290.36,3.376097,5383.02002,34907.339980000004,86.63943429644213
3.374958,39890.05,3.374958,5243.680664,34646.369336,86.85466510069554
3.373819,39655.7,3.373819,5111.30957,34544.39043,87.11078213220294
3.372681,39336.73,3.372681,4981.845215,34354.884785,87.33538549086312
3.371544,38904.11,3.371544,4904.391602,33999.718398,87.39364143788406
3.370408,38852.49,3.370408,4706.026367,34146.463633,87.88745234346628
3.369272,38761.08,3.369272,4678.459961,34082.620039,87.9300061788784
3.368137,38495.51,3.368137,4565.858398,33929.651602,88.13924429628285
3.367003,38034.32,3.367003,4550.723633,33483.596367,88.03521757980687
3.36587,37926.1,3.36587,4485.110352,33440.989648,88.1740797181888
3.364738,37769.39,3.364738,3796.418701,33972.971299,89.94842463434013
3.363606,37462.86,3.363606,3656.685547,33806.174453,90.23917141670444
3.362475,37453.36,3.362475,3557.997559,33895.362441,90.50019128056867
3.361345,37137.95,3.361345,3302.122559,33835.827440999994,91.1084953289021
3.360215,36806.98,3.360215,3193.588135,33613.391865000005,91.3234170937143
3.359086,36640.78,3.359086,2968.950928,33671.829072,91.89714048663812
3.357958,36374.43,3.357958,2829.430664,33544.999336,92.2213745644949
3.356831,35989.77,3.356831,2732.081299,33257.688701,92.40872809412231
3.355705,35650.0,3.355705,2589.208984,33060.791016,92.73714169985976
3.354579,35361.15,3.354579,2583.032227,32778.117773,92.69528217549485
3.353454,34902.01,3.353454,2490.299316,32411.710684,92.86488280760908
3.35233,34546.91,3.35233,2316.622803,32230.287197000005,93.29426914592362
3.351206,34057.55,3.351206,2272.479492,31785.070508000004,93.32753092339291
3.350084,33217.99,3.350084,2246.136963,30971.853036999997,93.23819122409273
3.348962,33069.96,3.348962,2061.284912,31008.675088,93.76689626476718
3.347841,32640.82,3.347841,2003.391846,30637.428154,93.8623115289383
3.34672,32461.13,3.34672,1970.981445,30490.148555,93.92817981074596
3.345601,32006.69,3.345601,1869.645996,30137.044004,94.15857748489456
3.344482,31741.26,3.344482,1852.607666,29888.652334,94.16340855403976
3.343363,31603.82,3.343363,1777.126953,29826.693047,94.37686028777534
3.342246,31100.74,3.342246,1617.604248,29483.135752000002,94.79882392508988
3.341129,30978.29,3.341129,1435.698853,29542.591147,95.3654677098058
3.340013,30734.78,3.340013,1430.332642,29304.447357999998,95.34620829561818
3.338898,30527.14,3.338898,1281.934082,29245.205918,95.80067414766008
3.337784,30382.36,3.337784,1145.437988,29236.922012,96.22992424551614
3.33667,30079.9,3.33667,1018.39856,29061.50144,96.61435523389372
3.335557,29880.88,3.335557,1015.375061,28865.504939000002,96.60192383557646
3.334445,29825.99,3.334445,854.631775,28971.358225,97.13460718319827
3.333333,29578.91,3.333333,738.331726,28840.578274,97.50385755932183
3.332223,29124.28,3.332223,727.262756,28397.017244,97.50289876350591
3.331113,28700.26,3.331113,707.112793,27993.147206999998,97.53621467889141
3.330003,28388.53,3.330003,679.81842,27708.71158,97.60530601619739
3.328895,27771.23,3.328895,579.902039,27191.327961,97.9118604433437
3.327787,27728.76,3.327787,487.469452,27241.290547999997,98.24200774935483
3.32668,27580.06,3.32668,427.105896,27152.954104,98.45139605932691
3.325574,27238.47,3.325574,380.11441,26858.355590000003,98.6044942685841
3.324468,27193.67,3.324468,271.913269,26921.756730999998,99.00008616343435
3.323363,26746.5,3.323363,252.079956,26494.420044,99.05752170938254
3.322259,26209.64,3.322259,153.548553,26056.091447,99.41415237675908
3.321156,26168.78,3.321156,125.943604,26042.836396,99.51872573348854
3.320053,25688.02,3.320053,69.32489,25618.69511,99.73012754583654
