group_set_id,SummaryId,EPCalc,EPType,RP,Loss
0,1,2,1,50000.000000,3400000.000000
0,1,2,1,25000.000000,3400000.000000
0,1,2,1,16666.666667,3400000.000000
0,1,2,1,12500.000000,3400000.000000
0,1,2,1,10000.000000,3400000.000000
0,1,2,1,8333.333333,3400000.000000
0,1,2,1,7142.857143,3400000.000000
0,1,2,1,6250.000000,3400000.000000
0,1,2,1,5555.555556,3400000.000000
0,1,2,1,5000.000000,3400000.000000
0,1,2,1,4545.454545,3400000.000000
0,1,2,1,4166.666667,3400000.000000
0,1,2,1,3846.153846,3400000.000000
0,1,2,1,3571.428571,3400000.000000
0,1,2,1,3333.333333,3400000.000000
0,1,2,1,3125.000000,3400000.000000
0,1,2,1,2941.176471,3400000.000000
0,1,2,1,2777.777778,3400000.000000
0,1,2,1,2631.578947,3400000.000000
0,1,2,1,2500.000000,3400000.000000
0,1,2,1,2380.952381,3400000.000000
0,1,2,1,2272.727273,3400000.000000
0,1,2,1,2173.913043,3400000.000000
0,1,2,1,2083.333333,3400000.000000
0,1,2,1,2000.000000,3400000.000000
0,1,2,1,1923.076923,3400000.000000
0,1,2,1,1851.851852,3400000.000000
0,1,2,1,1785.714286,3400000.000000
0,1,2,1,1724.137931,3400000.000000
0,1,2,1,1666.666667,3400000.000000
0,1,2,1,1612.903226,3400000.000000
0,1,2,1,1562.500000,3400000.000000
0,1,2,1,1515.151515,3400000.000000
0,1,2,1,1470.588235,3400000.000000
0,1,2,1,1428.571429,3400000.000000
0,1,2,1,1388.888889,3400000.000000
0,1,2,1,1351.351351,3400000.000000
0,1,2,1,1315.789474,3400000.000000
0,1,2,1,1282.051282,3400000.000000
0,1,2,1,1250.000000,3400000.000000
0,1,2,1,1219.512195,3400000.000000
0,1,2,1,1190.476190,3400000.000000
0,1,2,1,1162.790698,3400000.000000
0,1,2,1,1136.363636,3400000.000000
0,1,2,1,1111.111111,3400000.000000
0,1,2,1,1086.956522,3400000.000000
0,1,2,1,1063.829787,3400000.000000
0,1,2,1,1041.666667,3400000.000000
0,1,2,1,1020.408163,3400000.000000
0,1,2,1,1000.000000,3400000.000000
0,1,2,1,980.392157,3400000.000000
0,1,2,1,961.538462,3400000.000000
0,1,2,1,943.396226,3400000.000000
0,1,2,1,925.925926,3400000.000000
0,1,2,1,909.090909,3400000.000000
0,1,2,1,892.857143,3400000.000000
0,1,2,1,877.192982,3400000.000000
0,1,2,1,862.068966,3400000.000000
0,1,2,1,847.457627,3400000.000000
0,1,2,1,833.333333,3400000.000000
0,1,2,1,819.672131,3400000.000000
0,1,2,1,806.451613,3400000.000000
0,1,2,1,793.650794,3400000.000000
0,1,2,1,781.250000,3400000.000000
0,1,2,1,769.230769,3400000.000000
0,1,2,1,757.575758,3400000.000000
0,1,2,1,746.268657,3400000.000000
0,1,2,1,735.294118,3400000.000000
0,1,2,1,724.637681,3400000.000000
0,1,2,1,714.285714,3400000.000000
0,1,2,1,704.225352,3400000.000000
0,1,2,1,694.444444,3400000.000000
0,1,2,1,684.931507,3400000.000000
0,1,2,1,675.675676,3400000.000000
0,1,2,1,666.666667,3400000.000000
0,1,2,1,657.894737,3400000.000000
0,1,2,1,649.350649,3400000.000000
0,1,2,1,641.025641,3400000.000000
0,1,2,1,632.911392,3400000.000000
0,1,2,1,625.000000,3400000.000000
0,1,2,1,617.283951,3400000.000000
0,1,2,1,609.756098,3400000.000000
0,1,2,1,602.409639,3400000.000000
0,1,2,1,595.238095,3400000.000000
0,1,2,1,588.235294,3400000.000000
0,1,2,1,581.395349,3400000.000000
0,1,2,1,574.712644,3400000.000000
0,1,2,1,568.181818,3400000.000000
0,1,2,1,561.797753,3400000.000000
0,1,2,1,555.555556,3400000.000000
0,1,2,1,549.450549,3400000.000000
0,1,2,1,543.478261,3400000.000000
0,1,2,1,537.634409,3400000.000000
0,1,2,1,531.914894,3400000.000000
0,1,2,1,526.315789,3400000.000000
0,1,2,1,520.833333,3400000.000000
0,1,2,1,515.463918,3400000.000000
0,1,2,1,510.204082,3400000.000000
0,1,2,1,505.050505,3400000.000000
0,1,2,1,500.000000,3400000.000000
0,1,2,1,495.049505,3400000.000000
0,1,2,1,490.196078,3400000.000000
0,1,2,1,485.436893,3400000.000000
0,1,2,1,480.769231,3400000.000000
0,1,2,1,476.190476,3400000.000000
0,1,2,1,471.698113,3400000.000000
0,1,2,1,467.289720,3400000.000000
0,1,2,1,462.962963,3400000.000000
0,1,2,1,458.715596,3400000.000000
0,1,2,1,454.545455,3400000.000000
0,1,2,1,450.450450,3400000.000000
0,1,2,1,446.428571,3400000.000000
0,1,2,1,442.477876,3400000.000000
0,1,2,1,438.596491,3400000.000000
0,1,2,1,434.782609,3400000.000000
0,1,2,1,431.034483,3400000.000000
0,1,2,1,427.350427,3400000.000000
0,1,2,1,423.728814,3400000.000000
0,1,2,1,420.168067,3400000.000000
0,1,2,1,416.666667,3400000.000000
0,1,2,1,413.223140,3400000.000000
0,1,2,1,409.836066,3400000.000000
0,1,2,1,406.504065,3400000.000000
0,1,2,1,403.225806,3400000.000000
0,1,2,1,400.000000,3400000.000000
0,1,2,1,396.825397,3400000.000000
0,1,2,1,393.700787,3400000.000000
0,1,2,1,390.625000,3400000.000000
0,1,2,1,387.596899,3400000.000000
0,1,2,1,384.615385,3400000.000000
0,1,2,1,381.679389,3400000.000000
0,1,2,1,378.787879,3400000.000000
0,1,2,1,375.939850,3400000.000000
0,1,2,1,373.134328,3400000.000000
0,1,2,1,370.370370,3400000.000000
0,1,2,1,367.647059,3400000.000000
0,1,2,1,364.963504,3400000.000000
0,1,2,1,362.318841,3400000.000000
0,1,2,1,359.712230,3400000.000000
0,1,2,1,357.142857,3400000.000000
0,1,2,1,354.609929,3400000.000000
0,1,2,1,352.112676,3400000.000000
0,1,2,1,349.650350,3400000.000000
0,1,2,1,347.222222,3400000.000000
0,1,2,1,344.827586,3400000.000000
0,1,2,1,342.465753,3400000.000000
0,1,2,1,340.136054,3400000.000000
0,1,2,1,337.837838,3400000.000000
0,1,2,1,335.570470,3400000.000000
0,1,2,1,333.333333,3400000.000000
0,1,2,1,331.125828,3400000.000000
0,1,2,1,328.947368,3400000.000000
0,1,2,1,326.797386,3400000.000000
0,1,2,1,324.675325,3400000.000000
0,1,2,1,322.580645,3400000.000000
0,1,2,1,320.512821,3400000.000000
0,1,2,1,318.471338,3400000.000000
0,1,2,1,316.455696,3400000.000000
0,1,2,1,314.465409,3400000.000000
0,1,2,1,312.500000,3400000.000000
0,1,2,1,310.559006,3400000.000000
0,1,2,1,308.641975,3400000.000000
0,1,2,1,306.748466,3400000.000000
0,1,2,1,304.878049,3400000.000000
0,1,2,1,303.030303,3400000.000000
0,1,2,1,301.204819,3400000.000000
0,1,2,1,299.401198,3400000.000000
0,1,2,1,297.619048,3400000.000000
0,1,2,1,295.857988,3400000.000000
0,1,2,1,294.117647,3400000.000000
0,1,2,1,292.397661,3400000.000000
0,1,2,1,290.697674,3400000.000000
0,1,2,1,289.017341,3400000.000000
0,1,2,1,287.356322,3400000.000000
0,1,2,1,285.714286,3400000.000000
0,1,2,1,284.090909,3400000.000000
0,1,2,1,282.485876,3400000.000000
0,1,2,1,280.898876,3400000.000000
0,1,2,1,279.329609,3400000.000000
0,1,2,1,277.777778,3400000.000000
0,1,2,1,276.243094,3400000.000000
0,1,2,1,274.725275,3400000.000000
0,1,2,1,273.224044,3400000.000000
0,1,2,1,271.739130,3400000.000000
0,1,2,1,270.270270,3400000.000000
0,1,2,1,268.817204,3400000.000000
0,1,2,1,267.379679,3400000.000000
0,1,2,1,265.957447,3400000.000000
0,1,2,1,264.550265,3400000.000000
0,1,2,1,263.157895,3400000.000000
0,1,2,1,261.780105,3400000.000000
0,1,2,1,260.416667,3400000.000000
0,1,2,1,259.067358,3400000.000000
0,1,2,1,257.731959,3400000.000000
0,1,2,1,256.410256,3400000.000000
0,1,2,1,255.102041,3400000.000000
0,1,2,1,253.807107,3400000.000000
0,1,2,1,252.525253,3400000.000000
0,1,2,1,251.256281,3400000.000000
0,1,2,1,250.000000,3400000.000000
0,1,2,1,248.756219,3400000.000000
0,1,2,1,247.524752,3400000.000000
0,1,2,1,246.305419,3400000.000000
0,1,2,1,245.098039,3400000.000000
0,1,2,1,243.902439,3400000.000000
0,1,2,1,242.718447,3400000.000000
0,1,2,1,241.545894,3400000.000000
0,1,2,1,240.384615,3400000.000000
0,1,2,1,239.234450,3400000.000000
0,1,2,1,238.095238,3400000.000000
0,1,2,1,236.966825,3400000.000000
0,1,2,1,235.849057,3400000.000000
0,1,2,1,234.741784,3400000.000000
0,1,2,1,233.644860,3400000.000000
0,1,2,1,232.558140,3400000.000000
0,1,2,1,231.481481,3400000.000000
0,1,2,1,230.414747,3400000.000000
0,1,2,1,229.357798,3400000.000000
0,1,2,1,228.310502,3400000.000000
0,1,2,1,227.272727,3400000.000000
0,1,2,1,226.244344,3400000.000000
0,1,2,1,225.225225,3400000.000000
0,1,2,1,224.215247,3400000.000000
0,1,2,1,223.214286,3400000.000000
0,1,2,1,222.222222,3400000.000000
0,1,2,1,221.238938,3400000.000000
0,1,2,1,220.264317,3400000.000000
0,1,2,1,219.298246,3400000.000000
0,1,2,1,218.340611,3400000.000000
0,1,2,1,217.391304,3400000.000000
0,1,2,1,216.450216,3400000.000000
0,1,2,1,215.517241,3400000.000000
0,1,2,1,214.592275,3400000.000000
0,1,2,1,213.675214,3400000.000000
0,1,2,1,212.765957,3400000.000000
0,1,2,1,211.864407,3400000.000000
0,1,2,1,210.970464,3400000.000000
0,1,2,1,210.084034,3400000.000000
0,1,2,1,209.205021,3400000.000000
0,1,2,1,208.333333,3400000.000000
0,1,2,1,207.468880,3400000.000000
0,1,2,1,206.611570,3400000.000000
0,1,2,1,205.761317,3400000.000000
0,1,2,1,204.918033,3400000.000000
0,1,2,1,204.081633,3400000.000000
0,1,2,1,203.252033,3400000.000000
0,1,2,1,202.429150,3400000.000000
0,1,2,1,201.612903,3400000.000000
0,1,2,1,200.803213,3400000.000000
0,1,2,1,200.000000,3400000.000000
0,1,2,1,199.203187,3400000.000000
0,1,2,1,198.412698,3400000.000000
0,1,2,1,197.628458,3400000.000000
0,1,2,1,196.850394,3400000.000000
0,1,2,1,196.078431,3400000.000000
0,1,2,1,195.312500,3400000.000000
0,1,2,1,194.552529,3400000.000000
0,1,2,1,193.798450,3400000.000000
0,1,2,1,193.050193,3400000.000000
0,1,2,1,192.307692,3400000.000000
0,1,2,1,191.570881,3400000.000000
0,1,2,1,190.839695,3400000.000000
0,1,2,1,190.114068,3400000.000000
0,1,2,1,189.393939,3400000.000000
0,1,2,1,188.679245,3400000.000000
0,1,2,1,187.969925,3400000.000000
0,1,2,1,187.265918,3400000.000000
0,1,2,1,186.567164,3400000.000000
0,1,2,1,185.873606,3400000.000000
0,1,2,1,185.185185,3400000.000000
0,1,2,1,184.501845,3400000.000000
0,1,2,1,183.823529,3400000.000000
0,1,2,1,183.150183,3400000.000000
0,1,2,1,182.481752,3400000.000000
0,1,2,1,181.818182,3400000.000000
0,1,2,1,181.159420,3400000.000000
0,1,2,1,180.505415,3400000.000000
0,1,2,1,179.856115,3400000.000000
0,1,2,1,179.211470,3400000.000000
0,1,2,1,178.571429,3400000.000000
0,1,2,1,177.935943,3400000.000000
0,1,2,1,177.304965,3400000.000000
0,1,2,1,176.678445,3400000.000000
0,1,2,1,176.056338,3400000.000000
0,1,2,1,175.438596,3400000.000000
0,1,2,1,174.825175,3400000.000000
0,1,2,1,174.216028,3400000.000000
0,1,2,1,173.611111,3400000.000000
0,1,2,1,173.010381,3400000.000000
0,1,2,1,172.413793,3400000.000000
0,1,2,1,171.821306,3400000.000000
0,1,2,1,171.232877,3400000.000000
0,1,2,1,170.648464,3400000.000000
0,1,2,1,170.068027,3400000.000000
0,1,2,1,169.491525,3400000.000000
0,1,2,1,168.918919,3400000.000000
0,1,2,1,168.350168,3400000.000000
0,1,2,1,167.785235,3400000.000000
0,1,2,1,167.224080,3400000.000000
0,1,2,1,166.666667,3400000.000000
0,1,2,1,166.112957,3400000.000000
0,1,2,1,165.562914,3400000.000000
0,1,2,1,165.016502,3400000.000000
0,1,2,1,164.473684,3399999.999479
0,1,2,1,163.934426,3399999.998563
0,1,2,1,163.398693,3399999.997146
0,1,2,1,162.866450,3399999.997137
0,1,2,1,162.337662,3399999.940017
0,1,2,1,161.812298,3399999.885943
0,1,2,1,161.290323,3399999.786557
0,1,2,1,160.771704,3399999.324542
0,1,2,1,160.256410,3399999.220258
0,1,2,1,159.744409,3399998.849946
0,1,2,1,159.235669,3399998.555028
0,1,2,1,158.730159,3399996.349583
0,1,2,1,158.227848,3399995.682624
0,1,2,1,157.728707,3399985.896145
0,1,2,1,157.232704,3399985.006998
0,1,2,1,156.739812,3399982.481751
0,1,2,1,156.250000,3399968.765775
0,1,2,1,155.763240,3399966.133410
0,1,2,1,155.279503,3399964.704819
0,1,2,1,154.798762,3399955.487837
0,1,2,1,154.320988,3399955.413488
0,1,2,1,153.846154,3399940.015550
0,1,2,1,153.374233,3399896.282432
0,1,2,1,152.905199,3399886.727370
0,1,2,1,152.439024,3399864.520513
0,1,2,1,151.975684,3399857.415659
0,1,2,1,151.515152,3399843.315367
0,1,2,1,151.057402,3399843.256982
0,1,2,1,150.602410,3399833.185961
0,1,2,1,150.150150,3399820.671523
0,1,2,1,149.700599,3399802.278300
0,1,2,1,149.253731,3399782.543176
0,1,2,1,148.809524,3399770.835698
0,1,2,1,148.367953,3399748.847694
0,1,2,1,147.928994,3399738.192078
0,1,2,1,147.492625,3399731.410775
0,1,2,1,147.058824,3399682.754518
0,1,2,1,146.627566,3399664.857820
0,1,2,1,146.198830,3399624.436919
0,1,2,1,145.772595,3399505.612809
0,1,2,1,145.348837,3399499.590140
0,1,2,1,144.927536,3399478.203508
0,1,2,1,144.508671,3399376.443020
0,1,2,1,144.092219,3399360.240586
0,1,2,1,143.678161,3399357.692085
0,1,2,1,143.266476,3399276.677376
0,1,2,1,142.857143,3399262.514169
0,1,2,1,142.450142,3398855.104096
0,1,2,1,142.045455,3398755.775338
0,1,2,1,141.643059,3398383.930082
0,1,2,1,141.242938,3398381.831067
0,1,2,1,140.845070,3398358.751502
0,1,2,1,140.449438,3397793.118692
0,1,2,1,140.056022,3397732.722437
0,1,2,1,139.664804,3397611.551826
0,1,2,1,139.275766,3397553.515772
0,1,2,1,138.888889,3397351.599944
0,1,2,1,138.504155,3397264.182248
0,1,2,1,138.121547,3397162.359490
0,1,2,1,137.741047,3396791.072459
0,1,2,1,137.362637,3396712.758742
0,1,2,1,136.986301,3396689.934417
0,1,2,1,136.612022,3396578.216043
0,1,2,1,136.239782,3396504.751387
0,1,2,1,135.869565,3396480.602163
0,1,2,1,135.501355,3396463.041728
0,1,2,1,135.135135,3396420.640443
0,1,2,1,134.770889,3396240.049390
0,1,2,1,134.408602,3396196.498158
0,1,2,1,134.048257,3396044.328628
0,1,2,1,133.689840,3396018.004282
0,1,2,1,133.333333,3395449.622455
0,1,2,1,132.978723,3395260.273434
0,1,2,1,132.625995,3394998.328812
0,1,2,1,132.275132,3394842.924431
0,1,2,1,131.926121,3394815.126107
0,1,2,1,131.578947,3394598.647244
0,1,2,1,131.233596,3394566.070415
0,1,2,1,130.890052,3394565.678186
0,1,2,1,130.548303,3394351.257152
0,1,2,1,130.208333,3394123.948990
0,1,2,1,129.870130,3394121.754717
0,1,2,1,129.533679,3394105.751995
0,1,2,1,129.198966,3393892.349091
0,1,2,1,128.865979,3393516.842070
0,1,2,1,128.534704,3393470.516881
0,1,2,1,128.205128,3393373.276036
0,1,2,1,127.877238,3392806.743011
0,1,2,1,127.551020,3392554.721993
0,1,2,1,127.226463,3392032.110183
0,1,2,1,126.903553,3391529.850260
0,1,2,1,126.582278,3391030.747091
0,1,2,1,126.262626,3390688.975874
0,1,2,1,125.944584,3389802.067373
0,1,2,1,125.628141,3389275.878173
0,1,2,1,125.313283,3388829.594477
0,1,2,1,125.000000,3388827.140775
0,1,2,1,124.688279,3388680.428143
0,1,2,1,124.378109,3388501.945534
0,1,2,1,124.069479,3388496.607079
0,1,2,1,123.762376,3387867.324563
0,1,2,1,123.456790,3387651.606569
0,1,2,1,123.152709,3387108.846870
0,1,2,1,122.850123,3386771.484305
0,1,2,1,122.549020,3386519.102470
0,1,2,1,122.249389,3385989.732801
0,1,2,1,121.951220,3385784.292721
0,1,2,1,121.654501,3384696.119902
0,1,2,1,121.359223,3384534.511560
0,1,2,1,121.065375,3384462.276396
0,1,2,1,120.772947,3384421.452617
0,1,2,1,120.481928,3384284.472192
0,1,2,1,120.192308,3384047.447557
0,1,2,1,119.904077,3383773.381537
0,1,2,1,119.617225,3383288.225335
0,1,2,1,119.331742,3383210.328778
0,1,2,1,119.047619,3383175.504238
0,1,2,1,118.764846,3383093.420520
0,1,2,1,118.483412,3382938.850716
0,1,2,1,118.203310,3382930.462503
0,1,2,1,117.924528,3382536.723392
0,1,2,1,117.647059,3382118.069531
0,1,2,1,117.370892,3382097.451232
0,1,2,1,117.096019,3382086.838562
0,1,2,1,116.822430,3381865.145848
0,1,2,1,116.550117,3381745.682726
0,1,2,1,116.279070,3381743.006992
0,1,2,1,116.009281,3380599.663249
0,1,2,1,115.740741,3380433.069146
0,1,2,1,115.473441,3380407.067973
0,1,2,1,115.207373,3379913.320125
0,1,2,1,114.942529,3379765.671791
0,1,2,1,114.678899,3379202.058417
0,1,2,1,114.416476,3378257.416239
0,1,2,1,114.155251,3377778.017281
0,1,2,1,113.895216,3377665.295721
0,1,2,1,113.636364,3377439.585110
0,1,2,1,113.378685,3377387.263385
0,1,2,1,113.122172,3377184.082432
0,1,2,1,112.866817,3376164.974813
0,1,2,1,112.612613,3375022.166672
0,1,2,1,112.359551,3374506.174630
0,1,2,1,112.107623,3374446.883064
0,1,2,1,111.856823,3373870.449845
0,1,2,1,111.607143,3373806.673985
0,1,2,1,111.358575,3373776.908965
0,1,2,1,111.111111,3373428.743422
0,1,2,1,110.864745,3372792.342422
0,1,2,1,110.619469,3372686.076601
0,1,2,1,110.375276,3372467.433839
0,1,2,1,110.132159,3371687.892080
0,1,2,1,109.890110,3370709.069675
0,1,2,1,109.649123,3370690.648129
0,1,2,1,109.409190,3370490.760027
0,1,2,1,109.170306,3370476.602742
0,1,2,1,108.932462,3369134.919603
0,1,2,1,108.695652,3368993.052260
0,1,2,1,108.459870,3368588.560668
0,1,2,1,108.225108,3368520.177577
0,1,2,1,107.991361,3368006.679716
0,1,2,1,107.758621,3367663.276801
0,1,2,1,107.526882,3367650.969425
0,1,2,1,107.296137,3365842.980207
0,1,2,1,107.066381,3365373.477260
0,1,2,1,106.837607,3364878.120931
0,1,2,1,106.609808,3364699.445739
0,1,2,1,106.382979,3363940.465274
0,1,2,1,106.157113,3363376.346045
0,1,2,1,105.932203,3362804.446284
0,1,2,1,105.708245,3359320.732804
0,1,2,1,105.485232,3359129.126717
0,1,2,1,105.263158,3358991.880858
0,1,2,1,105.042017,3358448.523855
0,1,2,1,104.821803,3357505.258595
0,1,2,1,104.602510,3357499.361637
0,1,2,1,104.384134,3357035.741451
0,1,2,1,104.166667,3356920.545352
0,1,2,1,103.950104,3356307.063902
0,1,2,1,103.734440,3355138.603585
0,1,2,1,103.519669,3354749.912310
0,1,2,1,103.305785,3354075.250922
0,1,2,1,103.092784,3353960.117918
0,1,2,1,102.880658,3353570.672619
0,1,2,1,102.669405,3350415.944311
0,1,2,1,102.459016,3349941.551302
0,1,2,1,102.249489,3348849.519414
0,1,2,1,102.040816,3347660.667762
0,1,2,1,101.832994,3346203.397634
0,1,2,1,101.626016,3345872.793768
0,1,2,1,101.419878,3345688.215281
0,1,2,1,101.214575,3344003.132446
0,1,2,1,101.010101,3343773.976544
0,1,2,1,100.806452,3343641.793401
0,1,2,1,100.603622,3343301.565777
0,1,2,1,100.401606,3341712.134822
0,1,2,1,100.200401,3340434.953202
0,1,2,1,100.000000,3338539.049941
0,1,2,1,99.800399,3337710.732149
0,1,2,1,99.601594,3337024.558052
0,1,2,1,99.403579,3336536.343978
0,1,2,1,99.206349,3333973.852094
0,1,2,1,99.009901,3331259.646552
0,1,2,1,98.814229,3329990.890435
0,1,2,1,98.619329,3329760.646980
0,1,2,1,98.425197,3329309.629627
0,1,2,1,98.231827,3328384.950904
0,1,2,1,98.039216,3327709.971634
0,1,2,1,97.847358,3326581.116013
0,1,2,1,97.656250,3325318.043129
0,1,2,1,97.465887,3325188.755115
0,1,2,1,97.276265,3322261.309001
0,1,2,1,97.087379,3322216.430131
0,1,2,1,96.899225,3321456.094806
0,1,2,1,96.711799,3318339.104189
0,1,2,1,96.525097,3317048.936799
0,1,2,1,96.339114,3314483.018737
0,1,2,1,96.153846,3312673.983773
0,1,2,1,95.969290,3312525.296672
0,1,2,1,95.785441,3311767.680439
0,1,2,1,95.602294,3308721.229342
0,1,2,1,95.419847,3307635.075374
0,1,2,1,95.238095,3307349.400318
0,1,2,1,95.057034,3304705.002214
0,1,2,1,94.876660,3304693.496779
0,1,2,1,94.696970,3304623.762781
0,1,2,1,94.517958,3299555.804123
0,1,2,1,94.339623,3299358.672518
0,1,2,1,94.161959,3297725.040795
0,1,2,1,93.984962,3296153.347003
0,1,2,1,93.808630,3295767.416175
0,1,2,1,93.632959,3291281.362556
0,1,2,1,93.457944,3289305.184345
0,1,2,1,93.283582,3288995.516803
0,1,2,1,93.109870,3287999.721147
0,1,2,1,92.936803,3286596.491710
0,1,2,1,92.764378,3285264.113252
0,1,2,1,92.592593,3283908.772742
0,1,2,1,92.421442,3283770.978744
0,1,2,1,92.250923,3281192.003096
0,1,2,1,92.081031,3278455.003293
0,1,2,1,91.911765,3275281.844305
0,1,2,1,91.743119,3275202.402598
0,1,2,1,91.575092,3273947.685737
0,1,2,1,91.407678,3273686.496976
0,1,2,1,91.240876,3273013.533578
0,1,2,1,91.074681,3272889.439689
0,1,2,1,90.909091,3272131.191703
0,1,2,1,90.744102,3268913.112184
0,1,2,1,90.579710,3267377.803388
0,1,2,1,90.415913,3267057.503698
0,1,2,1,90.252708,3266717.998890
0,1,2,1,90.090090,3266630.717914
0,1,2,1,89.928058,3266577.485417
0,1,2,1,89.766607,3266191.833629
0,1,2,1,89.605735,3265748.480084
0,1,2,1,89.445438,3262356.388675
0,1,2,1,89.285714,3260491.532588
0,1,2,1,89.126560,3259699.006849
0,1,2,1,88.967972,3259531.923391
0,1,2,1,88.809947,3259368.443663
0,1,2,1,88.652482,3258366.959664
0,1,2,1,88.495575,3258085.997573
0,1,2,1,88.339223,3257916.973658
0,1,2,1,88.183422,3257629.569730
0,1,2,1,88.028169,3257216.788390
0,1,2,1,87.873462,3255021.893684
0,1,2,1,87.719298,3253424.012261
0,1,2,1,87.565674,3253080.432914
0,1,2,1,87.412587,3252880.654579
0,1,2,1,87.260035,3250609.871526
0,1,2,1,87.108014,3248786.162027
0,1,2,1,86.956522,3247312.050504
0,1,2,1,86.805556,3246937.544947
0,1,2,1,86.655113,3246747.923018
0,1,2,1,86.505190,3245957.501393
0,1,2,1,86.355786,3245621.078995
0,1,2,1,86.206897,3245442.107417
0,1,2,1,86.058520,3243869.374866
0,1,2,1,85.910653,3242881.847686
0,1,2,1,85.763293,3240780.983769
0,1,2,1,85.616438,3239626.277128
0,1,2,1,85.470085,3238118.813158
0,1,2,1,85.324232,3235475.432910
0,1,2,1,85.178876,3231164.417427
0,1,2,1,85.034014,3228855.201402
0,1,2,1,84.889643,3228307.416495
0,1,2,1,84.745763,3227412.136125
0,1,2,1,84.602369,3222543.609435
0,1,2,1,84.459459,3215695.837784
0,1,2,1,84.317032,3215556.659832
0,1,2,1,84.175084,3215238.472288
0,1,2,1,84.033613,3213402.297397
0,1,2,1,83.892617,3213204.403135
0,1,2,1,83.752094,3211462.780406
0,1,2,1,83.612040,3210207.790390
0,1,2,1,83.472454,3207907.486189
0,1,2,1,83.333333,3202877.280809
0,1,2,1,83.194676,3201186.110185
0,1,2,1,83.056478,3198814.451930
0,1,2,1,82.918740,3197596.274632
0,1,2,1,82.781457,3196134.614599
0,1,2,1,82.644628,3196086.446929
0,1,2,1,82.508251,3193447.218800
0,1,2,1,82.372323,3191899.699832
0,1,2,1,82.236842,3191611.144871
0,1,2,1,82.101806,3190977.228874
0,1,2,1,81.967213,3190017.399290
0,1,2,1,81.833061,3189722.151844
0,1,2,1,81.699346,3188264.305769
0,1,2,1,81.566069,3186410.967869
0,1,2,1,81.433225,3185875.142620
0,1,2,1,81.300813,3182607.164855
0,1,2,1,81.168831,3181785.299459
0,1,2,1,81.037277,3176611.809610
0,1,2,1,80.906149,3175981.633347
0,1,2,1,80.775444,3173500.732561
0,1,2,1,80.645161,3171959.302069
0,1,2,1,80.515298,3171431.376086
0,1,2,1,80.385852,3170341.115003
0,1,2,1,80.256822,3169900.481804
0,1,2,1,80.128205,3169710.520878
0,1,2,1,80.000000,3168303.089479
0,1,2,1,79.872204,3168208.230470
0,1,2,1,79.744817,3167986.475663
0,1,2,1,79.617834,3167834.163053
0,1,2,1,79.491256,3165081.201381
0,1,2,1,79.365079,3156889.826107
0,1,2,1,79.239303,3156076.408713
0,1,2,1,79.113924,3155986.912363
0,1,2,1,78.988942,3152264.756203
0,1,2,1,78.864353,3149891.271947
0,1,2,1,78.740157,3148613.877546
0,1,2,1,78.616352,3148190.812272
0,1,2,1,78.492936,3146151.007203
0,1,2,1,78.369906,3145968.810848
0,1,2,1,78.247261,3144320.816846
0,1,2,1,78.125000,3144105.540484
0,1,2,1,78.003120,3142777.860167
0,1,2,1,77.881620,3142352.678518
0,1,2,1,77.760498,3139361.856767
0,1,2,1,77.639752,3136654.288633
0,1,2,1,77.519380,3134769.914521
0,1,2,1,77.399381,3134453.902403
0,1,2,1,77.279753,3134232.512073
0,1,2,1,77.160494,3133574.471363
0,1,2,1,77.041602,3131343.777223
0,1,2,1,76.923077,3128976.501923
0,1,2,1,76.804916,3127847.539667
0,1,2,1,76.687117,3126278.025597
0,1,2,1,76.569678,3125891.771535
0,1,2,1,76.452599,3125244.657793
0,1,2,1,76.335878,3123936.329543
0,1,2,1,76.219512,3118114.342489
0,1,2,1,76.103501,3116982.868773
0,1,2,1,75.987842,3114957.270940
0,1,2,1,75.872534,3112207.570032
0,1,2,1,75.757576,3111383.464017
0,1,2,1,75.642965,3110270.902267
0,1,2,1,75.528701,3109167.845104
0,1,2,1,75.414781,3108709.571675
0,1,2,1,75.301205,3107298.681717
0,1,2,1,75.187970,3107024.797221
0,1,2,1,75.075075,3105626.632854
0,1,2,1,74.962519,3104627.410383
0,1,2,1,74.850299,3102924.819869
0,1,2,1,74.738416,3101543.435581
0,1,2,1,74.626866,3100636.609728
0,1,2,1,74.515648,3099641.663344
0,1,2,1,74.404762,3098951.920586
0,1,2,1,74.294205,3098951.795725
0,1,2,1,74.183976,3097425.309674
0,1,2,1,74.074074,3095742.993819
0,1,2,1,73.964497,3095322.431428
0,1,2,1,73.855244,3091480.180947
0,1,2,1,73.746313,3089086.357581
0,1,2,1,73.637703,3088735.315327
0,1,2,1,73.529412,3088585.083709
0,1,2,1,73.421439,3085392.754849
0,1,2,1,73.313783,3084542.378802
0,1,2,1,73.206442,3084467.698138
0,1,2,1,73.099415,3084217.922657
0,1,2,1,72.992701,3083249.021717
0,1,2,1,72.886297,3082285.037353
0,1,2,1,72.780204,3080303.680742
0,1,2,1,72.674419,3080235.966909
0,1,2,1,72.568940,3080102.572139
0,1,2,1,72.463768,3079998.950414
0,1,2,1,72.358900,3078788.441246
0,1,2,1,72.254335,3063954.243113
0,1,2,1,72.150072,3063702.796690
0,1,2,1,72.046110,3063378.085892
0,1,2,1,71.942446,3058500.047502
0,1,2,1,71.839080,3050859.989387
0,1,2,1,71.736011,3049129.920073
0,1,2,1,71.633238,3048377.464297
0,1,2,1,71.530758,3047899.772970
0,1,2,1,71.428571,3047537.206180
0,1,2,1,71.326676,3046140.035542
0,1,2,1,71.225071,3045483.957774
0,1,2,1,71.123755,3043038.790290
0,1,2,1,71.022727,3040695.964380
0,1,2,1,70.921986,3034386.774621
0,1,2,1,70.821530,3033711.059815
0,1,2,1,70.721358,3030897.377119
0,1,2,1,70.621469,3027424.948419
0,1,2,1,70.521862,3021565.343107
0,1,2,1,70.422535,3019318.651129
0,1,2,1,70.323488,3018726.187144
0,1,2,1,70.224719,3018617.942202
0,1,2,1,70.126227,3012820.455637
0,1,2,1,70.028011,3008320.748899
0,1,2,1,69.930070,3002535.076379
0,1,2,1,69.832402,3001952.508603
0,1,2,1,69.735007,3001848.403482
0,1,2,1,69.637883,3000602.000771
0,1,2,1,69.541029,2996451.756689
0,1,2,1,69.444444,2993376.823833
0,1,2,1,69.348128,2992534.619705
0,1,2,1,69.252078,2990477.726463
0,1,2,1,69.156293,2989322.226710
0,1,2,1,69.060773,2989281.257543
0,1,2,1,68.965517,2986665.048219
0,1,2,1,68.870523,2985325.627365
0,1,2,1,68.775791,2984645.029363
0,1,2,1,68.681319,2980492.982508
0,1,2,1,68.587106,2979613.255486
0,1,2,1,68.493151,2975750.075042
0,1,2,1,68.399453,2973162.759251
0,1,2,1,68.306011,2972881.046862
0,1,2,1,68.212824,2968864.645865
0,1,2,1,68.119891,2968642.044152
0,1,2,1,68.027211,2968091.612572
0,1,2,1,67.934783,2966909.938066
0,1,2,1,67.842605,2961481.588110
0,1,2,1,67.750678,2956471.487553
0,1,2,1,67.658999,2952041.278426
0,1,2,1,67.567568,2946901.683559
0,1,2,1,67.476383,2946116.406149
0,1,2,1,67.385445,2942898.620504
0,1,2,1,67.294751,2942592.064512
0,1,2,1,67.204301,2939415.567746
0,1,2,1,67.114094,2934405.006301
0,1,2,1,67.024129,2933730.913284
0,1,2,1,66.934404,2930850.239207
0,1,2,1,66.844920,2928969.710859
0,1,2,1,66.755674,2927996.373556
0,1,2,1,66.666667,2926198.716176
0,1,2,1,66.577896,2925265.681933
0,1,2,1,66.489362,2921133.443064
0,1,2,1,66.401062,2920863.484604
0,1,2,1,66.312997,2918246.414063
0,1,2,1,66.225166,2917774.230894
0,1,2,1,66.137566,2917656.785231
0,1,2,1,66.050198,2916388.219803
0,1,2,1,65.963061,2908654.173310
0,1,2,1,65.876153,2904546.720295
0,1,2,1,65.789474,2901913.167323
0,1,2,1,65.703022,2898189.450243
0,1,2,1,65.616798,2897050.946260
0,1,2,1,65.530799,2894571.305229
0,1,2,1,65.445026,2893590.888931
0,1,2,1,65.359477,2893457.369582
0,1,2,1,65.274151,2890715.085616
0,1,2,1,65.189048,2890040.091580
0,1,2,1,65.104167,2888593.815589
0,1,2,1,65.019506,2884681.936456
0,1,2,1,64.935065,2884443.447056
0,1,2,1,64.850843,2883630.409535
0,1,2,1,64.766839,2883502.218762
0,1,2,1,64.683053,2881120.039095
0,1,2,1,64.599483,2879213.752489
0,1,2,1,64.516129,2878866.532167
0,1,2,1,64.432990,2876940.371771
0,1,2,1,64.350064,2876328.253372
0,1,2,1,64.267352,2873908.128157
0,1,2,1,64.184852,2872227.541949
0,1,2,1,64.102564,2870210.387442
0,1,2,1,64.020487,2870210.061225
0,1,2,1,63.938619,2866643.565870
0,1,2,1,63.856960,2865958.703746
0,1,2,1,63.775510,2863429.163526
0,1,2,1,63.694268,2860910.661849
0,1,2,1,63.613232,2860709.603102
0,1,2,1,63.532402,2858563.431974
0,1,2,1,63.451777,2858028.894858
0,1,2,1,63.371356,2856485.804533
0,1,2,1,63.291139,2855858.172369
0,1,2,1,63.211125,2855133.716508
0,1,2,1,63.131313,2855115.087932
0,1,2,1,63.051702,2854697.136698
0,1,2,1,62.972292,2853095.421359
0,1,2,1,62.893082,2852603.374857
0,1,2,1,62.814070,2849528.789684
0,1,2,1,62.735257,2847740.873651
0,1,2,1,62.656642,2845695.526668
0,1,2,1,62.578223,2845675.473515
0,1,2,1,62.500000,2845637.472467
0,1,2,1,62.421973,2840699.760312
0,1,2,1,62.344140,2837417.734432
0,1,2,1,62.266501,2836777.171769
0,1,2,1,62.189055,2835932.791455
0,1,2,1,62.111801,2834672.760565
0,1,2,1,62.034739,2834474.071903
0,1,2,1,61.957869,2833729.006235
0,1,2,1,61.881188,2826470.535376
0,1,2,1,61.804697,2823890.194640
0,1,2,1,61.728395,2822259.561684
0,1,2,1,61.652281,2821125.305143
0,1,2,1,61.576355,2819699.872708
0,1,2,1,61.500615,2817922.985832
0,1,2,1,61.425061,2817712.208905
0,1,2,1,61.349693,2816232.768708
0,1,2,1,61.274510,2813731.217365
0,1,2,1,61.199510,2810917.021420
0,1,2,1,61.124694,2809266.836099
0,1,2,1,61.050061,2809068.431167
0,1,2,1,60.975610,2808369.091041
0,1,2,1,60.901340,2806966.731283
0,1,2,1,60.827251,2806751.311271
0,1,2,1,60.753341,2805660.645542
0,1,2,1,60.679612,2804443.910256
0,1,2,1,60.606061,2804141.002198
0,1,2,1,60.532688,2801601.656668
0,1,2,1,60.459492,2798823.702916
0,1,2,1,60.386473,2796873.721114
0,1,2,1,60.313631,2796344.339260
0,1,2,1,60.240964,2795782.506854
0,1,2,1,60.168472,2795654.359278
0,1,2,1,60.096154,2795591.982761
0,1,2,1,60.024010,2794807.797787
0,1,2,1,59.952038,2793143.816501
0,1,2,1,59.880240,2792142.996877
0,1,2,1,59.808612,2790560.552631
0,1,2,1,59.737157,2788326.049778
0,1,2,1,59.665871,2788192.027039
0,1,2,1,59.594756,2785638.289684
0,1,2,1,59.523810,2784892.312976
0,1,2,1,59.453032,2784239.463744
0,1,2,1,59.382423,2782439.340312
0,1,2,1,59.311981,2778690.876938
0,1,2,1,59.241706,2778138.607887
0,1,2,1,59.171598,2775316.966729
0,1,2,1,59.101655,2774635.199645
0,1,2,1,59.031877,2773034.666959
0,1,2,1,58.962264,2771072.526218
0,1,2,1,58.892815,2770408.367549
0,1,2,1,58.823529,2762927.478196
0,1,2,1,58.754407,2750561.445103
0,1,2,1,58.685446,2749449.865194
0,1,2,1,58.616647,2748511.796579
0,1,2,1,58.548009,2748133.259526
0,1,2,1,58.479532,2747131.181981
0,1,2,1,58.411215,2746171.649883
0,1,2,1,58.343057,2738053.470843
0,1,2,1,58.275058,2738046.177282
0,1,2,1,58.207218,2734312.284104
0,1,2,1,58.139535,2733023.835065
0,1,2,1,58.072009,2725974.206892
0,1,2,1,58.004640,2725552.315702
0,1,2,1,57.937428,2723675.990174
0,1,2,1,57.870370,2713886.974712
0,1,2,1,57.803468,2713411.589317
0,1,2,1,57.736721,2708221.367330
0,1,2,1,57.670127,2706097.958581
0,1,2,1,57.603687,2705120.983675
0,1,2,1,57.537399,2704013.097816
0,1,2,1,57.471264,2703972.496035
0,1,2,1,57.405281,2703611.111551
0,1,2,1,57.339450,2700142.737267
0,1,2,1,57.273769,2699196.578021
0,1,2,1,57.208238,2698396.731016
0,1,2,1,57.142857,2697645.247083
0,1,2,1,57.077626,2696147.855432
0,1,2,1,57.012543,2692958.318984
0,1,2,1,56.947608,2692694.565698
0,1,2,1,56.882821,2692090.946522
0,1,2,1,56.818182,2691052.668304
0,1,2,1,56.753689,2689627.948783
0,1,2,1,56.689342,2689159.455867
0,1,2,1,56.625142,2687911.909760
0,1,2,1,56.561086,2687642.441411
0,1,2,1,56.497175,2687243.056402
0,1,2,1,56.433409,2685064.906000
0,1,2,1,56.369786,2680828.611015
0,1,2,1,56.306306,2679571.739723
0,1,2,1,56.242970,2678572.897449
0,1,2,1,56.179775,2673411.329450
0,1,2,1,56.116723,2672775.979884
0,1,2,1,56.053812,2672711.395409
0,1,2,1,55.991041,2672651.562550
0,1,2,1,55.928412,2672584.867020
0,1,2,1,55.865922,2672141.160122
0,1,2,1,55.803571,2669298.808971
0,1,2,1,55.741360,2668081.127755
0,1,2,1,55.679287,2666987.042865
0,1,2,1,55.617353,2666662.894969
0,1,2,1,55.555556,2666174.185695
0,1,2,1,55.493896,2665058.420376
0,1,2,1,55.432373,2664996.259093
0,1,2,1,55.370986,2664723.070314
0,1,2,1,55.309735,2664184.705714
0,1,2,1,55.248619,2664155.985937
0,1,2,1,55.187638,2664010.191747
0,1,2,1,55.126792,2659479.772954
0,1,2,1,55.066079,2659098.227715
0,1,2,1,55.005501,2657710.579254
0,1,2,1,54.945055,2656147.182868
0,1,2,1,54.884742,2654042.422803
0,1,2,1,54.824561,2652820.195980
0,1,2,1,54.764513,2651869.985822
0,1,2,1,54.704595,2651219.792657
0,1,2,1,54.644809,2649648.661090
0,1,2,1,54.585153,2648378.576479
0,1,2,1,54.525627,2648174.129259
0,1,2,1,54.466231,2647598.906880
0,1,2,1,54.406964,2646242.698735
0,1,2,1,54.347826,2646179.455729
0,1,2,1,54.288817,2644559.616820
0,1,2,1,54.229935,2644207.456989
0,1,2,1,54.171181,2641235.744946
0,1,2,1,54.112554,2639933.987203
0,1,2,1,54.054054,2637710.884717
0,1,2,1,53.995680,2637301.118103
0,1,2,1,53.937433,2636822.862001
0,1,2,1,53.879310,2634576.137755
0,1,2,1,53.821313,2633783.863291
0,1,2,1,53.763441,2632493.863635
0,1,2,1,53.705693,2631904.108604
0,1,2,1,53.648069,2626004.583585
0,1,2,1,53.590568,2623715.099285
0,1,2,1,53.533191,2616202.061680
0,1,2,1,53.475936,2614070.302069
0,1,2,1,53.418803,2607991.991889
0,1,2,1,53.361793,2607593.485251
0,1,2,1,53.304904,2606409.907229
0,1,2,1,53.248136,2604579.088735
0,1,2,1,53.191489,2603385.144255
0,1,2,1,53.134963,2599789.547824
0,1,2,1,53.078556,2599472.499235
0,1,2,1,53.022269,2596971.650559
0,1,2,1,52.966102,2594615.284599
0,1,2,1,52.910053,2594075.287536
0,1,2,1,52.854123,2593807.868907
0,1,2,1,52.798310,2591558.651022
0,1,2,1,52.742616,2589442.327140
0,1,2,1,52.687039,2584607.878083
0,1,2,1,52.631579,2580935.778534
0,1,2,1,52.576236,2580895.395941
0,1,2,1,52.521008,2578852.043875
0,1,2,1,52.465897,2575198.230483
0,1,2,1,52.410901,2572141.388954
0,1,2,1,52.356021,2571859.841498
0,1,2,1,52.301255,2571444.395293
0,1,2,1,52.246604,2566061.918036
0,1,2,1,52.192067,2565248.231296
0,1,2,1,52.137643,2561152.618526
0,1,2,1,52.083333,2557152.237250
0,1,2,1,52.029136,2556620.610698
0,1,2,1,51.975052,2553387.601534
0,1,2,1,51.921080,2551844.211139
0,1,2,1,51.867220,2548587.178327
0,1,2,1,51.813472,2547172.472265
0,1,2,1,51.759834,2547024.109856
0,1,2,1,51.706308,2546187.792821
0,1,2,1,51.652893,2543735.624737
0,1,2,1,51.599587,2543684.076326
0,1,2,1,51.546392,2541064.518098
0,1,2,1,51.493306,2538594.627166
0,1,2,1,51.440329,2538269.318694
0,1,2,1,51.387461,2535544.593955
0,1,2,1,51.334702,2534947.940653
0,1,2,1,51.282051,2533982.572703
0,1,2,1,51.229508,2532978.157784
0,1,2,1,51.177073,2532947.096336
0,1,2,1,51.124744,2532931.020755
0,1,2,1,51.072523,2530673.745671
0,1,2,1,51.020408,2530592.180050
0,1,2,1,50.968400,2529703.075185
0,1,2,1,50.916497,2526918.452938
0,1,2,1,50.864700,2525128.002033
0,1,2,1,50.813008,2522455.837431
0,1,2,1,50.761421,2519850.252677
0,1,2,1,50.709939,2518972.080214
0,1,2,1,50.658561,2518315.659687
0,1,2,1,50.607287,2516744.524762
0,1,2,1,50.556117,2513231.282852
0,1,2,1,50.505051,2513194.691837
0,1,2,1,50.454087,2512336.438176
0,1,2,1,50.403226,2506849.764408
0,1,2,1,50.352467,2505832.249178
0,1,2,1,50.301811,2505626.540814
0,1,2,1,50.251256,2505505.539580
0,1,2,1,50.200803,2503193.411518
0,1,2,1,50.150451,2500058.079094
0,1,2,1,50.100200,2499306.994082
0,1,2,1,50.050050,2491870.551724
0,1,2,1,50.000000,2490340.306797
0,1,2,1,49.950050,2489132.207532
0,1,2,1,49.900200,2484483.810628
0,1,2,1,49.850449,2482683.010417
0,1,2,1,49.800797,2482270.793912
0,1,2,1,49.751244,2476622.237146
0,1,2,1,49.701789,2476614.033167
0,1,2,1,49.652433,2476426.296550
0,1,2,1,49.603175,2473350.300155
0,1,2,1,49.554014,2472777.371837
0,1,2,1,49.504950,2472761.605238
0,1,2,1,49.455984,2472669.552016
0,1,2,1,49.407115,2472361.607503
0,1,2,1,49.358342,2472218.821826
0,1,2,1,49.309665,2470115.424001
0,1,2,1,49.261084,2469007.466036
0,1,2,1,49.212598,2468928.827429
0,1,2,1,49.164208,2467313.506202
0,1,2,1,49.115914,2465521.987777
0,1,2,1,49.067713,2464234.138648
0,1,2,1,49.019608,2463535.772922
0,1,2,1,48.971596,2462359.335663
0,1,2,1,48.923679,2457891.302992
0,1,2,1,48.875855,2457802.538890
0,1,2,1,48.828125,2453507.079199
0,1,2,1,48.780488,2453173.412522
0,1,2,1,48.732943,2450734.357700
0,1,2,1,48.685492,2450692.560567
0,1,2,1,48.638132,2449006.056634
0,1,2,1,48.590865,2448057.714426
0,1,2,1,48.543689,2444439.712097
0,1,2,1,48.496605,2444270.294259
0,1,2,1,48.449612,2442878.578635
0,1,2,1,48.402711,2440253.176575
0,1,2,1,48.355899,2438785.374184
0,1,2,1,48.309179,2437760.084486
0,1,2,1,48.262548,2434969.375377
0,1,2,1,48.216008,2432797.350824
0,1,2,1,48.169557,2432302.148821
0,1,2,1,48.123195,2429327.689715
0,1,2,1,48.076923,2428657.075656
0,1,2,1,48.030740,2425108.755889
0,1,2,1,47.984645,2423474.441132
0,1,2,1,47.938639,2421918.672971
0,1,2,1,47.892720,2421877.773247
0,1,2,1,47.846890,2420583.949424
0,1,2,1,47.801147,2417566.061436
0,1,2,1,47.755492,2411672.696815
0,1,2,1,47.709924,2411411.664127
0,1,2,1,47.664442,2409352.926565
0,1,2,1,47.619048,2408611.578253
0,1,2,1,47.573739,2405702.738842
0,1,2,1,47.528517,2400240.871432
0,1,2,1,47.483381,2393110.153119
0,1,2,1,47.438330,2392951.322432
0,1,2,1,47.393365,2392387.359788
0,1,2,1,47.348485,2390406.873398
0,1,2,1,47.303690,2387001.703183
0,1,2,1,47.258979,2385732.289419
0,1,2,1,47.214353,2385318.990306
0,1,2,1,47.169811,2384302.776677
0,1,2,1,47.125353,2383018.684153
0,1,2,1,47.080979,2379012.489979
0,1,2,1,47.036689,2377320.829459
0,1,2,1,46.992481,2376136.652001
0,1,2,1,46.948357,2375883.802411
0,1,2,1,46.904315,2375256.012338
0,1,2,1,46.860356,2361112.138590
0,1,2,1,46.816479,2359496.484943
0,1,2,1,46.772685,2355387.313962
0,1,2,1,46.728972,2353305.403206
0,1,2,1,46.685341,2352882.729822
0,1,2,1,46.641791,2352876.189743
0,1,2,1,46.598322,2349307.369233
0,1,2,1,46.554935,2341326.696875
0,1,2,1,46.511628,2341149.113664
0,1,2,1,46.468401,2334677.018808
0,1,2,1,46.425255,2333458.189518
0,1,2,1,46.382189,2331874.346993
0,1,2,1,46.339203,2331230.356736
0,1,2,1,46.296296,2331095.279670
0,1,2,1,46.253469,2331076.111935
0,1,2,1,46.210721,2329464.877625
0,1,2,1,46.168052,2329223.291722
0,1,2,1,46.125461,2329062.258741
0,1,2,1,46.082949,2328561.605042
0,1,2,1,46.040516,2326841.594665
0,1,2,1,45.998160,2326572.112490
0,1,2,1,45.955882,2325888.976920
0,1,2,1,45.913682,2323762.557514
0,1,2,1,45.871560,2323141.737620
0,1,2,1,45.829514,2323113.368844
0,1,2,1,45.787546,2315421.983826
0,1,2,1,45.745654,2315255.867716
0,1,2,1,45.703839,2314910.228534
0,1,2,1,45.662100,2314628.414447
0,1,2,1,45.620438,2313732.820874
0,1,2,1,45.578851,2302885.329524
0,1,2,1,45.537341,2301874.877539
0,1,2,1,45.495905,2295785.224472
0,1,2,1,45.454545,2294802.402322
0,1,2,1,45.413261,2292903.111734
0,1,2,1,45.372051,2292377.093791
0,1,2,1,45.330916,2292313.238545
0,1,2,1,45.289855,2291413.851647
0,1,2,1,45.248869,2290483.599240
0,1,2,1,45.207957,2290459.883730
0,1,2,1,45.167118,2290412.864555
0,1,2,1,45.126354,2287753.318846
0,1,2,1,45.085663,2286527.088002
0,1,2,1,45.045045,2285615.048212
0,1,2,1,45.004500,2283307.038321
0,1,2,1,44.964029,2281863.237284
0,1,2,1,44.923630,2281828.106002
0,1,2,1,44.883303,2281810.254691
0,1,2,1,44.843049,2281578.569643
0,1,2,1,44.802867,2279403.014488
0,1,2,1,44.762757,2279008.912162
0,1,2,1,44.722719,2276865.839980
0,1,2,1,44.682752,2276482.446116
0,1,2,1,44.642857,2273618.240096
0,1,2,1,44.603033,2273148.943199
0,1,2,1,44.563280,2271614.055474
0,1,2,1,44.523598,2270457.963691
0,1,2,1,44.483986,2268778.299016
0,1,2,1,44.444444,2268441.528333
0,1,2,1,44.404973,2267293.445363
0,1,2,1,44.365572,2265660.917781
0,1,2,1,44.326241,2264090.048478
0,1,2,1,44.286980,2261221.160409
0,1,2,1,44.247788,2259257.910060
0,1,2,1,44.208665,2256552.469100
0,1,2,1,44.169611,2255195.772499
0,1,2,1,44.130627,2254264.197859
0,1,2,1,44.091711,2252928.678937
0,1,2,1,44.052863,2252464.709435
0,1,2,1,44.014085,2252387.675611
0,1,2,1,43.975374,2251958.764446
0,1,2,1,43.936731,2250807.170326
0,1,2,1,43.898156,2250303.603382
0,1,2,1,43.859649,2250016.110142
0,1,2,1,43.821209,2248998.558741
0,1,2,1,43.782837,2248061.414622
0,1,2,1,43.744532,2247480.462732
0,1,2,1,43.706294,2246517.851903
0,1,2,1,43.668122,2244570.546988
0,1,2,1,43.630017,2242488.402543
0,1,2,1,43.591979,2239762.931920
0,1,2,1,43.554007,2237393.948325
0,1,2,1,43.516101,2237191.274462
0,1,2,1,43.478261,2236716.770028
0,1,2,1,43.440487,2236665.055809
0,1,2,1,43.402778,2234911.989739
0,1,2,1,43.365134,2232944.836987
0,1,2,1,43.327556,2231145.833407
0,1,2,1,43.290043,2230663.256369
0,1,2,1,43.252595,2229795.323758
0,1,2,1,43.215212,2228640.180592
0,1,2,1,43.177893,2227903.958679
0,1,2,1,43.140638,2226787.919736
0,1,2,1,43.103448,2223730.209394
0,1,2,1,43.066322,2219078.903573
0,1,2,1,43.029260,2218434.770041
0,1,2,1,42.992261,2217666.442295
0,1,2,1,42.955326,2216459.826688
0,1,2,1,42.918455,2216338.556736
0,1,2,1,42.881647,2211206.833294
0,1,2,1,42.844901,2210466.867516
0,1,2,1,42.808219,2208850.959322
0,1,2,1,42.771600,2203519.094338
0,1,2,1,42.735043,2203125.933277
0,1,2,1,42.698548,2203051.868376
0,1,2,1,42.662116,2200811.790931
0,1,2,1,42.625746,2195290.920765
0,1,2,1,42.589438,2194970.162713
0,1,2,1,42.553191,2193967.456383
0,1,2,1,42.517007,2193580.104784
0,1,2,1,42.480884,2193332.824858
0,1,2,1,42.444822,2192827.670086
0,1,2,1,42.408821,2192600.163690
0,1,2,1,42.372881,2192401.178134
0,1,2,1,42.337003,2191457.144671
0,1,2,1,42.301184,2190775.322312
0,1,2,1,42.265427,2189172.334192
0,1,2,1,42.229730,2188569.969639
0,1,2,1,42.194093,2187175.653567
0,1,2,1,42.158516,2186292.237756
0,1,2,1,42.122999,2185454.689534
0,1,2,1,42.087542,2182266.056199
0,1,2,1,42.052145,2181621.951515
0,1,2,1,42.016807,2180652.428760
0,1,2,1,41.981528,2178173.448582
0,1,2,1,41.946309,2177947.783058
0,1,2,1,41.911148,2177126.994683
0,1,2,1,41.876047,2176061.687874
0,1,2,1,41.841004,2175097.510306
0,1,2,1,41.806020,2173658.801665
0,1,2,1,41.771094,2173655.134544
0,1,2,1,41.736227,2172243.112784
0,1,2,1,41.701418,2171890.313412
0,1,2,1,41.666667,2171294.568855
0,1,2,1,41.631973,2169720.375681
0,1,2,1,41.597338,2168496.478550
0,1,2,1,41.562760,2167762.795666
0,1,2,1,41.528239,2166172.648526
0,1,2,1,41.493776,2165752.028512
0,1,2,1,41.459370,2163831.272457
0,1,2,1,41.425021,2161418.329917
0,1,2,1,41.390728,2161167.075171
0,1,2,1,41.356493,2159227.678514
0,1,2,1,41.322314,2158715.599097
0,1,2,1,41.288192,2158557.911709
0,1,2,1,41.254125,2158226.504337
0,1,2,1,41.220115,2157940.931234
0,1,2,1,41.186161,2156218.827608
0,1,2,1,41.152263,2156164.000660
0,1,2,1,41.118421,2156148.200051
0,1,2,1,41.084634,2156140.962252
0,1,2,1,41.050903,2155580.260478
0,1,2,1,41.017227,2154337.146788
0,1,2,1,40.983607,2152701.402111
0,1,2,1,40.950041,2149195.501899
0,1,2,1,40.916530,2148183.207001
0,1,2,1,40.883074,2148035.664802
0,1,2,1,40.849673,2146465.946705
0,1,2,1,40.816327,2145823.705003
0,1,2,1,40.783034,2145624.253545
0,1,2,1,40.749796,2143536.467040
0,1,2,1,40.716612,2141935.257980
0,1,2,1,40.683483,2140745.002002
0,1,2,1,40.650407,2139863.250542
0,1,2,1,40.617384,2139527.236771
0,1,2,1,40.584416,2139444.690359
0,1,2,1,40.551500,2138367.031265
0,1,2,1,40.518639,2137663.714697
0,1,2,1,40.485830,2137638.563151
0,1,2,1,40.453074,2137587.771914
0,1,2,1,40.420372,2136924.562992
0,1,2,1,40.387722,2136598.574549
0,1,2,1,40.355125,2136107.198851
0,1,2,1,40.322581,2127556.446509
0,1,2,1,40.290089,2127413.251702
0,1,2,1,40.257649,2126456.042852
0,1,2,1,40.225261,2124408.071840
0,1,2,1,40.192926,2121741.580447
0,1,2,1,40.160643,2121067.753260
0,1,2,1,40.128411,2119970.254674
0,1,2,1,40.096231,2118542.632938
0,1,2,1,40.064103,2116440.435415
0,1,2,1,40.032026,2116075.641093
0,1,2,1,40.000000,2115279.417284
0,1,2,1,39.968026,2112668.392647
0,1,2,1,39.936102,2112393.221694
0,1,2,1,39.904230,2109881.036438
0,1,2,1,39.872408,2109548.742486
0,1,2,1,39.840637,2108556.191406
0,1,2,1,39.808917,2106090.951649
0,1,2,1,39.777247,2104674.854821
0,1,2,1,39.745628,2103328.712060
0,1,2,1,39.714059,2102068.084093
0,1,2,1,39.682540,2099856.679610
0,1,2,1,39.651071,2098316.493183
0,1,2,1,39.619651,2093179.731665
0,1,2,1,39.588282,2090709.480944
0,1,2,1,39.556962,2090705.835908
0,1,2,1,39.525692,2089828.601168
0,1,2,1,39.494471,2086969.012898
0,1,2,1,39.463299,2086250.542015
0,1,2,1,39.432177,2084048.603939
0,1,2,1,39.401103,2083343.467837
0,1,2,1,39.370079,2081528.542532
0,1,2,1,39.339103,2079543.966561
0,1,2,1,39.308176,2079098.707530
0,1,2,1,39.277298,2077691.749180
0,1,2,1,39.246468,2077264.114994
0,1,2,1,39.215686,2074228.693388
0,1,2,1,39.184953,2072080.248306
0,1,2,1,39.154268,2071921.402081
0,1,2,1,39.123631,2071384.733142
0,1,2,1,39.093041,2070577.968844
0,1,2,1,39.062500,2069983.807420
0,1,2,1,39.032006,2069272.082381
0,1,2,1,39.001560,2067395.514284
0,1,2,1,38.971161,2067176.927479
0,1,2,1,38.940810,2065821.254307
0,1,2,1,38.910506,2065563.574851
0,1,2,1,38.880249,2064549.926865
0,1,2,1,38.850039,2064405.371118
0,1,2,1,38.819876,2061499.992285
0,1,2,1,38.789760,2059919.032296
0,1,2,1,38.759690,2058893.345878
0,1,2,1,38.729667,2058396.659299
0,1,2,1,38.699690,2057860.976395
0,1,2,1,38.669760,2057317.031476
0,1,2,1,38.639876,2056148.379131
0,1,2,1,38.610039,2055808.656986
0,1,2,1,38.580247,2054747.670135
0,1,2,1,38.550501,2049812.236477
0,1,2,1,38.520801,2049293.909673
0,1,2,1,38.491147,2047138.171010
0,1,2,1,38.461538,2046518.078733
0,1,2,1,38.431975,2044906.480567
0,1,2,1,38.402458,2044234.830593
0,1,2,1,38.372985,2040460.608171
0,1,2,1,38.343558,2039518.967586
0,1,2,1,38.314176,2039120.638245
0,1,2,1,38.284839,2037961.035826
0,1,2,1,38.255547,2036836.508174
0,1,2,1,38.226300,2036774.366320
0,1,2,1,38.197097,2035852.280382
0,1,2,1,38.167939,2030412.452308
0,1,2,1,38.138825,2028523.909420
0,1,2,1,38.109756,2028423.980344
0,1,2,1,38.080731,2027112.035198
0,1,2,1,38.051750,2025850.652215
0,1,2,1,38.022814,2022166.008829
0,1,2,1,37.993921,2019867.425123
0,1,2,1,37.965072,2019581.211002
0,1,2,1,37.936267,2018731.559302
0,1,2,1,37.907506,2018019.530514
0,1,2,1,37.878788,2017738.370873
0,1,2,1,37.850114,2015866.225289
0,1,2,1,37.821483,2014316.007761
0,1,2,1,37.792895,2013215.576847
0,1,2,1,37.764350,2012733.848805
0,1,2,1,37.735849,2008664.355560
0,1,2,1,37.707391,2006421.565204
0,1,2,1,37.678975,2005014.861413
0,1,2,1,37.650602,2003415.098302
0,1,2,1,37.622272,2003147.165391
0,1,2,1,37.593985,2002504.591827
0,1,2,1,37.565740,2001612.132643
0,1,2,1,37.537538,2000565.517501
0,1,2,1,37.509377,1999471.564692
0,1,2,1,37.481259,1999156.348882
0,1,2,1,37.453184,1998195.238907
0,1,2,1,37.425150,1997849.054651
0,1,2,1,37.397158,1997490.741585
0,1,2,1,37.369208,1995355.156676
0,1,2,1,37.341299,1994577.309467
0,1,2,1,37.313433,1993344.401288
0,1,2,1,37.285608,1993011.768547
0,1,2,1,37.257824,1991996.691525
0,1,2,1,37.230082,1991785.879528
0,1,2,1,37.202381,1991736.285267
0,1,2,1,37.174721,1991236.319815
0,1,2,1,37.147103,1991169.300354
0,1,2,1,37.119525,1990385.254521
0,1,2,1,37.091988,1989859.001073
0,1,2,1,37.064492,1989157.430218
0,1,2,1,37.037037,1987540.333322
0,1,2,1,37.009623,1987174.593372
0,1,2,1,36.982249,1987016.111389
0,1,2,1,36.954915,1982505.777976
0,1,2,1,36.927622,1982073.163831
0,1,2,1,36.900369,1979562.136518
0,1,2,1,36.873156,1978884.722333
0,1,2,1,36.845984,1978604.269646
0,1,2,1,36.818851,1978519.740171
0,1,2,1,36.791759,1975977.339886
0,1,2,1,36.764706,1975322.798954
0,1,2,1,36.737693,1975257.171108
0,1,2,1,36.710720,1972343.596203
0,1,2,1,36.683786,1971060.199962
0,1,2,1,36.656891,1970620.129804
0,1,2,1,36.630037,1968823.681866
0,1,2,1,36.603221,1968481.144308
0,1,2,1,36.576445,1968001.646950
0,1,2,1,36.549708,1967729.100281
0,1,2,1,36.523009,1966888.440406
0,1,2,1,36.496350,1966486.636332
0,1,2,1,36.469730,1964829.145079
0,1,2,1,36.443149,1963110.605927
0,1,2,1,36.416606,1960759.751914
0,1,2,1,36.390102,1959436.588635
0,1,2,1,36.363636,1958704.839384
0,1,2,1,36.337209,1957499.067461
0,1,2,1,36.310821,1953052.608752
0,1,2,1,36.284470,1951907.704999
0,1,2,1,36.258158,1951238.672553
0,1,2,1,36.231884,1950058.851772
0,1,2,1,36.205648,1950049.894331
0,1,2,1,36.179450,1949969.961585
0,1,2,1,36.153290,1949899.609569
0,1,2,1,36.127168,1948168.364092
0,1,2,1,36.101083,1947545.952316
0,1,2,1,36.075036,1947441.419296
0,1,2,1,36.049027,1947244.520725
0,1,2,1,36.023055,1945304.441576
0,1,2,1,35.997120,1943843.149668
0,1,2,1,35.971223,1943643.913944
0,1,2,1,35.945363,1943364.518986
0,1,2,1,35.919540,1942448.279951
0,1,2,1,35.893754,1942063.272135
0,1,2,1,35.868006,1940650.467109
0,1,2,1,35.842294,1940089.731567
0,1,2,1,35.816619,1938879.546942
0,1,2,1,35.790981,1938543.878904
0,1,2,1,35.765379,1937092.118433
0,1,2,1,35.739814,1936960.159133
0,1,2,1,35.714286,1933185.350722
0,1,2,1,35.688794,1929773.396965
0,1,2,1,35.663338,1929157.457401
0,1,2,1,35.637919,1929113.369132
0,1,2,1,35.612536,1928855.750341
0,1,2,1,35.587189,1928621.639087
0,1,2,1,35.561878,1927551.972950
0,1,2,1,35.536603,1926332.052126
0,1,2,1,35.511364,1926195.972091
0,1,2,1,35.486160,1925862.016202
0,1,2,1,35.460993,1925405.846494
0,1,2,1,35.435861,1923938.355098
0,1,2,1,35.410765,1923794.257551
0,1,2,1,35.385704,1923138.420544
0,1,2,1,35.360679,1922688.175594
0,1,2,1,35.335689,1921166.547389
0,1,2,1,35.310734,1919299.280524
0,1,2,1,35.285815,1917735.395659
0,1,2,1,35.260931,1916540.893634
0,1,2,1,35.236082,1916450.195799
0,1,2,1,35.211268,1914378.236090
0,1,2,1,35.186488,1913442.906709
0,1,2,1,35.161744,1913016.225475
0,1,2,1,35.137034,1912763.551210
0,1,2,1,35.112360,1912062.472374
0,1,2,1,35.087719,1911928.757658
0,1,2,1,35.063114,1911848.506752
0,1,2,1,35.038542,1910795.640624
0,1,2,1,35.014006,1906106.290646
0,1,2,1,34.989503,1903257.345722
0,1,2,1,34.965035,1902130.951093
0,1,2,1,34.940601,1900179.375476
0,1,2,1,34.916201,1899616.523927
0,1,2,1,34.891835,1896232.768027
0,1,2,1,34.867503,1896065.086256
0,1,2,1,34.843206,1895803.333148
0,1,2,1,34.818942,1895661.697884
0,1,2,1,34.794711,1895097.535030
0,1,2,1,34.770515,1893069.669171
0,1,2,1,34.746352,1892267.612337
0,1,2,1,34.722222,1890777.730284
0,1,2,1,34.698126,1889741.192539
0,1,2,1,34.674064,1888133.248489
0,1,2,1,34.650035,1886567.415202
0,1,2,1,34.626039,1885438.871706
0,1,2,1,34.602076,1885392.330138
0,1,2,1,34.578147,1885169.940252
0,1,2,1,34.554250,1883688.189976
0,1,2,1,34.530387,1883114.557972
0,1,2,1,34.506556,1881303.730102
0,1,2,1,34.482759,1880576.536976
0,1,2,1,34.458994,1877053.650654
0,1,2,1,34.435262,1874237.158648
0,1,2,1,34.411562,1873678.550948
0,1,2,1,34.387895,1871921.572970
0,1,2,1,34.364261,1871874.267392
0,1,2,1,34.340659,1871606.455127
0,1,2,1,34.317090,1870722.758983
0,1,2,1,34.293553,1869374.673623
0,1,2,1,34.270048,1869253.879973
0,1,2,1,34.246575,1867698.434054
0,1,2,1,34.223135,1867159.819824
0,1,2,1,34.199726,1866436.659968
0,1,2,1,34.176350,1866167.858806
0,1,2,1,34.153005,1866135.618901
0,1,2,1,34.129693,1865301.051926
0,1,2,1,34.106412,1864872.962648
0,1,2,1,34.083163,1864324.895741
0,1,2,1,34.059946,1863581.907232
0,1,2,1,34.036760,1862574.343508
0,1,2,1,34.013605,1862301.949318
0,1,2,1,33.990483,1862111.198816
0,1,2,1,33.967391,1860408.754855
0,1,2,1,33.944331,1859847.505337
0,1,2,1,33.921303,1855901.566957
0,1,2,1,33.898305,1854620.815465
0,1,2,1,33.875339,1853699.259629
0,1,2,1,33.852404,1853462.519141
0,1,2,1,33.829499,1848165.040188
0,1,2,1,33.806626,1847946.139802
0,1,2,1,33.783784,1847316.034090
0,1,2,1,33.760972,1845308.649427
0,1,2,1,33.738192,1845170.144800
0,1,2,1,33.715442,1844047.884746
0,1,2,1,33.692722,1841231.311064
0,1,2,1,33.670034,1841096.550411
0,1,2,1,33.647376,1840433.297087
0,1,2,1,33.624748,1837466.298382
0,1,2,1,33.602151,1837438.898280
0,1,2,1,33.579584,1837273.450405
0,1,2,1,33.557047,1837153.968465
0,1,2,1,33.534541,1836584.148223
0,1,2,1,33.512064,1836276.504261
0,1,2,1,33.489618,1835421.981497
0,1,2,1,33.467202,1833540.571556
0,1,2,1,33.444816,1832007.802808
0,1,2,1,33.422460,1831338.488330
0,1,2,1,33.400134,1831151.032300
0,1,2,1,33.377837,1830887.827183
0,1,2,1,33.355570,1830389.336588
0,1,2,1,33.333333,1830080.562007
0,1,2,1,33.311126,1829567.615313
0,1,2,1,33.288948,1827145.602290
0,1,2,1,33.266800,1826528.157617
0,1,2,1,33.244681,1825332.028239
0,1,2,1,33.222591,1824461.599885
0,1,2,1,33.200531,1824434.140061
0,1,2,1,33.178500,1824186.044978
0,1,2,1,33.156499,1822219.576167
0,1,2,1,33.134526,1818291.731665
0,1,2,1,33.112583,1817320.318394
0,1,2,1,33.090668,1816875.447066
0,1,2,1,33.068783,1816801.104259
0,1,2,1,33.046927,1815393.993108
0,1,2,1,33.025099,1815352.864270
0,1,2,1,33.003300,1814983.336127
0,1,2,1,32.981530,1814951.991478
0,1,2,1,32.959789,1813630.254168
0,1,2,1,32.938076,1812779.092282
0,1,2,1,32.916392,1812724.755410
0,1,2,1,32.894737,1812418.008088
0,1,2,1,32.873110,1812246.233909
0,1,2,1,32.851511,1810686.473724
0,1,2,1,32.829941,1810232.906143
0,1,2,1,32.808399,1810181.944615
0,1,2,1,32.786885,1809852.739060
0,1,2,1,32.765400,1807920.457817
0,1,2,1,32.743942,1807509.571406
0,1,2,1,32.722513,1807450.543463
0,1,2,1,32.701112,1805826.019200
0,1,2,1,32.679739,1804463.429457
0,1,2,1,32.658393,1803228.938070
0,1,2,1,32.637076,1802846.629373
0,1,2,1,32.615786,1801311.455842
0,1,2,1,32.594524,1801283.736614
0,1,2,1,32.573290,1801102.466058
0,1,2,1,32.552083,1800763.924725
0,1,2,1,32.530904,1799556.526395
0,1,2,1,32.509753,1799052.970176
0,1,2,1,32.488629,1797951.443922
0,1,2,1,32.467532,1797941.867665
0,1,2,1,32.446463,1796894.337587
0,1,2,1,32.425422,1795134.111671
0,1,2,1,32.404407,1794674.234114
0,1,2,1,32.383420,1794537.810190
0,1,2,1,32.362460,1794489.830814
0,1,2,1,32.341527,1793393.368226
0,1,2,1,32.320621,1790192.784421
0,1,2,1,32.299742,1789089.809963
0,1,2,1,32.278890,1788677.956774
0,1,2,1,32.258065,1788638.573900
0,1,2,1,32.237266,1787849.371536
0,1,2,1,32.216495,1783536.718326
0,1,2,1,32.195750,1783352.428681
0,1,2,1,32.175032,1783316.909086
0,1,2,1,32.154341,1782994.763369
0,1,2,1,32.133676,1782915.097261
0,1,2,1,32.113038,1781785.196541
0,1,2,1,32.092426,1780460.026703
0,1,2,1,32.071841,1779717.857365
0,1,2,1,32.051282,1776828.953154
0,1,2,1,32.030750,1775579.596988
0,1,2,1,32.010243,1775481.206429
0,1,2,1,31.989763,1775384.761111
0,1,2,1,31.969309,1775078.321127
0,1,2,1,31.948882,1773489.428328
0,1,2,1,31.928480,1770277.114786
0,1,2,1,31.908105,1770062.378031
0,1,2,1,31.887755,1769623.237549
0,1,2,1,31.867431,1768797.238813
0,1,2,1,31.847134,1768683.175250
0,1,2,1,31.826862,1762948.698032
0,1,2,1,31.806616,1762538.312744
0,1,2,1,31.786395,1761746.498667
0,1,2,1,31.766201,1761346.550137
0,1,2,1,31.746032,1760970.819289
0,1,2,1,31.725888,1760342.916565
0,1,2,1,31.705770,1760207.452970
0,1,2,1,31.685678,1760083.436527
0,1,2,1,31.665611,1758059.616187
0,1,2,1,31.645570,1757125.775918
0,1,2,1,31.625553,1756004.776201
0,1,2,1,31.605563,1755920.665043
0,1,2,1,31.585597,1754988.286283
0,1,2,1,31.565657,1753006.533432
0,1,2,1,31.545741,1751022.373217
0,1,2,1,31.525851,1747220.259283
0,1,2,1,31.505986,1745119.142101
0,1,2,1,31.486146,1744774.266548
0,1,2,1,31.466331,1742319.191527
0,1,2,1,31.446541,1742237.837139
0,1,2,1,31.426776,1739864.118017
0,1,2,1,31.407035,1739520.447907
0,1,2,1,31.387320,1739417.572083
0,1,2,1,31.367629,1739323.417993
0,1,2,1,31.347962,1739107.456334
0,1,2,1,31.328321,1738075.581378
0,1,2,1,31.308704,1736495.111531
0,1,2,1,31.289111,1736010.662328
0,1,2,1,31.269543,1733839.728487
0,1,2,1,31.250000,1733256.940384
0,1,2,1,31.230481,1732891.115386
0,1,2,1,31.210986,1732794.522559
0,1,2,1,31.191516,1732193.633985
0,1,2,1,31.172070,1731889.758419
0,1,2,1,31.152648,1730370.066635
0,1,2,1,31.133250,1730077.495806
0,1,2,1,31.113877,1729544.445833
0,1,2,1,31.094527,1729054.599575
0,1,2,1,31.075202,1728174.691877
0,1,2,1,31.055901,1726935.050443
0,1,2,1,31.036623,1724719.572629
0,1,2,1,31.017370,1724116.592622
0,1,2,1,30.998140,1723522.182471
0,1,2,1,30.978934,1723064.046531
0,1,2,1,30.959752,1720740.301621
0,1,2,1,30.940594,1720717.184571
0,1,2,1,30.921459,1719984.975695
0,1,2,1,30.902349,1719317.951921
0,1,2,1,30.883261,1719280.444661
0,1,2,1,30.864198,1719248.541858
0,1,2,1,30.845157,1718705.523122
0,1,2,1,30.826141,1716778.680257
0,1,2,1,30.807147,1716733.641772
0,1,2,1,30.788177,1716330.818223
0,1,2,1,30.769231,1715639.004820
0,1,2,1,30.750308,1715129.610552
0,1,2,1,30.731407,1713757.008556
0,1,2,1,30.712531,1713734.307880
0,1,2,1,30.693677,1712609.923177
0,1,2,1,30.674847,1711742.041311
0,1,2,1,30.656039,1710664.106606
0,1,2,1,30.637255,1708764.362806
0,1,2,1,30.618494,1707799.437820
0,1,2,1,30.599755,1705709.817798
0,1,2,1,30.581040,1705439.933919
0,1,2,1,30.562347,1705428.003997
0,1,2,1,30.543677,1705199.780879
0,1,2,1,30.525031,1704554.735180
0,1,2,1,30.506406,1704384.990979
0,1,2,1,30.487805,1704352.775428
0,1,2,1,30.469226,1704064.628431
0,1,2,1,30.450670,1703654.080738
0,1,2,1,30.432136,1703022.280760
0,1,2,1,30.413625,1702049.797665
0,1,2,1,30.395137,1701842.689971
0,1,2,1,30.376671,1701645.476752
0,1,2,1,30.358227,1701541.604801
0,1,2,1,30.339806,1700921.017516
0,1,2,1,30.321407,1700018.492831
0,1,2,1,30.303030,1699931.086983
0,1,2,1,30.284676,1699798.699755
0,1,2,1,30.266344,1699569.698242
0,1,2,1,30.248034,1698834.000046
0,1,2,1,30.229746,1697829.782114
0,1,2,1,30.211480,1697164.912214
0,1,2,1,30.193237,1694948.197562
0,1,2,1,30.175015,1694622.954382
0,1,2,1,30.156815,1693879.570888
0,1,2,1,30.138638,1693313.067769
0,1,2,1,30.120482,1692686.231929
0,1,2,1,30.102348,1690925.070563
0,1,2,1,30.084236,1689865.344142
0,1,2,1,30.066146,1687623.549967
0,1,2,1,30.048077,1686339.979662
0,1,2,1,30.030030,1686034.806947
0,1,2,1,30.012005,1685323.627106
0,1,2,1,29.994001,1684269.517266
0,1,2,1,29.976019,1682617.489293
0,1,2,1,29.958059,1682457.761421
0,1,2,1,29.940120,1682260.182965
0,1,2,1,29.922202,1682137.496893
0,1,2,1,29.904306,1681419.842916
0,1,2,1,29.886432,1681305.254550
0,1,2,1,29.868578,1679069.646203
0,1,2,1,29.850746,1677043.488840
0,1,2,1,29.832936,1676406.553570
0,1,2,1,29.815146,1675408.711603
0,1,2,1,29.797378,1674978.995790
0,1,2,1,29.779631,1673932.602627
0,1,2,1,29.761905,1673442.870245
0,1,2,1,29.744200,1673187.075281
0,1,2,1,29.726516,1672676.013830
0,1,2,1,29.708853,1667721.731089
0,1,2,1,29.691211,1667394.089800
0,1,2,1,29.673591,1666736.828338
0,1,2,1,29.655991,1666475.746874
0,1,2,1,29.638411,1665983.675842
0,1,2,1,29.620853,1665859.707970
0,1,2,1,29.603316,1665595.501540
0,1,2,1,29.585799,1664264.813963
0,1,2,1,29.568303,1663613.896564
0,1,2,1,29.550827,1659666.906939
0,1,2,1,29.533373,1659479.242083
0,1,2,1,29.515939,1658231.053054
0,1,2,1,29.498525,1658210.154480
0,1,2,1,29.481132,1657678.871588
0,1,2,1,29.463760,1655722.803381
0,1,2,1,29.446408,1654994.315880
0,1,2,1,29.429076,1654672.367777
0,1,2,1,29.411765,1653445.811492
0,1,2,1,29.394474,1653289.480487
0,1,2,1,29.377203,1653233.419932
0,1,2,1,29.359953,1652729.648991
0,1,2,1,29.342723,1651359.386661
0,1,2,1,29.325513,1651249.744264
0,1,2,1,29.308324,1650554.711368
0,1,2,1,29.291154,1649055.906387
0,1,2,1,29.274005,1648228.669704
0,1,2,1,29.256875,1647898.457391
0,1,2,1,29.239766,1647619.947462
0,1,2,1,29.222677,1646459.778850
0,1,2,1,29.205607,1645302.358895
0,1,2,1,29.188558,1644327.384965
0,1,2,1,29.171529,1644282.530093
0,1,2,1,29.154519,1643941.597461
0,1,2,1,29.137529,1641794.372942
0,1,2,1,29.120559,1640318.904950
0,1,2,1,29.103609,1639828.314189
0,1,2,1,29.086678,1639060.520164
0,1,2,1,29.069767,1637019.768923
0,1,2,1,29.052876,1634710.944491
0,1,2,1,29.036005,1634412.091545
0,1,2,1,29.019153,1634326.345537
0,1,2,1,29.002320,1634198.869380
0,1,2,1,28.985507,1632394.183330
0,1,2,1,28.968714,1631959.783387
0,1,2,1,28.951940,1631837.523734
0,1,2,1,28.935185,1631793.535781
0,1,2,1,28.918450,1630587.952308
0,1,2,1,28.901734,1629765.394970
0,1,2,1,28.885038,1629638.569315
0,1,2,1,28.868360,1628167.652106
0,1,2,1,28.851702,1628126.906035
0,1,2,1,28.835063,1626137.850934
0,1,2,1,28.818444,1626085.168085
0,1,2,1,28.801843,1624948.485848
0,1,2,1,28.785262,1624444.795048
0,1,2,1,28.768700,1624047.430195
0,1,2,1,28.752156,1623501.204585
0,1,2,1,28.735632,1623096.677945
0,1,2,1,28.719127,1622955.069450
0,1,2,1,28.702641,1622181.346799
0,1,2,1,28.686173,1621764.043216
0,1,2,1,28.669725,1621684.721941
0,1,2,1,28.653295,1619826.910271
0,1,2,1,28.636884,1619737.260552
0,1,2,1,28.620492,1619728.071822
0,1,2,1,28.604119,1619224.137491
0,1,2,1,28.587764,1618853.072274
0,1,2,1,28.571429,1618822.042319
0,1,2,1,28.555111,1617016.522274
0,1,2,1,28.538813,1616866.832451
0,1,2,1,28.522533,1615879.441898
0,1,2,1,28.506271,1614351.870495
0,1,2,1,28.490028,1614082.549767
0,1,2,1,28.473804,1612873.940631
0,1,2,1,28.457598,1612706.782439
0,1,2,1,28.441411,1612443.165380
0,1,2,1,28.425242,1612388.061180
0,1,2,1,28.409091,1611974.266137
0,1,2,1,28.392959,1609224.039385
0,1,2,1,28.376844,1609101.127974
0,1,2,1,28.360749,1607714.280278
0,1,2,1,28.344671,1607653.968674
0,1,2,1,28.328612,1607384.165477
0,1,2,1,28.312571,1606804.190057
0,1,2,1,28.296548,1605567.281662
0,1,2,1,28.280543,1602294.762528
0,1,2,1,28.264556,1601230.707066
0,1,2,1,28.248588,1601203.804326
0,1,2,1,28.232637,1600707.572253
0,1,2,1,28.216704,1600401.130197
0,1,2,1,28.200790,1600235.360567
0,1,2,1,28.184893,1599871.039123
0,1,2,1,28.169014,1598940.213866
0,1,2,1,28.153153,1598328.413941
0,1,2,1,28.137310,1598145.404451
0,1,2,1,28.121485,1597186.309296
0,1,2,1,28.105677,1597118.138347
0,1,2,1,28.089888,1596386.501020
0,1,2,1,28.074116,1594842.018723
0,1,2,1,28.058361,1592758.342004
0,1,2,1,28.042625,1591970.521628
0,1,2,1,28.026906,1589540.095505
0,1,2,1,28.011204,1589283.531415
0,1,2,1,27.995521,1588044.113704
0,1,2,1,27.979855,1587733.634345
0,1,2,1,27.964206,1586901.882361
0,1,2,1,27.948575,1586318.871299
0,1,2,1,27.932961,1585205.563751
0,1,2,1,27.917365,1585042.878697
0,1,2,1,27.901786,1584344.878184
0,1,2,1,27.886224,1581806.068092
0,1,2,1,27.870680,1579562.791737
0,1,2,1,27.855153,1579484.495842
0,1,2,1,27.839644,1578253.697774
0,1,2,1,27.824151,1577569.255472
0,1,2,1,27.808676,1577295.542474
0,1,2,1,27.793218,1577270.829326
0,1,2,1,27.777778,1577193.595932
0,1,2,1,27.762354,1577017.553823
0,1,2,1,27.746948,1576908.603259
0,1,2,1,27.731559,1576521.545685
0,1,2,1,27.716186,1576434.216493
0,1,2,1,27.700831,1576375.769457
0,1,2,1,27.685493,1575229.560339
0,1,2,1,27.670172,1573671.715081
0,1,2,1,27.654867,1573669.830813
0,1,2,1,27.639580,1573396.883484
0,1,2,1,27.624309,1572464.579794
0,1,2,1,27.609056,1570904.228615
0,1,2,1,27.593819,1569860.485467
0,1,2,1,27.578599,1569657.875603
0,1,2,1,27.563396,1567627.667382
0,1,2,1,27.548209,1565785.874421
0,1,2,1,27.533040,1565508.291337
0,1,2,1,27.517887,1565261.832525
0,1,2,1,27.502750,1565256.497002
0,1,2,1,27.487631,1565209.194139
0,1,2,1,27.472527,1565081.213386
0,1,2,1,27.457441,1564023.265426
0,1,2,1,27.442371,1562513.529761
0,1,2,1,27.427318,1562442.608032
0,1,2,1,27.412281,1562134.471702
0,1,2,1,27.397260,1562048.108993
0,1,2,1,27.382256,1560000.138281
0,1,2,1,27.367269,1559169.469949
0,1,2,1,27.352298,1557488.299361
0,1,2,1,27.337343,1556642.220255
0,1,2,1,27.322404,1553226.222274
0,1,2,1,27.307482,1552381.052069
0,1,2,1,27.292576,1552211.333726
0,1,2,1,27.277687,1551973.743722
0,1,2,1,27.262814,1550956.538443
0,1,2,1,27.247956,1550895.303547
0,1,2,1,27.233115,1550876.355908
0,1,2,1,27.218291,1550859.874995
0,1,2,1,27.203482,1548711.665455
0,1,2,1,27.188690,1548003.150781
0,1,2,1,27.173913,1547501.096449
0,1,2,1,27.159153,1547203.192450
0,1,2,1,27.144408,1546104.912868
0,1,2,1,27.129680,1545716.924771
0,1,2,1,27.114967,1544708.814549
0,1,2,1,27.100271,1544458.166698
0,1,2,1,27.085590,1542994.066560
0,1,2,1,27.070926,1542578.835763
0,1,2,1,27.056277,1541983.342809
0,1,2,1,27.041644,1541230.022078
0,1,2,1,27.027027,1540912.832838
0,1,2,1,27.012426,1540187.788065
0,1,2,1,26.997840,1540067.327552
0,1,2,1,26.983270,1540002.613786
0,1,2,1,26.968716,1539485.397734
0,1,2,1,26.954178,1539159.742785
0,1,2,1,26.939655,1538588.292826
0,1,2,1,26.925148,1535945.845735
0,1,2,1,26.910657,1535646.969638
0,1,2,1,26.896181,1535296.152165
0,1,2,1,26.881720,1535191.120835
0,1,2,1,26.867276,1535063.881728
0,1,2,1,26.852846,1534837.728879
0,1,2,1,26.838433,1532550.886572
0,1,2,1,26.824034,1532086.521512
0,1,2,1,26.809651,1531731.013176
0,1,2,1,26.795284,1530781.689124
0,1,2,1,26.780932,1529862.628818
0,1,2,1,26.766595,1529710.074774
0,1,2,1,26.752274,1525920.256783
0,1,2,1,26.737968,1524136.753609
0,1,2,1,26.723677,1523940.883524
0,1,2,1,26.709402,1523720.579578
0,1,2,1,26.695141,1523191.076267
0,1,2,1,26.680896,1521420.399269
0,1,2,1,26.666667,1521303.615500
0,1,2,1,26.652452,1520569.637002
0,1,2,1,26.638253,1520387.741138
0,1,2,1,26.624068,1520156.437726
0,1,2,1,26.609899,1519462.876742
0,1,2,1,26.595745,1518770.075022
0,1,2,1,26.581606,1518384.982114
0,1,2,1,26.567481,1517788.686233
0,1,2,1,26.553372,1517344.250055
0,1,2,1,26.539278,1516599.010023
0,1,2,1,26.525199,1512780.376847
0,1,2,1,26.511135,1512539.995773
0,1,2,1,26.497085,1511892.253774
0,1,2,1,26.483051,1510023.063155
0,1,2,1,26.469031,1509868.305761
0,1,2,1,26.455026,1508233.868797
0,1,2,1,26.441036,1508182.265425
0,1,2,1,26.427061,1507609.292777
0,1,2,1,26.413101,1506997.070147
0,1,2,1,26.399155,1506371.866541
0,1,2,1,26.385224,1503056.380762
0,1,2,1,26.371308,1501568.431005
0,1,2,1,26.357406,1500574.026807
0,1,2,1,26.343519,1500267.212135
0,1,2,1,26.329647,1499178.096954
0,1,2,1,26.315789,1499136.173782
0,1,2,1,26.301946,1498352.360558
0,1,2,1,26.288118,1498014.320736
0,1,2,1,26.274304,1497961.489974
0,1,2,1,26.260504,1495685.030807
0,1,2,1,26.246719,1494853.781790
0,1,2,1,26.232949,1494469.146839
0,1,2,1,26.219192,1494057.204175
0,1,2,1,26.205451,1492219.657966
0,1,2,1,26.191723,1491771.396875
0,1,2,1,26.178010,1488827.794905
0,1,2,1,26.164312,1488502.451493
0,1,2,1,26.150628,1487846.353835
0,1,2,1,26.136958,1485133.273043
0,1,2,1,26.123302,1484986.679380
0,1,2,1,26.109661,1484798.396645
0,1,2,1,26.096033,1484784.995698
0,1,2,1,26.082420,1484493.555504
0,1,2,1,26.068822,1484023.840413
0,1,2,1,26.055237,1483340.353994
0,1,2,1,26.041667,1483063.672588
0,1,2,1,26.028110,1482964.291676
0,1,2,1,26.014568,1482922.645708
0,1,2,1,26.001040,1482621.629656
0,1,2,1,25.987526,1482175.317674
0,1,2,1,25.974026,1482113.489137
0,1,2,1,25.960540,1481119.922963
0,1,2,1,25.947068,1480436.919782
0,1,2,1,25.933610,1480202.824586
0,1,2,1,25.920166,1479240.941201
0,1,2,1,25.906736,1478571.398722
0,1,2,1,25.893320,1477991.940119
0,1,2,1,25.879917,1477487.455111
0,1,2,1,25.866529,1477219.269490
0,1,2,1,25.853154,1476979.348971
0,1,2,1,25.839793,1476929.417598
0,1,2,1,25.826446,1475859.421645
0,1,2,1,25.813113,1475783.219916
0,1,2,1,25.799794,1475360.503167
0,1,2,1,25.786488,1475351.590377
0,1,2,1,25.773196,1474086.769990
0,1,2,1,25.759918,1472868.504075
0,1,2,1,25.746653,1472428.216323
0,1,2,1,25.733402,1471719.620144
0,1,2,1,25.720165,1469495.731840
0,1,2,1,25.706941,1468780.611000
0,1,2,1,25.693731,1468647.386529
0,1,2,1,25.680534,1467589.735152
0,1,2,1,25.667351,1467177.599892
0,1,2,1,25.654182,1466837.759316
0,1,2,1,25.641026,1466352.457145
0,1,2,1,25.627883,1464443.725968
0,1,2,1,25.614754,1464094.715939
0,1,2,1,25.601639,1463694.418927
0,1,2,1,25.588536,1463508.492944
0,1,2,1,25.575448,1462274.705177
0,1,2,1,25.562372,1462194.009626
0,1,2,1,25.549310,1461637.398549
0,1,2,1,25.536261,1460587.039063
0,1,2,1,25.523226,1460207.917696
0,1,2,1,25.510204,1458204.559229
0,1,2,1,25.497195,1456620.709491
0,1,2,1,25.484200,1456115.939379
0,1,2,1,25.471218,1454692.916498
0,1,2,1,25.458248,1454271.481548
0,1,2,1,25.445293,1454247.799144
0,1,2,1,25.432350,1454052.875970
0,1,2,1,25.419420,1453748.674325
0,1,2,1,25.406504,1453670.401584
0,1,2,1,25.393601,1453319.066447
0,1,2,1,25.380711,1452592.768145
0,1,2,1,25.367834,1452235.425922
0,1,2,1,25.354970,1449748.584968
0,1,2,1,25.342119,1449680.230372
0,1,2,1,25.329281,1449070.744550
0,1,2,1,25.316456,1447789.137412
0,1,2,1,25.303644,1447019.267615
0,1,2,1,25.290845,1445893.616243
0,1,2,1,25.278059,1445684.475853
0,1,2,1,25.265285,1445584.030960
0,1,2,1,25.252525,1443909.652366
0,1,2,1,25.239778,1441922.655114
0,1,2,1,25.227043,1441495.674888
0,1,2,1,25.214322,1441430.219791
0,1,2,1,25.201613,1440756.849435
0,1,2,1,25.188917,1440661.814045
0,1,2,1,25.176234,1440238.912013
0,1,2,1,25.163563,1439300.013285
0,1,2,1,25.150905,1439011.403552
0,1,2,1,25.138260,1436397.309373
0,1,2,1,25.125628,1436119.590159
0,1,2,1,25.113009,1436103.658339
0,1,2,1,25.100402,1433998.333539
0,1,2,1,25.087807,1433818.103003
0,1,2,1,25.075226,1433561.580585
0,1,2,1,25.062657,1431727.993481
0,1,2,1,25.050100,1431668.080929
0,1,2,1,25.037556,1431463.613926
0,1,2,1,25.025025,1430754.376131
0,1,2,1,25.012506,1429293.697381
0,1,2,1,25.000000,1429283.261225
0,1,2,1,24.987506,1427802.862346
0,1,2,1,24.975025,1426827.043122
0,1,2,1,24.962556,1426612.441426
0,1,2,1,24.950100,1425724.248344
0,1,2,1,24.937656,1425643.949693
0,1,2,1,24.925224,1424118.672256
0,1,2,1,24.912805,1423990.047557
0,1,2,1,24.900398,1423975.374200
0,1,2,1,24.888004,1423385.927810
0,1,2,1,24.875622,1423325.643564
0,1,2,1,24.863252,1422953.739862
0,1,2,1,24.850895,1422874.679034
0,1,2,1,24.838549,1422600.865908
0,1,2,1,24.826216,1421671.819140
0,1,2,1,24.813896,1421241.969639
0,1,2,1,24.801587,1421145.480875
0,1,2,1,24.789291,1420266.635096
0,1,2,1,24.777007,1419847.611663
0,1,2,1,24.764735,1419572.360759
0,1,2,1,24.752475,1419402.864268
0,1,2,1,24.740228,1419335.594371
0,1,2,1,24.727992,1417961.872745
0,1,2,1,24.715769,1417744.761459
0,1,2,1,24.703557,1417666.555349
0,1,2,1,24.691358,1417473.891331
0,1,2,1,24.679171,1416500.585415
0,1,2,1,24.666996,1415764.694328
0,1,2,1,24.654832,1414373.006543
0,1,2,1,24.642681,1413721.660337
0,1,2,1,24.630542,1412021.401014
0,1,2,1,24.618415,1411710.066014
0,1,2,1,24.606299,1411371.311046
0,1,2,1,24.594196,1409860.567462
0,1,2,1,24.582104,1409725.946590
0,1,2,1,24.570025,1409454.378335
0,1,2,1,24.557957,1408842.887167
0,1,2,1,24.545901,1407593.835926
0,1,2,1,24.533857,1406089.478311
0,1,2,1,24.521824,1405287.506297
0,1,2,1,24.509804,1405072.419091
0,1,2,1,24.497795,1405029.854524
0,1,2,1,24.485798,1404539.375121
0,1,2,1,24.473813,1403456.305426
0,1,2,1,24.461840,1402887.646780
0,1,2,1,24.449878,1401050.182228
0,1,2,1,24.437928,1400739.416664
0,1,2,1,24.425989,1399511.612635
0,1,2,1,24.414062,1398933.820122
0,1,2,1,24.402147,1397148.110377
0,1,2,1,24.390244,1395017.686722
0,1,2,1,24.378352,1394910.707861
0,1,2,1,24.366472,1394492.959176
0,1,2,1,24.354603,1394409.585502
0,1,2,1,24.342746,1394315.901910
0,1,2,1,24.330900,1392786.094521
0,1,2,1,24.319066,1392690.943048
0,1,2,1,24.307244,1392667.739898
0,1,2,1,24.295432,1391701.614078
0,1,2,1,24.283633,1390623.794317
0,1,2,1,24.271845,1389261.063441
0,1,2,1,24.260068,1386768.954900
0,1,2,1,24.248303,1385941.198546
0,1,2,1,24.236549,1384361.429547
0,1,2,1,24.224806,1384269.727084
0,1,2,1,24.213075,1383243.992572
0,1,2,1,24.201355,1382997.481448
0,1,2,1,24.189647,1382915.714988
0,1,2,1,24.177950,1382252.022069
0,1,2,1,24.166264,1381008.372203
0,1,2,1,24.154589,1380766.691085
0,1,2,1,24.142926,1380521.258011
0,1,2,1,24.131274,1379901.375881
0,1,2,1,24.119633,1379669.444507
0,1,2,1,24.108004,1378087.064404
0,1,2,1,24.096386,1378031.402784
0,1,2,1,24.084778,1377870.876319
0,1,2,1,24.073182,1377630.605870
0,1,2,1,24.061598,1377128.678390
0,1,2,1,24.050024,1376250.676381
0,1,2,1,24.038462,1376119.253265
0,1,2,1,24.026910,1375991.542369
0,1,2,1,24.015370,1375303.891794
0,1,2,1,24.003841,1374903.781273
0,1,2,1,23.992322,1372717.463392
0,1,2,1,23.980815,1372385.566924
0,1,2,1,23.969319,1372099.562767
0,1,2,1,23.957834,1372009.593083
0,1,2,1,23.946360,1371916.882470
0,1,2,1,23.934897,1371696.153417
0,1,2,1,23.923445,1371365.234238
0,1,2,1,23.912004,1371342.249860
0,1,2,1,23.900574,1370811.348451
0,1,2,1,23.889154,1370145.102657
0,1,2,1,23.877746,1369929.615387
0,1,2,1,23.866348,1368941.991060
0,1,2,1,23.854962,1368852.584448
0,1,2,1,23.843586,1368502.997691
0,1,2,1,23.832221,1368310.323436
0,1,2,1,23.820867,1368019.098526
0,1,2,1,23.809524,1367945.253715
0,1,2,1,23.798191,1367629.573902
0,1,2,1,23.786870,1366907.590563
0,1,2,1,23.775559,1366067.456421
0,1,2,1,23.764259,1364444.659890
0,1,2,1,23.752969,1362955.899514
0,1,2,1,23.741690,1362513.319926
0,1,2,1,23.730422,1362098.570065
0,1,2,1,23.719165,1362055.166203
0,1,2,1,23.707918,1362047.055898
0,1,2,1,23.696682,1361946.571319
0,1,2,1,23.685457,1361483.097341
0,1,2,1,23.674242,1361082.092480
0,1,2,1,23.663038,1361001.836838
0,1,2,1,23.651845,1360905.536046
0,1,2,1,23.640662,1360420.503888
0,1,2,1,23.629490,1358978.879663
0,1,2,1,23.618328,1358036.936554
0,1,2,1,23.607177,1357644.650849
0,1,2,1,23.596036,1355962.352153
0,1,2,1,23.584906,1354723.664830
0,1,2,1,23.573786,1354701.001016
0,1,2,1,23.562677,1354338.697497
0,1,2,1,23.551578,1353839.691185
0,1,2,1,23.540490,1353578.003234
0,1,2,1,23.529412,1352521.712157
0,1,2,1,23.518344,1352027.579916
0,1,2,1,23.507287,1351953.066695
0,1,2,1,23.496241,1351448.916347
0,1,2,1,23.485204,1350392.776839
0,1,2,1,23.474178,1349959.621595
0,1,2,1,23.463163,1349354.833016
0,1,2,1,23.452158,1348510.737688
0,1,2,1,23.441163,1344243.728300
0,1,2,1,23.430178,1343982.878147
0,1,2,1,23.419204,1343866.020131
0,1,2,1,23.408240,1343816.660198
0,1,2,1,23.397286,1343353.592172
0,1,2,1,23.386342,1341971.480597
0,1,2,1,23.375409,1341924.211995
0,1,2,1,23.364486,1341050.369691
0,1,2,1,23.353573,1339390.095824
0,1,2,1,23.342670,1338816.242408
0,1,2,1,23.331778,1338414.790045
0,1,2,1,23.320896,1338199.607322
0,1,2,1,23.310023,1338150.865130
0,1,2,1,23.299161,1337570.755047
0,1,2,1,23.288309,1336708.630508
0,1,2,1,23.277467,1336482.349134
0,1,2,1,23.266636,1336456.018732
0,1,2,1,23.255814,1336353.016093
0,1,2,1,23.245002,1336002.274953
0,1,2,1,23.234201,1335748.588500
0,1,2,1,23.223409,1335432.658556
0,1,2,1,23.212628,1334499.608104
0,1,2,1,23.201856,1333921.225076
0,1,2,1,23.191095,1333857.265078
0,1,2,1,23.180343,1333405.238117
0,1,2,1,23.169601,1333010.184908
0,1,2,1,23.158870,1331062.244197
0,1,2,1,23.148148,1330808.785695
0,1,2,1,23.137436,1330750.190197
0,1,2,1,23.126735,1330365.535161
0,1,2,1,23.116043,1329357.794415
0,1,2,1,23.105360,1329005.409968
0,1,2,1,23.094688,1328305.446890
0,1,2,1,23.084026,1327672.172276
0,1,2,1,23.073373,1327002.339168
0,1,2,1,23.062731,1326944.054531
0,1,2,1,23.052098,1325546.847426
0,1,2,1,23.041475,1325348.416147
0,1,2,1,23.030861,1323797.254059
0,1,2,1,23.020258,1321484.903770
0,1,2,1,23.009664,1321480.088428
0,1,2,1,22.999080,1321433.099032
0,1,2,1,22.988506,1321347.103410
0,1,2,1,22.977941,1320165.470273
0,1,2,1,22.967386,1320099.643113
0,1,2,1,22.956841,1319945.707263
0,1,2,1,22.946306,1319306.461716
0,1,2,1,22.935780,1317088.584757
0,1,2,1,22.925264,1316954.076513
0,1,2,1,22.914757,1316880.904584
0,1,2,1,22.904260,1315528.081635
0,1,2,1,22.893773,1315074.020614
0,1,2,1,22.883295,1314517.824450
0,1,2,1,22.872827,1314156.243169
0,1,2,1,22.862369,1313883.443005
0,1,2,1,22.851920,1313419.069505
0,1,2,1,22.841480,1313345.773071
0,1,2,1,22.831050,1313281.914767
0,1,2,1,22.820630,1313245.590633
0,1,2,1,22.810219,1310490.098989
0,1,2,1,22.799818,1307922.020652
0,1,2,1,22.789426,1307902.611673
0,1,2,1,22.779043,1307843.677119
0,1,2,1,22.768670,1307200.096705
0,1,2,1,22.758307,1305869.096568
0,1,2,1,22.747953,1303948.306956
0,1,2,1,22.737608,1303160.791399
0,1,2,1,22.727273,1302595.888803
0,1,2,1,22.716947,1302289.734197
0,1,2,1,22.706630,1301383.106084
0,1,2,1,22.696323,1300129.813864
0,1,2,1,22.686025,1299162.109326
0,1,2,1,22.675737,1299144.660477
0,1,2,1,22.665458,1298922.955130
0,1,2,1,22.655188,1297557.832790
0,1,2,1,22.644928,1294770.386892
0,1,2,1,22.634676,1293418.716883
0,1,2,1,22.624434,1292491.066875
0,1,2,1,22.614202,1291395.431992
0,1,2,1,22.603978,1290986.228198
0,1,2,1,22.593764,1290877.024364
0,1,2,1,22.583559,1290687.858331
0,1,2,1,22.573363,1290427.592195
0,1,2,1,22.563177,1289675.834243
0,1,2,1,22.553000,1289583.013927
0,1,2,1,22.542831,1289392.942234
0,1,2,1,22.532672,1289008.649261
0,1,2,1,22.522523,1287837.469674
0,1,2,1,22.512382,1287725.838723
0,1,2,1,22.502250,1287455.505904
0,1,2,1,22.492128,1287327.434838
0,1,2,1,22.482014,1287260.962815
0,1,2,1,22.471910,1287115.235882
0,1,2,1,22.461815,1286525.637906
0,1,2,1,22.451729,1284694.525216
0,1,2,1,22.441652,1284381.731744
0,1,2,1,22.431584,1284069.540154
0,1,2,1,22.421525,1283338.019751
0,1,2,1,22.411475,1283110.536613
0,1,2,1,22.401434,1282774.238948
0,1,2,1,22.391402,1282056.130043
0,1,2,1,22.381379,1281595.757589
0,1,2,1,22.371365,1279774.430474
0,1,2,1,22.361360,1277814.516677
0,1,2,1,22.351363,1277598.889686
0,1,2,1,22.341376,1276628.498705
0,1,2,1,22.331398,1276535.291095
0,1,2,1,22.321429,1276242.882256
0,1,2,1,22.311468,1275941.089295
0,1,2,1,22.301517,1275616.273440
0,1,2,1,22.291574,1272946.946809
0,1,2,1,22.281640,1272564.271956
0,1,2,1,22.271715,1272381.963408
0,1,2,1,22.261799,1271579.909786
0,1,2,1,22.251891,1271328.985744
0,1,2,1,22.241993,1270278.435650
0,1,2,1,22.232103,1270048.701681
0,1,2,1,22.222222,1269679.403877
0,1,2,1,22.212350,1269089.632324
0,1,2,1,22.202487,1268412.880041
0,1,2,1,22.192632,1267287.052800
0,1,2,1,22.182786,1267096.342144
0,1,2,1,22.172949,1266863.535306
0,1,2,1,22.163121,1266630.188960
0,1,2,1,22.153301,1266221.683707
0,1,2,1,22.143490,1266204.580312
0,1,2,1,22.133687,1265184.970120
0,1,2,1,22.123894,1264873.462825
0,1,2,1,22.114109,1264760.603566
0,1,2,1,22.104332,1264705.037289
0,1,2,1,22.094565,1264654.833901
0,1,2,1,22.084806,1264502.383340
0,1,2,1,22.075055,1261521.946177
0,1,2,1,22.065313,1260137.083895
0,1,2,1,22.055580,1259778.450710
0,1,2,1,22.045855,1259303.548826
0,1,2,1,22.036139,1258972.677563
0,1,2,1,22.026432,1258933.255945
0,1,2,1,22.016733,1258832.319455
0,1,2,1,22.007042,1258356.994119
0,1,2,1,21.997360,1257460.399795
0,1,2,1,21.987687,1257345.604633
0,1,2,1,21.978022,1256872.679996
0,1,2,1,21.968366,1256462.546181
0,1,2,1,21.958718,1256374.661921
0,1,2,1,21.949078,1256235.079524
0,1,2,1,21.939447,1255914.170136
0,1,2,1,21.929825,1255318.898168
0,1,2,1,21.920210,1254953.338587
0,1,2,1,21.910605,1254354.984235
0,1,2,1,21.901007,1254031.766104
0,1,2,1,21.891419,1253155.819046
0,1,2,1,21.881838,1253041.375185
0,1,2,1,21.872266,1252822.061743
0,1,2,1,21.862702,1252554.561453
0,1,2,1,21.853147,1252425.826688
0,1,2,1,21.843600,1252262.498894
0,1,2,1,21.834061,1251788.050761
0,1,2,1,21.824531,1250098.665614
0,1,2,1,21.815009,1250011.045033
0,1,2,1,21.805495,1249850.331356
0,1,2,1,21.795990,1249258.181677
0,1,2,1,21.786492,1249249.264711
0,1,2,1,21.777003,1248790.027770
0,1,2,1,21.767523,1248612.328299
0,1,2,1,21.758050,1248583.366347
0,1,2,1,21.748586,1248568.894133
0,1,2,1,21.739130,1248269.616917
0,1,2,1,21.729683,1247467.990888
0,1,2,1,21.720243,1246596.829939
0,1,2,1,21.710812,1246364.476341
0,1,2,1,21.701389,1246193.528130
0,1,2,1,21.691974,1245867.838148
0,1,2,1,21.682567,1245522.703762
0,1,2,1,21.673169,1244108.461815
0,1,2,1,21.663778,1243761.588599
0,1,2,1,21.654396,1243573.820011
0,1,2,1,21.645022,1243547.049824
0,1,2,1,21.635656,1243545.578721
0,1,2,1,21.626298,1243416.539600
0,1,2,1,21.616948,1242884.781604
0,1,2,1,21.607606,1242630.736682
0,1,2,1,21.598272,1242267.142061
0,1,2,1,21.588946,1242174.946331
0,1,2,1,21.579629,1242134.136538
0,1,2,1,21.570319,1241876.563140
0,1,2,1,21.561018,1241411.432244
0,1,2,1,21.551724,1239483.397218
0,1,2,1,21.542439,1238694.519952
0,1,2,1,21.533161,1237290.320590
0,1,2,1,21.523892,1236331.053220
0,1,2,1,21.514630,1235942.746916
0,1,2,1,21.505376,1235551.011370
0,1,2,1,21.496131,1235085.807120
0,1,2,1,21.486893,1234876.619717
0,1,2,1,21.477663,1233396.623440
0,1,2,1,21.468441,1233303.809801
0,1,2,1,21.459227,1232871.076658
0,1,2,1,21.450021,1232519.603874
0,1,2,1,21.440823,1232090.507707
0,1,2,1,21.431633,1230895.621406
0,1,2,1,21.422451,1229878.610879
0,1,2,1,21.413276,1229778.630454
0,1,2,1,21.404110,1229447.380085
0,1,2,1,21.394951,1229366.168717
0,1,2,1,21.385800,1226866.763963
0,1,2,1,21.376657,1226706.901153
0,1,2,1,21.367521,1226062.557696
0,1,2,1,21.358394,1225576.879827
0,1,2,1,21.349274,1225484.186760
0,1,2,1,21.340162,1225373.261225
0,1,2,1,21.331058,1224672.678750
0,1,2,1,21.321962,1224628.697068
0,1,2,1,21.312873,1224174.153052
0,1,2,1,21.303792,1224124.516831
0,1,2,1,21.294719,1223983.306006
0,1,2,1,21.285653,1223811.102625
0,1,2,1,21.276596,1223764.460045
0,1,2,1,21.267546,1223559.459836
0,1,2,1,21.258503,1223431.006406
0,1,2,1,21.249469,1223020.357203
0,1,2,1,21.240442,1221010.201575
0,1,2,1,21.231423,1219982.282562
0,1,2,1,21.222411,1219619.574034
0,1,2,1,21.213407,1219154.590237
0,1,2,1,21.204411,1218701.902132
0,1,2,1,21.195422,1218533.977754
0,1,2,1,21.186441,1218410.760309
0,1,2,1,21.177467,1217031.686886
0,1,2,1,21.168501,1216048.552038
0,1,2,1,21.159543,1214831.677953
0,1,2,1,21.150592,1214442.070374
0,1,2,1,21.141649,1213327.927985
0,1,2,1,21.132713,1213235.281387
0,1,2,1,21.123785,1212701.579329
0,1,2,1,21.114865,1211309.271527
0,1,2,1,21.105952,1210778.429689
0,1,2,1,21.097046,1209669.046482
0,1,2,1,21.088148,1209408.608266
0,1,2,1,21.079258,1209393.465454
0,1,2,1,21.070375,1208823.643643
0,1,2,1,21.061500,1208819.871186
0,1,2,1,21.052632,1208721.100848
0,1,2,1,21.043771,1208693.897865
0,1,2,1,21.034918,1208665.312700
0,1,2,1,21.026072,1208045.311074
0,1,2,1,21.017234,1207773.896652
0,1,2,1,21.008403,1207466.613442
0,1,2,1,20.999580,1207270.207501
0,1,2,1,20.990764,1206939.851552
0,1,2,1,20.981956,1206660.011187
0,1,2,1,20.973154,1206388.180564
0,1,2,1,20.964361,1206269.090662
0,1,2,1,20.955574,1205220.751896
0,1,2,1,20.946795,1204606.468883
0,1,2,1,20.938023,1204362.455196
0,1,2,1,20.929259,1204251.932244
0,1,2,1,20.920502,1204007.411224
0,1,2,1,20.911752,1202427.422719
0,1,2,1,20.903010,1202328.123116
0,1,2,1,20.894275,1201947.773060
0,1,2,1,20.885547,1201191.974556
0,1,2,1,20.876827,1201007.691532
0,1,2,1,20.868114,1200375.922695
0,1,2,1,20.859408,1199797.978164
0,1,2,1,20.850709,1199204.484151
0,1,2,1,20.842018,1199058.868725
0,1,2,1,20.833333,1198457.507520
0,1,2,1,20.824656,1198070.524311
0,1,2,1,20.815987,1198042.760952
0,1,2,1,20.807324,1196795.240789
0,1,2,1,20.798669,1196250.371622
0,1,2,1,20.790021,1195570.754963
0,1,2,1,20.781380,1195495.685930
0,1,2,1,20.772746,1195472.781100
0,1,2,1,20.764120,1195171.858447
0,1,2,1,20.755500,1194550.340017
0,1,2,1,20.746888,1194255.703120
0,1,2,1,20.738283,1193577.752416
0,1,2,1,20.729685,1192203.958216
0,1,2,1,20.721094,1191815.517394
0,1,2,1,20.712510,1188956.615540
0,1,2,1,20.703934,1188904.504532
0,1,2,1,20.695364,1188505.668790
0,1,2,1,20.686802,1188294.079316
0,1,2,1,20.678246,1187719.385559
0,1,2,1,20.669698,1187667.499525
0,1,2,1,20.661157,1186923.085169
0,1,2,1,20.652623,1186227.819107
0,1,2,1,20.644096,1185875.925829
0,1,2,1,20.635576,1185873.814723
0,1,2,1,20.627063,1185859.058467
0,1,2,1,20.618557,1185664.442089
0,1,2,1,20.610058,1185229.453725
0,1,2,1,20.601566,1185215.329051
0,1,2,1,20.593081,1184952.022882
0,1,2,1,20.584603,1184441.688693
0,1,2,1,20.576132,1182822.604195
0,1,2,1,20.567668,1182796.137553
0,1,2,1,20.559211,1182429.579332
0,1,2,1,20.550760,1182402.097706
0,1,2,1,20.542317,1182140.895612
0,1,2,1,20.533881,1181913.119781
0,1,2,1,20.525452,1181842.312660
0,1,2,1,20.517029,1181267.333914
0,1,2,1,20.508614,1181225.278782
0,1,2,1,20.500205,1180599.980602
0,1,2,1,20.491803,1180368.944847
0,1,2,1,20.483408,1180269.801862
0,1,2,1,20.475020,1180039.713571
0,1,2,1,20.466639,1179856.566736
0,1,2,1,20.458265,1179143.995389
0,1,2,1,20.449898,1178916.017131
0,1,2,1,20.441537,1178579.554713
0,1,2,1,20.433183,1177691.592599
0,1,2,1,20.424837,1176405.021106
0,1,2,1,20.416497,1175942.881784
0,1,2,1,20.408163,1175844.119235
0,1,2,1,20.399837,1174716.451625
0,1,2,1,20.391517,1174112.646839
0,1,2,1,20.383204,1173214.436749
0,1,2,1,20.374898,1172993.142254
0,1,2,1,20.366599,1172341.373537
0,1,2,1,20.358306,1171611.777427
0,1,2,1,20.350020,1171565.611179
0,1,2,1,20.341741,1171036.547317
0,1,2,1,20.333469,1170965.110027
0,1,2,1,20.325203,1170836.931823
0,1,2,1,20.316944,1170264.431610
0,1,2,1,20.308692,1170249.357217
0,1,2,1,20.300447,1170198.609492
0,1,2,1,20.292208,1169895.630246
0,1,2,1,20.283976,1169626.694220
0,1,2,1,20.275750,1167688.142159
0,1,2,1,20.267531,1167485.584803
0,1,2,1,20.259319,1166792.847900
0,1,2,1,20.251114,1166205.455644
0,1,2,1,20.242915,1165898.313173
0,1,2,1,20.234723,1165126.754200
0,1,2,1,20.226537,1165092.677804
0,1,2,1,20.218358,1164534.232723
0,1,2,1,20.210186,1164188.209584
0,1,2,1,20.202020,1164167.726631
0,1,2,1,20.193861,1163975.953341
0,1,2,1,20.185709,1162916.866569
0,1,2,1,20.177563,1162686.692116
0,1,2,1,20.169423,1162196.081368
0,1,2,1,20.161290,1162143.133217
0,1,2,1,20.153164,1162141.927069
0,1,2,1,20.145044,1162115.529500
0,1,2,1,20.136931,1161858.085697
0,1,2,1,20.128824,1161571.235384
0,1,2,1,20.120724,1161143.416551
0,1,2,1,20.112631,1161014.959029
0,1,2,1,20.104544,1160954.628618
0,1,2,1,20.096463,1160595.986055
0,1,2,1,20.088389,1160124.557565
0,1,2,1,20.080321,1159654.373380
0,1,2,1,20.072260,1159377.287862
0,1,2,1,20.064205,1159293.414418
0,1,2,1,20.056157,1159217.086362
0,1,2,1,20.048115,1159124.372500
0,1,2,1,20.040080,1158864.836631
0,1,2,1,20.032051,1158453.465014
0,1,2,1,20.024029,1158223.796182
0,1,2,1,20.016013,1157665.349802
0,1,2,1,20.008003,1157242.324325
0,1,2,1,20.000000,1154616.876589
0,1,2,1,19.992003,1154451.702598
0,1,2,1,19.984013,1154028.544737
0,1,2,1,19.976029,1153988.511120
0,1,2,1,19.968051,1153890.063935
0,1,2,1,19.960080,1153389.575974
0,1,2,1,19.952115,1152827.190756
0,1,2,1,19.944156,1152128.579947
0,1,2,1,19.936204,1151942.689299
0,1,2,1,19.928258,1151928.154073
0,1,2,1,19.920319,1151383.790678
0,1,2,1,19.912386,1151364.303645
0,1,2,1,19.904459,1151169.857151
0,1,2,1,19.896538,1150887.545502
0,1,2,1,19.888624,1149766.253890
0,1,2,1,19.880716,1149163.769402
0,1,2,1,19.872814,1148050.097787
0,1,2,1,19.864919,1148031.608665
0,1,2,1,19.857029,1147419.695023
0,1,2,1,19.849146,1147258.496693
0,1,2,1,19.841270,1147248.401435
0,1,2,1,19.833399,1147189.555745
0,1,2,1,19.825535,1147002.439856
0,1,2,1,19.817677,1146499.825538
0,1,2,1,19.809826,1146454.616828
0,1,2,1,19.801980,1146424.153750
0,1,2,1,19.794141,1146301.944130
0,1,2,1,19.786308,1145868.059076
0,1,2,1,19.778481,1145715.794490
0,1,2,1,19.770660,1145664.021041
0,1,2,1,19.762846,1145618.263924
0,1,2,1,19.755038,1144975.670434
0,1,2,1,19.747235,1144942.806895
0,1,2,1,19.739439,1144427.477819
0,1,2,1,19.731650,1143988.537481
0,1,2,1,19.723866,1143585.923354
0,1,2,1,19.716088,1142243.667510
0,1,2,1,19.708317,1141393.857860
0,1,2,1,19.700552,1140445.280199
0,1,2,1,19.692792,1140416.327835
0,1,2,1,19.685039,1140043.844423
0,1,2,1,19.677292,1139863.389069
0,1,2,1,19.669552,1139787.486023
0,1,2,1,19.661817,1139733.220542
0,1,2,1,19.654088,1139544.375184
0,1,2,1,19.646365,1139172.152984
0,1,2,1,19.638649,1138944.951446
0,1,2,1,19.630938,1138429.798909
0,1,2,1,19.623234,1138361.800113
0,1,2,1,19.615536,1137644.379321
0,1,2,1,19.607843,1136698.230710
0,1,2,1,19.600157,1136580.704965
0,1,2,1,19.592476,1135953.635232
0,1,2,1,19.584802,1135572.233420
0,1,2,1,19.577134,1134563.439943
0,1,2,1,19.569472,1134354.311626
0,1,2,1,19.561815,1134107.331987
0,1,2,1,19.554165,1134102.146477
0,1,2,1,19.546521,1133886.112725
0,1,2,1,19.538882,1133884.721520
0,1,2,1,19.531250,1133187.517284
0,1,2,1,19.523624,1132893.425780
0,1,2,1,19.516003,1132772.145417
0,1,2,1,19.508389,1132642.273216
0,1,2,1,19.500780,1132089.021297
0,1,2,1,19.493177,1132006.083515
0,1,2,1,19.485581,1131331.452430
0,1,2,1,19.477990,1131133.547716
0,1,2,1,19.470405,1130735.631382
0,1,2,1,19.462826,1129791.211094
0,1,2,1,19.455253,1129637.108192
0,1,2,1,19.447686,1129256.604604
0,1,2,1,19.440124,1129016.960975
0,1,2,1,19.432569,1128928.307004
0,1,2,1,19.425019,1128714.765903
0,1,2,1,19.417476,1128312.922158
0,1,2,1,19.409938,1128254.723371
0,1,2,1,19.402406,1127523.652795
0,1,2,1,19.394880,1127470.256083
0,1,2,1,19.387359,1127252.757699
0,1,2,1,19.379845,1127211.231858
0,1,2,1,19.372336,1127021.832512
0,1,2,1,19.364833,1126176.646313
0,1,2,1,19.357336,1126174.844624
0,1,2,1,19.349845,1126118.048859
0,1,2,1,19.342360,1125227.222600
0,1,2,1,19.334880,1125162.206291
0,1,2,1,19.327406,1125142.426678
0,1,2,1,19.319938,1124760.834487
0,1,2,1,19.312476,1124518.812154
0,1,2,1,19.305019,1124354.788155
0,1,2,1,19.297569,1123871.161265
0,1,2,1,19.290123,1123777.925546
0,1,2,1,19.282684,1123777.461516
0,1,2,1,19.275251,1123294.105465
0,1,2,1,19.267823,1122061.262050
0,1,2,1,19.260401,1122015.976428
0,1,2,1,19.252984,1121708.578999
0,1,2,1,19.245574,1121612.200703
0,1,2,1,19.238169,1121313.472007
0,1,2,1,19.230769,1120906.276055
0,1,2,1,19.223376,1120873.959310
0,1,2,1,19.215988,1120589.894453
0,1,2,1,19.208605,1119871.930067
0,1,2,1,19.201229,1119481.473252
0,1,2,1,19.193858,1118971.985060
0,1,2,1,19.186493,1118912.551187
0,1,2,1,19.179133,1118541.777198
0,1,2,1,19.171779,1117268.517559
0,1,2,1,19.164431,1116706.259523
0,1,2,1,19.157088,1116385.324264
0,1,2,1,19.149751,1115989.709056
0,1,2,1,19.142420,1114879.346749
0,1,2,1,19.135094,1114403.020429
0,1,2,1,19.127774,1113992.773917
0,1,2,1,19.120459,1113512.344555
0,1,2,1,19.113150,1113099.075343
0,1,2,1,19.105846,1112984.269256
0,1,2,1,19.098549,1112180.255149
0,1,2,1,19.091256,1111315.826100
0,1,2,1,19.083969,1110523.139343
0,1,2,1,19.076688,1109977.668891
0,1,2,1,19.069413,1109961.450161
0,1,2,1,19.062143,1109883.138228
0,1,2,1,19.054878,1109529.978524
0,1,2,1,19.047619,1109476.157185
0,1,2,1,19.040366,1109323.202258
0,1,2,1,19.033118,1108796.292300
0,1,2,1,19.025875,1108236.433872
0,1,2,1,19.018638,1107978.112134
0,1,2,1,19.011407,1107936.123735
0,1,2,1,19.004181,1107739.283502
0,1,2,1,18.996960,1107572.889772
0,1,2,1,18.989746,1107320.420219
0,1,2,1,18.982536,1107303.569436
0,1,2,1,18.975332,1107110.200408
0,1,2,1,18.968134,1107094.529966
0,1,2,1,18.960940,1106625.444766
0,1,2,1,18.953753,1106540.443773
0,1,2,1,18.946571,1106434.477453
0,1,2,1,18.939394,1105985.382368
0,1,2,1,18.932223,1104737.302901
0,1,2,1,18.925057,1104514.908194
0,1,2,1,18.917896,1104443.633656
0,1,2,1,18.910741,1104424.912397
0,1,2,1,18.903592,1104141.249760
0,1,2,1,18.896447,1103487.844164
0,1,2,1,18.889309,1102732.412543
0,1,2,1,18.882175,1101512.212888
0,1,2,1,18.875047,1100921.737038
0,1,2,1,18.867925,1100786.428229
0,1,2,1,18.860807,1100712.961599
0,1,2,1,18.853695,1100081.468050
0,1,2,1,18.846589,1099641.294490
0,1,2,1,18.839488,1099434.285726
0,1,2,1,18.832392,1099031.928123
0,1,2,1,18.825301,1098809.258822
0,1,2,1,18.818216,1098521.266591
0,1,2,1,18.811136,1098497.685770
0,1,2,1,18.804062,1098311.226941
0,1,2,1,18.796992,1098234.087580
0,1,2,1,18.789929,1098042.957281
0,1,2,1,18.782870,1097518.979747
0,1,2,1,18.775817,1096234.866939
0,1,2,1,18.768769,1095825.559753
0,1,2,1,18.761726,1095436.597625
0,1,2,1,18.754689,1095039.266505
0,1,2,1,18.747657,1094795.458597
0,1,2,1,18.740630,1094745.229015
0,1,2,1,18.733608,1094717.630554
0,1,2,1,18.726592,1094286.879236
0,1,2,1,18.719581,1093595.635727
0,1,2,1,18.712575,1093329.227063
0,1,2,1,18.705574,1093124.995154
0,1,2,1,18.698579,1092299.717143
0,1,2,1,18.691589,1092048.665712
0,1,2,1,18.684604,1091940.337823
0,1,2,1,18.677624,1091919.076096
0,1,2,1,18.670650,1091234.924639
0,1,2,1,18.663680,1090834.792055
0,1,2,1,18.656716,1090297.494288
0,1,2,1,18.649758,1089605.979433
0,1,2,1,18.642804,1089206.016663
0,1,2,1,18.635855,1086601.815275
0,1,2,1,18.628912,1086533.743835
0,1,2,1,18.621974,1086498.029584
0,1,2,1,18.615041,1086124.412600
0,1,2,1,18.608113,1085796.668426
0,1,2,1,18.601190,1085047.333970
0,1,2,1,18.594273,1084595.893834
0,1,2,1,18.587361,1084157.908572
0,1,2,1,18.580453,1084154.017480
0,1,2,1,18.573551,1083003.838827
0,1,2,1,18.566654,1082715.245474
0,1,2,1,18.559762,1082636.510724
0,1,2,1,18.552876,1082499.585187
0,1,2,1,18.545994,1082068.930986
0,1,2,1,18.539118,1081929.407195
0,1,2,1,18.532246,1081701.374135
0,1,2,1,18.525380,1081645.579840
0,1,2,1,18.518519,1080859.480314
0,1,2,1,18.511662,1080310.794089
0,1,2,1,18.504811,1079859.255359
0,1,2,1,18.497965,1079084.756086
0,1,2,1,18.491124,1078457.105892
0,1,2,1,18.484288,1078409.794414
0,1,2,1,18.477458,1078370.278543
0,1,2,1,18.470632,1078034.987737
0,1,2,1,18.463811,1077404.178523
0,1,2,1,18.456995,1077156.423135
0,1,2,1,18.450185,1077147.739148
0,1,2,1,18.443379,1076586.220438
0,1,2,1,18.436578,1076160.293904
0,1,2,1,18.429783,1075623.307593
0,1,2,1,18.422992,1075442.989948
0,1,2,1,18.416206,1075271.860573
0,1,2,1,18.409426,1075166.004157
0,1,2,1,18.402650,1074824.994116
0,1,2,1,18.395879,1074790.845215
0,1,2,1,18.389114,1074299.373335
0,1,2,1,18.382353,1073917.988289
0,1,2,1,18.375597,1073720.951296
0,1,2,1,18.368846,1073019.499644
0,1,2,1,18.362101,1071131.304319
0,1,2,1,18.355360,1071000.568692
0,1,2,1,18.348624,1070726.683679
0,1,2,1,18.341893,1070365.891695
0,1,2,1,18.335167,1069813.792882
0,1,2,1,18.328446,1069525.490760
0,1,2,1,18.321730,1069253.839945
0,1,2,1,18.315018,1068954.194720
0,1,2,1,18.308312,1068600.330762
0,1,2,1,18.301611,1068404.974900
0,1,2,1,18.294914,1067496.896263
0,1,2,1,18.288222,1066735.955008
0,1,2,1,18.281536,1066075.455717
0,1,2,1,18.274854,1065744.849344
0,1,2,1,18.268177,1065639.316512
0,1,2,1,18.261505,1064643.573327
0,1,2,1,18.254838,1064570.441624
0,1,2,1,18.248175,1064508.382841
0,1,2,1,18.241518,1064292.956624
0,1,2,1,18.234865,1063864.927867
0,1,2,1,18.228217,1063533.260261
0,1,2,1,18.221574,1063413.803502
0,1,2,1,18.214936,1063174.500150
0,1,2,1,18.208303,1062798.848712
0,1,2,1,18.201675,1062759.905520
0,1,2,1,18.195051,1062288.673839
0,1,2,1,18.188432,1061685.314523
0,1,2,1,18.181818,1061292.215832
0,1,2,1,18.175209,1060433.637095
0,1,2,1,18.168605,1060242.127934
0,1,2,1,18.162005,1059822.022752
0,1,2,1,18.155410,1059548.655826
0,1,2,1,18.148820,1059148.064428
0,1,2,1,18.142235,1058515.234199
0,1,2,1,18.135655,1057902.759500
0,1,2,1,18.129079,1057554.010165
0,1,2,1,18.122508,1056649.767004
0,1,2,1,18.115942,1056508.079135
0,1,2,1,18.109381,1056405.381189
0,1,2,1,18.102824,1056290.931666
0,1,2,1,18.096272,1055667.306478
0,1,2,1,18.089725,1055134.996860
0,1,2,1,18.083183,1055011.990972
0,1,2,1,18.076645,1055008.385314
0,1,2,1,18.070112,1054432.394958
0,1,2,1,18.063584,1054268.753209
0,1,2,1,18.057060,1054215.490030
0,1,2,1,18.050542,1054115.096802
0,1,2,1,18.044027,1053905.729041
0,1,2,1,18.037518,1053342.862973
0,1,2,1,18.031013,1052981.849329
0,1,2,1,18.024513,1052493.705122
0,1,2,1,18.018018,1052432.709442
0,1,2,1,18.011527,1052255.028465
0,1,2,1,18.005041,1051632.106735
0,1,2,1,17.998560,1051479.898640
0,1,2,1,17.992083,1050569.244350
0,1,2,1,17.985612,1050351.969404
0,1,2,1,17.979144,1050350.574575
0,1,2,1,17.972682,1049785.876244
0,1,2,1,17.966223,1049601.868468
0,1,2,1,17.959770,1049430.936654
0,1,2,1,17.953321,1049413.389117
0,1,2,1,17.946877,1048440.010685
0,1,2,1,17.940438,1047737.082338
0,1,2,1,17.934003,1047647.963160
0,1,2,1,17.927573,1047045.044299
0,1,2,1,17.921147,1046704.091669
0,1,2,1,17.914726,1046642.955046
0,1,2,1,17.908309,1046608.890782
0,1,2,1,17.901898,1046333.721997
0,1,2,1,17.895490,1046015.107373
0,1,2,1,17.889088,1045861.784662
0,1,2,1,17.882690,1045688.352073
0,1,2,1,17.876296,1045640.093665
0,1,2,1,17.869907,1045387.776914
0,1,2,1,17.863523,1044966.788676
0,1,2,1,17.857143,1044695.437083
0,1,2,1,17.850768,1043646.919376
0,1,2,1,17.844397,1043472.886841
0,1,2,1,17.838031,1043457.292941
0,1,2,1,17.831669,1043429.951735
0,1,2,1,17.825312,1043360.835667
0,1,2,1,17.818959,1043238.181165
0,1,2,1,17.812611,1043051.984872
0,1,2,1,17.806268,1042950.223051
0,1,2,1,17.799929,1042804.575918
0,1,2,1,17.793594,1042766.608337
0,1,2,1,17.787264,1042693.898357
0,1,2,1,17.780939,1042472.937392
0,1,2,1,17.774618,1041731.714713
0,1,2,1,17.768301,1041565.757302
0,1,2,1,17.761989,1041548.526517
0,1,2,1,17.755682,1040900.353588
0,1,2,1,17.749379,1040686.554988
0,1,2,1,17.743080,1040461.277642
0,1,2,1,17.736786,1039873.629767
0,1,2,1,17.730496,1039251.842379
0,1,2,1,17.724211,1038939.904031
0,1,2,1,17.717931,1038769.376151
0,1,2,1,17.711654,1038676.729365
0,1,2,1,17.705382,1038512.208892
0,1,2,1,17.699115,1038199.945390
0,1,2,1,17.692852,1037651.617261
0,1,2,1,17.686594,1036988.463881
0,1,2,1,17.680339,1036512.851355
0,1,2,1,17.674090,1036462.732153
0,1,2,1,17.667845,1036195.737764
0,1,2,1,17.661604,1036153.937212
0,1,2,1,17.655367,1035488.052762
0,1,2,1,17.649135,1035169.724712
0,1,2,1,17.642908,1035042.049123
0,1,2,1,17.636684,1034562.180302
0,1,2,1,17.630465,1034487.898697
0,1,2,1,17.624251,1033888.183916
0,1,2,1,17.618041,1033825.929899
0,1,2,1,17.611835,1033668.408903
0,1,2,1,17.605634,1033445.820698
0,1,2,1,17.599437,1033443.511816
0,1,2,1,17.593244,1032852.340714
0,1,2,1,17.587056,1032824.054290
0,1,2,1,17.580872,1032733.206252
0,1,2,1,17.574692,1031791.853622
0,1,2,1,17.568517,1031669.236837
0,1,2,1,17.562346,1031265.781567
0,1,2,1,17.556180,1030685.912821
0,1,2,1,17.550018,1030663.167014
0,1,2,1,17.543860,1030516.454079
0,1,2,1,17.537706,1029472.603542
0,1,2,1,17.531557,1029287.294578
0,1,2,1,17.525412,1029264.832840
0,1,2,1,17.519271,1029015.841253
0,1,2,1,17.513135,1028491.303189
0,1,2,1,17.507003,1028160.845814
0,1,2,1,17.500875,1027945.592828
0,1,2,1,17.494752,1027732.829338
0,1,2,1,17.488632,1027529.835197
0,1,2,1,17.482517,1027376.302086
0,1,2,1,17.476407,1027345.879007
0,1,2,1,17.470300,1027228.115704
0,1,2,1,17.464198,1026534.871707
0,1,2,1,17.458101,1025737.104475
0,1,2,1,17.452007,1025382.130260
0,1,2,1,17.445918,1025245.026818
0,1,2,1,17.439833,1025058.398219
0,1,2,1,17.433752,1023866.922601
0,1,2,1,17.427675,1023556.885935
0,1,2,1,17.421603,1023088.611265
0,1,2,1,17.415535,1022638.270356
0,1,2,1,17.409471,1021837.178366
0,1,2,1,17.403411,1021265.929853
0,1,2,1,17.397356,1020610.323619
0,1,2,1,17.391304,1020577.692392
0,1,2,1,17.385257,1020206.254260
0,1,2,1,17.379214,1020132.071000
0,1,2,1,17.373176,1020100.830771
0,1,2,1,17.367141,1019557.911033
0,1,2,1,17.361111,1019542.521347
0,1,2,1,17.355085,1018222.130028
0,1,2,1,17.349063,1017933.694704
0,1,2,1,17.343045,1017646.021815
0,1,2,1,17.337032,1017391.622247
0,1,2,1,17.331023,1017208.544345
0,1,2,1,17.325017,1017199.262490
0,1,2,1,17.319016,1014848.890863
0,1,2,1,17.313019,1014821.352466
0,1,2,1,17.307027,1014612.115708
0,1,2,1,17.301038,1014594.702411
0,1,2,1,17.295054,1014160.024810
0,1,2,1,17.289073,1014055.291862
0,1,2,1,17.283097,1013353.104342
0,1,2,1,17.277125,1013310.629214
0,1,2,1,17.271157,1013280.977029
0,1,2,1,17.265193,1013235.644984
0,1,2,1,17.259234,1013076.528854
0,1,2,1,17.253278,1012314.358384
0,1,2,1,17.247327,1011883.510787
0,1,2,1,17.241379,1011572.084664
0,1,2,1,17.235436,1011419.913404
0,1,2,1,17.229497,1011146.224705
0,1,2,1,17.223562,1011090.736746
0,1,2,1,17.217631,1010507.985298
0,1,2,1,17.211704,1010182.582694
0,1,2,1,17.205781,1009975.038649
0,1,2,1,17.199862,1009648.843490
0,1,2,1,17.193948,1009479.230705
0,1,2,1,17.188037,1009118.668779
0,1,2,1,17.182131,1008975.471814
0,1,2,1,17.176228,1008925.002413
0,1,2,1,17.170330,1008865.391465
0,1,2,1,17.164435,1008605.869389
0,1,2,1,17.158545,1008429.417798
0,1,2,1,17.152659,1007627.644595
0,1,2,1,17.146776,1007512.229082
0,1,2,1,17.140898,1007426.931097
0,1,2,1,17.135024,1007061.546708
0,1,2,1,17.129154,1005987.913562
0,1,2,1,17.123288,1005682.010119
0,1,2,1,17.117426,1005169.122775
0,1,2,1,17.111567,1005054.620466
0,1,2,1,17.105713,1004902.566474
0,1,2,1,17.099863,1004042.875102
0,1,2,1,17.094017,1003992.760124
0,1,2,1,17.088175,1003488.483936
0,1,2,1,17.082337,1002228.644165
0,1,2,1,17.076503,1001849.055781
0,1,2,1,17.070673,1001687.494032
0,1,2,1,17.064846,1001219.281230
0,1,2,1,17.059024,1001093.277780
0,1,2,1,17.053206,1000799.805918
0,1,2,1,17.047392,1000638.061353
0,1,2,1,17.041581,1000188.550804
0,1,2,1,17.035775,999771.682590
0,1,2,1,17.029973,999483.800711
0,1,2,1,17.024174,999034.629195
0,1,2,1,17.018380,999023.922491
0,1,2,1,17.012589,998460.641499
0,1,2,1,17.006803,998418.893550
0,1,2,1,17.001020,998392.171236
0,1,2,1,16.995241,998055.444792
0,1,2,1,16.989467,997270.108983
0,1,2,1,16.983696,997136.667374
0,1,2,1,16.977929,996962.301443
0,1,2,1,16.972166,996310.330261
0,1,2,1,16.966407,995977.469957
0,1,2,1,16.960651,995924.524214
0,1,2,1,16.954900,995854.520759
0,1,2,1,16.949153,995826.507434
0,1,2,1,16.943409,995774.503388
0,1,2,1,16.937669,995525.345596
0,1,2,1,16.931934,995461.235514
0,1,2,1,16.926202,995086.134898
0,1,2,1,16.920474,995001.557551
0,1,2,1,16.914750,994880.642812
0,1,2,1,16.909029,994815.019602
0,1,2,1,16.903313,994630.144727
0,1,2,1,16.897601,993498.722266
0,1,2,1,16.891892,993275.998427
0,1,2,1,16.886187,993164.483297
0,1,2,1,16.880486,993121.668388
0,1,2,1,16.874789,993107.825450
0,1,2,1,16.869096,993097.457548
0,1,2,1,16.863406,992841.222251
0,1,2,1,16.857721,992440.397320
0,1,2,1,16.852039,992241.649921
0,1,2,1,16.846361,992142.227029
0,1,2,1,16.840687,991562.508156
0,1,2,1,16.835017,990769.767306
0,1,2,1,16.829350,990684.618266
0,1,2,1,16.823688,990442.016377
0,1,2,1,16.818029,988975.410151
0,1,2,1,16.812374,988684.692273
0,1,2,1,16.806723,988547.711876
0,1,2,1,16.801075,987959.461513
0,1,2,1,16.795432,987694.696173
0,1,2,1,16.789792,987617.070641
0,1,2,1,16.784156,987565.557702
0,1,2,1,16.778523,987521.393661
0,1,2,1,16.772895,987452.994359
0,1,2,1,16.767270,987443.919464
0,1,2,1,16.761649,987336.035704
0,1,2,1,16.756032,986873.782449
0,1,2,1,16.750419,986145.547558
0,1,2,1,16.744809,985803.221313
0,1,2,1,16.739203,985721.189962
0,1,2,1,16.733601,985679.925259
0,1,2,1,16.728003,985530.756236
0,1,2,1,16.722408,985121.899001
0,1,2,1,16.716817,984730.933412
0,1,2,1,16.711230,983755.987385
0,1,2,1,16.705647,983380.658365
0,1,2,1,16.700067,983150.015722
0,1,2,1,16.694491,983013.730832
0,1,2,1,16.688919,982806.011175
0,1,2,1,16.683350,982598.809803
0,1,2,1,16.677785,982261.395400
0,1,2,1,16.672224,981754.305437
0,1,2,1,16.666667,981425.931856
0,1,2,1,16.661113,980815.009735
0,1,2,1,16.655563,980191.570843
0,1,2,1,16.650017,980136.282683
0,1,2,1,16.644474,979864.180453
0,1,2,1,16.638935,979641.517908
0,1,2,1,16.633400,978340.301772
0,1,2,1,16.627868,978164.736579
0,1,2,1,16.622340,977502.307776
0,1,2,1,16.616816,977269.162595
0,1,2,1,16.611296,977137.017453
0,1,2,1,16.605779,976767.562171
0,1,2,1,16.600266,976664.203305
0,1,2,1,16.594756,976107.286852
0,1,2,1,16.589250,976097.665214
0,1,2,1,16.583748,975889.873186
0,1,2,1,16.578249,975825.579381
0,1,2,1,16.572754,975198.383405
0,1,2,1,16.567263,975162.849599
0,1,2,1,16.561775,974957.868809
0,1,2,1,16.556291,974743.511883
0,1,2,1,16.550811,974732.605562
0,1,2,1,16.545334,973843.373212
0,1,2,1,16.539861,973691.183611
0,1,2,1,16.534392,973519.224022
0,1,2,1,16.528926,973486.790602
0,1,2,1,16.523463,973347.430692
0,1,2,1,16.518005,973047.605644
0,1,2,1,16.512550,972962.958615
0,1,2,1,16.507098,972889.345996
0,1,2,1,16.501650,972760.604184
0,1,2,1,16.496206,972564.263150
0,1,2,1,16.490765,971929.568224
0,1,2,1,16.485328,971371.271049
0,1,2,1,16.479895,971222.913996
0,1,2,1,16.474465,971148.002638
0,1,2,1,16.469038,971107.641061
0,1,2,1,16.463615,970404.975086
0,1,2,1,16.458196,970296.646343
0,1,2,1,16.452781,970114.366712
0,1,2,1,16.447368,970061.520845
0,1,2,1,16.441960,969767.482195
0,1,2,1,16.436555,969765.700257
0,1,2,1,16.431153,969713.740820
0,1,2,1,16.425756,969663.787415
0,1,2,1,16.420361,969641.954430
0,1,2,1,16.414970,969577.266103
0,1,2,1,16.409583,969165.889493
0,1,2,1,16.404199,969129.684775
0,1,2,1,16.398819,969002.239188
0,1,2,1,16.393443,968879.056764
0,1,2,1,16.388069,968740.116735
0,1,2,1,16.382700,968357.927151
0,1,2,1,16.377334,967948.179438
0,1,2,1,16.371971,967839.603959
0,1,2,1,16.366612,967090.425215
0,1,2,1,16.361257,966848.675181
0,1,2,1,16.355904,966804.688299
0,1,2,1,16.350556,966701.065926
0,1,2,1,16.345211,966562.275149
0,1,2,1,16.339869,966477.361294
0,1,2,1,16.334531,966418.808474
0,1,2,1,16.329197,966231.888964
0,1,2,1,16.323865,966016.992351
0,1,2,1,16.318538,965902.688941
0,1,2,1,16.313214,965265.514751
0,1,2,1,16.307893,965024.749714
0,1,2,1,16.302576,964794.043082
0,1,2,1,16.297262,964716.667285
0,1,2,1,16.291952,964474.940204
0,1,2,1,16.286645,964394.072626
0,1,2,1,16.281342,964308.851470
0,1,2,1,16.276042,964080.797213
0,1,2,1,16.270745,963990.698901
0,1,2,1,16.265452,963767.896479
0,1,2,1,16.260163,963324.056233
0,1,2,1,16.254876,963036.118670
0,1,2,1,16.249594,962710.417102
0,1,2,1,16.244314,962586.483833
0,1,2,1,16.239039,962361.016701
0,1,2,1,16.233766,962178.151569
0,1,2,1,16.228497,962087.281385
0,1,2,1,16.223232,961669.702146
0,1,2,1,16.217970,961276.985309
0,1,2,1,16.212711,961206.112918
0,1,2,1,16.207455,961052.839681
0,1,2,1,16.202203,960841.210667
0,1,2,1,16.196955,960802.172508
0,1,2,1,16.191710,960274.511019
0,1,2,1,16.186468,959863.673342
0,1,2,1,16.181230,959300.203653
0,1,2,1,16.175995,959054.125819
0,1,2,1,16.170763,958690.076500
0,1,2,1,16.165535,957703.749995
0,1,2,1,16.160310,957505.509315
0,1,2,1,16.155089,956676.094704
0,1,2,1,16.149871,956394.780418
0,1,2,1,16.144656,956249.488279
0,1,2,1,16.139445,956213.796135
0,1,2,1,16.134237,956166.211955
0,1,2,1,16.129032,955641.650319
0,1,2,1,16.123831,955154.934928
0,1,2,1,16.118633,955080.331205
0,1,2,1,16.113439,955061.956229
0,1,2,1,16.108247,954931.776979
0,1,2,1,16.103060,954692.308559
0,1,2,1,16.097875,953697.952300
0,1,2,1,16.092694,953688.975089
0,1,2,1,16.087516,953686.442117
0,1,2,1,16.082342,953513.967547
0,1,2,1,16.077170,953357.264370
0,1,2,1,16.072003,953325.418632
0,1,2,1,16.066838,953243.653479
0,1,2,1,16.061677,952979.167214
0,1,2,1,16.056519,952566.124179
0,1,2,1,16.051364,952217.643507
0,1,2,1,16.046213,952207.710110
0,1,2,1,16.041065,952116.824713
0,1,2,1,16.035920,951767.354169
0,1,2,1,16.030779,951659.116803
0,1,2,1,16.025641,951634.668203
0,1,2,1,16.020506,951536.593031
0,1,2,1,16.015375,951373.292573
0,1,2,1,16.010247,951319.894181
0,1,2,1,16.005122,951186.472765
0,1,2,1,16.000000,950916.592484
0,1,2,1,15.994882,950801.925385
0,1,2,1,15.989767,950711.375642
0,1,2,1,15.984655,950404.242794
0,1,2,1,15.979546,949555.819959
0,1,2,1,15.974441,949234.202650
0,1,2,1,15.969339,948894.165479
0,1,2,1,15.964240,948556.267552
0,1,2,1,15.959145,948139.967384
0,1,2,1,15.954052,948107.391057
0,1,2,1,15.948963,947596.767591
0,1,2,1,15.943878,947305.706137
0,1,2,1,15.938795,947099.316606
0,1,2,1,15.933716,947088.531829
0,1,2,1,15.928640,947017.113056
0,1,2,1,15.923567,946923.682929
0,1,2,1,15.918497,946851.096610
0,1,2,1,15.913431,946550.555932
0,1,2,1,15.908368,946510.056387
0,1,2,1,15.903308,946367.591799
0,1,2,1,15.898251,946244.280258
0,1,2,1,15.893198,946073.329886
0,1,2,1,15.888147,945953.959455
0,1,2,1,15.883100,945792.500737
0,1,2,1,15.878057,945543.863306
0,1,2,1,15.873016,944628.047820
0,1,2,1,15.867978,944590.967771
0,1,2,1,15.862944,944196.881159
0,1,2,1,15.857913,944156.468681
0,1,2,1,15.852885,944090.139662
0,1,2,1,15.847861,944019.104897
0,1,2,1,15.842839,943819.485420
0,1,2,1,15.837821,943642.864058
0,1,2,1,15.832806,943543.498758
0,1,2,1,15.827794,943130.118982
0,1,2,1,15.822785,943065.088500
0,1,2,1,15.817779,942992.254694
0,1,2,1,15.812777,942541.026676
0,1,2,1,15.807777,941996.063683
0,1,2,1,15.802781,941392.782922
0,1,2,1,15.797788,941296.963272
0,1,2,1,15.792798,941284.220925
0,1,2,1,15.787812,940878.792895
0,1,2,1,15.782828,940873.664136
0,1,2,1,15.777848,940778.046948
0,1,2,1,15.772871,940635.770362
0,1,2,1,15.767897,940187.700460
0,1,2,1,15.762926,940118.359550
0,1,2,1,15.757958,939758.634437
0,1,2,1,15.752993,939190.047347
0,1,2,1,15.748031,938696.588933
0,1,2,1,15.743073,938684.344715
0,1,2,1,15.738118,938665.867375
0,1,2,1,15.733166,938583.714126
0,1,2,1,15.728216,938439.010119
0,1,2,1,15.723270,938014.822097
0,1,2,1,15.718328,937769.355508
0,1,2,1,15.713388,937688.690998
0,1,2,1,15.708451,937663.909591
0,1,2,1,15.703518,937397.989785
0,1,2,1,15.698587,936577.994920
0,1,2,1,15.693660,936501.486192
0,1,2,1,15.688735,936492.114624
0,1,2,1,15.683814,936113.733099
0,1,2,1,15.678896,936015.249221
0,1,2,1,15.673981,935729.154758
0,1,2,1,15.669069,935707.156244
0,1,2,1,15.664160,935563.604655
0,1,2,1,15.659255,935319.682765
0,1,2,1,15.654352,935105.108424
0,1,2,1,15.649452,934987.286750
0,1,2,1,15.644556,934937.837710
0,1,2,1,15.639662,934496.286702
0,1,2,1,15.634772,933996.720405
0,1,2,1,15.629884,933801.686378
0,1,2,1,15.625000,933148.261610
0,1,2,1,15.620119,933061.204917
0,1,2,1,15.615240,932333.792473
0,1,2,1,15.610365,931565.131100
0,1,2,1,15.605493,930961.932191
0,1,2,1,15.600624,930834.668739
0,1,2,1,15.595758,930334.815685
0,1,2,1,15.590895,930282.486048
0,1,2,1,15.586035,929979.052444
0,1,2,1,15.581178,929893.789190
0,1,2,1,15.576324,929783.936930
0,1,2,1,15.571473,929711.626265
0,1,2,1,15.566625,929476.446869
0,1,2,1,15.561780,929464.508298
0,1,2,1,15.556938,929347.613019
0,1,2,1,15.552100,929269.277514
0,1,2,1,15.547264,929062.731868
0,1,2,1,15.542431,928051.771093
0,1,2,1,15.537601,928031.736051
0,1,2,1,15.532774,927864.166711
0,1,2,1,15.527950,927811.415121
0,1,2,1,15.523129,927773.373239
0,1,2,1,15.518312,927594.914319
0,1,2,1,15.513497,927573.466294
0,1,2,1,15.508685,927271.531863
0,1,2,1,15.503876,927137.112705
0,1,2,1,15.499070,927096.786146
0,1,2,1,15.494267,926780.450175
0,1,2,1,15.489467,926612.141619
0,1,2,1,15.484670,926566.966630
0,1,2,1,15.479876,926444.850267
0,1,2,1,15.475085,926324.520681
0,1,2,1,15.470297,926285.027105
0,1,2,1,15.465512,926279.455899
0,1,2,1,15.460730,925773.400784
0,1,2,1,15.455951,925692.342114
0,1,2,1,15.451174,925685.283536
0,1,2,1,15.446401,925500.296281
0,1,2,1,15.441631,925008.169357
0,1,2,1,15.436863,924797.805470
0,1,2,1,15.432099,924755.174358
0,1,2,1,15.427337,924201.217471
0,1,2,1,15.422579,923967.405766
0,1,2,1,15.417823,923944.768708
0,1,2,1,15.413070,923726.661593
0,1,2,1,15.408320,923549.065227
0,1,2,1,15.403574,923438.147286
0,1,2,1,15.398830,923383.126534
0,1,2,1,15.394089,922960.816256
0,1,2,1,15.389351,922841.597819
0,1,2,1,15.384615,922782.465727
0,1,2,1,15.379883,922211.815140
0,1,2,1,15.375154,922196.293663
0,1,2,1,15.370427,921911.738260
0,1,2,1,15.365704,921817.166944
0,1,2,1,15.360983,921754.427191
0,1,2,1,15.356265,921690.643796
0,1,2,1,15.351551,921327.985744
0,1,2,1,15.346839,921241.614268
0,1,2,1,15.342129,921019.615991
0,1,2,1,15.337423,921008.446361
0,1,2,1,15.332720,920754.239200
0,1,2,1,15.328020,920489.050641
0,1,2,1,15.323322,920431.557525
0,1,2,1,15.318627,920219.968106
0,1,2,1,15.313936,919642.908838
0,1,2,1,15.309247,919556.142148
0,1,2,1,15.304561,919470.776461
0,1,2,1,15.299878,919450.187709
0,1,2,1,15.295197,919048.004156
0,1,2,1,15.290520,918927.222809
0,1,2,1,15.285845,918663.161628
0,1,2,1,15.281174,918582.594113
0,1,2,1,15.276505,918545.360437
0,1,2,1,15.271839,918240.727000
0,1,2,1,15.267176,918155.608514
0,1,2,1,15.262515,918147.903602
0,1,2,1,15.257858,918001.016114
0,1,2,1,15.253203,917167.972261
0,1,2,1,15.248551,916943.932530
0,1,2,1,15.243902,916798.035643
0,1,2,1,15.239256,916304.995022
0,1,2,1,15.234613,916027.440494
0,1,2,1,15.229973,916005.638292
0,1,2,1,15.225335,915746.920587
0,1,2,1,15.220700,914955.976788
0,1,2,1,15.216068,914820.264282
0,1,2,1,15.211439,914713.619561
0,1,2,1,15.206813,914627.985323
0,1,2,1,15.202189,914617.772840
0,1,2,1,15.197568,913899.834540
0,1,2,1,15.192950,913822.849859
0,1,2,1,15.188335,913732.256618
0,1,2,1,15.183723,913180.335670
0,1,2,1,15.179114,912682.188682
0,1,2,1,15.174507,912588.281947
0,1,2,1,15.169903,912548.197396
0,1,2,1,15.165302,912448.495337
0,1,2,1,15.160703,912420.852469
0,1,2,1,15.156108,912335.562690
0,1,2,1,15.151515,911722.348149
0,1,2,1,15.146925,911156.735668
0,1,2,1,15.142338,910464.938936
0,1,2,1,15.137754,909696.215981
0,1,2,1,15.133172,909588.382488
0,1,2,1,15.128593,909582.278476
0,1,2,1,15.124017,909376.991370
0,1,2,1,15.119444,909138.176902
0,1,2,1,15.114873,909009.240409
0,1,2,1,15.110305,908768.324176
0,1,2,1,15.105740,908741.688292
0,1,2,1,15.101178,907058.473174
0,1,2,1,15.096618,906462.119837
0,1,2,1,15.092062,906435.134864
0,1,2,1,15.087508,906132.499305
0,1,2,1,15.082956,906015.217024
0,1,2,1,15.078408,905826.080954
0,1,2,1,15.073862,905515.738492
0,1,2,1,15.069319,905066.328942
0,1,2,1,15.064779,904558.476724
0,1,2,1,15.060241,904473.080104
0,1,2,1,15.055706,904180.635256
0,1,2,1,15.051174,904088.354449
0,1,2,1,15.046645,902900.938364
0,1,2,1,15.042118,902875.712115
0,1,2,1,15.037594,902773.727657
0,1,2,1,15.033073,902745.721018
0,1,2,1,15.028554,902674.970644
0,1,2,1,15.024038,902409.094869
0,1,2,1,15.019525,901712.677935
0,1,2,1,15.015015,901482.971088
0,1,2,1,15.010507,901286.926559
0,1,2,1,15.006002,901266.637898
0,1,2,1,15.001500,901257.915877
0,1,2,1,14.997001,900742.370388
0,1,2,1,14.992504,900613.794002
0,1,2,1,14.988010,900599.642438
0,1,2,1,14.983518,900556.954689
0,1,2,1,14.979029,900536.162449
0,1,2,1,14.974543,900022.895904
0,1,2,1,14.970060,899811.659067
0,1,2,1,14.965579,899781.504016
0,1,2,1,14.961101,899611.973101
0,1,2,1,14.956626,899575.335658
0,1,2,1,14.952153,899544.584556
0,1,2,1,14.947683,899480.200880
0,1,2,1,14.943216,899310.759100
0,1,2,1,14.938751,899155.612433
0,1,2,1,14.934289,899105.180203
0,1,2,1,14.929830,898747.360819
0,1,2,1,14.925373,898623.704727
0,1,2,1,14.920919,898596.881922
0,1,2,1,14.916468,897816.549184
0,1,2,1,14.912019,897813.852806
0,1,2,1,14.907573,897701.658853
0,1,2,1,14.903130,897130.600678
0,1,2,1,14.898689,897040.536803
0,1,2,1,14.894251,896292.315180
0,1,2,1,14.889815,896148.601085
0,1,2,1,14.885383,895472.534584
0,1,2,1,14.880952,895374.878774
0,1,2,1,14.876525,895354.272760
0,1,2,1,14.872100,895236.235197
0,1,2,1,14.867678,895058.507425
0,1,2,1,14.863258,895029.445108
0,1,2,1,14.858841,894167.490345
0,1,2,1,14.854427,894162.777272
0,1,2,1,14.850015,894092.159033
0,1,2,1,14.845606,894019.586022
0,1,2,1,14.841199,893909.187148
0,1,2,1,14.836795,893771.739228
0,1,2,1,14.832394,893637.804217
0,1,2,1,14.827995,893575.917388
0,1,2,1,14.823599,893489.037018
0,1,2,1,14.819206,893068.359825
0,1,2,1,14.814815,892985.795374
0,1,2,1,14.810427,892574.878249
0,1,2,1,14.806041,892358.542762
0,1,2,1,14.801658,891832.445574
0,1,2,1,14.797277,891827.278471
0,1,2,1,14.792899,891809.504305
0,1,2,1,14.788524,891749.295503
0,1,2,1,14.784151,891585.559565
0,1,2,1,14.779781,891577.566041
0,1,2,1,14.775414,891475.081472
0,1,2,1,14.771049,891154.433446
0,1,2,1,14.766686,891019.616503
0,1,2,1,14.762327,890580.067075
0,1,2,1,14.757969,890143.071118
0,1,2,1,14.753615,889703.748592
0,1,2,1,14.749263,889492.825642
0,1,2,1,14.744913,889428.742900
0,1,2,1,14.740566,889344.241033
0,1,2,1,14.736222,889334.455890
0,1,2,1,14.731880,889214.816601
0,1,2,1,14.727541,888921.137032
0,1,2,1,14.723204,888911.086955
0,1,2,1,14.718870,888807.286551
0,1,2,1,14.714538,888739.597708
0,1,2,1,14.710209,888307.369590
0,1,2,1,14.705882,886903.047011
0,1,2,1,14.701558,886727.823873
0,1,2,1,14.697237,886512.216189
0,1,2,1,14.692918,886109.930249
0,1,2,1,14.688602,886010.410789
0,1,2,1,14.684288,885852.890629
0,1,2,1,14.679977,885272.894988
0,1,2,1,14.675668,885197.350916
0,1,2,1,14.671362,884575.221377
0,1,2,1,14.667058,884111.189615
0,1,2,1,14.662757,884087.623594
0,1,2,1,14.658458,883979.139145
0,1,2,1,14.654162,883358.085714
0,1,2,1,14.649868,883356.241903
0,1,2,1,14.645577,883118.674095
0,1,2,1,14.641288,883077.073439
0,1,2,1,14.637002,883056.338237
0,1,2,1,14.632719,882932.130030
0,1,2,1,14.628438,882671.350828
0,1,2,1,14.624159,882346.478507
0,1,2,1,14.619883,882306.752178
0,1,2,1,14.615609,881828.849986
0,1,2,1,14.611338,881802.296836
0,1,2,1,14.607070,881473.578324
0,1,2,1,14.602804,881363.664877
0,1,2,1,14.598540,881330.613985
0,1,2,1,14.594279,881187.226172
0,1,2,1,14.590020,881147.980759
0,1,2,1,14.585764,880710.579843
0,1,2,1,14.581511,880482.161477
0,1,2,1,14.577259,880040.287111
0,1,2,1,14.573011,880001.788352
0,1,2,1,14.568765,879901.627668
0,1,2,1,14.564521,878844.245853
0,1,2,1,14.560280,878647.063435
0,1,2,1,14.556041,878477.760125
0,1,2,1,14.551804,878471.393554
0,1,2,1,14.547571,878211.266814
0,1,2,1,14.543339,877864.179997
0,1,2,1,14.539110,877723.048104
0,1,2,1,14.534884,877578.201841
0,1,2,1,14.530660,877506.719596
0,1,2,1,14.526438,877219.990140
0,1,2,1,14.522219,876703.680058
0,1,2,1,14.518002,876522.255709
0,1,2,1,14.513788,875957.262280
0,1,2,1,14.509576,875904.224376
0,1,2,1,14.505367,875493.610468
0,1,2,1,14.501160,875383.782661
0,1,2,1,14.496956,875078.301109
0,1,2,1,14.492754,874545.983524
0,1,2,1,14.488554,874353.653165
0,1,2,1,14.484357,874125.995699
0,1,2,1,14.480162,873778.635099
0,1,2,1,14.475970,873230.232512
0,1,2,1,14.471780,873062.677707
0,1,2,1,14.467593,872884.965427
0,1,2,1,14.463408,872859.580727
0,1,2,1,14.459225,872642.682100
0,1,2,1,14.455045,872286.598774
0,1,2,1,14.450867,872193.217478
0,1,2,1,14.446692,872089.772530
0,1,2,1,14.442519,871999.739040
0,1,2,1,14.438348,871969.691481
0,1,2,1,14.434180,870460.044223
0,1,2,1,14.430014,870250.966519
0,1,2,1,14.425851,870152.103299
0,1,2,1,14.421690,870087.229830
0,1,2,1,14.417532,869920.878048
0,1,2,1,14.413376,869736.300074
0,1,2,1,14.409222,869498.386056
0,1,2,1,14.405071,869448.753324
0,1,2,1,14.400922,869110.730196
0,1,2,1,14.396775,868980.226227
0,1,2,1,14.392631,868739.842605
0,1,2,1,14.388489,868680.711150
0,1,2,1,14.384350,868533.252317
0,1,2,1,14.380213,868478.747869
0,1,2,1,14.376078,867767.512101
0,1,2,1,14.371946,867682.649162
0,1,2,1,14.367816,867315.500230
0,1,2,1,14.363689,866844.412442
0,1,2,1,14.359563,866663.357954
0,1,2,1,14.355441,866180.020903
0,1,2,1,14.351320,866112.313551
0,1,2,1,14.347202,866087.496340
0,1,2,1,14.343087,865120.543909
0,1,2,1,14.338973,864598.835706
0,1,2,1,14.334862,864536.056668
0,1,2,1,14.330754,864416.253718
0,1,2,1,14.326648,864011.640243
0,1,2,1,14.322544,864007.995080
0,1,2,1,14.318442,863979.152876
0,1,2,1,14.314343,863796.539693
0,1,2,1,14.310246,863439.103986
0,1,2,1,14.306152,863123.653600
0,1,2,1,14.302059,862869.429506
0,1,2,1,14.297970,862453.759864
0,1,2,1,14.293882,862280.020936
0,1,2,1,14.289797,861970.099549
0,1,2,1,14.285714,861968.958875
0,1,2,1,14.281634,861809.484439
0,1,2,1,14.277556,861554.459862
0,1,2,1,14.273480,860635.072483
0,1,2,1,14.269406,860622.376522
0,1,2,1,14.265335,860460.172535
0,1,2,1,14.261266,860346.831220
0,1,2,1,14.257200,859892.691342
0,1,2,1,14.253136,859725.336840
0,1,2,1,14.249074,859654.080809
0,1,2,1,14.245014,859419.460132
0,1,2,1,14.240957,859300.880744
0,1,2,1,14.236902,859245.100488
0,1,2,1,14.232849,859007.399890
0,1,2,1,14.228799,858433.596686
0,1,2,1,14.224751,858003.521643
0,1,2,1,14.220705,857979.377315
0,1,2,1,14.216662,857969.541801
0,1,2,1,14.212621,857964.176542
0,1,2,1,14.208582,857245.017270
0,1,2,1,14.204545,857190.349398
0,1,2,1,14.200511,856920.302850
0,1,2,1,14.196479,856782.731860
0,1,2,1,14.192450,856215.136191
0,1,2,1,14.188422,856066.310606
0,1,2,1,14.184397,855804.558120
0,1,2,1,14.180374,855733.400074
0,1,2,1,14.176354,855688.354636
0,1,2,1,14.172336,855660.085919
0,1,2,1,14.168320,855443.757891
0,1,2,1,14.164306,855173.788370
0,1,2,1,14.160295,855141.668327
0,1,2,1,14.156285,854775.102054
0,1,2,1,14.152279,854603.122841
0,1,2,1,14.148274,854183.006465
0,1,2,1,14.144272,854039.505564
0,1,2,1,14.140271,853940.295008
0,1,2,1,14.136274,853744.438671
0,1,2,1,14.132278,853133.175791
0,1,2,1,14.128285,852793.491494
0,1,2,1,14.124294,852738.075467
0,1,2,1,14.120305,852263.806133
0,1,2,1,14.116318,851981.418235
0,1,2,1,14.112334,851818.202211
0,1,2,1,14.108352,851650.454481
0,1,2,1,14.104372,851603.304009
0,1,2,1,14.100395,851438.617314
0,1,2,1,14.096420,851248.911774
0,1,2,1,14.092446,851024.817850
0,1,2,1,14.088476,850977.602794
0,1,2,1,14.084507,850909.874826
0,1,2,1,14.080541,850797.278421
0,1,2,1,14.076577,850624.053362
0,1,2,1,14.072615,850601.591470
0,1,2,1,14.068655,850534.380199
0,1,2,1,14.064698,850383.016134
0,1,2,1,14.060742,849907.011984
0,1,2,1,14.056789,849616.092131
0,1,2,1,14.052839,848970.931570
0,1,2,1,14.048890,848919.105555
0,1,2,1,14.044944,848872.013330
0,1,2,1,14.041000,848835.063346
0,1,2,1,14.037058,847634.885824
0,1,2,1,14.033118,847503.260421
0,1,2,1,14.029181,847473.489904
0,1,2,1,14.025245,847454.003732
0,1,2,1,14.021312,847230.729848
0,1,2,1,14.017382,847000.101589
0,1,2,1,14.013453,846566.297268
0,1,2,1,14.009526,846485.994188
0,1,2,1,14.005602,846051.109379
0,1,2,1,14.001680,845347.144288
0,1,2,1,13.997760,845276.358620
0,1,2,1,13.993843,844949.918956
0,1,2,1,13.989927,844868.092282
0,1,2,1,13.986014,844773.464666
0,1,2,1,13.982103,843987.514963
0,1,2,1,13.978194,843718.860969
0,1,2,1,13.974287,842591.078929
0,1,2,1,13.970383,842242.943221
0,1,2,1,13.966480,842004.178799
0,1,2,1,13.962580,841979.883110
0,1,2,1,13.958682,841952.907153
0,1,2,1,13.954786,841889.853222
0,1,2,1,13.950893,841786.655384
0,1,2,1,13.947001,841674.827850
0,1,2,1,13.943112,841510.725082
0,1,2,1,13.939225,840676.233260
0,1,2,1,13.935340,840413.787745
0,1,2,1,13.931457,840366.985574
0,1,2,1,13.927577,839741.642869
0,1,2,1,13.923698,839730.761766
0,1,2,1,13.919822,839164.101753
0,1,2,1,13.915948,838413.465705
0,1,2,1,13.912076,838240.328526
0,1,2,1,13.908206,838205.836962
0,1,2,1,13.904338,837598.822460
0,1,2,1,13.900473,837446.952768
0,1,2,1,13.896609,837107.217337
0,1,2,1,13.892748,837005.875364
0,1,2,1,13.888889,836647.395271
0,1,2,1,13.885032,836443.674001
0,1,2,1,13.881177,836381.958052
0,1,2,1,13.877324,836199.625766
0,1,2,1,13.873474,835915.081622
0,1,2,1,13.869626,835529.446461
0,1,2,1,13.865779,835147.610050
0,1,2,1,13.861935,835121.749153
0,1,2,1,13.858093,835018.596506
0,1,2,1,13.854253,834998.807753
0,1,2,1,13.850416,834931.764106
0,1,2,1,13.846580,834652.489090
0,1,2,1,13.842746,834647.461557
0,1,2,1,13.838915,834373.335607
0,1,2,1,13.835086,834144.913112
0,1,2,1,13.831259,833984.241646
0,1,2,1,13.827434,833899.325378
0,1,2,1,13.823611,833770.769709
0,1,2,1,13.819790,833621.798854
0,1,2,1,13.815971,833557.333960
0,1,2,1,13.812155,833532.535762
0,1,2,1,13.808340,833427.698946
0,1,2,1,13.804528,833039.497219
0,1,2,1,13.800718,832843.716270
0,1,2,1,13.796909,832812.959379
0,1,2,1,13.793103,832241.653050
0,1,2,1,13.789300,832236.769286
0,1,2,1,13.785498,832071.001606
0,1,2,1,13.781698,831849.735720
0,1,2,1,13.777900,831434.966673
0,1,2,1,13.774105,830929.668973
0,1,2,1,13.770311,830830.112683
0,1,2,1,13.766520,830795.851075
0,1,2,1,13.762731,830014.099574
0,1,2,1,13.758943,830012.681288
0,1,2,1,13.755158,829601.063990
0,1,2,1,13.751375,829574.843150
0,1,2,1,13.747594,828841.762931
0,1,2,1,13.743815,828771.878103
0,1,2,1,13.740038,828600.691435
0,1,2,1,13.736264,828575.998748
0,1,2,1,13.732491,828529.868170
0,1,2,1,13.728720,828480.144246
0,1,2,1,13.724952,828443.304593
0,1,2,1,13.721186,828271.421931
0,1,2,1,13.717421,827582.827262
0,1,2,1,13.713659,827427.183163
0,1,2,1,13.709899,826775.651118
0,1,2,1,13.706140,826311.045798
0,1,2,1,13.702384,826075.777211
0,1,2,1,13.698630,826043.162643
0,1,2,1,13.694878,825425.876216
0,1,2,1,13.691128,824658.920321
0,1,2,1,13.687380,824607.549881
0,1,2,1,13.683634,824439.460458
0,1,2,1,13.679891,823778.573207
0,1,2,1,13.676149,823636.239055
0,1,2,1,13.672409,823515.886912
0,1,2,1,13.668671,823370.328093
0,1,2,1,13.664936,823084.607910
0,1,2,1,13.661202,823061.899778
0,1,2,1,13.657471,822894.539828
0,1,2,1,13.653741,822832.698382
0,1,2,1,13.650014,822195.553871
0,1,2,1,13.646288,822178.923357
0,1,2,1,13.642565,822025.358387
0,1,2,1,13.638843,821911.037918
0,1,2,1,13.635124,821882.476602
0,1,2,1,13.631407,821359.378823
0,1,2,1,13.627691,821295.223238
0,1,2,1,13.623978,821181.849409
0,1,2,1,13.620267,820918.650877
0,1,2,1,13.616558,820833.375671
0,1,2,1,13.612851,820796.118382
0,1,2,1,13.609145,820736.584127
0,1,2,1,13.605442,820281.744548
0,1,2,1,13.601741,820147.634787
0,1,2,1,13.598042,819782.099014
0,1,2,1,13.594345,819689.084941
0,1,2,1,13.590650,819644.998481
0,1,2,1,13.586957,819364.857804
0,1,2,1,13.583265,818869.213842
0,1,2,1,13.579576,818568.771329
0,1,2,1,13.575889,818411.839799
0,1,2,1,13.572204,818345.832625
0,1,2,1,13.568521,818337.976093
0,1,2,1,13.564840,818281.376934
0,1,2,1,13.561161,818166.068344
0,1,2,1,13.557484,818153.027992
0,1,2,1,13.553809,818064.569577
0,1,2,1,13.550136,817820.122313
0,1,2,1,13.546464,817807.071573
0,1,2,1,13.542795,817764.770260
0,1,2,1,13.539128,817562.934396
0,1,2,1,13.535463,817439.195323
0,1,2,1,13.531800,817234.570775
0,1,2,1,13.528139,817183.936579
0,1,2,1,13.524479,816778.664643
0,1,2,1,13.520822,816691.221367
0,1,2,1,13.517167,816292.463516
0,1,2,1,13.513514,816238.664548
0,1,2,1,13.509862,816145.766917
0,1,2,1,13.506213,815924.123492
0,1,2,1,13.502565,815863.124901
0,1,2,1,13.498920,815708.680414
0,1,2,1,13.495277,815640.215470
0,1,2,1,13.491635,815460.665874
0,1,2,1,13.487996,815158.287987
0,1,2,1,13.484358,814949.854929
0,1,2,1,13.480723,814704.106980
0,1,2,1,13.477089,814618.323411
0,1,2,1,13.473457,814583.145571
0,1,2,1,13.469828,814290.343793
0,1,2,1,13.466200,814162.890130
0,1,2,1,13.462574,814134.108889
0,1,2,1,13.458950,813786.229034
0,1,2,1,13.455328,813729.533511
0,1,2,1,13.451708,813646.229977
0,1,2,1,13.448090,813315.194421
0,1,2,1,13.444474,813144.260626
0,1,2,1,13.440860,813141.828244
0,1,2,1,13.437248,813101.399627
0,1,2,1,13.433638,812636.162742
0,1,2,1,13.430030,812382.987658
0,1,2,1,13.426423,812242.690637
0,1,2,1,13.422819,812139.066106
0,1,2,1,13.419216,811897.885457
0,1,2,1,13.415616,811819.616146
0,1,2,1,13.412017,811789.193465
0,1,2,1,13.408420,811586.576026
0,1,2,1,13.404826,811000.968323
0,1,2,1,13.401233,811000.749040
0,1,2,1,13.397642,810932.010117
0,1,2,1,13.394053,810916.760857
0,1,2,1,13.390466,810755.668967
0,1,2,1,13.386881,810713.145592
0,1,2,1,13.383298,810624.044123
0,1,2,1,13.379716,810618.385464
0,1,2,1,13.376137,809844.696595
0,1,2,1,13.372560,809839.329926
0,1,2,1,13.368984,809670.145965
0,1,2,1,13.365410,809326.875599
0,1,2,1,13.361839,808749.285260
0,1,2,1,13.358269,808706.192099
0,1,2,1,13.354701,808674.267980
0,1,2,1,13.351135,808560.705660
0,1,2,1,13.347571,808393.047742
0,1,2,1,13.344009,808228.646484
0,1,2,1,13.340448,808053.143887
0,1,2,1,13.336890,808016.144625
0,1,2,1,13.333333,807692.883963
0,1,2,1,13.329779,807493.004209
0,1,2,1,13.326226,807362.194605
0,1,2,1,13.322675,807078.586558
0,1,2,1,13.319126,806763.099704
0,1,2,1,13.315579,806754.940636
0,1,2,1,13.312034,806543.610449
0,1,2,1,13.308491,806498.385817
0,1,2,1,13.304949,806418.844314
0,1,2,1,13.301410,805883.296517
0,1,2,1,13.297872,805691.662339
0,1,2,1,13.294337,805080.806981
0,1,2,1,13.290803,804886.304042
0,1,2,1,13.287271,804710.114253
0,1,2,1,13.283741,804694.717477
0,1,2,1,13.280212,804580.541309
0,1,2,1,13.276686,804091.283968
0,1,2,1,13.273162,803880.973837
0,1,2,1,13.269639,803823.653108
0,1,2,1,13.266118,803623.564881
0,1,2,1,13.262599,803437.925976
0,1,2,1,13.259082,803431.935698
0,1,2,1,13.255567,803212.101366
0,1,2,1,13.252054,803207.464460
0,1,2,1,13.248543,802779.823960
0,1,2,1,13.245033,802695.943406
0,1,2,1,13.241525,802387.990711
0,1,2,1,13.238020,802242.392949
0,1,2,1,13.234516,802030.309056
0,1,2,1,13.231013,801834.743626
0,1,2,1,13.227513,801632.257647
0,1,2,1,13.224015,800604.114032
0,1,2,1,13.220518,800567.240038
0,1,2,1,13.217024,800268.183891
0,1,2,1,13.213531,800095.714506
0,1,2,1,13.210040,800040.891466
0,1,2,1,13.206550,799940.495085
0,1,2,1,13.203063,799864.455347
0,1,2,1,13.199578,799742.315670
0,1,2,1,13.196094,799487.918382
0,1,2,1,13.192612,799328.022686
0,1,2,1,13.189132,799099.313722
0,1,2,1,13.185654,799093.042152
0,1,2,1,13.182178,798286.273342
0,1,2,1,13.178703,798127.683769
0,1,2,1,13.175231,798089.498857
0,1,2,1,13.171760,797831.919189
0,1,2,1,13.168291,797644.694631
0,1,2,1,13.164824,797545.174751
0,1,2,1,13.161358,797274.407662
0,1,2,1,13.157895,797041.592980
0,1,2,1,13.154433,796787.832269
0,1,2,1,13.150973,796536.240773
0,1,2,1,13.147515,796423.705488
0,1,2,1,13.144059,796421.173563
0,1,2,1,13.140604,796399.367166
0,1,2,1,13.137152,796066.988795
0,1,2,1,13.133701,795790.381932
0,1,2,1,13.130252,795540.111541
0,1,2,1,13.126805,795414.288717
0,1,2,1,13.123360,795406.904208
0,1,2,1,13.119916,795314.084290
0,1,2,1,13.116474,795307.123109
0,1,2,1,13.113034,795099.830417
0,1,2,1,13.109596,794653.693927
0,1,2,1,13.106160,794004.246853
0,1,2,1,13.102725,794000.833000
0,1,2,1,13.099293,793860.571746
0,1,2,1,13.095862,793745.486885
0,1,2,1,13.092433,793521.466870
0,1,2,1,13.089005,793279.282414
0,1,2,1,13.085580,792938.461420
0,1,2,1,13.082156,792781.669610
0,1,2,1,13.078734,792671.414246
0,1,2,1,13.075314,792646.469568
0,1,2,1,13.071895,792396.478705
0,1,2,1,13.068479,792390.542305
0,1,2,1,13.065064,792340.868811
0,1,2,1,13.061651,792261.053753
0,1,2,1,13.058240,792099.409587
0,1,2,1,13.054830,792093.525950
0,1,2,1,13.051423,792032.577543
0,1,2,1,13.048017,791769.249011
0,1,2,1,13.044613,790901.324190
0,1,2,1,13.041210,790624.401467
0,1,2,1,13.037810,790588.929367
0,1,2,1,13.034411,790578.312026
0,1,2,1,13.031014,790225.818693
0,1,2,1,13.027619,790169.955133
0,1,2,1,13.024225,789821.133359
0,1,2,1,13.020833,789714.967138
0,1,2,1,13.017443,789680.302893
0,1,2,1,13.014055,789657.123559
0,1,2,1,13.010669,789320.358175
0,1,2,1,13.007284,789155.064402
0,1,2,1,13.003901,789017.119196
0,1,2,1,13.000520,789006.229364
0,1,2,1,12.997141,788994.883711
0,1,2,1,12.993763,788243.428809
0,1,2,1,12.990387,787322.249659
0,1,2,1,12.987013,787100.018135
0,1,2,1,12.983641,786979.675633
0,1,2,1,12.980270,786975.648508
0,1,2,1,12.976901,786886.139156
0,1,2,1,12.973534,786731.180325
0,1,2,1,12.970169,786572.545927
0,1,2,1,12.966805,786555.633227
0,1,2,1,12.963443,786300.978344
0,1,2,1,12.960083,786157.300222
0,1,2,1,12.956725,786099.596162
0,1,2,1,12.953368,785918.227887
0,1,2,1,12.950013,785764.408252
0,1,2,1,12.946660,785684.050597
0,1,2,1,12.943308,785567.264488
0,1,2,1,12.939959,785485.074288
0,1,2,1,12.936611,784461.155544
0,1,2,1,12.933264,784233.038581
0,1,2,1,12.929920,784025.968057
0,1,2,1,12.926577,783681.080155
0,1,2,1,12.923236,783409.593209
0,1,2,1,12.919897,783364.634732
0,1,2,1,12.916559,783333.440610
0,1,2,1,12.913223,783191.473190
0,1,2,1,12.909889,783057.287075
0,1,2,1,12.906557,782891.985241
0,1,2,1,12.903226,782714.721316
0,1,2,1,12.899897,782567.372603
0,1,2,1,12.896570,782451.477453
0,1,2,1,12.893244,782415.020031
0,1,2,1,12.889920,782244.804365
0,1,2,1,12.886598,782210.589555
0,1,2,1,12.883278,782077.563968
0,1,2,1,12.879959,781939.109459
0,1,2,1,12.876642,781504.685609
0,1,2,1,12.873326,781138.211316
0,1,2,1,12.870013,780596.152328
0,1,2,1,12.866701,780547.892017
0,1,2,1,12.863391,780116.924951
0,1,2,1,12.860082,779699.128899
0,1,2,1,12.856776,779531.821393
0,1,2,1,12.853470,779514.692926
0,1,2,1,12.850167,779490.799253
0,1,2,1,12.846865,779410.563693
0,1,2,1,12.843565,779340.979420
0,1,2,1,12.840267,779291.281455
0,1,2,1,12.836970,779236.337260
0,1,2,1,12.833676,778936.339944
0,1,2,1,12.830382,778931.460205
0,1,2,1,12.827091,778758.255127
0,1,2,1,12.823801,778669.887277
0,1,2,1,12.820513,778617.281981
0,1,2,1,12.817226,777962.438847
0,1,2,1,12.813942,777887.843885
0,1,2,1,12.810658,777461.162252
0,1,2,1,12.807377,777254.161147
0,1,2,1,12.804097,776868.620248
0,1,2,1,12.800819,776804.982425
0,1,2,1,12.797543,776227.294289
0,1,2,1,12.794268,775684.416065
0,1,2,1,12.790995,775647.146843
0,1,2,1,12.787724,775615.438343
0,1,2,1,12.784454,775499.655768
0,1,2,1,12.781186,775182.177978
0,1,2,1,12.777920,775176.191522
0,1,2,1,12.774655,775157.447121
0,1,2,1,12.771392,775153.012390
0,1,2,1,12.768131,774927.309717
0,1,2,1,12.764871,774798.881169
0,1,2,1,12.761613,774763.173561
0,1,2,1,12.758357,774691.712311
0,1,2,1,12.755102,774498.223731
0,1,2,1,12.751849,774379.462232
0,1,2,1,12.748598,774089.994467
0,1,2,1,12.745348,773838.896386
0,1,2,1,12.742100,773649.274652
0,1,2,1,12.738854,773638.871572
0,1,2,1,12.735609,773614.569107
0,1,2,1,12.732366,773464.871996
0,1,2,1,12.729124,772919.460503
0,1,2,1,12.725884,772758.708505
0,1,2,1,12.722646,772755.116345
0,1,2,1,12.719410,772373.890476
0,1,2,1,12.716175,772327.522235
0,1,2,1,12.712942,772308.150840
0,1,2,1,12.709710,772221.619676
0,1,2,1,12.706480,772130.454680
0,1,2,1,12.703252,772050.773911
0,1,2,1,12.700025,771832.298997
0,1,2,1,12.696800,771729.105597
0,1,2,1,12.693577,771599.644012
0,1,2,1,12.690355,771209.307214
0,1,2,1,12.687135,770685.047786
0,1,2,1,12.683917,770562.132652
0,1,2,1,12.680700,770218.903675
0,1,2,1,12.677485,770199.320605
0,1,2,1,12.674271,769994.953878
0,1,2,1,12.671059,769854.968416
0,1,2,1,12.667849,769683.970830
0,1,2,1,12.664640,769621.345554
0,1,2,1,12.661433,769308.171272
0,1,2,1,12.658228,769119.391427
0,1,2,1,12.655024,768980.477966
0,1,2,1,12.651822,768795.087107
0,1,2,1,12.648621,768751.300141
0,1,2,1,12.645422,768326.155803
0,1,2,1,12.642225,768284.567239
0,1,2,1,12.639029,768133.533336
0,1,2,1,12.635835,768125.686589
0,1,2,1,12.632643,767987.502232
0,1,2,1,12.629452,767786.026682
0,1,2,1,12.626263,767774.827328
0,1,2,1,12.623075,767751.527071
0,1,2,1,12.619889,767594.662897
0,1,2,1,12.616705,767556.214590
0,1,2,1,12.613522,767530.649133
0,1,2,1,12.610340,767445.913881
0,1,2,1,12.607161,767042.243078
0,1,2,1,12.603983,766932.386327
0,1,2,1,12.600806,766624.526568
0,1,2,1,12.597632,766559.194425
0,1,2,1,12.594458,766239.109252
0,1,2,1,12.591287,766191.065531
0,1,2,1,12.588117,765699.223472
0,1,2,1,12.584948,765333.932424
0,1,2,1,12.581782,765083.055968
0,1,2,1,12.578616,765069.674063
0,1,2,1,12.575453,764926.103604
0,1,2,1,12.572291,764849.733593
0,1,2,1,12.569130,764766.110612
0,1,2,1,12.565971,764738.870132
0,1,2,1,12.562814,764565.872350
0,1,2,1,12.559658,764478.351867
0,1,2,1,12.556504,764441.961055
0,1,2,1,12.553352,764432.504768
0,1,2,1,12.550201,763849.698410
0,1,2,1,12.547051,763736.954738
0,1,2,1,12.543904,763352.589787
0,1,2,1,12.540757,763133.998826
0,1,2,1,12.537613,762999.012351
0,1,2,1,12.534470,762877.366786
0,1,2,1,12.531328,762764.043017
0,1,2,1,12.528188,762423.026219
0,1,2,1,12.525050,762200.640142
0,1,2,1,12.521913,761977.282294
0,1,2,1,12.518778,761970.808256
0,1,2,1,12.515645,761882.049298
0,1,2,1,12.512513,761773.215228
0,1,2,1,12.509382,761715.559552
0,1,2,1,12.506253,761522.077247
0,1,2,1,12.503126,761304.393170
0,1,2,1,12.500000,761145.414112
0,1,2,1,12.496876,761001.865611
0,1,2,1,12.493753,760833.282937
0,1,2,1,12.490632,760719.197706
0,1,2,1,12.487512,760302.425240
0,1,2,1,12.484395,760134.236594
0,1,2,1,12.481278,759950.492448
0,1,2,1,12.478163,759553.832547
0,1,2,1,12.475050,759368.827793
0,1,2,1,12.471938,759307.555749
0,1,2,1,12.468828,758923.050828
0,1,2,1,12.465719,758838.672367
0,1,2,1,12.462612,758717.794544
0,1,2,1,12.459507,758654.517146
0,1,2,1,12.456403,758489.363683
0,1,2,1,12.453300,758353.248776
0,1,2,1,12.450199,758343.452267
0,1,2,1,12.447100,758219.065011
0,1,2,1,12.444002,757824.942205
0,1,2,1,12.440906,757319.980148
0,1,2,1,12.437811,757035.084148
0,1,2,1,12.434718,756871.660742
0,1,2,1,12.431626,756847.728930
0,1,2,1,12.428536,756546.981303
0,1,2,1,12.425447,756533.798984
0,1,2,1,12.422360,756360.859082
0,1,2,1,12.419275,756275.823437
0,1,2,1,12.416191,756103.517430
0,1,2,1,12.413108,755753.653812
0,1,2,1,12.410027,755181.528255
0,1,2,1,12.406948,755149.954042
0,1,2,1,12.403870,754633.531750
0,1,2,1,12.400794,754459.325473
0,1,2,1,12.397719,754454.053384
0,1,2,1,12.394646,754234.256661
0,1,2,1,12.391574,754093.082991
0,1,2,1,12.388503,754006.280247
0,1,2,1,12.385435,753968.579773
0,1,2,1,12.382368,753943.518213
0,1,2,1,12.379302,753848.429172
0,1,2,1,12.376238,753715.051367
0,1,2,1,12.373175,753691.501134
0,1,2,1,12.370114,753495.073859
0,1,2,1,12.367054,753383.027785
0,1,2,1,12.363996,753254.075956
0,1,2,1,12.360939,753231.158381
0,1,2,1,12.357884,753207.301129
0,1,2,1,12.354831,753069.937358
0,1,2,1,12.351779,752782.900844
0,1,2,1,12.348728,752670.501593
0,1,2,1,12.345679,752456.446638
0,1,2,1,12.342631,752344.223982
0,1,2,1,12.339585,752292.275024
0,1,2,1,12.336541,752224.489646
0,1,2,1,12.333498,752163.503612
0,1,2,1,12.330456,751652.954410
0,1,2,1,12.327416,751649.145623
0,1,2,1,12.324378,751519.187182
0,1,2,1,12.321341,751054.229917
0,1,2,1,12.318305,750760.184307
0,1,2,1,12.315271,750723.052465
0,1,2,1,12.312238,750623.970703
0,1,2,1,12.309207,750490.499856
0,1,2,1,12.306178,750485.691621
0,1,2,1,12.303150,750439.288902
0,1,2,1,12.300123,750370.426974
0,1,2,1,12.297098,750274.827779
0,1,2,1,12.294074,750152.602985
0,1,2,1,12.291052,750065.940726
0,1,2,1,12.288031,750036.003698
0,1,2,1,12.285012,750018.824589
0,1,2,1,12.281995,749999.766259
0,1,2,1,12.278978,749952.768291
0,1,2,1,12.275964,749874.252365
0,1,2,1,12.272950,749575.702053
0,1,2,1,12.269939,749388.320397
0,1,2,1,12.266928,749383.463516
0,1,2,1,12.263920,748962.127092
0,1,2,1,12.260912,748901.966185
0,1,2,1,12.257906,748871.092557
0,1,2,1,12.254902,748844.836638
0,1,2,1,12.251899,748647.948545
0,1,2,1,12.248898,748455.395241
0,1,2,1,12.245898,748439.852466
0,1,2,1,12.242899,748397.898444
0,1,2,1,12.239902,748261.429989
0,1,2,1,12.236907,748259.720344
0,1,2,1,12.233912,747734.860591
0,1,2,1,12.230920,747706.767375
0,1,2,1,12.227929,747496.745497
0,1,2,1,12.224939,747288.036994
0,1,2,1,12.221951,747163.140782
0,1,2,1,12.218964,746926.681016
0,1,2,1,12.215978,746839.759416
0,1,2,1,12.212995,746794.978717
0,1,2,1,12.210012,746763.717925
0,1,2,1,12.207031,746759.745878
0,1,2,1,12.204052,746551.151866
0,1,2,1,12.201074,746515.872738
0,1,2,1,12.198097,746078.534175
0,1,2,1,12.195122,746031.098042
0,1,2,1,12.192148,745423.957790
0,1,2,1,12.189176,745288.290151
0,1,2,1,12.186205,745195.115060
0,1,2,1,12.183236,745184.320128
0,1,2,1,12.180268,745152.980781
0,1,2,1,12.177302,744597.867721
0,1,2,1,12.174336,744180.994626
0,1,2,1,12.171373,744158.926635
0,1,2,1,12.168411,744076.586612
0,1,2,1,12.165450,743675.891455
0,1,2,1,12.162491,743529.711635
0,1,2,1,12.159533,743524.140461
0,1,2,1,12.156577,743511.370454
0,1,2,1,12.153622,743357.591583
0,1,2,1,12.150668,742857.584616
0,1,2,1,12.147716,742787.421980
0,1,2,1,12.144766,742693.708646
0,1,2,1,12.141816,742608.142101
0,1,2,1,12.138869,742467.681176
0,1,2,1,12.135922,742391.490705
0,1,2,1,12.132977,742251.515717
0,1,2,1,12.130034,742024.058927
0,1,2,1,12.127092,741941.907003
0,1,2,1,12.124151,741803.952930
0,1,2,1,12.121212,741687.848528
0,1,2,1,12.118274,741600.393157
0,1,2,1,12.115338,741141.069154
0,1,2,1,12.112403,740780.621203
0,1,2,1,12.109470,740680.005704
0,1,2,1,12.106538,740363.345560
0,1,2,1,12.103607,739998.712141
0,1,2,1,12.100678,739907.355342
0,1,2,1,12.097750,739822.221618
0,1,2,1,12.094823,739372.322743
0,1,2,1,12.091898,739282.909850
0,1,2,1,12.088975,739207.009133
0,1,2,1,12.086053,738854.497014
0,1,2,1,12.083132,738832.442975
0,1,2,1,12.080213,738346.939357
0,1,2,1,12.077295,738251.244494
0,1,2,1,12.074378,738167.888165
0,1,2,1,12.071463,738111.513992
0,1,2,1,12.068549,738054.935252
0,1,2,1,12.065637,737968.127332
0,1,2,1,12.062726,737916.475047
0,1,2,1,12.059817,737836.451042
0,1,2,1,12.056909,737575.529048
0,1,2,1,12.054002,737405.546320
0,1,2,1,12.051097,737295.776875
0,1,2,1,12.048193,737149.860729
0,1,2,1,12.045290,736510.115252
0,1,2,1,12.042389,736313.709851
0,1,2,1,12.039490,736228.234112
0,1,2,1,12.036591,736069.669615
0,1,2,1,12.033694,735834.218579
0,1,2,1,12.030799,735622.089489
0,1,2,1,12.027905,735524.980192
0,1,2,1,12.025012,735200.687603
0,1,2,1,12.022121,735182.844843
0,1,2,1,12.019231,735077.040202
0,1,2,1,12.016342,735023.537778
0,1,2,1,12.013455,735005.627974
0,1,2,1,12.010569,734918.282125
0,1,2,1,12.007685,734861.488656
0,1,2,1,12.004802,734673.110454
0,1,2,1,12.001920,734570.862063
0,1,2,1,11.999040,734494.565090
0,1,2,1,11.996161,734209.229500
0,1,2,1,11.993284,733997.742954
0,1,2,1,11.990408,733917.345826
0,1,2,1,11.987533,733849.279132
0,1,2,1,11.984660,733844.005582
0,1,2,1,11.981788,733779.187198
0,1,2,1,11.978917,733668.686986
0,1,2,1,11.976048,733633.832153
0,1,2,1,11.973180,733416.017123
0,1,2,1,11.970314,733242.403855
0,1,2,1,11.967449,733005.885257
0,1,2,1,11.964585,732797.337052
0,1,2,1,11.961722,732780.223710
0,1,2,1,11.958862,732740.544511
0,1,2,1,11.956002,732609.480491
0,1,2,1,11.953144,732535.296583
0,1,2,1,11.950287,732219.191872
0,1,2,1,11.947431,732087.930142
0,1,2,1,11.944577,731962.545919
0,1,2,1,11.941724,731665.895271
0,1,2,1,11.938873,731663.796251
0,1,2,1,11.936023,731494.333637
0,1,2,1,11.933174,731368.839892
0,1,2,1,11.930327,731232.708731
0,1,2,1,11.927481,731198.247945
0,1,2,1,11.924636,731129.486649
0,1,2,1,11.921793,730791.640157
0,1,2,1,11.918951,730672.262882
0,1,2,1,11.916111,730612.708149
0,1,2,1,11.913271,730547.574767
0,1,2,1,11.910434,730488.034231
0,1,2,1,11.907597,730484.313259
0,1,2,1,11.904762,730442.767138
0,1,2,1,11.901928,730225.504231
0,1,2,1,11.899096,730127.477778
0,1,2,1,11.896265,729480.827998
0,1,2,1,11.893435,729405.593362
0,1,2,1,11.890606,729282.338978
0,1,2,1,11.887779,729198.407318
0,1,2,1,11.884954,728642.566481
0,1,2,1,11.882129,728638.015888
0,1,2,1,11.879306,728293.121720
0,1,2,1,11.876485,728273.354781
0,1,2,1,11.873664,728157.727629
0,1,2,1,11.870845,728128.317227
0,1,2,1,11.868028,728093.204186
0,1,2,1,11.865211,727699.933349
0,1,2,1,11.862396,727671.897669
0,1,2,1,11.859583,727670.237103
0,1,2,1,11.856770,727552.093311
0,1,2,1,11.853959,727322.619209
0,1,2,1,11.851150,727090.814634
0,1,2,1,11.848341,726890.933377
0,1,2,1,11.845534,726780.981396
0,1,2,1,11.842729,726573.719018
0,1,2,1,11.839924,726547.200006
0,1,2,1,11.837121,726133.051485
0,1,2,1,11.834320,725935.346351
0,1,2,1,11.831519,725919.534321
0,1,2,1,11.828720,725736.627149
0,1,2,1,11.825922,725561.074328
0,1,2,1,11.823126,725472.078288
0,1,2,1,11.820331,725462.539575
0,1,2,1,11.817537,725395.930142
0,1,2,1,11.814745,725363.739472
0,1,2,1,11.811954,725210.907449
0,1,2,1,11.809164,724439.409087
0,1,2,1,11.806375,724370.921744
0,1,2,1,11.803588,724188.482406
0,1,2,1,11.800802,724165.415836
0,1,2,1,11.798018,724020.447494
0,1,2,1,11.795235,723755.320761
0,1,2,1,11.792453,723736.476859
0,1,2,1,11.789672,723654.941482
0,1,2,1,11.786893,723520.448524
0,1,2,1,11.784115,723439.373234
0,1,2,1,11.781338,723215.570361
0,1,2,1,11.778563,723203.443245
0,1,2,1,11.775789,723088.203563
0,1,2,1,11.773016,722989.783472
0,1,2,1,11.770245,722886.198127
0,1,2,1,11.767475,722638.782450
0,1,2,1,11.764706,722612.794324
0,1,2,1,11.761938,722590.728337
0,1,2,1,11.759172,722527.054795
0,1,2,1,11.756407,722514.959432
0,1,2,1,11.753644,722485.786097
0,1,2,1,11.750881,722278.270615
0,1,2,1,11.748120,722170.331372
0,1,2,1,11.745361,722073.511743
0,1,2,1,11.742602,722048.928612
0,1,2,1,11.739845,721731.345350
0,1,2,1,11.737089,721626.784870
0,1,2,1,11.734335,721580.236262
0,1,2,1,11.731581,721574.890476
0,1,2,1,11.728829,721247.058568
0,1,2,1,11.726079,720813.230705
0,1,2,1,11.723329,720746.251588
0,1,2,1,11.720581,720729.279694
0,1,2,1,11.717835,720719.723178
0,1,2,1,11.715089,720502.912452
0,1,2,1,11.712345,720381.336416
0,1,2,1,11.709602,720371.996935
0,1,2,1,11.706860,720318.552673
0,1,2,1,11.704120,720192.216529
0,1,2,1,11.701381,720086.637169
0,1,2,1,11.698643,720064.415221
0,1,2,1,11.695906,719654.373888
0,1,2,1,11.693171,719610.912381
0,1,2,1,11.690437,719424.557124
0,1,2,1,11.687705,719148.313064
0,1,2,1,11.684973,718792.710079
0,1,2,1,11.682243,718725.905791
0,1,2,1,11.679514,718409.529136
0,1,2,1,11.676787,718315.927770
0,1,2,1,11.674060,718271.734602
0,1,2,1,11.671335,718218.961556
0,1,2,1,11.668611,718102.004696
0,1,2,1,11.665889,717901.862693
0,1,2,1,11.663168,717886.831036
0,1,2,1,11.660448,717454.094761
0,1,2,1,11.657729,717425.873529
0,1,2,1,11.655012,717333.574306
0,1,2,1,11.652296,716894.323816
0,1,2,1,11.649581,716814.739628
0,1,2,1,11.646867,716713.925408
0,1,2,1,11.644155,716558.512916
0,1,2,1,11.641444,716142.266490
0,1,2,1,11.638734,716122.504722
0,1,2,1,11.636025,716082.790101
0,1,2,1,11.633318,716047.057222
0,1,2,1,11.630612,715606.699715
0,1,2,1,11.627907,715553.475728
0,1,2,1,11.625203,715409.825778
0,1,2,1,11.622501,715352.738655
0,1,2,1,11.619800,715309.753665
0,1,2,1,11.617100,715267.947350
0,1,2,1,11.614402,715123.977317
0,1,2,1,11.611705,714814.467939
0,1,2,1,11.609009,714414.778766
0,1,2,1,11.606314,714358.759630
0,1,2,1,11.603620,714330.327040
0,1,2,1,11.600928,713922.552560
0,1,2,1,11.598237,713844.484429
0,1,2,1,11.595547,713757.844412
0,1,2,1,11.592859,713721.750630
0,1,2,1,11.590172,713648.279473
0,1,2,1,11.587486,713453.833949
0,1,2,1,11.584801,713446.362320
0,1,2,1,11.582117,713282.810127
0,1,2,1,11.579435,713106.061559
0,1,2,1,11.576754,713021.685082
0,1,2,1,11.574074,713003.451568
0,1,2,1,11.571396,712935.786029
0,1,2,1,11.568718,712808.870315
0,1,2,1,11.566042,712371.886221
0,1,2,1,11.563367,712351.323013
0,1,2,1,11.560694,712077.700337
0,1,2,1,11.558021,711854.142553
0,1,2,1,11.555350,711798.334779
0,1,2,1,11.552680,711690.593849
0,1,2,1,11.550012,711600.874966
0,1,2,1,11.547344,711225.507036
0,1,2,1,11.544678,711176.949201
0,1,2,1,11.542013,710963.736421
0,1,2,1,11.539349,710879.523285
0,1,2,1,11.536687,710786.399206
0,1,2,1,11.534025,710691.998136
0,1,2,1,11.531365,710513.528282
0,1,2,1,11.528706,710449.578436
0,1,2,1,11.526049,710378.508948
0,1,2,1,11.523392,710239.865270
0,1,2,1,11.520737,710214.186142
0,1,2,1,11.518083,709859.269897
0,1,2,1,11.515431,709786.054725
0,1,2,1,11.512779,709729.854129
0,1,2,1,11.510129,709513.946323
0,1,2,1,11.507480,709438.050741
0,1,2,1,11.504832,709278.521029
0,1,2,1,11.502185,709247.164640
0,1,2,1,11.499540,709223.506782
0,1,2,1,11.496896,709144.653119
0,1,2,1,11.494253,708980.648456
0,1,2,1,11.491611,708959.303473
0,1,2,1,11.488971,708644.407954
0,1,2,1,11.486331,708577.230917
0,1,2,1,11.483693,708523.910105
0,1,2,1,11.481056,708491.550825
0,1,2,1,11.478421,708435.187533
0,1,2,1,11.475786,708313.509157
0,1,2,1,11.473153,708243.092495
0,1,2,1,11.470521,708152.998941
0,1,2,1,11.467890,708145.291780
0,1,2,1,11.465260,707715.507605
0,1,2,1,11.462632,707541.908108
0,1,2,1,11.460005,707500.076762
0,1,2,1,11.457379,707391.936989
0,1,2,1,11.454754,707280.395071
0,1,2,1,11.452130,707104.605187
0,1,2,1,11.449508,707078.898386
0,1,2,1,11.446886,706823.274635
0,1,2,1,11.444266,706441.825364
0,1,2,1,11.441648,706396.959077
0,1,2,1,11.439030,706383.642262
0,1,2,1,11.436414,706341.065943
0,1,2,1,11.433798,706094.878408
0,1,2,1,11.431184,706065.612203
0,1,2,1,11.428571,706005.278204
0,1,2,1,11.425960,705985.201584
0,1,2,1,11.423349,705902.865864
0,1,2,1,11.420740,705617.999445
0,1,2,1,11.418132,705472.606106
0,1,2,1,11.415525,705403.750444
0,1,2,1,11.412919,705319.429456
0,1,2,1,11.410315,705179.671553
0,1,2,1,11.407712,705092.612419
0,1,2,1,11.405109,705085.777158
0,1,2,1,11.402509,704969.347089
0,1,2,1,11.399909,704928.271509
0,1,2,1,11.397310,704726.523412
0,1,2,1,11.394713,704662.592288
0,1,2,1,11.392117,704574.421047
0,1,2,1,11.389522,704563.172201
0,1,2,1,11.386928,704451.286624
0,1,2,1,11.384335,704275.911509
0,1,2,1,11.381744,704098.750542
0,1,2,1,11.379153,704095.226144
0,1,2,1,11.376564,703946.074066
0,1,2,1,11.373976,703700.128540
0,1,2,1,11.371390,703674.855642
0,1,2,1,11.368804,703661.736590
0,1,2,1,11.366220,703660.918001
0,1,2,1,11.363636,703654.080550
0,1,2,1,11.361054,703551.030116
0,1,2,1,11.358473,703547.390634
0,1,2,1,11.355894,703522.781684
0,1,2,1,11.353315,703420.960775
0,1,2,1,11.350738,703383.252757
0,1,2,1,11.348162,703176.433724
0,1,2,1,11.345587,703037.566940
0,1,2,1,11.343013,703028.506198
0,1,2,1,11.340440,702643.766602
0,1,2,1,11.337868,702420.243548
0,1,2,1,11.335298,702164.167287
0,1,2,1,11.332729,702144.015399
0,1,2,1,11.330161,702102.898187
0,1,2,1,11.327594,702098.892372
0,1,2,1,11.325028,701992.421263
0,1,2,1,11.322464,701838.504980
0,1,2,1,11.319900,700900.309215
0,1,2,1,11.317338,700900.069778
0,1,2,1,11.314777,700836.811735
0,1,2,1,11.312217,700820.898750
0,1,2,1,11.309658,700751.628681
0,1,2,1,11.307101,700731.449928
0,1,2,1,11.304544,700410.704368
0,1,2,1,11.301989,700358.047344
0,1,2,1,11.299435,700229.989860
0,1,2,1,11.296882,700123.948803
0,1,2,1,11.294330,699910.982020
0,1,2,1,11.291780,699546.332084
0,1,2,1,11.289230,699505.175845
0,1,2,1,11.286682,699359.995977
0,1,2,1,11.284135,699054.674384
0,1,2,1,11.281588,699053.876348
0,1,2,1,11.279044,699011.165785
0,1,2,1,11.276500,698974.124265
0,1,2,1,11.273957,698928.002305
0,1,2,1,11.271416,698776.819347
0,1,2,1,11.268875,698630.856571
0,1,2,1,11.266336,698621.577709
0,1,2,1,11.263798,698586.307259
0,1,2,1,11.261261,698185.957565
0,1,2,1,11.258726,698067.176820
0,1,2,1,11.256191,697786.245822
0,1,2,1,11.253657,697732.119791
0,1,2,1,11.251125,697595.177009
0,1,2,1,11.248594,697520.267120
0,1,2,1,11.246064,697236.981394
0,1,2,1,11.243535,697034.607395
0,1,2,1,11.241007,696896.937951
0,1,2,1,11.238481,696800.268436
0,1,2,1,11.235955,696696.367011
0,1,2,1,11.233431,696567.397373
0,1,2,1,11.230907,696373.747288
0,1,2,1,11.228385,696128.706389
0,1,2,1,11.225864,696113.514918
0,1,2,1,11.223345,695776.052786
0,1,2,1,11.220826,695720.384396
0,1,2,1,11.218308,695575.407161
0,1,2,1,11.215792,695414.053207
0,1,2,1,11.213277,695180.632922
0,1,2,1,11.210762,695137.610209
0,1,2,1,11.208249,695128.938767
0,1,2,1,11.205737,695075.674008
0,1,2,1,11.203227,694940.564316
0,1,2,1,11.200717,694872.550696
0,1,2,1,11.198208,694817.131505
0,1,2,1,11.195701,694470.835244
0,1,2,1,11.193195,694312.312585
0,1,2,1,11.190689,694264.702068
0,1,2,1,11.188185,693965.172714
0,1,2,1,11.185682,693496.470627
0,1,2,1,11.183180,693085.897675
0,1,2,1,11.180680,692878.321805
0,1,2,1,11.178180,692861.175369
0,1,2,1,11.175682,692785.212143
0,1,2,1,11.173184,692666.082189
0,1,2,1,11.170688,692569.163083
0,1,2,1,11.168193,692562.478137
0,1,2,1,11.165699,692391.112736
0,1,2,1,11.163206,692363.502260
0,1,2,1,11.160714,692179.167105
0,1,2,1,11.158224,692162.992980
0,1,2,1,11.155734,692150.408620
0,1,2,1,11.153246,692112.271068
0,1,2,1,11.150758,692084.695548
0,1,2,1,11.148272,692082.803469
0,1,2,1,11.145787,691938.653675
0,1,2,1,11.143303,691917.585674
0,1,2,1,11.140820,691781.871582
0,1,2,1,11.138338,691758.596418
0,1,2,1,11.135857,691649.497294
0,1,2,1,11.133378,691553.210184
0,1,2,1,11.130899,691548.848327
0,1,2,1,11.128422,691511.503210
0,1,2,1,11.125946,691476.303164
0,1,2,1,11.123471,691423.220001
0,1,2,1,11.120996,691355.880294
0,1,2,1,11.118523,691330.334058
0,1,2,1,11.116052,691206.481468
0,1,2,1,11.113581,691107.773701
0,1,2,1,11.111111,691105.069412
0,1,2,1,11.108643,690955.912379
0,1,2,1,11.106175,690507.023712
0,1,2,1,11.103709,690188.176949
0,1,2,1,11.101243,690051.297969
0,1,2,1,11.098779,689989.743620
0,1,2,1,11.096316,689983.731137
0,1,2,1,11.093854,689955.232771
0,1,2,1,11.091393,689687.850088
0,1,2,1,11.088933,689519.842122
0,1,2,1,11.086475,689473.797572
0,1,2,1,11.084017,689401.793449
0,1,2,1,11.081560,689326.504798
0,1,2,1,11.079105,689233.729222
0,1,2,1,11.076650,689092.205327
0,1,2,1,11.074197,688932.731534
0,1,2,1,11.071745,688560.393524
0,1,2,1,11.069294,688187.868017
0,1,2,1,11.066844,688129.822900
0,1,2,1,11.064395,688005.160020
0,1,2,1,11.061947,687961.384132
0,1,2,1,11.059500,687955.863415
0,1,2,1,11.057054,687942.174532
0,1,2,1,11.054610,687909.935991
0,1,2,1,11.052166,687771.317237
0,1,2,1,11.049724,687617.268416
0,1,2,1,11.047282,687371.270628
0,1,2,1,11.044842,687066.825148
0,1,2,1,11.042403,687010.252600
0,1,2,1,11.039965,686884.011852
0,1,2,1,11.037528,686670.744644
0,1,2,1,11.035092,686572.571326
0,1,2,1,11.032657,686510.672194
0,1,2,1,11.030223,686432.903780
0,1,2,1,11.027790,686372.546267
0,1,2,1,11.025358,686334.441973
0,1,2,1,11.022928,686257.862108
0,1,2,1,11.020498,686129.916203
0,1,2,1,11.018070,686117.377957
0,1,2,1,11.015642,685849.209104
0,1,2,1,11.013216,685794.975518
0,1,2,1,11.010791,685584.016550
0,1,2,1,11.008366,685569.562266
0,1,2,1,11.005943,685564.710381
0,1,2,1,11.003521,685516.527646
0,1,2,1,11.001100,685101.629539
0,1,2,1,10.998680,685013.244522
0,1,2,1,10.996261,684980.494653
0,1,2,1,10.993843,684917.393726
0,1,2,1,10.991427,684791.768780
0,1,2,1,10.989011,684762.942596
0,1,2,1,10.986596,684687.161439
0,1,2,1,10.984183,684281.470354
0,1,2,1,10.981770,684250.142196
0,1,2,1,10.979359,684164.532066
0,1,2,1,10.976948,684127.619348
0,1,2,1,10.974539,684092.327143
0,1,2,1,10.972131,683946.358201
0,1,2,1,10.969724,683930.216330
0,1,2,1,10.967317,683909.843425
0,1,2,1,10.964912,683817.247749
0,1,2,1,10.962508,683593.703258
0,1,2,1,10.960105,683520.813177
0,1,2,1,10.957703,683475.309980
0,1,2,1,10.955302,683425.623929
0,1,2,1,10.952903,683044.398700
0,1,2,1,10.950504,682863.008574
0,1,2,1,10.948106,682553.362621
0,1,2,1,10.945709,682395.699182
0,1,2,1,10.943314,682347.123486
0,1,2,1,10.940919,682244.846077
0,1,2,1,10.938525,681830.998073
0,1,2,1,10.936133,681803.963717
0,1,2,1,10.933742,681783.702247
0,1,2,1,10.931351,681728.190579
0,1,2,1,10.928962,681551.851181
0,1,2,1,10.926573,681545.348862
0,1,2,1,10.924186,681420.228551
0,1,2,1,10.921800,681206.041095
0,1,2,1,10.919415,680891.681639
0,1,2,1,10.917031,680698.760246
0,1,2,1,10.914647,680611.013118
0,1,2,1,10.912265,680512.484042
0,1,2,1,10.909884,680214.321829
0,1,2,1,10.907504,679848.785993
0,1,2,1,10.905125,679487.828251
0,1,2,1,10.902747,679393.501643
0,1,2,1,10.900371,679382.927317
0,1,2,1,10.897995,679288.194434
0,1,2,1,10.895620,679199.547084
0,1,2,1,10.893246,679096.754601
0,1,2,1,10.890873,679053.374257
0,1,2,1,10.888502,679027.990052
0,1,2,1,10.886131,678798.699366
0,1,2,1,10.883761,678745.184385
0,1,2,1,10.881393,678631.942221
0,1,2,1,10.879025,678627.212466
0,1,2,1,10.876659,678496.975807
0,1,2,1,10.874293,678437.931291
0,1,2,1,10.871929,678241.507598
0,1,2,1,10.869565,678236.591260
0,1,2,1,10.867203,678080.515552
0,1,2,1,10.864841,678049.888392
0,1,2,1,10.862481,678033.840961
0,1,2,1,10.860122,677946.866528
0,1,2,1,10.857763,677732.674698
0,1,2,1,10.855406,677373.657759
0,1,2,1,10.853050,677222.004140
0,1,2,1,10.850694,677146.146429
0,1,2,1,10.848340,677102.321223
0,1,2,1,10.845987,676952.943428
0,1,2,1,10.843635,676929.186345
0,1,2,1,10.841284,676858.221443
0,1,2,1,10.838933,676854.232428
0,1,2,1,10.836584,676676.325304
0,1,2,1,10.834236,676153.686726
0,1,2,1,10.831889,675727.839124
0,1,2,1,10.829543,675680.723598
0,1,2,1,10.827198,675642.418738
0,1,2,1,10.824854,675434.467620
0,1,2,1,10.822511,675395.122004
0,1,2,1,10.820169,675344.763689
0,1,2,1,10.817828,675252.622902
0,1,2,1,10.815488,675232.344735
0,1,2,1,10.813149,675177.036302
0,1,2,1,10.810811,675155.747425
0,1,2,1,10.808474,675083.075283
0,1,2,1,10.806138,674781.412095
0,1,2,1,10.803803,674684.590597
0,1,2,1,10.801469,674577.226347
0,1,2,1,10.799136,674510.576883
0,1,2,1,10.796804,674317.938322
0,1,2,1,10.794473,674235.055813
0,1,2,1,10.792143,674106.171594
0,1,2,1,10.789814,674080.569645
0,1,2,1,10.787487,673828.099583
0,1,2,1,10.785160,673802.751928
0,1,2,1,10.782834,673769.014872
0,1,2,1,10.780509,673458.800046
0,1,2,1,10.778185,673149.454882
0,1,2,1,10.775862,672923.861339
0,1,2,1,10.773540,672887.826634
0,1,2,1,10.771219,672817.548113
0,1,2,1,10.768899,672566.972459
0,1,2,1,10.766581,672536.081272
0,1,2,1,10.764263,672501.242950
0,1,2,1,10.761946,672481.872496
0,1,2,1,10.759630,672361.095791
0,1,2,1,10.757315,672256.026050
0,1,2,1,10.755001,672247.407037
0,1,2,1,10.752688,672208.073117
0,1,2,1,10.750376,671535.266962
0,1,2,1,10.748065,671485.362856
0,1,2,1,10.745755,671167.433605
0,1,2,1,10.743446,671150.253905
0,1,2,1,10.741139,671024.742981
0,1,2,1,10.738832,670822.787218
0,1,2,1,10.736526,670814.075955
0,1,2,1,10.734221,670790.228967
0,1,2,1,10.731917,670711.595130
0,1,2,1,10.729614,670690.799460
0,1,2,1,10.727312,670656.608414
0,1,2,1,10.725011,670541.794965
0,1,2,1,10.722711,670490.254249
0,1,2,1,10.720412,670440.325672
0,1,2,1,10.718114,670395.175564
0,1,2,1,10.715817,670321.616072
0,1,2,1,10.713520,670279.703123
0,1,2,1,10.711225,670093.080120
0,1,2,1,10.708931,670076.215835
0,1,2,1,10.706638,670014.997841
0,1,2,1,10.704346,669884.033577
0,1,2,1,10.702055,669775.546074
0,1,2,1,10.699765,669351.887673
0,1,2,1,10.697475,668980.651071
0,1,2,1,10.695187,668963.544637
0,1,2,1,10.692900,668869.371545
0,1,2,1,10.690614,668867.461310
0,1,2,1,10.688328,668786.556741
0,1,2,1,10.686044,668739.202623
0,1,2,1,10.683761,668657.264023
0,1,2,1,10.681478,668583.461976
0,1,2,1,10.679197,668298.477955
0,1,2,1,10.676917,668213.528965
0,1,2,1,10.674637,668049.633615
0,1,2,1,10.672359,667702.598431
0,1,2,1,10.670081,667423.415853
0,1,2,1,10.667805,667384.348718
0,1,2,1,10.665529,667299.771124
0,1,2,1,10.663254,667273.716468
0,1,2,1,10.660981,667214.736395
0,1,2,1,10.658708,667032.043128
0,1,2,1,10.656436,666871.900304
0,1,2,1,10.654166,666810.354050
0,1,2,1,10.651896,666670.870878
0,1,2,1,10.649627,666605.709212
0,1,2,1,10.647359,666543.724795
0,1,2,1,10.645093,666467.919076
0,1,2,1,10.642827,666373.600713
0,1,2,1,10.640562,666192.595349
0,1,2,1,10.638298,665927.964796
0,1,2,1,10.636035,665872.911901
0,1,2,1,10.633773,665809.057368
0,1,2,1,10.631512,665750.997736
0,1,2,1,10.629252,665737.680400
0,1,2,1,10.626993,665480.896281
0,1,2,1,10.624734,665425.134914
0,1,2,1,10.622477,665381.118466
0,1,2,1,10.620221,665366.667882
0,1,2,1,10.617966,665120.073129
0,1,2,1,10.615711,665076.922204
0,1,2,1,10.613458,665042.598639
0,1,2,1,10.611205,664875.958624
0,1,2,1,10.608954,664677.207577
0,1,2,1,10.606703,664560.225960
0,1,2,1,10.604454,664504.745871
0,1,2,1,10.602205,664474.310913
0,1,2,1,10.599958,664114.823094
0,1,2,1,10.597711,664095.886041
0,1,2,1,10.595465,663976.387883
0,1,2,1,10.593220,663794.407932
0,1,2,1,10.590976,663697.184325
0,1,2,1,10.588734,663478.033090
0,1,2,1,10.586492,663262.967490
0,1,2,1,10.584251,663190.697472
0,1,2,1,10.582011,663124.690699
0,1,2,1,10.579771,662971.758563
0,1,2,1,10.577533,662661.226854
0,1,2,1,10.575296,662525.635372
0,1,2,1,10.573060,662387.773214
0,1,2,1,10.570825,662342.071504
0,1,2,1,10.568590,661989.072969
0,1,2,1,10.566357,661844.086443
0,1,2,1,10.564124,661528.510265
0,1,2,1,10.561893,661293.477180
0,1,2,1,10.559662,660897.407026
0,1,2,1,10.557432,660795.927457
0,1,2,1,10.555204,660715.135660
0,1,2,1,10.552976,660668.548021
0,1,2,1,10.550749,660635.280395
0,1,2,1,10.548523,660149.708435
0,1,2,1,10.546298,660091.885111
0,1,2,1,10.544074,659937.864828
0,1,2,1,10.541851,659714.770533
0,1,2,1,10.539629,659618.346848
0,1,2,1,10.537408,659600.145310
0,1,2,1,10.535188,659432.019899
0,1,2,1,10.532968,659280.730538
0,1,2,1,10.530750,658802.700305
0,1,2,1,10.528532,658710.599343
0,1,2,1,10.526316,658520.543714
0,1,2,1,10.524100,658465.506555
0,1,2,1,10.521886,658317.726739
0,1,2,1,10.519672,658293.970279
0,1,2,1,10.517459,658245.319919
0,1,2,1,10.515247,658225.056148
0,1,2,1,10.513036,658009.627589
0,1,2,1,10.510826,657987.868532
0,1,2,1,10.508617,657930.142305
0,1,2,1,10.506409,657853.366186
0,1,2,1,10.504202,657681.542029
0,1,2,1,10.501995,657615.460700
0,1,2,1,10.499790,657386.005047
0,1,2,1,10.497586,657170.148727
0,1,2,1,10.495382,656775.786433
0,1,2,1,10.493179,656559.465816
0,1,2,1,10.490978,656195.277989
0,1,2,1,10.488777,656114.144195
0,1,2,1,10.486577,655859.623466
0,1,2,1,10.484378,655702.331463
0,1,2,1,10.482180,655611.049348
0,1,2,1,10.479983,655493.312214
0,1,2,1,10.477787,655390.697536
0,1,2,1,10.475592,655361.841589
0,1,2,1,10.473398,655312.156956
0,1,2,1,10.471204,655159.397868
0,1,2,1,10.469012,655010.299617
0,1,2,1,10.466820,654886.299230
0,1,2,1,10.464630,654844.238704
0,1,2,1,10.462440,654783.416660
0,1,2,1,10.460251,654700.582129
0,1,2,1,10.458063,654506.474067
0,1,2,1,10.455876,654490.544456
0,1,2,1,10.453690,654462.614089
0,1,2,1,10.451505,654323.678455
0,1,2,1,10.449321,654209.645339
0,1,2,1,10.447137,653902.328937
0,1,2,1,10.444955,653774.646205
0,1,2,1,10.442774,653759.484803
0,1,2,1,10.440593,653636.316815
0,1,2,1,10.438413,653591.512420
0,1,2,1,10.436235,653575.457675
0,1,2,1,10.434057,653472.162383
0,1,2,1,10.431880,653295.817218
0,1,2,1,10.429704,653162.144064
0,1,2,1,10.427529,653071.245707
0,1,2,1,10.425354,653051.640238
0,1,2,1,10.423181,653036.263773
0,1,2,1,10.421009,652928.886373
0,1,2,1,10.418837,652910.422480
0,1,2,1,10.416667,652736.365093
0,1,2,1,10.414497,652673.997090
0,1,2,1,10.412328,652614.512039
0,1,2,1,10.410160,652533.402297
0,1,2,1,10.407993,652470.873320
0,1,2,1,10.405827,652298.580261
0,1,2,1,10.403662,652124.628127
0,1,2,1,10.401498,652108.706734
0,1,2,1,10.399334,652032.061155
0,1,2,1,10.397172,651856.398358
0,1,2,1,10.395010,651676.360119
0,1,2,1,10.392850,651592.157955
0,1,2,1,10.390690,651533.057574
0,1,2,1,10.388531,651424.569870
0,1,2,1,10.386373,651265.492457
0,1,2,1,10.384216,651252.455559
0,1,2,1,10.382060,651138.537410
0,1,2,1,10.379905,651130.574694
0,1,2,1,10.377750,651097.113660
0,1,2,1,10.375597,651045.812602
0,1,2,1,10.373444,650814.638673
0,1,2,1,10.371292,650774.296898
0,1,2,1,10.369141,650621.940404
0,1,2,1,10.366991,650525.670449
0,1,2,1,10.364842,650448.710386
0,1,2,1,10.362694,650438.184884
0,1,2,1,10.360547,650429.221627
0,1,2,1,10.358401,650367.993124
0,1,2,1,10.356255,650286.036630
0,1,2,1,10.354111,650217.045964
0,1,2,1,10.351967,650126.204721
0,1,2,1,10.349824,650097.540849
0,1,2,1,10.347682,650007.127818
0,1,2,1,10.345541,649980.863016
0,1,2,1,10.343401,649944.825760
0,1,2,1,10.341262,649815.444744
0,1,2,1,10.339123,649584.467510
0,1,2,1,10.336986,649519.863531
0,1,2,1,10.334849,649318.079766
0,1,2,1,10.332713,649290.903509
0,1,2,1,10.330579,649176.684915
0,1,2,1,10.328445,649116.730658
0,1,2,1,10.326311,648932.001878
0,1,2,1,10.324179,648699.864803
0,1,2,1,10.322048,648670.027205
0,1,2,1,10.319917,648633.417602
0,1,2,1,10.317788,648443.688085
0,1,2,1,10.315659,648396.427533
0,1,2,1,10.313531,648282.962266
0,1,2,1,10.311404,648211.038167
0,1,2,1,10.309278,648118.603708
0,1,2,1,10.307153,648116.814601
0,1,2,1,10.305029,647875.741870
0,1,2,1,10.302905,647283.701668
0,1,2,1,10.300783,647084.072386
0,1,2,1,10.298661,646859.507426
0,1,2,1,10.296540,646594.300608
0,1,2,1,10.294420,646586.271107
0,1,2,1,10.292301,646442.125295
0,1,2,1,10.290183,646437.625947
0,1,2,1,10.288066,645635.047937
0,1,2,1,10.285949,645518.348466
0,1,2,1,10.283834,645516.108424
0,1,2,1,10.281719,645294.990185
0,1,2,1,10.279605,645062.229336
0,1,2,1,10.277492,644993.381165
0,1,2,1,10.275380,644920.900300
0,1,2,1,10.273269,644820.462540
0,1,2,1,10.271159,644795.102253
0,1,2,1,10.269049,644768.641691
0,1,2,1,10.266940,644335.319165
0,1,2,1,10.264833,644070.472312
0,1,2,1,10.262726,643745.334405
0,1,2,1,10.260620,643313.840885
0,1,2,1,10.258515,643245.523574
0,1,2,1,10.256410,643206.968126
0,1,2,1,10.254307,643075.046953
0,1,2,1,10.252204,642986.122225
0,1,2,1,10.250103,642700.662344
0,1,2,1,10.248002,642555.471911
0,1,2,1,10.245902,642295.349079
0,1,2,1,10.243802,642262.780927
0,1,2,1,10.241704,642111.627146
0,1,2,1,10.239607,642010.723572
0,1,2,1,10.237510,641908.803128
0,1,2,1,10.235415,641720.766487
0,1,2,1,10.233320,641707.758389
0,1,2,1,10.231226,641694.180790
0,1,2,1,10.229133,641580.802009
0,1,2,1,10.227040,641539.072374
0,1,2,1,10.224949,641411.978525
0,1,2,1,10.222858,641250.693108
0,1,2,1,10.220769,641145.668480
0,1,2,1,10.218680,641132.954852
0,1,2,1,10.216592,641054.774624
0,1,2,1,10.214505,640839.830406
0,1,2,1,10.212418,640808.122866
0,1,2,1,10.210333,640733.179239
0,1,2,1,10.208248,640732.618591
0,1,2,1,10.206165,640608.513103
0,1,2,1,10.204082,640574.822546
0,1,2,1,10.202000,640552.701658
0,1,2,1,10.199918,640420.713153
0,1,2,1,10.197838,640291.736444
0,1,2,1,10.195759,640167.212482
0,1,2,1,10.193680,640087.669967
0,1,2,1,10.191602,640054.900629
0,1,2,1,10.189525,640003.149314
0,1,2,1,10.187449,639947.477130
0,1,2,1,10.185374,639822.874176
0,1,2,1,10.183299,639745.101519
0,1,2,1,10.181226,639731.039807
0,1,2,1,10.179153,639322.712750
0,1,2,1,10.177081,639207.151806
0,1,2,1,10.175010,639194.282530
0,1,2,1,10.172940,639095.257129
0,1,2,1,10.170871,639004.356543
0,1,2,1,10.168802,638692.407054
0,1,2,1,10.166734,638673.616663
0,1,2,1,10.164668,638656.087402
0,1,2,1,10.162602,638498.050039
0,1,2,1,10.160536,638377.240158
0,1,2,1,10.158472,638333.734904
0,1,2,1,10.156409,638249.279611
0,1,2,1,10.154346,638110.777348
0,1,2,1,10.152284,638074.124023
0,1,2,1,10.150223,638034.655306
0,1,2,1,10.148163,637987.415586
0,1,2,1,10.146104,637715.303929
0,1,2,1,10.144045,637655.066642
0,1,2,1,10.141988,637619.033768
0,1,2,1,10.139931,637609.542171
0,1,2,1,10.137875,637606.562291
0,1,2,1,10.135820,637206.563784
0,1,2,1,10.133766,637205.856301
0,1,2,1,10.131712,637148.840845
0,1,2,1,10.129660,636953.268567
0,1,2,1,10.127608,636932.447917
0,1,2,1,10.125557,636822.330986
0,1,2,1,10.123507,636665.160265
0,1,2,1,10.121457,636661.883669
0,1,2,1,10.119409,636638.322413
0,1,2,1,10.117361,636451.846584
0,1,2,1,10.115315,636400.535183
0,1,2,1,10.113269,636394.669689
0,1,2,1,10.111223,636388.039339
0,1,2,1,10.109179,636158.991597
0,1,2,1,10.107136,635726.926118
0,1,2,1,10.105093,635645.872009
0,1,2,1,10.103051,635644.575894
0,1,2,1,10.101010,635596.515017
0,1,2,1,10.098970,635549.536359
0,1,2,1,10.096931,635296.497382
0,1,2,1,10.094892,635235.101382
0,1,2,1,10.092854,635110.234455
0,1,2,1,10.090817,635062.238834
0,1,2,1,10.088781,634983.237482
0,1,2,1,10.086746,634948.961515
0,1,2,1,10.084712,634948.273438
0,1,2,1,10.082678,634835.815948
0,1,2,1,10.080645,634785.136674
0,1,2,1,10.078613,634561.605340
0,1,2,1,10.076582,634559.965563
0,1,2,1,10.074552,634317.240966
0,1,2,1,10.072522,634244.781585
0,1,2,1,10.070493,634181.833370
0,1,2,1,10.068466,634049.398543
0,1,2,1,10.066438,634014.022676
0,1,2,1,10.064412,633949.128620
0,1,2,1,10.062387,633893.046156
0,1,2,1,10.060362,633854.935801
0,1,2,1,10.058338,633755.139774
0,1,2,1,10.056315,633600.431533
0,1,2,1,10.054293,633557.640754
0,1,2,1,10.052272,633545.184999
0,1,2,1,10.050251,633534.045706
0,1,2,1,10.048232,633432.472175
0,1,2,1,10.046213,633392.380075
0,1,2,1,10.044194,633303.786649
0,1,2,1,10.042177,633274.794074
0,1,2,1,10.040161,633176.491129
0,1,2,1,10.038145,633076.756831
0,1,2,1,10.036130,633039.408036
0,1,2,1,10.034116,633016.533670
0,1,2,1,10.032103,632935.206530
0,1,2,1,10.030090,632509.918915
0,1,2,1,10.028079,632460.651077
0,1,2,1,10.026068,632329.800019
0,1,2,1,10.024058,632094.576207
0,1,2,1,10.022049,632046.088859
0,1,2,1,10.020040,631830.212097
0,1,2,1,10.018032,631730.426788
0,1,2,1,10.016026,631720.272950
0,1,2,1,10.014020,631695.389739
0,1,2,1,10.012014,631541.921352
0,1,2,1,10.010010,631484.545142
0,1,2,1,10.008006,631371.186643
0,1,2,1,10.006004,631051.184342
0,1,2,1,10.004002,630982.137963
0,1,2,1,10.002000,630745.743846
0,1,2,1,10.000000,630743.715875
0,1,2,1,9.998000,630683.875213
0,1,2,1,9.996002,630492.788978
0,1,2,1,9.994004,630139.534991
0,1,2,1,9.992006,630136.653949
0,1,2,1,9.990010,629776.516024
0,1,2,1,9.988014,629770.023533
0,1,2,1,9.986020,629741.006343
0,1,2,1,9.984026,629673.302339
0,1,2,1,9.982032,629656.914770
0,1,2,1,9.980040,629545.116571
0,1,2,1,9.978048,629510.553127
0,1,2,1,9.976057,629489.787408
0,1,2,1,9.974067,629390.973179
0,1,2,1,9.972078,629316.074665
0,1,2,1,9.970090,629270.732668
0,1,2,1,9.968102,629264.606672
0,1,2,1,9.966115,629060.604757
0,1,2,1,9.964129,629057.289345
0,1,2,1,9.962144,628991.437136
0,1,2,1,9.960159,628954.874970
0,1,2,1,9.958176,628944.294041
0,1,2,1,9.956193,628895.153085
0,1,2,1,9.954211,628689.986559
0,1,2,1,9.952229,628655.795812
0,1,2,1,9.950249,628568.209853
0,1,2,1,9.948269,628211.107631
0,1,2,1,9.946290,628204.624299
0,1,2,1,9.944312,628089.360920
0,1,2,1,9.942334,628052.950489
0,1,2,1,9.940358,627995.187527
0,1,2,1,9.938382,627836.169200
0,1,2,1,9.936407,627708.251105
0,1,2,1,9.934433,627589.791299
0,1,2,1,9.932459,627524.095168
0,1,2,1,9.930487,627510.940659
0,1,2,1,9.928515,627438.268970
0,1,2,1,9.926544,627150.038432
0,1,2,1,9.924573,626893.077386
0,1,2,1,9.922604,626851.479713
0,1,2,1,9.920635,626740.189918
0,1,2,1,9.918667,626619.975500
0,1,2,1,9.916700,626480.410853
0,1,2,1,9.914733,626366.220643
0,1,2,1,9.912768,626308.299505
0,1,2,1,9.910803,626266.934068
0,1,2,1,9.908839,626255.275779
0,1,2,1,9.906875,626109.101492
0,1,2,1,9.904913,625998.324306
0,1,2,1,9.902951,625949.027779
0,1,2,1,9.900990,625715.673113
0,1,2,1,9.899030,625678.717327
0,1,2,1,9.897070,625592.113295
0,1,2,1,9.895112,625486.809669
0,1,2,1,9.893154,625306.725666
0,1,2,1,9.891197,625180.674410
0,1,2,1,9.889241,624923.305231
0,1,2,1,9.887285,624913.400459
0,1,2,1,9.885330,624718.555756
0,1,2,1,9.883376,624631.655780
0,1,2,1,9.881423,624451.070856
0,1,2,1,9.879470,624299.538087
0,1,2,1,9.877519,624247.264634
0,1,2,1,9.875568,624097.685460
0,1,2,1,9.873618,624066.032405
0,1,2,1,9.871668,623752.135912
0,1,2,1,9.869720,623655.548644
0,1,2,1,9.867772,623627.071014
0,1,2,1,9.865825,623444.089182
0,1,2,1,9.863878,622996.392112
0,1,2,1,9.861933,622972.325573
0,1,2,1,9.859988,622864.198933
0,1,2,1,9.858044,622799.787445
0,1,2,1,9.856101,622527.484642
0,1,2,1,9.854158,622524.793627
0,1,2,1,9.852217,622381.703937
0,1,2,1,9.850276,622255.220394
0,1,2,1,9.848336,622155.524728
0,1,2,1,9.846396,622117.723360
0,1,2,1,9.844458,622116.408899
0,1,2,1,9.842520,622013.240515
0,1,2,1,9.840583,621872.954212
0,1,2,1,9.838646,621758.318639
0,1,2,1,9.836711,621754.749951
0,1,2,1,9.834776,621753.227043
0,1,2,1,9.832842,621650.848131
0,1,2,1,9.830908,621604.644481
0,1,2,1,9.828976,621455.226651
0,1,2,1,9.827044,621311.215312
0,1,2,1,9.825113,621282.543125
0,1,2,1,9.823183,621210.336976
0,1,2,1,9.821253,621123.267537
0,1,2,1,9.819324,620984.191921
0,1,2,1,9.817396,620897.090937
0,1,2,1,9.815469,620874.050079
0,1,2,1,9.813543,620773.523928
0,1,2,1,9.811617,620689.980970
0,1,2,1,9.809692,620637.728960
0,1,2,1,9.807768,620377.348002
0,1,2,1,9.805844,620343.990436
0,1,2,1,9.803922,620312.738987
0,1,2,1,9.802000,619927.640932
0,1,2,1,9.800078,619858.701989
0,1,2,1,9.798158,619797.044204
0,1,2,1,9.796238,619772.023829
0,1,2,1,9.794319,619751.848344
0,1,2,1,9.792401,619492.343727
0,1,2,1,9.790484,619270.592842
0,1,2,1,9.788567,619221.185721
0,1,2,1,9.786651,619213.060663
0,1,2,1,9.784736,618942.963474
0,1,2,1,9.782821,618862.854794
0,1,2,1,9.780908,618834.826455
0,1,2,1,9.778995,618737.881962
0,1,2,1,9.777083,618734.410176
0,1,2,1,9.775171,618304.884565
0,1,2,1,9.773260,618269.730760
0,1,2,1,9.771350,618265.041168
0,1,2,1,9.769441,618212.292117
0,1,2,1,9.767533,618143.718566
0,1,2,1,9.765625,617351.494172
0,1,2,1,9.763718,617224.850672
0,1,2,1,9.761812,617148.368663
0,1,2,1,9.759906,617139.614161
0,1,2,1,9.758002,617128.118436
0,1,2,1,9.756098,617104.959678
0,1,2,1,9.754194,616984.090607
0,1,2,1,9.752292,616889.525432
0,1,2,1,9.750390,616384.088326
0,1,2,1,9.748489,616296.969652
0,1,2,1,9.746589,616178.119500
0,1,2,1,9.744689,616113.307897
0,1,2,1,9.742790,616048.197185
0,1,2,1,9.740892,615731.431559
0,1,2,1,9.738995,615522.452101
0,1,2,1,9.737098,615203.549930
0,1,2,1,9.735202,615115.290875
0,1,2,1,9.733307,615084.274758
0,1,2,1,9.731413,614953.432202
0,1,2,1,9.729519,614753.545047
0,1,2,1,9.727626,614705.085787
0,1,2,1,9.725734,614594.904558
0,1,2,1,9.723843,614505.292559
0,1,2,1,9.721952,614385.437933
0,1,2,1,9.720062,614284.759721
0,1,2,1,9.718173,614157.352778
0,1,2,1,9.716284,614003.474711
0,1,2,1,9.714397,613936.564544
0,1,2,1,9.712510,613732.990335
0,1,2,1,9.710623,613504.685021
0,1,2,1,9.708738,613402.284117
0,1,2,1,9.706853,613237.424220
0,1,2,1,9.704969,613090.236723
0,1,2,1,9.703086,612951.927824
0,1,2,1,9.701203,612942.052666
0,1,2,1,9.699321,612909.302627
0,1,2,1,9.697440,612888.843244
0,1,2,1,9.695559,612814.852305
0,1,2,1,9.693680,612802.108211
0,1,2,1,9.691801,612778.942216
0,1,2,1,9.689922,612751.088711
0,1,2,1,9.688045,612730.340057
0,1,2,1,9.686168,612730.225493
0,1,2,1,9.684292,612676.865688
0,1,2,1,9.682417,612607.579743
0,1,2,1,9.680542,612540.572116
0,1,2,1,9.678668,612417.399505
0,1,2,1,9.676795,612405.001697
0,1,2,1,9.674923,612152.880660
0,1,2,1,9.673051,611881.071178
0,1,2,1,9.671180,611783.882667
0,1,2,1,9.669310,611485.878691
0,1,2,1,9.667440,611425.575556
0,1,2,1,9.665571,611357.872453
0,1,2,1,9.663703,611223.983071
0,1,2,1,9.661836,611005.177313
0,1,2,1,9.659969,610907.184523
0,1,2,1,9.658103,610846.849734
0,1,2,1,9.656238,610732.914352
0,1,2,1,9.654373,610667.991691
0,1,2,1,9.652510,610605.599674
0,1,2,1,9.650647,610560.342547
0,1,2,1,9.648784,610556.519384
0,1,2,1,9.646923,610552.248212
0,1,2,1,9.645062,610163.482957
0,1,2,1,9.643202,610106.116407
0,1,2,1,9.641342,609944.193097
0,1,2,1,9.639483,609781.431127
0,1,2,1,9.637625,609727.672746
0,1,2,1,9.635768,609544.573901
0,1,2,1,9.633911,609460.145267
0,1,2,1,9.632055,609421.228411
0,1,2,1,9.630200,609376.973143
0,1,2,1,9.628346,609340.439949
0,1,2,1,9.626492,609090.898937
0,1,2,1,9.624639,609069.199257
0,1,2,1,9.622787,608780.206424
0,1,2,1,9.620935,608635.209379
0,1,2,1,9.619084,608602.052336
0,1,2,1,9.617234,608594.396451
0,1,2,1,9.615385,608572.649478
0,1,2,1,9.613536,608444.351631
0,1,2,1,9.611688,608335.841215
0,1,2,1,9.609840,607993.120333
0,1,2,1,9.607994,607917.720128
0,1,2,1,9.606148,607815.688076
0,1,2,1,9.604303,607680.763849
0,1,2,1,9.602458,607668.811359
0,1,2,1,9.600614,607660.045851
0,1,2,1,9.598771,607513.321225
0,1,2,1,9.596929,607452.962413
0,1,2,1,9.595087,607390.093675
0,1,2,1,9.593246,607375.969545
0,1,2,1,9.591406,607335.973300
0,1,2,1,9.589567,607323.002828
0,1,2,1,9.587728,607316.921467
0,1,2,1,9.585890,607300.200292
0,1,2,1,9.584052,607189.939550
0,1,2,1,9.582215,607185.132640
0,1,2,1,9.580379,607092.637959
0,1,2,1,9.578544,606933.608374
0,1,2,1,9.576709,606894.794997
0,1,2,1,9.574876,606742.389271
0,1,2,1,9.573042,606351.966918
0,1,2,1,9.571210,606335.050039
0,1,2,1,9.569378,606043.026570
0,1,2,1,9.567547,606020.297499
0,1,2,1,9.565716,606003.116189
0,1,2,1,9.563887,605979.627804
0,1,2,1,9.562058,605926.217655
0,1,2,1,9.560229,605911.323575
0,1,2,1,9.558402,605490.235834
0,1,2,1,9.556575,605442.171739
0,1,2,1,9.554749,605411.556052
0,1,2,1,9.552923,605286.790735
0,1,2,1,9.551098,605271.588318
0,1,2,1,9.549274,605126.325371
0,1,2,1,9.547451,605099.175152
0,1,2,1,9.545628,604825.949878
0,1,2,1,9.543806,604768.725334
0,1,2,1,9.541985,604762.285035
0,1,2,1,9.540164,604668.921318
0,1,2,1,9.538344,604629.296392
0,1,2,1,9.536525,604584.918732
0,1,2,1,9.534706,604532.207003
0,1,2,1,9.532888,604461.366463
0,1,2,1,9.531071,604425.423629
0,1,2,1,9.529255,604380.805237
0,1,2,1,9.527439,604363.186901
0,1,2,1,9.525624,604334.352155
0,1,2,1,9.523810,604252.662772
0,1,2,1,9.521996,604079.056902
0,1,2,1,9.520183,604019.697680
0,1,2,1,9.518370,604006.899901
0,1,2,1,9.516559,603984.789146
0,1,2,1,9.514748,603857.407733
0,1,2,1,9.512938,603680.367399
0,1,2,1,9.511128,603533.828240
0,1,2,1,9.509319,603512.162407
0,1,2,1,9.507511,603419.796936
0,1,2,1,9.505703,603410.178225
0,1,2,1,9.503897,603296.472021
0,1,2,1,9.502090,603115.081265
0,1,2,1,9.500285,603094.220073
0,1,2,1,9.498480,602894.495138
0,1,2,1,9.496676,602649.341988
0,1,2,1,9.494873,602606.064460
0,1,2,1,9.493070,602595.176273
0,1,2,1,9.491268,602573.067995
0,1,2,1,9.489467,602493.158569
0,1,2,1,9.487666,602395.465446
0,1,2,1,9.485866,602173.889237
0,1,2,1,9.484067,602036.660381
0,1,2,1,9.482268,601956.784901
0,1,2,1,9.480470,601794.403654
0,1,2,1,9.478673,601771.496973
0,1,2,1,9.476876,601731.579363
0,1,2,1,9.475081,601717.942014
0,1,2,1,9.473285,601658.897739
0,1,2,1,9.471491,601656.845985
0,1,2,1,9.469697,601647.277415
0,1,2,1,9.467904,601540.250098
0,1,2,1,9.466111,601320.145312
0,1,2,1,9.464320,601239.306385
0,1,2,1,9.462528,601184.205524
0,1,2,1,9.460738,600904.663000
0,1,2,1,9.458948,600825.400168
0,1,2,1,9.457159,600029.029948
0,1,2,1,9.455371,600022.277316
0,1,2,1,9.453583,599894.649227
0,1,2,1,9.451796,599594.672851
0,1,2,1,9.450009,599450.961560
0,1,2,1,9.448224,599435.119013
0,1,2,1,9.446439,599302.357709
0,1,2,1,9.444654,599148.953267
0,1,2,1,9.442871,599142.016190
0,1,2,1,9.441088,599039.961129
0,1,2,1,9.439305,598829.255550
0,1,2,1,9.437524,598770.289844
0,1,2,1,9.435743,598735.025032
0,1,2,1,9.433962,598582.880012
0,1,2,1,9.432183,598537.135778
0,1,2,1,9.430404,598375.962988
0,1,2,1,9.428625,598130.697330
0,1,2,1,9.426848,598094.724270
0,1,2,1,9.425071,598067.841775
0,1,2,1,9.423294,597972.314025
0,1,2,1,9.421519,597857.758181
0,1,2,1,9.419744,597706.102649
0,1,2,1,9.417969,597589.756824
0,1,2,1,9.416196,597541.737160
0,1,2,1,9.414423,597530.680238
0,1,2,1,9.412651,597359.599816
0,1,2,1,9.410879,597258.453707
0,1,2,1,9.409108,597180.482072
0,1,2,1,9.407338,597174.133035
0,1,2,1,9.405568,597071.181797
0,1,2,1,9.403799,597033.407257
0,1,2,1,9.402031,597007.974381
0,1,2,1,9.400263,596859.717879
0,1,2,1,9.398496,596852.060765
0,1,2,1,9.396730,596850.495283
0,1,2,1,9.394964,596841.068181
0,1,2,1,9.393199,596713.650584
0,1,2,1,9.391435,596523.744872
0,1,2,1,9.389671,596512.964868
0,1,2,1,9.387908,596493.899671
0,1,2,1,9.386146,596457.181830
0,1,2,1,9.384384,596423.702695
0,1,2,1,9.382623,596406.086586
0,1,2,1,9.380863,596362.724708
0,1,2,1,9.379103,596341.660526
0,1,2,1,9.377344,596225.487790
0,1,2,1,9.375586,596098.432098
0,1,2,1,9.373828,595964.083455
0,1,2,1,9.372071,595921.432285
0,1,2,1,9.370315,595839.570674
0,1,2,1,9.368559,595700.975496
0,1,2,1,9.366804,595480.138479
0,1,2,1,9.365050,595343.381297
0,1,2,1,9.363296,595249.315006
0,1,2,1,9.361543,595231.199886
0,1,2,1,9.359790,595154.850483
0,1,2,1,9.358039,594965.362256
0,1,2,1,9.356287,594693.037309
0,1,2,1,9.354537,594657.118809
0,1,2,1,9.352787,594602.413947
0,1,2,1,9.351038,594473.612473
0,1,2,1,9.349289,594472.488543
0,1,2,1,9.347542,594369.775387
0,1,2,1,9.345794,594356.292534
0,1,2,1,9.344048,594281.649774
0,1,2,1,9.342302,594115.653056
0,1,2,1,9.340557,594062.167763
0,1,2,1,9.338812,593967.876520
0,1,2,1,9.337068,593847.073873
0,1,2,1,9.335325,593809.164790
0,1,2,1,9.333582,593773.258496
0,1,2,1,9.331840,593566.451786
0,1,2,1,9.330099,593508.073623
0,1,2,1,9.328358,593336.627957
0,1,2,1,9.326618,593212.087486
0,1,2,1,9.324879,593110.528518
0,1,2,1,9.323140,593105.254517
0,1,2,1,9.321402,593093.681094
0,1,2,1,9.319664,593028.224907
0,1,2,1,9.317928,593000.366021
0,1,2,1,9.316192,592837.389259
0,1,2,1,9.314456,592827.675086
0,1,2,1,9.312721,592716.763615
0,1,2,1,9.310987,592238.351429
0,1,2,1,9.309253,592050.901728
0,1,2,1,9.307520,591909.356418
0,1,2,1,9.305788,591838.204100
0,1,2,1,9.304057,591774.029106
0,1,2,1,9.302326,591548.390403
0,1,2,1,9.300595,591432.393206
0,1,2,1,9.298866,591115.990631
0,1,2,1,9.297136,591074.027789
0,1,2,1,9.295408,591053.891942
0,1,2,1,9.293680,590631.495785
0,1,2,1,9.291953,590415.522360
0,1,2,1,9.290227,590310.947176
0,1,2,1,9.288501,590156.694678
0,1,2,1,9.286776,590120.774492
0,1,2,1,9.285051,590098.092393
0,1,2,1,9.283327,590090.557572
0,1,2,1,9.281604,590017.772804
0,1,2,1,9.279881,589849.412362
0,1,2,1,9.278159,589845.381482
0,1,2,1,9.276438,589817.739659
0,1,2,1,9.274717,589779.018880
0,1,2,1,9.272997,589692.569962
0,1,2,1,9.271278,589691.384556
0,1,2,1,9.269559,589628.129644
0,1,2,1,9.267841,589446.849017
0,1,2,1,9.266123,589412.705098
0,1,2,1,9.264406,589211.925865
0,1,2,1,9.262690,589135.910834
0,1,2,1,9.260974,589094.825827
0,1,2,1,9.259259,588969.149226
0,1,2,1,9.257545,588811.579477
0,1,2,1,9.255831,588758.089431
0,1,2,1,9.254118,588724.313800
0,1,2,1,9.252406,588716.634557
0,1,2,1,9.250694,588632.185595
0,1,2,1,9.248983,588555.392713
0,1,2,1,9.247272,588488.041605
0,1,2,1,9.245562,588466.189833
0,1,2,1,9.243853,588463.937651
0,1,2,1,9.242144,588405.365237
0,1,2,1,9.240436,588371.474603
0,1,2,1,9.238729,587953.058207
0,1,2,1,9.237022,587881.457317
0,1,2,1,9.235316,587569.390021
0,1,2,1,9.233610,587451.519324
0,1,2,1,9.231905,587378.724088
0,1,2,1,9.230201,587186.829457
0,1,2,1,9.228498,587091.033502
0,1,2,1,9.226795,587078.241319
0,1,2,1,9.225092,587071.705702
0,1,2,1,9.223391,586881.817966
0,1,2,1,9.221689,586652.378975
0,1,2,1,9.219989,586512.204824
0,1,2,1,9.218289,586402.713069
0,1,2,1,9.216590,586212.973138
0,1,2,1,9.214891,586141.185548
0,1,2,1,9.213193,586005.668153
0,1,2,1,9.211496,585898.189384
0,1,2,1,9.209799,585889.903863
0,1,2,1,9.208103,585583.239868
0,1,2,1,9.206408,585487.944600
0,1,2,1,9.204713,585487.205806
0,1,2,1,9.203019,585152.272850
0,1,2,1,9.201325,585003.281967
0,1,2,1,9.199632,584873.390514
0,1,2,1,9.197940,584756.882228
0,1,2,1,9.196248,584729.399283
0,1,2,1,9.194557,584550.890990
0,1,2,1,9.192866,584498.586161
0,1,2,1,9.191176,584440.449557
0,1,2,1,9.189487,584294.693926
0,1,2,1,9.187799,584199.656472
0,1,2,1,9.186111,584135.994752
0,1,2,1,9.184423,584125.212196
0,1,2,1,9.182736,584009.640022
0,1,2,1,9.181050,583965.527357
0,1,2,1,9.179365,583898.179302
0,1,2,1,9.177680,583890.615581
0,1,2,1,9.175996,583679.602146
0,1,2,1,9.174312,583663.848738
0,1,2,1,9.172629,583468.486300
0,1,2,1,9.170946,583440.096197
0,1,2,1,9.169265,583423.438499
0,1,2,1,9.167583,583399.843038
0,1,2,1,9.165903,583376.593405
0,1,2,1,9.164223,583211.973326
0,1,2,1,9.162544,583158.095753
0,1,2,1,9.160865,583078.769068
0,1,2,1,9.159187,582886.492078
0,1,2,1,9.157509,582857.150716
0,1,2,1,9.155832,582816.778579
0,1,2,1,9.154156,582778.387990
0,1,2,1,9.152480,582647.821886
0,1,2,1,9.150805,582312.173608
0,1,2,1,9.149131,582093.177242
0,1,2,1,9.147457,581974.694276
0,1,2,1,9.145784,581965.590007
0,1,2,1,9.144111,581942.874712
0,1,2,1,9.142439,581856.354447
0,1,2,1,9.140768,581732.654976
0,1,2,1,9.139097,581677.913768
0,1,2,1,9.137427,581409.389863
0,1,2,1,9.135757,581388.660897
0,1,2,1,9.134088,581290.856298
0,1,2,1,9.132420,581281.445109
0,1,2,1,9.130752,581002.061355
0,1,2,1,9.129085,580994.251649
0,1,2,1,9.127419,580971.641247
0,1,2,1,9.125753,580965.440476
0,1,2,1,9.124088,580961.574740
0,1,2,1,9.122423,580870.808923
0,1,2,1,9.120759,580853.848221
0,1,2,1,9.119095,580713.240660
0,1,2,1,9.117433,580645.992195
0,1,2,1,9.115770,580392.043923
0,1,2,1,9.114109,580391.004889
0,1,2,1,9.112448,580226.600176
0,1,2,1,9.110787,580170.332300
0,1,2,1,9.109127,579962.470306
0,1,2,1,9.107468,579723.148689
0,1,2,1,9.105810,579570.576015
0,1,2,1,9.104151,579106.109623
0,1,2,1,9.102494,578989.365704
0,1,2,1,9.100837,578894.895882
0,1,2,1,9.099181,578788.090021
0,1,2,1,9.097525,578741.496447
0,1,2,1,9.095870,578691.983171
0,1,2,1,9.094216,578567.786945
0,1,2,1,9.092562,577959.184159
0,1,2,1,9.090909,577851.618080
0,1,2,1,9.089256,577706.420030
0,1,2,1,9.087605,577635.761286
0,1,2,1,9.085953,577615.168554
0,1,2,1,9.084302,577580.841273
0,1,2,1,9.082652,577405.778230
0,1,2,1,9.081003,577224.352167
0,1,2,1,9.079354,577219.964578
0,1,2,1,9.077705,577171.364154
0,1,2,1,9.076057,577117.507072
0,1,2,1,9.074410,577042.095347
0,1,2,1,9.072764,576870.849876
0,1,2,1,9.071118,576863.211256
0,1,2,1,9.069472,576852.879686
0,1,2,1,9.067827,576852.046108
0,1,2,1,9.066183,576715.355090
0,1,2,1,9.064540,576643.731952
0,1,2,1,9.062897,576631.748193
0,1,2,1,9.061254,576568.929433
0,1,2,1,9.059612,576540.956904
0,1,2,1,9.057971,576392.489553
0,1,2,1,9.056330,576087.092199
0,1,2,1,9.054690,575911.284411
0,1,2,1,9.053051,575801.252060
0,1,2,1,9.051412,575567.945506
0,1,2,1,9.049774,575511.284367
0,1,2,1,9.048136,575443.282470
0,1,2,1,9.046499,575377.234141
0,1,2,1,9.044863,575281.702998
0,1,2,1,9.043227,575076.297864
0,1,2,1,9.041591,574896.353771
0,1,2,1,9.039957,574848.001187
0,1,2,1,9.038322,574728.293193
0,1,2,1,9.036689,574725.480558
0,1,2,1,9.035056,574570.791228
0,1,2,1,9.033424,574554.538282
0,1,2,1,9.031792,574495.947516
0,1,2,1,9.030161,574322.120645
0,1,2,1,9.028530,574268.030948
0,1,2,1,9.026900,574239.062493
0,1,2,1,9.025271,574092.766514
0,1,2,1,9.023642,574048.279220
0,1,2,1,9.022014,573994.165821
0,1,2,1,9.020386,573845.789170
0,1,2,1,9.018759,573698.551237
0,1,2,1,9.017133,573635.933532
0,1,2,1,9.015507,573498.339640
0,1,2,1,9.013881,573468.500239
0,1,2,1,9.012257,573440.062820
0,1,2,1,9.010633,573431.603582
0,1,2,1,9.009009,573385.877590
0,1,2,1,9.007386,573259.102410
0,1,2,1,9.005764,573183.055408
0,1,2,1,9.004142,573086.281922
0,1,2,1,9.002521,572999.499139
0,1,2,1,9.000900,572987.893968
0,1,2,1,8.999280,572641.069442
0,1,2,1,8.997661,572575.019084
0,1,2,1,8.996042,572471.099420
0,1,2,1,8.994423,572387.827719
0,1,2,1,8.992806,572366.197724
0,1,2,1,8.991189,572209.727885
0,1,2,1,8.989572,572140.294117
0,1,2,1,8.987956,572027.952649
0,1,2,1,8.986341,571929.413180
0,1,2,1,8.984726,571883.877763
0,1,2,1,8.983112,571585.733999
0,1,2,1,8.981498,571314.521063
0,1,2,1,8.979885,571310.459539
0,1,2,1,8.978273,570916.353777
0,1,2,1,8.976661,570894.087121
0,1,2,1,8.975049,570882.014268
0,1,2,1,8.973439,570860.525992
0,1,2,1,8.971828,570855.285487
0,1,2,1,8.970219,570779.955920
0,1,2,1,8.968610,570730.719030
0,1,2,1,8.967001,570524.635623
0,1,2,1,8.965394,570383.135177
0,1,2,1,8.963786,570288.087724
0,1,2,1,8.962180,570219.737562
0,1,2,1,8.960573,570217.015507
0,1,2,1,8.958968,570196.812089
0,1,2,1,8.957363,570153.375867
0,1,2,1,8.955759,569906.593269
0,1,2,1,8.954155,569769.030903
0,1,2,1,8.952551,569585.616424
0,1,2,1,8.950949,569553.609855
0,1,2,1,8.949347,569533.128201
0,1,2,1,8.947745,569509.044193
0,1,2,1,8.946144,569437.667755
0,1,2,1,8.944544,569207.752520
0,1,2,1,8.942944,569159.382291
0,1,2,1,8.941345,569096.110921
0,1,2,1,8.939746,569065.820985
0,1,2,1,8.938148,569006.696974
0,1,2,1,8.936550,568869.104428
0,1,2,1,8.934954,568767.662476
0,1,2,1,8.933357,568686.499035
0,1,2,1,8.931761,568583.628705
0,1,2,1,8.930166,568583.579987
0,1,2,1,8.928571,568258.485019
0,1,2,1,8.926977,568246.293384
0,1,2,1,8.925384,568091.124787
0,1,2,1,8.923791,567989.848476
0,1,2,1,8.922198,567824.120653
0,1,2,1,8.920607,567759.555351
0,1,2,1,8.919015,567642.993325
0,1,2,1,8.917425,567637.621403
0,1,2,1,8.915835,567570.977275
0,1,2,1,8.914245,567560.138655
0,1,2,1,8.912656,567528.077510
0,1,2,1,8.911068,567416.983904
0,1,2,1,8.909480,567384.593142
0,1,2,1,8.907892,567384.383920
0,1,2,1,8.906306,567325.326181
0,1,2,1,8.904720,567187.842320
0,1,2,1,8.903134,566893.741534
0,1,2,1,8.901549,566303.732387
0,1,2,1,8.899964,566264.110258
0,1,2,1,8.898380,566204.286694
0,1,2,1,8.896797,566171.363774
0,1,2,1,8.895214,566106.634235
0,1,2,1,8.893632,566039.207866
0,1,2,1,8.892051,565960.289592
0,1,2,1,8.890469,565826.324181
0,1,2,1,8.888889,565707.738193
0,1,2,1,8.887309,565699.469534
0,1,2,1,8.885730,565681.354134
0,1,2,1,8.884151,565615.597535
0,1,2,1,8.882572,565568.104355
0,1,2,1,8.880995,565482.043135
0,1,2,1,8.879418,565477.198288
0,1,2,1,8.877841,565347.602099
0,1,2,1,8.876265,565327.913090
0,1,2,1,8.874689,565087.393761
0,1,2,1,8.873114,564661.412118
0,1,2,1,8.871540,564646.033007
0,1,2,1,8.869966,564579.988882
0,1,2,1,8.868393,564574.025200
0,1,2,1,8.866820,564554.261368
0,1,2,1,8.865248,564512.968574
0,1,2,1,8.863677,564404.375707
0,1,2,1,8.862106,564337.486368
0,1,2,1,8.860535,564323.257272
0,1,2,1,8.858965,564287.098678
0,1,2,1,8.857396,564259.775172
0,1,2,1,8.855827,564252.148007
0,1,2,1,8.854259,564110.000016
0,1,2,1,8.852691,564089.568094
0,1,2,1,8.851124,564074.958958
0,1,2,1,8.849558,564051.738986
0,1,2,1,8.847992,564016.299541
0,1,2,1,8.846426,563996.026681
0,1,2,1,8.844861,563687.454533
0,1,2,1,8.843297,563659.129028
0,1,2,1,8.841733,563215.147704
0,1,2,1,8.840170,563183.486448
0,1,2,1,8.838607,563061.834018
0,1,2,1,8.837045,562935.253429
0,1,2,1,8.835483,562654.956129
0,1,2,1,8.833922,562651.036262
0,1,2,1,8.832362,562193.816167
0,1,2,1,8.830802,562187.593672
0,1,2,1,8.829242,562012.648138
0,1,2,1,8.827684,561995.842519
0,1,2,1,8.826125,561846.911544
0,1,2,1,8.824568,561820.181389
0,1,2,1,8.823010,561767.154207
0,1,2,1,8.821454,561727.962024
0,1,2,1,8.819898,561577.975154
0,1,2,1,8.818342,561431.335368
0,1,2,1,8.816787,561427.699024
0,1,2,1,8.815233,561423.162507
0,1,2,1,8.813679,561333.358659
0,1,2,1,8.812125,561104.534606
0,1,2,1,8.810573,561017.595519
0,1,2,1,8.809020,560959.245308
0,1,2,1,8.807469,560840.437318
0,1,2,1,8.805918,560725.303364
0,1,2,1,8.804367,560705.447165
0,1,2,1,8.802817,560666.334357
0,1,2,1,8.801267,560661.881290
0,1,2,1,8.799718,560562.874659
0,1,2,1,8.798170,560555.252546
0,1,2,1,8.796622,560524.463215
0,1,2,1,8.795075,560479.679971
0,1,2,1,8.793528,560411.250108
0,1,2,1,8.791982,560400.570230
0,1,2,1,8.790436,560255.463123
0,1,2,1,8.788891,560132.462115
0,1,2,1,8.787346,560087.166952
0,1,2,1,8.785802,560021.300628
0,1,2,1,8.784259,559994.451393
0,1,2,1,8.782716,559991.705696
0,1,2,1,8.781173,559990.195998
0,1,2,1,8.779631,559817.600498
0,1,2,1,8.778090,559601.286377
0,1,2,1,8.776549,559506.881372
0,1,2,1,8.775009,559456.987860
0,1,2,1,8.773469,559412.124259
0,1,2,1,8.771930,559193.578286
0,1,2,1,8.770391,559119.414923
0,1,2,1,8.768853,559111.945555
0,1,2,1,8.767315,558744.436151
0,1,2,1,8.765778,558707.400824
0,1,2,1,8.764242,558515.118958
0,1,2,1,8.762706,558464.430786
0,1,2,1,8.761170,558050.288211
0,1,2,1,8.759636,558013.029825
0,1,2,1,8.758101,558005.567650
0,1,2,1,8.756567,557972.990262
0,1,2,1,8.755034,557899.143794
0,1,2,1,8.753501,557750.944327
0,1,2,1,8.751969,557651.400717
0,1,2,1,8.750438,557596.425794
0,1,2,1,8.748906,557419.375130
0,1,2,1,8.747376,557316.817235
0,1,2,1,8.745846,557216.187905
0,1,2,1,8.744316,557178.563282
0,1,2,1,8.742787,557153.297708
0,1,2,1,8.741259,556967.084700
0,1,2,1,8.739731,556964.216500
0,1,2,1,8.738203,556963.659484
0,1,2,1,8.736677,556624.130910
0,1,2,1,8.735150,556193.599471
0,1,2,1,8.733624,556099.781048
0,1,2,1,8.732099,555982.953570
0,1,2,1,8.730574,555963.902350
0,1,2,1,8.729050,555777.510086
0,1,2,1,8.727527,555727.194040
0,1,2,1,8.726003,555673.687104
0,1,2,1,8.724481,555475.579505
0,1,2,1,8.722959,555468.994549
0,1,2,1,8.721437,555347.348332
0,1,2,1,8.719916,555172.743312
0,1,2,1,8.718396,555002.628984
0,1,2,1,8.716876,554945.426346
0,1,2,1,8.715356,554772.853625
0,1,2,1,8.713838,554633.325733
0,1,2,1,8.712319,554237.879293
0,1,2,1,8.710801,554145.830092
0,1,2,1,8.709284,553821.508789
0,1,2,1,8.707767,553813.718627
0,1,2,1,8.706251,553811.721704
0,1,2,1,8.704735,553671.730603
0,1,2,1,8.703220,553651.418240
0,1,2,1,8.701706,553575.652005
0,1,2,1,8.700191,553505.116877
0,1,2,1,8.698678,553454.578550
0,1,2,1,8.697165,553376.409755
0,1,2,1,8.695652,553350.323739
0,1,2,1,8.694140,553239.435029
0,1,2,1,8.692629,553238.458397
0,1,2,1,8.691118,553181.717849
0,1,2,1,8.689607,553127.358477
0,1,2,1,8.688097,553061.360210
0,1,2,1,8.686588,553056.677776
0,1,2,1,8.685079,553051.912219
0,1,2,1,8.683571,553011.160318
0,1,2,1,8.682063,552948.137712
0,1,2,1,8.680556,552870.921074
0,1,2,1,8.679049,552827.819352
0,1,2,1,8.677543,552732.709387
0,1,2,1,8.676037,552573.424116
0,1,2,1,8.674532,552522.866932
0,1,2,1,8.673027,552380.712215
0,1,2,1,8.671523,552328.743305
0,1,2,1,8.670019,552267.768107
0,1,2,1,8.668516,552245.999120
0,1,2,1,8.667013,552220.782964
0,1,2,1,8.665511,552153.766060
0,1,2,1,8.664010,552006.242153
0,1,2,1,8.662509,551900.432371
0,1,2,1,8.661008,551886.673250
0,1,2,1,8.659508,551849.894500
0,1,2,1,8.658009,551816.585264
0,1,2,1,8.656510,551813.276922
0,1,2,1,8.655011,551723.076137
0,1,2,1,8.653513,551659.778356
0,1,2,1,8.652016,551646.650594
0,1,2,1,8.650519,551474.651173
0,1,2,1,8.649023,551379.777429
0,1,2,1,8.647527,551233.165659
0,1,2,1,8.646031,551229.699909
0,1,2,1,8.644537,551212.083059
0,1,2,1,8.643042,551103.310306
0,1,2,1,8.641549,551002.784628
0,1,2,1,8.640055,550791.606239
0,1,2,1,8.638563,550721.112780
0,1,2,1,8.637070,550651.920687
0,1,2,1,8.635579,550634.543160
0,1,2,1,8.634087,550461.078596
0,1,2,1,8.632597,550332.450380
0,1,2,1,8.631107,550256.601057
0,1,2,1,8.629617,550130.579020
0,1,2,1,8.628128,550057.070636
0,1,2,1,8.626639,550002.699456
0,1,2,1,8.625151,549971.076599
0,1,2,1,8.623663,549914.064578
0,1,2,1,8.622176,549904.240970
0,1,2,1,8.620690,549752.126966
0,1,2,1,8.619204,549514.808769
0,1,2,1,8.617718,549431.943185
0,1,2,1,8.616233,549307.779193
0,1,2,1,8.614748,549188.521389
0,1,2,1,8.613264,549073.709595
0,1,2,1,8.611781,549046.638676
0,1,2,1,8.610298,548787.986706
0,1,2,1,8.608815,548772.773553
0,1,2,1,8.607333,548702.152866
0,1,2,1,8.605852,548677.838257
0,1,2,1,8.604371,548611.305577
0,1,2,1,8.602891,548391.761704
0,1,2,1,8.601411,548313.205957
0,1,2,1,8.599931,548192.271630
0,1,2,1,8.598452,548171.113300
0,1,2,1,8.596974,548006.447154
0,1,2,1,8.595496,547959.663206
0,1,2,1,8.594019,547940.511544
0,1,2,1,8.592542,547934.522562
0,1,2,1,8.591065,547931.279286
0,1,2,1,8.589589,547883.789190
0,1,2,1,8.588114,547867.402198
0,1,2,1,8.586639,547801.424359
0,1,2,1,8.585165,547703.352694
0,1,2,1,8.583691,547694.230382
0,1,2,1,8.582218,547650.293839
0,1,2,1,8.580745,547611.028447
0,1,2,1,8.579272,547586.995553
0,1,2,1,8.577801,547579.982913
0,1,2,1,8.576329,547575.464074
0,1,2,1,8.574859,547433.370942
0,1,2,1,8.573388,547337.913633
0,1,2,1,8.571918,547235.494763
0,1,2,1,8.570449,547223.561486
0,1,2,1,8.568980,547194.197840
0,1,2,1,8.567512,546885.923558
0,1,2,1,8.566044,546881.065417
0,1,2,1,8.564577,546831.621183
0,1,2,1,8.563110,546743.676318
0,1,2,1,8.561644,546705.727122
0,1,2,1,8.560178,546616.783031
0,1,2,1,8.558713,546590.563771
0,1,2,1,8.557248,546589.198951
0,1,2,1,8.555784,546555.823603
0,1,2,1,8.554320,546462.598116
0,1,2,1,8.552857,546353.627009
0,1,2,1,8.551394,546311.732330
0,1,2,1,8.549932,546208.258489
0,1,2,1,8.548470,546183.901701
0,1,2,1,8.547009,546126.197174
0,1,2,1,8.545548,546108.118355
0,1,2,1,8.544087,546035.051802
0,1,2,1,8.542628,545933.272216
0,1,2,1,8.541168,545894.964295
0,1,2,1,8.539710,545705.480276
0,1,2,1,8.538251,545622.401496
0,1,2,1,8.536794,545571.306037
0,1,2,1,8.535336,545445.970828
0,1,2,1,8.533880,545373.838358
0,1,2,1,8.532423,545318.923463
0,1,2,1,8.530967,545311.264178
0,1,2,1,8.529512,545160.066485
0,1,2,1,8.528057,544825.843864
0,1,2,1,8.526603,544760.559614
0,1,2,1,8.525149,544747.519115
0,1,2,1,8.523696,544649.358044
0,1,2,1,8.522243,544524.810784
0,1,2,1,8.520791,544471.784881
0,1,2,1,8.519339,544438.215043
0,1,2,1,8.517888,544299.210049
0,1,2,1,8.516437,544116.418344
0,1,2,1,8.514986,544004.458053
0,1,2,1,8.513537,543769.888064
0,1,2,1,8.512087,543633.766285
0,1,2,1,8.510638,543615.858108
0,1,2,1,8.509190,543525.834610
0,1,2,1,8.507742,543476.589925
0,1,2,1,8.506295,543335.984434
0,1,2,1,8.504848,543251.253880
0,1,2,1,8.503401,543181.444777
0,1,2,1,8.501955,543013.132392
0,1,2,1,8.500510,542898.949723
0,1,2,1,8.499065,542889.164066
0,1,2,1,8.497621,542879.369926
0,1,2,1,8.496177,542860.979632
0,1,2,1,8.494733,542822.722521
0,1,2,1,8.493290,542805.201957
0,1,2,1,8.491848,542775.494039
0,1,2,1,8.490406,542673.565412
0,1,2,1,8.488964,542605.382315
0,1,2,1,8.487523,542538.957616
0,1,2,1,8.486083,542405.167758
0,1,2,1,8.484643,542343.010832
0,1,2,1,8.483203,542145.214834
0,1,2,1,8.481764,542092.046513
0,1,2,1,8.480326,541981.575664
0,1,2,1,8.478888,541977.110054
0,1,2,1,8.477450,541857.105294
0,1,2,1,8.476013,541591.772005
0,1,2,1,8.474576,541520.375952
0,1,2,1,8.473140,541514.909290
0,1,2,1,8.471705,541395.754170
0,1,2,1,8.470269,541365.441761
0,1,2,1,8.468835,541220.880582
0,1,2,1,8.467401,541195.909459
0,1,2,1,8.465967,540884.474880
0,1,2,1,8.464534,540716.988684
0,1,2,1,8.463101,540649.613826
0,1,2,1,8.461669,540522.891204
0,1,2,1,8.460237,540472.358499
0,1,2,1,8.458806,540438.891843
0,1,2,1,8.457375,540237.575170
0,1,2,1,8.455945,540182.318444
0,1,2,1,8.454515,540088.919931
0,1,2,1,8.453085,539846.806704
0,1,2,1,8.451657,539764.528324
0,1,2,1,8.450228,539699.718675
0,1,2,1,8.448800,539665.124796
0,1,2,1,8.447373,539596.242978
0,1,2,1,8.445946,539471.481053
0,1,2,1,8.444520,539283.165328
0,1,2,1,8.443094,539280.883870
0,1,2,1,8.441668,538980.751807
0,1,2,1,8.440243,538924.787358
0,1,2,1,8.438819,538889.027704
0,1,2,1,8.437395,538888.414092
0,1,2,1,8.435971,538858.528786
0,1,2,1,8.434548,538744.921331
0,1,2,1,8.433125,538510.615983
0,1,2,1,8.431703,538405.312910
0,1,2,1,8.430282,538350.849392
0,1,2,1,8.428860,538091.338781
0,1,2,1,8.427440,537992.903587
0,1,2,1,8.426020,537985.099267
0,1,2,1,8.424600,537964.483418
0,1,2,1,8.423181,537760.397700
0,1,2,1,8.421762,537553.397950
0,1,2,1,8.420344,537475.456267
0,1,2,1,8.418926,537290.184975
0,1,2,1,8.417508,537092.996082
0,1,2,1,8.416092,537068.252073
0,1,2,1,8.414675,537050.272094
0,1,2,1,8.413259,536921.619222
0,1,2,1,8.411844,536910.118066
0,1,2,1,8.410429,536837.448891
0,1,2,1,8.409014,536817.980634
0,1,2,1,8.407600,536591.364127
0,1,2,1,8.406187,536507.741019
0,1,2,1,8.404774,536502.607186
0,1,2,1,8.403361,536471.840235
0,1,2,1,8.401949,536390.030936
0,1,2,1,8.400538,536039.370494
0,1,2,1,8.399126,535945.846481
0,1,2,1,8.397716,535874.040567
0,1,2,1,8.396306,535854.036330
0,1,2,1,8.394896,535721.060230
0,1,2,1,8.393487,535663.972591
0,1,2,1,8.392078,535494.876379
0,1,2,1,8.390670,534969.774439
0,1,2,1,8.389262,534851.352241
0,1,2,1,8.387854,534686.539786
0,1,2,1,8.386448,534585.070432
0,1,2,1,8.385041,534437.179760
0,1,2,1,8.383635,534332.458490
0,1,2,1,8.382230,534304.354498
0,1,2,1,8.380825,534222.063195
0,1,2,1,8.379420,534187.976000
0,1,2,1,8.378016,534132.389063
0,1,2,1,8.376612,533864.495333
0,1,2,1,8.375209,533688.133535
0,1,2,1,8.373807,533555.239858
0,1,2,1,8.372405,533246.759440
0,1,2,1,8.371003,533157.032615
0,1,2,1,8.369602,533068.685577
0,1,2,1,8.368201,533016.428729
0,1,2,1,8.366801,532945.765055
0,1,2,1,8.365401,532830.442654
0,1,2,1,8.364001,532800.489078
0,1,2,1,8.362602,532667.068971
0,1,2,1,8.361204,532653.833547
0,1,2,1,8.359806,532625.569757
0,1,2,1,8.358409,532596.702009
0,1,2,1,8.357012,532553.718516
0,1,2,1,8.355615,532439.427900
0,1,2,1,8.354219,532409.598069
0,1,2,1,8.352823,532330.123305
0,1,2,1,8.351428,532324.484943
0,1,2,1,8.350033,532297.398915
0,1,2,1,8.348639,532155.897439
0,1,2,1,8.347245,532131.379282
0,1,2,1,8.345852,532017.385284
0,1,2,1,8.344459,532011.664413
0,1,2,1,8.343067,531958.373086
0,1,2,1,8.341675,531864.080966
0,1,2,1,8.340284,531825.356396
0,1,2,1,8.338893,531646.320926
0,1,2,1,8.337502,531641.873314
0,1,2,1,8.336112,531586.951490
0,1,2,1,8.334722,531480.984161
0,1,2,1,8.333333,531475.649004
0,1,2,1,8.331945,531317.240541
0,1,2,1,8.330556,531296.326974
0,1,2,1,8.329169,531246.797350
0,1,2,1,8.327781,531207.077452
0,1,2,1,8.326395,531101.453232
0,1,2,1,8.325008,530939.214906
0,1,2,1,8.323622,530885.774176
0,1,2,1,8.322237,530869.613354
0,1,2,1,8.320852,530661.098847
0,1,2,1,8.319468,530630.233390
0,1,2,1,8.318084,530386.875852
0,1,2,1,8.316700,530342.205615
0,1,2,1,8.315317,530282.114020
0,1,2,1,8.313934,530269.325702
0,1,2,1,8.312552,530152.822688
0,1,2,1,8.311170,530116.934454
0,1,2,1,8.309789,529894.116761
0,1,2,1,8.308408,529859.395467
0,1,2,1,8.307028,529762.678496
0,1,2,1,8.305648,529753.327586
0,1,2,1,8.304268,529648.196260
0,1,2,1,8.302889,529481.361202
0,1,2,1,8.301511,529408.343605
0,1,2,1,8.300133,529245.938935
0,1,2,1,8.298755,529094.438156
0,1,2,1,8.297378,528931.885739
0,1,2,1,8.296001,528859.759112
0,1,2,1,8.294625,528788.419416
0,1,2,1,8.293249,528753.569843
0,1,2,1,8.291874,528731.296685
0,1,2,1,8.290499,528693.389479
0,1,2,1,8.289125,528661.597830
0,1,2,1,8.287751,528643.176869
0,1,2,1,8.286377,528524.958243
0,1,2,1,8.285004,528458.355207
0,1,2,1,8.283632,528259.737499
0,1,2,1,8.282259,528238.691429
0,1,2,1,8.280888,528157.789841
0,1,2,1,8.279516,528054.541468
0,1,2,1,8.278146,527993.328152
0,1,2,1,8.276775,527851.121291
0,1,2,1,8.275405,527562.670465
0,1,2,1,8.274036,527499.777281
0,1,2,1,8.272667,527376.483594
0,1,2,1,8.271299,527306.928787
0,1,2,1,8.269931,527300.766714
0,1,2,1,8.268563,527270.066733
0,1,2,1,8.267196,527261.848744
0,1,2,1,8.265829,527260.333935
0,1,2,1,8.264463,527127.315487
0,1,2,1,8.263097,527123.799722
0,1,2,1,8.261732,526958.860473
0,1,2,1,8.260367,526933.839203
0,1,2,1,8.259002,526750.231890
0,1,2,1,8.257638,526688.247168
0,1,2,1,8.256275,526546.042588
0,1,2,1,8.254912,526491.147219
0,1,2,1,8.253549,526479.775787
0,1,2,1,8.252187,526355.863399
0,1,2,1,8.250825,526346.504151
0,1,2,1,8.249464,526270.774330
0,1,2,1,8.248103,526261.237519
0,1,2,1,8.246743,526114.011909
0,1,2,1,8.245383,525740.468781
0,1,2,1,8.244023,525730.694318
0,1,2,1,8.242664,525710.569823
0,1,2,1,8.241305,525682.988414
0,1,2,1,8.239947,525653.630679
0,1,2,1,8.238590,525483.369491
0,1,2,1,8.237232,525416.476207
0,1,2,1,8.235875,525389.763132
0,1,2,1,8.234519,525285.342795
0,1,2,1,8.233163,525033.817205
0,1,2,1,8.231808,524958.773315
0,1,2,1,8.230453,524630.597274
0,1,2,1,8.229098,524332.661362
0,1,2,1,8.227744,524320.492931
0,1,2,1,8.226390,524228.842313
0,1,2,1,8.225037,524224.106661
0,1,2,1,8.223684,524086.838457
0,1,2,1,8.222332,523998.190448
0,1,2,1,8.220980,523920.278924
0,1,2,1,8.219628,523843.394877
0,1,2,1,8.218277,523621.640706
0,1,2,1,8.216927,523466.472533
0,1,2,1,8.215577,523408.169358
0,1,2,1,8.214227,523394.492782
0,1,2,1,8.212878,523323.063587
0,1,2,1,8.211529,523247.667219
0,1,2,1,8.210181,523038.037307
0,1,2,1,8.208833,523009.307637
0,1,2,1,8.207485,522995.098896
0,1,2,1,8.206138,522822.047828
0,1,2,1,8.204792,522716.149873
0,1,2,1,8.203445,522704.635808
0,1,2,1,8.202100,522666.678441
0,1,2,1,8.200754,522613.059491
0,1,2,1,8.199410,522306.965802
0,1,2,1,8.198065,522246.748212
0,1,2,1,8.196721,522212.888100
0,1,2,1,8.195378,522159.936549
0,1,2,1,8.194035,522086.029778
0,1,2,1,8.192692,522022.507841
0,1,2,1,8.191350,521982.080412
0,1,2,1,8.190008,521943.544062
0,1,2,1,8.188667,521925.429803
0,1,2,1,8.187326,521911.139042
0,1,2,1,8.185986,521871.267368
0,1,2,1,8.184646,521804.764071
0,1,2,1,8.183306,521777.295453
0,1,2,1,8.181967,521773.295689
0,1,2,1,8.180628,521766.475001
0,1,2,1,8.179290,521760.719267
0,1,2,1,8.177952,521666.727808
0,1,2,1,8.176615,521664.281123
0,1,2,1,8.175278,521654.876180
0,1,2,1,8.173941,521540.917918
0,1,2,1,8.172605,521404.735880
0,1,2,1,8.171270,521390.550489
0,1,2,1,8.169935,521330.855558
0,1,2,1,8.168600,521324.482787
0,1,2,1,8.167266,521287.791837
0,1,2,1,8.165932,521248.776304
0,1,2,1,8.164598,521212.911784
0,1,2,1,8.163265,520963.800861
0,1,2,1,8.161933,520961.917237
0,1,2,1,8.160601,520943.168208
0,1,2,1,8.159269,520878.812693
0,1,2,1,8.157938,520839.891482
0,1,2,1,8.156607,520828.572284
0,1,2,1,8.155276,520812.627890
0,1,2,1,8.153947,520655.583196
0,1,2,1,8.152617,520606.822698
0,1,2,1,8.151288,520298.601617
0,1,2,1,8.149959,519994.524007
0,1,2,1,8.148631,519945.867952
0,1,2,1,8.147303,519815.576115
0,1,2,1,8.145976,519814.335928
0,1,2,1,8.144649,519688.244575
0,1,2,1,8.143322,519566.865995
0,1,2,1,8.141996,519200.791712
0,1,2,1,8.140671,519163.852340
0,1,2,1,8.139346,519151.797400
0,1,2,1,8.138021,519033.321728
0,1,2,1,8.136697,518664.438777
0,1,2,1,8.135373,518409.387973
0,1,2,1,8.134049,518360.252891
0,1,2,1,8.132726,518079.408781
0,1,2,1,8.131403,517863.722043
0,1,2,1,8.130081,517841.041900
0,1,2,1,8.128760,517668.100548
0,1,2,1,8.127438,517482.478610
0,1,2,1,8.126117,517436.045928
0,1,2,1,8.124797,517403.536225
0,1,2,1,8.123477,517392.836838
0,1,2,1,8.122157,517315.529026
0,1,2,1,8.120838,517261.477127
0,1,2,1,8.119519,517201.536410
0,1,2,1,8.118201,517200.481100
0,1,2,1,8.116883,517195.608586
0,1,2,1,8.115566,517195.017491
0,1,2,1,8.114249,517098.383865
0,1,2,1,8.112932,516917.544082
0,1,2,1,8.111616,516654.259993
0,1,2,1,8.110300,516574.452722
0,1,2,1,8.108985,516514.017303
0,1,2,1,8.107670,516485.860123
0,1,2,1,8.106355,516419.568692
0,1,2,1,8.105041,516369.728440
0,1,2,1,8.103728,516240.632846
0,1,2,1,8.102415,516233.798197
0,1,2,1,8.101102,516120.577565
0,1,2,1,8.099789,515982.336382
0,1,2,1,8.098477,515854.845279
0,1,2,1,8.097166,515834.872951
0,1,2,1,8.095855,515773.602457
0,1,2,1,8.094544,515677.901634
0,1,2,1,8.093234,515488.347745
0,1,2,1,8.091924,515451.491159
0,1,2,1,8.090615,515328.469705
0,1,2,1,8.089306,515009.411206
0,1,2,1,8.087997,514954.066815
0,1,2,1,8.086689,514894.799186
0,1,2,1,8.085382,514872.349314
0,1,2,1,8.084074,514794.407612
0,1,2,1,8.082768,514746.406914
0,1,2,1,8.081461,514739.318220
0,1,2,1,8.080155,514734.973588
0,1,2,1,8.078850,514644.791318
0,1,2,1,8.077544,514643.317002
0,1,2,1,8.076240,514511.829318
0,1,2,1,8.074935,514432.533470
0,1,2,1,8.073632,514358.470057
0,1,2,1,8.072328,514263.704681
0,1,2,1,8.071025,514213.885183
0,1,2,1,8.069722,514211.057885
0,1,2,1,8.068420,514204.141874
0,1,2,1,8.067118,514015.812216
0,1,2,1,8.065817,513993.381437
0,1,2,1,8.064516,513989.947593
0,1,2,1,8.063216,513989.152323
0,1,2,1,8.061916,513988.981939
0,1,2,1,8.060616,513751.479881
0,1,2,1,8.059317,513747.244319
0,1,2,1,8.058018,513554.916344
0,1,2,1,8.056719,513458.793963
0,1,2,1,8.055421,513127.174819
0,1,2,1,8.054124,512957.257637
0,1,2,1,8.052827,512802.533242
0,1,2,1,8.051530,512591.904056
0,1,2,1,8.050233,512474.237606
0,1,2,1,8.048938,512394.674158
0,1,2,1,8.047642,512351.781157
0,1,2,1,8.046347,512333.243037
0,1,2,1,8.045052,512151.281494
0,1,2,1,8.043758,512078.585268
0,1,2,1,8.042464,511709.588434
0,1,2,1,8.041171,511657.367469
0,1,2,1,8.039878,511621.045984
0,1,2,1,8.038585,511362.647525
0,1,2,1,8.037293,511331.593015
0,1,2,1,8.036001,511311.368269
0,1,2,1,8.034710,511110.088740
0,1,2,1,8.033419,510914.723201
0,1,2,1,8.032129,510607.280368
0,1,2,1,8.030838,510604.764561
0,1,2,1,8.029549,510564.557847
0,1,2,1,8.028259,510551.244365
0,1,2,1,8.026971,510445.532710
0,1,2,1,8.025682,510421.178413
0,1,2,1,8.024394,510200.173423
0,1,2,1,8.023107,510127.420466
0,1,2,1,8.021819,510125.250548
0,1,2,1,8.020533,510070.289616
0,1,2,1,8.019246,509829.759236
0,1,2,1,8.017960,509654.967650
0,1,2,1,8.016675,509505.831716
0,1,2,1,8.015390,509451.684959
0,1,2,1,8.014105,509227.743869
0,1,2,1,8.012821,509047.454050
0,1,2,1,8.011537,508815.170132
0,1,2,1,8.010253,508728.317026
0,1,2,1,8.008970,508426.512575
0,1,2,1,8.007687,508290.867907
0,1,2,1,8.006405,508191.489788
0,1,2,1,8.005123,508079.976148
0,1,2,1,8.003842,508009.916727
0,1,2,1,8.002561,507583.524333
0,1,2,1,8.001280,507521.155749
0,1,2,1,8.000000,507454.479029
0,1,2,1,7.998720,507380.208809
0,1,2,1,7.997441,507031.441002
0,1,2,1,7.996162,506883.776785
0,1,2,1,7.994883,506834.900984
0,1,2,1,7.993605,506805.678896
0,1,2,1,7.992327,506748.989166
0,1,2,1,7.991050,506702.846384
0,1,2,1,7.989773,506673.903037
0,1,2,1,7.988497,506662.099188
0,1,2,1,7.987220,506493.743296
0,1,2,1,7.985945,506440.826394
0,1,2,1,7.984669,506341.487288
0,1,2,1,7.983395,506263.301335
0,1,2,1,7.982120,506254.110834
0,1,2,1,7.980846,506149.220411
0,1,2,1,7.979572,506128.717539
0,1,2,1,7.978299,506091.122226
0,1,2,1,7.977026,506078.581801
0,1,2,1,7.975754,506076.330905
0,1,2,1,7.974482,505937.403409
0,1,2,1,7.973210,505784.615922
0,1,2,1,7.971939,505769.400761
0,1,2,1,7.970668,505629.172188
0,1,2,1,7.969398,505614.558639
0,1,2,1,7.968127,505586.461874
0,1,2,1,7.966858,505383.243273
0,1,2,1,7.965589,505328.429653
0,1,2,1,7.964320,505318.798794
0,1,2,1,7.963051,505298.337860
0,1,2,1,7.961783,505280.694938
0,1,2,1,7.960516,505261.965919
0,1,2,1,7.959249,505245.711234
0,1,2,1,7.957982,505180.840610
0,1,2,1,7.956715,505110.116637
0,1,2,1,7.955449,504994.630961
0,1,2,1,7.954184,504965.273395
0,1,2,1,7.952919,504959.131763
0,1,2,1,7.951654,504956.141333
0,1,2,1,7.950390,504809.491048
0,1,2,1,7.949126,504737.837819
0,1,2,1,7.947862,504676.505650
0,1,2,1,7.946599,504633.549294
0,1,2,1,7.945336,504483.400300
0,1,2,1,7.944074,504438.063281
0,1,2,1,7.942812,504182.159618
0,1,2,1,7.941550,504144.089883
0,1,2,1,7.940289,504093.314988
0,1,2,1,7.939028,504025.572778
0,1,2,1,7.937768,504015.113239
0,1,2,1,7.936508,504002.054765
0,1,2,1,7.935248,503948.556281
0,1,2,1,7.933989,503918.169749
0,1,2,1,7.932730,503816.050445
0,1,2,1,7.931472,503787.941332
0,1,2,1,7.930214,503733.722180
0,1,2,1,7.928957,503706.283899
0,1,2,1,7.927699,503698.032958
0,1,2,1,7.926443,503666.844980
0,1,2,1,7.925186,503633.024637
0,1,2,1,7.923930,503569.898096
0,1,2,1,7.922675,503503.300216
0,1,2,1,7.921420,503356.979605
0,1,2,1,7.920165,503331.341279
0,1,2,1,7.918910,503329.115414
0,1,2,1,7.917656,503291.565380
0,1,2,1,7.916403,503159.592682
0,1,2,1,7.915150,503138.683452
0,1,2,1,7.913897,503029.908905
0,1,2,1,7.912644,503023.610128
0,1,2,1,7.911392,502848.753552
0,1,2,1,7.910141,502839.803607
0,1,2,1,7.908890,502754.655378
0,1,2,1,7.907639,502717.139703
0,1,2,1,7.906388,502599.877813
0,1,2,1,7.905138,502595.213285
0,1,2,1,7.903889,502552.094196
0,1,2,1,7.902639,502481.192819
0,1,2,1,7.901391,502437.855848
0,1,2,1,7.900142,502415.506350
0,1,2,1,7.898894,502351.592824
0,1,2,1,7.897647,502327.136144
0,1,2,1,7.896399,502297.909662
0,1,2,1,7.895152,502282.201674
0,1,2,1,7.893906,502228.342145
0,1,2,1,7.892660,502216.001635
0,1,2,1,7.891414,502145.273828
0,1,2,1,7.890169,502123.025685
0,1,2,1,7.888924,501591.609185
0,1,2,1,7.887679,501501.396144
0,1,2,1,7.886435,501237.249413
0,1,2,1,7.885192,501212.313610
0,1,2,1,7.883948,501157.401675
0,1,2,1,7.882705,501152.222123
0,1,2,1,7.881463,501131.117356
0,1,2,1,7.880221,501058.014118
0,1,2,1,7.878979,500752.687791
0,1,2,1,7.877738,500624.089216
0,1,2,1,7.876497,500534.829354
0,1,2,1,7.875256,500431.436090
0,1,2,1,7.874016,500356.841479
0,1,2,1,7.872776,500350.235974
0,1,2,1,7.871537,500170.245266
0,1,2,1,7.870297,500136.908929
0,1,2,1,7.869059,500088.076606
0,1,2,1,7.867821,500076.842568
0,1,2,1,7.866583,499972.828518
0,1,2,1,7.865345,499890.294296
0,1,2,1,7.864108,499879.594430
0,1,2,1,7.862872,499864.153486
0,1,2,1,7.861635,499801.240659
0,1,2,1,7.860399,499800.589356
0,1,2,1,7.859164,499750.012079
0,1,2,1,7.857929,499534.195431
0,1,2,1,7.856694,499437.340292
0,1,2,1,7.855460,499368.600574
0,1,2,1,7.854226,499313.110446
0,1,2,1,7.852992,499278.682563
0,1,2,1,7.851759,499224.738957
0,1,2,1,7.850526,499211.382169
0,1,2,1,7.849294,499132.073343
0,1,2,1,7.848062,499119.328506
0,1,2,1,7.846830,498993.442240
0,1,2,1,7.845599,498871.858085
0,1,2,1,7.844368,498825.075871
0,1,2,1,7.843137,498763.400415
0,1,2,1,7.841907,498597.278038
0,1,2,1,7.840677,498455.309448
0,1,2,1,7.839448,498432.696506
0,1,2,1,7.838219,498316.699374
0,1,2,1,7.836991,498296.846282
0,1,2,1,7.835762,498230.145696
0,1,2,1,7.834535,498223.943985
0,1,2,1,7.833307,498143.766970
0,1,2,1,7.832080,498115.894308
0,1,2,1,7.830854,497862.902607
0,1,2,1,7.829627,497797.134994
0,1,2,1,7.828401,497754.765747
0,1,2,1,7.827176,497704.133592
0,1,2,1,7.825951,497545.506901
0,1,2,1,7.824726,497091.513669
0,1,2,1,7.823502,497014.433276
0,1,2,1,7.822278,496878.759556
0,1,2,1,7.821054,496850.323335
0,1,2,1,7.819831,496792.812866
0,1,2,1,7.818608,496766.255166
0,1,2,1,7.817386,496729.527954
0,1,2,1,7.816164,496715.182457
0,1,2,1,7.814942,496555.867505
0,1,2,1,7.813721,496498.813683
0,1,2,1,7.812500,496416.608579
0,1,2,1,7.811279,496390.070917
0,1,2,1,7.810059,496350.612580
0,1,2,1,7.808840,496241.903996
0,1,2,1,7.807620,496219.642445
0,1,2,1,7.806401,496110.545032
0,1,2,1,7.805183,495790.160465
0,1,2,1,7.803964,495757.252738
0,1,2,1,7.802747,495747.371013
0,1,2,1,7.801529,495618.873713
0,1,2,1,7.800312,495539.180889
0,1,2,1,7.799095,495505.344640
0,1,2,1,7.797879,495468.300724
0,1,2,1,7.796663,495420.534871
0,1,2,1,7.795447,495394.178161
0,1,2,1,7.794232,495359.485087
0,1,2,1,7.793017,495347.758702
0,1,2,1,7.791803,495197.061633
0,1,2,1,7.790589,495015.380846
0,1,2,1,7.789375,494919.390008
0,1,2,1,7.788162,494834.475339
0,1,2,1,7.786949,494799.098779
0,1,2,1,7.785737,494762.635179
0,1,2,1,7.784524,494644.873944
0,1,2,1,7.783313,494632.960386
0,1,2,1,7.782101,494613.471531
0,1,2,1,7.780890,494266.951492
0,1,2,1,7.779679,494120.673986
0,1,2,1,7.778469,494112.418723
0,1,2,1,7.777259,494102.801321
0,1,2,1,7.776050,494006.202302
0,1,2,1,7.774841,493931.629106
0,1,2,1,7.773632,493821.900549
0,1,2,1,7.772423,493801.188200
0,1,2,1,7.771215,493740.544831
0,1,2,1,7.770008,493719.574039
0,1,2,1,7.768800,493702.604960
0,1,2,1,7.767594,493629.934393
0,1,2,1,7.766387,493605.982890
0,1,2,1,7.765181,493500.284033
0,1,2,1,7.763975,493259.896793
0,1,2,1,7.762770,493109.314058
0,1,2,1,7.761565,493096.039483
0,1,2,1,7.760360,493055.640972
0,1,2,1,7.759156,492992.786493
0,1,2,1,7.757952,492927.906389
0,1,2,1,7.756748,492886.975253
0,1,2,1,7.755545,492874.227585
0,1,2,1,7.754342,492853.756190
0,1,2,1,7.753140,492841.182137
0,1,2,1,7.751938,492805.856594
0,1,2,1,7.750736,492639.639135
0,1,2,1,7.749535,492558.413404
0,1,2,1,7.748334,492513.067188
0,1,2,1,7.747134,492442.581625
0,1,2,1,7.745933,492436.945885
0,1,2,1,7.744734,492436.928137
0,1,2,1,7.743534,492429.046592
0,1,2,1,7.742335,492326.274711
0,1,2,1,7.741136,492275.468905
0,1,2,1,7.739938,492231.878578
0,1,2,1,7.738740,492222.889663
0,1,2,1,7.737543,492182.850319
0,1,2,1,7.736345,492178.094406
0,1,2,1,7.735149,492007.261628
0,1,2,1,7.733952,491986.786326
0,1,2,1,7.732756,491925.284460
0,1,2,1,7.731560,491907.258614
0,1,2,1,7.730365,491882.608646
0,1,2,1,7.729170,491876.802340
0,1,2,1,7.727975,491654.419216
0,1,2,1,7.726781,491642.788964
0,1,2,1,7.725587,491528.997581
0,1,2,1,7.724394,491495.413147
0,1,2,1,7.723200,491393.823430
0,1,2,1,7.722008,491372.426181
0,1,2,1,7.720815,491333.765380
0,1,2,1,7.719623,491031.521949
0,1,2,1,7.718432,491022.038491
0,1,2,1,7.717240,490986.590741
0,1,2,1,7.716049,490756.484549
0,1,2,1,7.714859,490724.803526
0,1,2,1,7.713669,490619.827247
0,1,2,1,7.712479,490617.186105
0,1,2,1,7.711289,490557.842014
0,1,2,1,7.710100,490540.919942
0,1,2,1,7.708912,490348.010820
0,1,2,1,7.707723,490297.291095
0,1,2,1,7.706535,490225.185431
0,1,2,1,7.705348,490220.106708
0,1,2,1,7.704160,490073.779473
0,1,2,1,7.702973,490038.189950
0,1,2,1,7.701787,490019.397938
0,1,2,1,7.700601,489943.503975
0,1,2,1,7.699415,489942.314248
0,1,2,1,7.698229,489924.859305
0,1,2,1,7.697044,489795.996252
0,1,2,1,7.695860,489738.513132
0,1,2,1,7.694675,489711.457630
0,1,2,1,7.693491,489671.590160
0,1,2,1,7.692308,489625.132133
0,1,2,1,7.691124,489611.678033
0,1,2,1,7.689942,489490.174353
0,1,2,1,7.688759,489394.637689
0,1,2,1,7.687577,489304.081055
0,1,2,1,7.686395,489117.987282
0,1,2,1,7.685214,489081.768316
0,1,2,1,7.684033,489057.275332
0,1,2,1,7.682852,488886.763882
0,1,2,1,7.681672,488866.593054
0,1,2,1,7.680492,488838.464233
0,1,2,1,7.679312,488830.894755
0,1,2,1,7.678133,488779.418980
0,1,2,1,7.676954,488655.222538
0,1,2,1,7.675775,488630.514375
0,1,2,1,7.674597,488410.122358
0,1,2,1,7.673419,488325.933342
0,1,2,1,7.672242,488318.113378
0,1,2,1,7.671065,488003.614704
0,1,2,1,7.669888,487947.765299
0,1,2,1,7.668712,487946.390112
0,1,2,1,7.667536,487858.314708
0,1,2,1,7.666360,487707.661074
0,1,2,1,7.665185,487681.794049
0,1,2,1,7.664010,487593.868126
0,1,2,1,7.662835,487571.893459
0,1,2,1,7.661661,487561.695409
0,1,2,1,7.660487,487313.851309
0,1,2,1,7.659314,487238.998629
0,1,2,1,7.658141,487087.891790
0,1,2,1,7.656968,487082.149236
0,1,2,1,7.655795,486828.941939
0,1,2,1,7.654623,486806.888577
0,1,2,1,7.653452,486773.197124
0,1,2,1,7.652280,486698.522331
0,1,2,1,7.651109,486641.812386
0,1,2,1,7.649939,486639.115448
0,1,2,1,7.648769,486581.671645
0,1,2,1,7.647599,486530.257010
0,1,2,1,7.646429,486295.728304
0,1,2,1,7.645260,486288.073608
0,1,2,1,7.644091,486203.305355
0,1,2,1,7.642923,486178.255144
0,1,2,1,7.641755,486132.443655
0,1,2,1,7.640587,486088.755862
0,1,2,1,7.639419,486009.037803
0,1,2,1,7.638252,486007.466680
0,1,2,1,7.637086,485965.154328
0,1,2,1,7.635919,485932.164011
0,1,2,1,7.634753,485716.155356
0,1,2,1,7.633588,485690.040041
0,1,2,1,7.632423,485569.484930
0,1,2,1,7.631258,485568.006820
0,1,2,1,7.630093,485555.984763
0,1,2,1,7.628929,485499.774297
0,1,2,1,7.627765,485474.259980
0,1,2,1,7.626602,485460.448788
0,1,2,1,7.625438,485452.407042
0,1,2,1,7.624276,485424.390678
0,1,2,1,7.623113,485383.725604
0,1,2,1,7.621951,485364.248180
0,1,2,1,7.620790,485294.295286
0,1,2,1,7.619628,485273.940831
0,1,2,1,7.618467,485264.250171
0,1,2,1,7.617307,485173.882721
0,1,2,1,7.616146,485138.558048
0,1,2,1,7.614986,485042.787683
0,1,2,1,7.613827,485035.508501
0,1,2,1,7.612667,484906.326755
0,1,2,1,7.611509,484788.675755
0,1,2,1,7.610350,484759.437096
0,1,2,1,7.609192,484747.121877
0,1,2,1,7.608034,484717.760389
0,1,2,1,7.606877,484658.046809
0,1,2,1,7.605720,484617.342418
0,1,2,1,7.604563,484511.140154
0,1,2,1,7.603406,484423.688571
0,1,2,1,7.602250,484373.829575
0,1,2,1,7.601095,484357.516485
0,1,2,1,7.599939,484274.300716
0,1,2,1,7.598784,484268.205044
0,1,2,1,7.597630,484110.886644
0,1,2,1,7.596475,484103.639481
0,1,2,1,7.595321,484079.799906
0,1,2,1,7.594168,483920.230906
0,1,2,1,7.593014,483798.195773
0,1,2,1,7.591862,483626.125595
0,1,2,1,7.590709,483528.390298
0,1,2,1,7.589557,483430.224350
0,1,2,1,7.588405,483306.496827
0,1,2,1,7.587253,483081.682732
0,1,2,1,7.586102,483022.076302
0,1,2,1,7.584951,482832.388406
0,1,2,1,7.583801,482815.945184
0,1,2,1,7.582651,482681.415890
0,1,2,1,7.581501,482651.355712
0,1,2,1,7.580352,482634.938428
0,1,2,1,7.579203,482500.582607
0,1,2,1,7.578054,482468.482387
0,1,2,1,7.576906,482440.590881
0,1,2,1,7.575758,482342.760157
0,1,2,1,7.574610,482341.983484
0,1,2,1,7.573463,482269.430382
0,1,2,1,7.572316,482154.461868
0,1,2,1,7.571169,481888.415503
0,1,2,1,7.570023,481771.373421
0,1,2,1,7.568877,481705.110555
0,1,2,1,7.567731,481639.779081
0,1,2,1,7.566586,481501.528829
0,1,2,1,7.565441,481466.505415
0,1,2,1,7.564297,481459.505718
0,1,2,1,7.563152,481453.611727
0,1,2,1,7.562008,481251.977421
0,1,2,1,7.560865,481228.462451
0,1,2,1,7.559722,481214.141447
0,1,2,1,7.558579,481139.942229
0,1,2,1,7.557437,481110.859930
0,1,2,1,7.556294,480903.398051
0,1,2,1,7.555153,480765.042792
0,1,2,1,7.554011,480757.329301
0,1,2,1,7.552870,480692.399222
0,1,2,1,7.551729,480691.359333
0,1,2,1,7.550589,480690.643012
0,1,2,1,7.549449,480567.163702
0,1,2,1,7.548309,480520.164730
0,1,2,1,7.547170,480518.859789
0,1,2,1,7.546031,480452.763584
0,1,2,1,7.544892,480385.133380
0,1,2,1,7.543754,480366.120834
0,1,2,1,7.542616,480320.227819
0,1,2,1,7.541478,480223.240043
0,1,2,1,7.540341,480129.634570
0,1,2,1,7.539204,480070.850269
0,1,2,1,7.538067,480000.962822
0,1,2,1,7.536931,479947.622103
0,1,2,1,7.535795,479907.718511
0,1,2,1,7.534659,479900.448798
0,1,2,1,7.533524,479882.420129
0,1,2,1,7.532389,479872.744798
0,1,2,1,7.531255,479843.296914
0,1,2,1,7.530120,479782.221203
0,1,2,1,7.528987,479741.475072
0,1,2,1,7.527853,479581.708570
0,1,2,1,7.526720,479405.974847
0,1,2,1,7.525587,479372.584137
0,1,2,1,7.524454,479143.547350
0,1,2,1,7.523322,479041.073763
0,1,2,1,7.522190,478937.806256
0,1,2,1,7.521059,478859.563903
0,1,2,1,7.519928,478779.041696
0,1,2,1,7.518797,478749.122618
0,1,2,1,7.517667,478693.889531
0,1,2,1,7.516536,478662.847470
0,1,2,1,7.515407,478607.096052
0,1,2,1,7.514277,478586.011908
0,1,2,1,7.513148,478518.577262
0,1,2,1,7.512019,478459.127209
0,1,2,1,7.510891,478438.089271
0,1,2,1,7.509763,478435.813042
0,1,2,1,7.508635,478361.717124
0,1,2,1,7.507508,478340.645302
0,1,2,1,7.506380,478236.571949
0,1,2,1,7.505254,478203.771003
0,1,2,1,7.504127,478172.777180
0,1,2,1,7.503001,478008.450754
0,1,2,1,7.501875,477899.350700
0,1,2,1,7.500750,477857.708619
0,1,2,1,7.499625,477821.574771
0,1,2,1,7.498500,477792.892146
0,1,2,1,7.497376,477784.372325
0,1,2,1,7.496252,477694.066974
0,1,2,1,7.495128,477693.547169
0,1,2,1,7.494005,477514.405495
0,1,2,1,7.492882,477463.557100
0,1,2,1,7.491759,477452.263532
0,1,2,1,7.490637,477441.659038
0,1,2,1,7.489515,477379.693558
0,1,2,1,7.488393,477294.899799
0,1,2,1,7.487272,477247.108523
0,1,2,1,7.486151,476988.668577
0,1,2,1,7.485030,476955.365891
0,1,2,1,7.483910,476949.031624
0,1,2,1,7.482790,476793.321396
0,1,2,1,7.481670,476781.345752
0,1,2,1,7.480551,476294.725210
0,1,2,1,7.479432,476229.515945
0,1,2,1,7.478313,476224.998479
0,1,2,1,7.477195,476125.246630
0,1,2,1,7.476077,476096.327285
0,1,2,1,7.474959,476054.981436
0,1,2,1,7.473842,476053.073425
0,1,2,1,7.472725,476051.101049
0,1,2,1,7.471608,476020.841862
0,1,2,1,7.470492,476013.213445
0,1,2,1,7.469376,475926.704208
0,1,2,1,7.468260,475888.866790
0,1,2,1,7.467145,475817.662241
0,1,2,1,7.466030,475614.241726
0,1,2,1,7.464915,475172.191137
0,1,2,1,7.463801,475119.640097
0,1,2,1,7.462687,475035.374004
0,1,2,1,7.461573,474989.257232
0,1,2,1,7.460460,474942.125950
0,1,2,1,7.459347,474885.076619
0,1,2,1,7.458234,474879.136683
0,1,2,1,7.457122,474835.512127
0,1,2,1,7.456010,474824.036994
0,1,2,1,7.454898,474768.893734
0,1,2,1,7.453787,474767.033524
0,1,2,1,7.452676,474712.248219
0,1,2,1,7.451565,474655.573909
0,1,2,1,7.450454,474484.416400
0,1,2,1,7.449344,474441.215917
0,1,2,1,7.448235,474420.502619
0,1,2,1,7.447125,474130.397894
0,1,2,1,7.446016,474109.515389
0,1,2,1,7.444908,473966.980093
0,1,2,1,7.443799,473920.478963
0,1,2,1,7.442691,473869.989973
0,1,2,1,7.441584,473696.768369
0,1,2,1,7.440476,473617.356175
0,1,2,1,7.439369,473612.591184
0,1,2,1,7.438262,473476.989331
0,1,2,1,7.437156,473242.281705
0,1,2,1,7.436050,472802.235357
0,1,2,1,7.434944,472797.966466
0,1,2,1,7.433839,472774.954657
0,1,2,1,7.432734,472697.889387
0,1,2,1,7.431629,472679.613083
0,1,2,1,7.430525,472600.020953
0,1,2,1,7.429421,472544.523244
0,1,2,1,7.428317,472497.939300
0,1,2,1,7.427213,472340.856277
0,1,2,1,7.426110,472337.348117
0,1,2,1,7.425007,472310.809770
0,1,2,1,7.423905,472207.446516
0,1,2,1,7.422803,472164.809387
0,1,2,1,7.421701,472058.063067
0,1,2,1,7.420600,471921.986340
0,1,2,1,7.419498,471906.276375
0,1,2,1,7.418398,471880.612655
0,1,2,1,7.417297,471780.132657
0,1,2,1,7.416197,471649.013341
0,1,2,1,7.415097,471488.235572
0,1,2,1,7.413998,471417.791695
0,1,2,1,7.412898,471387.220140
0,1,2,1,7.411800,471346.375287
0,1,2,1,7.410701,471325.560304
0,1,2,1,7.409603,471272.284137
0,1,2,1,7.408505,471218.679358
0,1,2,1,7.407407,471137.810051
0,1,2,1,7.406310,470992.199909
0,1,2,1,7.405213,470944.532889
0,1,2,1,7.404117,470744.856640
0,1,2,1,7.403020,470693.650908
0,1,2,1,7.401925,470678.196185
0,1,2,1,7.400829,470511.948094
0,1,2,1,7.399734,470496.419682
0,1,2,1,7.398639,470386.330590
0,1,2,1,7.397544,470309.344582
0,1,2,1,7.396450,470250.963980
0,1,2,1,7.395356,470173.460606
0,1,2,1,7.394262,470142.811357
0,1,2,1,7.393169,470090.450652
0,1,2,1,7.392076,470076.708460
0,1,2,1,7.390983,469871.135907
0,1,2,1,7.389891,469794.510081
0,1,2,1,7.388799,469681.725122
0,1,2,1,7.387707,469526.503207
0,1,2,1,7.386615,469499.958753
0,1,2,1,7.385524,469452.227518
0,1,2,1,7.384434,469403.868839
0,1,2,1,7.383343,469339.604355
0,1,2,1,7.382253,469316.679865
0,1,2,1,7.381163,469262.742194
0,1,2,1,7.380074,469224.059793
0,1,2,1,7.378985,469171.729555
0,1,2,1,7.377896,469070.839707
0,1,2,1,7.376807,468996.437094
0,1,2,1,7.375719,468970.683984
0,1,2,1,7.374631,468963.657189
0,1,2,1,7.373544,468947.851306
0,1,2,1,7.372457,468846.220381
0,1,2,1,7.371370,468805.312450
0,1,2,1,7.370283,468670.976786
0,1,2,1,7.369197,468499.228758
0,1,2,1,7.368111,468456.224347
0,1,2,1,7.367025,468405.930692
0,1,2,1,7.365940,468367.019137
0,1,2,1,7.364855,468179.770929
0,1,2,1,7.363770,468067.847421
0,1,2,1,7.362686,468067.409990
0,1,2,1,7.361602,467992.052408
0,1,2,1,7.360518,467991.142523
0,1,2,1,7.359435,467990.840455
0,1,2,1,7.358352,467832.917614
0,1,2,1,7.357269,467730.330507
0,1,2,1,7.356187,467725.942419
0,1,2,1,7.355104,467622.497771
0,1,2,1,7.354023,467618.836881
0,1,2,1,7.352941,467550.112867
0,1,2,1,7.351860,467525.454375
0,1,2,1,7.350779,467415.332938
0,1,2,1,7.349699,467315.426798
0,1,2,1,7.348618,467105.621733
0,1,2,1,7.347539,467002.724276
0,1,2,1,7.346459,466866.738617
0,1,2,1,7.345380,466770.590310
0,1,2,1,7.344301,466636.085342
0,1,2,1,7.343222,466573.351684
0,1,2,1,7.342144,466461.820916
0,1,2,1,7.341066,466400.780495
0,1,2,1,7.339988,466349.795717
0,1,2,1,7.338911,466300.158044
0,1,2,1,7.337834,466183.404431
0,1,2,1,7.336757,466038.097650
0,1,2,1,7.335681,465983.542828
0,1,2,1,7.334605,465941.120533
0,1,2,1,7.333529,465612.708867
0,1,2,1,7.332453,465609.524605
0,1,2,1,7.331378,465593.268178
0,1,2,1,7.330303,465296.605205
0,1,2,1,7.329229,465137.583467
0,1,2,1,7.328155,465121.540111
0,1,2,1,7.327081,464951.766572
0,1,2,1,7.326007,464874.237003
0,1,2,1,7.324934,464858.195755
0,1,2,1,7.323861,464836.138293
0,1,2,1,7.322789,464676.228302
0,1,2,1,7.321716,464559.989078
0,1,2,1,7.320644,464386.955758
0,1,2,1,7.319573,464381.733531
0,1,2,1,7.318501,464329.398187
0,1,2,1,7.317430,464292.817048
0,1,2,1,7.316359,464272.723636
0,1,2,1,7.315289,464172.502695
0,1,2,1,7.314219,464073.452839
0,1,2,1,7.313149,464071.278865
0,1,2,1,7.312080,464019.932433
0,1,2,1,7.311010,463900.709985
0,1,2,1,7.309942,463820.209900
0,1,2,1,7.308873,463744.267130
0,1,2,1,7.307805,463699.843985
0,1,2,1,7.306737,463666.873114
0,1,2,1,7.305669,463599.854476
0,1,2,1,7.304602,463579.866963
0,1,2,1,7.303535,463562.394400
0,1,2,1,7.302468,463469.406096
0,1,2,1,7.301402,463453.823214
0,1,2,1,7.300336,463438.033721
0,1,2,1,7.299270,463400.325519
0,1,2,1,7.298205,463329.614731
0,1,2,1,7.297140,463266.736821
0,1,2,1,7.296075,463155.056018
0,1,2,1,7.295010,463124.296709
0,1,2,1,7.293946,463034.435811
0,1,2,1,7.292882,463015.430133
0,1,2,1,7.291819,463003.536839
0,1,2,1,7.290755,462971.665615
0,1,2,1,7.289692,462834.896351
0,1,2,1,7.288630,462829.612160
0,1,2,1,7.287567,462660.264787
0,1,2,1,7.286505,462624.410852
0,1,2,1,7.285444,462388.542582
0,1,2,1,7.284382,462249.917501
0,1,2,1,7.283321,462022.934511
0,1,2,1,7.282260,461965.948315
0,1,2,1,7.281200,461888.373550
0,1,2,1,7.280140,461851.086749
0,1,2,1,7.279080,461812.337007
0,1,2,1,7.278020,461791.396500
0,1,2,1,7.276961,461787.515618
0,1,2,1,7.275902,461760.090334
0,1,2,1,7.274844,461570.915490
0,1,2,1,7.273785,461410.201520
0,1,2,1,7.272727,461350.135524
0,1,2,1,7.271670,460995.357506
0,1,2,1,7.270612,460685.432781
0,1,2,1,7.269555,460626.356291
0,1,2,1,7.268498,460502.971324
0,1,2,1,7.267442,460334.130319
0,1,2,1,7.266386,460327.575236
0,1,2,1,7.265330,460279.496041
0,1,2,1,7.264274,460274.333969
0,1,2,1,7.263219,460224.327657
0,1,2,1,7.262164,460102.551189
0,1,2,1,7.261109,460063.345020
0,1,2,1,7.260055,460041.969417
0,1,2,1,7.259001,459987.372645
0,1,2,1,7.257947,459938.432671
0,1,2,1,7.256894,459910.161565
0,1,2,1,7.255841,459769.085491
0,1,2,1,7.254788,459745.489844
0,1,2,1,7.253736,459712.102785
0,1,2,1,7.252683,459657.459638
0,1,2,1,7.251632,459589.607010
0,1,2,1,7.250580,459537.111903
0,1,2,1,7.249529,459536.854841
0,1,2,1,7.248478,459521.808452
0,1,2,1,7.247427,459272.686386
0,1,2,1,7.246377,459140.483483
0,1,2,1,7.245327,459108.547182
0,1,2,1,7.244277,459094.294645
0,1,2,1,7.243228,459060.349738
0,1,2,1,7.242178,459058.691064
0,1,2,1,7.241130,458945.665694
0,1,2,1,7.240081,458818.027383
0,1,2,1,7.239033,458794.065165
0,1,2,1,7.237985,458599.998560
0,1,2,1,7.236937,458498.853570
0,1,2,1,7.235890,458445.903869
0,1,2,1,7.234843,458306.766911
0,1,2,1,7.233796,458259.396647
0,1,2,1,7.232750,458190.710156
0,1,2,1,7.231704,458047.027835
0,1,2,1,7.230658,458007.450811
0,1,2,1,7.229612,457931.509057
0,1,2,1,7.228567,457814.935722
0,1,2,1,7.227522,457725.154032
0,1,2,1,7.226478,457679.472761
0,1,2,1,7.225434,457674.585121
0,1,2,1,7.224390,457642.361746
0,1,2,1,7.223346,457569.588499
0,1,2,1,7.222302,457524.915409
0,1,2,1,7.221259,457502.506380
0,1,2,1,7.220217,457478.585532
0,1,2,1,7.219174,457474.753223
0,1,2,1,7.218132,457307.416079
0,1,2,1,7.217090,457296.196844
0,1,2,1,7.216048,457278.026311
0,1,2,1,7.215007,457199.674668
0,1,2,1,7.213966,457199.067211
0,1,2,1,7.212926,457183.064843
0,1,2,1,7.211885,456981.512863
0,1,2,1,7.210845,456969.082224
0,1,2,1,7.209805,456953.005956
0,1,2,1,7.208766,456829.396953
0,1,2,1,7.207727,456714.302395
0,1,2,1,7.206688,456700.163153
0,1,2,1,7.205649,456693.742065
0,1,2,1,7.204611,456647.221029
0,1,2,1,7.203573,456566.225245
0,1,2,1,7.202535,456556.455618
0,1,2,1,7.201498,456370.035312
0,1,2,1,7.200461,456302.817096
0,1,2,1,7.199424,456065.211485
0,1,2,1,7.198388,456034.279301
0,1,2,1,7.197351,456007.956900
0,1,2,1,7.196315,456003.955635
0,1,2,1,7.195280,455970.059821
0,1,2,1,7.194245,455943.651202
0,1,2,1,7.193210,455931.824639
0,1,2,1,7.192175,455923.141324
0,1,2,1,7.191141,455886.650543
0,1,2,1,7.190106,455834.900582
0,1,2,1,7.189073,455343.323624
0,1,2,1,7.188039,455304.102578
0,1,2,1,7.187006,455230.695068
0,1,2,1,7.185973,455217.994649
0,1,2,1,7.184940,455179.005616
0,1,2,1,7.183908,455129.096190
0,1,2,1,7.182876,454790.357926
0,1,2,1,7.181844,454735.670611
0,1,2,1,7.180813,454701.383974
0,1,2,1,7.179782,454697.777623
0,1,2,1,7.178751,454677.856645
0,1,2,1,7.177720,454645.332222
0,1,2,1,7.176690,454630.462885
0,1,2,1,7.175660,454579.755189
0,1,2,1,7.174631,454530.094900
0,1,2,1,7.173601,454431.173107
0,1,2,1,7.172572,454391.983672
0,1,2,1,7.171543,454334.152148
0,1,2,1,7.170515,454101.742026
0,1,2,1,7.169487,454083.453008
0,1,2,1,7.168459,454026.447469
0,1,2,1,7.167431,453998.720421
0,1,2,1,7.166404,453899.459880
0,1,2,1,7.165377,453882.005259
0,1,2,1,7.164350,453691.912277
0,1,2,1,7.163324,453654.515968
0,1,2,1,7.162298,453652.621904
0,1,2,1,7.161272,453506.461392
0,1,2,1,7.160246,453439.668012
0,1,2,1,7.159221,453240.186752
0,1,2,1,7.158196,453217.679038
0,1,2,1,7.157171,453174.586885
0,1,2,1,7.156147,453116.837035
0,1,2,1,7.155123,453103.002913
0,1,2,1,7.154099,453053.294695
0,1,2,1,7.153076,452991.231603
0,1,2,1,7.152053,452963.532983
0,1,2,1,7.151030,452934.967515
0,1,2,1,7.150007,452786.801720
0,1,2,1,7.148985,452738.928578
0,1,2,1,7.147963,452580.221679
0,1,2,1,7.146941,452496.813857
0,1,2,1,7.145920,452495.502467
0,1,2,1,7.144899,452411.193255
0,1,2,1,7.143878,452250.980246
0,1,2,1,7.142857,452040.970409
0,1,2,1,7.141837,451951.175804
0,1,2,1,7.140817,451930.276665
0,1,2,1,7.139797,451854.732774
0,1,2,1,7.138778,451763.882308
0,1,2,1,7.137759,451702.066309
0,1,2,1,7.136740,451629.037994
0,1,2,1,7.135721,451562.434293
0,1,2,1,7.134703,451426.739550
0,1,2,1,7.133685,451336.862883
0,1,2,1,7.132668,451287.213545
0,1,2,1,7.131650,451281.943817
0,1,2,1,7.130633,451127.308229
0,1,2,1,7.129616,451060.887668
0,1,2,1,7.128600,451013.413697
0,1,2,1,7.127584,450953.239198
0,1,2,1,7.126568,450916.874060
0,1,2,1,7.125552,450805.378534
0,1,2,1,7.124537,450752.298015
0,1,2,1,7.123522,450734.147699
0,1,2,1,7.122507,450715.669662
0,1,2,1,7.121493,450596.292321
0,1,2,1,7.120478,450540.216655
0,1,2,1,7.119465,450399.141538
0,1,2,1,7.118451,450396.278720
0,1,2,1,7.117438,450304.193932
0,1,2,1,7.116425,450286.317196
0,1,2,1,7.115412,450248.689903
0,1,2,1,7.114400,450186.667494
0,1,2,1,7.113387,450086.472814
0,1,2,1,7.112376,450079.271769
0,1,2,1,7.111364,450047.707797
0,1,2,1,7.110353,450003.017586
0,1,2,1,7.109342,449921.242472
0,1,2,1,7.108331,449803.192282
0,1,2,1,7.107321,449633.717050
0,1,2,1,7.106310,449625.291475
0,1,2,1,7.105301,449576.565207
0,1,2,1,7.104291,449522.580959
0,1,2,1,7.103282,449486.349022
0,1,2,1,7.102273,449391.369781
0,1,2,1,7.101264,449390.043251
0,1,2,1,7.100256,449386.912529
0,1,2,1,7.099247,449354.571959
0,1,2,1,7.098240,449325.640298
0,1,2,1,7.097232,449317.563801
0,1,2,1,7.096225,449292.954616
0,1,2,1,7.095218,449263.777072
0,1,2,1,7.094211,449247.245489
0,1,2,1,7.093205,449244.717062
0,1,2,1,7.092199,449240.539257
0,1,2,1,7.091193,449170.754776
0,1,2,1,7.090187,448959.384129
0,1,2,1,7.089182,448958.252097
0,1,2,1,7.088177,448827.965651
0,1,2,1,7.087172,448559.159450
0,1,2,1,7.086168,448356.973266
0,1,2,1,7.085164,448269.032263
0,1,2,1,7.084160,448014.581521
0,1,2,1,7.083156,447993.899787
0,1,2,1,7.082153,447970.865231
0,1,2,1,7.081150,447923.862187
0,1,2,1,7.080147,447911.785448
0,1,2,1,7.079145,447887.567087
0,1,2,1,7.078143,447853.168995
0,1,2,1,7.077141,447815.062999
0,1,2,1,7.076139,447767.373279
0,1,2,1,7.075138,447717.932017
0,1,2,1,7.074137,447659.544556
0,1,2,1,7.073136,447348.702754
0,1,2,1,7.072136,447316.923497
0,1,2,1,7.071136,447305.766455
0,1,2,1,7.070136,447245.971609
0,1,2,1,7.069136,447211.294396
0,1,2,1,7.068137,447184.969973
0,1,2,1,7.067138,447168.197083
0,1,2,1,7.066139,446909.357522
0,1,2,1,7.065141,446847.468289
0,1,2,1,7.064142,446807.574599
0,1,2,1,7.063145,446747.248790
0,1,2,1,7.062147,446720.248509
0,1,2,1,7.061150,446604.329715
0,1,2,1,7.060152,446585.100408
0,1,2,1,7.059156,446505.608512
0,1,2,1,7.058159,446468.541371
0,1,2,1,7.057163,446416.779933
0,1,2,1,7.056167,446371.759847
0,1,2,1,7.055171,446319.876312
0,1,2,1,7.054176,446297.178120
0,1,2,1,7.053181,446150.473032
0,1,2,1,7.052186,446147.104330
0,1,2,1,7.051192,446098.471592
0,1,2,1,7.050197,445998.487449
0,1,2,1,7.049203,445878.811262
0,1,2,1,7.048210,445835.561557
0,1,2,1,7.047216,445747.735223
0,1,2,1,7.046223,445729.924041
0,1,2,1,7.045230,445696.238765
0,1,2,1,7.044238,445543.298544
0,1,2,1,7.043246,445434.748276
0,1,2,1,7.042254,445403.953184
0,1,2,1,7.041262,445402.678109
0,1,2,1,7.040270,445336.905839
0,1,2,1,7.039279,445323.241355
0,1,2,1,7.038288,445290.295522
0,1,2,1,7.037298,445144.164197
0,1,2,1,7.036307,445064.375674
0,1,2,1,7.035317,444873.709407
0,1,2,1,7.034328,444707.755159
0,1,2,1,7.033338,444481.168793
0,1,2,1,7.032349,444345.335684
0,1,2,1,7.031360,444302.043671
0,1,2,1,7.030371,444293.565622
0,1,2,1,7.029383,444264.050710
0,1,2,1,7.028395,444097.519694
0,1,2,1,7.027407,444052.910275
0,1,2,1,7.026419,443948.536688
0,1,2,1,7.025432,443838.165021
0,1,2,1,7.024445,443828.080156
0,1,2,1,7.023458,443756.826836
0,1,2,1,7.022472,443749.612225
0,1,2,1,7.021486,443541.703865
0,1,2,1,7.020500,443530.440469
0,1,2,1,7.019514,443444.148412
0,1,2,1,7.018529,443249.281165
0,1,2,1,7.017544,443240.537998
0,1,2,1,7.016559,443218.818922
0,1,2,1,7.015575,443203.420551
0,1,2,1,7.014590,443075.267966
0,1,2,1,7.013606,442985.305036
0,1,2,1,7.012623,442961.839972
0,1,2,1,7.011639,442915.357288
0,1,2,1,7.010656,442833.971726
0,1,2,1,7.009673,442798.687367
0,1,2,1,7.008691,442733.650690
0,1,2,1,7.007708,442724.549182
0,1,2,1,7.006726,442713.564915
0,1,2,1,7.005745,442705.173317
0,1,2,1,7.004763,442682.531553
0,1,2,1,7.003782,442463.777208
0,1,2,1,7.002801,442439.766649
0,1,2,1,7.001820,442343.914334
0,1,2,1,7.000840,442248.019828
0,1,2,1,6.999860,442060.837382
0,1,2,1,6.998880,442053.081352
0,1,2,1,6.997901,441905.401538
0,1,2,1,6.996921,441677.580396
0,1,2,1,6.995942,441595.437732
0,1,2,1,6.994964,441420.272920
0,1,2,1,6.993985,441267.700983
0,1,2,1,6.993007,441208.920989
0,1,2,1,6.992029,441193.210486
0,1,2,1,6.991051,441077.015600
0,1,2,1,6.990074,441026.339160
0,1,2,1,6.989097,440798.596067
0,1,2,1,6.988120,440766.819963
0,1,2,1,6.987144,440741.432213
0,1,2,1,6.986167,440633.877993
0,1,2,1,6.985191,440619.282857
0,1,2,1,6.984216,440553.352447
0,1,2,1,6.983240,440539.984882
0,1,2,1,6.982265,440522.229427
0,1,2,1,6.981290,440516.301668
0,1,2,1,6.980316,440514.618164
0,1,2,1,6.979341,440379.856123
0,1,2,1,6.978367,440270.244199
0,1,2,1,6.977393,439686.352718
0,1,2,1,6.976420,439526.498599
0,1,2,1,6.975446,439392.713186
0,1,2,1,6.974473,439329.015144
0,1,2,1,6.973501,439300.260949
0,1,2,1,6.972528,439272.480759
0,1,2,1,6.971556,439183.616931
0,1,2,1,6.970584,439138.257693
0,1,2,1,6.969612,439024.436961
0,1,2,1,6.968641,438997.754744
0,1,2,1,6.967670,438919.356959
0,1,2,1,6.966699,438844.682151
0,1,2,1,6.965729,438818.818226
0,1,2,1,6.964758,438462.212719
0,1,2,1,6.963788,438408.136804
0,1,2,1,6.962819,438253.426749
0,1,2,1,6.961849,438246.793265
0,1,2,1,6.960880,438223.869845
0,1,2,1,6.959911,438197.803830
0,1,2,1,6.958942,438151.501299
0,1,2,1,6.957974,438105.430599
0,1,2,1,6.957006,437908.450086
0,1,2,1,6.956038,437869.072672
0,1,2,1,6.955070,437705.903032
0,1,2,1,6.954103,437576.610369
0,1,2,1,6.953136,437501.218219
0,1,2,1,6.952169,437415.939340
0,1,2,1,6.951203,437374.593628
0,1,2,1,6.950236,437320.362411
0,1,2,1,6.949270,437274.786146
0,1,2,1,6.948305,437268.957537
0,1,2,1,6.947339,437236.946390
0,1,2,1,6.946374,437214.111028
0,1,2,1,6.945409,437186.496058
0,1,2,1,6.944444,437151.991587
0,1,2,1,6.943480,437140.212476
0,1,2,1,6.942516,437114.588726
0,1,2,1,6.941552,437022.924397
0,1,2,1,6.940589,437017.042361
0,1,2,1,6.939625,436830.904573
0,1,2,1,6.938662,436669.941798
0,1,2,1,6.937699,436655.134804
0,1,2,1,6.936737,436645.264958
0,1,2,1,6.935775,436462.987712
0,1,2,1,6.934813,436379.456971
0,1,2,1,6.933851,436353.477913
0,1,2,1,6.932890,436304.928610
0,1,2,1,6.931928,436294.187790
0,1,2,1,6.930968,436221.839265
0,1,2,1,6.930007,435990.139381
0,1,2,1,6.929047,435971.157826
0,1,2,1,6.928086,435963.424510
0,1,2,1,6.927127,435887.858063
0,1,2,1,6.926167,435872.196869
0,1,2,1,6.925208,435870.063014
0,1,2,1,6.924249,435839.451399
0,1,2,1,6.923290,435833.535092
0,1,2,1,6.922331,435832.989796
0,1,2,1,6.921373,435792.571304
0,1,2,1,6.920415,435604.904268
0,1,2,1,6.919458,435578.694472
0,1,2,1,6.918500,435399.620151
0,1,2,1,6.917543,435326.179244
0,1,2,1,6.916586,435312.674927
0,1,2,1,6.915629,435304.347360
0,1,2,1,6.914673,435293.200863
0,1,2,1,6.913717,435291.137633
0,1,2,1,6.912761,435269.339300
0,1,2,1,6.911805,435239.050376
0,1,2,1,6.910850,435187.079108
0,1,2,1,6.909895,435177.781439
0,1,2,1,6.908940,435147.643280
0,1,2,1,6.907986,435131.023721
0,1,2,1,6.907031,434959.584549
0,1,2,1,6.906077,434824.122245
0,1,2,1,6.905124,434812.294470
0,1,2,1,6.904170,434781.636646
0,1,2,1,6.903217,434712.768116
0,1,2,1,6.902264,434707.761318
0,1,2,1,6.901311,434705.215254
0,1,2,1,6.900359,434601.503022
0,1,2,1,6.899407,434584.642824
0,1,2,1,6.898455,434543.256867
0,1,2,1,6.897503,434492.428581
0,1,2,1,6.896552,434478.294448
0,1,2,1,6.895601,434469.986412
0,1,2,1,6.894650,434434.636046
0,1,2,1,6.893699,434302.846294
0,1,2,1,6.892749,434298.970027
0,1,2,1,6.891799,434081.513671
0,1,2,1,6.890849,434006.426424
0,1,2,1,6.889899,433849.449317
0,1,2,1,6.888950,433683.239715
0,1,2,1,6.888001,433672.747756
0,1,2,1,6.887052,433546.134712
0,1,2,1,6.886104,433514.221696
0,1,2,1,6.885156,433500.714584
0,1,2,1,6.884208,433272.654767
0,1,2,1,6.883260,433174.909698
0,1,2,1,6.882312,433118.735450
0,1,2,1,6.881365,433063.591047
0,1,2,1,6.880418,433037.896400
0,1,2,1,6.879472,433027.456663
0,1,2,1,6.878525,433012.935565
0,1,2,1,6.877579,432967.732238
0,1,2,1,6.876633,432952.033448
0,1,2,1,6.875688,432900.912061
0,1,2,1,6.874742,432877.783390
0,1,2,1,6.873797,432870.460084
0,1,2,1,6.872852,432860.754862
0,1,2,1,6.871908,432854.196452
0,1,2,1,6.870963,432826.750958
0,1,2,1,6.870019,432813.137161
0,1,2,1,6.869075,432802.151229
0,1,2,1,6.868132,432798.417324
0,1,2,1,6.867189,432775.011528
0,1,2,1,6.866246,432761.170402
0,1,2,1,6.865303,432740.973507
0,1,2,1,6.864360,432702.509079
0,1,2,1,6.863418,432597.062296
0,1,2,1,6.862476,432576.086296
0,1,2,1,6.861534,432562.548704
0,1,2,1,6.860593,432554.927616
0,1,2,1,6.859652,432553.444655
0,1,2,1,6.858711,432440.265965
0,1,2,1,6.857770,432435.597329
0,1,2,1,6.856829,432360.425758
0,1,2,1,6.855889,432352.290731
0,1,2,1,6.854949,432266.841536
0,1,2,1,6.854010,432263.728562
0,1,2,1,6.853070,432204.281220
0,1,2,1,6.852131,432200.049596
0,1,2,1,6.851192,432177.863659
0,1,2,1,6.850253,432071.724302
0,1,2,1,6.849315,432013.936588
0,1,2,1,6.848377,431946.403676
0,1,2,1,6.847439,431820.073118
0,1,2,1,6.846501,431810.115943
0,1,2,1,6.845564,431801.008209
0,1,2,1,6.844627,431676.436479
0,1,2,1,6.843690,431647.170742
0,1,2,1,6.842754,431600.566051
0,1,2,1,6.841817,431374.118903
0,1,2,1,6.840881,431371.113495
0,1,2,1,6.839945,431330.716647
0,1,2,1,6.839010,431264.759076
0,1,2,1,6.838074,431173.100065
0,1,2,1,6.837139,431106.457625
0,1,2,1,6.836205,430850.857208
0,1,2,1,6.835270,430835.780314
0,1,2,1,6.834336,430808.679024
0,1,2,1,6.833402,430792.763169
0,1,2,1,6.832468,430748.389002
0,1,2,1,6.831534,430703.627904
0,1,2,1,6.830601,430650.735213
0,1,2,1,6.829668,430616.849912
0,1,2,1,6.828735,430500.958173
0,1,2,1,6.827803,430460.177976
0,1,2,1,6.826871,430440.254414
0,1,2,1,6.825939,430417.213043
0,1,2,1,6.825007,430322.873287
0,1,2,1,6.824075,430080.272089
0,1,2,1,6.823144,430063.096121
0,1,2,1,6.822213,430053.401230
0,1,2,1,6.821282,430045.629169
0,1,2,1,6.820352,430023.322674
0,1,2,1,6.819422,429985.621554
0,1,2,1,6.818492,429982.416366
0,1,2,1,6.817562,429902.553375
0,1,2,1,6.816633,429888.808829
0,1,2,1,6.815703,429868.644864
0,1,2,1,6.814774,429813.262954
0,1,2,1,6.813846,429743.442106
0,1,2,1,6.812917,429740.826060
0,1,2,1,6.811989,429698.358944
0,1,2,1,6.811061,429666.299591
0,1,2,1,6.810133,429665.434690
0,1,2,1,6.809206,429635.191455
0,1,2,1,6.808279,429588.043066
0,1,2,1,6.807352,429563.787368
0,1,2,1,6.806425,429491.173566
0,1,2,1,6.805499,429304.822478
0,1,2,1,6.804573,429235.245185
0,1,2,1,6.803647,429193.007316
0,1,2,1,6.802721,429157.466390
0,1,2,1,6.801796,429131.714471
0,1,2,1,6.800871,429112.382665
0,1,2,1,6.799946,429097.893005
0,1,2,1,6.799021,429090.172129
0,1,2,1,6.798097,429037.450332
0,1,2,1,6.797172,428958.370607
0,1,2,1,6.796248,428764.068372
0,1,2,1,6.795325,428648.561544
0,1,2,1,6.794401,428605.590739
0,1,2,1,6.793478,428604.430036
0,1,2,1,6.792555,428528.554706
0,1,2,1,6.791633,428524.618390
0,1,2,1,6.790710,428505.950914
0,1,2,1,6.789788,428505.482080
0,1,2,1,6.788866,428457.664206
0,1,2,1,6.787945,428390.578515
0,1,2,1,6.787023,428309.593176
0,1,2,1,6.786102,428200.647835
0,1,2,1,6.785181,428146.751603
0,1,2,1,6.784261,428091.708319
0,1,2,1,6.783340,428082.659240
0,1,2,1,6.782420,428073.667292
0,1,2,1,6.781500,428005.041607
0,1,2,1,6.780580,427821.115273
0,1,2,1,6.779661,427812.850026
0,1,2,1,6.778742,427782.184683
0,1,2,1,6.777823,427712.681107
0,1,2,1,6.776904,427683.609676
0,1,2,1,6.775986,427658.470301
0,1,2,1,6.775068,427617.494891
0,1,2,1,6.774150,427598.767179
0,1,2,1,6.773232,427511.096574
0,1,2,1,6.772315,427499.409743
0,1,2,1,6.771398,427381.656847
0,1,2,1,6.770481,427345.003432
0,1,2,1,6.769564,427320.448621
0,1,2,1,6.768648,427233.967195
0,1,2,1,6.767731,427227.093263
0,1,2,1,6.766816,427222.568238
0,1,2,1,6.765900,427147.761437
0,1,2,1,6.764984,427089.951410
0,1,2,1,6.764069,427068.082615
0,1,2,1,6.763154,426939.092690
0,1,2,1,6.762240,426827.253587
0,1,2,1,6.761325,426775.827609
0,1,2,1,6.760411,426718.315246
0,1,2,1,6.759497,426569.336773
0,1,2,1,6.758583,426481.287559
0,1,2,1,6.757670,426457.907478
0,1,2,1,6.756757,426355.039353
0,1,2,1,6.755844,426223.988996
0,1,2,1,6.754931,426182.069420
0,1,2,1,6.754019,426141.681877
0,1,2,1,6.753106,426136.749146
0,1,2,1,6.752194,426128.214575
0,1,2,1,6.751283,426109.411461
0,1,2,1,6.750371,425975.073588
0,1,2,1,6.749460,425900.137566
0,1,2,1,6.748549,425742.816356
0,1,2,1,6.747638,425509.072804
0,1,2,1,6.746728,425488.667410
0,1,2,1,6.745818,425462.272388
0,1,2,1,6.744908,425357.792397
0,1,2,1,6.743998,425166.666423
0,1,2,1,6.743088,425157.892016
0,1,2,1,6.742179,424893.364986
0,1,2,1,6.741270,424765.063756
0,1,2,1,6.740361,424665.762762
0,1,2,1,6.739453,424564.919025
0,1,2,1,6.738544,424563.844685
0,1,2,1,6.737636,424562.948928
0,1,2,1,6.736729,424550.688273
0,1,2,1,6.735821,424434.574453
0,1,2,1,6.734914,424256.175860
0,1,2,1,6.734007,424202.035271
0,1,2,1,6.733100,424049.617862
0,1,2,1,6.732193,423892.442785
0,1,2,1,6.731287,423888.046319
0,1,2,1,6.730381,423812.380544
0,1,2,1,6.729475,423810.018510
0,1,2,1,6.728570,423666.391429
0,1,2,1,6.727664,423657.074049
0,1,2,1,6.726759,423629.553613
0,1,2,1,6.725854,423597.655099
0,1,2,1,6.724950,423559.604316
0,1,2,1,6.724045,423554.855885
0,1,2,1,6.723141,423543.623325
0,1,2,1,6.722237,423462.352885
0,1,2,1,6.721334,423453.671423
0,1,2,1,6.720430,423451.835831
0,1,2,1,6.719527,423396.708593
0,1,2,1,6.718624,423346.855394
0,1,2,1,6.717721,423238.511586
0,1,2,1,6.716819,423185.270071
0,1,2,1,6.715917,423133.120687
0,1,2,1,6.715015,423059.747531
0,1,2,1,6.714113,422915.626240
0,1,2,1,6.713212,422885.956536
0,1,2,1,6.712310,422789.627029
0,1,2,1,6.711409,422763.949213
0,1,2,1,6.710509,422678.460526
0,1,2,1,6.709608,422502.063614
0,1,2,1,6.708708,422430.406038
0,1,2,1,6.707808,422410.034391
0,1,2,1,6.706908,422324.489902
0,1,2,1,6.706009,422152.306438
0,1,2,1,6.705109,422140.003512
0,1,2,1,6.704210,422137.694290
0,1,2,1,6.703311,421950.177607
0,1,2,1,6.702413,421949.239656
0,1,2,1,6.701515,421926.971699
0,1,2,1,6.700616,421908.754818
0,1,2,1,6.699719,421889.962073
0,1,2,1,6.698821,421877.510001
0,1,2,1,6.697924,421873.052953
0,1,2,1,6.697027,421868.507500
0,1,2,1,6.696130,421807.939870
0,1,2,1,6.695233,421736.684905
0,1,2,1,6.694337,421716.751074
0,1,2,1,6.693440,421637.965371
0,1,2,1,6.692545,421600.852926
0,1,2,1,6.691649,421410.541090
0,1,2,1,6.690753,421379.286106
0,1,2,1,6.689858,421371.143600
0,1,2,1,6.688963,421248.047512
0,1,2,1,6.688068,421202.804807
0,1,2,1,6.687174,421013.442544
0,1,2,1,6.686280,420986.860311
0,1,2,1,6.685386,420971.597648
0,1,2,1,6.684492,420959.748426
0,1,2,1,6.683598,420919.971120
0,1,2,1,6.682705,420812.421969
0,1,2,1,6.681812,420735.877266
0,1,2,1,6.680919,420701.826312
0,1,2,1,6.680027,420701.630292
0,1,2,1,6.679134,420667.512228
0,1,2,1,6.678242,420616.729719
0,1,2,1,6.677350,420548.529701
0,1,2,1,6.676459,420492.762411
0,1,2,1,6.675567,420251.288677
0,1,2,1,6.674676,420177.963256
0,1,2,1,6.673785,420175.619621
0,1,2,1,6.672895,420163.137094
0,1,2,1,6.672004,420111.939392
0,1,2,1,6.671114,420101.518067
0,1,2,1,6.670224,420099.845589
0,1,2,1,6.669334,420002.088494
0,1,2,1,6.668445,419933.190556
0,1,2,1,6.667556,419909.895474
0,1,2,1,6.666667,419897.579545
0,1,2,1,6.665778,419872.381296
0,1,2,1,6.664889,419740.011448
0,1,2,1,6.664001,419674.048978
0,1,2,1,6.663113,419587.664827
0,1,2,1,6.662225,419464.436014
0,1,2,1,6.661338,419184.846120
0,1,2,1,6.660450,419134.740603
0,1,2,1,6.659563,419081.375003
0,1,2,1,6.658676,419072.456927
0,1,2,1,6.657790,419039.622235
0,1,2,1,6.656903,418988.417777
0,1,2,1,6.656017,418948.571151
0,1,2,1,6.655131,418934.644111
0,1,2,1,6.654245,418692.823401
0,1,2,1,6.653360,418641.975661
0,1,2,1,6.652475,418534.996584
0,1,2,1,6.651590,418507.989538
0,1,2,1,6.650705,418424.787497
0,1,2,1,6.649820,418329.869080
0,1,2,1,6.648936,418274.280164
0,1,2,1,6.648052,418259.988642
0,1,2,1,6.647168,418255.320485
0,1,2,1,6.646285,418214.431518
0,1,2,1,6.645401,418112.885886
0,1,2,1,6.644518,417992.603247
0,1,2,1,6.643635,417983.625879
0,1,2,1,6.642753,417974.075989
0,1,2,1,6.641870,417851.055887
0,1,2,1,6.640988,417797.731319
0,1,2,1,6.640106,417723.056949
0,1,2,1,6.639225,417685.687734
0,1,2,1,6.638343,417661.303555
0,1,2,1,6.637462,417622.956534
0,1,2,1,6.636581,417580.793512
0,1,2,1,6.635700,417557.854064
0,1,2,1,6.634820,417493.369488
0,1,2,1,6.633939,417459.121998
0,1,2,1,6.633059,417418.124298
0,1,2,1,6.632179,417331.961447
0,1,2,1,6.631300,417209.532657
0,1,2,1,6.630420,417040.116099
0,1,2,1,6.629541,416927.382445
0,1,2,1,6.628662,416844.003718
0,1,2,1,6.627784,416681.088621
0,1,2,1,6.626905,416644.537316
0,1,2,1,6.626027,416549.386303
0,1,2,1,6.625149,416519.487321
0,1,2,1,6.624271,416490.314400
0,1,2,1,6.623394,416424.527708
0,1,2,1,6.622517,416328.858172
0,1,2,1,6.621640,416271.345834
0,1,2,1,6.620763,416178.777376
0,1,2,1,6.619886,416153.619195
0,1,2,1,6.619010,416132.238006
0,1,2,1,6.618134,416111.303660
0,1,2,1,6.617258,416087.616336
0,1,2,1,6.616382,416030.871199
0,1,2,1,6.615507,416000.528020
0,1,2,1,6.614632,415916.237828
0,1,2,1,6.613757,415766.930855
0,1,2,1,6.612882,415743.588473
0,1,2,1,6.612007,415712.930753
0,1,2,1,6.611133,415504.987220
0,1,2,1,6.610259,415257.488662
0,1,2,1,6.609385,415243.152058
0,1,2,1,6.608512,415211.243528
0,1,2,1,6.607638,415197.113073
0,1,2,1,6.606765,415183.875751
0,1,2,1,6.605892,414910.734842
0,1,2,1,6.605020,414902.456395
0,1,2,1,6.604147,414892.798262
0,1,2,1,6.603275,414808.380219
0,1,2,1,6.602403,414686.286180
0,1,2,1,6.601532,414657.759157
0,1,2,1,6.600660,414497.374214
0,1,2,1,6.599789,414463.911760
0,1,2,1,6.598918,414314.795701
0,1,2,1,6.598047,414291.260642
0,1,2,1,6.597176,414021.995151
0,1,2,1,6.596306,413970.172365
0,1,2,1,6.595436,413708.128010
0,1,2,1,6.594566,413670.338379
0,1,2,1,6.593696,413628.075222
0,1,2,1,6.592827,413567.116217
0,1,2,1,6.591958,413556.886507
0,1,2,1,6.591089,413473.084811
0,1,2,1,6.590220,413386.212080
0,1,2,1,6.589352,413348.905445
0,1,2,1,6.588483,413343.740651
0,1,2,1,6.587615,413332.684419
0,1,2,1,6.586747,413128.064989
0,1,2,1,6.585880,413091.346388
0,1,2,1,6.585013,413085.294953
0,1,2,1,6.584145,413078.450164
0,1,2,1,6.583278,413044.788097
0,1,2,1,6.582412,412750.767439
0,1,2,1,6.581545,412743.494599
0,1,2,1,6.580679,412647.964083
0,1,2,1,6.579813,412610.648337
0,1,2,1,6.578947,412604.607158
0,1,2,1,6.578082,412516.500630
0,1,2,1,6.577217,412477.520932
0,1,2,1,6.576351,412466.901331
0,1,2,1,6.575487,412436.375102
0,1,2,1,6.574622,412409.462441
0,1,2,1,6.573758,412325.853690
0,1,2,1,6.572893,412310.858665
0,1,2,1,6.572029,412306.884543
0,1,2,1,6.571166,412274.195587
0,1,2,1,6.570302,412175.476347
0,1,2,1,6.569439,412144.042011
0,1,2,1,6.568576,412033.509394
0,1,2,1,6.567713,411939.605319
0,1,2,1,6.566851,411825.362304
0,1,2,1,6.565988,411794.630790
0,1,2,1,6.565126,411789.154718
0,1,2,1,6.564264,411762.721692
0,1,2,1,6.563402,411719.495222
0,1,2,1,6.562541,411699.060703
0,1,2,1,6.561680,411662.949534
0,1,2,1,6.560819,411645.581267
0,1,2,1,6.559958,411623.412068
0,1,2,1,6.559097,411609.869955
0,1,2,1,6.558237,411544.780489
0,1,2,1,6.557377,411465.190991
0,1,2,1,6.556517,411460.113898
0,1,2,1,6.555658,411436.987109
0,1,2,1,6.554798,411406.123672
0,1,2,1,6.553939,411243.567860
0,1,2,1,6.553080,411230.854047
0,1,2,1,6.552221,411040.411661
0,1,2,1,6.551363,411033.346700
0,1,2,1,6.550504,410993.201351
0,1,2,1,6.549646,410975.078136
0,1,2,1,6.548788,410965.635196
0,1,2,1,6.547931,410960.262166
0,1,2,1,6.547073,410914.235104
0,1,2,1,6.546216,410798.882610
0,1,2,1,6.545359,410645.513803
0,1,2,1,6.544503,410567.634861
0,1,2,1,6.543646,410406.735301
0,1,2,1,6.542790,410398.142423
0,1,2,1,6.541934,410372.903321
0,1,2,1,6.541078,410265.573292
0,1,2,1,6.540222,410249.287406
0,1,2,1,6.539367,410203.866474
0,1,2,1,6.538512,410126.952558
0,1,2,1,6.537657,410125.968520
0,1,2,1,6.536802,409862.581828
0,1,2,1,6.535948,409786.286714
0,1,2,1,6.535093,409764.577045
0,1,2,1,6.534239,409684.113940
0,1,2,1,6.533386,409681.212830
0,1,2,1,6.532532,409509.347283
0,1,2,1,6.531679,409487.324846
0,1,2,1,6.530825,409474.409257
0,1,2,1,6.529973,409425.665694
0,1,2,1,6.529120,409323.965019
0,1,2,1,6.528267,409304.997849
0,1,2,1,6.527415,409303.005677
0,1,2,1,6.526563,409212.672010
0,1,2,1,6.525711,409187.054709
0,1,2,1,6.524860,409141.013899
0,1,2,1,6.524008,409017.175090
0,1,2,1,6.523157,408994.477511
0,1,2,1,6.522306,408969.013756
0,1,2,1,6.521456,408959.671339
0,1,2,1,6.520605,408958.815915
0,1,2,1,6.519755,408949.133138
0,1,2,1,6.518905,408920.040631
0,1,2,1,6.518055,408896.592188
0,1,2,1,6.517205,408849.789927
0,1,2,1,6.516356,408794.097653
0,1,2,1,6.515507,408750.548071
0,1,2,1,6.514658,408721.000653
0,1,2,1,6.513809,408713.471669
0,1,2,1,6.512961,408587.065150
0,1,2,1,6.512113,408569.339736
0,1,2,1,6.511264,408553.298007
0,1,2,1,6.510417,408506.246274
0,1,2,1,6.509569,408415.128511
0,1,2,1,6.508722,408304.965575
0,1,2,1,6.507875,408278.136411
0,1,2,1,6.507028,408139.019439
0,1,2,1,6.506181,408118.400405
0,1,2,1,6.505334,407985.911277
0,1,2,1,6.504488,407950.426074
0,1,2,1,6.503642,407932.006901
0,1,2,1,6.502796,407917.749709
0,1,2,1,6.501951,407899.075425
0,1,2,1,6.501105,407575.488449
0,1,2,1,6.500260,407533.569571
0,1,2,1,6.499415,407532.829436
0,1,2,1,6.498570,407436.920042
0,1,2,1,6.497726,407362.265910
0,1,2,1,6.496881,407328.273397
0,1,2,1,6.496037,407278.484340
0,1,2,1,6.495194,407267.826192
0,1,2,1,6.494350,407229.541838
0,1,2,1,6.493506,407184.094395
0,1,2,1,6.492663,407150.782770
0,1,2,1,6.491820,407136.048340
0,1,2,1,6.490978,407040.617525
0,1,2,1,6.490135,407026.205896
0,1,2,1,6.489293,407018.017560
0,1,2,1,6.488451,407016.626325
0,1,2,1,6.487609,407002.277908
0,1,2,1,6.486767,406957.792925
0,1,2,1,6.485926,406946.286722
0,1,2,1,6.485084,406894.838801
0,1,2,1,6.484243,406869.040158
0,1,2,1,6.483402,406867.899705
0,1,2,1,6.482562,406632.402225
0,1,2,1,6.481722,406408.171590
0,1,2,1,6.480881,406188.842115
0,1,2,1,6.480041,406152.581142
0,1,2,1,6.479202,406042.572264
0,1,2,1,6.478362,405913.549673
0,1,2,1,6.477523,405895.944371
0,1,2,1,6.476684,405804.599692
0,1,2,1,6.475845,405779.472267
0,1,2,1,6.475006,405674.578646
0,1,2,1,6.474168,405660.898940
0,1,2,1,6.473330,405618.490091
0,1,2,1,6.472492,405616.688273
0,1,2,1,6.471654,405543.641307
0,1,2,1,6.470817,405423.085243
0,1,2,1,6.469979,405400.516685
0,1,2,1,6.469142,405392.828527
0,1,2,1,6.468305,405380.635009
0,1,2,1,6.467469,405263.360241
0,1,2,1,6.466632,405079.536289
0,1,2,1,6.465796,405029.669655
0,1,2,1,6.464960,404770.679779
0,1,2,1,6.464124,404699.541075
0,1,2,1,6.463289,404656.820827
0,1,2,1,6.462453,404624.512370
0,1,2,1,6.461618,404616.657277
0,1,2,1,6.460783,404505.989866
0,1,2,1,6.459948,404490.090400
0,1,2,1,6.459114,404483.965054
0,1,2,1,6.458280,404460.752855
0,1,2,1,6.457445,404445.826245
0,1,2,1,6.456612,404411.502902
0,1,2,1,6.455778,404371.746802
0,1,2,1,6.454944,404231.709672
0,1,2,1,6.454111,404229.049260
0,1,2,1,6.453278,404219.189455
0,1,2,1,6.452445,404218.647680
0,1,2,1,6.451613,404143.441984
0,1,2,1,6.450781,403830.314013
0,1,2,1,6.449948,403799.262432
0,1,2,1,6.449116,403715.058292
0,1,2,1,6.448285,403666.619239
0,1,2,1,6.447453,403594.388609
0,1,2,1,6.446622,403585.001967
0,1,2,1,6.445791,403556.775807
0,1,2,1,6.444960,403529.709653
0,1,2,1,6.444129,403435.562712
0,1,2,1,6.443299,403431.976731
0,1,2,1,6.442469,403422.065676
0,1,2,1,6.441639,403408.438514
0,1,2,1,6.440809,403348.838797
0,1,2,1,6.439979,403339.773155
0,1,2,1,6.439150,403160.905175
0,1,2,1,6.438321,402835.596255
0,1,2,1,6.437492,402794.454792
0,1,2,1,6.436663,402658.340687
0,1,2,1,6.435835,402569.364939
0,1,2,1,6.435006,402522.165626
0,1,2,1,6.434178,402507.774606
0,1,2,1,6.433350,402506.077126
0,1,2,1,6.432523,402504.243895
0,1,2,1,6.431695,402420.566981
0,1,2,1,6.430868,402392.798619
0,1,2,1,6.430041,402378.171660
0,1,2,1,6.429214,402300.956062
0,1,2,1,6.428388,402143.248553
0,1,2,1,6.427561,402085.454619
0,1,2,1,6.426735,402018.238288
0,1,2,1,6.425909,401951.468799
0,1,2,1,6.425084,401950.225812
0,1,2,1,6.424258,401921.054349
0,1,2,1,6.423433,401893.726893
0,1,2,1,6.422608,401785.271387
0,1,2,1,6.421783,401643.252217
0,1,2,1,6.420958,401613.039914
0,1,2,1,6.420134,401506.129048
0,1,2,1,6.419309,401416.305576
0,1,2,1,6.418485,401286.058063
0,1,2,1,6.417661,401282.342052
0,1,2,1,6.416838,401210.086275
0,1,2,1,6.416014,401180.926781
0,1,2,1,6.415191,401156.796602
0,1,2,1,6.414368,401116.647663
0,1,2,1,6.413545,401071.010501
0,1,2,1,6.412723,401014.039225
0,1,2,1,6.411900,400959.250078
0,1,2,1,6.411078,400950.515588
0,1,2,1,6.410256,400862.313620
0,1,2,1,6.409435,400717.046627
0,1,2,1,6.408613,400697.008222
0,1,2,1,6.407792,400645.061060
0,1,2,1,6.406971,400552.815366
0,1,2,1,6.406150,400535.282614
0,1,2,1,6.405329,400495.866643
0,1,2,1,6.404509,400426.088910
0,1,2,1,6.403689,400267.054570
0,1,2,1,6.402868,400264.342487
0,1,2,1,6.402049,400211.347304
0,1,2,1,6.401229,400202.645981
0,1,2,1,6.400410,400120.082341
0,1,2,1,6.399590,399963.521671
0,1,2,1,6.398771,399942.060791
0,1,2,1,6.397953,399788.019102
0,1,2,1,6.397134,399451.894268
0,1,2,1,6.396316,399411.029209
0,1,2,1,6.395498,399397.999333
0,1,2,1,6.394680,399334.248564
0,1,2,1,6.393862,399311.132872
0,1,2,1,6.393044,399076.461477
0,1,2,1,6.392227,399008.477390
0,1,2,1,6.391410,398901.631446
0,1,2,1,6.390593,398875.307322
0,1,2,1,6.389776,398866.696342
0,1,2,1,6.388960,398802.983725
0,1,2,1,6.388144,398682.420741
0,1,2,1,6.387328,398547.332871
0,1,2,1,6.386512,398344.807686
0,1,2,1,6.385696,398334.950789
0,1,2,1,6.384881,398304.538244
0,1,2,1,6.384065,398255.093044
0,1,2,1,6.383250,398246.506801
0,1,2,1,6.382436,398232.498667
0,1,2,1,6.381621,398175.991293
0,1,2,1,6.380807,398056.465086
0,1,2,1,6.379992,397845.360108
0,1,2,1,6.379178,397807.712780
0,1,2,1,6.378365,397807.180262
0,1,2,1,6.377551,397778.874181
0,1,2,1,6.376738,397770.837417
0,1,2,1,6.375925,397744.637981
0,1,2,1,6.375112,397727.192028
0,1,2,1,6.374299,397641.536534
0,1,2,1,6.373486,397595.132149
0,1,2,1,6.372674,397561.458652
0,1,2,1,6.371862,397561.393243
0,1,2,1,6.371050,397527.942979
0,1,2,1,6.370238,397505.093449
0,1,2,1,6.369427,397476.073114
0,1,2,1,6.368615,397430.918055
0,1,2,1,6.367804,397405.910356
0,1,2,1,6.366994,397397.633829
0,1,2,1,6.366183,397358.635504
0,1,2,1,6.365372,397179.839126
0,1,2,1,6.364562,397174.188583
0,1,2,1,6.363752,397127.160548
0,1,2,1,6.362942,397047.138400
0,1,2,1,6.362133,397007.953742
0,1,2,1,6.361323,396946.719493
0,1,2,1,6.360514,396905.920526
0,1,2,1,6.359705,396750.305549
0,1,2,1,6.358896,396504.648446
0,1,2,1,6.358087,396173.983527
0,1,2,1,6.357279,396105.473795
0,1,2,1,6.356471,396023.522205
0,1,2,1,6.355663,396018.168149
0,1,2,1,6.354855,395920.995213
0,1,2,1,6.354048,395842.357878
0,1,2,1,6.353240,395835.039711
0,1,2,1,6.352433,395811.104074
0,1,2,1,6.351626,395808.298860
0,1,2,1,6.350819,395651.465520
0,1,2,1,6.350013,395637.566423
0,1,2,1,6.349206,395620.807511
0,1,2,1,6.348400,395596.105294
0,1,2,1,6.347594,395552.046094
0,1,2,1,6.346789,395525.749809
0,1,2,1,6.345983,395481.423239
0,1,2,1,6.345178,395336.778524
0,1,2,1,6.344373,395321.257246
0,1,2,1,6.343568,395222.816069
0,1,2,1,6.342763,395180.016530
0,1,2,1,6.341958,395070.453414
0,1,2,1,6.341154,395055.041689
0,1,2,1,6.340350,394930.151656
0,1,2,1,6.339546,394801.556239
0,1,2,1,6.338742,394768.523576
0,1,2,1,6.337939,394709.162543
0,1,2,1,6.337136,394672.749485
0,1,2,1,6.336333,394654.497021
0,1,2,1,6.335530,394643.466597
0,1,2,1,6.334727,394589.406806
0,1,2,1,6.333924,394572.833703
0,1,2,1,6.333122,394483.121550
0,1,2,1,6.332320,394440.535559
0,1,2,1,6.331518,394325.448869
0,1,2,1,6.330717,394320.444767
0,1,2,1,6.329915,394303.092380
0,1,2,1,6.329114,394107.136843
0,1,2,1,6.328313,393992.851799
0,1,2,1,6.327512,393951.520567
0,1,2,1,6.326711,393882.443117
0,1,2,1,6.325911,393751.117176
0,1,2,1,6.325111,393638.680140
0,1,2,1,6.324311,393615.829769
0,1,2,1,6.323511,393476.471163
0,1,2,1,6.322711,393354.006481
0,1,2,1,6.321912,393328.435040
0,1,2,1,6.321113,393128.286721
0,1,2,1,6.320313,393058.418267
0,1,2,1,6.319515,393015.274177
0,1,2,1,6.318716,393006.450178
0,1,2,1,6.317918,392877.984199
0,1,2,1,6.317119,392819.469148
0,1,2,1,6.316321,392718.029389
0,1,2,1,6.315524,392483.870701
0,1,2,1,6.314726,392450.694121
0,1,2,1,6.313929,392286.182494
0,1,2,1,6.313131,392193.989477
0,1,2,1,6.312334,392138.068085
0,1,2,1,6.311537,392073.223323
0,1,2,1,6.310741,392047.044602
0,1,2,1,6.309944,391956.276321
0,1,2,1,6.309148,391951.296632
0,1,2,1,6.308352,391862.666602
0,1,2,1,6.307556,391805.155621
0,1,2,1,6.306761,391784.268430
0,1,2,1,6.305965,391676.330169
0,1,2,1,6.305170,391605.775551
0,1,2,1,6.304375,391432.195842
0,1,2,1,6.303580,391395.598397
0,1,2,1,6.302786,391325.015341
0,1,2,1,6.301991,391176.593870
0,1,2,1,6.301197,391114.383442
0,1,2,1,6.300403,390976.943966
0,1,2,1,6.299609,390846.279960
0,1,2,1,6.298816,390759.280234
0,1,2,1,6.298022,390746.622881
0,1,2,1,6.297229,390705.511401
0,1,2,1,6.296436,390675.352944
0,1,2,1,6.295643,390611.975389
0,1,2,1,6.294851,390543.749535
0,1,2,1,6.294058,390535.049498
0,1,2,1,6.293266,390497.310992
0,1,2,1,6.292474,390407.552867
0,1,2,1,6.291682,390242.253524
0,1,2,1,6.290891,390194.430735
0,1,2,1,6.290099,390061.223189
0,1,2,1,6.289308,390037.853528
0,1,2,1,6.288517,389946.183352
0,1,2,1,6.287726,389814.438241
0,1,2,1,6.286936,389809.064206
0,1,2,1,6.286145,389777.148560
0,1,2,1,6.285355,389773.732190
0,1,2,1,6.284565,389729.579888
0,1,2,1,6.283775,389677.042144
0,1,2,1,6.282986,389658.728590
0,1,2,1,6.282196,389658.362564
0,1,2,1,6.281407,389570.797339
0,1,2,1,6.280618,389461.358833
0,1,2,1,6.279829,389405.306490
0,1,2,1,6.279041,389352.547721
0,1,2,1,6.278252,389329.234584
0,1,2,1,6.277464,389325.294751
0,1,2,1,6.276676,389172.691708
0,1,2,1,6.275888,389159.547643
0,1,2,1,6.275100,389056.630280
0,1,2,1,6.274313,389037.887979
0,1,2,1,6.273526,388908.188685
0,1,2,1,6.272739,388787.555174
0,1,2,1,6.271952,388756.653788
0,1,2,1,6.271165,388741.857201
0,1,2,1,6.270379,388733.456098
0,1,2,1,6.269592,388726.930310
0,1,2,1,6.268806,388654.070595
0,1,2,1,6.268021,388531.983012
0,1,2,1,6.267235,388464.321835
0,1,2,1,6.266449,388355.633544
0,1,2,1,6.265664,388285.481927
0,1,2,1,6.264879,388203.348187
0,1,2,1,6.264094,388167.462385
0,1,2,1,6.263310,388153.896798
0,1,2,1,6.262525,388112.357093
0,1,2,1,6.261741,387880.103553
0,1,2,1,6.260957,387668.496683
0,1,2,1,6.260173,387646.704879
0,1,2,1,6.259389,387624.812163
0,1,2,1,6.258606,387621.247411
0,1,2,1,6.257822,387598.490702
0,1,2,1,6.257039,387574.397025
0,1,2,1,6.256256,387494.699468
0,1,2,1,6.255474,387429.837054
0,1,2,1,6.254691,387342.978717
0,1,2,1,6.253909,387326.279318
0,1,2,1,6.253127,387220.460229
0,1,2,1,6.252345,387213.974337
0,1,2,1,6.251563,387152.343120
0,1,2,1,6.250781,387151.914395
0,1,2,1,6.250000,387101.454938
0,1,2,1,6.249219,387067.318420
0,1,2,1,6.248438,387057.853537
0,1,2,1,6.247657,387010.674184
0,1,2,1,6.246877,386885.134507
0,1,2,1,6.246096,386788.857488
0,1,2,1,6.245316,386777.450696
0,1,2,1,6.244536,386722.275816
0,1,2,1,6.243756,386720.715397
0,1,2,1,6.242977,386689.235567
0,1,2,1,6.242197,386683.803944
0,1,2,1,6.241418,386674.732400
0,1,2,1,6.240639,386642.604890
0,1,2,1,6.239860,386627.024625
0,1,2,1,6.239082,386520.514598
0,1,2,1,6.238303,386320.155147
0,1,2,1,6.237525,386224.083589
0,1,2,1,6.236747,386183.526400
0,1,2,1,6.235969,386141.445630
0,1,2,1,6.235191,386132.824356
0,1,2,1,6.234414,386024.872205
0,1,2,1,6.233637,386017.840080
0,1,2,1,6.232860,386012.842111
0,1,2,1,6.232083,385847.600929
0,1,2,1,6.231306,385820.076614
0,1,2,1,6.230530,385743.975429
0,1,2,1,6.229753,385677.228906
0,1,2,1,6.228977,385600.040499
0,1,2,1,6.228201,385536.149619
0,1,2,1,6.227426,385488.452053
0,1,2,1,6.226650,385464.939122
0,1,2,1,6.225875,385400.035937
0,1,2,1,6.225100,385213.084518
0,1,2,1,6.224325,385137.253061
0,1,2,1,6.223550,384985.721488
0,1,2,1,6.222775,384974.891476
0,1,2,1,6.222001,384894.232381
0,1,2,1,6.221227,384890.564524
0,1,2,1,6.220453,384875.265872
0,1,2,1,6.219679,384689.684402
0,1,2,1,6.218905,384674.023408
0,1,2,1,6.218132,384439.180271
0,1,2,1,6.217359,384437.431751
0,1,2,1,6.216586,384401.106431
0,1,2,1,6.215813,384388.135377
0,1,2,1,6.215040,384284.233146
0,1,2,1,6.214268,384089.852586
0,1,2,1,6.213496,383963.303046
0,1,2,1,6.212724,383882.811909
0,1,2,1,6.211952,383836.511489
0,1,2,1,6.211180,383739.804903
0,1,2,1,6.210409,383663.438574
0,1,2,1,6.209637,383640.224452
0,1,2,1,6.208866,383604.069807
0,1,2,1,6.208095,383546.847621
0,1,2,1,6.207325,383398.761256
0,1,2,1,6.206554,383351.085626
0,1,2,1,6.205784,383316.354399
0,1,2,1,6.205014,383239.385133
0,1,2,1,6.204244,383236.975286
0,1,2,1,6.203474,383182.263394
0,1,2,1,6.202704,383148.485165
0,1,2,1,6.201935,383147.507895
0,1,2,1,6.201166,382957.401175
0,1,2,1,6.200397,382926.099043
0,1,2,1,6.199628,382860.443869
0,1,2,1,6.198859,382772.834007
0,1,2,1,6.198091,382746.552199
0,1,2,1,6.197323,382597.250932
0,1,2,1,6.196555,382557.096562
0,1,2,1,6.195787,382551.174464
0,1,2,1,6.195019,382149.908080
0,1,2,1,6.194252,382140.880777
0,1,2,1,6.193484,382110.800508
0,1,2,1,6.192717,382048.064635
0,1,2,1,6.191950,381949.583002
0,1,2,1,6.191184,381920.648444
0,1,2,1,6.190417,381868.010698
0,1,2,1,6.189651,381855.006462
0,1,2,1,6.188885,381802.320556
0,1,2,1,6.188119,381646.875593
0,1,2,1,6.187353,381594.230912
0,1,2,1,6.186587,381591.747376
0,1,2,1,6.185822,381585.603862
0,1,2,1,6.185057,381584.799269
0,1,2,1,6.184292,381503.825627
0,1,2,1,6.183527,381435.692045
0,1,2,1,6.182762,381433.340263
0,1,2,1,6.181998,381417.483137
0,1,2,1,6.181234,381328.945200
0,1,2,1,6.180470,380977.776890
0,1,2,1,6.179706,380904.273796
0,1,2,1,6.178942,380884.632200
0,1,2,1,6.178179,380862.698180
0,1,2,1,6.177415,380859.975818
0,1,2,1,6.176652,380830.861680
0,1,2,1,6.175889,380793.116471
0,1,2,1,6.175127,380764.304340
0,1,2,1,6.174364,380760.819428
0,1,2,1,6.173602,380760.724323
0,1,2,1,6.172840,380720.771953
0,1,2,1,6.172078,380705.547128
0,1,2,1,6.171316,380647.107694
0,1,2,1,6.170554,380630.921690
0,1,2,1,6.169793,380235.395530
0,1,2,1,6.169031,380226.478154
0,1,2,1,6.168270,380120.447850
0,1,2,1,6.167510,380056.419533
0,1,2,1,6.166749,379973.167161
0,1,2,1,6.165988,379929.306625
0,1,2,1,6.165228,379906.402560
0,1,2,1,6.164468,379901.748177
0,1,2,1,6.163708,379862.313207
0,1,2,1,6.162948,379848.165362
0,1,2,1,6.162189,379664.995350
0,1,2,1,6.161429,379569.395084
0,1,2,1,6.160670,379375.917437
0,1,2,1,6.159911,379331.636489
0,1,2,1,6.159153,379329.626381
0,1,2,1,6.158394,379030.754928
0,1,2,1,6.157635,379024.452735
0,1,2,1,6.156877,378998.313034
0,1,2,1,6.156119,378997.353491
0,1,2,1,6.155361,378993.109569
0,1,2,1,6.154604,378938.079021
0,1,2,1,6.153846,378894.800023
0,1,2,1,6.153089,378872.076436
0,1,2,1,6.152332,378851.079973
0,1,2,1,6.151575,378766.188498
0,1,2,1,6.150818,378753.872797
0,1,2,1,6.150062,378752.277080
0,1,2,1,6.149305,378750.028887
0,1,2,1,6.148549,378647.902911
0,1,2,1,6.147793,378602.322755
0,1,2,1,6.147037,378460.558710
0,1,2,1,6.146281,378425.836065
0,1,2,1,6.145526,378372.817614
0,1,2,1,6.144771,378315.788832
0,1,2,1,6.144016,378297.409266
0,1,2,1,6.143261,378262.123142
0,1,2,1,6.142506,378247.018036
0,1,2,1,6.141752,378151.238456
0,1,2,1,6.140997,378136.917498
0,1,2,1,6.140243,378112.487235
0,1,2,1,6.139489,378097.363732
0,1,2,1,6.138735,378064.713135
0,1,2,1,6.137982,377953.307213
0,1,2,1,6.137228,377857.418017
0,1,2,1,6.136475,377842.526184
0,1,2,1,6.135722,377688.807773
0,1,2,1,6.134969,377684.515749
0,1,2,1,6.134217,377641.074821
0,1,2,1,6.133464,377629.511280
0,1,2,1,6.132712,377627.072880
0,1,2,1,6.131960,377624.167297
0,1,2,1,6.131208,377443.759236
0,1,2,1,6.130456,377372.333234
0,1,2,1,6.129705,377345.599006
0,1,2,1,6.128953,377339.887740
0,1,2,1,6.128202,377297.073314
0,1,2,1,6.127451,377283.052515
0,1,2,1,6.126700,377128.856735
0,1,2,1,6.125950,377068.214824
0,1,2,1,6.125199,377064.834536
0,1,2,1,6.124449,377056.812963
0,1,2,1,6.123699,377034.934291
0,1,2,1,6.122949,376986.875905
0,1,2,1,6.122199,376887.800796
0,1,2,1,6.121450,376833.724864
0,1,2,1,6.120700,376714.345731
0,1,2,1,6.119951,376693.054347
0,1,2,1,6.119202,376688.405646
0,1,2,1,6.118453,376625.592476
0,1,2,1,6.117705,376596.647984
0,1,2,1,6.116956,376549.682967
0,1,2,1,6.116208,376500.706044
0,1,2,1,6.115460,376496.208191
0,1,2,1,6.114712,376369.969385
0,1,2,1,6.113964,376331.156541
0,1,2,1,6.113217,376232.310948
0,1,2,1,6.112469,376218.253196
0,1,2,1,6.111722,376135.037586
0,1,2,1,6.110975,376011.375879
0,1,2,1,6.110229,376001.845021
0,1,2,1,6.109482,375995.699243
0,1,2,1,6.108735,375991.878471
0,1,2,1,6.107989,375969.677945
0,1,2,1,6.107243,375933.945329
0,1,2,1,6.106497,375861.079839
0,1,2,1,6.105752,375841.201093
0,1,2,1,6.105006,375748.110594
0,1,2,1,6.104261,375741.379027
0,1,2,1,6.103516,375576.005066
0,1,2,1,6.102771,375500.429253
0,1,2,1,6.102026,375452.552487
0,1,2,1,6.101281,375305.381494
0,1,2,1,6.100537,375300.543983
0,1,2,1,6.099793,375277.861053
0,1,2,1,6.099049,375145.232210
0,1,2,1,6.098305,375136.541578
0,1,2,1,6.097561,375089.762647
0,1,2,1,6.096817,375068.426796
0,1,2,1,6.096074,375059.631464
0,1,2,1,6.095331,375038.541562
0,1,2,1,6.094588,374988.329240
0,1,2,1,6.093845,374834.971469
0,1,2,1,6.093103,374788.250780
0,1,2,1,6.092360,374748.436801
0,1,2,1,6.091618,374729.668527
0,1,2,1,6.090876,374621.981127
0,1,2,1,6.090134,374589.211288
0,1,2,1,6.089392,374562.818236
0,1,2,1,6.088651,374533.440644
0,1,2,1,6.087909,374522.965411
0,1,2,1,6.087168,374514.680235
0,1,2,1,6.086427,374482.362557
0,1,2,1,6.085686,374224.202386
0,1,2,1,6.084946,374218.174998
0,1,2,1,6.084205,374108.282020
0,1,2,1,6.083465,374094.414612
0,1,2,1,6.082725,374092.482016
0,1,2,1,6.081985,374024.821662
0,1,2,1,6.081245,373941.631979
0,1,2,1,6.080506,373828.308730
0,1,2,1,6.079767,373767.813095
0,1,2,1,6.079027,373711.121861
0,1,2,1,6.078288,373661.312528
0,1,2,1,6.077550,373531.979835
0,1,2,1,6.076811,373443.188288
0,1,2,1,6.076072,373441.071105
0,1,2,1,6.075334,373439.587155
0,1,2,1,6.074596,373414.454574
0,1,2,1,6.073858,373414.342799
0,1,2,1,6.073120,373266.267739
0,1,2,1,6.072383,373195.117784
0,1,2,1,6.071645,373178.966195
0,1,2,1,6.070908,373134.333812
0,1,2,1,6.070171,373131.609211
0,1,2,1,6.069434,372942.485267
0,1,2,1,6.068698,372800.341475
0,1,2,1,6.067961,372791.068863
0,1,2,1,6.067225,372714.743813
0,1,2,1,6.066489,372532.759564
0,1,2,1,6.065753,372496.976258
0,1,2,1,6.065017,372482.794182
0,1,2,1,6.064281,372461.242655
0,1,2,1,6.063546,372261.390855
0,1,2,1,6.062811,372256.395767
0,1,2,1,6.062076,372249.572903
0,1,2,1,6.061341,372202.692264
0,1,2,1,6.060606,372187.200340
0,1,2,1,6.059872,372145.714180
0,1,2,1,6.059137,372141.148995
0,1,2,1,6.058403,372139.021101
0,1,2,1,6.057669,372090.862145
0,1,2,1,6.056935,372085.876342
0,1,2,1,6.056202,371872.368314
0,1,2,1,6.055468,371834.371305
0,1,2,1,6.054735,371788.272494
0,1,2,1,6.054002,371720.260165
0,1,2,1,6.053269,371683.408324
0,1,2,1,6.052536,371583.719769
0,1,2,1,6.051803,371565.603117
0,1,2,1,6.051071,371497.061414
0,1,2,1,6.050339,371473.513227
0,1,2,1,6.049607,371422.600431
0,1,2,1,6.048875,371316.966666
0,1,2,1,6.048143,371273.942707
0,1,2,1,6.047412,371241.063063
0,1,2,1,6.046680,371139.600300
0,1,2,1,6.045949,371068.065336
0,1,2,1,6.045218,370963.839315
0,1,2,1,6.044487,370949.737311
0,1,2,1,6.043757,370931.981809
0,1,2,1,6.043026,370812.590740
0,1,2,1,6.042296,370540.996766
0,1,2,1,6.041566,370534.070051
0,1,2,1,6.040836,370518.145212
0,1,2,1,6.040106,370476.405694
0,1,2,1,6.039377,370449.275338
0,1,2,1,6.038647,370427.645605
0,1,2,1,6.037918,370381.592822
0,1,2,1,6.037189,370307.222662
0,1,2,1,6.036460,370292.906759
0,1,2,1,6.035732,370240.877125
0,1,2,1,6.035003,370210.357851
0,1,2,1,6.034275,370200.789370
0,1,2,1,6.033547,370196.845811
0,1,2,1,6.032819,370195.998651
0,1,2,1,6.032091,370148.223769
0,1,2,1,6.031363,370116.421367
0,1,2,1,6.030636,370105.601916
0,1,2,1,6.029908,370069.567255
0,1,2,1,6.029181,370000.009977
0,1,2,1,6.028454,369998.446947
0,1,2,1,6.027728,369933.787676
0,1,2,1,6.027001,369828.859248
0,1,2,1,6.026275,369740.207499
0,1,2,1,6.025548,369703.581584
0,1,2,1,6.024822,369588.056919
0,1,2,1,6.024096,369554.490599
0,1,2,1,6.023371,369394.989468
0,1,2,1,6.022645,369374.547171
0,1,2,1,6.021920,369277.553329
0,1,2,1,6.021195,369214.125338
0,1,2,1,6.020470,369121.387559
0,1,2,1,6.019745,368998.702084
0,1,2,1,6.019020,368891.593533
0,1,2,1,6.018296,368815.137445
0,1,2,1,6.017571,368776.623234
0,1,2,1,6.016847,368675.414614
0,1,2,1,6.016123,368620.025136
0,1,2,1,6.015399,368521.304220
0,1,2,1,6.014676,368431.632037
0,1,2,1,6.013952,368362.911714
0,1,2,1,6.013229,368321.332989
0,1,2,1,6.012506,368265.931230
0,1,2,1,6.011783,368265.247864
0,1,2,1,6.011060,368259.154732
0,1,2,1,6.010338,368220.785302
0,1,2,1,6.009615,368183.541773
0,1,2,1,6.008893,368130.286348
0,1,2,1,6.008171,368125.209404
0,1,2,1,6.007449,368114.204421
0,1,2,1,6.006728,368096.619168
0,1,2,1,6.006006,367952.111949
0,1,2,1,6.005285,367932.109805
0,1,2,1,6.004563,367657.433538
0,1,2,1,6.003842,367630.576215
0,1,2,1,6.003122,367617.726076
0,1,2,1,6.002401,367537.318185
0,1,2,1,6.001680,367515.672891
0,1,2,1,6.000960,367489.658366
0,1,2,1,6.000240,367335.060272
0,1,2,1,5.999520,366967.485571
0,1,2,1,5.998800,366806.541901
0,1,2,1,5.998081,366613.408862
0,1,2,1,5.997361,366555.296822
0,1,2,1,5.996642,366526.965951
0,1,2,1,5.995923,366485.617325
0,1,2,1,5.995204,366369.090935
0,1,2,1,5.994485,366367.769664
0,1,2,1,5.993766,366352.179334
0,1,2,1,5.993048,366337.166969
0,1,2,1,5.992330,366251.618358
0,1,2,1,5.991612,366233.837182
0,1,2,1,5.990894,366145.555431
0,1,2,1,5.990176,366145.165950
0,1,2,1,5.989459,365929.070412
0,1,2,1,5.988741,365912.407328
0,1,2,1,5.988024,365882.088492
0,1,2,1,5.987307,365823.776707
0,1,2,1,5.986590,365648.187103
0,1,2,1,5.985873,365546.208034
0,1,2,1,5.985157,365528.687418
0,1,2,1,5.984440,365523.400359
0,1,2,1,5.983724,365437.300889
0,1,2,1,5.983008,365340.801416
0,1,2,1,5.982292,365286.155320
0,1,2,1,5.981577,365240.158519
0,1,2,1,5.980861,365176.012466
0,1,2,1,5.980146,365130.331148
0,1,2,1,5.979431,364949.535320
0,1,2,1,5.978716,364926.910807
0,1,2,1,5.978001,364876.073295
0,1,2,1,5.977286,364717.749606
0,1,2,1,5.976572,364664.581422
0,1,2,1,5.975858,364570.340776
0,1,2,1,5.975143,364304.357894
0,1,2,1,5.974429,364247.727424
0,1,2,1,5.973716,364235.985311
0,1,2,1,5.973002,364143.244476
0,1,2,1,5.972289,364107.013657
0,1,2,1,5.971575,364006.607889
0,1,2,1,5.970862,363883.327084
0,1,2,1,5.970149,363856.666463
0,1,2,1,5.969436,363767.892001
0,1,2,1,5.968724,363647.156697
0,1,2,1,5.968011,363466.369854
0,1,2,1,5.967299,363417.634716
0,1,2,1,5.966587,363199.201086
0,1,2,1,5.965875,363164.565947
0,1,2,1,5.965163,363090.232799
0,1,2,1,5.964452,363090.195663
0,1,2,1,5.963740,363084.290931
0,1,2,1,5.963029,362827.458693
0,1,2,1,5.962318,362818.084146
0,1,2,1,5.961607,362791.142415
0,1,2,1,5.960897,362738.616452
0,1,2,1,5.960186,362716.044501
0,1,2,1,5.959476,362691.160478
0,1,2,1,5.958765,362680.949066
0,1,2,1,5.958055,362610.036113
0,1,2,1,5.957345,362582.921446
0,1,2,1,5.956636,362568.515595
0,1,2,1,5.955926,362361.607321
0,1,2,1,5.955217,362333.917249
0,1,2,1,5.954508,362236.677646
0,1,2,1,5.953799,362157.319646
0,1,2,1,5.953090,362143.753207
0,1,2,1,5.952381,362137.244419
0,1,2,1,5.951672,362122.467934
0,1,2,1,5.950964,362120.232844
0,1,2,1,5.950256,362020.373801
0,1,2,1,5.949548,361968.763623
0,1,2,1,5.948840,361920.988980
0,1,2,1,5.948132,361884.479593
0,1,2,1,5.947425,361855.427792
0,1,2,1,5.946717,361848.699290
0,1,2,1,5.946010,361538.500486
0,1,2,1,5.945303,361518.327089
0,1,2,1,5.944596,361447.598734
0,1,2,1,5.943890,361337.378522
0,1,2,1,5.943183,361224.024905
0,1,2,1,5.942477,361220.204301
0,1,2,1,5.941771,361191.324501
0,1,2,1,5.941065,361163.776432
0,1,2,1,5.940359,361149.139743
0,1,2,1,5.939653,361138.994860
0,1,2,1,5.938948,361085.059391
0,1,2,1,5.938242,361057.848736
0,1,2,1,5.937537,361035.897088
0,1,2,1,5.936832,361025.452262
0,1,2,1,5.936127,361010.246173
0,1,2,1,5.935423,360833.868201
0,1,2,1,5.934718,360785.196704
0,1,2,1,5.934014,360603.092053
0,1,2,1,5.933310,360578.292860
0,1,2,1,5.932606,360549.804842
0,1,2,1,5.931902,360525.955386
0,1,2,1,5.931198,360463.327526
0,1,2,1,5.930495,360381.029298
0,1,2,1,5.929791,360350.591400
0,1,2,1,5.929088,360245.530708
0,1,2,1,5.928385,360225.008948
0,1,2,1,5.927682,360204.268914
0,1,2,1,5.926980,360198.853843
0,1,2,1,5.926277,360163.380724
0,1,2,1,5.925575,360108.468418
0,1,2,1,5.924873,360045.482489
0,1,2,1,5.924171,360013.251358
0,1,2,1,5.923469,359863.500696
0,1,2,1,5.922767,359682.037898
0,1,2,1,5.922066,359637.187249
0,1,2,1,5.921364,359451.791171
0,1,2,1,5.920663,359382.397529
0,1,2,1,5.919962,359295.364966
0,1,2,1,5.919261,359085.597809
0,1,2,1,5.918561,359022.460312
0,1,2,1,5.917860,358988.286322
0,1,2,1,5.917160,358955.920404
0,1,2,1,5.916460,358914.888208
0,1,2,1,5.915760,358900.256978
0,1,2,1,5.915060,358852.369922
0,1,2,1,5.914360,358817.315282
0,1,2,1,5.913661,358804.119772
0,1,2,1,5.912961,358790.235944
0,1,2,1,5.912262,358784.836018
0,1,2,1,5.911563,358770.039962
0,1,2,1,5.910864,358652.385800
0,1,2,1,5.910165,358598.425087
0,1,2,1,5.909467,358500.503823
0,1,2,1,5.908769,358475.450553
0,1,2,1,5.908070,358443.571678
0,1,2,1,5.907372,358418.325868
0,1,2,1,5.906675,358113.955066
0,1,2,1,5.905977,357935.850650
0,1,2,1,5.905279,357891.103600
0,1,2,1,5.904582,357814.510796
0,1,2,1,5.903885,357707.235780
0,1,2,1,5.903188,357656.118002
0,1,2,1,5.902491,357613.451871
0,1,2,1,5.901794,357609.493720
0,1,2,1,5.901098,357486.772612
0,1,2,1,5.900401,357484.307533
0,1,2,1,5.899705,357450.182415
0,1,2,1,5.899009,357419.395496
0,1,2,1,5.898313,357244.044536
0,1,2,1,5.897617,357188.202385
0,1,2,1,5.896922,357070.372208
0,1,2,1,5.896226,357039.066612
0,1,2,1,5.895531,356975.013207
0,1,2,1,5.894836,356959.628216
0,1,2,1,5.894141,356924.198378
0,1,2,1,5.893446,356890.852348
0,1,2,1,5.892752,356829.819956
0,1,2,1,5.892058,356526.081177
0,1,2,1,5.891363,356497.823524
0,1,2,1,5.890669,356411.725951
0,1,2,1,5.889975,356379.166034
0,1,2,1,5.889282,356375.055794
0,1,2,1,5.888588,356358.463809
0,1,2,1,5.887894,356355.010953
0,1,2,1,5.887201,356333.157231
0,1,2,1,5.886508,356279.033523
0,1,2,1,5.885815,356271.067233
0,1,2,1,5.885122,356263.937398
0,1,2,1,5.884430,356251.794633
0,1,2,1,5.883737,356230.676129
0,1,2,1,5.883045,356184.825876
0,1,2,1,5.882353,356130.419631
0,1,2,1,5.881661,356084.970622
0,1,2,1,5.880969,356052.326177
0,1,2,1,5.880278,355965.053192
0,1,2,1,5.879586,355937.551503
0,1,2,1,5.878895,355917.628042
0,1,2,1,5.878204,355803.345782
0,1,2,1,5.877513,355770.653863
0,1,2,1,5.876822,355669.820494
0,1,2,1,5.876131,355634.962016
0,1,2,1,5.875441,355628.952561
0,1,2,1,5.874750,355622.156828
0,1,2,1,5.874060,355518.969689
0,1,2,1,5.873370,355427.613727
0,1,2,1,5.872680,355397.834183
0,1,2,1,5.871991,355388.738321
0,1,2,1,5.871301,355258.547606
0,1,2,1,5.870612,355233.508687
0,1,2,1,5.869923,355200.363667
0,1,2,1,5.869233,355125.549339
0,1,2,1,5.868545,355089.244230
0,1,2,1,5.867856,355056.350867
0,1,2,1,5.867167,355040.025963
0,1,2,1,5.866479,354968.695760
0,1,2,1,5.865791,354896.778600
0,1,2,1,5.865103,354846.455553
0,1,2,1,5.864415,354789.942700
0,1,2,1,5.863727,354789.386648
0,1,2,1,5.863039,354782.336719
0,1,2,1,5.862352,354780.348615
0,1,2,1,5.861665,354740.800727
0,1,2,1,5.860978,354732.872434
0,1,2,1,5.860291,354663.718942
0,1,2,1,5.859604,354662.131025
0,1,2,1,5.858917,354629.895071
0,1,2,1,5.858231,354567.625463
0,1,2,1,5.857545,354552.221642
0,1,2,1,5.856858,354406.389463
0,1,2,1,5.856172,354395.365754
0,1,2,1,5.855487,354290.784158
0,1,2,1,5.854801,354199.891690
0,1,2,1,5.854115,354183.670756
0,1,2,1,5.853430,353999.243942
0,1,2,1,5.852745,353960.338494
0,1,2,1,5.852060,353884.129594
0,1,2,1,5.851375,353880.609473
0,1,2,1,5.850690,353804.069494
0,1,2,1,5.850006,353707.682500
0,1,2,1,5.849321,353627.411303
0,1,2,1,5.848637,353620.380972
0,1,2,1,5.847953,353614.484399
0,1,2,1,5.847269,353363.081081
0,1,2,1,5.846586,353327.513140
0,1,2,1,5.845902,353145.097508
0,1,2,1,5.845219,352982.089963
0,1,2,1,5.844535,352905.817206
0,1,2,1,5.843852,352867.468994
0,1,2,1,5.843169,352865.241015
0,1,2,1,5.842487,352816.537328
0,1,2,1,5.841804,352754.682480
0,1,2,1,5.841121,352681.662759
0,1,2,1,5.840439,352580.166502
0,1,2,1,5.839757,352507.338331
0,1,2,1,5.839075,352416.353755
0,1,2,1,5.838393,352376.555095
0,1,2,1,5.837712,352255.274437
0,1,2,1,5.837030,352247.107290
0,1,2,1,5.836349,352197.113750
0,1,2,1,5.835668,352191.072195
0,1,2,1,5.834987,352189.074839
0,1,2,1,5.834306,352178.320106
0,1,2,1,5.833625,352099.244762
0,1,2,1,5.832944,352077.776716
0,1,2,1,5.832264,352039.666770
0,1,2,1,5.831584,352020.508107
0,1,2,1,5.830904,352001.438638
0,1,2,1,5.830224,351835.409204
0,1,2,1,5.829544,351770.820044
0,1,2,1,5.828865,351661.813293
0,1,2,1,5.828185,351660.453303
0,1,2,1,5.827506,351595.762491
0,1,2,1,5.826827,351541.640309
0,1,2,1,5.826148,351519.995768
0,1,2,1,5.825469,351473.642870
0,1,2,1,5.824790,351467.355017
0,1,2,1,5.824112,351441.374729
0,1,2,1,5.823433,351419.662695
0,1,2,1,5.822755,351380.166638
0,1,2,1,5.822077,351356.906146
0,1,2,1,5.821399,351309.246419
0,1,2,1,5.820722,351297.853402
0,1,2,1,5.820044,351270.509899
0,1,2,1,5.819367,351205.056427
0,1,2,1,5.818690,351202.111686
0,1,2,1,5.818013,351119.344571
0,1,2,1,5.817336,351110.573585
0,1,2,1,5.816659,351090.390790
0,1,2,1,5.815982,351013.039001
0,1,2,1,5.815306,350909.755417
0,1,2,1,5.814630,350747.092771
0,1,2,1,5.813953,350723.691278
0,1,2,1,5.813278,350719.934304
0,1,2,1,5.812602,350666.681890
0,1,2,1,5.811926,350659.208264
0,1,2,1,5.811251,350596.678360
0,1,2,1,5.810575,350555.816813
0,1,2,1,5.809900,350498.862791
0,1,2,1,5.809225,350490.852378
0,1,2,1,5.808550,350473.339115
0,1,2,1,5.807875,350441.342497
0,1,2,1,5.807201,350426.064896
0,1,2,1,5.806527,350410.476286
0,1,2,1,5.805852,350369.360736
0,1,2,1,5.805178,350238.597585
0,1,2,1,5.804504,350210.976868
0,1,2,1,5.803831,349843.523603
0,1,2,1,5.803157,349776.038506
0,1,2,1,5.802483,349760.505182
0,1,2,1,5.801810,349650.086075
0,1,2,1,5.801137,349444.204897
0,1,2,1,5.800464,349359.647321
0,1,2,1,5.799791,349316.052243
0,1,2,1,5.799119,349278.225503
0,1,2,1,5.798446,349233.866359
0,1,2,1,5.797774,349208.985487
0,1,2,1,5.797101,349080.257994
0,1,2,1,5.796429,349075.158694
0,1,2,1,5.795758,349065.647020
0,1,2,1,5.795086,348994.357748
0,1,2,1,5.794414,348931.050613
0,1,2,1,5.793743,348891.118729
0,1,2,1,5.793071,348670.969098
0,1,2,1,5.792400,348655.284870
0,1,2,1,5.791729,348620.549436
0,1,2,1,5.791059,348568.638095
0,1,2,1,5.790388,348316.802290
0,1,2,1,5.789717,348232.196634
0,1,2,1,5.789047,348138.275926
0,1,2,1,5.788377,348132.575084
0,1,2,1,5.787707,348094.085203
0,1,2,1,5.787037,347964.941912
0,1,2,1,5.786367,347869.332758
0,1,2,1,5.785698,347838.626421
0,1,2,1,5.785028,347795.201082
0,1,2,1,5.784359,347757.438703
0,1,2,1,5.783690,347750.459130
0,1,2,1,5.783021,347654.401823
0,1,2,1,5.782352,347597.866484
0,1,2,1,5.781684,347588.679872
0,1,2,1,5.781015,347573.583407
0,1,2,1,5.780347,347468.755354
0,1,2,1,5.779679,347399.688430
0,1,2,1,5.779011,347396.331585
0,1,2,1,5.778343,347376.900042
0,1,2,1,5.777675,347316.364059
0,1,2,1,5.777008,347221.950587
0,1,2,1,5.776340,347204.759337
0,1,2,1,5.775673,347155.161951
0,1,2,1,5.775006,347133.719137
0,1,2,1,5.774339,346989.920225
0,1,2,1,5.773672,346946.807501
0,1,2,1,5.773005,346921.109195
0,1,2,1,5.772339,346846.782316
0,1,2,1,5.771673,346792.887825
0,1,2,1,5.771006,346645.225195
0,1,2,1,5.770340,346571.405662
0,1,2,1,5.769675,346557.807171
0,1,2,1,5.769009,346540.542038
0,1,2,1,5.768343,346510.672041
0,1,2,1,5.767678,346481.202797
0,1,2,1,5.767013,346398.572703
0,1,2,1,5.766348,346381.314335
0,1,2,1,5.765683,346321.978905
0,1,2,1,5.765018,346229.235976
0,1,2,1,5.764353,346218.569050
0,1,2,1,5.763689,346006.613724
0,1,2,1,5.763024,345974.570607
0,1,2,1,5.762360,345970.799442
0,1,2,1,5.761696,345952.308008
0,1,2,1,5.761032,345910.412433
0,1,2,1,5.760369,345869.084845
0,1,2,1,5.759705,345810.144892
0,1,2,1,5.759042,345726.119436
0,1,2,1,5.758378,345681.571835
0,1,2,1,5.757715,345629.691046
0,1,2,1,5.757052,345459.972403
0,1,2,1,5.756390,345398.148770
0,1,2,1,5.755727,345382.387912
0,1,2,1,5.755064,345329.564042
0,1,2,1,5.754402,345323.977506
0,1,2,1,5.753740,345322.353000
0,1,2,1,5.753078,345184.618413
0,1,2,1,5.752416,344997.484931
0,1,2,1,5.751754,344960.092244
0,1,2,1,5.751093,344882.261869
0,1,2,1,5.750431,344852.753600
0,1,2,1,5.749770,344808.628307
0,1,2,1,5.749109,344781.312385
0,1,2,1,5.748448,344743.158642
0,1,2,1,5.747787,344716.858834
0,1,2,1,5.747126,344608.997706
0,1,2,1,5.746466,344592.865317
0,1,2,1,5.745806,344544.969076
0,1,2,1,5.745145,344514.253037
0,1,2,1,5.744485,344461.139247
0,1,2,1,5.743825,344442.447902
0,1,2,1,5.743166,344372.701148
0,1,2,1,5.742506,344354.398709
0,1,2,1,5.741847,344353.229322
0,1,2,1,5.741187,344345.927920
0,1,2,1,5.740528,344236.833469
0,1,2,1,5.739869,344158.205457
0,1,2,1,5.739210,344128.770193
0,1,2,1,5.738552,344057.713106
0,1,2,1,5.737893,344036.255458
0,1,2,1,5.737235,344030.292729
0,1,2,1,5.736576,344021.415182
0,1,2,1,5.735918,343931.635498
0,1,2,1,5.735260,343931.250004
0,1,2,1,5.734603,343927.334355
0,1,2,1,5.733945,343894.933161
0,1,2,1,5.733287,343873.161677
0,1,2,1,5.732630,343826.908041
0,1,2,1,5.731973,343784.283922
0,1,2,1,5.731316,343755.117471
0,1,2,1,5.730659,343750.793020
0,1,2,1,5.730002,343703.489466
0,1,2,1,5.729346,343686.573868
0,1,2,1,5.728689,343624.688108
0,1,2,1,5.728033,343556.840114
0,1,2,1,5.727377,343237.055338
0,1,2,1,5.726721,343230.337062
0,1,2,1,5.726065,343163.719134
0,1,2,1,5.725409,343092.137621
0,1,2,1,5.724754,343090.203733
0,1,2,1,5.724098,343021.258790
0,1,2,1,5.723443,342901.762960
0,1,2,1,5.722788,342842.430427
0,1,2,1,5.722133,342829.279255
0,1,2,1,5.721478,342797.992577
0,1,2,1,5.720824,342762.730033
0,1,2,1,5.720169,342633.542157
0,1,2,1,5.719515,342625.147905
0,1,2,1,5.718861,342525.779714
0,1,2,1,5.718207,342500.887159
0,1,2,1,5.717553,342460.619573
0,1,2,1,5.716899,342387.568746
0,1,2,1,5.716246,342347.297045
0,1,2,1,5.715592,342326.608371
0,1,2,1,5.714939,342325.651041
0,1,2,1,5.714286,342322.481371
0,1,2,1,5.713633,342275.711580
0,1,2,1,5.712980,342227.619266
0,1,2,1,5.712327,342217.624126
0,1,2,1,5.711675,342123.525843
0,1,2,1,5.711022,342123.293285
0,1,2,1,5.710370,342090.123435
0,1,2,1,5.709718,341962.480995
0,1,2,1,5.709066,341921.809710
0,1,2,1,5.708414,341815.054199
0,1,2,1,5.707763,341808.949317
0,1,2,1,5.707111,341751.949694
0,1,2,1,5.706460,341639.425189
0,1,2,1,5.705809,341625.916806
0,1,2,1,5.705157,341621.072703
0,1,2,1,5.704507,341609.206985
0,1,2,1,5.703856,341504.563486
0,1,2,1,5.703205,341495.746245
0,1,2,1,5.702555,341424.449973
0,1,2,1,5.701904,341410.111502
0,1,2,1,5.701254,341409.629024
0,1,2,1,5.700604,341371.764968
0,1,2,1,5.699954,341308.893514
0,1,2,1,5.699305,341298.121667
0,1,2,1,5.698655,341208.945042
0,1,2,1,5.698006,341186.739475
0,1,2,1,5.697356,341157.666724
0,1,2,1,5.696707,341155.310240
0,1,2,1,5.696058,341153.186618
0,1,2,1,5.695409,341023.015410
0,1,2,1,5.694761,340998.967801
0,1,2,1,5.694112,340870.291141
0,1,2,1,5.693464,340854.032774
0,1,2,1,5.692816,340824.626632
0,1,2,1,5.692168,340809.354719
0,1,2,1,5.691520,340798.616497
0,1,2,1,5.690872,340767.183965
0,1,2,1,5.690224,340720.883680
0,1,2,1,5.689577,340609.090935
0,1,2,1,5.688929,340600.463064
0,1,2,1,5.688282,340599.966561
0,1,2,1,5.687635,340595.295589
0,1,2,1,5.686988,340540.491322
0,1,2,1,5.686341,340460.239536
0,1,2,1,5.685695,340444.105327
0,1,2,1,5.685048,340354.679229
0,1,2,1,5.684402,340340.351560
0,1,2,1,5.683756,340078.789608
0,1,2,1,5.683110,340068.090486
0,1,2,1,5.682464,339945.495080
0,1,2,1,5.681818,339920.535419
0,1,2,1,5.681173,339888.857880
0,1,2,1,5.680527,339850.380001
0,1,2,1,5.679882,339832.929763
0,1,2,1,5.679237,339788.545654
0,1,2,1,5.678592,339759.741595
0,1,2,1,5.677947,339711.167733
0,1,2,1,5.677302,339618.601817
0,1,2,1,5.676658,339535.599764
0,1,2,1,5.676013,339351.801770
0,1,2,1,5.675369,339326.104433
0,1,2,1,5.674725,339169.454871
0,1,2,1,5.674081,339159.586575
0,1,2,1,5.673437,339155.019630
0,1,2,1,5.672793,339114.850930
0,1,2,1,5.672150,339006.437561
0,1,2,1,5.671506,338861.189843
0,1,2,1,5.670863,338832.361465
0,1,2,1,5.670220,338762.209042
0,1,2,1,5.669577,338707.672652
0,1,2,1,5.668934,338703.453466
0,1,2,1,5.668292,338534.533345
0,1,2,1,5.667649,338470.572739
0,1,2,1,5.667007,338464.192917
0,1,2,1,5.666364,338425.056386
0,1,2,1,5.665722,338422.542797
0,1,2,1,5.665080,338343.689874
0,1,2,1,5.664439,338298.671469
0,1,2,1,5.663797,338274.421283
0,1,2,1,5.663156,338140.661220
0,1,2,1,5.662514,338105.892944
0,1,2,1,5.661873,338099.751338
0,1,2,1,5.661232,338078.848055
0,1,2,1,5.660591,337944.960810
0,1,2,1,5.659950,337896.949184
0,1,2,1,5.659310,337556.148588
0,1,2,1,5.658669,337544.042196
0,1,2,1,5.658029,337465.024639
0,1,2,1,5.657389,337311.701057
0,1,2,1,5.656749,337183.867396
0,1,2,1,5.656109,336899.620771
0,1,2,1,5.655469,336885.117016
0,1,2,1,5.654829,336849.074210
0,1,2,1,5.654190,336820.376505
0,1,2,1,5.653550,336786.064017
0,1,2,1,5.652911,336772.824044
0,1,2,1,5.652272,336732.509466
0,1,2,1,5.651633,336636.773245
0,1,2,1,5.650995,336578.108580
0,1,2,1,5.650356,336548.222155
0,1,2,1,5.649718,336487.278131
0,1,2,1,5.649079,336469.767681
0,1,2,1,5.648441,336469.476974
0,1,2,1,5.647803,336461.758167
0,1,2,1,5.647165,336437.486099
0,1,2,1,5.646527,336418.349160
0,1,2,1,5.645890,336391.238081
0,1,2,1,5.645252,336370.800123
0,1,2,1,5.644615,336356.824697
0,1,2,1,5.643978,336338.639193
0,1,2,1,5.643341,336319.557566
0,1,2,1,5.642704,336220.376130
0,1,2,1,5.642067,336178.516221
0,1,2,1,5.641431,336147.710690
0,1,2,1,5.640794,336060.399510
0,1,2,1,5.640158,335995.605462
0,1,2,1,5.639522,335983.785318
0,1,2,1,5.638886,335949.628784
0,1,2,1,5.638250,335931.750003
0,1,2,1,5.637614,335662.877652
0,1,2,1,5.636979,335623.825362
0,1,2,1,5.636343,335497.278977
0,1,2,1,5.635708,335369.362815
0,1,2,1,5.635073,335301.212953
0,1,2,1,5.634438,335266.383423
0,1,2,1,5.633803,335222.543325
0,1,2,1,5.633168,335137.574091
0,1,2,1,5.632534,335114.627949
0,1,2,1,5.631899,334969.234998
0,1,2,1,5.631265,334941.652942
0,1,2,1,5.630631,334922.638330
0,1,2,1,5.629997,334748.143975
0,1,2,1,5.629363,334735.031686
0,1,2,1,5.628729,334691.474247
0,1,2,1,5.628095,334638.569584
0,1,2,1,5.627462,334633.741347
0,1,2,1,5.626829,334601.987617
0,1,2,1,5.626196,334490.516363
0,1,2,1,5.625563,334460.765561
0,1,2,1,5.624930,334305.018135
0,1,2,1,5.624297,334283.311735
0,1,2,1,5.623664,334279.481447
0,1,2,1,5.623032,334229.191937
0,1,2,1,5.622400,334205.804201
0,1,2,1,5.621767,334191.189462
0,1,2,1,5.621135,334101.326255
0,1,2,1,5.620504,334092.764460
0,1,2,1,5.619872,334081.967159
0,1,2,1,5.619240,333903.786917
0,1,2,1,5.618609,333840.788975
0,1,2,1,5.617978,333818.216103
0,1,2,1,5.617346,333797.924559
0,1,2,1,5.616715,333755.802939
0,1,2,1,5.616084,333718.422558
0,1,2,1,5.615454,333698.387878
0,1,2,1,5.614823,333647.848344
0,1,2,1,5.614193,333588.602959
0,1,2,1,5.613562,333562.917296
0,1,2,1,5.612932,333524.235789
0,1,2,1,5.612302,333441.164408
0,1,2,1,5.611672,333372.110833
0,1,2,1,5.611043,333359.519506
0,1,2,1,5.610413,333350.963090
0,1,2,1,5.609783,333300.790836
0,1,2,1,5.609154,333206.641594
0,1,2,1,5.608525,333177.896578
0,1,2,1,5.607896,333176.286521
0,1,2,1,5.607267,333112.215884
0,1,2,1,5.606638,332989.163966
0,1,2,1,5.606010,332967.660239
0,1,2,1,5.605381,332962.342475
0,1,2,1,5.604753,332892.693490
0,1,2,1,5.604125,332876.175182
0,1,2,1,5.603497,332857.529566
0,1,2,1,5.602869,332749.549842
0,1,2,1,5.602241,332631.834856
0,1,2,1,5.601613,332571.504670
0,1,2,1,5.600986,332520.479122
0,1,2,1,5.600358,332387.816592
0,1,2,1,5.599731,332374.695487
0,1,2,1,5.599104,332337.906842
0,1,2,1,5.598477,332235.651571
0,1,2,1,5.597850,332070.355647
0,1,2,1,5.597224,331975.224361
0,1,2,1,5.596597,331880.448878
0,1,2,1,5.595971,331851.036264
0,1,2,1,5.595345,331828.066129
0,1,2,1,5.594719,331819.824349
0,1,2,1,5.594093,331781.917363
0,1,2,1,5.593467,331768.425166
0,1,2,1,5.592841,331626.707149
0,1,2,1,5.592216,331577.975545
0,1,2,1,5.591590,331563.108353
0,1,2,1,5.590965,331510.785880
0,1,2,1,5.590340,331411.548177
0,1,2,1,5.589715,331326.448903
0,1,2,1,5.589090,331315.518689
0,1,2,1,5.588465,331302.495022
0,1,2,1,5.587841,331277.130654
0,1,2,1,5.587216,331249.986403
0,1,2,1,5.586592,331190.369480
0,1,2,1,5.585968,331162.392235
0,1,2,1,5.585344,331137.986960
0,1,2,1,5.584720,331024.282549
0,1,2,1,5.584096,331001.029190
0,1,2,1,5.583473,330998.664293
0,1,2,1,5.582849,330993.310338
0,1,2,1,5.582226,330960.059883
0,1,2,1,5.581603,330909.266307
0,1,2,1,5.580980,330855.726599
0,1,2,1,5.580357,330816.619501
0,1,2,1,5.579734,330768.130774
0,1,2,1,5.579112,330762.929104
0,1,2,1,5.578489,330751.369952
0,1,2,1,5.577867,330749.501599
0,1,2,1,5.577245,330727.021939
0,1,2,1,5.576623,330708.567558
0,1,2,1,5.576001,330658.378613
0,1,2,1,5.575379,330626.381668
0,1,2,1,5.574757,330605.843576
0,1,2,1,5.574136,330567.030828
0,1,2,1,5.573515,330539.570191
0,1,2,1,5.572893,330499.086447
0,1,2,1,5.572272,330493.953185
0,1,2,1,5.571651,330474.916465
0,1,2,1,5.571031,330393.129919
0,1,2,1,5.570410,330310.816347
0,1,2,1,5.569789,330254.941495
0,1,2,1,5.569169,330176.485902
0,1,2,1,5.568549,330169.423599
0,1,2,1,5.567929,330139.556072
0,1,2,1,5.567309,330054.796137
0,1,2,1,5.566689,329983.980840
0,1,2,1,5.566069,329981.487524
0,1,2,1,5.565450,329978.539728
0,1,2,1,5.564830,329869.907531
0,1,2,1,5.564211,329859.571373
0,1,2,1,5.563592,329858.899518
0,1,2,1,5.562973,329721.381910
0,1,2,1,5.562354,329594.983983
0,1,2,1,5.561735,329558.032817
0,1,2,1,5.561117,329547.273697
0,1,2,1,5.560498,329514.294247
0,1,2,1,5.559880,329507.079607
0,1,2,1,5.559262,329448.370844
0,1,2,1,5.558644,329428.510383
0,1,2,1,5.558026,329401.627864
0,1,2,1,5.557408,329338.497113
0,1,2,1,5.556790,329296.257417
0,1,2,1,5.556173,329229.341795
0,1,2,1,5.555556,329188.467255
0,1,2,1,5.554938,329156.807817
0,1,2,1,5.554321,329152.265633
0,1,2,1,5.553704,329125.250339
0,1,2,1,5.553088,329062.385220
0,1,2,1,5.552471,329025.218401
0,1,2,1,5.551854,328992.693578
0,1,2,1,5.551238,328977.145995
0,1,2,1,5.550622,328861.655605
0,1,2,1,5.550006,328741.503427
0,1,2,1,5.549390,328725.678460
0,1,2,1,5.548774,328541.313792
0,1,2,1,5.548158,328524.071172
0,1,2,1,5.547542,328264.513088
0,1,2,1,5.546927,328227.447896
0,1,2,1,5.546312,328100.870415
0,1,2,1,5.545697,328084.221837
0,1,2,1,5.545082,328038.561604
0,1,2,1,5.544467,328024.985722
0,1,2,1,5.543852,327991.608819
0,1,2,1,5.543237,327973.989114
0,1,2,1,5.542623,327945.711973
0,1,2,1,5.542008,327924.447366
0,1,2,1,5.541394,327915.248008
0,1,2,1,5.540780,327866.464565
0,1,2,1,5.540166,327856.966828
0,1,2,1,5.539552,327839.071984
0,1,2,1,5.538939,327834.256907
0,1,2,1,5.538325,327792.989803
0,1,2,1,5.537712,327749.816690
0,1,2,1,5.537099,327682.451154
0,1,2,1,5.536485,327598.882913
0,1,2,1,5.535872,327340.018386
0,1,2,1,5.535260,327325.399101
0,1,2,1,5.534647,327275.086418
0,1,2,1,5.534034,327265.190595
0,1,2,1,5.533422,327227.892861
0,1,2,1,5.532810,327185.315802
0,1,2,1,5.532197,327161.782659
0,1,2,1,5.531585,327115.674562
0,1,2,1,5.530973,327062.769490
0,1,2,1,5.530362,327029.339036
0,1,2,1,5.529750,327023.949510
0,1,2,1,5.529139,327003.616382
0,1,2,1,5.528527,326917.939535
0,1,2,1,5.527916,326861.031905
0,1,2,1,5.527305,326855.507179
0,1,2,1,5.526694,326831.439397
0,1,2,1,5.526083,326702.314209
0,1,2,1,5.525472,326643.390716
0,1,2,1,5.524862,326640.288358
0,1,2,1,5.524251,326629.799392
0,1,2,1,5.523641,326576.402686
0,1,2,1,5.523031,326459.619645
0,1,2,1,5.522421,326224.046995
0,1,2,1,5.521811,326156.523373
0,1,2,1,5.521201,326121.889556
0,1,2,1,5.520592,326100.098259
0,1,2,1,5.519982,326042.901309
0,1,2,1,5.519373,325976.518878
0,1,2,1,5.518764,325846.772407
0,1,2,1,5.518155,325842.898382
0,1,2,1,5.517546,325824.177241
0,1,2,1,5.516937,325752.732883
0,1,2,1,5.516328,325745.668997
0,1,2,1,5.515720,325727.487149
0,1,2,1,5.515111,325713.621819
0,1,2,1,5.514503,325675.594575
0,1,2,1,5.513895,325673.355588
0,1,2,1,5.513287,325636.084154
0,1,2,1,5.512679,325519.306168
0,1,2,1,5.512071,325413.595470
0,1,2,1,5.511464,325406.521934
0,1,2,1,5.510856,325395.780732
0,1,2,1,5.510249,325381.997587
0,1,2,1,5.509642,325301.416735
0,1,2,1,5.509035,325270.706516
0,1,2,1,5.508428,325224.893013
0,1,2,1,5.507821,325138.272668
0,1,2,1,5.507214,325011.973514
0,1,2,1,5.506608,324986.075549
0,1,2,1,5.506002,324979.552382
0,1,2,1,5.505395,324892.384077
0,1,2,1,5.504789,324889.061788
0,1,2,1,5.504183,324646.382924
0,1,2,1,5.503577,324595.650514
0,1,2,1,5.502972,324582.058042
0,1,2,1,5.502366,324514.294983
0,1,2,1,5.501761,324449.382462
0,1,2,1,5.501155,324269.900243
0,1,2,1,5.500550,324225.461252
0,1,2,1,5.499945,324207.511127
0,1,2,1,5.499340,323954.034812
0,1,2,1,5.498735,323951.894479
0,1,2,1,5.498131,323943.505190
0,1,2,1,5.497526,323652.058496
0,1,2,1,5.496922,323651.951751
0,1,2,1,5.496317,323395.760676
0,1,2,1,5.495713,323313.698314
0,1,2,1,5.495109,323265.031404
0,1,2,1,5.494505,323191.011986
0,1,2,1,5.493902,323181.092134
0,1,2,1,5.493298,323128.480919
0,1,2,1,5.492695,323079.940393
0,1,2,1,5.492091,322994.296258
0,1,2,1,5.491488,322985.746692
0,1,2,1,5.490885,322959.216818
0,1,2,1,5.490282,322947.318779
0,1,2,1,5.489679,322914.872904
0,1,2,1,5.489077,322890.691915
0,1,2,1,5.488474,322776.703414
0,1,2,1,5.487872,322686.675185
0,1,2,1,5.487270,322676.753390
0,1,2,1,5.486667,322668.135906
0,1,2,1,5.486065,322600.753328
0,1,2,1,5.485464,322595.096653
0,1,2,1,5.484862,322579.167806
0,1,2,1,5.484260,322546.018191
0,1,2,1,5.483659,322504.031412
0,1,2,1,5.483057,322465.424671
0,1,2,1,5.482456,322430.922624
0,1,2,1,5.481855,322425.633849
0,1,2,1,5.481254,322401.789674
0,1,2,1,5.480653,322359.422036
0,1,2,1,5.480053,322208.367655
0,1,2,1,5.479452,322152.375799
0,1,2,1,5.478852,322148.554109
0,1,2,1,5.478251,322139.907858
0,1,2,1,5.477651,322106.016935
0,1,2,1,5.477051,322024.523133
0,1,2,1,5.476451,321793.771796
0,1,2,1,5.475851,321785.108575
0,1,2,1,5.475252,321745.360337
0,1,2,1,5.474652,321704.621180
0,1,2,1,5.474053,321573.742804
0,1,2,1,5.473454,321546.584747
0,1,2,1,5.472855,321541.624504
0,1,2,1,5.472256,321513.837330
0,1,2,1,5.471657,321479.329555
0,1,2,1,5.471058,321420.286748
0,1,2,1,5.470460,321282.897669
0,1,2,1,5.469861,321164.298289
0,1,2,1,5.469263,321150.767572
0,1,2,1,5.468665,321110.854081
0,1,2,1,5.468066,321084.315327
0,1,2,1,5.467469,321063.756219
0,1,2,1,5.466871,321042.856450
0,1,2,1,5.466273,321029.020945
0,1,2,1,5.465676,320994.073071
0,1,2,1,5.465078,320910.817876
0,1,2,1,5.464481,320878.765867
0,1,2,1,5.463884,320752.073283
0,1,2,1,5.463287,320736.760663
0,1,2,1,5.462690,320706.124078
0,1,2,1,5.462093,320700.235256
0,1,2,1,5.461496,320663.917636
0,1,2,1,5.460900,320654.297504
0,1,2,1,5.460304,320629.767533
0,1,2,1,5.459707,320562.634612
0,1,2,1,5.459111,320531.452998
0,1,2,1,5.458515,320518.910207
0,1,2,1,5.457919,320475.031185
0,1,2,1,5.457324,320383.936289
0,1,2,1,5.456728,320281.497275
0,1,2,1,5.456133,320246.823780
0,1,2,1,5.455537,320111.295218
0,1,2,1,5.454942,320091.302201
0,1,2,1,5.454347,320067.467968
0,1,2,1,5.453752,320045.148317
0,1,2,1,5.453157,320038.212508
0,1,2,1,5.452563,320026.507085
0,1,2,1,5.451968,320019.208042
0,1,2,1,5.451374,319913.185072
0,1,2,1,5.450779,319826.495008
0,1,2,1,5.450185,319723.084644
0,1,2,1,5.449591,319708.124852
0,1,2,1,5.448997,319683.934330
0,1,2,1,5.448404,319569.495763
0,1,2,1,5.447810,319540.605204
0,1,2,1,5.447216,319456.204682
0,1,2,1,5.446623,319455.669887
0,1,2,1,5.446030,319448.870918
0,1,2,1,5.445437,319422.115835
0,1,2,1,5.444844,319381.203237
0,1,2,1,5.444251,319362.490675
0,1,2,1,5.443658,319336.265325
0,1,2,1,5.443066,319329.870827
0,1,2,1,5.442473,319150.849629
0,1,2,1,5.441881,319036.586382
0,1,2,1,5.441288,319031.085189
0,1,2,1,5.440696,318995.749056
0,1,2,1,5.440104,318921.459510
0,1,2,1,5.439513,318874.036490
0,1,2,1,5.438921,318866.546316
0,1,2,1,5.438329,318848.440085
0,1,2,1,5.437738,318841.568313
0,1,2,1,5.437147,318829.032422
0,1,2,1,5.436555,318693.765615
0,1,2,1,5.435964,318675.225629
0,1,2,1,5.435373,318666.034677
0,1,2,1,5.434783,318586.059922
0,1,2,1,5.434192,318562.858414
0,1,2,1,5.433601,318540.440835
0,1,2,1,5.433011,318507.095727
0,1,2,1,5.432421,318499.704742
0,1,2,1,5.431831,318485.742887
0,1,2,1,5.431240,318444.530083
0,1,2,1,5.430651,318443.571053
0,1,2,1,5.430061,318415.992854
0,1,2,1,5.429471,318403.971228
0,1,2,1,5.428882,318395.838495
0,1,2,1,5.428292,318374.494646
0,1,2,1,5.427703,318369.119420
0,1,2,1,5.427114,318154.313248
0,1,2,1,5.426525,318104.335055
0,1,2,1,5.425936,317999.702946
0,1,2,1,5.425347,317969.459040
0,1,2,1,5.424759,317954.724728
0,1,2,1,5.424170,317914.348832
0,1,2,1,5.423582,317844.257866
0,1,2,1,5.422993,317798.336236
0,1,2,1,5.422405,317666.388029
0,1,2,1,5.421817,317657.647368
0,1,2,1,5.421230,317613.573422
0,1,2,1,5.420642,317597.617224
0,1,2,1,5.420054,317576.161484
0,1,2,1,5.419467,317354.435230
0,1,2,1,5.418879,317216.326234
0,1,2,1,5.418292,317207.179495
0,1,2,1,5.417705,317159.243155
0,1,2,1,5.417118,317111.060376
0,1,2,1,5.416531,317072.675995
0,1,2,1,5.415945,316891.213085
0,1,2,1,5.415358,316873.248248
0,1,2,1,5.414771,316822.406553
0,1,2,1,5.414185,316732.038702
0,1,2,1,5.413599,316722.585878
0,1,2,1,5.413013,316612.161388
0,1,2,1,5.412427,316586.076064
0,1,2,1,5.411841,316500.827853
0,1,2,1,5.411255,316493.157558
0,1,2,1,5.410670,316455.651518
0,1,2,1,5.410084,316428.372574
0,1,2,1,5.409499,316321.188939
0,1,2,1,5.408914,316213.037194
0,1,2,1,5.408329,316156.981754
0,1,2,1,5.407744,316140.493627
0,1,2,1,5.407159,316131.618420
0,1,2,1,5.406574,316071.705517
0,1,2,1,5.405990,316045.229767
0,1,2,1,5.405405,316037.016955
0,1,2,1,5.404821,315979.163754
0,1,2,1,5.404237,315832.153103
0,1,2,1,5.403653,315533.632178
0,1,2,1,5.403069,315487.093840
0,1,2,1,5.402485,315393.542055
0,1,2,1,5.401901,315393.481508
0,1,2,1,5.401318,315353.618652
0,1,2,1,5.400734,315325.609203
0,1,2,1,5.400151,315307.956798
0,1,2,1,5.399568,315097.283766
0,1,2,1,5.398985,314966.801158
0,1,2,1,5.398402,314964.320462
0,1,2,1,5.397819,314934.274938
0,1,2,1,5.397237,314891.208493
0,1,2,1,5.396654,314859.184100
0,1,2,1,5.396072,314746.925137
0,1,2,1,5.395489,314740.294465
0,1,2,1,5.394907,314738.929122
0,1,2,1,5.394325,314728.694692
0,1,2,1,5.393743,314684.653895
0,1,2,1,5.393161,314358.237092
0,1,2,1,5.392580,314337.282991
0,1,2,1,5.391998,314308.140973
0,1,2,1,5.391417,314253.729197
0,1,2,1,5.390836,314218.843185
0,1,2,1,5.390254,314188.968979
0,1,2,1,5.389673,314188.229976
0,1,2,1,5.389092,314180.735873
0,1,2,1,5.388512,314163.598432
0,1,2,1,5.387931,314109.226179
0,1,2,1,5.387351,314094.293573
0,1,2,1,5.386770,313921.769967
0,1,2,1,5.386190,313860.331947
0,1,2,1,5.385610,313801.023984
0,1,2,1,5.385030,313711.646129
0,1,2,1,5.384450,313639.760445
0,1,2,1,5.383870,313631.022646
0,1,2,1,5.383290,313596.940060
0,1,2,1,5.382711,313579.580058
0,1,2,1,5.382131,313536.558771
0,1,2,1,5.381552,313494.633666
0,1,2,1,5.380973,313402.015922
0,1,2,1,5.380394,313303.127499
0,1,2,1,5.379815,313246.469411
0,1,2,1,5.379236,313234.742012
0,1,2,1,5.378657,313217.697547
0,1,2,1,5.378079,313109.692643
0,1,2,1,5.377501,313084.334043
0,1,2,1,5.376922,313059.363397
0,1,2,1,5.376344,312936.387706
0,1,2,1,5.375766,312782.398110
0,1,2,1,5.375188,312753.101631
0,1,2,1,5.374610,312664.145634
0,1,2,1,5.374033,312575.466095
0,1,2,1,5.373455,312527.581781
0,1,2,1,5.372878,312330.426906
0,1,2,1,5.372300,312312.699259
0,1,2,1,5.371723,312307.524597
0,1,2,1,5.371146,312280.355281
0,1,2,1,5.370569,312204.583009
0,1,2,1,5.369992,312177.787815
0,1,2,1,5.369416,312042.061977
0,1,2,1,5.368839,312010.003882
0,1,2,1,5.368263,311992.268728
0,1,2,1,5.367687,311975.451276
0,1,2,1,5.367110,311967.560332
0,1,2,1,5.366534,311908.746503
0,1,2,1,5.365958,311878.220095
0,1,2,1,5.365383,311756.739135
0,1,2,1,5.364807,311745.880087
0,1,2,1,5.364231,311741.494163
0,1,2,1,5.363656,311687.767947
0,1,2,1,5.363081,311644.445413
0,1,2,1,5.362505,311472.981557
0,1,2,1,5.361930,311372.382218
0,1,2,1,5.361355,311354.479566
0,1,2,1,5.360781,311297.305767
0,1,2,1,5.360206,311279.283983
0,1,2,1,5.359631,311269.312828
0,1,2,1,5.359057,311201.515456
0,1,2,1,5.358482,311192.302277
0,1,2,1,5.357908,310968.476129
0,1,2,1,5.357334,310828.147082
0,1,2,1,5.356760,310784.615854
0,1,2,1,5.356186,310751.173406
0,1,2,1,5.355613,310712.734497
0,1,2,1,5.355039,310665.922303
0,1,2,1,5.354466,310657.508989
0,1,2,1,5.353892,310387.751288
0,1,2,1,5.353319,310341.943440
0,1,2,1,5.352746,310322.188747
0,1,2,1,5.352173,310245.710702
0,1,2,1,5.351600,310133.539743
0,1,2,1,5.351027,309895.025138
0,1,2,1,5.350455,309881.597842
0,1,2,1,5.349882,309857.446092
0,1,2,1,5.349310,309808.107639
0,1,2,1,5.348738,309798.895288
0,1,2,1,5.348166,309780.914978
0,1,2,1,5.347594,309683.337717
0,1,2,1,5.347022,309639.648769
0,1,2,1,5.346450,309576.540711
0,1,2,1,5.345878,309576.163679
0,1,2,1,5.345307,309537.535365
0,1,2,1,5.344735,309483.344142
0,1,2,1,5.344164,309446.370252
0,1,2,1,5.343593,309434.181538
0,1,2,1,5.343022,309376.328847
0,1,2,1,5.342451,309332.904505
0,1,2,1,5.341880,309311.568579
0,1,2,1,5.341310,309306.944584
0,1,2,1,5.340739,309200.924650
0,1,2,1,5.340169,309173.764625
0,1,2,1,5.339598,309167.298974
0,1,2,1,5.339028,309116.972445
0,1,2,1,5.338458,309101.571025
0,1,2,1,5.337888,309040.875199
0,1,2,1,5.337319,308982.568807
0,1,2,1,5.336749,308956.727928
0,1,2,1,5.336179,308950.863189
0,1,2,1,5.335610,308759.985085
0,1,2,1,5.335041,308755.822621
0,1,2,1,5.334471,308729.245996
0,1,2,1,5.333902,308396.737829
0,1,2,1,5.333333,308263.300616
0,1,2,1,5.332765,308255.520945
0,1,2,1,5.332196,308249.272380
0,1,2,1,5.331627,308128.454120
0,1,2,1,5.331059,308105.339466
0,1,2,1,5.330490,308078.913421
0,1,2,1,5.329922,308058.927653
0,1,2,1,5.329354,308057.331580
0,1,2,1,5.328786,308029.553335
0,1,2,1,5.328218,308024.881139
0,1,2,1,5.327651,307895.120513
0,1,2,1,5.327083,307880.486941
0,1,2,1,5.326515,307866.519533
0,1,2,1,5.325948,307832.614489
0,1,2,1,5.325381,307778.286709
0,1,2,1,5.324814,307728.594090
0,1,2,1,5.324247,307678.072950
0,1,2,1,5.323680,307551.242076
0,1,2,1,5.323113,307545.792307
0,1,2,1,5.322546,307488.093569
0,1,2,1,5.321980,307456.248806
0,1,2,1,5.321413,307446.259437
0,1,2,1,5.320847,307401.443263
0,1,2,1,5.320281,307348.982996
0,1,2,1,5.319715,307335.982176
0,1,2,1,5.319149,307277.765526
0,1,2,1,5.318583,307262.472580
0,1,2,1,5.318017,307225.490145
0,1,2,1,5.317452,307207.869426
0,1,2,1,5.316886,306971.595262
0,1,2,1,5.316321,306953.114084
0,1,2,1,5.315756,306948.862253
0,1,2,1,5.315191,306944.724259
0,1,2,1,5.314626,306939.030154
0,1,2,1,5.314061,306896.979880
0,1,2,1,5.313496,306884.793060
0,1,2,1,5.312932,306849.243090
0,1,2,1,5.312367,306807.379745
0,1,2,1,5.311803,306684.498999
0,1,2,1,5.311239,306670.825484
0,1,2,1,5.310674,306662.364495
0,1,2,1,5.310110,306630.602028
0,1,2,1,5.309547,306622.563825
0,1,2,1,5.308983,306483.119015
0,1,2,1,5.308419,306468.707480
0,1,2,1,5.307856,306389.465508
0,1,2,1,5.307292,306360.810048
0,1,2,1,5.306729,306193.847734
0,1,2,1,5.306166,306076.441310
0,1,2,1,5.305603,306067.049809
0,1,2,1,5.305040,306056.062991
0,1,2,1,5.304477,305983.362765
0,1,2,1,5.303914,305955.105265
0,1,2,1,5.303352,305953.175223
0,1,2,1,5.302789,305880.684299
0,1,2,1,5.302227,305833.303327
0,1,2,1,5.301665,305827.036406
0,1,2,1,5.301103,305812.928893
0,1,2,1,5.300541,305796.542051
0,1,2,1,5.299979,305712.378215
0,1,2,1,5.299417,305686.515954
0,1,2,1,5.298855,305633.304118
0,1,2,1,5.298294,305573.636658
0,1,2,1,5.297733,305554.855754
0,1,2,1,5.297171,305527.120838
0,1,2,1,5.296610,305521.650278
0,1,2,1,5.296049,305410.699777
0,1,2,1,5.295488,305385.026574
0,1,2,1,5.294927,305302.953494
0,1,2,1,5.294367,305265.455985
0,1,2,1,5.293806,305247.239618
0,1,2,1,5.293246,305226.679405
0,1,2,1,5.292686,305222.627071
0,1,2,1,5.292125,305206.320918
0,1,2,1,5.291565,305173.666603
0,1,2,1,5.291005,305101.644609
0,1,2,1,5.290445,305098.670951
0,1,2,1,5.289886,305054.131866
0,1,2,1,5.289326,305047.877668
0,1,2,1,5.288767,305026.962468
0,1,2,1,5.288207,304877.027223
0,1,2,1,5.287648,304849.719772
0,1,2,1,5.287089,304812.320894
0,1,2,1,5.286530,304764.011886
0,1,2,1,5.285971,304759.353770
0,1,2,1,5.285412,304613.965435
0,1,2,1,5.284854,304513.287730
0,1,2,1,5.284295,304509.835015
0,1,2,1,5.283737,304502.349118
0,1,2,1,5.283178,304496.633263
0,1,2,1,5.282620,304476.147027
0,1,2,1,5.282062,304296.932255
0,1,2,1,5.281504,304264.504990
0,1,2,1,5.280946,304193.104739
0,1,2,1,5.280389,304178.736150
0,1,2,1,5.279831,304041.710840
0,1,2,1,5.279274,304028.207610
0,1,2,1,5.278716,303928.414934
0,1,2,1,5.278159,303857.415378
0,1,2,1,5.277602,303854.608370
0,1,2,1,5.277045,303828.319215
0,1,2,1,5.276488,303808.013694
0,1,2,1,5.275931,303766.382724
0,1,2,1,5.275375,303759.505606
0,1,2,1,5.274818,303627.570277
0,1,2,1,5.274262,303540.144543
0,1,2,1,5.273705,303377.455324
0,1,2,1,5.273149,303369.850980
0,1,2,1,5.272593,303325.773952
0,1,2,1,5.272037,303323.479389
0,1,2,1,5.271481,303275.254835
0,1,2,1,5.270926,303244.241441
0,1,2,1,5.270370,303221.043171
0,1,2,1,5.269815,303123.608435
0,1,2,1,5.269259,303112.165044
0,1,2,1,5.268704,303107.958960
0,1,2,1,5.268149,302901.711818
0,1,2,1,5.267594,302771.125154
0,1,2,1,5.267039,302671.087570
0,1,2,1,5.266484,302667.698979
0,1,2,1,5.265929,302550.311730
0,1,2,1,5.265375,302549.758232
0,1,2,1,5.264820,302476.658506
0,1,2,1,5.264266,302388.566233
0,1,2,1,5.263712,302362.023384
0,1,2,1,5.263158,302356.635411
0,1,2,1,5.262604,302292.489449
0,1,2,1,5.262050,302275.126793
0,1,2,1,5.261496,302258.965928
0,1,2,1,5.260943,302230.335979
0,1,2,1,5.260389,302149.765875
0,1,2,1,5.259836,302089.945964
0,1,2,1,5.259283,302079.103550
0,1,2,1,5.258729,302022.235797
0,1,2,1,5.258176,301883.849461
0,1,2,1,5.257624,301718.748813
0,1,2,1,5.257071,301700.063300
0,1,2,1,5.256518,301651.387337
0,1,2,1,5.255966,301643.421483
0,1,2,1,5.255413,301480.361705
0,1,2,1,5.254861,301444.069720
0,1,2,1,5.254309,301384.495073
0,1,2,1,5.253756,301361.563290
0,1,2,1,5.253204,301348.384333
0,1,2,1,5.252653,301215.898793
0,1,2,1,5.252101,301150.414406
0,1,2,1,5.251549,301116.868306
0,1,2,1,5.250998,301011.512246
0,1,2,1,5.250446,300888.527682
0,1,2,1,5.249895,300846.933313
0,1,2,1,5.249344,300746.126410
0,1,2,1,5.248793,300691.021582
0,1,2,1,5.248242,300626.907169
0,1,2,1,5.247691,300617.935244
0,1,2,1,5.247140,300519.001534
0,1,2,1,5.246590,300518.338695
0,1,2,1,5.246039,300488.452728
0,1,2,1,5.245489,300484.051012
0,1,2,1,5.244939,300460.668684
0,1,2,1,5.244389,300418.832921
0,1,2,1,5.243838,300361.001739
0,1,2,1,5.243289,300246.446342
0,1,2,1,5.242739,300123.852193
0,1,2,1,5.242189,300106.908777
0,1,2,1,5.241640,299977.813168
0,1,2,1,5.241090,299911.889779
0,1,2,1,5.240541,299879.168294
0,1,2,1,5.239992,299878.220633
0,1,2,1,5.239443,299773.284729
0,1,2,1,5.238894,299757.934972
0,1,2,1,5.238345,299715.650539
0,1,2,1,5.237796,299694.015150
0,1,2,1,5.237247,299661.758842
0,1,2,1,5.236699,299599.078912
0,1,2,1,5.236150,299516.993544
0,1,2,1,5.235602,299488.741259
0,1,2,1,5.235054,299481.566554
0,1,2,1,5.234506,299276.865054
0,1,2,1,5.233958,299275.568370
0,1,2,1,5.233410,299247.636634
0,1,2,1,5.232862,299239.962108
0,1,2,1,5.232315,299238.004421
0,1,2,1,5.231767,299068.617160
0,1,2,1,5.231220,299024.796318
0,1,2,1,5.230673,299003.289429
0,1,2,1,5.230126,298998.541982
0,1,2,1,5.229578,298852.850084
0,1,2,1,5.229032,298737.928154
0,1,2,1,5.228485,298574.528537
0,1,2,1,5.227938,298564.205187
0,1,2,1,5.227392,298559.199896
0,1,2,1,5.226845,298555.287913
0,1,2,1,5.226299,298549.070357
0,1,2,1,5.225753,298528.383011
0,1,2,1,5.225206,298522.566109
0,1,2,1,5.224660,298521.629969
0,1,2,1,5.224115,298447.917702
0,1,2,1,5.223569,298358.406563
0,1,2,1,5.223023,298260.308772
0,1,2,1,5.222478,298215.886424
0,1,2,1,5.221932,298153.029453
0,1,2,1,5.221387,298147.042468
0,1,2,1,5.220842,298141.926777
0,1,2,1,5.220297,298138.385020
0,1,2,1,5.219752,298109.402505
0,1,2,1,5.219207,298026.539456
0,1,2,1,5.218662,298013.159852
0,1,2,1,5.218117,298009.476423
0,1,2,1,5.217573,297911.314680
0,1,2,1,5.217028,297907.461988
0,1,2,1,5.216484,297861.000093
0,1,2,1,5.215940,297854.734032
0,1,2,1,5.215396,297820.803205
0,1,2,1,5.214852,297772.499901
0,1,2,1,5.214308,297657.363404
0,1,2,1,5.213764,297644.395754
0,1,2,1,5.213221,297597.158154
0,1,2,1,5.212677,297547.678415
0,1,2,1,5.212134,297498.018763
0,1,2,1,5.211591,297335.755436
0,1,2,1,5.211047,297246.917879
0,1,2,1,5.210504,297245.269678
0,1,2,1,5.209961,297157.905508
0,1,2,1,5.209419,297142.786841
0,1,2,1,5.208876,297137.213040
0,1,2,1,5.208333,297092.745015
0,1,2,1,5.207791,297003.954041
0,1,2,1,5.207248,296994.671992
0,1,2,1,5.206706,296978.174989
0,1,2,1,5.206164,296945.159983
0,1,2,1,5.205622,296881.468557
0,1,2,1,5.205080,296854.836557
0,1,2,1,5.204538,296849.206783
0,1,2,1,5.203997,296785.337926
0,1,2,1,5.203455,296679.142919
0,1,2,1,5.202914,296451.948821
0,1,2,1,5.202372,296450.196831
0,1,2,1,5.201831,296384.303761
0,1,2,1,5.201290,296327.519227
0,1,2,1,5.200749,296240.207181
0,1,2,1,5.200208,296202.846405
0,1,2,1,5.199667,296185.910918
0,1,2,1,5.199127,296130.966660
0,1,2,1,5.198586,296090.593173
0,1,2,1,5.198046,296082.233058
0,1,2,1,5.197505,296050.446571
0,1,2,1,5.196965,295892.874770
0,1,2,1,5.196425,295797.651741
0,1,2,1,5.195885,295781.579989
0,1,2,1,5.195345,295766.233509
0,1,2,1,5.194805,295749.706010
0,1,2,1,5.194266,295631.127155
0,1,2,1,5.193726,295460.103605
0,1,2,1,5.193187,295344.580551
0,1,2,1,5.192647,295290.566802
0,1,2,1,5.192108,295286.051114
0,1,2,1,5.191569,295228.765306
0,1,2,1,5.191030,295224.352820
0,1,2,1,5.190491,295210.286564
0,1,2,1,5.189952,295126.628276
0,1,2,1,5.189414,295085.365364
0,1,2,1,5.188875,295044.577988
0,1,2,1,5.188337,295024.988959
0,1,2,1,5.187798,295005.853144
0,1,2,1,5.187260,294965.719429
0,1,2,1,5.186722,294933.630742
0,1,2,1,5.186184,294914.921917
0,1,2,1,5.185646,294892.862776
0,1,2,1,5.185108,294880.210925
0,1,2,1,5.184571,294865.875188
0,1,2,1,5.184033,294668.486142
0,1,2,1,5.183496,294632.565846
0,1,2,1,5.182958,294613.556567
0,1,2,1,5.182421,294597.201356
0,1,2,1,5.181884,294585.257667
0,1,2,1,5.181347,294573.462965
0,1,2,1,5.180810,294558.812922
0,1,2,1,5.180274,294536.948105
0,1,2,1,5.179737,294532.187509
0,1,2,1,5.179200,294376.547970
0,1,2,1,5.178664,294279.941730
0,1,2,1,5.178128,294246.648347
0,1,2,1,5.177591,294151.550781
0,1,2,1,5.177055,294134.203276
0,1,2,1,5.176519,294045.882134
0,1,2,1,5.175983,293935.166117
0,1,2,1,5.175448,293930.380934
0,1,2,1,5.174912,293840.571588
0,1,2,1,5.174376,293833.642355
0,1,2,1,5.173841,293812.214011
0,1,2,1,5.173306,293790.866537
0,1,2,1,5.172771,293784.049232
0,1,2,1,5.172235,293664.521872
0,1,2,1,5.171700,293534.175425
0,1,2,1,5.171166,293492.637745
0,1,2,1,5.170631,293465.102760
0,1,2,1,5.170096,293379.126306
0,1,2,1,5.169562,293249.364646
0,1,2,1,5.169027,293229.427852
0,1,2,1,5.168493,292995.473084
0,1,2,1,5.167959,292910.164622
0,1,2,1,5.167425,292903.029173
0,1,2,1,5.166891,292889.438982
0,1,2,1,5.166357,292881.241919
0,1,2,1,5.165823,292878.075262
0,1,2,1,5.165289,292801.722095
0,1,2,1,5.164756,292740.141791
0,1,2,1,5.164222,292633.749153
0,1,2,1,5.163689,292615.581812
0,1,2,1,5.163156,292590.980748
0,1,2,1,5.162623,292549.829757
0,1,2,1,5.162090,292502.694089
0,1,2,1,5.161557,292437.790395
0,1,2,1,5.161024,292375.324854
0,1,2,1,5.160491,292366.153212
0,1,2,1,5.159959,292340.939688
0,1,2,1,5.159426,292174.922582
0,1,2,1,5.158894,292112.660165
0,1,2,1,5.158362,292074.362397
0,1,2,1,5.157830,292071.819138
0,1,2,1,5.157298,292041.362869
0,1,2,1,5.156766,291984.138119
0,1,2,1,5.156234,291970.096194
0,1,2,1,5.155702,291862.383048
0,1,2,1,5.155171,291832.712622
0,1,2,1,5.154639,291820.289883
0,1,2,1,5.154108,291777.432509
0,1,2,1,5.153577,291762.433082
0,1,2,1,5.153045,291756.342956
0,1,2,1,5.152514,291686.652946
0,1,2,1,5.151984,291671.349470
0,1,2,1,5.151453,291609.626942
0,1,2,1,5.150922,291582.578413
0,1,2,1,5.150391,291569.498535
0,1,2,1,5.149861,291435.262437
0,1,2,1,5.149331,291431.777241
0,1,2,1,5.148800,291364.991795
0,1,2,1,5.148270,291304.193555
0,1,2,1,5.147740,291294.899038
0,1,2,1,5.147210,291257.966038
0,1,2,1,5.146680,291245.058314
0,1,2,1,5.146151,291239.339717
0,1,2,1,5.145621,291222.806692
0,1,2,1,5.145092,291214.204999
0,1,2,1,5.144562,291193.994400
0,1,2,1,5.144033,291155.914517
0,1,2,1,5.143504,291140.103463
0,1,2,1,5.142975,291108.511163
0,1,2,1,5.142446,291106.649416
0,1,2,1,5.141917,291091.166333
0,1,2,1,5.141388,291007.280666
0,1,2,1,5.140860,290957.591735
0,1,2,1,5.140331,290919.236920
0,1,2,1,5.139803,290917.451196
0,1,2,1,5.139274,290905.354324
0,1,2,1,5.138746,290839.427824
0,1,2,1,5.138218,290800.835588
0,1,2,1,5.137690,290716.348558
0,1,2,1,5.137162,290711.925627
0,1,2,1,5.136634,290701.160556
0,1,2,1,5.136107,290654.920492
0,1,2,1,5.135579,290654.256830
0,1,2,1,5.135052,290653.412031
0,1,2,1,5.134525,290596.531243
0,1,2,1,5.133997,290568.823373
0,1,2,1,5.133470,290421.000986
0,1,2,1,5.132943,290331.719510
0,1,2,1,5.132416,290185.179351
0,1,2,1,5.131890,290177.339958
0,1,2,1,5.131363,290158.978295
0,1,2,1,5.130836,290155.993251
0,1,2,1,5.130310,290121.661329
0,1,2,1,5.129784,290105.487786
0,1,2,1,5.129257,290076.615320
0,1,2,1,5.128731,290056.595514
0,1,2,1,5.128205,289943.962631
0,1,2,1,5.127679,289923.623978
0,1,2,1,5.127153,289914.912220
0,1,2,1,5.126628,289885.209888
0,1,2,1,5.126102,289822.626857
0,1,2,1,5.125577,289767.823243
0,1,2,1,5.125051,289745.447964
0,1,2,1,5.124526,289679.835576
0,1,2,1,5.124001,289671.511400
0,1,2,1,5.123476,289594.229723
0,1,2,1,5.122951,289434.823052
0,1,2,1,5.122426,289409.242557
0,1,2,1,5.121901,289372.864444
0,1,2,1,5.121377,289354.262152
0,1,2,1,5.120852,289336.454631
0,1,2,1,5.120328,289195.775444
0,1,2,1,5.119803,289174.734879
0,1,2,1,5.119279,289137.793453
0,1,2,1,5.118755,288913.057743
0,1,2,1,5.118231,288771.998187
0,1,2,1,5.117707,288690.277976
0,1,2,1,5.117184,288658.952159
0,1,2,1,5.116660,288633.066296
0,1,2,1,5.116136,288615.434154
0,1,2,1,5.115613,288609.860924
0,1,2,1,5.115090,288594.594581
0,1,2,1,5.114566,288568.594230
0,1,2,1,5.114043,288544.531336
0,1,2,1,5.113520,288543.479359
0,1,2,1,5.112997,288494.687227
0,1,2,1,5.112474,288462.778775
0,1,2,1,5.111952,288367.440852
0,1,2,1,5.111429,288259.840117
0,1,2,1,5.110907,288192.103977
0,1,2,1,5.110384,288191.894294
0,1,2,1,5.109862,288187.842504
0,1,2,1,5.109340,288120.256026
0,1,2,1,5.108818,288079.078685
0,1,2,1,5.108296,288072.315704
0,1,2,1,5.107774,288031.200755
0,1,2,1,5.107252,287936.163832
0,1,2,1,5.106731,287781.859828
0,1,2,1,5.106209,287464.778429
0,1,2,1,5.105688,287423.536621
0,1,2,1,5.105166,287302.357888
0,1,2,1,5.104645,287270.817473
0,1,2,1,5.104124,287265.699988
0,1,2,1,5.103603,287213.299798
0,1,2,1,5.103082,287196.725580
0,1,2,1,5.102561,287086.190628
0,1,2,1,5.102041,287085.400813
0,1,2,1,5.101520,287063.476947
0,1,2,1,5.101000,287029.925219
0,1,2,1,5.100479,286970.953055
0,1,2,1,5.099959,286935.559206
0,1,2,1,5.099439,286906.868373
0,1,2,1,5.098919,286893.106701
0,1,2,1,5.098399,286788.757165
0,1,2,1,5.097879,286776.163031
0,1,2,1,5.097360,286752.526270
0,1,2,1,5.096840,286552.182684
0,1,2,1,5.096320,286500.769847
0,1,2,1,5.095801,286497.391984
0,1,2,1,5.095282,286481.334320
0,1,2,1,5.094763,286394.186267
0,1,2,1,5.094244,286354.036450
0,1,2,1,5.093725,286226.164879
0,1,2,1,5.093206,286194.863859
0,1,2,1,5.092687,286052.440014
0,1,2,1,5.092168,286005.950684
0,1,2,1,5.091650,285977.486728
0,1,2,1,5.091131,285826.210233
0,1,2,1,5.090613,285663.627054
0,1,2,1,5.090095,285643.007613
0,1,2,1,5.089577,285519.167528
0,1,2,1,5.089059,285498.954248
0,1,2,1,5.088541,285446.036093
0,1,2,1,5.088023,285437.420549
0,1,2,1,5.087505,285406.182123
0,1,2,1,5.086987,285395.794116
0,1,2,1,5.086470,285334.952114
0,1,2,1,5.085953,285316.932395
0,1,2,1,5.085435,285307.044935
0,1,2,1,5.084918,285212.558845
0,1,2,1,5.084401,285150.762052
0,1,2,1,5.083884,285066.432399
0,1,2,1,5.083367,285023.050213
0,1,2,1,5.082850,285019.036946
0,1,2,1,5.082334,284989.793937
0,1,2,1,5.081817,284965.287086
0,1,2,1,5.081301,284906.390018
0,1,2,1,5.080784,284889.212046
0,1,2,1,5.080268,284868.803503
0,1,2,1,5.079752,284832.192827
0,1,2,1,5.079236,284753.710810
0,1,2,1,5.078720,284745.676818
0,1,2,1,5.078204,284706.304072
0,1,2,1,5.077689,284655.033566
0,1,2,1,5.077173,284601.559956
0,1,2,1,5.076658,284573.500981
0,1,2,1,5.076142,284500.629771
0,1,2,1,5.075627,284496.128312
0,1,2,1,5.075112,284412.720952
0,1,2,1,5.074597,284407.305624
0,1,2,1,5.074082,284397.620739
0,1,2,1,5.073567,284382.346806
0,1,2,1,5.073052,284370.291366
0,1,2,1,5.072537,284309.438229
0,1,2,1,5.072023,284270.889259
0,1,2,1,5.071508,284225.194268
0,1,2,1,5.070994,284196.272775
0,1,2,1,5.070480,284161.414653
0,1,2,1,5.069966,284145.934347
0,1,2,1,5.069451,284044.080096
0,1,2,1,5.068938,283974.958275
0,1,2,1,5.068424,283864.075821
0,1,2,1,5.067910,283709.673573
0,1,2,1,5.067396,283702.813738
0,1,2,1,5.066883,283629.622732
0,1,2,1,5.066369,283566.667275
0,1,2,1,5.065856,283540.040850
0,1,2,1,5.065343,283475.612650
0,1,2,1,5.064830,283386.163493
0,1,2,1,5.064317,283253.641288
0,1,2,1,5.063804,283218.529504
0,1,2,1,5.063291,283198.916709
0,1,2,1,5.062778,283182.772634
0,1,2,1,5.062266,283080.797455
0,1,2,1,5.061753,283073.675203
0,1,2,1,5.061241,282899.283071
0,1,2,1,5.060729,282876.307203
0,1,2,1,5.060217,282800.572684
0,1,2,1,5.059705,282762.296093
0,1,2,1,5.059193,282705.238056
0,1,2,1,5.058681,282668.755820
0,1,2,1,5.058169,282593.751989
0,1,2,1,5.057657,282538.701837
0,1,2,1,5.057146,282454.316018
0,1,2,1,5.056634,282408.365384
0,1,2,1,5.056123,282344.979143
0,1,2,1,5.055612,282285.939586
0,1,2,1,5.055101,282284.182789
0,1,2,1,5.054590,282130.657831
0,1,2,1,5.054079,282084.780021
0,1,2,1,5.053568,282084.645223
0,1,2,1,5.053057,282049.422639
0,1,2,1,5.052546,282019.221137
0,1,2,1,5.052036,281685.772673
0,1,2,1,5.051526,281650.232332
0,1,2,1,5.051015,281645.626505
0,1,2,1,5.050505,281616.471120
0,1,2,1,5.049995,281612.950539
0,1,2,1,5.049485,281257.797313
0,1,2,1,5.048975,281168.887768
0,1,2,1,5.048465,281156.724299
0,1,2,1,5.047956,281126.376724
0,1,2,1,5.047446,281107.549212
0,1,2,1,5.046937,281052.961611
0,1,2,1,5.046427,281024.259629
0,1,2,1,5.045918,281010.048994
0,1,2,1,5.045409,281002.375755
0,1,2,1,5.044900,280978.268821
0,1,2,1,5.044391,280934.197603
0,1,2,1,5.043882,280885.090867
0,1,2,1,5.043373,280863.439645
0,1,2,1,5.042864,280839.932998
0,1,2,1,5.042356,280788.204895
0,1,2,1,5.041847,280607.402139
0,1,2,1,5.041339,280535.826527
0,1,2,1,5.040831,280520.221076
0,1,2,1,5.040323,280519.373997
0,1,2,1,5.039815,280517.369684
0,1,2,1,5.039307,280507.714209
0,1,2,1,5.038799,280479.197528
0,1,2,1,5.038291,280328.835914
0,1,2,1,5.037783,280323.320453
0,1,2,1,5.037276,280192.386596
0,1,2,1,5.036768,280111.534232
0,1,2,1,5.036261,280104.788385
0,1,2,1,5.035754,280072.956054
0,1,2,1,5.035247,280045.831684
0,1,2,1,5.034740,279977.330482
0,1,2,1,5.034233,279911.946742
0,1,2,1,5.033726,279872.196263
0,1,2,1,5.033219,279871.173021
0,1,2,1,5.032713,279833.383691
0,1,2,1,5.032206,279743.034633
0,1,2,1,5.031700,279668.699858
0,1,2,1,5.031193,279650.694550
0,1,2,1,5.030687,279644.284019
0,1,2,1,5.030181,279598.188530
0,1,2,1,5.029675,279527.325975
0,1,2,1,5.029169,279450.457402
0,1,2,1,5.028663,279440.227795
0,1,2,1,5.028158,279234.836181
0,1,2,1,5.027652,279190.597177
0,1,2,1,5.027147,279138.727298
0,1,2,1,5.026641,279082.865877
0,1,2,1,5.026136,279079.929146
0,1,2,1,5.025631,278891.785286
0,1,2,1,5.025126,278852.118809
0,1,2,1,5.024621,278821.757974
0,1,2,1,5.024116,278794.019476
0,1,2,1,5.023611,278787.164210
0,1,2,1,5.023106,278770.877082
0,1,2,1,5.022602,278753.746600
0,1,2,1,5.022097,278715.888161
0,1,2,1,5.021593,278712.474684
0,1,2,1,5.021089,278700.389169
0,1,2,1,5.020584,278537.504329
0,1,2,1,5.020080,278491.854427
0,1,2,1,5.019576,278484.712786
0,1,2,1,5.019072,278478.704539
0,1,2,1,5.018569,278412.387810
0,1,2,1,5.018065,278396.789176
0,1,2,1,5.017561,278370.254784
0,1,2,1,5.017058,278305.083901
0,1,2,1,5.016555,278263.135146
0,1,2,1,5.016051,278171.964116
0,1,2,1,5.015548,278156.023007
0,1,2,1,5.015045,278129.549424
0,1,2,1,5.014542,278088.048164
0,1,2,1,5.014039,278069.691901
0,1,2,1,5.013537,278062.155771
0,1,2,1,5.013034,278006.071668
0,1,2,1,5.012531,277974.420208
0,1,2,1,5.012029,277895.265291
0,1,2,1,5.011527,277856.180455
0,1,2,1,5.011024,277820.719376
0,1,2,1,5.010522,277782.287551
0,1,2,1,5.010020,277774.399492
0,1,2,1,5.009518,277738.954415
0,1,2,1,5.009016,277705.123512
0,1,2,1,5.008514,277690.296465
0,1,2,1,5.008013,277606.728699
0,1,2,1,5.007511,277480.465747
0,1,2,1,5.007010,277362.049023
0,1,2,1,5.006508,277354.844432
0,1,2,1,5.006007,277294.472035
0,1,2,1,5.005506,277281.329261
0,1,2,1,5.005005,277190.831239
0,1,2,1,5.004504,277147.466806
0,1,2,1,5.004003,277090.235138
0,1,2,1,5.003502,277082.340434
0,1,2,1,5.003002,276878.241407
0,1,2,1,5.002501,276867.188423
0,1,2,1,5.002001,276839.321634
0,1,2,1,5.001500,276779.117069
0,1,2,1,5.001000,276738.589913
0,1,2,1,5.000500,276559.956963
0,1,2,1,5.000000,276520.264436
0,1,2,1,4.999500,276494.109979
0,1,2,1,4.999000,276489.282671
0,1,2,1,4.998500,276338.285414
0,1,2,1,4.998001,276295.171182
0,1,2,1,4.997501,276123.853943
0,1,2,1,4.997002,276076.917567
0,1,2,1,4.996502,276048.776158
0,1,2,1,4.996003,276038.349884
0,1,2,1,4.995504,276028.938975
0,1,2,1,4.995005,276018.231159
0,1,2,1,4.994506,275956.865016
0,1,2,1,4.994007,275715.063194
0,1,2,1,4.993508,275707.686293
0,1,2,1,4.993010,275587.883392
0,1,2,1,4.992511,275392.747139
0,1,2,1,4.992013,275361.581818
0,1,2,1,4.991514,275329.797502
0,1,2,1,4.991016,275252.871851
0,1,2,1,4.990518,275083.023881
0,1,2,1,4.990020,274985.254391
0,1,2,1,4.989522,274978.957793
0,1,2,1,4.989024,274938.205270
0,1,2,1,4.988526,274922.546907
0,1,2,1,4.988029,274897.805268
0,1,2,1,4.987531,274854.139370
0,1,2,1,4.987034,274815.713697
0,1,2,1,4.986536,274809.850040
0,1,2,1,4.986039,274686.914746
0,1,2,1,4.985542,274683.702103
0,1,2,1,4.985045,274673.373532
0,1,2,1,4.984548,274605.342620
0,1,2,1,4.984051,274575.389512
0,1,2,1,4.983554,274546.766218
0,1,2,1,4.983058,274536.430801
0,1,2,1,4.982561,274497.891892
0,1,2,1,4.982065,274472.978039
0,1,2,1,4.981568,274469.001254
0,1,2,1,4.981072,274462.278698
0,1,2,1,4.980576,274374.719913
0,1,2,1,4.980080,274351.214879
0,1,2,1,4.979584,274349.712330
0,1,2,1,4.979088,274296.630539
0,1,2,1,4.978592,274248.806858
0,1,2,1,4.978096,274192.638554
0,1,2,1,4.977601,274187.089108
0,1,2,1,4.977105,274146.331079
0,1,2,1,4.976610,274127.405687
0,1,2,1,4.976115,274078.776545
0,1,2,1,4.975619,274063.347498
0,1,2,1,4.975124,273990.123314
0,1,2,1,4.974629,273960.879225
0,1,2,1,4.974135,273959.843950
0,1,2,1,4.973640,273881.949201
0,1,2,1,4.973145,273881.813042
0,1,2,1,4.972650,273880.029003
0,1,2,1,4.972156,273783.497554
0,1,2,1,4.971662,273765.763127
0,1,2,1,4.971167,273721.928205
0,1,2,1,4.970673,273686.604637
0,1,2,1,4.970179,273682.517294
0,1,2,1,4.969685,273619.489812
0,1,2,1,4.969191,273515.914182
0,1,2,1,4.968697,273513.165111
0,1,2,1,4.968203,273496.815619
0,1,2,1,4.967710,273443.380200
0,1,2,1,4.967216,273363.121972
0,1,2,1,4.966723,273350.983575
0,1,2,1,4.966230,273339.922712
0,1,2,1,4.965736,273320.920582
0,1,2,1,4.965243,273302.087718
0,1,2,1,4.964750,273281.108750
0,1,2,1,4.964257,273227.744893
0,1,2,1,4.963765,273207.821992
0,1,2,1,4.963272,273199.393624
0,1,2,1,4.962779,273189.311301
0,1,2,1,4.962287,273174.298050
0,1,2,1,4.961794,273030.095671
0,1,2,1,4.961302,273002.753743
0,1,2,1,4.960810,272977.849747
0,1,2,1,4.960317,272965.193013
0,1,2,1,4.959825,272821.309270
0,1,2,1,4.959333,272733.018688
0,1,2,1,4.958842,272705.232620
0,1,2,1,4.958350,272677.069844
0,1,2,1,4.957858,272630.977485
0,1,2,1,4.957367,272609.757541
0,1,2,1,4.956875,272517.453481
0,1,2,1,4.956384,272468.418970
0,1,2,1,4.955893,272452.528181
0,1,2,1,4.955401,272322.268358
0,1,2,1,4.954910,272315.158087
0,1,2,1,4.954419,272172.115170
0,1,2,1,4.953928,272163.678958
0,1,2,1,4.953438,272161.719728
0,1,2,1,4.952947,272082.403630
0,1,2,1,4.952456,271996.241552
0,1,2,1,4.951966,271986.749783
0,1,2,1,4.951476,271888.432802
0,1,2,1,4.950985,271794.461369
0,1,2,1,4.950495,271785.662512
0,1,2,1,4.950005,271727.544282
0,1,2,1,4.949515,271712.667983
0,1,2,1,4.949025,271654.110412
0,1,2,1,4.948535,271628.254678
0,1,2,1,4.948046,271611.480491
0,1,2,1,4.947556,271594.593701
0,1,2,1,4.947066,271565.385030
0,1,2,1,4.946577,271536.237357
0,1,2,1,4.946088,271490.112647
0,1,2,1,4.945598,271471.833527
0,1,2,1,4.945109,271438.119244
0,1,2,1,4.944620,271383.215702
0,1,2,1,4.944131,271203.519043
0,1,2,1,4.943642,271193.642645
0,1,2,1,4.943154,271166.769424
0,1,2,1,4.942665,271039.271497
0,1,2,1,4.942177,270995.311871
0,1,2,1,4.941688,270968.513597
0,1,2,1,4.941200,270950.716771
0,1,2,1,4.940711,270853.567710
0,1,2,1,4.940223,270771.674821
0,1,2,1,4.939735,270636.012009
0,1,2,1,4.939247,270467.813794
0,1,2,1,4.938759,270356.450014
0,1,2,1,4.938272,270349.269931
0,1,2,1,4.937784,270315.211104
0,1,2,1,4.937296,270289.398126
0,1,2,1,4.936809,270224.490196
0,1,2,1,4.936321,270171.441407
0,1,2,1,4.935834,270046.374299
0,1,2,1,4.935347,269973.168632
0,1,2,1,4.934860,269901.725522
0,1,2,1,4.934373,269837.920674
0,1,2,1,4.933886,269826.472661
0,1,2,1,4.933399,269770.206576
0,1,2,1,4.932912,269713.991574
0,1,2,1,4.932426,269630.344825
0,1,2,1,4.931939,269613.519999
0,1,2,1,4.931453,269609.437995
0,1,2,1,4.930966,269469.144369
0,1,2,1,4.930480,269438.158989
0,1,2,1,4.929994,269422.054026
0,1,2,1,4.929508,269317.871744
0,1,2,1,4.929022,269225.409391
0,1,2,1,4.928536,269214.687308
0,1,2,1,4.928050,269075.465495
0,1,2,1,4.927565,269060.364684
0,1,2,1,4.927079,269033.647835
0,1,2,1,4.926594,268956.940134
0,1,2,1,4.926108,268943.752138
0,1,2,1,4.925623,268922.605423
0,1,2,1,4.925138,268909.060030
0,1,2,1,4.924653,268790.978156
0,1,2,1,4.924168,268753.826041
0,1,2,1,4.923683,268736.337794
0,1,2,1,4.923198,268675.674097
0,1,2,1,4.922713,268669.661729
0,1,2,1,4.922229,268653.249084
0,1,2,1,4.921744,268578.528226
0,1,2,1,4.921260,268558.810101
0,1,2,1,4.920776,268554.810699
0,1,2,1,4.920291,268545.691321
0,1,2,1,4.919807,268491.860328
0,1,2,1,4.919323,268448.180947
0,1,2,1,4.918839,268404.804674
0,1,2,1,4.918355,268395.836192
0,1,2,1,4.917872,268359.781117
0,1,2,1,4.917388,268313.643234
0,1,2,1,4.916904,268263.882094
0,1,2,1,4.916421,268213.779649
0,1,2,1,4.915937,268182.683004
0,1,2,1,4.915454,268169.895756
0,1,2,1,4.914971,268162.977612
0,1,2,1,4.914488,268134.567085
0,1,2,1,4.914005,268106.489832
0,1,2,1,4.913522,268105.875945
0,1,2,1,4.913039,268003.725054
0,1,2,1,4.912556,267941.018865
0,1,2,1,4.912074,267939.898444
0,1,2,1,4.911591,267932.886234
0,1,2,1,4.911109,267928.225024
0,1,2,1,4.910627,267916.347973
0,1,2,1,4.910144,267863.450255
0,1,2,1,4.909662,267681.963989
0,1,2,1,4.909180,267647.388769
0,1,2,1,4.908698,267479.044572
0,1,2,1,4.908216,267302.953118
0,1,2,1,4.907735,267196.062149
0,1,2,1,4.907253,267162.354198
0,1,2,1,4.906771,267145.986774
0,1,2,1,4.906290,267087.071015
0,1,2,1,4.905808,267003.657593
0,1,2,1,4.905327,266960.831687
0,1,2,1,4.904846,266896.153923
0,1,2,1,4.904365,266892.190441
0,1,2,1,4.903884,266866.639501
0,1,2,1,4.903403,266809.281883
0,1,2,1,4.902922,266758.146312
0,1,2,1,4.902441,266682.616061
0,1,2,1,4.901961,266623.112092
0,1,2,1,4.901480,266615.698471
0,1,2,1,4.901000,266525.181508
0,1,2,1,4.900519,266475.736714
0,1,2,1,4.900039,266471.221732
0,1,2,1,4.899559,266469.209717
0,1,2,1,4.899079,266444.819695
0,1,2,1,4.898599,266331.728065
0,1,2,1,4.898119,266328.365742
0,1,2,1,4.897639,266303.610645
0,1,2,1,4.897160,266239.541039
0,1,2,1,4.896680,266138.615924
0,1,2,1,4.896201,266082.203976
0,1,2,1,4.895721,266080.029288
0,1,2,1,4.895242,266067.539574
0,1,2,1,4.894763,266028.886049
0,1,2,1,4.894283,265921.209029
0,1,2,1,4.893804,265874.126529
0,1,2,1,4.893326,265839.755733
0,1,2,1,4.892847,265743.677741
0,1,2,1,4.892368,265740.580269
0,1,2,1,4.891889,265666.293121
0,1,2,1,4.891411,265623.361920
0,1,2,1,4.890932,265488.980155
0,1,2,1,4.890454,265456.688219
0,1,2,1,4.889976,265322.575657
0,1,2,1,4.889497,265228.382885
0,1,2,1,4.889019,265219.360686
0,1,2,1,4.888541,265214.548576
0,1,2,1,4.888063,265197.902629
0,1,2,1,4.887586,265176.088371
0,1,2,1,4.887108,265165.512618
0,1,2,1,4.886630,265164.099531
0,1,2,1,4.886153,265132.197613
0,1,2,1,4.885675,265130.499159
0,1,2,1,4.885198,265071.657133
0,1,2,1,4.884721,265052.585528
0,1,2,1,4.884243,265010.416475
0,1,2,1,4.883766,264990.894616
0,1,2,1,4.883289,264936.849515
0,1,2,1,4.882812,264906.393606
0,1,2,1,4.882336,264785.566936
0,1,2,1,4.881859,264777.680833
0,1,2,1,4.881382,264730.085869
0,1,2,1,4.880906,264725.429093
0,1,2,1,4.880429,264661.728808
0,1,2,1,4.879953,264614.746298
0,1,2,1,4.879477,264609.633302
0,1,2,1,4.879001,264586.206614
0,1,2,1,4.878525,264578.399004
0,1,2,1,4.878049,264561.768714
0,1,2,1,4.877573,264506.465848
0,1,2,1,4.877097,264453.509547
0,1,2,1,4.876621,264393.473545
0,1,2,1,4.876146,264353.778677
0,1,2,1,4.875670,264342.867862
0,1,2,1,4.875195,264336.575362
0,1,2,1,4.874720,264336.020250
0,1,2,1,4.874244,264318.071052
0,1,2,1,4.873769,264313.790004
0,1,2,1,4.873294,264208.391184
0,1,2,1,4.872819,264150.569154
0,1,2,1,4.872345,264141.344745
0,1,2,1,4.871870,264072.895355
0,1,2,1,4.871395,264002.266778
0,1,2,1,4.870921,263984.135448
0,1,2,1,4.870446,263901.547952
0,1,2,1,4.869972,263849.384554
0,1,2,1,4.869497,263838.253867
0,1,2,1,4.869023,263781.428994
0,1,2,1,4.868549,263751.185203
0,1,2,1,4.868075,263662.250300
0,1,2,1,4.867601,263523.622403
0,1,2,1,4.867127,263502.512682
0,1,2,1,4.866654,263363.983181
0,1,2,1,4.866180,263352.823179
0,1,2,1,4.865707,263318.153281
0,1,2,1,4.865233,263309.551779
0,1,2,1,4.864760,263301.726770
0,1,2,1,4.864286,263294.762983
0,1,2,1,4.863813,263281.801389
0,1,2,1,4.863340,263253.168335
0,1,2,1,4.862867,263218.811880
0,1,2,1,4.862394,263063.260358
0,1,2,1,4.861921,263007.611446
0,1,2,1,4.861449,263000.204594
0,1,2,1,4.860976,262912.263887
0,1,2,1,4.860504,262808.977471
0,1,2,1,4.860031,262801.827698
0,1,2,1,4.859559,262769.286391
0,1,2,1,4.859086,262594.452945
0,1,2,1,4.858614,262549.422281
0,1,2,1,4.858142,262526.759906
0,1,2,1,4.857670,262472.192172
0,1,2,1,4.857198,262383.780868
0,1,2,1,4.856727,262357.305039
0,1,2,1,4.856255,262336.515902
0,1,2,1,4.855783,262336.038620
0,1,2,1,4.855312,262316.953304
0,1,2,1,4.854840,262152.277710
0,1,2,1,4.854369,262120.115269
0,1,2,1,4.853898,262020.962865
0,1,2,1,4.853427,261986.093817
0,1,2,1,4.852955,261948.582568
0,1,2,1,4.852484,261936.838621
0,1,2,1,4.852014,261796.133589
0,1,2,1,4.851543,261780.416190
0,1,2,1,4.851072,261773.484940
0,1,2,1,4.850601,261701.338678
0,1,2,1,4.850131,261698.546816
0,1,2,1,4.849661,261694.609310
0,1,2,1,4.849190,261643.651396
0,1,2,1,4.848720,261575.516242
0,1,2,1,4.848250,261535.178342
0,1,2,1,4.847780,261499.101990
0,1,2,1,4.847310,261325.588739
0,1,2,1,4.846840,261306.044057
0,1,2,1,4.846370,261298.829777
0,1,2,1,4.845900,261280.767772
0,1,2,1,4.845431,261248.419957
0,1,2,1,4.844961,261224.182037
0,1,2,1,4.844492,261219.571087
0,1,2,1,4.844022,261217.944749
0,1,2,1,4.843553,261179.107948
0,1,2,1,4.843084,261153.434411
0,1,2,1,4.842615,261135.195882
0,1,2,1,4.842146,261090.338426
0,1,2,1,4.841677,261037.381166
0,1,2,1,4.841208,260937.956619
0,1,2,1,4.840740,260862.766984
0,1,2,1,4.840271,260858.054420
0,1,2,1,4.839803,260851.980154
0,1,2,1,4.839334,260831.051490
0,1,2,1,4.838866,260783.120628
0,1,2,1,4.838398,260742.731267
0,1,2,1,4.837929,260649.434099
0,1,2,1,4.837461,260648.184975
0,1,2,1,4.836993,260644.238653
0,1,2,1,4.836525,260596.175728
0,1,2,1,4.836058,260588.307833
0,1,2,1,4.835590,260579.831169
0,1,2,1,4.835122,260533.974414
0,1,2,1,4.834655,260492.212849
0,1,2,1,4.834187,260478.334591
0,1,2,1,4.833720,260302.282583
0,1,2,1,4.833253,260277.324001
0,1,2,1,4.832786,260254.694481
0,1,2,1,4.832319,260245.936377
0,1,2,1,4.831852,260211.641990
0,1,2,1,4.831385,260127.092319
0,1,2,1,4.830918,260054.479866
0,1,2,1,4.830451,259997.877159
0,1,2,1,4.829985,259965.459225
0,1,2,1,4.829518,259888.951475
0,1,2,1,4.829052,259885.502104
0,1,2,1,4.828585,259845.568659
0,1,2,1,4.828119,259725.364462
0,1,2,1,4.827653,259647.331728
0,1,2,1,4.827187,259643.603800
0,1,2,1,4.826721,259615.511147
0,1,2,1,4.826255,259608.258759
0,1,2,1,4.825789,259524.196330
0,1,2,1,4.825323,259508.032082
0,1,2,1,4.824858,259436.291061
0,1,2,1,4.824392,259385.811458
0,1,2,1,4.823927,259352.860786
0,1,2,1,4.823461,259326.184529
0,1,2,1,4.822996,259207.019240
0,1,2,1,4.822531,259137.135226
0,1,2,1,4.822066,259036.499501
0,1,2,1,4.821601,258936.616646
0,1,2,1,4.821136,258932.276939
0,1,2,1,4.820671,258840.631971
0,1,2,1,4.820206,258795.722079
0,1,2,1,4.819742,258706.689471
0,1,2,1,4.819277,258702.676571
0,1,2,1,4.818813,258700.577449
0,1,2,1,4.818348,258659.757345
0,1,2,1,4.817884,258618.074935
0,1,2,1,4.817420,258615.758350
0,1,2,1,4.816956,258482.610299
0,1,2,1,4.816492,258366.350282
0,1,2,1,4.816028,258307.173605
0,1,2,1,4.815564,258286.340453
0,1,2,1,4.815100,258248.024166
0,1,2,1,4.814636,258221.607110
0,1,2,1,4.814173,258210.196724
0,1,2,1,4.813709,258169.032864
0,1,2,1,4.813246,258144.389312
0,1,2,1,4.812783,258106.150642
0,1,2,1,4.812320,258098.077675
0,1,2,1,4.811856,258085.789932
0,1,2,1,4.811393,258067.089225
0,1,2,1,4.810930,257998.740568
0,1,2,1,4.810468,257874.013569
0,1,2,1,4.810005,257863.338627
0,1,2,1,4.809542,257860.012697
0,1,2,1,4.809080,257853.788606
0,1,2,1,4.808617,257789.216218
0,1,2,1,4.808155,257787.726169
0,1,2,1,4.807692,257776.621423
0,1,2,1,4.807230,257739.181369
0,1,2,1,4.806768,257725.408238
0,1,2,1,4.806306,257695.818253
0,1,2,1,4.805844,257661.337287
0,1,2,1,4.805382,257494.712266
0,1,2,1,4.804920,257485.243828
0,1,2,1,4.804459,257391.935102
0,1,2,1,4.803997,257381.442306
0,1,2,1,4.803535,257373.305391
0,1,2,1,4.803074,257336.383564
0,1,2,1,4.802613,257322.798999
0,1,2,1,4.802151,257217.365146
0,1,2,1,4.801690,257156.841482
0,1,2,1,4.801229,257130.366212
0,1,2,1,4.800768,257024.442140
0,1,2,1,4.800307,256978.250610
0,1,2,1,4.799846,256975.167243
0,1,2,1,4.799386,256895.293252
0,1,2,1,4.798925,256861.805803
0,1,2,1,4.798464,256842.151680
0,1,2,1,4.798004,256841.452419
0,1,2,1,4.797544,256816.346721
0,1,2,1,4.797083,256700.421822
0,1,2,1,4.796623,256681.611854
0,1,2,1,4.796163,256681.503487
0,1,2,1,4.795703,256659.291485
0,1,2,1,4.795243,256632.078562
0,1,2,1,4.794783,256631.704144
0,1,2,1,4.794324,256610.851943
0,1,2,1,4.793864,256599.183724
0,1,2,1,4.793404,256547.722140
0,1,2,1,4.792945,256380.460425
0,1,2,1,4.792485,256302.076045
0,1,2,1,4.792026,256268.337213
0,1,2,1,4.791567,256201.776993
0,1,2,1,4.791108,256107.574391
0,1,2,1,4.790649,256032.347136
0,1,2,1,4.790190,255906.815115
0,1,2,1,4.789731,255868.358453
0,1,2,1,4.789272,255813.082390
0,1,2,1,4.788813,255784.453057
0,1,2,1,4.788355,255782.396642
0,1,2,1,4.787896,255754.716608
0,1,2,1,4.787438,255729.153161
0,1,2,1,4.786979,255699.181291
0,1,2,1,4.786521,255677.712255
0,1,2,1,4.786063,255676.614863
0,1,2,1,4.785605,255664.495548
0,1,2,1,4.785147,255583.804914
0,1,2,1,4.784689,255546.647234
0,1,2,1,4.784231,255455.852136
0,1,2,1,4.783773,255448.894867
0,1,2,1,4.783316,255434.747429
0,1,2,1,4.782858,255328.260275
0,1,2,1,4.782401,255314.855010
0,1,2,1,4.781943,255303.993324
0,1,2,1,4.781486,255295.220683
0,1,2,1,4.781029,255222.035485
0,1,2,1,4.780572,255202.532678
0,1,2,1,4.780115,255134.940363
0,1,2,1,4.779658,255117.082747
0,1,2,1,4.779201,255038.157908
0,1,2,1,4.778744,255000.592885
0,1,2,1,4.778287,254891.802462
0,1,2,1,4.777831,254885.461918
0,1,2,1,4.777374,254824.374166
0,1,2,1,4.776918,254817.590200
0,1,2,1,4.776462,254807.878427
0,1,2,1,4.776005,254798.534703
0,1,2,1,4.775549,254775.329306
0,1,2,1,4.775093,254768.490436
0,1,2,1,4.774637,254639.574944
0,1,2,1,4.774181,254627.093589
0,1,2,1,4.773725,254601.611934
0,1,2,1,4.773270,254568.355116
0,1,2,1,4.772814,254433.519371
0,1,2,1,4.772358,254416.220988
0,1,2,1,4.771903,254401.610260
0,1,2,1,4.771448,254297.661758
0,1,2,1,4.770992,254281.971894
0,1,2,1,4.770537,254237.839427
0,1,2,1,4.770082,254125.070442
0,1,2,1,4.769627,254110.089748
0,1,2,1,4.769172,254005.480100
0,1,2,1,4.768717,253900.480596
0,1,2,1,4.768262,253884.783837
0,1,2,1,4.767808,253847.732591
0,1,2,1,4.767353,253811.860856
0,1,2,1,4.766899,253703.474757
0,1,2,1,4.766444,253652.162602
0,1,2,1,4.765990,253642.927528
0,1,2,1,4.765536,253594.106909
0,1,2,1,4.765081,253584.089454
0,1,2,1,4.764627,253522.410710
0,1,2,1,4.764173,253459.962626
0,1,2,1,4.763720,253459.171245
0,1,2,1,4.763266,253441.893678
0,1,2,1,4.762812,253333.276875
0,1,2,1,4.762358,253278.235133
0,1,2,1,4.761905,253269.374265
0,1,2,1,4.761451,253159.634942
0,1,2,1,4.760998,253068.712752
0,1,2,1,4.760545,253018.691229
0,1,2,1,4.760091,252988.103529
0,1,2,1,4.759638,252765.053662
0,1,2,1,4.759185,252735.407882
0,1,2,1,4.758732,252660.587988
0,1,2,1,4.758279,252540.089793
0,1,2,1,4.757827,252502.469342
0,1,2,1,4.757374,252449.167230
0,1,2,1,4.756921,252359.509845
0,1,2,1,4.756469,252351.717201
0,1,2,1,4.756016,252268.617237
0,1,2,1,4.755564,252255.928719
0,1,2,1,4.755112,252235.307882
0,1,2,1,4.754660,252157.303510
0,1,2,1,4.754207,252108.600710
0,1,2,1,4.753755,252105.241426
0,1,2,1,4.753304,252103.921632
0,1,2,1,4.752852,252083.040723
0,1,2,1,4.752400,251947.454785
0,1,2,1,4.751948,251928.703798
0,1,2,1,4.751497,251916.739819
0,1,2,1,4.751045,251870.642771
0,1,2,1,4.750594,251773.009749
0,1,2,1,4.750143,251750.233784
0,1,2,1,4.749691,251730.664931
0,1,2,1,4.749240,251706.074539
0,1,2,1,4.748789,251654.700784
0,1,2,1,4.748338,251599.044152
0,1,2,1,4.747887,251591.202685
0,1,2,1,4.747436,251585.585304
0,1,2,1,4.746986,251510.545978
0,1,2,1,4.746535,251492.659313
0,1,2,1,4.746084,251480.811944
0,1,2,1,4.745634,251419.867837
0,1,2,1,4.745184,251370.457190
0,1,2,1,4.744733,251293.538179
0,1,2,1,4.744283,251269.465630
0,1,2,1,4.743833,251188.211075
0,1,2,1,4.743383,251148.106591
0,1,2,1,4.742933,251143.742995
0,1,2,1,4.742483,251096.464285
0,1,2,1,4.742033,251036.117955
0,1,2,1,4.741584,250968.450766
0,1,2,1,4.741134,250904.051978
0,1,2,1,4.740685,250848.519757
0,1,2,1,4.740235,250814.687001
0,1,2,1,4.739786,250814.194362
0,1,2,1,4.739336,250782.900759
0,1,2,1,4.738887,250734.876629
0,1,2,1,4.738438,250706.803419
0,1,2,1,4.737989,250703.726191
0,1,2,1,4.737540,250599.920479
0,1,2,1,4.737091,250563.994659
0,1,2,1,4.736643,250561.527296
0,1,2,1,4.736194,250504.813033
0,1,2,1,4.735745,250433.363384
0,1,2,1,4.735297,250414.808498
0,1,2,1,4.734848,250399.237196
0,1,2,1,4.734400,250315.490749
0,1,2,1,4.733952,250308.020691
0,1,2,1,4.733504,250297.360148
0,1,2,1,4.733056,250291.793010
0,1,2,1,4.732608,250257.654898
0,1,2,1,4.732160,250256.835065
0,1,2,1,4.731712,250251.310771
0,1,2,1,4.731264,250216.457037
0,1,2,1,4.730817,250189.030628
0,1,2,1,4.730369,250119.135211
0,1,2,1,4.729921,250113.608379
0,1,2,1,4.729474,250104.699741
0,1,2,1,4.729027,250101.739363
0,1,2,1,4.728580,250093.222838
0,1,2,1,4.728132,249902.990113
0,1,2,1,4.727685,249885.007616
0,1,2,1,4.727238,249866.185737
0,1,2,1,4.726791,249850.342470
0,1,2,1,4.726345,249709.893326
0,1,2,1,4.725898,249692.391486
0,1,2,1,4.725451,249691.874793
0,1,2,1,4.725005,249642.276740
0,1,2,1,4.724558,249597.774513
0,1,2,1,4.724112,249588.529307
0,1,2,1,4.723666,249578.824665
0,1,2,1,4.723219,249555.698411
0,1,2,1,4.722773,249533.845996
0,1,2,1,4.722327,249517.372141
0,1,2,1,4.721881,249402.014472
0,1,2,1,4.721435,249343.969892
0,1,2,1,4.720990,249275.330473
0,1,2,1,4.720544,249256.906006
0,1,2,1,4.720098,249253.958707
0,1,2,1,4.719653,249191.281017
0,1,2,1,4.719207,249169.879332
0,1,2,1,4.718762,249155.546192
0,1,2,1,4.718317,249147.317110
0,1,2,1,4.717871,249099.323787
0,1,2,1,4.717426,249031.730419
0,1,2,1,4.716981,249001.466681
0,1,2,1,4.716536,248974.229729
0,1,2,1,4.716091,248970.982662
0,1,2,1,4.715647,248929.099478
0,1,2,1,4.715202,248927.079956
0,1,2,1,4.714757,248852.768306
0,1,2,1,4.714313,248850.207017
0,1,2,1,4.713868,248813.438876
0,1,2,1,4.713424,248811.755803
0,1,2,1,4.712980,248799.827899
0,1,2,1,4.712535,248797.616084
0,1,2,1,4.712091,248796.294419
0,1,2,1,4.711647,248730.459185
0,1,2,1,4.711203,248686.702662
0,1,2,1,4.710759,248542.936763
0,1,2,1,4.710316,248324.512066
0,1,2,1,4.709872,248272.728603
0,1,2,1,4.709428,248152.950901
0,1,2,1,4.708985,248145.601917
0,1,2,1,4.708541,248115.337334
0,1,2,1,4.708098,248076.963063
0,1,2,1,4.707655,247990.830110
0,1,2,1,4.707211,247985.185219
0,1,2,1,4.706768,247961.519749
0,1,2,1,4.706325,247938.583337
0,1,2,1,4.705882,247734.680777
0,1,2,1,4.705439,247732.407926
0,1,2,1,4.704997,247637.789587
0,1,2,1,4.704554,247589.725242
0,1,2,1,4.704111,247525.301727
0,1,2,1,4.703669,247487.724383
0,1,2,1,4.703226,247395.100907
0,1,2,1,4.702784,247330.545257
0,1,2,1,4.702342,247327.278346
0,1,2,1,4.701900,247249.948525
0,1,2,1,4.701457,247201.556544
0,1,2,1,4.701015,247192.472796
0,1,2,1,4.700573,247126.788985
0,1,2,1,4.700132,247120.143787
0,1,2,1,4.699690,247095.880938
0,1,2,1,4.699248,247028.124028
0,1,2,1,4.698807,246980.211477
0,1,2,1,4.698365,246977.294555
0,1,2,1,4.697924,246959.775468
0,1,2,1,4.697482,246876.760453
0,1,2,1,4.697041,246832.082286
0,1,2,1,4.696600,246773.622657
0,1,2,1,4.696159,246604.306438
0,1,2,1,4.695718,246561.908903
0,1,2,1,4.695277,246535.491386
0,1,2,1,4.694836,246532.084228
0,1,2,1,4.694395,246514.579338
0,1,2,1,4.693954,246441.901656
0,1,2,1,4.693514,246438.422876
0,1,2,1,4.693073,246353.072689
0,1,2,1,4.692633,246236.125383
0,1,2,1,4.692192,246189.008549
0,1,2,1,4.691752,246138.750257
0,1,2,1,4.691312,246134.305605
0,1,2,1,4.690872,246129.648661
0,1,2,1,4.690432,246121.650264
0,1,2,1,4.689992,246064.234094
0,1,2,1,4.689552,246062.089206
0,1,2,1,4.689112,245970.646170
0,1,2,1,4.688672,245921.767568
0,1,2,1,4.688233,245915.305254
0,1,2,1,4.687793,245812.872381
0,1,2,1,4.687354,245797.278003
0,1,2,1,4.686914,245786.420652
0,1,2,1,4.686475,245771.843603
0,1,2,1,4.686036,245752.667527
0,1,2,1,4.685596,245751.788657
0,1,2,1,4.685157,245713.790318
0,1,2,1,4.684718,245712.153318
0,1,2,1,4.684280,245587.807347
0,1,2,1,4.683841,245508.589337
0,1,2,1,4.683402,245463.141572
0,1,2,1,4.682963,245427.845084
0,1,2,1,4.682525,245404.090836
0,1,2,1,4.682086,245389.768261
0,1,2,1,4.681648,245312.525394
0,1,2,1,4.681210,245310.097953
0,1,2,1,4.680771,245308.010313
0,1,2,1,4.680333,245239.846317
0,1,2,1,4.679895,245119.639909
0,1,2,1,4.679457,245065.685136
0,1,2,1,4.679019,244977.571796
0,1,2,1,4.678581,244934.041739
0,1,2,1,4.678144,244926.905185
0,1,2,1,4.677706,244886.865603
0,1,2,1,4.677268,244710.817204
0,1,2,1,4.676831,244709.467621
0,1,2,1,4.676394,244617.719400
0,1,2,1,4.675956,244517.934861
0,1,2,1,4.675519,244468.683604
0,1,2,1,4.675082,244448.016945
0,1,2,1,4.674645,244445.181494
0,1,2,1,4.674208,244410.630285
0,1,2,1,4.673771,244325.908876
0,1,2,1,4.673334,244325.671018
0,1,2,1,4.672897,244317.457096
0,1,2,1,4.672461,244242.507088
0,1,2,1,4.672024,244213.502089
0,1,2,1,4.671587,244167.806854
0,1,2,1,4.671151,244108.452280
0,1,2,1,4.670715,244107.103667
0,1,2,1,4.670278,244093.527797
0,1,2,1,4.669842,243878.385337
0,1,2,1,4.669406,243873.491061
0,1,2,1,4.668970,243828.490232
0,1,2,1,4.668534,243768.707625
0,1,2,1,4.668098,243745.713002
0,1,2,1,4.667662,243730.498668
0,1,2,1,4.667227,243706.235143
0,1,2,1,4.666791,243687.750113
0,1,2,1,4.666356,243676.619882
0,1,2,1,4.665920,243583.549922
0,1,2,1,4.665485,243573.629167
0,1,2,1,4.665049,243557.359595
0,1,2,1,4.664614,243486.070033
0,1,2,1,4.664179,243437.839751
0,1,2,1,4.663744,243409.570793
0,1,2,1,4.663309,243405.954069
0,1,2,1,4.662874,243323.329413
0,1,2,1,4.662439,243312.604816
0,1,2,1,4.662005,243230.614527
0,1,2,1,4.661570,243187.206933
0,1,2,1,4.661135,243167.511214
0,1,2,1,4.660701,243093.098409
0,1,2,1,4.660267,243080.845070
0,1,2,1,4.659832,242889.138213
0,1,2,1,4.659398,242801.758919
0,1,2,1,4.658964,242789.178578
0,1,2,1,4.658530,242787.243773
0,1,2,1,4.658096,242767.937149
0,1,2,1,4.657662,242750.183591
0,1,2,1,4.657228,242740.935051
0,1,2,1,4.656794,242731.457212
0,1,2,1,4.656361,242725.953827
0,1,2,1,4.655927,242706.299174
0,1,2,1,4.655493,242662.088086
0,1,2,1,4.655060,242643.095344
0,1,2,1,4.654627,242621.570529
0,1,2,1,4.654193,242614.669092
0,1,2,1,4.653760,242583.909706
0,1,2,1,4.653327,242582.233191
0,1,2,1,4.652894,242553.253166
0,1,2,1,4.652461,242528.686962
0,1,2,1,4.652028,242490.381835
0,1,2,1,4.651595,242288.545753
0,1,2,1,4.651163,242269.217708
0,1,2,1,4.650730,242264.826210
0,1,2,1,4.650298,242254.024601
0,1,2,1,4.649865,242243.085121
0,1,2,1,4.649433,242204.517767
0,1,2,1,4.649000,242202.637543
0,1,2,1,4.648568,242181.337560
0,1,2,1,4.648136,242144.008872
0,1,2,1,4.647704,242129.474791
0,1,2,1,4.647272,242063.590682
0,1,2,1,4.646840,242033.885070
0,1,2,1,4.646408,242017.018294
0,1,2,1,4.645977,241953.745170
0,1,2,1,4.645545,241751.007157
0,1,2,1,4.645113,241717.201753
0,1,2,1,4.644682,241700.006766
0,1,2,1,4.644250,241697.061225
0,1,2,1,4.643819,241622.591363
0,1,2,1,4.643388,241572.199338
0,1,2,1,4.642957,241553.786330
0,1,2,1,4.642526,241522.152634
0,1,2,1,4.642095,241457.235352
0,1,2,1,4.641664,241420.378266
0,1,2,1,4.641233,241325.140037
0,1,2,1,4.640802,241290.989127
0,1,2,1,4.640371,241276.080394
0,1,2,1,4.639941,241160.674867
0,1,2,1,4.639510,241153.409533
0,1,2,1,4.639080,241088.724181
0,1,2,1,4.638649,241088.286160
0,1,2,1,4.638219,240947.152715
0,1,2,1,4.637789,240870.687779
0,1,2,1,4.637359,240839.484575
0,1,2,1,4.636928,240830.115326
0,1,2,1,4.636499,240721.977107
0,1,2,1,4.636069,240557.075101
0,1,2,1,4.635639,240507.036730
0,1,2,1,4.635209,240489.495896
0,1,2,1,4.634779,240443.223127
0,1,2,1,4.634350,240420.207271
0,1,2,1,4.633920,240341.397290
0,1,2,1,4.633491,240319.968766
0,1,2,1,4.633062,240315.895301
0,1,2,1,4.632632,240263.009420
0,1,2,1,4.632203,240239.817574
0,1,2,1,4.631774,240193.195974
0,1,2,1,4.631345,240170.581327
0,1,2,1,4.630916,240148.539379
0,1,2,1,4.630487,240075.216516
0,1,2,1,4.630058,239967.119708
0,1,2,1,4.629630,239960.818301
0,1,2,1,4.629201,239884.096433
0,1,2,1,4.628772,239842.107394
0,1,2,1,4.628344,239799.265082
0,1,2,1,4.627916,239788.189127
0,1,2,1,4.627487,239774.832975
0,1,2,1,4.627059,239746.851975
0,1,2,1,4.626631,239671.737852
0,1,2,1,4.626203,239657.631971
0,1,2,1,4.625775,239643.635676
0,1,2,1,4.625347,239632.941062
0,1,2,1,4.624919,239614.150914
0,1,2,1,4.624491,239609.953355
0,1,2,1,4.624064,239566.250396
0,1,2,1,4.623636,239564.210089
0,1,2,1,4.623209,239438.980901
0,1,2,1,4.622781,239322.442555
0,1,2,1,4.622354,239276.653291
0,1,2,1,4.621926,239214.603127
0,1,2,1,4.621499,239179.965888
0,1,2,1,4.621072,239170.877899
0,1,2,1,4.620645,239140.969954
0,1,2,1,4.620218,239120.835993
0,1,2,1,4.619791,239050.332114
0,1,2,1,4.619364,239014.560579
0,1,2,1,4.618938,238944.660234
0,1,2,1,4.618511,238913.034892
0,1,2,1,4.618084,238855.275538
0,1,2,1,4.617658,238834.275574
0,1,2,1,4.617232,238810.066701
0,1,2,1,4.616805,238792.037014
0,1,2,1,4.616379,238720.228581
0,1,2,1,4.615953,238683.512960
0,1,2,1,4.615527,238651.641552
0,1,2,1,4.615101,238603.436491
0,1,2,1,4.614675,238580.340071
0,1,2,1,4.614249,238556.367895
0,1,2,1,4.613823,238514.617741
0,1,2,1,4.613397,238389.535932
0,1,2,1,4.612972,238348.350698
0,1,2,1,4.612546,238328.513672
0,1,2,1,4.612121,238242.082307
0,1,2,1,4.611695,238224.090074
0,1,2,1,4.611270,238203.805866
0,1,2,1,4.610845,238102.172284
0,1,2,1,4.610420,238079.519471
0,1,2,1,4.609994,238042.218648
0,1,2,1,4.609569,237957.140270
0,1,2,1,4.609145,237904.290493
0,1,2,1,4.608720,237826.420470
0,1,2,1,4.608295,237737.514865
0,1,2,1,4.607870,237729.224245
0,1,2,1,4.607446,237547.917543
0,1,2,1,4.607021,237537.610244
0,1,2,1,4.606597,237372.487602
0,1,2,1,4.606172,237310.311068
0,1,2,1,4.605748,237249.540176
0,1,2,1,4.605324,237072.316020
0,1,2,1,4.604900,237022.973831
0,1,2,1,4.604476,236929.302059
0,1,2,1,4.604052,236923.275896
0,1,2,1,4.603628,236890.703886
0,1,2,1,4.603204,236814.646877
0,1,2,1,4.602780,236782.005049
0,1,2,1,4.602356,236659.114950
0,1,2,1,4.601933,236570.884638
0,1,2,1,4.601509,236550.036833
0,1,2,1,4.601086,236537.140397
0,1,2,1,4.600662,236430.076861
0,1,2,1,4.600239,236366.423738
0,1,2,1,4.599816,236310.593664
0,1,2,1,4.599393,236153.302620
0,1,2,1,4.598970,236099.792296
0,1,2,1,4.598547,236082.630867
0,1,2,1,4.598124,236072.953036
0,1,2,1,4.597701,235989.395701
0,1,2,1,4.597278,235989.339583
0,1,2,1,4.596856,235956.215246
0,1,2,1,4.596433,235829.075452
0,1,2,1,4.596011,235804.390529
0,1,2,1,4.595588,235785.382585
0,1,2,1,4.595166,235762.916588
0,1,2,1,4.594744,235706.936748
0,1,2,1,4.594321,235698.454739
0,1,2,1,4.593899,235594.734398
0,1,2,1,4.593477,235542.549758
0,1,2,1,4.593055,235537.239967
0,1,2,1,4.592633,235505.610175
0,1,2,1,4.592212,235372.703001
0,1,2,1,4.591790,235316.292874
0,1,2,1,4.591368,235278.206715
0,1,2,1,4.590947,235252.178672
0,1,2,1,4.590525,235250.840769
0,1,2,1,4.590104,235148.821742
0,1,2,1,4.589682,235008.555007
0,1,2,1,4.589261,234958.840310
0,1,2,1,4.588840,234944.749730
0,1,2,1,4.588419,234889.441123
0,1,2,1,4.587998,234887.331844
0,1,2,1,4.587577,234866.010362
0,1,2,1,4.587156,234833.339443
0,1,2,1,4.586735,234830.307119
0,1,2,1,4.586314,234824.436655
0,1,2,1,4.585894,234806.246281
0,1,2,1,4.585473,234797.085411
0,1,2,1,4.585053,234708.464558
0,1,2,1,4.584632,234698.144082
0,1,2,1,4.584212,234660.915844
0,1,2,1,4.583792,234621.639572
0,1,2,1,4.583372,234620.259767
0,1,2,1,4.582951,234557.256188
0,1,2,1,4.582531,234548.211953
0,1,2,1,4.582111,234502.840061
0,1,2,1,4.581692,234493.961000
0,1,2,1,4.581272,234477.671064
0,1,2,1,4.580852,234438.574987
0,1,2,1,4.580432,234426.020476
0,1,2,1,4.580013,234398.190092
0,1,2,1,4.579593,234382.732679
0,1,2,1,4.579174,234269.189637
0,1,2,1,4.578755,234135.946604
0,1,2,1,4.578335,234107.237230
0,1,2,1,4.577916,234098.981097
0,1,2,1,4.577497,234031.878078
0,1,2,1,4.577078,233953.698857
0,1,2,1,4.576659,233922.122762
0,1,2,1,4.576240,233873.935631
0,1,2,1,4.575821,233668.285808
0,1,2,1,4.575403,233635.613159
0,1,2,1,4.574984,233580.554736
0,1,2,1,4.574565,233577.838293
0,1,2,1,4.574147,233566.352108
0,1,2,1,4.573729,233544.780757
0,1,2,1,4.573310,233277.615425
0,1,2,1,4.572892,233230.350831
0,1,2,1,4.572474,233193.569172
0,1,2,1,4.572056,233137.068622
0,1,2,1,4.571638,233096.487668
0,1,2,1,4.571220,232919.564988
0,1,2,1,4.570802,232910.767260
0,1,2,1,4.570384,232693.758780
0,1,2,1,4.569966,232634.119582
0,1,2,1,4.569549,232567.283010
0,1,2,1,4.569131,232563.371281
0,1,2,1,4.568713,232549.697366
0,1,2,1,4.568296,232528.553199
0,1,2,1,4.567879,232521.476843
0,1,2,1,4.567461,232520.015256
0,1,2,1,4.567044,232504.456787
0,1,2,1,4.566627,232355.641409
0,1,2,1,4.566210,232298.161471
0,1,2,1,4.565793,232241.198353
0,1,2,1,4.565376,232202.148095
0,1,2,1,4.564959,232188.854185
0,1,2,1,4.564543,232170.072167
0,1,2,1,4.564126,232165.481353
0,1,2,1,4.563709,232121.926758
0,1,2,1,4.563293,232119.546617
0,1,2,1,4.562876,232108.481564
0,1,2,1,4.562460,232096.929945
0,1,2,1,4.562044,232066.251022
0,1,2,1,4.561628,232010.248511
0,1,2,1,4.561211,231932.326623
0,1,2,1,4.560795,231817.596585
0,1,2,1,4.560379,231626.709430
0,1,2,1,4.559964,231534.291069
0,1,2,1,4.559548,231528.222646
0,1,2,1,4.559132,231475.872841
0,1,2,1,4.558716,231475.222620
0,1,2,1,4.558301,231469.141745
0,1,2,1,4.557885,231468.510743
0,1,2,1,4.557470,231460.572696
0,1,2,1,4.557054,231418.221263
0,1,2,1,4.556639,231412.693559
0,1,2,1,4.556224,231377.478843
0,1,2,1,4.555809,231309.653549
0,1,2,1,4.555394,231284.249826
0,1,2,1,4.554979,231257.633432
0,1,2,1,4.554564,231200.142760
0,1,2,1,4.554149,231141.161519
0,1,2,1,4.553734,231136.246506
0,1,2,1,4.553319,231074.209530
0,1,2,1,4.552905,231026.559163
0,1,2,1,4.552490,231004.413464
0,1,2,1,4.552076,230971.526308
0,1,2,1,4.551661,230735.561236
0,1,2,1,4.551247,230676.304906
0,1,2,1,4.550833,230629.117641
0,1,2,1,4.550419,230601.651207
0,1,2,1,4.550005,230598.888709
0,1,2,1,4.549591,230565.544439
0,1,2,1,4.549177,230545.135434
0,1,2,1,4.548763,230406.476447
0,1,2,1,4.548349,230369.741017
0,1,2,1,4.547935,230353.389087
0,1,2,1,4.547522,230338.826588
0,1,2,1,4.547108,230248.389364
0,1,2,1,4.546695,230242.483793
0,1,2,1,4.546281,230212.073125
0,1,2,1,4.545868,230177.076396
0,1,2,1,4.545455,230157.503300
0,1,2,1,4.545041,230153.418492
0,1,2,1,4.544628,230146.584071
0,1,2,1,4.544215,230012.929247
0,1,2,1,4.543802,229986.342941
0,1,2,1,4.543389,229927.939794
0,1,2,1,4.542977,229893.819692
0,1,2,1,4.542564,229887.544110
0,1,2,1,4.542151,229879.125126
0,1,2,1,4.541739,229868.130408
0,1,2,1,4.541326,229840.340110
0,1,2,1,4.540914,229832.884408
0,1,2,1,4.540501,229763.232458
0,1,2,1,4.540089,229754.571961
0,1,2,1,4.539677,229752.241898
0,1,2,1,4.539265,229611.924894
0,1,2,1,4.538853,229524.947665
0,1,2,1,4.538441,229504.781143
0,1,2,1,4.538029,229500.079892
0,1,2,1,4.537617,229416.397101
0,1,2,1,4.537205,229412.065910
0,1,2,1,4.536793,229404.430775
0,1,2,1,4.536382,229369.252973
0,1,2,1,4.535970,229187.649601
0,1,2,1,4.535559,229179.774470
0,1,2,1,4.535147,229122.660958
0,1,2,1,4.534736,229117.470416
0,1,2,1,4.534325,229109.315548
0,1,2,1,4.533914,229034.391358
0,1,2,1,4.533503,228860.432051
0,1,2,1,4.533092,228830.928684
0,1,2,1,4.532681,228819.395813
0,1,2,1,4.532270,228774.179735
0,1,2,1,4.531859,228738.399360
0,1,2,1,4.531448,228699.333477
0,1,2,1,4.531038,228663.077805
0,1,2,1,4.530627,228613.938804
0,1,2,1,4.530217,228610.929155
0,1,2,1,4.529806,228585.518613
0,1,2,1,4.529396,228564.702008
0,1,2,1,4.528986,228552.169456
0,1,2,1,4.528575,228486.018256
0,1,2,1,4.528165,228446.000667
0,1,2,1,4.527755,228380.235727
0,1,2,1,4.527345,228339.873680
0,1,2,1,4.526935,228338.224135
0,1,2,1,4.526525,228312.715900
0,1,2,1,4.526116,228306.554037
0,1,2,1,4.525706,228288.731700
0,1,2,1,4.525296,228230.234136
0,1,2,1,4.524887,228223.835443
0,1,2,1,4.524477,228205.913244
0,1,2,1,4.524068,228130.103987
0,1,2,1,4.523659,228126.710677
0,1,2,1,4.523250,228118.571757
0,1,2,1,4.522840,228089.526858
0,1,2,1,4.522431,228061.107532
0,1,2,1,4.522022,228005.332316
0,1,2,1,4.521613,227922.004928
0,1,2,1,4.521204,227905.721296
0,1,2,1,4.520796,227832.374010
0,1,2,1,4.520387,227799.202608
0,1,2,1,4.519978,227745.482269
0,1,2,1,4.519570,227741.763540
0,1,2,1,4.519161,227724.783361
0,1,2,1,4.518753,227724.683792
0,1,2,1,4.518344,227635.329162
0,1,2,1,4.517936,227574.524520
0,1,2,1,4.517528,227482.702044
0,1,2,1,4.517120,227468.393148
0,1,2,1,4.516712,227431.645106
0,1,2,1,4.516304,227421.839878
0,1,2,1,4.515896,227414.145665
0,1,2,1,4.515488,227377.307444
0,1,2,1,4.515080,227332.311883
0,1,2,1,4.514673,227315.552991
0,1,2,1,4.514265,227306.490971
0,1,2,1,4.513858,227216.371367
0,1,2,1,4.513450,227159.399683
0,1,2,1,4.513043,227108.672107
0,1,2,1,4.512635,227068.756700
0,1,2,1,4.512228,227058.516008
0,1,2,1,4.511821,227005.110266
0,1,2,1,4.511414,226999.222816
0,1,2,1,4.511007,226857.178417
0,1,2,1,4.510600,226851.490373
0,1,2,1,4.510193,226819.035684
0,1,2,1,4.509786,226794.879552
0,1,2,1,4.509380,226683.956705
0,1,2,1,4.508973,226666.909475
0,1,2,1,4.508566,226620.425189
0,1,2,1,4.508160,226511.331190
0,1,2,1,4.507753,226438.577143
0,1,2,1,4.507347,226410.181204
0,1,2,1,4.506941,226401.349428
0,1,2,1,4.506534,226364.240189
0,1,2,1,4.506128,226355.794939
0,1,2,1,4.505722,226279.659581
0,1,2,1,4.505316,226236.177990
0,1,2,1,4.504910,226217.582931
0,1,2,1,4.504505,226204.568557
0,1,2,1,4.504099,226128.678547
0,1,2,1,4.503693,226011.864371
0,1,2,1,4.503287,226000.621823
0,1,2,1,4.502882,225935.758122
0,1,2,1,4.502476,225932.479762
0,1,2,1,4.502071,225910.795451
0,1,2,1,4.501666,225900.754629
0,1,2,1,4.501260,225888.033593
0,1,2,1,4.500855,225859.834120
0,1,2,1,4.500450,225658.352579
0,1,2,1,4.500045,225633.217204
0,1,2,1,4.499640,225624.206584
0,1,2,1,4.499235,225601.191913
0,1,2,1,4.498830,225585.250376
0,1,2,1,4.498426,225573.212907
0,1,2,1,4.498021,225545.702091
0,1,2,1,4.497616,225518.200741
0,1,2,1,4.497212,225467.474110
0,1,2,1,4.496807,225459.706039
0,1,2,1,4.496403,225424.958518
0,1,2,1,4.495999,225332.299407
0,1,2,1,4.495594,225206.472467
0,1,2,1,4.495190,225202.137140
0,1,2,1,4.494786,225174.923182
0,1,2,1,4.494382,225147.336554
0,1,2,1,4.493978,225139.244023
0,1,2,1,4.493574,225004.797364
0,1,2,1,4.493170,224903.305903
0,1,2,1,4.492767,224896.418637
0,1,2,1,4.492363,224878.518462
0,1,2,1,4.491959,224830.186622
0,1,2,1,4.491556,224770.606467
0,1,2,1,4.491152,224731.324853
0,1,2,1,4.490749,224730.277862
0,1,2,1,4.490346,224612.069282
0,1,2,1,4.489943,224593.713371
0,1,2,1,4.489539,224577.323513
0,1,2,1,4.489136,224553.854250
0,1,2,1,4.488733,224474.024963
0,1,2,1,4.488330,224395.940150
0,1,2,1,4.487927,224378.307351
0,1,2,1,4.487525,224359.179546
0,1,2,1,4.487122,224347.047677
0,1,2,1,4.486719,224277.626544
0,1,2,1,4.486317,224275.085721
0,1,2,1,4.485914,224273.046662
0,1,2,1,4.485512,224217.690022
0,1,2,1,4.485109,224181.788075
0,1,2,1,4.484707,224072.879541
0,1,2,1,4.484305,224071.640828
0,1,2,1,4.483903,224046.054911
0,1,2,1,4.483501,224029.010074
0,1,2,1,4.483099,224026.001602
0,1,2,1,4.482697,224005.268576
0,1,2,1,4.482295,223977.244307
0,1,2,1,4.481893,223942.444506
0,1,2,1,4.481491,223927.255469
0,1,2,1,4.481090,223809.562332
0,1,2,1,4.480688,223779.689729
0,1,2,1,4.480287,223743.649909
0,1,2,1,4.479885,223734.792155
0,1,2,1,4.479484,223725.646586
0,1,2,1,4.479083,223670.802938
0,1,2,1,4.478681,223587.032900
0,1,2,1,4.478280,223484.607395
0,1,2,1,4.477879,223465.499022
0,1,2,1,4.477478,223297.272523
0,1,2,1,4.477077,223198.014157
0,1,2,1,4.476677,222954.858283
0,1,2,1,4.476276,222857.733246
0,1,2,1,4.475875,222818.234898
0,1,2,1,4.475474,222695.461369
0,1,2,1,4.475074,222611.062565
0,1,2,1,4.474673,222450.113210
0,1,2,1,4.474273,222411.978636
0,1,2,1,4.473873,222400.117575
0,1,2,1,4.473472,222372.904122
0,1,2,1,4.473072,222354.857278
0,1,2,1,4.472672,222294.696918
0,1,2,1,4.472272,222266.888494
0,1,2,1,4.471872,222235.536711
0,1,2,1,4.471472,222195.179735
0,1,2,1,4.471072,222135.545875
0,1,2,1,4.470672,221996.432305
0,1,2,1,4.470273,221930.723462
0,1,2,1,4.469873,221896.119605
0,1,2,1,4.469473,221888.638575
0,1,2,1,4.469074,221870.555822
0,1,2,1,4.468675,221863.785170
0,1,2,1,4.468275,221811.384970
0,1,2,1,4.467876,221797.563640
0,1,2,1,4.467477,221750.854521
0,1,2,1,4.467078,221698.673724
0,1,2,1,4.466679,221664.556916
0,1,2,1,4.466280,221582.632815
0,1,2,1,4.465881,221576.988592
0,1,2,1,4.465482,221446.158161
0,1,2,1,4.465083,221424.321323
0,1,2,1,4.464684,221413.383906
0,1,2,1,4.464286,221284.468153
0,1,2,1,4.463887,221231.486221
0,1,2,1,4.463489,221063.606527
0,1,2,1,4.463090,221061.958555
0,1,2,1,4.462692,221050.457525
0,1,2,1,4.462294,220942.451992
0,1,2,1,4.461895,220861.254011
0,1,2,1,4.461497,220853.998608
0,1,2,1,4.461099,220850.616102
0,1,2,1,4.460701,220685.117516
0,1,2,1,4.460303,220668.185146
0,1,2,1,4.459905,220616.735103
0,1,2,1,4.459508,220564.257966
0,1,2,1,4.459110,220511.742168
0,1,2,1,4.458712,220511.263191
0,1,2,1,4.458315,220500.567588
0,1,2,1,4.457917,220490.576940
0,1,2,1,4.457520,220461.284244
0,1,2,1,4.457122,220387.692380
0,1,2,1,4.456725,220382.663801
0,1,2,1,4.456328,220370.135584
0,1,2,1,4.455931,220312.511694
0,1,2,1,4.455534,220310.820544
0,1,2,1,4.455137,220261.094828
0,1,2,1,4.454740,220252.662592
0,1,2,1,4.454343,220208.994648
0,1,2,1,4.453946,220160.184928
0,1,2,1,4.453549,219915.353276
0,1,2,1,4.453153,219859.904644
0,1,2,1,4.452756,219809.267269
0,1,2,1,4.452360,219804.776775
0,1,2,1,4.451963,219789.988753
0,1,2,1,4.451567,219763.576120
0,1,2,1,4.451171,219736.872363
0,1,2,1,4.450774,219413.862615
0,1,2,1,4.450378,219376.608306
0,1,2,1,4.449982,219312.829028
0,1,2,1,4.449586,219307.291684
0,1,2,1,4.449190,219274.831376
0,1,2,1,4.448794,219209.983900
0,1,2,1,4.448399,219171.292908
0,1,2,1,4.448003,219124.308645
0,1,2,1,4.447607,219063.479503
0,1,2,1,4.447212,219054.583181
0,1,2,1,4.446816,219050.508490
0,1,2,1,4.446421,218914.178431
0,1,2,1,4.446025,218894.457734
0,1,2,1,4.445630,218892.948117
0,1,2,1,4.445235,218840.699628
0,1,2,1,4.444840,218806.839003
0,1,2,1,4.444444,218792.002510
0,1,2,1,4.444049,218722.134276
0,1,2,1,4.443654,218690.329267
0,1,2,1,4.443260,218667.623492
0,1,2,1,4.442865,218589.717218
0,1,2,1,4.442470,218589.407112
0,1,2,1,4.442075,218574.215971
0,1,2,1,4.441681,218567.733245
0,1,2,1,4.441286,218361.928419
0,1,2,1,4.440892,218234.083972
0,1,2,1,4.440497,218175.085589
0,1,2,1,4.440103,218120.496158
0,1,2,1,4.439709,218100.269853
0,1,2,1,4.439315,218043.641435
0,1,2,1,4.438920,218001.132394
0,1,2,1,4.438526,217984.828663
0,1,2,1,4.438132,217969.199332
0,1,2,1,4.437739,217935.440463
0,1,2,1,4.437345,217888.706874
0,1,2,1,4.436951,217857.738336
0,1,2,1,4.436557,217841.774228
0,1,2,1,4.436164,217833.573713
0,1,2,1,4.435770,217808.309898
0,1,2,1,4.435377,217682.783890
0,1,2,1,4.434983,217654.726392
0,1,2,1,4.434590,217520.859914
0,1,2,1,4.434197,217485.222892
0,1,2,1,4.433803,217434.568406
0,1,2,1,4.433410,217332.860327
0,1,2,1,4.433017,217329.505846
0,1,2,1,4.432624,217307.292771
0,1,2,1,4.432231,217292.978691
0,1,2,1,4.431838,217278.078824
0,1,2,1,4.431446,217209.737808
0,1,2,1,4.431053,217129.307924
0,1,2,1,4.430660,217122.916579
0,1,2,1,4.430268,217057.535598
0,1,2,1,4.429875,217024.256052
0,1,2,1,4.429483,217005.725997
0,1,2,1,4.429090,216921.873552
0,1,2,1,4.428698,216753.451773
0,1,2,1,4.428306,216650.032405
0,1,2,1,4.427914,216587.168167
0,1,2,1,4.427521,216587.108104
0,1,2,1,4.427129,216538.486686
0,1,2,1,4.426737,216492.344644
0,1,2,1,4.426346,216421.782353
0,1,2,1,4.425954,216401.918630
0,1,2,1,4.425562,216393.739935
0,1,2,1,4.425170,216196.918163
0,1,2,1,4.424779,216126.233068
0,1,2,1,4.424387,216124.747625
0,1,2,1,4.423996,216072.318372
0,1,2,1,4.423604,216053.746281
0,1,2,1,4.423213,216048.592316
0,1,2,1,4.422822,216047.229063
0,1,2,1,4.422431,216012.808763
0,1,2,1,4.422039,215968.820903
0,1,2,1,4.421648,215895.509188
0,1,2,1,4.421257,215885.840818
0,1,2,1,4.420866,215876.004476
0,1,2,1,4.420476,215744.784860
0,1,2,1,4.420085,215739.235972
0,1,2,1,4.419694,215725.710128
0,1,2,1,4.419304,215584.329427
0,1,2,1,4.418913,215481.193736
0,1,2,1,4.418522,215417.902547
0,1,2,1,4.418132,215394.027281
0,1,2,1,4.417742,215317.784557
0,1,2,1,4.417351,215244.116971
0,1,2,1,4.416961,215187.300718
0,1,2,1,4.416571,215158.805470
0,1,2,1,4.416181,215153.828857
0,1,2,1,4.415791,215123.581616
0,1,2,1,4.415401,215113.189706
0,1,2,1,4.415011,215071.796651
0,1,2,1,4.414621,214959.823627
0,1,2,1,4.414231,214920.370737
0,1,2,1,4.413842,214911.976914
0,1,2,1,4.413452,214704.691297
0,1,2,1,4.413063,214692.201289
0,1,2,1,4.412673,214635.887307
0,1,2,1,4.412284,214634.995717
0,1,2,1,4.411894,214525.537357
0,1,2,1,4.411505,214394.946889
0,1,2,1,4.411116,214373.439555
0,1,2,1,4.410727,214343.169839
0,1,2,1,4.410338,214300.503687
0,1,2,1,4.409949,214267.638915
0,1,2,1,4.409560,214213.421754
0,1,2,1,4.409171,214118.387244
0,1,2,1,4.408782,214059.912059
0,1,2,1,4.408394,213985.052150
0,1,2,1,4.408005,213938.887305
0,1,2,1,4.407616,213896.726415
0,1,2,1,4.407228,213815.518183
0,1,2,1,4.406839,213726.031285
0,1,2,1,4.406451,213644.386250
0,1,2,1,4.406063,213602.692284
0,1,2,1,4.405675,213560.457566
0,1,2,1,4.405286,213514.523427
0,1,2,1,4.404898,213487.195450
0,1,2,1,4.404510,213367.662376
0,1,2,1,4.404122,213314.897230
0,1,2,1,4.403734,213284.513105
0,1,2,1,4.403347,213240.194126
0,1,2,1,4.402959,213211.556885
0,1,2,1,4.402571,213109.136493
0,1,2,1,4.402183,213088.987720
0,1,2,1,4.401796,213030.230152
0,1,2,1,4.401408,213029.633706
0,1,2,1,4.401021,213026.500159
0,1,2,1,4.400634,213016.079022
0,1,2,1,4.400246,212996.439332
0,1,2,1,4.399859,212956.314052
0,1,2,1,4.399472,212895.067133
0,1,2,1,4.399085,212849.946448
0,1,2,1,4.398698,212808.685500
0,1,2,1,4.398311,212808.468781
0,1,2,1,4.397924,212793.881325
0,1,2,1,4.397537,212793.381132
0,1,2,1,4.397151,212786.627993
0,1,2,1,4.396764,212784.697023
0,1,2,1,4.396377,212750.919384
0,1,2,1,4.395991,212646.302870
0,1,2,1,4.395604,212624.889553
0,1,2,1,4.395218,212611.219405
0,1,2,1,4.394832,212587.424785
0,1,2,1,4.394445,212582.610237
0,1,2,1,4.394059,212513.339398
0,1,2,1,4.393673,212448.070852
0,1,2,1,4.393287,212358.753891
0,1,2,1,4.392901,212348.400206
0,1,2,1,4.392515,212263.786893
0,1,2,1,4.392129,212220.781563
0,1,2,1,4.391744,212163.826744
0,1,2,1,4.391358,212136.780155
0,1,2,1,4.390972,212061.572765
0,1,2,1,4.390587,212022.104173
0,1,2,1,4.390201,212011.675512
0,1,2,1,4.389816,211990.873094
0,1,2,1,4.389430,211904.842385
0,1,2,1,4.389045,211848.139905
0,1,2,1,4.388660,211845.617683
0,1,2,1,4.388275,211827.751076
0,1,2,1,4.387889,211806.005695
0,1,2,1,4.387504,211716.298993
0,1,2,1,4.387119,211693.622456
0,1,2,1,4.386735,211683.662009
0,1,2,1,4.386350,211664.674951
0,1,2,1,4.385965,211597.754654
0,1,2,1,4.385580,211483.936188
0,1,2,1,4.385196,211462.493552
0,1,2,1,4.384811,211456.536802
0,1,2,1,4.384427,211408.252116
0,1,2,1,4.384042,211372.671599
0,1,2,1,4.383658,211353.128890
0,1,2,1,4.383273,211281.684448
0,1,2,1,4.382889,211248.724682
0,1,2,1,4.382505,211182.429939
0,1,2,1,4.382121,211061.501600
0,1,2,1,4.381737,211006.412133
0,1,2,1,4.381353,210873.547887
0,1,2,1,4.380969,210867.023236
0,1,2,1,4.380585,210846.275611
0,1,2,1,4.380201,210808.759005
0,1,2,1,4.379818,210806.879365
0,1,2,1,4.379434,210737.703059
0,1,2,1,4.379051,210725.731214
0,1,2,1,4.378667,210709.761412
0,1,2,1,4.378284,210643.032594
0,1,2,1,4.377900,210642.350263
0,1,2,1,4.377517,210641.429702
0,1,2,1,4.377134,210477.001322
0,1,2,1,4.376751,210464.430290
0,1,2,1,4.376368,210348.922200
0,1,2,1,4.375985,210341.749284
0,1,2,1,4.375602,210247.113600
0,1,2,1,4.375219,210227.188077
0,1,2,1,4.374836,210199.845109
0,1,2,1,4.374453,210164.700685
0,1,2,1,4.374071,210096.808635
0,1,2,1,4.373688,210061.515496
0,1,2,1,4.373305,210054.491242
0,1,2,1,4.372923,209995.153680
0,1,2,1,4.372540,209977.304910
0,1,2,1,4.372158,209908.217417
0,1,2,1,4.371776,209897.034821
0,1,2,1,4.371394,209890.951943
0,1,2,1,4.371011,209866.887058
0,1,2,1,4.370629,209807.638739
0,1,2,1,4.370247,209771.578620
0,1,2,1,4.369865,209761.255397
0,1,2,1,4.369484,209757.417602
0,1,2,1,4.369102,209750.750577
0,1,2,1,4.368720,209717.148338
0,1,2,1,4.368338,209623.256628
0,1,2,1,4.367957,209618.277228
0,1,2,1,4.367575,209616.103608
0,1,2,1,4.367194,209557.564308
0,1,2,1,4.366812,209547.887053
0,1,2,1,4.366431,209517.069544
0,1,2,1,4.366050,209319.787396
0,1,2,1,4.365668,209282.625147
0,1,2,1,4.365287,209272.900569
0,1,2,1,4.364906,209218.297847
0,1,2,1,4.364525,209164.699217
0,1,2,1,4.364144,209151.570872
0,1,2,1,4.363763,209085.980393
0,1,2,1,4.363382,208985.261161
0,1,2,1,4.363002,208921.493530
0,1,2,1,4.362621,208912.496592
0,1,2,1,4.362240,208758.671510
0,1,2,1,4.361860,208741.956747
0,1,2,1,4.361479,208717.606709
0,1,2,1,4.361099,208693.663950
0,1,2,1,4.360719,208692.458915
0,1,2,1,4.360338,208588.811457
0,1,2,1,4.359958,208550.336533
0,1,2,1,4.359578,208482.458172
0,1,2,1,4.359198,208472.761724
0,1,2,1,4.358818,208456.339336
0,1,2,1,4.358438,208401.722240
0,1,2,1,4.358058,208342.299594
0,1,2,1,4.357678,208028.317217
0,1,2,1,4.357298,207910.180900
0,1,2,1,4.356919,207840.752018
0,1,2,1,4.356539,207821.450110
0,1,2,1,4.356160,207785.777357
0,1,2,1,4.355780,207774.206387
0,1,2,1,4.355401,207679.107356
0,1,2,1,4.355021,207616.634853
0,1,2,1,4.354642,207600.040225
0,1,2,1,4.354263,207572.998881
0,1,2,1,4.353884,207570.592205
0,1,2,1,4.353505,207454.308088
0,1,2,1,4.353126,207408.866260
0,1,2,1,4.352747,207353.570635
0,1,2,1,4.352368,207339.492577
0,1,2,1,4.351989,207334.040464
0,1,2,1,4.351610,207298.225958
0,1,2,1,4.351231,207294.326334
0,1,2,1,4.350853,207285.002822
0,1,2,1,4.350474,207192.742901
0,1,2,1,4.350096,207186.052119
0,1,2,1,4.349717,207176.714825
0,1,2,1,4.349339,207133.179409
0,1,2,1,4.348961,207116.866088
0,1,2,1,4.348582,206964.230236
0,1,2,1,4.348204,206960.399358
0,1,2,1,4.347826,206913.809464
0,1,2,1,4.347448,206851.016946
0,1,2,1,4.347070,206844.191000
0,1,2,1,4.346692,206741.493756
0,1,2,1,4.346314,206608.229294
0,1,2,1,4.345937,206591.941876
0,1,2,1,4.345559,206514.954554
0,1,2,1,4.345181,206510.301459
0,1,2,1,4.344804,206496.369668
0,1,2,1,4.344426,206442.297336
0,1,2,1,4.344049,206438.528543
0,1,2,1,4.343671,206391.543869
0,1,2,1,4.343294,206327.662039
0,1,2,1,4.342917,206327.339264
0,1,2,1,4.342540,206101.727841
0,1,2,1,4.342162,206034.401247
0,1,2,1,4.341785,205979.907308
0,1,2,1,4.341408,205970.260594
0,1,2,1,4.341031,205919.585345
0,1,2,1,4.340655,205919.478046
0,1,2,1,4.340278,205916.958299
0,1,2,1,4.339901,205803.633740
0,1,2,1,4.339524,205775.719348
0,1,2,1,4.339148,205762.269174
0,1,2,1,4.338771,205755.088401
0,1,2,1,4.338395,205749.509624
0,1,2,1,4.338018,205743.609057
0,1,2,1,4.337642,205652.759504
0,1,2,1,4.337266,205616.074195
0,1,2,1,4.336890,205445.838658
0,1,2,1,4.336513,205433.699803
0,1,2,1,4.336137,205394.033674
0,1,2,1,4.335761,205328.166225
0,1,2,1,4.335385,205248.951767
0,1,2,1,4.335010,205234.523771
0,1,2,1,4.334634,205132.840023
0,1,2,1,4.334258,205090.238998
0,1,2,1,4.333882,205016.301454
0,1,2,1,4.333507,204829.257580
0,1,2,1,4.333131,204805.968927
0,1,2,1,4.332756,204770.391521
0,1,2,1,4.332380,204710.314905
0,1,2,1,4.332005,204572.604018
0,1,2,1,4.331630,204494.611151
0,1,2,1,4.331254,204489.466189
0,1,2,1,4.330879,204468.937083
0,1,2,1,4.330504,204465.996670
0,1,2,1,4.330129,204460.797787
0,1,2,1,4.329754,204411.523053
0,1,2,1,4.329379,204405.845872
0,1,2,1,4.329004,204388.779106
0,1,2,1,4.328630,204387.648769
0,1,2,1,4.328255,204385.198704
0,1,2,1,4.327880,204364.452971
0,1,2,1,4.327506,204349.354360
0,1,2,1,4.327131,204308.231723
0,1,2,1,4.326757,204300.058165
0,1,2,1,4.326382,204161.553050
0,1,2,1,4.326008,204113.735792
0,1,2,1,4.325634,204088.217035
0,1,2,1,4.325260,204078.791410
0,1,2,1,4.324885,204015.599373
0,1,2,1,4.324511,203998.878870
0,1,2,1,4.324137,203905.671145
0,1,2,1,4.323763,203805.332447
0,1,2,1,4.323390,203676.814872
0,1,2,1,4.323016,203595.493111
0,1,2,1,4.322642,203572.563613
0,1,2,1,4.322268,203562.307712
0,1,2,1,4.321895,203558.453987
0,1,2,1,4.321521,203523.356942
0,1,2,1,4.321148,203400.832843
0,1,2,1,4.320774,203370.479957
0,1,2,1,4.320401,203352.769925
0,1,2,1,4.320028,203281.488511
0,1,2,1,4.319654,203233.973182
0,1,2,1,4.319281,203222.439356
0,1,2,1,4.318908,203163.267165
0,1,2,1,4.318535,203089.961249
0,1,2,1,4.318162,203024.634833
0,1,2,1,4.317789,202964.175343
0,1,2,1,4.317416,202948.929352
0,1,2,1,4.317044,202944.798947
0,1,2,1,4.316671,202924.380376
0,1,2,1,4.316298,202818.913955
0,1,2,1,4.315926,202815.303866
0,1,2,1,4.315553,202775.078378
0,1,2,1,4.315181,202596.671339
0,1,2,1,4.314808,202582.062947
0,1,2,1,4.314436,202435.919671
0,1,2,1,4.314064,202409.408744
0,1,2,1,4.313692,202405.776045
0,1,2,1,4.313320,202389.961938
0,1,2,1,4.312947,202369.515932
0,1,2,1,4.312575,202289.156388
0,1,2,1,4.312204,202267.627627
0,1,2,1,4.311832,202098.957420
0,1,2,1,4.311460,202086.814149
0,1,2,1,4.311088,202066.341602
0,1,2,1,4.310716,202049.452515
0,1,2,1,4.310345,201926.245655
0,1,2,1,4.309973,201922.974286
0,1,2,1,4.309602,201872.773507
0,1,2,1,4.309230,201823.219176
0,1,2,1,4.308859,201799.382890
0,1,2,1,4.308488,201796.797890
0,1,2,1,4.308116,201785.744027
0,1,2,1,4.307745,201776.564835
0,1,2,1,4.307374,201693.682867
0,1,2,1,4.307003,201652.015076
0,1,2,1,4.306632,201638.227282
0,1,2,1,4.306261,201589.134058
0,1,2,1,4.305890,201550.205358
0,1,2,1,4.305520,201526.230013
0,1,2,1,4.305149,201513.989344
0,1,2,1,4.304778,201453.786634
0,1,2,1,4.304408,201433.045254
0,1,2,1,4.304037,201373.061970
0,1,2,1,4.303667,201314.254371
0,1,2,1,4.303296,201267.622094
0,1,2,1,4.302926,201251.579968
0,1,2,1,4.302556,201250.999325
0,1,2,1,4.302186,201238.526239
0,1,2,1,4.301815,201234.417834
0,1,2,1,4.301445,200968.599537
0,1,2,1,4.301075,200882.120753
0,1,2,1,4.300705,200872.387133
0,1,2,1,4.300335,200817.650316
0,1,2,1,4.299966,200815.699446
0,1,2,1,4.299596,200756.618868
0,1,2,1,4.299226,200737.701626
0,1,2,1,4.298857,200729.630176
0,1,2,1,4.298487,200725.638023
0,1,2,1,4.298117,200701.114559
0,1,2,1,4.297748,200575.881463
0,1,2,1,4.297379,200564.257074
0,1,2,1,4.297009,200535.299166
0,1,2,1,4.296640,200524.396717
0,1,2,1,4.296271,200523.822490
0,1,2,1,4.295902,200485.850534
0,1,2,1,4.295533,200479.171951
0,1,2,1,4.295164,200463.907126
0,1,2,1,4.294795,200380.593141
0,1,2,1,4.294426,200368.933197
0,1,2,1,4.294057,200362.985723
0,1,2,1,4.293688,200305.138980
0,1,2,1,4.293320,200226.936543
0,1,2,1,4.292951,200098.270873
0,1,2,1,4.292582,200060.274268
0,1,2,1,4.292214,200058.534029
0,1,2,1,4.291845,199791.070737
0,1,2,1,4.291477,199774.160729
0,1,2,1,4.291109,199747.378462
0,1,2,1,4.290741,199637.359904
0,1,2,1,4.290372,199598.721535
0,1,2,1,4.290004,199581.044101
0,1,2,1,4.289636,199579.926032
0,1,2,1,4.289268,199578.821766
0,1,2,1,4.288900,199556.805598
0,1,2,1,4.288532,199556.184622
0,1,2,1,4.288165,199415.539127
0,1,2,1,4.287797,199400.590012
0,1,2,1,4.287429,199350.704388
0,1,2,1,4.287062,199343.862970
0,1,2,1,4.286694,199293.550205
0,1,2,1,4.286327,199292.232771
0,1,2,1,4.285959,199169.117759
0,1,2,1,4.285592,199150.201511
0,1,2,1,4.285225,199138.722491
0,1,2,1,4.284857,199088.984446
0,1,2,1,4.284490,199068.229364
0,1,2,1,4.284123,198993.783005
0,1,2,1,4.283756,198931.131094
0,1,2,1,4.283389,198926.129307
0,1,2,1,4.283022,198886.120672
0,1,2,1,4.282655,198836.483755
0,1,2,1,4.282288,198832.389876
0,1,2,1,4.281922,198786.810209
0,1,2,1,4.281555,198622.724865
0,1,2,1,4.281188,198609.537780
0,1,2,1,4.280822,198468.968023
0,1,2,1,4.280455,198453.211255
0,1,2,1,4.280089,198118.218353
0,1,2,1,4.279723,198074.292574
0,1,2,1,4.279356,198007.448869
0,1,2,1,4.278990,197876.213863
0,1,2,1,4.278624,197807.454234
0,1,2,1,4.278258,197792.450009
0,1,2,1,4.277892,197767.515201
0,1,2,1,4.277526,197744.308715
0,1,2,1,4.277160,197512.397170
0,1,2,1,4.276794,197492.810864
0,1,2,1,4.276428,197477.339056
0,1,2,1,4.276063,197476.174988
0,1,2,1,4.275697,197443.309535
0,1,2,1,4.275331,197421.239592
0,1,2,1,4.274966,197395.961751
0,1,2,1,4.274600,197372.768789
0,1,2,1,4.274235,197303.795596
0,1,2,1,4.273870,197130.642717
0,1,2,1,4.273504,197089.334236
0,1,2,1,4.273139,197063.826960
0,1,2,1,4.272774,196988.217943
0,1,2,1,4.272409,196940.085170
0,1,2,1,4.272044,196923.008673
0,1,2,1,4.271679,196875.231416
0,1,2,1,4.271314,196845.034199
0,1,2,1,4.270949,196823.276605
0,1,2,1,4.270584,196810.797518
0,1,2,1,4.270219,196788.979095
0,1,2,1,4.269855,196718.666043
0,1,2,1,4.269490,196662.874294
0,1,2,1,4.269126,196609.958907
0,1,2,1,4.268761,196481.372303
0,1,2,1,4.268397,196454.128330
0,1,2,1,4.268032,196378.057150
0,1,2,1,4.267668,196372.158653
0,1,2,1,4.267304,196333.456054
0,1,2,1,4.266940,196286.916489
0,1,2,1,4.266576,196217.431070
0,1,2,1,4.266212,196160.074679
0,1,2,1,4.265848,196077.350759
0,1,2,1,4.265484,196021.314515
0,1,2,1,4.265120,196020.023369
0,1,2,1,4.264756,196018.365175
0,1,2,1,4.264392,195957.291496
0,1,2,1,4.264029,195944.688964
0,1,2,1,4.263665,195865.761009
0,1,2,1,4.263302,195857.356694
0,1,2,1,4.262938,195789.812821
0,1,2,1,4.262575,195789.311661
0,1,2,1,4.262211,195635.972182
0,1,2,1,4.261848,195619.760334
0,1,2,1,4.261485,195524.054482
0,1,2,1,4.261122,195451.421945
0,1,2,1,4.260758,195403.102860
0,1,2,1,4.260395,195377.477283
0,1,2,1,4.260032,195353.492143
0,1,2,1,4.259669,195280.924690
0,1,2,1,4.259307,195278.174650
0,1,2,1,4.258944,195251.361228
0,1,2,1,4.258581,195107.599229
0,1,2,1,4.258218,195105.451172
0,1,2,1,4.257856,195096.126572
0,1,2,1,4.257493,195072.958597
0,1,2,1,4.257131,195032.478784
0,1,2,1,4.256768,194834.361928
0,1,2,1,4.256406,194808.471593
0,1,2,1,4.256044,194686.156994
0,1,2,1,4.255681,194670.161153
0,1,2,1,4.255319,194644.625315
0,1,2,1,4.254957,194607.925125
0,1,2,1,4.254595,194569.178179
0,1,2,1,4.254233,194532.707678
0,1,2,1,4.253871,194372.079952
0,1,2,1,4.253509,194078.970724
0,1,2,1,4.253147,193954.292048
0,1,2,1,4.252786,193931.414244
0,1,2,1,4.252424,193911.573772
0,1,2,1,4.252062,193829.460056
0,1,2,1,4.251701,193816.816982
0,1,2,1,4.251339,193677.527043
0,1,2,1,4.250978,193623.219579
0,1,2,1,4.250616,193553.451581
0,1,2,1,4.250255,193546.557117
0,1,2,1,4.249894,193493.096699
0,1,2,1,4.249533,193474.814360
0,1,2,1,4.249171,193266.547486
0,1,2,1,4.248810,193241.926154
0,1,2,1,4.248449,193239.915964
0,1,2,1,4.248088,193127.463411
0,1,2,1,4.247727,193115.889660
0,1,2,1,4.247367,193111.231594
0,1,2,1,4.247006,193076.818869
0,1,2,1,4.246645,193003.948215
0,1,2,1,4.246285,192976.065315
0,1,2,1,4.245924,192972.112386
0,1,2,1,4.245563,192961.094445
0,1,2,1,4.245203,192911.039835
0,1,2,1,4.244843,192852.139264
0,1,2,1,4.244482,192806.864558
0,1,2,1,4.244122,192786.973876
0,1,2,1,4.243762,192772.438963
0,1,2,1,4.243402,192763.766116
0,1,2,1,4.243041,192759.840476
0,1,2,1,4.242681,192747.307696
0,1,2,1,4.242321,192689.647711
0,1,2,1,4.241961,192642.275208
0,1,2,1,4.241602,192626.300024
0,1,2,1,4.241242,192524.310042
0,1,2,1,4.240882,192485.018098
0,1,2,1,4.240522,192447.608796
0,1,2,1,4.240163,192447.274912
0,1,2,1,4.239803,192446.356705
0,1,2,1,4.239444,192436.552572
0,1,2,1,4.239084,192409.514118
0,1,2,1,4.238725,192384.353039
0,1,2,1,4.238366,192330.256989
0,1,2,1,4.238006,192246.604391
0,1,2,1,4.237647,192237.549086
0,1,2,1,4.237288,192223.604680
0,1,2,1,4.236929,192210.441286
0,1,2,1,4.236570,192146.511480
0,1,2,1,4.236211,192110.314931
0,1,2,1,4.235852,192085.348813
0,1,2,1,4.235493,192043.986208
0,1,2,1,4.235135,191910.958974
0,1,2,1,4.234776,191886.155348
0,1,2,1,4.234417,191883.936374
0,1,2,1,4.234059,191862.591672
0,1,2,1,4.233700,191857.522305
0,1,2,1,4.233342,191852.862000
0,1,2,1,4.232983,191819.607645
0,1,2,1,4.232625,191577.171347
0,1,2,1,4.232267,191414.332450
0,1,2,1,4.231909,191401.714321
0,1,2,1,4.231550,191326.511779
0,1,2,1,4.231192,191304.940648
0,1,2,1,4.230834,191266.657257
0,1,2,1,4.230476,191247.729961
0,1,2,1,4.230118,191226.540003
0,1,2,1,4.229761,191034.242924
0,1,2,1,4.229403,191009.891973
0,1,2,1,4.229045,191007.374134
0,1,2,1,4.228687,190976.415517
0,1,2,1,4.228330,190930.061136
0,1,2,1,4.227972,190897.331298
0,1,2,1,4.227615,190890.454121
0,1,2,1,4.227257,190845.498981
0,1,2,1,4.226900,190832.823303
0,1,2,1,4.226543,190778.266403
0,1,2,1,4.226185,190714.151843
0,1,2,1,4.225828,190635.388154
0,1,2,1,4.225471,190551.699663
0,1,2,1,4.225114,190491.365581
0,1,2,1,4.224757,190384.017856
0,1,2,1,4.224400,190371.147679
0,1,2,1,4.224043,190340.357336
0,1,2,1,4.223686,190307.989720
0,1,2,1,4.223330,190297.862878
0,1,2,1,4.222973,190230.705630
0,1,2,1,4.222616,190223.380563
0,1,2,1,4.222260,190186.082907
0,1,2,1,4.221903,190172.690529
0,1,2,1,4.221547,190164.421635
0,1,2,1,4.221190,190114.610240
0,1,2,1,4.220834,190103.784626
0,1,2,1,4.220478,190069.114849
0,1,2,1,4.220122,190016.337069
0,1,2,1,4.219765,189973.630056
0,1,2,1,4.219409,189866.837070
0,1,2,1,4.219053,189807.900064
0,1,2,1,4.218697,189788.674452
0,1,2,1,4.218341,189779.799132
0,1,2,1,4.217985,189764.331099
0,1,2,1,4.217630,189752.295470
0,1,2,1,4.217274,189743.809059
0,1,2,1,4.216918,189604.732602
0,1,2,1,4.216563,189580.018697
0,1,2,1,4.216207,189558.184345
0,1,2,1,4.215852,189512.770948
0,1,2,1,4.215496,189481.749269
0,1,2,1,4.215141,189413.483416
0,1,2,1,4.214785,189329.949244
0,1,2,1,4.214430,189314.287900
0,1,2,1,4.214075,189277.937861
0,1,2,1,4.213720,189271.780750
0,1,2,1,4.213365,189233.719301
0,1,2,1,4.213010,189153.216364
0,1,2,1,4.212655,189108.114162
0,1,2,1,4.212300,189039.455943
0,1,2,1,4.211945,188980.738893
0,1,2,1,4.211590,188971.326816
0,1,2,1,4.211236,188906.340027
0,1,2,1,4.210881,188780.366675
0,1,2,1,4.210526,188742.982015
0,1,2,1,4.210172,188724.525271
0,1,2,1,4.209817,188447.134521
0,1,2,1,4.209463,188384.382918
0,1,2,1,4.209109,188381.963153
0,1,2,1,4.208754,188346.026018
0,1,2,1,4.208400,188216.454964
0,1,2,1,4.208046,188153.769978
0,1,2,1,4.207692,188131.758497
0,1,2,1,4.207338,188104.203044
0,1,2,1,4.206984,188065.574986
0,1,2,1,4.206630,188059.932347
0,1,2,1,4.206276,188038.483545
0,1,2,1,4.205922,188033.128186
0,1,2,1,4.205568,187840.582687
0,1,2,1,4.205214,187798.605691
0,1,2,1,4.204861,187758.803476
0,1,2,1,4.204507,187710.165392
0,1,2,1,4.204154,187614.290845
0,1,2,1,4.203800,187601.621847
0,1,2,1,4.203447,187561.802095
0,1,2,1,4.203093,187531.940537
0,1,2,1,4.202740,187528.369725
0,1,2,1,4.202387,187500.357433
0,1,2,1,4.202034,187472.820089
0,1,2,1,4.201681,187471.941262
0,1,2,1,4.201328,187328.216814
0,1,2,1,4.200975,187320.530253
0,1,2,1,4.200622,187304.889224
0,1,2,1,4.200269,187183.708497
0,1,2,1,4.199916,187168.445055
0,1,2,1,4.199563,187117.442980
0,1,2,1,4.199211,187027.264705
0,1,2,1,4.198858,186907.571167
0,1,2,1,4.198505,186864.395595
0,1,2,1,4.198153,186848.146919
0,1,2,1,4.197800,186835.212603
0,1,2,1,4.197448,186795.774867
0,1,2,1,4.197096,186730.221273
0,1,2,1,4.196743,186562.265456
0,1,2,1,4.196391,186506.488875
0,1,2,1,4.196039,186503.706802
0,1,2,1,4.195687,186436.607967
0,1,2,1,4.195335,186386.799061
0,1,2,1,4.194983,186365.598743
0,1,2,1,4.194631,186221.560625
0,1,2,1,4.194279,186178.099987
0,1,2,1,4.193927,186174.724828
0,1,2,1,4.193575,186158.399611
0,1,2,1,4.193224,186140.171902
0,1,2,1,4.192872,186050.796057
0,1,2,1,4.192521,186020.772204
0,1,2,1,4.192169,185894.215517
0,1,2,1,4.191818,185791.993041
0,1,2,1,4.191466,185753.186872
0,1,2,1,4.191115,185532.340070
0,1,2,1,4.190764,185447.817099
0,1,2,1,4.190412,185431.293714
0,1,2,1,4.190061,185429.576082
0,1,2,1,4.189710,185418.684285
0,1,2,1,4.189359,185407.196235
0,1,2,1,4.189008,185366.461471
0,1,2,1,4.188657,185348.395573
0,1,2,1,4.188306,185343.691418
0,1,2,1,4.187955,185341.183654
0,1,2,1,4.187605,185325.450459
0,1,2,1,4.187254,185308.130268
0,1,2,1,4.186903,185275.678267
0,1,2,1,4.186553,185144.254393
0,1,2,1,4.186202,185081.651215
0,1,2,1,4.185852,184998.200238
0,1,2,1,4.185501,184984.848868
0,1,2,1,4.185151,184899.544642
0,1,2,1,4.184801,184890.658860
0,1,2,1,4.184451,184850.383621
0,1,2,1,4.184100,184834.538027
0,1,2,1,4.183750,184828.563924
0,1,2,1,4.183400,184765.463756
0,1,2,1,4.183050,184764.229491
0,1,2,1,4.182700,184709.325638
0,1,2,1,4.182350,184663.516793
0,1,2,1,4.182001,184602.726821
0,1,2,1,4.181651,184585.887250
0,1,2,1,4.181301,184578.246568
0,1,2,1,4.180952,184567.671422
0,1,2,1,4.180602,184539.550641
0,1,2,1,4.180252,184483.331042
0,1,2,1,4.179903,184459.368857
0,1,2,1,4.179554,184398.111971
0,1,2,1,4.179204,184309.849837
0,1,2,1,4.178855,184309.641501
0,1,2,1,4.178506,184305.755065
0,1,2,1,4.178157,184287.744457
0,1,2,1,4.177807,184183.630874
0,1,2,1,4.177458,184090.607205
0,1,2,1,4.177109,183694.298312
0,1,2,1,4.176761,183686.323177
0,1,2,1,4.176412,183655.559809
0,1,2,1,4.176063,183648.001282
0,1,2,1,4.175714,183609.156413
0,1,2,1,4.175365,183599.968439
0,1,2,1,4.175017,183597.769417
0,1,2,1,4.174668,183575.181591
0,1,2,1,4.174320,183553.410508
0,1,2,1,4.173971,183531.395509
0,1,2,1,4.173623,183450.101216
0,1,2,1,4.173274,183430.631307
0,1,2,1,4.172926,183401.816237
0,1,2,1,4.172578,183354.592560
0,1,2,1,4.172230,183297.058160
0,1,2,1,4.171882,183253.514791
0,1,2,1,4.171533,183226.551305
0,1,2,1,4.171185,183201.882257
0,1,2,1,4.170838,183181.311305
0,1,2,1,4.170490,183164.532831
0,1,2,1,4.170142,183145.870866
0,1,2,1,4.169794,183121.120105
0,1,2,1,4.169446,183111.716382
0,1,2,1,4.169099,183108.413282
0,1,2,1,4.168751,183068.447263
0,1,2,1,4.168404,183004.408439
0,1,2,1,4.168056,182951.263090
0,1,2,1,4.167709,182919.356766
0,1,2,1,4.167361,182896.156823
0,1,2,1,4.167014,182872.844095
0,1,2,1,4.166667,182845.312498
0,1,2,1,4.166319,182799.553101
0,1,2,1,4.165972,182634.042000
0,1,2,1,4.165625,182566.334240
0,1,2,1,4.165278,182559.829481
0,1,2,1,4.164931,182544.724413
0,1,2,1,4.164584,182524.716975
0,1,2,1,4.164238,182500.418757
0,1,2,1,4.163891,182468.924168
0,1,2,1,4.163544,182440.966797
0,1,2,1,4.163197,182416.759942
0,1,2,1,4.162851,182391.234274
0,1,2,1,4.162504,182159.948613
0,1,2,1,4.162158,182153.870609
0,1,2,1,4.161811,182110.222787
0,1,2,1,4.161465,181996.351591
0,1,2,1,4.161119,181949.137391
0,1,2,1,4.160772,181914.433103
0,1,2,1,4.160426,181902.009917
0,1,2,1,4.160080,181901.080241
0,1,2,1,4.159734,181871.464140
0,1,2,1,4.159388,181851.601283
0,1,2,1,4.159042,181817.587153
0,1,2,1,4.158696,181808.549812
0,1,2,1,4.158350,181802.505040
0,1,2,1,4.158004,181796.426871
0,1,2,1,4.157658,181719.542788
0,1,2,1,4.157313,181688.917370
0,1,2,1,4.156967,181661.328560
0,1,2,1,4.156621,181619.458432
0,1,2,1,4.156276,181559.554783
0,1,2,1,4.155931,181558.548355
0,1,2,1,4.155585,181550.847152
0,1,2,1,4.155240,181493.153949
0,1,2,1,4.154894,181301.675088
0,1,2,1,4.154549,181298.370968
0,1,2,1,4.154204,181279.859049
0,1,2,1,4.153859,181241.282148
0,1,2,1,4.153514,181207.474115
0,1,2,1,4.153169,181172.803457
0,1,2,1,4.152824,181117.136731
0,1,2,1,4.152479,181099.273824
0,1,2,1,4.152134,181085.833539
0,1,2,1,4.151789,181037.419472
0,1,2,1,4.151445,180891.036839
0,1,2,1,4.151100,180864.049334
0,1,2,1,4.150755,180827.413284
0,1,2,1,4.150411,180763.679247
0,1,2,1,4.150066,180745.077004
0,1,2,1,4.149722,180604.367915
0,1,2,1,4.149378,180599.001196
0,1,2,1,4.149033,180538.524796
0,1,2,1,4.148689,180440.335639
0,1,2,1,4.148345,180435.215936
0,1,2,1,4.148001,180418.143864
0,1,2,1,4.147657,180404.912114
0,1,2,1,4.147313,180395.556554
0,1,2,1,4.146969,180348.551683
0,1,2,1,4.146625,180334.475746
0,1,2,1,4.146281,180305.546433
0,1,2,1,4.145937,180184.427814
0,1,2,1,4.145593,180084.762019
0,1,2,1,4.145250,180026.894729
0,1,2,1,4.144906,180019.808317
0,1,2,1,4.144562,180014.197154
0,1,2,1,4.144219,179928.876557
0,1,2,1,4.143875,179824.741035
0,1,2,1,4.143532,179783.243249
0,1,2,1,4.143189,179779.477064
0,1,2,1,4.142845,179688.510760
0,1,2,1,4.142502,179659.652395
0,1,2,1,4.142159,179602.022879
0,1,2,1,4.141816,179600.437808
0,1,2,1,4.141473,179593.076893
0,1,2,1,4.141130,179560.977924
0,1,2,1,4.140787,179498.047767
0,1,2,1,4.140444,179496.367951
0,1,2,1,4.140101,179462.756229
0,1,2,1,4.139758,179460.602818
0,1,2,1,4.139416,179443.357022
0,1,2,1,4.139073,179441.409228
0,1,2,1,4.138730,179409.941453
0,1,2,1,4.138388,179341.470774
0,1,2,1,4.138045,179307.537267
0,1,2,1,4.137703,179293.851713
0,1,2,1,4.137360,179250.389116
0,1,2,1,4.137018,179246.861917
0,1,2,1,4.136676,179234.154459
0,1,2,1,4.136334,179155.783461
0,1,2,1,4.135991,179114.247410
0,1,2,1,4.135649,179071.963661
0,1,2,1,4.135307,179050.113073
0,1,2,1,4.134965,179007.981045
0,1,2,1,4.134623,178981.533986
0,1,2,1,4.134281,178908.281121
0,1,2,1,4.133940,178839.375819
0,1,2,1,4.133598,178771.611840
0,1,2,1,4.133256,178723.239429
0,1,2,1,4.132915,178693.544255
0,1,2,1,4.132573,178651.783565
0,1,2,1,4.132231,178609.233513
0,1,2,1,4.131890,178568.604580
0,1,2,1,4.131549,178548.410068
0,1,2,1,4.131207,178464.167817
0,1,2,1,4.130866,178462.224076
0,1,2,1,4.130525,178423.952587
0,1,2,1,4.130183,178230.286217
0,1,2,1,4.129842,178209.299516
0,1,2,1,4.129501,178174.641644
0,1,2,1,4.129160,178165.459419
0,1,2,1,4.128819,178160.858424
0,1,2,1,4.128478,178134.299384
0,1,2,1,4.128137,178124.533868
0,1,2,1,4.127797,178066.036929
0,1,2,1,4.127456,178027.435042
0,1,2,1,4.127115,178007.613299
0,1,2,1,4.126775,177961.587247
0,1,2,1,4.126434,177857.954469
0,1,2,1,4.126093,177807.269053
0,1,2,1,4.125753,177686.210691
0,1,2,1,4.125413,177672.333034
0,1,2,1,4.125072,177662.648015
0,1,2,1,4.124732,177570.529458
0,1,2,1,4.124392,177456.480827
0,1,2,1,4.124051,177425.322853
0,1,2,1,4.123711,177399.946615
0,1,2,1,4.123371,177383.050161
0,1,2,1,4.123031,177374.968439
0,1,2,1,4.122691,177241.490288
0,1,2,1,4.122351,177165.535933
0,1,2,1,4.122012,177153.794606
0,1,2,1,4.121672,177141.653172
0,1,2,1,4.121332,177130.283350
0,1,2,1,4.120992,177104.698372
0,1,2,1,4.120653,177063.911879
0,1,2,1,4.120313,177027.874589
0,1,2,1,4.119974,176948.408176
0,1,2,1,4.119634,176929.025033
0,1,2,1,4.119295,176884.651403
0,1,2,1,4.118955,176811.803303
0,1,2,1,4.118616,176778.028332
0,1,2,1,4.118277,176756.428858
0,1,2,1,4.117938,176658.388998
0,1,2,1,4.117599,176541.041138
0,1,2,1,4.117260,176525.410496
0,1,2,1,4.116921,176520.622651
0,1,2,1,4.116582,176516.114122
0,1,2,1,4.116243,176505.328448
0,1,2,1,4.115904,176503.167858
0,1,2,1,4.115565,176457.604791
0,1,2,1,4.115226,176443.061573
0,1,2,1,4.114888,176404.722865
0,1,2,1,4.114549,176363.885812
0,1,2,1,4.114210,176358.544941
0,1,2,1,4.113872,176352.093871
0,1,2,1,4.113534,176331.329635
0,1,2,1,4.113195,176313.692933
0,1,2,1,4.112857,176177.081771
0,1,2,1,4.112519,176156.525735
0,1,2,1,4.112180,176141.325334
0,1,2,1,4.111842,176134.946178
0,1,2,1,4.111504,176012.987737
0,1,2,1,4.111166,175985.963466
0,1,2,1,4.110828,175753.465370
0,1,2,1,4.110490,175731.268312
0,1,2,1,4.110152,175672.658736
0,1,2,1,4.109814,175584.502029
0,1,2,1,4.109476,175557.984355
0,1,2,1,4.109139,175455.357348
0,1,2,1,4.108801,175339.389321
0,1,2,1,4.108463,175316.130770
0,1,2,1,4.108126,175304.661341
0,1,2,1,4.107788,175199.886890
0,1,2,1,4.107451,175189.433003
0,1,2,1,4.107114,175136.499595
0,1,2,1,4.106776,175037.625644
0,1,2,1,4.106439,174969.466542
0,1,2,1,4.106102,174956.120222
0,1,2,1,4.105764,174952.065703
0,1,2,1,4.105427,174846.255631
0,1,2,1,4.105090,174735.420015
0,1,2,1,4.104753,174703.917154
0,1,2,1,4.104416,174701.748489
0,1,2,1,4.104079,174690.730599
0,1,2,1,4.103743,174683.012839
0,1,2,1,4.103406,174661.395739
0,1,2,1,4.103069,174656.154510
0,1,2,1,4.102732,174616.015075
0,1,2,1,4.102396,174593.366675
0,1,2,1,4.102059,174576.857263
0,1,2,1,4.101723,174510.266779
0,1,2,1,4.101386,174471.310983
0,1,2,1,4.101050,174458.812017
0,1,2,1,4.100714,174406.407155
0,1,2,1,4.100377,174378.089783
0,1,2,1,4.100041,174325.559811
0,1,2,1,4.099705,174311.700433
0,1,2,1,4.099369,174299.528288
0,1,2,1,4.099033,174274.165638
0,1,2,1,4.098697,174200.062838
0,1,2,1,4.098361,174198.307224
0,1,2,1,4.098025,174189.173316
0,1,2,1,4.097689,174187.988841
0,1,2,1,4.097353,174134.297158
0,1,2,1,4.097017,174095.830247
0,1,2,1,4.096682,174093.132436
0,1,2,1,4.096346,174023.596188
0,1,2,1,4.096010,173976.676285
0,1,2,1,4.095675,173931.920941
0,1,2,1,4.095340,173842.596289
0,1,2,1,4.095004,173762.219502
0,1,2,1,4.094669,173759.970579
0,1,2,1,4.094333,173691.364538
0,1,2,1,4.093998,173609.927712
0,1,2,1,4.093663,173597.358628
0,1,2,1,4.093328,173474.971341
0,1,2,1,4.092993,173474.721324
0,1,2,1,4.092658,173433.192756
0,1,2,1,4.092323,173425.786237
0,1,2,1,4.091988,173423.089952
0,1,2,1,4.091653,173319.927106
0,1,2,1,4.091318,173314.137493
0,1,2,1,4.090983,173274.762408
0,1,2,1,4.090649,173267.755812
0,1,2,1,4.090314,173264.116761
0,1,2,1,4.089980,173179.205189
0,1,2,1,4.089645,173129.581071
0,1,2,1,4.089311,173092.509923
0,1,2,1,4.088976,173029.250542
0,1,2,1,4.088642,172995.723906
0,1,2,1,4.088307,172980.267670
0,1,2,1,4.087973,172959.711856
0,1,2,1,4.087639,172957.882431
0,1,2,1,4.087305,172893.815346
0,1,2,1,4.086971,172828.748197
0,1,2,1,4.086637,172807.331304
0,1,2,1,4.086303,172768.397697
0,1,2,1,4.085969,172742.905088
0,1,2,1,4.085635,172693.956409
0,1,2,1,4.085301,172685.789330
0,1,2,1,4.084967,172671.307781
0,1,2,1,4.084634,172661.296932
0,1,2,1,4.084300,172629.186613
0,1,2,1,4.083966,172629.176723
0,1,2,1,4.083633,172604.144314
0,1,2,1,4.083299,172594.441694
0,1,2,1,4.082966,172574.371795
0,1,2,1,4.082632,172570.425916
0,1,2,1,4.082299,172510.138390
0,1,2,1,4.081966,172340.196468
0,1,2,1,4.081633,172250.085664
0,1,2,1,4.081299,172215.981357
0,1,2,1,4.080966,172181.473325
0,1,2,1,4.080633,172153.876555
0,1,2,1,4.080300,172040.889521
0,1,2,1,4.079967,171972.893702
0,1,2,1,4.079634,171940.213377
0,1,2,1,4.079302,171806.480114
0,1,2,1,4.078969,171769.912984
0,1,2,1,4.078636,171764.639131
0,1,2,1,4.078303,171698.563386
0,1,2,1,4.077971,171680.109913
0,1,2,1,4.077638,171673.267657
0,1,2,1,4.077306,171647.166389
0,1,2,1,4.076973,171632.019916
0,1,2,1,4.076641,171600.666211
0,1,2,1,4.076308,171593.198630
0,1,2,1,4.075976,171572.657430
0,1,2,1,4.075644,171572.606815
0,1,2,1,4.075312,171560.691526
0,1,2,1,4.074980,171531.521362
0,1,2,1,4.074648,171392.026092
0,1,2,1,4.074316,171382.952650
0,1,2,1,4.073984,171272.397097
0,1,2,1,4.073652,171249.619798
0,1,2,1,4.073320,171173.600423
0,1,2,1,4.072988,171113.429474
0,1,2,1,4.072656,171100.556292
0,1,2,1,4.072324,171050.718040
0,1,2,1,4.071993,170987.563899
0,1,2,1,4.071661,170961.730812
0,1,2,1,4.071330,170877.109697
0,1,2,1,4.070998,170829.260156
0,1,2,1,4.070667,170828.258958
0,1,2,1,4.070335,170713.264186
0,1,2,1,4.070004,170597.946626
0,1,2,1,4.069673,170585.909095
0,1,2,1,4.069342,170548.677009
0,1,2,1,4.069010,170473.344391
0,1,2,1,4.068679,170456.925684
0,1,2,1,4.068348,170350.430907
0,1,2,1,4.068017,170349.466533
0,1,2,1,4.067686,170157.234695
0,1,2,1,4.067355,170148.371012
0,1,2,1,4.067025,170139.223269
0,1,2,1,4.066694,169965.615020
0,1,2,1,4.066363,169885.873975
0,1,2,1,4.066032,169821.854342
0,1,2,1,4.065702,169698.755445
0,1,2,1,4.065371,169650.386308
0,1,2,1,4.065041,169648.659552
0,1,2,1,4.064710,169578.526242
0,1,2,1,4.064380,169560.782364
0,1,2,1,4.064049,169505.354359
0,1,2,1,4.063719,169492.997880
0,1,2,1,4.063389,169419.932185
0,1,2,1,4.063059,169417.850602
0,1,2,1,4.062729,169358.264025
0,1,2,1,4.062398,169301.670479
0,1,2,1,4.062068,169280.073546
0,1,2,1,4.061738,169263.082821
0,1,2,1,4.061408,169258.944879
0,1,2,1,4.061079,169101.051411
0,1,2,1,4.060749,169057.884486
0,1,2,1,4.060419,168968.402107
0,1,2,1,4.060089,168938.668407
0,1,2,1,4.059760,168849.823290
0,1,2,1,4.059430,168842.461581
0,1,2,1,4.059101,168821.637941
0,1,2,1,4.058771,168769.137047
0,1,2,1,4.058442,168717.240104
0,1,2,1,4.058112,168707.352463
0,1,2,1,4.057783,168678.951556
0,1,2,1,4.057454,168639.049462
0,1,2,1,4.057124,168594.203143
0,1,2,1,4.056795,168554.049102
0,1,2,1,4.056466,168530.450985
0,1,2,1,4.056137,168518.428172
0,1,2,1,4.055808,168457.213333
0,1,2,1,4.055479,168405.588958
0,1,2,1,4.055150,168396.489705
0,1,2,1,4.054821,168174.652785
0,1,2,1,4.054492,168072.827805
0,1,2,1,4.054164,168069.298232
0,1,2,1,4.053835,168053.007630
0,1,2,1,4.053506,167923.834650
0,1,2,1,4.053178,167874.696139
0,1,2,1,4.052849,167829.296240
0,1,2,1,4.052521,167797.975043
0,1,2,1,4.052192,167765.049550
0,1,2,1,4.051864,167754.631996
0,1,2,1,4.051536,167721.631343
0,1,2,1,4.051207,167637.610077
0,1,2,1,4.050879,167595.184612
0,1,2,1,4.050551,167563.675464
0,1,2,1,4.050223,167563.433430
0,1,2,1,4.049895,167442.728057
0,1,2,1,4.049567,167391.294319
0,1,2,1,4.049239,167348.052181
0,1,2,1,4.048911,167315.732638
0,1,2,1,4.048583,167298.544881
0,1,2,1,4.048255,167252.784475
0,1,2,1,4.047927,167171.391920
0,1,2,1,4.047600,167162.329126
0,1,2,1,4.047272,167148.497646
0,1,2,1,4.046945,167066.794982
0,1,2,1,4.046617,167048.806604
0,1,2,1,4.046290,167004.517425
0,1,2,1,4.045962,166984.286513
0,1,2,1,4.045635,166977.745489
0,1,2,1,4.045307,166977.332988
0,1,2,1,4.044980,166976.912145
0,1,2,1,4.044653,166891.907440
0,1,2,1,4.044326,166858.825473
0,1,2,1,4.043999,166769.213935
0,1,2,1,4.043672,166764.194369
0,1,2,1,4.043345,166707.557121
0,1,2,1,4.043018,166665.114795
0,1,2,1,4.042691,166654.236299
0,1,2,1,4.042364,166634.542337
0,1,2,1,4.042037,166588.644534
0,1,2,1,4.041710,166551.317501
0,1,2,1,4.041384,166517.994463
0,1,2,1,4.041057,166456.235528
0,1,2,1,4.040731,166442.949356
0,1,2,1,4.040404,166380.887694
0,1,2,1,4.040078,166262.524632
0,1,2,1,4.039751,166257.161637
0,1,2,1,4.039425,166253.218463
0,1,2,1,4.039098,166222.943168
0,1,2,1,4.038772,166207.340144
0,1,2,1,4.038446,166104.093612
0,1,2,1,4.038120,166103.052406
0,1,2,1,4.037794,166055.835632
0,1,2,1,4.037468,165951.374502
0,1,2,1,4.037142,165936.196552
0,1,2,1,4.036816,165841.860989
0,1,2,1,4.036490,165825.256871
0,1,2,1,4.036164,165823.371433
0,1,2,1,4.035838,165784.217401
0,1,2,1,4.035513,165769.390079
0,1,2,1,4.035187,165721.841184
0,1,2,1,4.034861,165681.346395
0,1,2,1,4.034536,165678.517620
0,1,2,1,4.034210,165674.613197
0,1,2,1,4.033885,165627.525838
0,1,2,1,4.033559,165498.449329
0,1,2,1,4.033234,165399.282144
0,1,2,1,4.032909,165316.399492
0,1,2,1,4.032583,165272.585971
0,1,2,1,4.032258,165233.647707
0,1,2,1,4.031933,165222.158798
0,1,2,1,4.031608,165217.065193
0,1,2,1,4.031283,165147.296185
0,1,2,1,4.030958,164957.334308
0,1,2,1,4.030633,164917.501633
0,1,2,1,4.030308,164909.971661
0,1,2,1,4.029983,164866.545995
0,1,2,1,4.029658,164823.141278
0,1,2,1,4.029334,164785.992646
0,1,2,1,4.029009,164761.793647
0,1,2,1,4.028684,164687.021800
0,1,2,1,4.028360,164654.072878
0,1,2,1,4.028035,164563.095189
0,1,2,1,4.027711,164511.661876
0,1,2,1,4.027386,164481.211331
0,1,2,1,4.027062,164415.277793
0,1,2,1,4.026738,164403.620288
0,1,2,1,4.026413,164358.650254
0,1,2,1,4.026089,164332.073151
0,1,2,1,4.025765,164173.664060
0,1,2,1,4.025441,164172.487591
0,1,2,1,4.025117,164158.216183
0,1,2,1,4.024793,164080.899230
0,1,2,1,4.024469,164062.334419
0,1,2,1,4.024145,164044.323473
0,1,2,1,4.023821,164003.617480
0,1,2,1,4.023497,164001.207637
0,1,2,1,4.023173,163989.737195
0,1,2,1,4.022850,163956.448739
0,1,2,1,4.022526,163955.098345
0,1,2,1,4.022203,163952.231811
0,1,2,1,4.021879,163929.309512
0,1,2,1,4.021556,163883.095034
0,1,2,1,4.021232,163876.640511
0,1,2,1,4.020909,163809.349140
0,1,2,1,4.020585,163798.248530
0,1,2,1,4.020262,163740.786554
0,1,2,1,4.019939,163739.976427
0,1,2,1,4.019616,163719.077611
0,1,2,1,4.019293,163648.063861
0,1,2,1,4.018970,163571.021394
0,1,2,1,4.018647,163500.311733
0,1,2,1,4.018324,163472.697110
0,1,2,1,4.018001,163426.894345
0,1,2,1,4.017678,163421.352139
0,1,2,1,4.017355,163366.245032
0,1,2,1,4.017032,163353.275058
0,1,2,1,4.016710,163333.379400
0,1,2,1,4.016387,163273.580944
0,1,2,1,4.016064,163254.447488
0,1,2,1,4.015742,163178.330786
0,1,2,1,4.015419,163136.922229
0,1,2,1,4.015097,163136.431426
0,1,2,1,4.014774,163122.285080
0,1,2,1,4.014452,163121.038677
0,1,2,1,4.014130,163051.183490
0,1,2,1,4.013807,162997.073006
0,1,2,1,4.013485,162975.857749
0,1,2,1,4.013163,162869.361064
0,1,2,1,4.012841,162833.727275
0,1,2,1,4.012519,162831.911520
0,1,2,1,4.012197,162831.076653
0,1,2,1,4.011875,162820.149469
0,1,2,1,4.011553,162787.393120
0,1,2,1,4.011231,162733.568725
0,1,2,1,4.010910,162713.025538
0,1,2,1,4.010588,162585.335122
0,1,2,1,4.010266,162573.743223
0,1,2,1,4.009945,162550.524050
0,1,2,1,4.009623,162452.755449
0,1,2,1,4.009302,162450.019129
0,1,2,1,4.008980,162398.379474
0,1,2,1,4.008659,162386.008542
0,1,2,1,4.008337,162351.756175
0,1,2,1,4.008016,162285.316878
0,1,2,1,4.007695,162119.555289
0,1,2,1,4.007374,162096.018293
0,1,2,1,4.007052,161802.995697
0,1,2,1,4.006731,161777.430406
0,1,2,1,4.006410,161708.705489
0,1,2,1,4.006089,161625.523154
0,1,2,1,4.005768,161564.147871
0,1,2,1,4.005447,161354.396886
0,1,2,1,4.005127,161315.552373
0,1,2,1,4.004806,161313.370129
0,1,2,1,4.004485,161236.932648
0,1,2,1,4.004164,161222.515905
0,1,2,1,4.003844,161207.563172
0,1,2,1,4.003523,161188.121300
0,1,2,1,4.003203,161164.717394
0,1,2,1,4.002882,161161.818641
0,1,2,1,4.002562,161095.565064
0,1,2,1,4.002241,161085.817413
0,1,2,1,4.001921,161068.845227
0,1,2,1,4.001601,161066.207375
0,1,2,1,4.001280,161046.990594
0,1,2,1,4.000960,160963.606546
0,1,2,1,4.000640,160842.306797
0,1,2,1,4.000320,160841.432573
0,1,2,1,4.000000,160775.139821
0,1,2,1,3.999680,160773.889390
0,1,2,1,3.999360,160689.691197
0,1,2,1,3.999040,160683.927528
0,1,2,1,3.998720,160636.616864
0,1,2,1,3.998401,160591.753121
0,1,2,1,3.998081,160524.420006
0,1,2,1,3.997761,160489.830625
0,1,2,1,3.997442,160450.071761
0,1,2,1,3.997122,160358.496149
0,1,2,1,3.996803,160340.152765
0,1,2,1,3.996483,160101.060549
0,1,2,1,3.996164,160075.391902
0,1,2,1,3.995844,160015.081726
0,1,2,1,3.995525,160009.129662
0,1,2,1,3.995206,159918.235370
0,1,2,1,3.994887,159896.016887
0,1,2,1,3.994567,159842.958362
0,1,2,1,3.994248,159792.740688
0,1,2,1,3.993929,159773.053657
0,1,2,1,3.993610,159745.335440
0,1,2,1,3.993291,159647.342144
0,1,2,1,3.992972,159631.394855
0,1,2,1,3.992654,159627.031347
0,1,2,1,3.992335,159553.646776
0,1,2,1,3.992016,159445.993506
0,1,2,1,3.991697,159437.527029
0,1,2,1,3.991379,159405.563412
0,1,2,1,3.991060,159391.774536
0,1,2,1,3.990741,159378.975427
0,1,2,1,3.990423,159326.320503
0,1,2,1,3.990105,159315.295247
0,1,2,1,3.989786,159289.898644
0,1,2,1,3.989468,159270.343765
0,1,2,1,3.989150,159239.787556
0,1,2,1,3.988831,159193.715377
0,1,2,1,3.988513,159186.558275
0,1,2,1,3.988195,159114.594219
0,1,2,1,3.987877,158919.110484
0,1,2,1,3.987559,158878.397585
0,1,2,1,3.987241,158867.895615
0,1,2,1,3.986923,158839.092735
0,1,2,1,3.986605,158827.280195
0,1,2,1,3.986287,158702.219298
0,1,2,1,3.985969,158697.784092
0,1,2,1,3.985652,158677.364647
0,1,2,1,3.985334,158648.411280
0,1,2,1,3.985016,158644.780520
0,1,2,1,3.984699,158585.785816
0,1,2,1,3.984381,158527.189750
0,1,2,1,3.984064,158446.598202
0,1,2,1,3.983746,158311.103931
0,1,2,1,3.983429,158258.851954
0,1,2,1,3.983112,158222.326097
0,1,2,1,3.982794,158217.762756
0,1,2,1,3.982477,158049.999014
0,1,2,1,3.982160,157995.797899
0,1,2,1,3.981843,157951.548237
0,1,2,1,3.981526,157928.613935
0,1,2,1,3.981209,157887.421370
0,1,2,1,3.980892,157843.231319
0,1,2,1,3.980575,157758.724977
0,1,2,1,3.980258,157694.680873
0,1,2,1,3.979941,157650.566258
0,1,2,1,3.979624,157629.228718
0,1,2,1,3.979308,157600.662033
0,1,2,1,3.978991,157597.291541
0,1,2,1,3.978674,157513.446286
0,1,2,1,3.978358,157502.748090
0,1,2,1,3.978041,157485.099391
0,1,2,1,3.977725,157481.377298
0,1,2,1,3.977408,157410.532316
0,1,2,1,3.977092,157365.113562
0,1,2,1,3.976776,157180.339170
0,1,2,1,3.976459,157166.674093
0,1,2,1,3.976143,157157.376454
0,1,2,1,3.975827,157116.468138
0,1,2,1,3.975511,157068.153788
0,1,2,1,3.975195,157063.166351
0,1,2,1,3.974879,156978.812170
0,1,2,1,3.974563,156921.480831
0,1,2,1,3.974247,156882.973370
0,1,2,1,3.973931,156865.730510
0,1,2,1,3.973615,156832.223033
0,1,2,1,3.973299,156811.422966
0,1,2,1,3.972984,156801.021158
0,1,2,1,3.972668,156760.369063
0,1,2,1,3.972352,156665.948639
0,1,2,1,3.972037,156645.227651
0,1,2,1,3.971721,156639.555445
0,1,2,1,3.971406,156622.926129
0,1,2,1,3.971090,156612.992441
0,1,2,1,3.970775,156606.562895
0,1,2,1,3.970460,156570.570900
0,1,2,1,3.970145,156486.065757
0,1,2,1,3.969829,156334.060401
0,1,2,1,3.969514,156330.390042
0,1,2,1,3.969199,156319.719586
0,1,2,1,3.968884,156317.794573
0,1,2,1,3.968569,156288.478471
0,1,2,1,3.968254,156235.041771
0,1,2,1,3.967939,156219.898819
0,1,2,1,3.967624,156131.580352
0,1,2,1,3.967309,156096.624411
0,1,2,1,3.966995,156057.297174
0,1,2,1,3.966680,156050.182251
0,1,2,1,3.966365,155859.360266
0,1,2,1,3.966051,155830.500591
0,1,2,1,3.965736,155813.263278
0,1,2,1,3.965422,155810.657538
0,1,2,1,3.965107,155808.040578
0,1,2,1,3.964793,155792.688723
0,1,2,1,3.964478,155730.604412
0,1,2,1,3.964164,155724.927454
0,1,2,1,3.963850,155671.002114
0,1,2,1,3.963535,155547.036039
0,1,2,1,3.963221,155507.357615
0,1,2,1,3.962907,155476.516149
0,1,2,1,3.962593,155408.024997
0,1,2,1,3.962279,155364.499166
0,1,2,1,3.961965,155331.967247
0,1,2,1,3.961651,155329.365394
0,1,2,1,3.961337,155171.503853
0,1,2,1,3.961024,155103.639803
0,1,2,1,3.960710,155065.071845
0,1,2,1,3.960396,155044.856984
0,1,2,1,3.960082,154974.880867
0,1,2,1,3.959769,154935.274731
0,1,2,1,3.959455,154833.397369
0,1,2,1,3.959142,154801.134825
0,1,2,1,3.958828,154699.026904
0,1,2,1,3.958515,154696.969172
0,1,2,1,3.958201,154670.075777
0,1,2,1,3.957888,154653.558750
0,1,2,1,3.957575,154636.559802
0,1,2,1,3.957262,154619.372802
0,1,2,1,3.956948,154600.367691
0,1,2,1,3.956635,154595.832905
0,1,2,1,3.956322,154584.530507
0,1,2,1,3.956009,154444.089067
0,1,2,1,3.955696,154435.524139
0,1,2,1,3.955383,154418.695048
0,1,2,1,3.955070,154322.101392
0,1,2,1,3.954758,154317.917806
0,1,2,1,3.954445,154313.686908
0,1,2,1,3.954132,154245.162236
0,1,2,1,3.953819,154231.147399
0,1,2,1,3.953507,154225.813440
0,1,2,1,3.953194,154159.512683
0,1,2,1,3.952882,153960.781368
0,1,2,1,3.952569,153831.187980
0,1,2,1,3.952257,153791.346527
0,1,2,1,3.951944,153736.611276
0,1,2,1,3.951632,153693.028326
0,1,2,1,3.951320,153630.122913
0,1,2,1,3.951008,153619.769103
0,1,2,1,3.950695,153555.782779
0,1,2,1,3.950383,153530.434135
0,1,2,1,3.950071,153521.415435
0,1,2,1,3.949759,153502.931430
0,1,2,1,3.949447,153472.201191
0,1,2,1,3.949135,153373.815472
0,1,2,1,3.948823,153222.396069
0,1,2,1,3.948511,153186.720571
0,1,2,1,3.948200,153159.495608
0,1,2,1,3.947888,153118.259567
0,1,2,1,3.947576,153086.682677
0,1,2,1,3.947265,153072.729311
0,1,2,1,3.946953,153054.595460
0,1,2,1,3.946641,153006.974490
0,1,2,1,3.946330,152976.700744
0,1,2,1,3.946018,152946.993294
0,1,2,1,3.945707,152928.956419
0,1,2,1,3.945396,152865.890624
0,1,2,1,3.945084,152855.070598
0,1,2,1,3.944773,152817.381103
0,1,2,1,3.944462,152752.173865
0,1,2,1,3.944151,152679.007018
0,1,2,1,3.943840,152628.495878
0,1,2,1,3.943529,152547.008694
0,1,2,1,3.943218,152533.940610
0,1,2,1,3.942907,152514.881503
0,1,2,1,3.942596,152510.131529
0,1,2,1,3.942285,152490.043205
0,1,2,1,3.941974,152477.505076
0,1,2,1,3.941663,152397.359585
0,1,2,1,3.941353,152391.698522
0,1,2,1,3.941042,152261.625308
0,1,2,1,3.940731,152233.154012
0,1,2,1,3.940421,152215.590305
0,1,2,1,3.940110,152158.575676
0,1,2,1,3.939800,151980.481649
0,1,2,1,3.939489,151965.095315
0,1,2,1,3.939179,151920.898996
0,1,2,1,3.938869,151909.050402
0,1,2,1,3.938558,151887.613069
0,1,2,1,3.938248,151873.558534
0,1,2,1,3.937938,151861.309067
0,1,2,1,3.937628,151822.663573
0,1,2,1,3.937318,151805.062269
0,1,2,1,3.937008,151767.582631
0,1,2,1,3.936698,151721.483088
0,1,2,1,3.936388,151696.442675
0,1,2,1,3.936078,151671.108312
0,1,2,1,3.935768,151525.288585
0,1,2,1,3.935458,151514.557149
0,1,2,1,3.935149,151474.706713
0,1,2,1,3.934839,151445.226848
0,1,2,1,3.934529,151426.647307
0,1,2,1,3.934220,151415.797130
0,1,2,1,3.933910,151394.473268
0,1,2,1,3.933601,151308.688585
0,1,2,1,3.933291,151219.427851
0,1,2,1,3.932982,151216.518720
0,1,2,1,3.932673,151156.872297
0,1,2,1,3.932363,151027.528479
0,1,2,1,3.932054,150929.396647
0,1,2,1,3.931745,150885.658525
0,1,2,1,3.931436,150879.336586
0,1,2,1,3.931127,150864.118879
0,1,2,1,3.930818,150863.469879
0,1,2,1,3.930509,150802.090141
0,1,2,1,3.930200,150686.460033
0,1,2,1,3.929891,150683.029921
0,1,2,1,3.929582,150621.143416
0,1,2,1,3.929273,150560.869131
0,1,2,1,3.928964,150530.796295
0,1,2,1,3.928656,150507.626542
0,1,2,1,3.928347,150481.076464
0,1,2,1,3.928038,150376.230537
0,1,2,1,3.927730,150370.595202
0,1,2,1,3.927421,150268.945010
0,1,2,1,3.927113,150262.646472
0,1,2,1,3.926804,150190.648978
0,1,2,1,3.926496,150032.220197
0,1,2,1,3.926188,149985.345653
0,1,2,1,3.925879,149939.631438
0,1,2,1,3.925571,149858.550854
0,1,2,1,3.925263,149828.031976
0,1,2,1,3.924955,149791.723202
0,1,2,1,3.924647,149667.029601
0,1,2,1,3.924339,149660.786052
0,1,2,1,3.924031,149646.528650
0,1,2,1,3.923723,149632.295649
0,1,2,1,3.923415,149610.224504
0,1,2,1,3.923107,149498.623653
0,1,2,1,3.922799,149433.051199
0,1,2,1,3.922492,149393.141442
0,1,2,1,3.922184,149377.289912
0,1,2,1,3.921876,149319.500367
0,1,2,1,3.921569,149252.658721
0,1,2,1,3.921261,149244.720855
0,1,2,1,3.920954,149196.871601
0,1,2,1,3.920646,149112.505497
0,1,2,1,3.920339,149063.427173
0,1,2,1,3.920031,149050.152953
0,1,2,1,3.919724,149043.950103
0,1,2,1,3.919417,148991.766065
0,1,2,1,3.919110,148975.609973
0,1,2,1,3.918802,148947.328909
0,1,2,1,3.918495,148914.094930
0,1,2,1,3.918188,148898.873293
0,1,2,1,3.917881,148871.270572
0,1,2,1,3.917574,148866.062515
0,1,2,1,3.917267,148809.447446
0,1,2,1,3.916960,148786.676949
0,1,2,1,3.916654,148550.198620
0,1,2,1,3.916347,148514.956784
0,1,2,1,3.916040,148285.565479
0,1,2,1,3.915733,148261.751271
0,1,2,1,3.915427,148224.974849
0,1,2,1,3.915120,148175.180620
0,1,2,1,3.914814,148155.994649
0,1,2,1,3.914507,148118.880447
0,1,2,1,3.914201,148102.021636
0,1,2,1,3.913894,147897.727070
0,1,2,1,3.913588,147893.206711
0,1,2,1,3.913282,147812.762847
0,1,2,1,3.912975,147755.115704
0,1,2,1,3.912669,147675.808494
0,1,2,1,3.912363,147659.925446
0,1,2,1,3.912057,147585.808818
0,1,2,1,3.911751,147557.774271
0,1,2,1,3.911445,147520.909938
0,1,2,1,3.911139,147508.389129
0,1,2,1,3.910833,147474.016048
0,1,2,1,3.910527,147414.040500
0,1,2,1,3.910221,147393.282289
0,1,2,1,3.909916,147388.608466
0,1,2,1,3.909610,147378.873781
0,1,2,1,3.909304,147359.856167
0,1,2,1,3.908999,147220.620794
0,1,2,1,3.908693,147184.040168
0,1,2,1,3.908387,147082.562402
0,1,2,1,3.908082,147069.664215
0,1,2,1,3.907776,147056.890365
0,1,2,1,3.907471,147050.198982
0,1,2,1,3.907166,147010.961300
0,1,2,1,3.906860,147003.767363
0,1,2,1,3.906555,146986.286852
0,1,2,1,3.906250,146939.590112
0,1,2,1,3.905945,146805.056825
0,1,2,1,3.905640,146592.639755
0,1,2,1,3.905335,146533.014069
0,1,2,1,3.905030,146509.109063
0,1,2,1,3.904725,146298.784249
0,1,2,1,3.904420,146277.614742
0,1,2,1,3.904115,146276.815065
0,1,2,1,3.903810,146224.420177
0,1,2,1,3.903505,146166.256253
0,1,2,1,3.903201,146144.054181
0,1,2,1,3.902896,146073.104714
0,1,2,1,3.902591,146071.843951
0,1,2,1,3.902287,146003.663008
0,1,2,1,3.901982,145960.721226
0,1,2,1,3.901678,145954.293207
0,1,2,1,3.901373,145921.960107
0,1,2,1,3.901069,145903.332602
0,1,2,1,3.900765,145883.456743
0,1,2,1,3.900460,145796.481792
0,1,2,1,3.900156,145767.451714
0,1,2,1,3.899852,145731.805621
0,1,2,1,3.899548,145628.656871
0,1,2,1,3.899244,145511.918769
0,1,2,1,3.898939,145445.080971
0,1,2,1,3.898635,145441.597256
0,1,2,1,3.898332,145418.568924
0,1,2,1,3.898028,145295.168345
0,1,2,1,3.897724,145232.853428
0,1,2,1,3.897420,145221.441154
0,1,2,1,3.897116,145206.136253
0,1,2,1,3.896812,145129.283562
0,1,2,1,3.896509,145126.889726
0,1,2,1,3.896205,145087.907945
0,1,2,1,3.895902,145031.931632
0,1,2,1,3.895598,145030.718179
0,1,2,1,3.895294,144992.898203
0,1,2,1,3.894991,144884.845335
0,1,2,1,3.894688,144865.067745
0,1,2,1,3.894384,144854.558835
0,1,2,1,3.894081,144816.625095
0,1,2,1,3.893778,144810.060826
0,1,2,1,3.893475,144686.586340
0,1,2,1,3.893171,144662.725158
0,1,2,1,3.892868,144632.751590
0,1,2,1,3.892565,144631.925319
0,1,2,1,3.892262,144605.316274
0,1,2,1,3.891959,144578.094508
0,1,2,1,3.891656,144528.624458
0,1,2,1,3.891353,144523.425423
0,1,2,1,3.891051,144417.950360
0,1,2,1,3.890748,144327.260592
0,1,2,1,3.890445,144308.100507
0,1,2,1,3.890142,144292.819849
0,1,2,1,3.889840,144269.795121
0,1,2,1,3.889537,144240.773097
0,1,2,1,3.889235,144133.278134
0,1,2,1,3.888932,144129.556487
0,1,2,1,3.888630,144119.253787
0,1,2,1,3.888327,144115.598092
0,1,2,1,3.888025,144108.848995
0,1,2,1,3.887723,144102.588969
0,1,2,1,3.887420,144087.847192
0,1,2,1,3.887118,144065.965819
0,1,2,1,3.886816,144064.291148
0,1,2,1,3.886514,144045.187809
0,1,2,1,3.886212,144033.855431
0,1,2,1,3.885910,143937.049061
0,1,2,1,3.885608,143897.301900
0,1,2,1,3.885306,143879.864240
0,1,2,1,3.885004,143695.147387
0,1,2,1,3.884702,143620.225263
0,1,2,1,3.884400,143580.935784
0,1,2,1,3.884099,143514.873178
0,1,2,1,3.883797,143386.828718
0,1,2,1,3.883495,143381.054113
0,1,2,1,3.883194,143357.864002
0,1,2,1,3.882892,143341.745297
0,1,2,1,3.882590,143326.832445
0,1,2,1,3.882289,143312.214956
0,1,2,1,3.881988,143198.442573
0,1,2,1,3.881686,143197.958599
0,1,2,1,3.881385,143161.603514
0,1,2,1,3.881084,143148.142582
0,1,2,1,3.880782,143134.877554
0,1,2,1,3.880481,143096.556685
0,1,2,1,3.880180,143009.745815
0,1,2,1,3.879879,142982.425991
0,1,2,1,3.879578,142954.084533
0,1,2,1,3.879277,142918.378394
0,1,2,1,3.878976,142865.540141
0,1,2,1,3.878675,142805.189076
0,1,2,1,3.878374,142771.375519
0,1,2,1,3.878073,142747.097085
0,1,2,1,3.877773,142664.834223
0,1,2,1,3.877472,142643.612630
0,1,2,1,3.877171,142597.930010
0,1,2,1,3.876871,142532.054919
0,1,2,1,3.876570,142525.491014
0,1,2,1,3.876269,142521.505263
0,1,2,1,3.875969,142395.562200
0,1,2,1,3.875669,142318.981319
0,1,2,1,3.875368,142309.038971
0,1,2,1,3.875068,142303.079264
0,1,2,1,3.874768,142293.207571
0,1,2,1,3.874467,142229.234011
0,1,2,1,3.874167,142204.870762
0,1,2,1,3.873867,142173.336703
0,1,2,1,3.873567,142164.034719
0,1,2,1,3.873267,142079.888557
0,1,2,1,3.872967,141999.027381
0,1,2,1,3.872667,141819.394189
0,1,2,1,3.872367,141815.190181
0,1,2,1,3.872067,141798.434603
0,1,2,1,3.871767,141749.005787
0,1,2,1,3.871467,141703.036674
0,1,2,1,3.871168,141679.534923
0,1,2,1,3.870868,141663.585823
0,1,2,1,3.870568,141656.322487
0,1,2,1,3.870269,141619.552375
0,1,2,1,3.869969,141604.400477
0,1,2,1,3.869670,141591.278192
0,1,2,1,3.869370,141520.402999
0,1,2,1,3.869071,141463.895240
0,1,2,1,3.868771,141224.427501
0,1,2,1,3.868472,141190.864100
0,1,2,1,3.868173,141180.408749
0,1,2,1,3.867873,141171.234187
0,1,2,1,3.867574,141169.986021
0,1,2,1,3.867275,141141.835295
0,1,2,1,3.866976,141090.769611
0,1,2,1,3.866677,141044.389588
0,1,2,1,3.866378,141002.523160
0,1,2,1,3.866079,140812.341014
0,1,2,1,3.865780,140790.100934
0,1,2,1,3.865481,140743.766991
0,1,2,1,3.865182,140705.058607
0,1,2,1,3.864884,140684.938678
0,1,2,1,3.864585,140654.073765
0,1,2,1,3.864286,140620.973433
0,1,2,1,3.863988,140608.777243
0,1,2,1,3.863689,140567.942270
0,1,2,1,3.863391,140383.361313
0,1,2,1,3.863092,140369.336613
0,1,2,1,3.862794,140362.869747
0,1,2,1,3.862495,140343.026046
0,1,2,1,3.862197,140313.043620
0,1,2,1,3.861899,140295.342297
0,1,2,1,3.861600,140154.525150
0,1,2,1,3.861302,140099.583826
0,1,2,1,3.861004,140081.799570
0,1,2,1,3.860706,140042.538090
0,1,2,1,3.860408,140025.162426
0,1,2,1,3.860110,139897.953034
0,1,2,1,3.859812,139884.777785
0,1,2,1,3.859514,139848.884863
0,1,2,1,3.859216,139822.985419
0,1,2,1,3.858918,139818.854011
0,1,2,1,3.858620,139772.439016
0,1,2,1,3.858322,139755.753735
0,1,2,1,3.858025,139745.554810
0,1,2,1,3.857727,139729.799395
0,1,2,1,3.857429,139643.097761
0,1,2,1,3.857132,139524.347240
0,1,2,1,3.856834,139473.913520
0,1,2,1,3.856537,139396.029686
0,1,2,1,3.856239,139386.696956
0,1,2,1,3.855942,139342.866363
0,1,2,1,3.855645,139312.811925
0,1,2,1,3.855347,139112.799059
0,1,2,1,3.855050,139103.800562
0,1,2,1,3.854753,139033.400598
0,1,2,1,3.854456,138928.048318
0,1,2,1,3.854159,138901.674577
0,1,2,1,3.853862,138858.634661
0,1,2,1,3.853565,138841.315170
0,1,2,1,3.853268,138743.758436
0,1,2,1,3.852971,138728.296242
0,1,2,1,3.852674,138724.956573
0,1,2,1,3.852377,138687.274345
0,1,2,1,3.852080,138670.060974
0,1,2,1,3.851783,138636.500618
0,1,2,1,3.851487,138585.445270
0,1,2,1,3.851190,138565.611326
0,1,2,1,3.850893,138542.404274
0,1,2,1,3.850597,138524.002515
0,1,2,1,3.850300,138517.611823
0,1,2,1,3.850004,138511.141642
0,1,2,1,3.849707,138453.054238
0,1,2,1,3.849411,138428.776471
0,1,2,1,3.849115,138419.759804
0,1,2,1,3.848818,138390.126707
0,1,2,1,3.848522,138371.897692
0,1,2,1,3.848226,138344.226137
0,1,2,1,3.847930,138246.942429
0,1,2,1,3.847634,138226.119372
0,1,2,1,3.847338,138193.301755
0,1,2,1,3.847042,138050.511656
0,1,2,1,3.846746,138021.791136
0,1,2,1,3.846450,137984.271336
0,1,2,1,3.846154,137945.475381
0,1,2,1,3.845858,137882.402314
0,1,2,1,3.845562,137850.959195
0,1,2,1,3.845266,137773.740064
0,1,2,1,3.844971,137754.411768
0,1,2,1,3.844675,137704.171603
0,1,2,1,3.844380,137698.747785
0,1,2,1,3.844084,137688.074524
0,1,2,1,3.843788,137679.142520
0,1,2,1,3.843493,137610.856021
0,1,2,1,3.843198,137584.040723
0,1,2,1,3.842902,137217.479460
0,1,2,1,3.842607,137155.725391
0,1,2,1,3.842312,137115.043107
0,1,2,1,3.842016,137084.310766
0,1,2,1,3.841721,137057.401859
0,1,2,1,3.841426,137057.044671
0,1,2,1,3.841131,137031.073455
0,1,2,1,3.840836,137026.863766
0,1,2,1,3.840541,136989.260146
0,1,2,1,3.840246,136921.753892
0,1,2,1,3.839951,136902.770252
0,1,2,1,3.839656,136811.828685
0,1,2,1,3.839361,136810.628641
0,1,2,1,3.839066,136774.269595
0,1,2,1,3.838772,136674.250947
0,1,2,1,3.838477,136653.150175
0,1,2,1,3.838182,136601.452453
0,1,2,1,3.837888,136585.192758
0,1,2,1,3.837593,136529.636811
0,1,2,1,3.837299,136513.505425
0,1,2,1,3.837004,136494.247102
0,1,2,1,3.836710,136489.182641
0,1,2,1,3.836415,136408.882658
0,1,2,1,3.836121,136383.985972
0,1,2,1,3.835827,136243.436022
0,1,2,1,3.835532,136231.354129
0,1,2,1,3.835238,136228.828673
0,1,2,1,3.834944,136227.535603
0,1,2,1,3.834650,136223.899535
0,1,2,1,3.834356,136203.762620
0,1,2,1,3.834062,136166.810375
0,1,2,1,3.833768,136166.364533
0,1,2,1,3.833474,136160.245927
0,1,2,1,3.833180,136089.282289
0,1,2,1,3.832886,136048.768846
0,1,2,1,3.832592,136033.902003
0,1,2,1,3.832299,135885.213229
0,1,2,1,3.832005,135871.851616
0,1,2,1,3.831711,135767.341249
0,1,2,1,3.831418,135746.750796
0,1,2,1,3.831124,135702.128976
0,1,2,1,3.830831,135685.280005
0,1,2,1,3.830537,135652.616709
0,1,2,1,3.830244,135638.755153
0,1,2,1,3.829950,135634.757677
0,1,2,1,3.829657,135575.219600
0,1,2,1,3.829364,135548.103063
0,1,2,1,3.829070,135514.422968
0,1,2,1,3.828777,135420.015539
0,1,2,1,3.828484,135417.887246
0,1,2,1,3.828191,135369.680713
0,1,2,1,3.827898,135256.679259
0,1,2,1,3.827605,135245.532045
0,1,2,1,3.827312,135226.164374
0,1,2,1,3.827019,135184.377060
0,1,2,1,3.826726,135147.138805
0,1,2,1,3.826433,135105.834788
0,1,2,1,3.826140,135046.558902
0,1,2,1,3.825847,134979.278388
0,1,2,1,3.825555,134948.771012
0,1,2,1,3.825262,134902.054319
0,1,2,1,3.824969,134850.488229
0,1,2,1,3.824677,134832.367767
0,1,2,1,3.824384,134753.971449
0,1,2,1,3.824092,134737.072974
0,1,2,1,3.823799,134677.152475
0,1,2,1,3.823507,134668.150344
0,1,2,1,3.823215,134610.517805
0,1,2,1,3.822922,134536.298224
0,1,2,1,3.822630,134521.754674
0,1,2,1,3.822338,134493.842021
0,1,2,1,3.822046,134412.307973
0,1,2,1,3.821753,134382.817387
0,1,2,1,3.821461,134367.784095
0,1,2,1,3.821169,134177.182946
0,1,2,1,3.820877,134134.459422
0,1,2,1,3.820585,134129.502923
0,1,2,1,3.820293,134122.094354
0,1,2,1,3.820002,134119.815876
0,1,2,1,3.819710,134104.332766
0,1,2,1,3.819418,134071.255096
0,1,2,1,3.819126,134012.576448
0,1,2,1,3.818834,134003.587964
0,1,2,1,3.818543,133972.183898
0,1,2,1,3.818251,133964.979632
0,1,2,1,3.817960,133910.291147
0,1,2,1,3.817668,133860.729630
0,1,2,1,3.817377,133851.794167
0,1,2,1,3.817085,133843.001420
0,1,2,1,3.816794,133753.529119
0,1,2,1,3.816503,133730.352568
0,1,2,1,3.816211,133717.058996
0,1,2,1,3.815920,133704.995617
0,1,2,1,3.815629,133680.188198
0,1,2,1,3.815338,133617.005128
0,1,2,1,3.815047,133595.696972
0,1,2,1,3.814755,133590.607323
0,1,2,1,3.814464,133512.057306
0,1,2,1,3.814173,133486.561919
0,1,2,1,3.813883,133477.478404
0,1,2,1,3.813592,133408.801927
0,1,2,1,3.813301,133350.068366
0,1,2,1,3.813010,133317.055032
0,1,2,1,3.812719,133203.188425
0,1,2,1,3.812429,133144.804230
0,1,2,1,3.812138,133083.778860
0,1,2,1,3.811847,133077.650200
0,1,2,1,3.811557,133041.877621
0,1,2,1,3.811266,133008.407822
0,1,2,1,3.810976,132990.605852
0,1,2,1,3.810685,132968.945272
0,1,2,1,3.810395,132966.280320
0,1,2,1,3.810104,132957.465269
0,1,2,1,3.809814,132862.587285
0,1,2,1,3.809524,132713.177199
0,1,2,1,3.809234,132651.391644
0,1,2,1,3.808943,132639.361002
0,1,2,1,3.808653,132638.904692
0,1,2,1,3.808363,132512.797274
0,1,2,1,3.808073,132488.967784
0,1,2,1,3.807783,132451.546796
0,1,2,1,3.807493,132323.097012
0,1,2,1,3.807203,132313.366354
0,1,2,1,3.806913,132252.780229
0,1,2,1,3.806624,132250.632801
0,1,2,1,3.806334,132183.793952
0,1,2,1,3.806044,132156.601527
0,1,2,1,3.805754,132130.858588
0,1,2,1,3.805465,131988.260273
0,1,2,1,3.805175,131979.912383
0,1,2,1,3.804885,131977.864556
0,1,2,1,3.804596,131927.999978
0,1,2,1,3.804306,131916.193821
0,1,2,1,3.804017,131913.109215
0,1,2,1,3.803728,131888.627454
0,1,2,1,3.803438,131880.466897
0,1,2,1,3.803149,131867.565130
0,1,2,1,3.802860,131859.114002
0,1,2,1,3.802571,131835.197491
0,1,2,1,3.802281,131810.343085
0,1,2,1,3.801992,131790.923216
0,1,2,1,3.801703,131784.033014
0,1,2,1,3.801414,131637.800764
0,1,2,1,3.801125,131402.632279
0,1,2,1,3.800836,131392.685813
0,1,2,1,3.800547,131387.367383
0,1,2,1,3.800258,131378.151699
0,1,2,1,3.799970,131326.844590
0,1,2,1,3.799681,131322.867564
0,1,2,1,3.799392,131321.724575
0,1,2,1,3.799103,131299.241911
0,1,2,1,3.798815,131291.072259
0,1,2,1,3.798526,131231.908911
0,1,2,1,3.798238,131183.168279
0,1,2,1,3.797949,131070.934862
0,1,2,1,3.797661,130999.718302
0,1,2,1,3.797372,130936.526665
0,1,2,1,3.797084,130922.736311
0,1,2,1,3.796796,130905.736123
0,1,2,1,3.796507,130897.890181
0,1,2,1,3.796219,130872.371897
0,1,2,1,3.795931,130869.835630
0,1,2,1,3.795643,130755.986298
0,1,2,1,3.795354,130686.454836
0,1,2,1,3.795066,130659.461501
0,1,2,1,3.794778,130595.856115
0,1,2,1,3.794490,130394.455072
0,1,2,1,3.794202,130352.997476
0,1,2,1,3.793915,130345.785561
0,1,2,1,3.793627,130269.788949
0,1,2,1,3.793339,130258.419706
0,1,2,1,3.793051,130245.244123
0,1,2,1,3.792763,130224.595468
0,1,2,1,3.792476,130116.485868
0,1,2,1,3.792188,130049.445753
0,1,2,1,3.791901,130047.336962
0,1,2,1,3.791613,130040.049711
0,1,2,1,3.791325,130024.535812
0,1,2,1,3.791038,130021.735591
0,1,2,1,3.790751,130012.385989
0,1,2,1,3.790463,130003.589209
0,1,2,1,3.790176,129999.742536
0,1,2,1,3.789889,129907.003878
0,1,2,1,3.789601,129884.153395
0,1,2,1,3.789314,129799.569549
0,1,2,1,3.789027,129669.501945
0,1,2,1,3.788740,129599.396739
0,1,2,1,3.788453,129594.018371
0,1,2,1,3.788166,129522.908461
0,1,2,1,3.787879,129467.772419
0,1,2,1,3.787592,129390.472120
0,1,2,1,3.787305,129356.756935
0,1,2,1,3.787018,129354.031294
0,1,2,1,3.786731,129348.858507
0,1,2,1,3.786445,129344.142336
0,1,2,1,3.786158,129325.486634
0,1,2,1,3.785871,129304.138392
0,1,2,1,3.785584,129280.771815
0,1,2,1,3.785298,129244.434548
0,1,2,1,3.785011,129085.172301
0,1,2,1,3.784725,129076.330882
0,1,2,1,3.784438,128977.367505
0,1,2,1,3.784152,128773.048951
0,1,2,1,3.783866,128748.490015
0,1,2,1,3.783579,128620.858274
0,1,2,1,3.783293,128620.216060
0,1,2,1,3.783007,128522.687959
0,1,2,1,3.782721,128514.315956
0,1,2,1,3.782434,128489.541855
0,1,2,1,3.782148,128470.910372
0,1,2,1,3.781862,128451.588701
0,1,2,1,3.781576,128393.879380
0,1,2,1,3.781290,128301.402467
0,1,2,1,3.781004,128174.621245
0,1,2,1,3.780718,128170.599881
0,1,2,1,3.780432,128115.790891
0,1,2,1,3.780147,128081.947014
0,1,2,1,3.779861,128010.595587
0,1,2,1,3.779575,127986.192670
0,1,2,1,3.779289,127906.703938
0,1,2,1,3.779004,127809.218456
0,1,2,1,3.778718,127744.625048
0,1,2,1,3.778433,127744.322614
0,1,2,1,3.778147,127649.307001
0,1,2,1,3.777862,127580.958793
0,1,2,1,3.777576,127574.869914
0,1,2,1,3.777291,127558.076360
0,1,2,1,3.777006,127555.301283
0,1,2,1,3.776720,127550.527861
0,1,2,1,3.776435,127546.093657
0,1,2,1,3.776150,127450.563447
0,1,2,1,3.775865,127352.416674
0,1,2,1,3.775580,127342.114026
0,1,2,1,3.775294,127340.515953
0,1,2,1,3.775009,127312.990745
0,1,2,1,3.774724,127190.798784
0,1,2,1,3.774439,127072.495854
0,1,2,1,3.774155,126962.551614
0,1,2,1,3.773870,126934.023763
0,1,2,1,3.773585,126910.532264
0,1,2,1,3.773300,126900.763431
0,1,2,1,3.773015,126879.185629
0,1,2,1,3.772731,126845.105121
0,1,2,1,3.772446,126822.534535
0,1,2,1,3.772161,126745.258663
0,1,2,1,3.771877,126734.765117
0,1,2,1,3.771592,126586.069329
0,1,2,1,3.771308,126515.714374
0,1,2,1,3.771023,126487.034007
0,1,2,1,3.770739,126347.289788
0,1,2,1,3.770455,126301.539970
0,1,2,1,3.770170,126241.945214
0,1,2,1,3.769886,126137.415098
0,1,2,1,3.769602,125991.041594
0,1,2,1,3.769318,125975.390032
0,1,2,1,3.769034,125956.912201
0,1,2,1,3.768750,125876.292228
0,1,2,1,3.768465,125860.433469
0,1,2,1,3.768181,125852.274536
0,1,2,1,3.767898,125801.107011
0,1,2,1,3.767614,125774.442318
0,1,2,1,3.767330,125744.215899
0,1,2,1,3.767046,125735.597346
0,1,2,1,3.766762,125703.780012
0,1,2,1,3.766478,125692.426063
0,1,2,1,3.766195,125579.922617
0,1,2,1,3.765911,125528.593120
0,1,2,1,3.765627,125443.534146
0,1,2,1,3.765344,125219.124799
0,1,2,1,3.765060,125212.595554
0,1,2,1,3.764777,125196.862009
0,1,2,1,3.764493,125183.961019
0,1,2,1,3.764210,125019.535750
0,1,2,1,3.763927,124987.556079
0,1,2,1,3.763643,124889.499582
0,1,2,1,3.763360,124874.954363
0,1,2,1,3.763077,124847.554673
0,1,2,1,3.762793,124839.657402
0,1,2,1,3.762510,124720.049540
0,1,2,1,3.762227,124690.317104
0,1,2,1,3.761944,124658.992930
0,1,2,1,3.761661,124589.079816
0,1,2,1,3.761378,124583.109340
0,1,2,1,3.761095,124566.738830
0,1,2,1,3.760812,124468.652926
0,1,2,1,3.760529,124462.863644
0,1,2,1,3.760247,124391.544175
0,1,2,1,3.759964,124321.734286
0,1,2,1,3.759681,124306.750336
0,1,2,1,3.759398,124291.367722
0,1,2,1,3.759116,124100.233010
0,1,2,1,3.758833,124020.779697
0,1,2,1,3.758551,124012.651116
0,1,2,1,3.758268,123946.110782
0,1,2,1,3.757986,123940.146614
0,1,2,1,3.757703,123916.855622
0,1,2,1,3.757421,123870.657195
0,1,2,1,3.757139,123864.768886
0,1,2,1,3.756856,123852.287996
0,1,2,1,3.756574,123785.764249
0,1,2,1,3.756292,123690.866530
0,1,2,1,3.756010,123670.868599
0,1,2,1,3.755727,123617.702640
0,1,2,1,3.755445,123498.418645
0,1,2,1,3.755163,123494.261772
0,1,2,1,3.754881,123457.448137
0,1,2,1,3.754599,123441.088785
0,1,2,1,3.754317,123396.856608
0,1,2,1,3.754036,123346.512874
0,1,2,1,3.753754,123237.442791
0,1,2,1,3.753472,123135.996092
0,1,2,1,3.753190,123097.175421
0,1,2,1,3.752909,123071.740948
0,1,2,1,3.752627,122942.481971
0,1,2,1,3.752345,122934.538354
0,1,2,1,3.752064,122905.973891
0,1,2,1,3.751782,122832.552882
0,1,2,1,3.751501,122767.008867
0,1,2,1,3.751219,122463.434286
0,1,2,1,3.750938,122337.132804
0,1,2,1,3.750656,122307.956613
0,1,2,1,3.750375,122292.756647
0,1,2,1,3.750094,122249.812585
0,1,2,1,3.749813,122244.432411
0,1,2,1,3.749531,122209.359104
0,1,2,1,3.749250,122157.481075
0,1,2,1,3.748969,122142.856900
0,1,2,1,3.748688,122130.901430
0,1,2,1,3.748407,122125.175798
0,1,2,1,3.748126,122053.910635
0,1,2,1,3.747845,122034.756709
0,1,2,1,3.747564,122010.945613
0,1,2,1,3.747283,121928.707935
0,1,2,1,3.747002,121920.091425
0,1,2,1,3.746722,121915.448152
0,1,2,1,3.746441,121885.675304
0,1,2,1,3.746160,121849.170633
0,1,2,1,3.745880,121748.068266
0,1,2,1,3.745599,121664.626487
0,1,2,1,3.745318,121642.748224
0,1,2,1,3.745038,121603.058632
0,1,2,1,3.744757,121590.845560
0,1,2,1,3.744477,121454.385409
0,1,2,1,3.744196,121451.915115
0,1,2,1,3.743916,121347.535124
0,1,2,1,3.743636,121291.422194
0,1,2,1,3.743356,121222.727702
0,1,2,1,3.743075,121200.196402
0,1,2,1,3.742795,121164.581591
0,1,2,1,3.742515,121056.591416
0,1,2,1,3.742235,121028.319108
0,1,2,1,3.741955,120865.460394
0,1,2,1,3.741675,120848.409653
0,1,2,1,3.741395,120846.457124
0,1,2,1,3.741115,120844.297298
0,1,2,1,3.740835,120796.584886
0,1,2,1,3.740555,120766.371475
0,1,2,1,3.740275,120763.906082
0,1,2,1,3.739996,120738.051847
0,1,2,1,3.739716,120604.900316
0,1,2,1,3.739436,120579.966729
0,1,2,1,3.739156,120557.798337
0,1,2,1,3.738877,120473.990948
0,1,2,1,3.738597,120386.225753
0,1,2,1,3.738318,120338.596615
0,1,2,1,3.738038,120282.431545
0,1,2,1,3.737759,120248.985639
0,1,2,1,3.737479,120225.161725
0,1,2,1,3.737200,120201.800953
0,1,2,1,3.736921,120182.975124
0,1,2,1,3.736642,120102.524853
0,1,2,1,3.736362,120086.891896
0,1,2,1,3.736083,120078.149617
0,1,2,1,3.735804,120007.919794
0,1,2,1,3.735525,119997.665514
0,1,2,1,3.735246,119980.752141
0,1,2,1,3.734967,119976.726771
0,1,2,1,3.734688,119932.566010
0,1,2,1,3.734409,119931.335613
0,1,2,1,3.734130,119901.877042
0,1,2,1,3.733851,119901.435864
0,1,2,1,3.733572,119891.069439
0,1,2,1,3.733294,119781.455262
0,1,2,1,3.733015,119667.349963
0,1,2,1,3.732736,119629.547805
0,1,2,1,3.732457,119600.021473
0,1,2,1,3.732179,119590.015028
0,1,2,1,3.731900,119571.693255
0,1,2,1,3.731622,119469.663901
0,1,2,1,3.731343,119468.507342
0,1,2,1,3.731065,119403.025464
0,1,2,1,3.730786,119380.434958
0,1,2,1,3.730508,119364.125718
0,1,2,1,3.730230,119314.644337
0,1,2,1,3.729952,119308.918707
0,1,2,1,3.729673,119263.150932
0,1,2,1,3.729395,119253.814840
0,1,2,1,3.729117,119198.176865
0,1,2,1,3.728839,119181.767709
0,1,2,1,3.728561,119180.595715
0,1,2,1,3.728283,119101.378615
0,1,2,1,3.728005,119080.227458
0,1,2,1,3.727727,119073.419684
0,1,2,1,3.727449,118983.867964
0,1,2,1,3.727171,118952.715983
0,1,2,1,3.726893,118925.356526
0,1,2,1,3.726615,118839.247454
0,1,2,1,3.726338,118815.065212
0,1,2,1,3.726060,118781.802665
0,1,2,1,3.725782,118756.472353
0,1,2,1,3.725505,118719.123208
0,1,2,1,3.725227,118707.148272
0,1,2,1,3.724950,118695.467860
0,1,2,1,3.724672,118643.344680
0,1,2,1,3.724395,118587.159004
0,1,2,1,3.724117,118563.960081
0,1,2,1,3.723840,118518.865942
0,1,2,1,3.723563,118458.140149
0,1,2,1,3.723285,118445.263772
0,1,2,1,3.723008,118425.893543
0,1,2,1,3.722731,118293.038820
0,1,2,1,3.722454,118285.891100
0,1,2,1,3.722177,118255.190354
0,1,2,1,3.721900,118201.538005
0,1,2,1,3.721623,118147.180731
0,1,2,1,3.721346,118132.453382
0,1,2,1,3.721069,118120.058586
0,1,2,1,3.720792,118086.019603
0,1,2,1,3.720515,118067.246976
0,1,2,1,3.720238,118011.778812
0,1,2,1,3.719961,117943.104410
0,1,2,1,3.719685,117929.415922
0,1,2,1,3.719408,117897.161253
0,1,2,1,3.719131,117880.266910
0,1,2,1,3.718855,117845.663003
0,1,2,1,3.718578,117827.113047
0,1,2,1,3.718301,117808.750402
0,1,2,1,3.718025,117807.877138
0,1,2,1,3.717749,117791.173674
0,1,2,1,3.717472,117748.753848
0,1,2,1,3.717196,117740.176414
0,1,2,1,3.716919,117733.873564
0,1,2,1,3.716643,117698.016765
0,1,2,1,3.716367,117693.596600
0,1,2,1,3.716091,117675.026036
0,1,2,1,3.715815,117647.501241
0,1,2,1,3.715538,117639.258669
0,1,2,1,3.715262,117616.053576
0,1,2,1,3.714986,117612.657545
0,1,2,1,3.714710,117610.739201
0,1,2,1,3.714434,117605.946058
0,1,2,1,3.714158,117522.957494
0,1,2,1,3.713882,117484.867666
0,1,2,1,3.713607,117482.776135
0,1,2,1,3.713331,117477.058885
0,1,2,1,3.713055,117468.931378
0,1,2,1,3.712779,117442.809406
0,1,2,1,3.712504,117276.919285
0,1,2,1,3.712228,117185.483390
0,1,2,1,3.711952,117157.612313
0,1,2,1,3.711677,117122.225945
0,1,2,1,3.711401,117097.744109
0,1,2,1,3.711126,117091.214913
0,1,2,1,3.710851,117063.295181
0,1,2,1,3.710575,117047.118686
0,1,2,1,3.710300,116956.462845
0,1,2,1,3.710024,116948.457475
0,1,2,1,3.709749,116905.242388
0,1,2,1,3.709474,116815.239228
0,1,2,1,3.709199,116781.294278
0,1,2,1,3.708924,116779.028346
0,1,2,1,3.708649,116738.421028
0,1,2,1,3.708374,116726.922243
0,1,2,1,3.708098,116711.148743
0,1,2,1,3.707824,116689.442172
0,1,2,1,3.707549,116649.209885
0,1,2,1,3.707274,116603.216868
0,1,2,1,3.706999,116593.367956
0,1,2,1,3.706724,116528.987639
0,1,2,1,3.706449,116514.565274
0,1,2,1,3.706174,116481.581528
0,1,2,1,3.705900,116434.744986
0,1,2,1,3.705625,116393.601334
0,1,2,1,3.705351,116391.114211
0,1,2,1,3.705076,116286.982610
0,1,2,1,3.704801,116255.260854
0,1,2,1,3.704527,116243.226058
0,1,2,1,3.704252,116186.858237
0,1,2,1,3.703978,116007.497919
0,1,2,1,3.703704,115939.661398
0,1,2,1,3.703429,115861.682672
0,1,2,1,3.703155,115858.394433
0,1,2,1,3.702881,115684.165445
0,1,2,1,3.702607,115656.533531
0,1,2,1,3.702332,115616.241464
0,1,2,1,3.702058,115552.995621
0,1,2,1,3.701784,115530.615942
0,1,2,1,3.701510,115525.905959
0,1,2,1,3.701236,115502.122055
0,1,2,1,3.700962,115410.188726
0,1,2,1,3.700688,115403.804542
0,1,2,1,3.700414,115363.619183
0,1,2,1,3.700141,115351.366204
0,1,2,1,3.699867,115276.030826
0,1,2,1,3.699593,115275.751701
0,1,2,1,3.699319,115251.424710
0,1,2,1,3.699046,115180.657721
0,1,2,1,3.698772,115163.253486
0,1,2,1,3.698498,115141.665172
0,1,2,1,3.698225,115087.511592
0,1,2,1,3.697951,114918.634611
0,1,2,1,3.697678,114766.722959
0,1,2,1,3.697404,114709.358126
0,1,2,1,3.697131,114690.753761
0,1,2,1,3.696858,114686.448369
0,1,2,1,3.696584,114652.236133
0,1,2,1,3.696311,114643.719905
0,1,2,1,3.696038,114615.934433
0,1,2,1,3.695765,114608.761706
0,1,2,1,3.695492,114585.097184
0,1,2,1,3.695218,114558.683705
0,1,2,1,3.694945,114547.193042
0,1,2,1,3.694672,114505.185864
0,1,2,1,3.694399,114471.703993
0,1,2,1,3.694126,114445.446995
0,1,2,1,3.693853,114431.395634
0,1,2,1,3.693581,114411.618893
0,1,2,1,3.693308,114366.873765
0,1,2,1,3.693035,114290.824559
0,1,2,1,3.692762,114279.207305
0,1,2,1,3.692489,114242.035795
0,1,2,1,3.692217,114066.907574
0,1,2,1,3.691944,114044.924118
0,1,2,1,3.691672,114022.332839
0,1,2,1,3.691399,114015.063989
0,1,2,1,3.691127,113995.713622
0,1,2,1,3.690854,113994.965270
0,1,2,1,3.690582,113934.550692
0,1,2,1,3.690309,113926.315296
0,1,2,1,3.690037,113917.019768
0,1,2,1,3.689765,113903.335583
0,1,2,1,3.689492,113799.472456
0,1,2,1,3.689220,113735.071988
0,1,2,1,3.688948,113684.976311
0,1,2,1,3.688676,113648.479957
0,1,2,1,3.688404,113584.425209
0,1,2,1,3.688132,113526.416254
0,1,2,1,3.687860,113514.280392
0,1,2,1,3.687588,113482.414602
0,1,2,1,3.687316,113438.172962
0,1,2,1,3.687044,113414.881451
0,1,2,1,3.686772,113411.433406
0,1,2,1,3.686500,113406.054199
0,1,2,1,3.686228,113405.014441
0,1,2,1,3.685957,113230.711525
0,1,2,1,3.685685,113111.072289
0,1,2,1,3.685413,113100.931037
0,1,2,1,3.685142,113096.481288
0,1,2,1,3.684870,113039.893028
0,1,2,1,3.684598,113035.448816
0,1,2,1,3.684327,112996.395141
0,1,2,1,3.684055,112942.449763
0,1,2,1,3.683784,112889.012934
0,1,2,1,3.683513,112837.298331
0,1,2,1,3.683241,112759.875904
0,1,2,1,3.682970,112580.488338
0,1,2,1,3.682699,112469.019078
0,1,2,1,3.682427,112455.295292
0,1,2,1,3.682156,112272.864064
0,1,2,1,3.681885,112216.968356
0,1,2,1,3.681614,112203.786892
0,1,2,1,3.681343,112193.591210
0,1,2,1,3.681072,112188.717787
0,1,2,1,3.680801,112158.093208
0,1,2,1,3.680530,112081.102187
0,1,2,1,3.680259,112065.548133
0,1,2,1,3.679988,112064.900945
0,1,2,1,3.679717,112025.112034
0,1,2,1,3.679447,111912.149299
0,1,2,1,3.679176,111907.986061
0,1,2,1,3.678905,111840.660687
0,1,2,1,3.678634,111828.992398
0,1,2,1,3.678364,111715.044267
0,1,2,1,3.678093,111527.970153
0,1,2,1,3.677823,111510.779383
0,1,2,1,3.677552,111510.739231
0,1,2,1,3.677282,111429.781274
0,1,2,1,3.677011,111409.416132
0,1,2,1,3.676741,111337.875466
0,1,2,1,3.676471,111325.950130
0,1,2,1,3.676200,111244.577510
0,1,2,1,3.675930,111143.361355
0,1,2,1,3.675660,111059.667757
0,1,2,1,3.675390,111020.995141
0,1,2,1,3.675119,110979.691422
0,1,2,1,3.674849,110929.686620
0,1,2,1,3.674579,110913.645247
0,1,2,1,3.674309,110902.273054
0,1,2,1,3.674039,110731.126485
0,1,2,1,3.673769,110533.129446
0,1,2,1,3.673499,110469.202738
0,1,2,1,3.673230,110444.529301
0,1,2,1,3.672960,110425.716408
0,1,2,1,3.672690,110394.154778
0,1,2,1,3.672420,110295.970088
0,1,2,1,3.672150,110223.665339
0,1,2,1,3.671881,110211.569979
0,1,2,1,3.671611,110204.416707
0,1,2,1,3.671342,110156.111707
0,1,2,1,3.671072,110149.444622
0,1,2,1,3.670802,110061.236061
0,1,2,1,3.670533,110060.934255
0,1,2,1,3.670264,110019.234290
0,1,2,1,3.669994,109915.821661
0,1,2,1,3.669725,109863.084667
0,1,2,1,3.669455,109817.365137
0,1,2,1,3.669186,109789.345196
0,1,2,1,3.668917,109778.684222
0,1,2,1,3.668648,109758.347193
0,1,2,1,3.668379,109758.013038
0,1,2,1,3.668109,109706.465293
0,1,2,1,3.667840,109684.345520
0,1,2,1,3.667571,109679.734966
0,1,2,1,3.667302,109671.827471
0,1,2,1,3.667033,109630.265868
0,1,2,1,3.666764,109584.995380
0,1,2,1,3.666496,109578.468485
0,1,2,1,3.666227,109441.414363
0,1,2,1,3.665958,109432.134705
0,1,2,1,3.665689,109402.999421
0,1,2,1,3.665420,109387.210173
0,1,2,1,3.665152,109381.770162
0,1,2,1,3.664883,109363.830659
0,1,2,1,3.664614,109355.476912
0,1,2,1,3.664346,109349.671708
0,1,2,1,3.664077,109277.528348
0,1,2,1,3.663809,109260.515431
0,1,2,1,3.663540,109209.783952
0,1,2,1,3.663272,109188.113477
0,1,2,1,3.663004,109184.747818
0,1,2,1,3.662735,109160.469103
0,1,2,1,3.662467,109129.991500
0,1,2,1,3.662199,109099.955538
0,1,2,1,3.661931,109094.019972
0,1,2,1,3.661662,109084.048927
0,1,2,1,3.661394,109043.071905
0,1,2,1,3.661126,108982.068433
0,1,2,1,3.660858,108947.422809
0,1,2,1,3.660590,108914.780671
0,1,2,1,3.660322,108873.304929
0,1,2,1,3.660054,108853.671464
0,1,2,1,3.659786,108852.335340
0,1,2,1,3.659518,108818.838277
0,1,2,1,3.659251,108803.535913
0,1,2,1,3.658983,108690.810070
0,1,2,1,3.658715,108669.392373
0,1,2,1,3.658447,108636.247821
0,1,2,1,3.658180,108627.368353
0,1,2,1,3.657912,108563.356513
0,1,2,1,3.657644,108532.503124
0,1,2,1,3.657377,108396.886155
0,1,2,1,3.657109,108348.733416
0,1,2,1,3.656842,108300.644823
0,1,2,1,3.656575,108295.983047
0,1,2,1,3.656307,108179.221177
0,1,2,1,3.656040,108171.469885
0,1,2,1,3.655772,108128.733332
0,1,2,1,3.655505,108109.378625
0,1,2,1,3.655238,107975.768395
0,1,2,1,3.654971,107960.768309
0,1,2,1,3.654704,107877.317107
0,1,2,1,3.654436,107794.968893
0,1,2,1,3.654169,107791.086887
0,1,2,1,3.653902,107758.409966
0,1,2,1,3.653635,107716.362474
0,1,2,1,3.653368,107600.197159
0,1,2,1,3.653101,107588.181899
0,1,2,1,3.652835,107556.511420
0,1,2,1,3.652568,107471.010258
0,1,2,1,3.652301,107359.875197
0,1,2,1,3.652034,107288.861898
0,1,2,1,3.651767,107288.564939
0,1,2,1,3.651501,107212.130415
0,1,2,1,3.651234,107205.698100
0,1,2,1,3.650968,107137.376063
0,1,2,1,3.650701,107018.433867
0,1,2,1,3.650434,106987.810060
0,1,2,1,3.650168,106937.682370
0,1,2,1,3.649901,106935.186901
0,1,2,1,3.649635,106929.853076
0,1,2,1,3.649369,106898.540157
0,1,2,1,3.649102,106851.034511
0,1,2,1,3.648836,106835.281900
0,1,2,1,3.648570,106818.417712
0,1,2,1,3.648304,106804.557137
0,1,2,1,3.648037,106782.625778
0,1,2,1,3.647771,106748.389146
0,1,2,1,3.647505,106737.582072
0,1,2,1,3.647239,106659.090786
0,1,2,1,3.646973,106647.853123
0,1,2,1,3.646707,106631.351895
0,1,2,1,3.646441,106604.364795
0,1,2,1,3.646175,106529.109001
0,1,2,1,3.645909,106498.697871
0,1,2,1,3.645643,106492.058010
0,1,2,1,3.645378,106467.376565
0,1,2,1,3.645112,106466.149583
0,1,2,1,3.644846,106464.335550
0,1,2,1,3.644581,106416.268165
0,1,2,1,3.644315,106373.611579
0,1,2,1,3.644049,106330.353668
0,1,2,1,3.643784,106318.110025
0,1,2,1,3.643518,106251.144638
0,1,2,1,3.643253,106192.370131
0,1,2,1,3.642987,106140.202965
0,1,2,1,3.642722,106085.587784
0,1,2,1,3.642456,106031.774011
0,1,2,1,3.642191,106029.986711
0,1,2,1,3.641926,106022.161445
0,1,2,1,3.641661,105946.466401
0,1,2,1,3.641395,105872.597004
0,1,2,1,3.641130,105853.377821
0,1,2,1,3.640865,105840.725657
0,1,2,1,3.640600,105772.336951
0,1,2,1,3.640335,105590.466968
0,1,2,1,3.640070,105516.247434
0,1,2,1,3.639805,105438.905863
0,1,2,1,3.639540,105432.603827
0,1,2,1,3.639275,105281.424732
0,1,2,1,3.639010,105222.766146
0,1,2,1,3.638745,105185.538030
0,1,2,1,3.638481,105182.796453
0,1,2,1,3.638216,105155.539125
0,1,2,1,3.637951,105111.752449
0,1,2,1,3.637686,105094.424946
0,1,2,1,3.637422,105050.267239
0,1,2,1,3.637157,104954.507935
0,1,2,1,3.636893,104950.554871
0,1,2,1,3.636628,104852.562848
0,1,2,1,3.636364,104850.226075
0,1,2,1,3.636099,104840.210954
0,1,2,1,3.635835,104822.690272
0,1,2,1,3.635570,104735.722549
0,1,2,1,3.635306,104698.156724
0,1,2,1,3.635042,104594.616355
0,1,2,1,3.634778,104578.168658
0,1,2,1,3.634513,104549.402660
0,1,2,1,3.634249,104544.627066
0,1,2,1,3.633985,104400.557798
0,1,2,1,3.633721,104168.142297
0,1,2,1,3.633457,104121.388244
0,1,2,1,3.633193,104015.676981
0,1,2,1,3.632929,103982.115187
0,1,2,1,3.632665,103870.268273
0,1,2,1,3.632401,103869.993659
0,1,2,1,3.632137,103851.895544
0,1,2,1,3.631873,103803.697110
0,1,2,1,3.631610,103767.615125
0,1,2,1,3.631346,103515.956902
0,1,2,1,3.631082,103461.948711
0,1,2,1,3.630818,103228.784500
0,1,2,1,3.630555,103215.447899
0,1,2,1,3.630291,103207.150596
0,1,2,1,3.630028,102970.002048
0,1,2,1,3.629764,102932.893081
0,1,2,1,3.629501,102919.339858
0,1,2,1,3.629237,102911.861165
0,1,2,1,3.628974,102901.747062
0,1,2,1,3.628710,102754.627398
0,1,2,1,3.628447,102482.905874
0,1,2,1,3.628184,102475.796280
0,1,2,1,3.627920,102433.303711
0,1,2,1,3.627657,102390.805536
0,1,2,1,3.627394,102347.845182
0,1,2,1,3.627131,102327.097887
0,1,2,1,3.626868,102316.651307
0,1,2,1,3.626605,102297.742147
0,1,2,1,3.626342,102226.758607
0,1,2,1,3.626079,102187.178238
0,1,2,1,3.625816,102178.253392
0,1,2,1,3.625553,102176.535647
0,1,2,1,3.625290,102168.535883
0,1,2,1,3.625027,102158.845099
0,1,2,1,3.624764,102089.249370
0,1,2,1,3.624502,102055.619592
0,1,2,1,3.624239,101926.460526
0,1,2,1,3.623976,101877.080877
0,1,2,1,3.623714,101789.006699
0,1,2,1,3.623451,101550.361059
0,1,2,1,3.623188,101530.817335
0,1,2,1,3.622926,101406.656701
0,1,2,1,3.622663,101406.090775
0,1,2,1,3.622401,101391.090258
0,1,2,1,3.622139,101380.023860
0,1,2,1,3.621876,101379.400329
0,1,2,1,3.621614,101375.668403
0,1,2,1,3.621351,101365.559899
0,1,2,1,3.621089,101322.747882
0,1,2,1,3.620827,101227.153166
0,1,2,1,3.620565,101182.241958
0,1,2,1,3.620303,101106.954420
0,1,2,1,3.620041,101054.342932
0,1,2,1,3.619778,101014.506312
0,1,2,1,3.619516,100934.745205
0,1,2,1,3.619254,100833.007354
0,1,2,1,3.618992,100815.810609
0,1,2,1,3.618731,100785.316739
0,1,2,1,3.618469,100771.504026
0,1,2,1,3.618207,100744.508118
0,1,2,1,3.617945,100712.709298
0,1,2,1,3.617683,100706.849795
0,1,2,1,3.617422,100682.879101
0,1,2,1,3.617160,100539.944441
0,1,2,1,3.616898,100396.713772
0,1,2,1,3.616637,100385.426554
0,1,2,1,3.616375,100350.556478
0,1,2,1,3.616113,100342.360921
0,1,2,1,3.615852,100278.818430
0,1,2,1,3.615590,100181.650758
0,1,2,1,3.615329,100012.365232
0,1,2,1,3.615068,99976.214924
0,1,2,1,3.614806,99967.034658
0,1,2,1,3.614545,99937.501523
0,1,2,1,3.614284,99902.667663
0,1,2,1,3.614022,99900.549953
0,1,2,1,3.613761,99828.011331
0,1,2,1,3.613500,99754.646743
0,1,2,1,3.613239,99750.555935
0,1,2,1,3.612978,99677.492035
0,1,2,1,3.612717,99657.690406
0,1,2,1,3.612456,99651.242766
0,1,2,1,3.612195,99596.156522
0,1,2,1,3.611934,99594.766991
0,1,2,1,3.611673,99547.697199
0,1,2,1,3.611412,99508.801917
0,1,2,1,3.611151,99446.697523
0,1,2,1,3.610890,99419.212366
0,1,2,1,3.610630,99416.554400
0,1,2,1,3.610369,99416.336586
0,1,2,1,3.610108,99404.512315
0,1,2,1,3.609848,99379.779391
0,1,2,1,3.609587,99328.392628
0,1,2,1,3.609326,99251.278709
0,1,2,1,3.609066,99250.320116
0,1,2,1,3.608805,99133.564069
0,1,2,1,3.608545,99102.347989
0,1,2,1,3.608285,99088.667700
0,1,2,1,3.608024,99086.624236
0,1,2,1,3.607764,98897.100942
0,1,2,1,3.607504,98862.158817
0,1,2,1,3.607243,98836.450450
0,1,2,1,3.606983,98809.486696
0,1,2,1,3.606723,98772.376730
0,1,2,1,3.606463,98741.409687
0,1,2,1,3.606203,98706.624950
0,1,2,1,3.605943,98697.781807
0,1,2,1,3.605683,98676.915330
0,1,2,1,3.605423,98618.630837
0,1,2,1,3.605163,98592.932866
0,1,2,1,3.604903,98509.646483
0,1,2,1,3.604643,98499.702607
0,1,2,1,3.604383,98450.291953
0,1,2,1,3.604123,98450.254215
0,1,2,1,3.603863,98445.485120
0,1,2,1,3.603604,98407.003287
0,1,2,1,3.603344,98405.940667
0,1,2,1,3.603084,98370.585681
0,1,2,1,3.602825,98189.777958
0,1,2,1,3.602565,98172.851460
0,1,2,1,3.602305,98169.666353
0,1,2,1,3.602046,98132.415062
0,1,2,1,3.601786,98122.299820
0,1,2,1,3.601527,98101.684047
0,1,2,1,3.601268,98027.620461
0,1,2,1,3.601008,98005.785027
0,1,2,1,3.600749,97984.125673
0,1,2,1,3.600490,97973.642513
0,1,2,1,3.600230,97959.249182
0,1,2,1,3.599971,97937.997081
0,1,2,1,3.599712,97894.352940
0,1,2,1,3.599453,97838.200333
0,1,2,1,3.599194,97821.709566
0,1,2,1,3.598935,97801.054916
0,1,2,1,3.598676,97767.126714
0,1,2,1,3.598417,97728.141637
0,1,2,1,3.598158,97693.488751
0,1,2,1,3.597899,97676.879016
0,1,2,1,3.597640,97676.586127
0,1,2,1,3.597381,97634.961488
0,1,2,1,3.597122,97613.206333
0,1,2,1,3.596864,97534.282100
0,1,2,1,3.596605,97452.698970
0,1,2,1,3.596346,97432.046578
0,1,2,1,3.596087,97428.599552
0,1,2,1,3.595829,97409.350442
0,1,2,1,3.595570,97401.940914
0,1,2,1,3.595312,97387.634387
0,1,2,1,3.595053,97378.079201
0,1,2,1,3.594795,97373.621994
0,1,2,1,3.594536,97268.179470
0,1,2,1,3.594278,97228.655352
0,1,2,1,3.594020,97227.486188
0,1,2,1,3.593761,97203.732000
0,1,2,1,3.593503,97121.458310
0,1,2,1,3.593245,97041.312848
0,1,2,1,3.592986,96999.400702
0,1,2,1,3.592728,96992.478306
0,1,2,1,3.592470,96987.692102
0,1,2,1,3.592212,96970.412429
0,1,2,1,3.591954,96951.486427
0,1,2,1,3.591696,96912.823604
0,1,2,1,3.591438,96777.315973
0,1,2,1,3.591180,96767.423068
0,1,2,1,3.590922,96724.337220
0,1,2,1,3.590664,96709.447110
0,1,2,1,3.590406,96653.479860
0,1,2,1,3.590149,96574.317717
0,1,2,1,3.589891,96528.272980
0,1,2,1,3.589633,96349.745744
0,1,2,1,3.589375,96349.268252
0,1,2,1,3.589118,96297.173006
0,1,2,1,3.588860,96264.049792
0,1,2,1,3.588603,96231.149297
0,1,2,1,3.588345,96214.747268
0,1,2,1,3.588088,96196.678682
0,1,2,1,3.587830,96108.976636
0,1,2,1,3.587573,96057.434980
0,1,2,1,3.587315,96052.604742
0,1,2,1,3.587058,96014.989528
0,1,2,1,3.586801,95996.526323
0,1,2,1,3.586543,95900.081156
0,1,2,1,3.586286,95879.774305
0,1,2,1,3.586029,95827.105290
0,1,2,1,3.585772,95800.212010
0,1,2,1,3.585515,95711.058821
0,1,2,1,3.585257,95669.603535
0,1,2,1,3.585000,95628.454589
0,1,2,1,3.584743,95579.517981
0,1,2,1,3.584486,95539.270164
0,1,2,1,3.584229,95369.466781
0,1,2,1,3.583972,95230.101913
0,1,2,1,3.583716,95221.811237
0,1,2,1,3.583459,95160.100434
0,1,2,1,3.583202,95159.390727
0,1,2,1,3.582945,95142.134002
0,1,2,1,3.582688,95076.359017
0,1,2,1,3.582432,94904.267022
0,1,2,1,3.582175,94851.051377
0,1,2,1,3.581918,94849.051392
0,1,2,1,3.581662,94799.335898
0,1,2,1,3.581405,94761.770335
0,1,2,1,3.581149,94761.506397
0,1,2,1,3.580892,94745.457755
0,1,2,1,3.580636,94678.572164
0,1,2,1,3.580380,94651.551081
0,1,2,1,3.580123,94620.677175
0,1,2,1,3.579867,94587.851265
0,1,2,1,3.579611,94449.154844
0,1,2,1,3.579354,94440.354450
0,1,2,1,3.579098,94376.530328
0,1,2,1,3.578842,94354.114020
0,1,2,1,3.578586,94307.749884
0,1,2,1,3.578330,94274.606109
0,1,2,1,3.578074,94204.958704
0,1,2,1,3.577818,94123.643669
0,1,2,1,3.577562,94121.591949
0,1,2,1,3.577306,94021.051414
0,1,2,1,3.577050,93907.461821
0,1,2,1,3.576794,93851.479880
0,1,2,1,3.576538,93811.423305
0,1,2,1,3.576282,93695.821072
0,1,2,1,3.576026,93642.679632
0,1,2,1,3.575771,93634.004429
0,1,2,1,3.575515,93620.706270
0,1,2,1,3.575259,93524.817106
0,1,2,1,3.575004,93522.306084
0,1,2,1,3.574748,93420.974052
0,1,2,1,3.574492,93324.772449
0,1,2,1,3.574237,93257.127192
0,1,2,1,3.573981,93255.789029
0,1,2,1,3.573726,93244.007174
0,1,2,1,3.573471,93194.287787
0,1,2,1,3.573215,93181.004151
0,1,2,1,3.572960,93145.004582
0,1,2,1,3.572705,93108.778975
0,1,2,1,3.572449,93053.356746
0,1,2,1,3.572194,93052.073530
0,1,2,1,3.571939,93042.665552
0,1,2,1,3.571684,92930.729643
0,1,2,1,3.571429,92927.970600
0,1,2,1,3.571173,92880.479256
0,1,2,1,3.570918,92828.254787
0,1,2,1,3.570663,92806.123600
0,1,2,1,3.570408,92728.097541
0,1,2,1,3.570154,92692.096516
0,1,2,1,3.569899,92678.900401
0,1,2,1,3.569644,92675.687780
0,1,2,1,3.569389,92620.015543
0,1,2,1,3.569134,92494.639781
0,1,2,1,3.568879,92246.172866
0,1,2,1,3.568625,92242.036302
0,1,2,1,3.568370,92238.898960
0,1,2,1,3.568115,92223.313919
0,1,2,1,3.567861,92219.997325
0,1,2,1,3.567606,92131.449487
0,1,2,1,3.567352,92102.581566
0,1,2,1,3.567097,91981.594705
0,1,2,1,3.566843,91842.752138
0,1,2,1,3.566588,91821.892591
0,1,2,1,3.566334,91791.315405
0,1,2,1,3.566079,91742.849900
0,1,2,1,3.565825,91726.410997
0,1,2,1,3.565571,91712.349986
0,1,2,1,3.565317,91689.428847
0,1,2,1,3.565062,91647.113367
0,1,2,1,3.564808,91582.520761
0,1,2,1,3.564554,91529.249997
0,1,2,1,3.564300,91501.945433
0,1,2,1,3.564046,91491.439141
0,1,2,1,3.563792,91488.435343
0,1,2,1,3.563538,91413.489565
0,1,2,1,3.563284,91382.077972
0,1,2,1,3.563030,91378.752906
0,1,2,1,3.562776,91341.336414
0,1,2,1,3.562522,91270.671431
0,1,2,1,3.562268,91168.072056
0,1,2,1,3.562015,91110.875238
0,1,2,1,3.561761,91040.503481
0,1,2,1,3.561507,91029.964206
0,1,2,1,3.561254,90990.689752
0,1,2,1,3.561000,90983.259686
0,1,2,1,3.560746,90964.101818
0,1,2,1,3.560493,90954.204673
0,1,2,1,3.560239,90914.624322
0,1,2,1,3.559986,90887.918705
0,1,2,1,3.559732,90861.925571
0,1,2,1,3.559479,90798.989011
0,1,2,1,3.559226,90690.007072
0,1,2,1,3.558972,90635.758440
0,1,2,1,3.558719,90604.926050
0,1,2,1,3.558466,90572.595030
0,1,2,1,3.558212,90508.384890
0,1,2,1,3.557959,90472.986589
0,1,2,1,3.557706,90379.167106
0,1,2,1,3.557453,90312.872423
0,1,2,1,3.557200,90261.001054
0,1,2,1,3.556947,90154.520611
0,1,2,1,3.556694,90133.377856
0,1,2,1,3.556441,90110.888117
0,1,2,1,3.556188,89969.341919
0,1,2,1,3.555935,89946.338237
0,1,2,1,3.555682,89903.864360
0,1,2,1,3.555429,89886.770938
0,1,2,1,3.555176,89866.350398
0,1,2,1,3.554924,89757.772606
0,1,2,1,3.554671,89707.977344
0,1,2,1,3.554418,89689.864591
0,1,2,1,3.554165,89652.517554
0,1,2,1,3.553913,89646.989955
0,1,2,1,3.553660,89623.891699
0,1,2,1,3.553408,89606.333439
0,1,2,1,3.553155,89517.438348
0,1,2,1,3.552903,89487.713628
0,1,2,1,3.552650,89485.026001
0,1,2,1,3.552398,89448.410624
0,1,2,1,3.552145,89426.285061
0,1,2,1,3.551893,89351.690678
0,1,2,1,3.551641,89295.153860
0,1,2,1,3.551389,89216.190751
0,1,2,1,3.551136,89055.207735
0,1,2,1,3.550884,88998.207764
0,1,2,1,3.550632,88868.481487
0,1,2,1,3.550380,88770.122512
0,1,2,1,3.550128,88761.378609
0,1,2,1,3.549876,88751.721665
0,1,2,1,3.549624,88630.687547
0,1,2,1,3.549372,88596.021466
0,1,2,1,3.549120,88592.088651
0,1,2,1,3.548868,88364.229421
0,1,2,1,3.548616,88341.243711
0,1,2,1,3.548364,88282.738450
0,1,2,1,3.548112,88254.667793
0,1,2,1,3.547861,88235.657423
0,1,2,1,3.547609,88189.776786
0,1,2,1,3.547357,88159.089171
0,1,2,1,3.547106,88076.652769
0,1,2,1,3.546854,88048.249337
0,1,2,1,3.546602,87852.212631
0,1,2,1,3.546351,87664.953757
0,1,2,1,3.546099,87660.277271
0,1,2,1,3.545848,87621.460993
0,1,2,1,3.545596,87588.595211
0,1,2,1,3.545345,87577.047418
0,1,2,1,3.545094,87489.322995
0,1,2,1,3.544842,87480.220138
0,1,2,1,3.544591,87457.981420
0,1,2,1,3.544340,87394.984205
0,1,2,1,3.544088,87321.232480
0,1,2,1,3.543837,87276.443419
0,1,2,1,3.543586,87232.487188
0,1,2,1,3.543335,87201.690865
0,1,2,1,3.543084,87183.720230
0,1,2,1,3.542833,87156.300138
0,1,2,1,3.542582,87151.919902
0,1,2,1,3.542331,87130.520091
0,1,2,1,3.542080,86916.094427
0,1,2,1,3.541829,86869.159346
0,1,2,1,3.541578,86806.937254
0,1,2,1,3.541327,86771.526605
0,1,2,1,3.541076,86708.109840
0,1,2,1,3.540826,86687.464880
0,1,2,1,3.540575,86672.380170
0,1,2,1,3.540324,86636.598145
0,1,2,1,3.540074,86601.313717
0,1,2,1,3.539823,86555.709988
0,1,2,1,3.539572,86430.069505
0,1,2,1,3.539322,86408.126560
0,1,2,1,3.539071,86381.230802
0,1,2,1,3.538821,86357.611329
0,1,2,1,3.538570,86350.837321
0,1,2,1,3.538320,86319.666056
0,1,2,1,3.538070,86270.505359
0,1,2,1,3.537819,86267.029174
0,1,2,1,3.537569,86265.239076
0,1,2,1,3.537319,86182.527262
0,1,2,1,3.537068,86151.032080
0,1,2,1,3.536818,86121.890520
0,1,2,1,3.536568,86115.530728
0,1,2,1,3.536318,86102.137131
0,1,2,1,3.536068,86052.595656
0,1,2,1,3.535818,86024.272338
0,1,2,1,3.535568,85922.578858
0,1,2,1,3.535318,85916.894135
0,1,2,1,3.535068,85913.555926
0,1,2,1,3.534818,85816.495354
0,1,2,1,3.534568,85700.733048
0,1,2,1,3.534318,85696.747537
0,1,2,1,3.534068,85571.912395
0,1,2,1,3.533819,85569.700568
0,1,2,1,3.533569,85556.845363
0,1,2,1,3.533319,85473.629921
0,1,2,1,3.533070,85419.553345
0,1,2,1,3.532820,85406.820970
0,1,2,1,3.532570,85380.911862
0,1,2,1,3.532321,85298.447311
0,1,2,1,3.532071,85226.394793
0,1,2,1,3.531822,85136.003547
0,1,2,1,3.531572,85061.074579
0,1,2,1,3.531323,85042.949245
0,1,2,1,3.531073,85033.153181
0,1,2,1,3.530824,84925.770309
0,1,2,1,3.530575,84871.598832
0,1,2,1,3.530325,84842.179911
0,1,2,1,3.530076,84795.044094
0,1,2,1,3.529827,84697.132430
0,1,2,1,3.529578,84688.340207
0,1,2,1,3.529329,84602.229262
0,1,2,1,3.529080,84487.768006
0,1,2,1,3.528831,84450.417928
0,1,2,1,3.528582,84440.847034
0,1,2,1,3.528333,84367.065114
0,1,2,1,3.528084,84353.243504
0,1,2,1,3.527835,84315.038038
0,1,2,1,3.527586,84310.615553
0,1,2,1,3.527337,84303.111154
0,1,2,1,3.527088,84298.570665
0,1,2,1,3.526839,84221.200192
0,1,2,1,3.526590,84012.398503
0,1,2,1,3.526342,83997.733140
0,1,2,1,3.526093,83988.258794
0,1,2,1,3.525844,83951.871746
0,1,2,1,3.525596,83946.127494
0,1,2,1,3.525347,83930.169553
0,1,2,1,3.525099,83919.289175
0,1,2,1,3.524850,83916.450514
0,1,2,1,3.524602,83822.960851
0,1,2,1,3.524353,83817.302102
0,1,2,1,3.524105,83684.609184
0,1,2,1,3.523857,83662.824761
0,1,2,1,3.523608,83639.056358
0,1,2,1,3.523360,83622.284183
0,1,2,1,3.523112,83613.035572
0,1,2,1,3.522863,83561.315825
0,1,2,1,3.522615,83351.514537
0,1,2,1,3.522367,83316.410580
0,1,2,1,3.522119,83315.298117
0,1,2,1,3.521871,83243.069063
0,1,2,1,3.521623,83159.131177
0,1,2,1,3.521375,83151.631371
0,1,2,1,3.521127,83139.798467
0,1,2,1,3.520879,83129.324312
0,1,2,1,3.520631,83106.275059
0,1,2,1,3.520383,83097.617309
0,1,2,1,3.520135,83046.909585
0,1,2,1,3.519887,83000.042382
0,1,2,1,3.519640,82970.700438
0,1,2,1,3.519392,82952.057872
0,1,2,1,3.519144,82930.291812
0,1,2,1,3.518896,82875.214036
0,1,2,1,3.518649,82805.661987
0,1,2,1,3.518401,82609.376428
0,1,2,1,3.518154,82594.737572
0,1,2,1,3.517906,82579.905587
0,1,2,1,3.517659,82578.204528
0,1,2,1,3.517411,82578.044757
0,1,2,1,3.517164,82536.347186
0,1,2,1,3.516916,82515.161684
0,1,2,1,3.516669,82506.183150
0,1,2,1,3.516422,82501.806425
0,1,2,1,3.516174,82448.885470
0,1,2,1,3.515927,82359.583523
0,1,2,1,3.515680,82350.119120
0,1,2,1,3.515433,82171.947208
0,1,2,1,3.515186,82109.507647
0,1,2,1,3.514938,82008.049492
0,1,2,1,3.514691,81922.370021
0,1,2,1,3.514444,81877.897303
0,1,2,1,3.514197,81846.681262
0,1,2,1,3.513950,81844.446817
0,1,2,1,3.513703,81779.384597
0,1,2,1,3.513457,81766.766446
0,1,2,1,3.513210,81736.265966
0,1,2,1,3.512963,81704.734844
0,1,2,1,3.512716,81641.363621
0,1,2,1,3.512469,81544.269162
0,1,2,1,3.512223,81529.222299
0,1,2,1,3.511976,81511.654855
0,1,2,1,3.511729,81465.661134
0,1,2,1,3.511483,81464.649574
0,1,2,1,3.511236,81424.883897
0,1,2,1,3.510989,81364.440978
0,1,2,1,3.510743,81249.332034
0,1,2,1,3.510496,81231.490880
0,1,2,1,3.510250,81220.452032
0,1,2,1,3.510004,81120.263049
0,1,2,1,3.509757,81081.091285
0,1,2,1,3.509511,81077.246027
0,1,2,1,3.509264,80996.820586
0,1,2,1,3.509018,80995.013118
0,1,2,1,3.508772,80910.810999
0,1,2,1,3.508526,80909.771359
0,1,2,1,3.508280,80899.662710
0,1,2,1,3.508033,80879.983097
0,1,2,1,3.507787,80854.326977
0,1,2,1,3.507541,80836.737734
0,1,2,1,3.507295,80782.470012
0,1,2,1,3.507049,80733.548814
0,1,2,1,3.506803,80584.052613
0,1,2,1,3.506557,80583.543113
0,1,2,1,3.506311,80582.643512
0,1,2,1,3.506065,80578.896208
0,1,2,1,3.505820,80520.457398
0,1,2,1,3.505574,80463.970852
0,1,2,1,3.505328,80377.383847
0,1,2,1,3.505082,80337.951132
0,1,2,1,3.504837,80263.666898
0,1,2,1,3.504591,80194.297546
0,1,2,1,3.504345,80160.781958
0,1,2,1,3.504100,80097.413202
0,1,2,1,3.503854,80093.021655
0,1,2,1,3.503609,80073.483909
0,1,2,1,3.503363,79993.899406
0,1,2,1,3.503118,79959.214000
0,1,2,1,3.502872,79849.477988
0,1,2,1,3.502627,79800.168938
0,1,2,1,3.502382,79631.404455
0,1,2,1,3.502136,79547.105402
0,1,2,1,3.501891,79534.465607
0,1,2,1,3.501646,79524.546109
0,1,2,1,3.501401,79507.432212
0,1,2,1,3.501155,79482.777656
0,1,2,1,3.500910,79361.753912
0,1,2,1,3.500665,79351.643028
0,1,2,1,3.500420,79329.937042
0,1,2,1,3.500175,79225.426779
0,1,2,1,3.499930,79025.761021
0,1,2,1,3.499685,78971.448100
0,1,2,1,3.499440,78952.278757
0,1,2,1,3.499195,78934.922970
0,1,2,1,3.498950,78914.345290
0,1,2,1,3.498705,78900.868170
0,1,2,1,3.498461,78895.887215
0,1,2,1,3.498216,78619.478626
0,1,2,1,3.497971,78583.481358
0,1,2,1,3.497726,78544.875862
0,1,2,1,3.497482,78471.260397
0,1,2,1,3.497237,78385.656009
0,1,2,1,3.496993,78296.247223
0,1,2,1,3.496748,78211.511833
0,1,2,1,3.496503,78142.933558
0,1,2,1,3.496259,78011.927781
0,1,2,1,3.496015,78008.104908
0,1,2,1,3.495770,78002.630875
0,1,2,1,3.495526,77964.135230
0,1,2,1,3.495281,77957.590075
0,1,2,1,3.495037,77904.877391
0,1,2,1,3.494793,77846.364877
0,1,2,1,3.494549,77842.181777
0,1,2,1,3.494304,77818.213586
0,1,2,1,3.494060,77811.902121
0,1,2,1,3.493816,77711.085900
0,1,2,1,3.493572,77657.019613
0,1,2,1,3.493328,77655.532400
0,1,2,1,3.493084,77638.585082
0,1,2,1,3.492840,77610.474519
0,1,2,1,3.492596,77529.161278
0,1,2,1,3.492352,77416.763234
0,1,2,1,3.492108,77408.850626
0,1,2,1,3.491864,77378.795327
0,1,2,1,3.491620,77372.716333
0,1,2,1,3.491376,77316.667368
0,1,2,1,3.491133,77293.134089
0,1,2,1,3.490889,77277.819482
0,1,2,1,3.490645,77226.206707
0,1,2,1,3.490401,77206.641699
0,1,2,1,3.490158,77099.788786
0,1,2,1,3.489914,77081.069287
0,1,2,1,3.489671,77080.014126
0,1,2,1,3.489427,77036.950513
0,1,2,1,3.489184,76947.768193
0,1,2,1,3.488940,76933.795850
0,1,2,1,3.488697,76723.626840
0,1,2,1,3.488453,76597.499901
0,1,2,1,3.488210,76483.870873
0,1,2,1,3.487967,76478.888995
0,1,2,1,3.487723,76387.919767
0,1,2,1,3.487480,76376.904511
0,1,2,1,3.487237,76331.283481
0,1,2,1,3.486994,76100.312678
0,1,2,1,3.486750,76092.122169
0,1,2,1,3.486507,76086.765193
0,1,2,1,3.486264,76082.144368
0,1,2,1,3.486021,76055.962229
0,1,2,1,3.485778,76039.502200
0,1,2,1,3.485535,75908.694635
0,1,2,1,3.485292,75904.544986
0,1,2,1,3.485049,75892.173174
0,1,2,1,3.484806,75869.283388
0,1,2,1,3.484563,75834.690222
0,1,2,1,3.484321,75725.271274
0,1,2,1,3.484078,75725.142324
0,1,2,1,3.483835,75714.212794
0,1,2,1,3.483592,75710.344044
0,1,2,1,3.483350,75699.045310
0,1,2,1,3.483107,75655.197136
0,1,2,1,3.482864,75622.461641
0,1,2,1,3.482622,75595.224495
0,1,2,1,3.482379,75569.125540
0,1,2,1,3.482137,75560.365142
0,1,2,1,3.481894,75535.320806
0,1,2,1,3.481652,75510.319408
0,1,2,1,3.481409,75502.831556
0,1,2,1,3.481167,75501.558535
0,1,2,1,3.480925,75454.281734
0,1,2,1,3.480682,75364.884389
0,1,2,1,3.480440,75280.324615
0,1,2,1,3.480198,75245.894184
0,1,2,1,3.479955,75187.202916
0,1,2,1,3.479713,75028.257098
0,1,2,1,3.479471,75017.240125
0,1,2,1,3.479229,74940.823936
0,1,2,1,3.478987,74937.533436
0,1,2,1,3.478745,74894.134651
0,1,2,1,3.478503,74770.281411
0,1,2,1,3.478261,74760.634434
0,1,2,1,3.478019,74753.489250
0,1,2,1,3.477777,74682.203853
0,1,2,1,3.477535,74672.321224
0,1,2,1,3.477293,74630.781815
0,1,2,1,3.477051,74424.744723
0,1,2,1,3.476810,74336.785828
0,1,2,1,3.476568,74283.969011
0,1,2,1,3.476326,73945.013244
0,1,2,1,3.476085,73867.402913
0,1,2,1,3.475843,73864.465992
0,1,2,1,3.475601,73712.239026
0,1,2,1,3.475360,73654.985610
0,1,2,1,3.475118,73609.613073
0,1,2,1,3.474877,73597.914655
0,1,2,1,3.474635,73516.234781
0,1,2,1,3.474394,73440.275421
0,1,2,1,3.474152,73409.791633
0,1,2,1,3.473911,73382.527941
0,1,2,1,3.473670,73379.253520
0,1,2,1,3.473428,73373.971896
0,1,2,1,3.473187,73323.921033
0,1,2,1,3.472946,73312.617285
0,1,2,1,3.472705,73265.676755
0,1,2,1,3.472463,73222.620535
0,1,2,1,3.472222,73189.772345
0,1,2,1,3.471981,73106.938374
0,1,2,1,3.471740,72949.414397
0,1,2,1,3.471499,72919.277492
0,1,2,1,3.471258,72893.849088
0,1,2,1,3.471017,72858.899308
0,1,2,1,3.470776,72813.860934
0,1,2,1,3.470535,72625.359812
0,1,2,1,3.470294,72585.963907
0,1,2,1,3.470053,72508.482790
0,1,2,1,3.469813,72476.735381
0,1,2,1,3.469572,72458.005608
0,1,2,1,3.469331,72372.395052
0,1,2,1,3.469090,72227.911520
0,1,2,1,3.468850,72172.963522
0,1,2,1,3.468609,72104.109267
0,1,2,1,3.468368,72060.962277
0,1,2,1,3.468128,72055.531305
0,1,2,1,3.467887,72040.415475
0,1,2,1,3.467647,71924.629903
0,1,2,1,3.467406,71907.079984
0,1,2,1,3.467166,71882.852828
0,1,2,1,3.466926,71847.266913
0,1,2,1,3.466685,71797.021471
0,1,2,1,3.466445,71747.356545
0,1,2,1,3.466205,71641.444211
0,1,2,1,3.465964,71634.736027
0,1,2,1,3.465724,71612.486257
0,1,2,1,3.465484,71459.579240
0,1,2,1,3.465244,71429.556837
0,1,2,1,3.465003,71423.426335
0,1,2,1,3.464763,71345.462337
0,1,2,1,3.464523,71289.053933
0,1,2,1,3.464283,71223.886902
0,1,2,1,3.464043,71153.931169
0,1,2,1,3.463803,71067.205765
0,1,2,1,3.463563,70936.224599
0,1,2,1,3.463323,70907.391852
0,1,2,1,3.463084,70845.857387
0,1,2,1,3.462844,70838.118308
0,1,2,1,3.462604,70827.111577
0,1,2,1,3.462364,70820.372702
0,1,2,1,3.462124,70791.197079
0,1,2,1,3.461885,70719.306512
0,1,2,1,3.461645,70694.854182
0,1,2,1,3.461405,70636.249957
0,1,2,1,3.461166,70614.339472
0,1,2,1,3.460926,70598.226626
0,1,2,1,3.460687,70585.435823
0,1,2,1,3.460447,70492.750496
0,1,2,1,3.460208,70447.747242
0,1,2,1,3.459968,70437.546571
0,1,2,1,3.459729,70410.789041
0,1,2,1,3.459489,70381.954402
0,1,2,1,3.459250,70223.031116
0,1,2,1,3.459011,70038.067069
0,1,2,1,3.458771,69954.103443
0,1,2,1,3.458532,69912.326413
0,1,2,1,3.458293,69899.786926
0,1,2,1,3.458054,69897.147556
0,1,2,1,3.457815,69758.241833
0,1,2,1,3.457576,69681.229594
0,1,2,1,3.457336,69681.199309
0,1,2,1,3.457097,69655.501706
0,1,2,1,3.456858,69501.937006
0,1,2,1,3.456619,69211.035849
0,1,2,1,3.456380,69052.995720
0,1,2,1,3.456142,69011.083772
0,1,2,1,3.455903,68840.346429
0,1,2,1,3.455664,68755.501928
0,1,2,1,3.455425,68692.329458
0,1,2,1,3.455186,68672.943535
0,1,2,1,3.454947,68620.067504
0,1,2,1,3.454709,68562.343251
0,1,2,1,3.454470,68505.438654
0,1,2,1,3.454231,68487.618287
0,1,2,1,3.453993,68474.964966
0,1,2,1,3.453754,68310.658073
0,1,2,1,3.453516,68291.719571
0,1,2,1,3.453277,68264.332605
0,1,2,1,3.453039,68211.844713
0,1,2,1,3.452800,68137.180640
0,1,2,1,3.452562,68127.570191
0,1,2,1,3.452323,67974.345194
0,1,2,1,3.452085,67960.289871
0,1,2,1,3.451847,67916.577314
0,1,2,1,3.451608,67890.236819
0,1,2,1,3.451370,67889.387510
0,1,2,1,3.451132,67578.202632
0,1,2,1,3.450894,67563.144802
0,1,2,1,3.450656,67505.582524
0,1,2,1,3.450418,67497.359623
0,1,2,1,3.450179,67430.123743
0,1,2,1,3.449941,67425.382713
0,1,2,1,3.449703,67357.675011
0,1,2,1,3.449465,67339.818445
0,1,2,1,3.449227,67317.715598
0,1,2,1,3.448989,67196.175906
0,1,2,1,3.448752,67132.249255
0,1,2,1,3.448514,67072.523891
0,1,2,1,3.448276,66943.433932
0,1,2,1,3.448038,66914.752145
0,1,2,1,3.447800,66897.299090
0,1,2,1,3.447563,66894.369373
0,1,2,1,3.447325,66894.083826
0,1,2,1,3.447087,66862.997749
0,1,2,1,3.446850,66825.492218
0,1,2,1,3.446612,66800.364291
0,1,2,1,3.446374,66788.055429
0,1,2,1,3.446137,66782.574412
0,1,2,1,3.445899,66768.655089
0,1,2,1,3.445662,66740.896446
0,1,2,1,3.445424,66620.828849
0,1,2,1,3.445187,66601.686883
0,1,2,1,3.444950,66569.601941
0,1,2,1,3.444712,66552.754577
0,1,2,1,3.444475,66541.706908
0,1,2,1,3.444238,66529.018493
0,1,2,1,3.444001,66499.699662
0,1,2,1,3.443763,66476.239529
0,1,2,1,3.443526,66361.689003
0,1,2,1,3.443289,66297.451808
0,1,2,1,3.443052,66251.044383
0,1,2,1,3.442815,66240.192383
0,1,2,1,3.442578,66175.482517
0,1,2,1,3.442341,66095.539749
0,1,2,1,3.442104,65970.870836
0,1,2,1,3.441867,65921.328410
0,1,2,1,3.441630,65899.295017
0,1,2,1,3.441393,65842.222038
0,1,2,1,3.441156,65823.901113
0,1,2,1,3.440919,65723.788147
0,1,2,1,3.440683,65705.404077
0,1,2,1,3.440446,65680.188548
0,1,2,1,3.440209,65679.483862
0,1,2,1,3.439972,65677.987041
0,1,2,1,3.439736,65672.315035
0,1,2,1,3.439499,65577.730142
0,1,2,1,3.439263,65527.664989
0,1,2,1,3.439026,65493.537355
0,1,2,1,3.438790,65456.248108
0,1,2,1,3.438553,65438.760783
0,1,2,1,3.438317,65438.296737
0,1,2,1,3.438080,65297.049434
0,1,2,1,3.437844,65272.213154
0,1,2,1,3.437607,65241.464652
0,1,2,1,3.437371,65193.642770
0,1,2,1,3.437135,65175.641071
0,1,2,1,3.436899,65141.861193
0,1,2,1,3.436662,65135.228207
0,1,2,1,3.436426,65093.199890
0,1,2,1,3.436190,65091.938497
0,1,2,1,3.435954,65091.106990
0,1,2,1,3.435718,65070.297423
0,1,2,1,3.435482,65062.015852
0,1,2,1,3.435246,64969.237274
0,1,2,1,3.435010,64899.332656
0,1,2,1,3.434774,64886.336035
0,1,2,1,3.434538,64860.759163
0,1,2,1,3.434302,64842.179043
0,1,2,1,3.434066,64752.978228
0,1,2,1,3.433830,64687.674908
0,1,2,1,3.433594,64611.994452
0,1,2,1,3.433359,64488.803777
0,1,2,1,3.433123,64386.073713
0,1,2,1,3.432887,64370.776892
0,1,2,1,3.432651,64253.337760
0,1,2,1,3.432416,64246.733424
0,1,2,1,3.432180,64095.781326
0,1,2,1,3.431945,64061.508235
0,1,2,1,3.431709,63966.663217
0,1,2,1,3.431473,63820.796203
0,1,2,1,3.431238,63746.944270
0,1,2,1,3.431003,63698.617209
0,1,2,1,3.430767,63543.392914
0,1,2,1,3.430532,63454.611501
0,1,2,1,3.430296,63423.900719
0,1,2,1,3.430061,63331.121833
0,1,2,1,3.429826,63244.653430
0,1,2,1,3.429591,63223.918515
0,1,2,1,3.429355,63166.978029
0,1,2,1,3.429120,63153.527161
0,1,2,1,3.428885,63143.320320
0,1,2,1,3.428650,63109.743522
0,1,2,1,3.428415,62968.015960
0,1,2,1,3.428180,62824.305614
0,1,2,1,3.427945,62768.472351
0,1,2,1,3.427710,62628.746599
0,1,2,1,3.427475,62626.348252
0,1,2,1,3.427240,62621.879000
0,1,2,1,3.427005,62592.380594
0,1,2,1,3.426770,62539.590415
0,1,2,1,3.426535,62466.188793
0,1,2,1,3.426300,62390.956158
0,1,2,1,3.426066,62359.539507
0,1,2,1,3.425831,62344.938049
0,1,2,1,3.425596,62277.236303
0,1,2,1,3.425361,62276.705361
0,1,2,1,3.425127,62114.356625
0,1,2,1,3.424892,62045.779542
0,1,2,1,3.424658,62041.076591
0,1,2,1,3.424423,61885.474129
0,1,2,1,3.424188,61865.834850
0,1,2,1,3.423954,61842.025288
0,1,2,1,3.423720,61766.642628
0,1,2,1,3.423485,61725.045354
0,1,2,1,3.423251,61722.127895
0,1,2,1,3.423016,61715.381933
0,1,2,1,3.422782,61701.773598
0,1,2,1,3.422548,61636.487073
0,1,2,1,3.422313,61613.836185
0,1,2,1,3.422079,61507.577814
0,1,2,1,3.421845,61412.784376
0,1,2,1,3.421611,61229.598512
0,1,2,1,3.421377,61181.748452
0,1,2,1,3.421143,61058.633781
0,1,2,1,3.420909,61015.035409
0,1,2,1,3.420675,60994.991178
0,1,2,1,3.420441,60955.425125
0,1,2,1,3.420207,60887.317229
0,1,2,1,3.419973,60840.994632
0,1,2,1,3.419739,60805.024357
0,1,2,1,3.419505,60749.878020
0,1,2,1,3.419271,60746.336605
0,1,2,1,3.419037,60728.056228
0,1,2,1,3.418803,60693.742398
0,1,2,1,3.418570,60537.396396
0,1,2,1,3.418336,60510.727749
0,1,2,1,3.418102,60458.005664
0,1,2,1,3.417869,60443.596712
0,1,2,1,3.417635,60416.382716
0,1,2,1,3.417401,60364.044850
0,1,2,1,3.417168,60271.685273
0,1,2,1,3.416934,60249.113711
0,1,2,1,3.416701,60215.482146
0,1,2,1,3.416467,60118.207814
0,1,2,1,3.416234,60115.555898
0,1,2,1,3.416001,60090.818183
0,1,2,1,3.415767,59952.256183
0,1,2,1,3.415534,59865.496304
0,1,2,1,3.415301,59822.509766
0,1,2,1,3.415067,59801.098518
0,1,2,1,3.414834,59793.654700
0,1,2,1,3.414601,59772.425837
0,1,2,1,3.414368,59697.180622
0,1,2,1,3.414135,59608.151007
0,1,2,1,3.413901,59573.374722
0,1,2,1,3.413668,59563.552086
0,1,2,1,3.413435,59513.535984
0,1,2,1,3.413202,59483.467013
0,1,2,1,3.412969,59450.086481
0,1,2,1,3.412736,59403.072870
0,1,2,1,3.412503,59380.909506
0,1,2,1,3.412271,59368.570361
0,1,2,1,3.412038,59352.816903
0,1,2,1,3.411805,59308.292177
0,1,2,1,3.411572,59308.000283
0,1,2,1,3.411339,59223.252642
0,1,2,1,3.411107,59205.929968
0,1,2,1,3.410874,59172.632550
0,1,2,1,3.410641,59142.407955
0,1,2,1,3.410409,59117.323278
0,1,2,1,3.410176,59033.334160
0,1,2,1,3.409943,58907.772336
0,1,2,1,3.409711,58878.707312
0,1,2,1,3.409478,58806.415775
0,1,2,1,3.409246,58727.632482
0,1,2,1,3.409013,58696.970588
0,1,2,1,3.408781,58668.125050
0,1,2,1,3.408549,58661.575001
0,1,2,1,3.408316,58542.396235
0,1,2,1,3.408084,58506.575611
0,1,2,1,3.407852,58485.301606
0,1,2,1,3.407619,58412.831321
0,1,2,1,3.407387,58352.163633
0,1,2,1,3.407155,58251.598593
0,1,2,1,3.406923,58237.127328
0,1,2,1,3.406691,58233.702876
0,1,2,1,3.406459,58224.672637
0,1,2,1,3.406227,58120.839538
0,1,2,1,3.405995,58044.192778
0,1,2,1,3.405763,58028.168497
0,1,2,1,3.405531,57986.828477
0,1,2,1,3.405299,57947.927477
0,1,2,1,3.405067,57694.347610
0,1,2,1,3.404835,57671.672136
0,1,2,1,3.404603,57570.224697
0,1,2,1,3.404371,57546.356043
0,1,2,1,3.404139,57477.946074
0,1,2,1,3.403908,57376.339717
0,1,2,1,3.403676,57293.566476
0,1,2,1,3.403444,57219.732084
0,1,2,1,3.403213,57213.297326
0,1,2,1,3.402981,57148.585193
0,1,2,1,3.402749,57147.446857
0,1,2,1,3.402518,57091.321063
0,1,2,1,3.402286,57081.969995
0,1,2,1,3.402055,57080.433726
0,1,2,1,3.401823,57062.996639
0,1,2,1,3.401592,57012.564729
0,1,2,1,3.401361,57000.496485
0,1,2,1,3.401129,56958.184116
0,1,2,1,3.400898,56884.438853
0,1,2,1,3.400667,56854.085675
0,1,2,1,3.400435,56834.667183
0,1,2,1,3.400204,56812.551427
0,1,2,1,3.399973,56805.048584
0,1,2,1,3.399742,56596.796272
0,1,2,1,3.399510,56456.399300
0,1,2,1,3.399279,56378.257134
0,1,2,1,3.399048,56377.134730
0,1,2,1,3.398817,56346.115163
0,1,2,1,3.398586,56330.415358
0,1,2,1,3.398355,56328.100682
0,1,2,1,3.398124,56295.841322
0,1,2,1,3.397893,56185.416807
0,1,2,1,3.397662,56062.827939
0,1,2,1,3.397432,56056.433244
0,1,2,1,3.397201,55908.807348
0,1,2,1,3.396970,55678.503696
0,1,2,1,3.396739,55673.840639
0,1,2,1,3.396508,55562.367758
0,1,2,1,3.396278,55498.228165
0,1,2,1,3.396047,55492.322242
0,1,2,1,3.395816,55438.502814
0,1,2,1,3.395586,55250.581925
0,1,2,1,3.395355,55200.387552
0,1,2,1,3.395125,55199.849971
0,1,2,1,3.394894,55157.817438
0,1,2,1,3.394664,55151.823340
0,1,2,1,3.394433,55143.718281
0,1,2,1,3.394203,55112.419028
0,1,2,1,3.393972,54987.897082
0,1,2,1,3.393742,54984.510734
0,1,2,1,3.393512,54979.720755
0,1,2,1,3.393281,54871.846647
0,1,2,1,3.393051,54724.391034
0,1,2,1,3.392821,54703.601522
0,1,2,1,3.392591,54698.519527
0,1,2,1,3.392360,54629.502497
0,1,2,1,3.392130,54624.454505
0,1,2,1,3.391900,54586.615445
0,1,2,1,3.391670,54482.091623
0,1,2,1,3.391440,54415.553377
0,1,2,1,3.391210,54406.846495
0,1,2,1,3.390980,54337.575350
0,1,2,1,3.390750,54321.485378
0,1,2,1,3.390520,54295.631909
0,1,2,1,3.390290,54288.854340
0,1,2,1,3.390060,54250.263211
0,1,2,1,3.389831,54166.876754
0,1,2,1,3.389601,54119.563236
0,1,2,1,3.389371,54068.320598
0,1,2,1,3.389141,54065.820002
0,1,2,1,3.388911,54059.459597
0,1,2,1,3.388682,54029.901224
0,1,2,1,3.388452,53937.119784
0,1,2,1,3.388223,53922.424333
0,1,2,1,3.387993,53919.927272
0,1,2,1,3.387763,53856.826955
0,1,2,1,3.387534,53756.320085
0,1,2,1,3.387304,53697.146417
0,1,2,1,3.387075,53674.849798
0,1,2,1,3.386845,53617.509660
0,1,2,1,3.386616,53543.597089
0,1,2,1,3.386387,53488.512423
0,1,2,1,3.386157,53483.511265
0,1,2,1,3.385928,53471.182295
0,1,2,1,3.385699,53433.094437
0,1,2,1,3.385470,53354.400948
0,1,2,1,3.385240,53235.663893
0,1,2,1,3.385011,53158.916348
0,1,2,1,3.384782,53118.773779
0,1,2,1,3.384553,53026.350224
0,1,2,1,3.384324,53016.279983
0,1,2,1,3.384095,53015.379629
0,1,2,1,3.383866,53011.937636
0,1,2,1,3.383637,52975.122122
0,1,2,1,3.383408,52963.873198
0,1,2,1,3.383179,52898.144315
0,1,2,1,3.382950,52802.941599
0,1,2,1,3.382721,52784.002219
0,1,2,1,3.382492,52782.493354
0,1,2,1,3.382263,52741.738418
0,1,2,1,3.382035,52690.083900
0,1,2,1,3.381806,52605.744097
0,1,2,1,3.381577,52537.121629
0,1,2,1,3.381348,52517.388175
0,1,2,1,3.381120,52459.119785
0,1,2,1,3.380891,52380.967705
0,1,2,1,3.380663,52309.029989
0,1,2,1,3.380434,52299.144818
0,1,2,1,3.380206,52256.408091
0,1,2,1,3.379977,52149.820294
0,1,2,1,3.379749,52129.791145
0,1,2,1,3.379520,52121.519160
0,1,2,1,3.379292,52057.070949
0,1,2,1,3.379063,52045.647629
0,1,2,1,3.378835,51869.756924
0,1,2,1,3.378607,51786.809884
0,1,2,1,3.378378,51755.270358
0,1,2,1,3.378150,51734.223785
0,1,2,1,3.377922,51691.869266
0,1,2,1,3.377694,51624.076716
0,1,2,1,3.377466,51542.575212
0,1,2,1,3.377237,51503.424978
0,1,2,1,3.377009,51481.154433
0,1,2,1,3.376781,51438.486589
0,1,2,1,3.376553,51421.619933
0,1,2,1,3.376325,51266.183152
0,1,2,1,3.376097,51156.679087
0,1,2,1,3.375869,51117.420589
0,1,2,1,3.375641,51116.924587
0,1,2,1,3.375413,51077.625077
0,1,2,1,3.375186,50977.723407
0,1,2,1,3.374958,50825.078299
0,1,2,1,3.374730,50820.735841
0,1,2,1,3.374502,50796.866414
0,1,2,1,3.374275,50758.216960
0,1,2,1,3.374047,50756.182606
0,1,2,1,3.373819,50709.621092
0,1,2,1,3.373592,50572.820010
0,1,2,1,3.373364,50474.692392
0,1,2,1,3.373136,50402.519403
0,1,2,1,3.372909,50276.600484
0,1,2,1,3.372681,50123.128796
0,1,2,1,3.372454,50079.987631
0,1,2,1,3.372226,49879.293342
0,1,2,1,3.371999,49871.032782
0,1,2,1,3.371772,49458.819818
0,1,2,1,3.371544,49432.674472
0,1,2,1,3.371317,49417.489215
0,1,2,1,3.371090,49395.734117
0,1,2,1,3.370862,49378.740666
0,1,2,1,3.370635,49372.735862
0,1,2,1,3.370408,49328.544925
0,1,2,1,3.370181,49217.911619
0,1,2,1,3.369953,49110.362654
0,1,2,1,3.369726,49029.384793
0,1,2,1,3.369499,48982.762218
0,1,2,1,3.369272,48898.898888
0,1,2,1,3.369045,48860.426934
0,1,2,1,3.368818,48817.215676
0,1,2,1,3.368591,48726.732015
0,1,2,1,3.368364,48722.591358
0,1,2,1,3.368137,48678.073293
0,1,2,1,3.367911,48662.251315
0,1,2,1,3.367684,48662.117588
0,1,2,1,3.367457,48580.384093
0,1,2,1,3.367230,48514.971379
0,1,2,1,3.367003,48488.038198
0,1,2,1,3.366777,48465.481421
0,1,2,1,3.366550,48293.543117
0,1,2,1,3.366323,48292.759611
0,1,2,1,3.366097,48197.907128
0,1,2,1,3.365870,48196.908666
0,1,2,1,3.365644,48171.619328
0,1,2,1,3.365417,48152.732313
0,1,2,1,3.365190,48110.500693
0,1,2,1,3.364964,48107.730087
0,1,2,1,3.364738,48078.726322
0,1,2,1,3.364511,48065.501469
0,1,2,1,3.364285,47996.692396
0,1,2,1,3.364058,47979.562407
0,1,2,1,3.363832,47942.487226
0,1,2,1,3.363606,47931.068063
0,1,2,1,3.363380,47925.500483
0,1,2,1,3.363153,47916.244562
0,1,2,1,3.362927,47871.055870
0,1,2,1,3.362701,47857.795032
0,1,2,1,3.362475,47845.703707
0,1,2,1,3.362249,47835.680024
0,1,2,1,3.362023,47811.573971
0,1,2,1,3.361797,47747.844285
0,1,2,1,3.361571,47701.149287
0,1,2,1,3.361345,47601.596955
0,1,2,1,3.361119,47583.835993
0,1,2,1,3.360893,47566.656343
0,1,2,1,3.360667,47565.400458
0,1,2,1,3.360441,47562.898133
0,1,2,1,3.360215,47463.106418
0,1,2,1,3.359989,47349.578119
0,1,2,1,3.359763,47241.349991
0,1,2,1,3.359538,47198.766462
0,1,2,1,3.359312,47008.418367
0,1,2,1,3.359086,46997.535606
0,1,2,1,3.358861,46857.783024
0,1,2,1,3.358635,46798.991354
0,1,2,1,3.358409,46678.734700
0,1,2,1,3.358184,46629.238022
0,1,2,1,3.357958,46617.886139
0,1,2,1,3.357733,46569.950157
0,1,2,1,3.357507,46538.830801
0,1,2,1,3.357282,46459.150748
0,1,2,1,3.357057,46437.151329
0,1,2,1,3.356831,46429.815664
0,1,2,1,3.356606,46412.284074
0,1,2,1,3.356380,46326.372521
0,1,2,1,3.356155,46322.701096
0,1,2,1,3.355930,46318.439874
0,1,2,1,3.355705,46309.037371
0,1,2,1,3.355479,46265.862995
0,1,2,1,3.355254,46259.925946
0,1,2,1,3.355029,46159.883013
0,1,2,1,3.354804,46153.469717
0,1,2,1,3.354579,46111.521481
0,1,2,1,3.354354,45962.255906
0,1,2,1,3.354129,45894.497082
0,1,2,1,3.353904,45873.561696
0,1,2,1,3.353679,45858.170058
0,1,2,1,3.353454,45813.991564
0,1,2,1,3.353229,45813.890583
0,1,2,1,3.353004,45780.250891
0,1,2,1,3.352779,45765.574023
0,1,2,1,3.352555,45675.702635
0,1,2,1,3.352330,45522.525533
0,1,2,1,3.352105,45484.856473
0,1,2,1,3.351880,45450.672136
0,1,2,1,3.351656,45408.630929
0,1,2,1,3.351431,45400.365717
0,1,2,1,3.351206,45326.229827
0,1,2,1,3.350982,45274.364604
0,1,2,1,3.350757,45271.677373
0,1,2,1,3.350533,45221.580711
0,1,2,1,3.350308,45211.803273
0,1,2,1,3.350084,45206.032717
0,1,2,1,3.349859,45153.515800
0,1,2,1,3.349635,45095.070804
0,1,2,1,3.349411,45081.420567
0,1,2,1,3.349186,44999.550448
0,1,2,1,3.348962,44951.422495
0,1,2,1,3.348738,44921.954434
0,1,2,1,3.348513,44882.054324
0,1,2,1,3.348289,44864.553845
0,1,2,1,3.348065,44796.142123
0,1,2,1,3.347841,44786.834821
0,1,2,1,3.347616,44763.703959
0,1,2,1,3.347392,44751.378267
0,1,2,1,3.347168,44690.076761
0,1,2,1,3.346944,44553.806677
0,1,2,1,3.346720,44511.373801
0,1,2,1,3.346496,44457.238353
0,1,2,1,3.346272,44430.884871
0,1,2,1,3.346048,44412.789040
0,1,2,1,3.345824,44395.233025
0,1,2,1,3.345601,44364.242081
0,1,2,1,3.345377,44272.473605
0,1,2,1,3.345153,44251.655689
0,1,2,1,3.344929,44236.806329
0,1,2,1,3.344705,44092.988237
0,1,2,1,3.344482,44004.390846
0,1,2,1,3.344258,43973.243903
0,1,2,1,3.344034,43922.561102
0,1,2,1,3.343811,43919.995759
0,1,2,1,3.343587,43833.417674
0,1,2,1,3.343363,43784.153988
0,1,2,1,3.343140,43711.464979
0,1,2,1,3.342916,43688.902080
0,1,2,1,3.342693,43618.170911
0,1,2,1,3.342469,43443.741352
0,1,2,1,3.342246,43362.107930
0,1,2,1,3.342023,43349.271922
0,1,2,1,3.341799,43250.371575
0,1,2,1,3.341576,43212.192505
0,1,2,1,3.341353,43197.621571
0,1,2,1,3.341129,43168.857790
0,1,2,1,3.340906,43145.635882
0,1,2,1,3.340683,43145.624819
0,1,2,1,3.340460,43089.153141
0,1,2,1,3.340236,43073.528583
0,1,2,1,3.340013,42989.438547
0,1,2,1,3.339790,42988.318051
0,1,2,1,3.339567,42966.681527
0,1,2,1,3.339344,42873.597374
0,1,2,1,3.339121,42862.831760
0,1,2,1,3.338898,42830.997074
0,1,2,1,3.338675,42804.678525
0,1,2,1,3.338452,42694.305172
0,1,2,1,3.338229,42652.502010
0,1,2,1,3.338007,42613.505604
0,1,2,1,3.337784,42574.660021
0,1,2,1,3.337561,42545.469804
0,1,2,1,3.337338,42404.619408
0,1,2,1,3.337115,42337.997841
0,1,2,1,3.336893,42258.544353
0,1,2,1,3.336670,42211.598154
0,1,2,1,3.336447,42140.471270
0,1,2,1,3.336225,42129.515790
0,1,2,1,3.336002,42077.245945
0,1,2,1,3.335780,42063.116069
0,1,2,1,3.335557,41935.123327
0,1,2,1,3.335335,41870.366752
0,1,2,1,3.335112,41815.119625
0,1,2,1,3.334890,41787.549657
0,1,2,1,3.334667,41761.601312
0,1,2,1,3.334445,41757.079463
0,1,2,1,3.334222,41614.816144
0,1,2,1,3.334000,41596.370602
0,1,2,1,3.333778,41569.473655
0,1,2,1,3.333556,41539.768162
0,1,2,1,3.333333,41466.129350
0,1,2,1,3.333111,41454.537713
0,1,2,1,3.332889,41431.036526
0,1,2,1,3.332667,41382.131926
0,1,2,1,3.332445,41334.472241
0,1,2,1,3.332223,41175.968897
0,1,2,1,3.332001,41150.692425
0,1,2,1,3.331779,41094.807849
0,1,2,1,3.331557,41044.128394
0,1,2,1,3.331335,41004.237300
0,1,2,1,3.331113,40992.469838
0,1,2,1,3.330891,40839.189261
0,1,2,1,3.330669,40831.447545
0,1,2,1,3.330447,40758.068764
0,1,2,1,3.330225,40702.053567
0,1,2,1,3.330003,40597.036791
0,1,2,1,3.329782,40575.716566
0,1,2,1,3.329560,40543.294792
0,1,2,1,3.329338,40508.009562
0,1,2,1,3.329116,40441.543106
0,1,2,1,3.328895,40419.608315
0,1,2,1,3.328673,40417.326348
0,1,2,1,3.328452,40393.203703
0,1,2,1,3.328230,40349.924065
0,1,2,1,3.328009,40257.015329
0,1,2,1,3.327787,40237.023795
0,1,2,1,3.327566,39989.599753
0,1,2,1,3.327344,39981.687261
0,1,2,1,3.327123,39937.669731
0,1,2,1,3.326901,39894.947235
0,1,2,1,3.326680,39860.707708
0,1,2,1,3.326459,39819.712731
0,1,2,1,3.326237,39799.517284
0,1,2,1,3.326016,39716.677825
0,1,2,1,3.325795,39659.449562
0,1,2,1,3.325574,39619.766525
0,1,2,1,3.325352,39575.225079
0,1,2,1,3.325131,39552.400038
0,1,2,1,3.324910,39431.829572
0,1,2,1,3.324689,39294.833980
0,1,2,1,3.324468,39243.277915
0,1,2,1,3.324247,39119.909585
0,1,2,1,3.324026,39090.163109
0,1,2,1,3.323805,39031.161113
0,1,2,1,3.323584,39011.824925
0,1,2,1,3.323363,38976.281915
0,1,2,1,3.323142,38901.070583
0,1,2,1,3.322922,38879.337358
0,1,2,1,3.322701,38873.895575
0,1,2,1,3.322480,38840.174543
0,1,2,1,3.322259,38799.926110
0,1,2,1,3.322038,38796.896749
0,1,2,1,3.321818,38786.649220
0,1,2,1,3.321597,38784.849591
0,1,2,1,3.321376,38761.110002
0,1,2,1,3.321156,38717.459417
0,1,2,1,3.320935,38639.147719
0,1,2,1,3.320715,38606.393965
0,1,2,1,3.320494,38598.271258
0,1,2,1,3.320274,38566.598265
0,1,2,1,3.320053,38377.240437
0,1,2,1,3.319833,38373.266335
0,1,2,1,3.319612,38366.695683
0,1,2,1,3.319392,38280.570491
0,1,2,1,3.319172,38257.440692
0,1,2,1,3.318951,38191.020391
0,1,2,1,3.318731,38052.619158
0,1,2,1,3.318511,38024.373772
0,1,2,1,3.318290,37976.369984
0,1,2,1,3.318070,37959.788741
0,1,2,1,3.317850,37848.313387
0,1,2,1,3.317630,37795.221396
0,1,2,1,3.317410,37766.645995
0,1,2,1,3.317190,37764.462857
0,1,2,1,3.316970,37591.513266
0,1,2,1,3.316750,37565.089291
0,1,2,1,3.316530,37537.514455
0,1,2,1,3.316310,37526.863155
0,1,2,1,3.316090,37415.227295
0,1,2,1,3.315870,37367.995026
0,1,2,1,3.315650,37304.342831
0,1,2,1,3.315430,37287.053077
0,1,2,1,3.315210,37195.904578
0,1,2,1,3.314990,37191.872092
0,1,2,1,3.314771,37181.952528
0,1,2,1,3.314551,37135.961638
0,1,2,1,3.314331,37083.194957
0,1,2,1,3.314111,37083.025962
0,1,2,1,3.313892,36969.320015
0,1,2,1,3.313672,36956.160175
0,1,2,1,3.313453,36913.955220
0,1,2,1,3.313233,36897.519832
0,1,2,1,3.313014,36748.395148
0,1,2,1,3.312794,36746.902990
0,1,2,1,3.312575,36741.277205
0,1,2,1,3.312355,36741.152512
0,1,2,1,3.312136,36575.682982
0,1,2,1,3.311916,36572.641494
0,1,2,1,3.311697,36540.880643
0,1,2,1,3.311478,36464.449454
0,1,2,1,3.311258,36403.129241
0,1,2,1,3.311039,36358.067344
0,1,2,1,3.310820,36203.707928
0,1,2,1,3.310601,36193.624351
0,1,2,1,3.310381,36188.844641
0,1,2,1,3.310162,36122.458771
0,1,2,1,3.309943,36076.300890
0,1,2,1,3.309724,36055.719877
0,1,2,1,3.309505,36048.415673
0,1,2,1,3.309286,35973.495833
0,1,2,1,3.309067,35952.345334
0,1,2,1,3.308848,35932.550377
0,1,2,1,3.308629,35920.907245
0,1,2,1,3.308410,35831.670785
0,1,2,1,3.308191,35691.009236
0,1,2,1,3.307972,35581.145163
0,1,2,1,3.307753,35579.200430
0,1,2,1,3.307535,35511.680827
0,1,2,1,3.307316,35294.502447
0,1,2,1,3.307097,35169.394577
0,1,2,1,3.306878,35155.676661
0,1,2,1,3.306660,35087.080026
0,1,2,1,3.306441,35013.839769
0,1,2,1,3.306222,34956.255704
0,1,2,1,3.306004,34810.313549
0,1,2,1,3.305785,34728.879312
0,1,2,1,3.305567,34698.323327
0,1,2,1,3.305348,34679.323674
0,1,2,1,3.305130,34599.229606
0,1,2,1,3.304911,34558.053158
0,1,2,1,3.304693,34519.043422
0,1,2,1,3.304474,34440.542584
0,1,2,1,3.304256,34403.704363
0,1,2,1,3.304038,34322.641455
0,1,2,1,3.303819,34203.922262
0,1,2,1,3.303601,34134.280348
0,1,2,1,3.303383,33990.243666
0,1,2,1,3.303164,33806.619529
0,1,2,1,3.302946,33796.134179
0,1,2,1,3.302728,33760.818752
0,1,2,1,3.302510,33724.974202
0,1,2,1,3.302292,33709.808004
0,1,2,1,3.302074,33693.512533
0,1,2,1,3.301856,33588.404486
0,1,2,1,3.301638,33416.629217
0,1,2,1,3.301420,33333.991077
0,1,2,1,3.301202,33249.762531
0,1,2,1,3.300984,33228.619926
0,1,2,1,3.300766,33168.003435
0,1,2,1,3.300548,33163.399605
0,1,2,1,3.300330,33122.036972
0,1,2,1,3.300112,33096.355635
0,1,2,1,3.299894,33029.912772
0,1,2,1,3.299677,32953.251751
0,1,2,1,3.299459,32900.953033
0,1,2,1,3.299241,32883.922559
0,1,2,1,3.299023,32863.492353
0,1,2,1,3.298806,32750.773729
0,1,2,1,3.298588,32749.577810
0,1,2,1,3.298371,32727.170167
0,1,2,1,3.298153,32711.909347
0,1,2,1,3.297935,32616.025478
0,1,2,1,3.297718,32380.642297
0,1,2,1,3.297500,32349.130899
0,1,2,1,3.297283,32126.603525
0,1,2,1,3.297066,32077.539173
0,1,2,1,3.296848,32073.093122
0,1,2,1,3.296631,32048.659424
0,1,2,1,3.296414,32017.927930
0,1,2,1,3.296196,31879.760576
0,1,2,1,3.295979,31850.871109
0,1,2,1,3.295762,31847.216310
0,1,2,1,3.295544,31665.986441
0,1,2,1,3.295327,31661.956256
0,1,2,1,3.295110,31620.634086
0,1,2,1,3.294893,31606.048042
0,1,2,1,3.294676,31501.870042
0,1,2,1,3.294459,31413.031402
0,1,2,1,3.294242,31232.038013
0,1,2,1,3.294025,31193.503001
0,1,2,1,3.293808,31178.158022
0,1,2,1,3.293591,31053.887785
0,1,2,1,3.293374,31053.603476
0,1,2,1,3.293157,30951.188350
0,1,2,1,3.292940,30813.325331
0,1,2,1,3.292723,30725.878162
0,1,2,1,3.292506,30684.448690
0,1,2,1,3.292289,30673.362952
0,1,2,1,3.292073,30611.063629
0,1,2,1,3.291856,30561.625461
0,1,2,1,3.291639,30368.558360
0,1,2,1,3.291423,30196.623793
0,1,2,1,3.291206,30194.050766
0,1,2,1,3.290989,30185.442124
0,1,2,1,3.290773,30124.864715
0,1,2,1,3.290556,30100.340315
0,1,2,1,3.290340,30061.483880
0,1,2,1,3.290123,29994.138070
0,1,2,1,3.289907,29980.921592
0,1,2,1,3.289690,29907.429088
0,1,2,1,3.289474,29903.182462
0,1,2,1,3.289257,29894.208074
0,1,2,1,3.289041,29880.772809
0,1,2,1,3.288825,29781.740112
0,1,2,1,3.288608,29748.681001
0,1,2,1,3.288392,29727.512373
0,1,2,1,3.288176,29610.600320
0,1,2,1,3.287959,29580.523499
0,1,2,1,3.287743,29539.616372
0,1,2,1,3.287527,29367.320261
0,1,2,1,3.287311,29346.100935
0,1,2,1,3.287095,29329.245212
0,1,2,1,3.286879,29221.025715
0,1,2,1,3.286663,29212.110877
0,1,2,1,3.286447,29151.297521
0,1,2,1,3.286231,28948.259031
0,1,2,1,3.286015,28892.386024
0,1,2,1,3.285799,28824.224953
0,1,2,1,3.285583,28732.075831
0,1,2,1,3.285367,28706.033296
0,1,2,1,3.285151,28530.067800
0,1,2,1,3.284935,28500.468510
0,1,2,1,3.284719,28482.398322
0,1,2,1,3.284504,28336.837809
0,1,2,1,3.284288,28269.989485
0,1,2,1,3.284072,28188.412441
0,1,2,1,3.283857,28164.043809
0,1,2,1,3.283641,28084.876360
0,1,2,1,3.283425,28033.034053
0,1,2,1,3.283210,28024.169592
0,1,2,1,3.282994,27948.096926
0,1,2,1,3.282779,27893.298849
0,1,2,1,3.282563,27835.946369
0,1,2,1,3.282348,27824.628062
0,1,2,1,3.282132,27804.687909
0,1,2,1,3.281917,27688.427054
0,1,2,1,3.281701,27666.048739
0,1,2,1,3.281486,27559.812252
0,1,2,1,3.281271,27472.509758
0,1,2,1,3.281055,27345.790627
0,1,2,1,3.280840,27285.805063
0,1,2,1,3.280625,26992.781533
0,1,2,1,3.280409,26827.176916
0,1,2,1,3.280194,26760.336257
0,1,2,1,3.279979,26757.239538
0,1,2,1,3.279764,26718.817898
0,1,2,1,3.279549,26713.825549
0,1,2,1,3.279334,26651.854154
0,1,2,1,3.279119,26618.175826
0,1,2,1,3.278904,26400.825792
0,1,2,1,3.278689,26325.035156
0,1,2,1,3.278474,26302.021454
0,1,2,1,3.278259,26271.095417
0,1,2,1,3.278044,26244.893370
0,1,2,1,3.277829,26228.248393
0,1,2,1,3.277614,26199.179386
0,1,2,1,3.277399,26141.848543
0,1,2,1,3.277184,26110.908856
0,1,2,1,3.276969,26018.322476
0,1,2,1,3.276755,26016.987907
0,1,2,1,3.276540,25849.034080
0,1,2,1,3.276325,25768.893339
0,1,2,1,3.276111,25753.649703
0,1,2,1,3.275896,25751.172121
0,1,2,1,3.275681,25695.975884
0,1,2,1,3.275467,25557.701658
0,1,2,1,3.275252,25506.699572
0,1,2,1,3.275038,25500.050325
0,1,2,1,3.274823,25485.085047
0,1,2,1,3.274609,25480.209031
0,1,2,1,3.274394,25433.234449
0,1,2,1,3.274180,25387.464208
0,1,2,1,3.273965,25382.772990
0,1,2,1,3.273751,25365.598572
0,1,2,1,3.273537,25329.514134
0,1,2,1,3.273322,25282.311796
0,1,2,1,3.273108,25253.467350
0,1,2,1,3.272894,25213.687594
0,1,2,1,3.272680,25211.158047
0,1,2,1,3.272465,25149.451065
0,1,2,1,3.272251,25052.496121
0,1,2,1,3.272037,25049.483279
0,1,2,1,3.271823,25046.541187
0,1,2,1,3.271609,25014.505923
0,1,2,1,3.271395,24978.996547
0,1,2,1,3.271181,24937.842688
0,1,2,1,3.270967,24919.857375
0,1,2,1,3.270753,24897.671024
0,1,2,1,3.270539,24878.378897
0,1,2,1,3.270325,24833.714400
0,1,2,1,3.270111,24801.406664
0,1,2,1,3.269897,24800.294557
0,1,2,1,3.269683,24750.443666
0,1,2,1,3.269470,24736.120633
0,1,2,1,3.269256,24694.107794
0,1,2,1,3.269042,24620.073255
0,1,2,1,3.268828,24599.669967
0,1,2,1,3.268615,24595.090545
0,1,2,1,3.268401,24547.951441
0,1,2,1,3.268187,24464.145125
0,1,2,1,3.267974,24459.780479
0,1,2,1,3.267760,24435.440923
0,1,2,1,3.267547,24361.529489
0,1,2,1,3.267333,24312.971806
0,1,2,1,3.267120,24265.900759
0,1,2,1,3.266906,24250.803723
0,1,2,1,3.266693,24105.798965
0,1,2,1,3.266479,24009.087448
0,1,2,1,3.266266,23998.791651
0,1,2,1,3.266053,23933.496448
0,1,2,1,3.265839,23900.167397
0,1,2,1,3.265626,23822.647135
0,1,2,1,3.265413,23780.102726
0,1,2,1,3.265200,23705.922983
0,1,2,1,3.264986,23705.876958
0,1,2,1,3.264773,23667.732305
0,1,2,1,3.264560,23640.938530
0,1,2,1,3.264347,23629.692978
0,1,2,1,3.264134,23629.360987
0,1,2,1,3.263921,23615.333648
0,1,2,1,3.263708,23614.356531
0,1,2,1,3.263495,23514.058723
0,1,2,1,3.263282,23442.691152
0,1,2,1,3.263069,23324.294296
0,1,2,1,3.262856,23320.335682
0,1,2,1,3.262643,23181.415481
0,1,2,1,3.262430,23112.076707
0,1,2,1,3.262217,23077.356497
0,1,2,1,3.262004,22992.419654
0,1,2,1,3.261791,22990.907213
0,1,2,1,3.261579,22965.233491
0,1,2,1,3.261366,22913.606397
0,1,2,1,3.261153,22879.157534
0,1,2,1,3.260940,22854.449031
0,1,2,1,3.260728,22793.561765
0,1,2,1,3.260515,22762.985074
0,1,2,1,3.260303,22695.811530
0,1,2,1,3.260090,22688.365016
0,1,2,1,3.259877,22664.518468
0,1,2,1,3.259665,22541.279717
0,1,2,1,3.259452,22499.000093
0,1,2,1,3.259240,22460.656004
0,1,2,1,3.259028,22448.023249
0,1,2,1,3.258815,22407.795277
0,1,2,1,3.258603,22322.902542
0,1,2,1,3.258390,22320.597119
0,1,2,1,3.258178,22220.723369
0,1,2,1,3.257966,22215.461484
0,1,2,1,3.257753,22196.868384
0,1,2,1,3.257541,22115.965841
0,1,2,1,3.257329,22027.705447
0,1,2,1,3.257117,21916.885106
0,1,2,1,3.256905,21862.065225
0,1,2,1,3.256693,21681.576953
0,1,2,1,3.256480,21679.494699
0,1,2,1,3.256268,21662.198796
0,1,2,1,3.256056,21650.741785
0,1,2,1,3.255844,21541.923004
0,1,2,1,3.255632,21532.527785
0,1,2,1,3.255420,21340.890638
0,1,2,1,3.255208,21310.688128
0,1,2,1,3.254996,21163.128348
0,1,2,1,3.254785,20976.928103
0,1,2,1,3.254573,20899.984884
0,1,2,1,3.254361,20870.830576
0,1,2,1,3.254149,20809.095422
0,1,2,1,3.253937,20742.337289
0,1,2,1,3.253726,20738.648103
0,1,2,1,3.253514,20690.027406
0,1,2,1,3.253302,20684.952234
0,1,2,1,3.253090,20666.069259
0,1,2,1,3.252879,20397.662145
0,1,2,1,3.252667,20347.078801
0,1,2,1,3.252456,20328.515173
0,1,2,1,3.252244,20186.590958
0,1,2,1,3.252033,20096.339739
0,1,2,1,3.251821,20078.324505
0,1,2,1,3.251610,20049.850815
0,1,2,1,3.251398,20031.695272
0,1,2,1,3.251187,20026.137829
0,1,2,1,3.250975,19973.312827
0,1,2,1,3.250764,19965.437703
0,1,2,1,3.250553,19914.211862
0,1,2,1,3.250341,19907.443973
0,1,2,1,3.250130,19803.448122
0,1,2,1,3.249919,19749.381633
0,1,2,1,3.249708,19633.978726
0,1,2,1,3.249496,19623.574066
0,1,2,1,3.249285,19570.345881
0,1,2,1,3.249074,19467.160642
0,1,2,1,3.248863,19457.316734
0,1,2,1,3.248652,19413.611486
0,1,2,1,3.248441,19406.386611
0,1,2,1,3.248230,19383.242474
0,1,2,1,3.248019,19381.556433
0,1,2,1,3.247808,19364.387392
0,1,2,1,3.247597,19239.034129
0,1,2,1,3.247386,19171.027094
0,1,2,1,3.247175,19067.297302
0,1,2,1,3.246964,18983.735036
0,1,2,1,3.246753,18974.668445
0,1,2,1,3.246542,18939.251418
0,1,2,1,3.246332,18855.821093
0,1,2,1,3.246121,18852.554731
0,1,2,1,3.245910,18788.148428
0,1,2,1,3.245699,18787.100820
0,1,2,1,3.245489,18733.497775
0,1,2,1,3.245278,18642.065382
0,1,2,1,3.245067,18495.519548
0,1,2,1,3.244857,18489.056201
0,1,2,1,3.244646,18356.978134
0,1,2,1,3.244436,18144.460583
0,1,2,1,3.244225,18121.932153
0,1,2,1,3.244015,18113.733603
0,1,2,1,3.243804,18093.906994
0,1,2,1,3.243594,18013.547169
0,1,2,1,3.243383,18003.859708
0,1,2,1,3.243173,17990.517004
0,1,2,1,3.242963,17970.033396
0,1,2,1,3.242752,17933.869259
0,1,2,1,3.242542,17896.061252
0,1,2,1,3.242332,17759.585351
0,1,2,1,3.242122,17756.045060
0,1,2,1,3.241911,17706.762159
0,1,2,1,3.241701,17678.432433
0,1,2,1,3.241491,17627.872546
0,1,2,1,3.241281,17611.098411
0,1,2,1,3.241071,17534.486341
0,1,2,1,3.240861,17458.988950
0,1,2,1,3.240651,17402.327003
0,1,2,1,3.240441,17345.908590
0,1,2,1,3.240231,17334.158036
0,1,2,1,3.240021,17306.045106
0,1,2,1,3.239811,17305.533388
0,1,2,1,3.239601,17286.701555
0,1,2,1,3.239391,17266.607257
0,1,2,1,3.239181,17259.639728
0,1,2,1,3.238971,17204.304414
0,1,2,1,3.238761,17186.546080
0,1,2,1,3.238552,17181.256862
0,1,2,1,3.238342,17097.757420
0,1,2,1,3.238132,17080.482855
0,1,2,1,3.237923,17037.316707
0,1,2,1,3.237713,16997.194026
0,1,2,1,3.237503,16954.088289
0,1,2,1,3.237294,16928.039007
0,1,2,1,3.237084,16670.877953
0,1,2,1,3.236874,16578.446192
0,1,2,1,3.236665,16540.722264
0,1,2,1,3.236455,16396.541852
0,1,2,1,3.236246,16370.502861
0,1,2,1,3.236037,16369.494730
0,1,2,1,3.235827,16359.450660
0,1,2,1,3.235618,16343.824502
0,1,2,1,3.235408,16281.293963
0,1,2,1,3.235199,16270.320288
0,1,2,1,3.234990,16235.416017
0,1,2,1,3.234780,16206.943962
0,1,2,1,3.234571,16176.035839
0,1,2,1,3.234362,16052.340183
0,1,2,1,3.234153,16023.185365
0,1,2,1,3.233943,15990.177445
0,1,2,1,3.233734,15932.304830
0,1,2,1,3.233525,15925.735563
0,1,2,1,3.233316,15912.221618
0,1,2,1,3.233107,15875.007351
0,1,2,1,3.232898,15752.116426
0,1,2,1,3.232689,15734.891153
0,1,2,1,3.232480,15695.934355
0,1,2,1,3.232271,15664.513694
0,1,2,1,3.232062,15571.460474
0,1,2,1,3.231853,15530.557132
0,1,2,1,3.231644,15428.625479
0,1,2,1,3.231435,15389.661552
0,1,2,1,3.231227,15228.571467
0,1,2,1,3.231018,14803.755546
0,1,2,1,3.230809,14790.606632
0,1,2,1,3.230600,14709.211441
0,1,2,1,3.230392,14675.015971
0,1,2,1,3.230183,14667.100081
0,1,2,1,3.229974,14629.498686
0,1,2,1,3.229766,14566.393159
0,1,2,1,3.229557,14514.246200
0,1,2,1,3.229348,14514.031342
0,1,2,1,3.229140,14416.802561
0,1,2,1,3.228931,14374.209458
0,1,2,1,3.228723,14257.582069
0,1,2,1,3.228514,14195.691823
0,1,2,1,3.228306,14100.616096
0,1,2,1,3.228097,13910.602563
0,1,2,1,3.227889,13901.296973
0,1,2,1,3.227681,13795.257087
0,1,2,1,3.227472,13706.647797
0,1,2,1,3.227264,13684.831467
0,1,2,1,3.227056,13665.638928
0,1,2,1,3.226847,13620.017358
0,1,2,1,3.226639,13587.016919
0,1,2,1,3.226431,13573.872146
0,1,2,1,3.226223,13573.448672
0,1,2,1,3.226015,13544.074999
0,1,2,1,3.225806,13482.730799
0,1,2,1,3.225598,13468.428917
0,1,2,1,3.225390,13398.413876
0,1,2,1,3.225182,13373.028316
0,1,2,1,3.224974,13285.339389
0,1,2,1,3.224766,13236.140820
0,1,2,1,3.224558,13222.545126
0,1,2,1,3.224350,13136.213197
0,1,2,1,3.224142,13112.253756
0,1,2,1,3.223934,13056.389274
0,1,2,1,3.223727,13053.273246
0,1,2,1,3.223519,13022.930142
0,1,2,1,3.223311,12918.142284
0,1,2,1,3.223103,12895.304001
0,1,2,1,3.222895,12867.635066
0,1,2,1,3.222688,12795.080465
0,1,2,1,3.222480,12736.211068
0,1,2,1,3.222272,12715.939302
0,1,2,1,3.222065,12620.424209
0,1,2,1,3.221857,12579.743698
0,1,2,1,3.221649,12573.157932
0,1,2,1,3.221442,12532.324161
0,1,2,1,3.221234,12313.430700
0,1,2,1,3.221027,12284.106475
0,1,2,1,3.220819,12199.132788
0,1,2,1,3.220612,12100.951008
0,1,2,1,3.220404,12037.907977
0,1,2,1,3.220197,12033.717660
0,1,2,1,3.219990,11780.612281
0,1,2,1,3.219782,11773.224072
0,1,2,1,3.219575,11748.589299
0,1,2,1,3.219368,11691.130424
0,1,2,1,3.219160,11649.423738
0,1,2,1,3.218953,11641.737859
0,1,2,1,3.218746,11609.990479
0,1,2,1,3.218539,11606.616664
0,1,2,1,3.218332,11446.716943
0,1,2,1,3.218124,11381.650946
0,1,2,1,3.217917,11358.920981
0,1,2,1,3.217710,11330.810855
0,1,2,1,3.217503,11311.957770
0,1,2,1,3.217296,11299.709013
0,1,2,1,3.217089,11235.701536
0,1,2,1,3.216882,11171.352162
0,1,2,1,3.216675,11165.514712
0,1,2,1,3.216468,11155.014129
0,1,2,1,3.216261,11152.161918
0,1,2,1,3.216055,10963.004623
0,1,2,1,3.215848,10879.077418
0,1,2,1,3.215641,10862.305628
0,1,2,1,3.215434,10805.633346
0,1,2,1,3.215227,10803.129427
0,1,2,1,3.215021,10699.568076
0,1,2,1,3.214814,10680.063958
0,1,2,1,3.214607,10674.558474
0,1,2,1,3.214401,10638.055331
0,1,2,1,3.214194,10551.767118
0,1,2,1,3.213987,10407.438061
0,1,2,1,3.213781,10357.131767
0,1,2,1,3.213574,10118.912720
0,1,2,1,3.213368,10084.680650
0,1,2,1,3.213161,10044.881770
0,1,2,1,3.212955,10042.786959
0,1,2,1,3.212748,9949.075336
0,1,2,1,3.212542,9850.011898
0,1,2,1,3.212335,9841.892023
0,1,2,1,3.212129,9796.099548
0,1,2,1,3.211923,9794.723647
0,1,2,1,3.211716,9769.038717
0,1,2,1,3.211510,9738.780291
0,1,2,1,3.211304,9688.131636
0,1,2,1,3.211098,9665.630497
0,1,2,1,3.210891,9626.017546
0,1,2,1,3.210685,9555.166188
0,1,2,1,3.210479,9428.704992
0,1,2,1,3.210273,9412.523656
0,1,2,1,3.210067,9375.746827
0,1,2,1,3.209861,9364.294356
0,1,2,1,3.209655,9261.295124
0,1,2,1,3.209449,9208.940042
0,1,2,1,3.209243,9184.381089
0,1,2,1,3.209037,9159.839670
0,1,2,1,3.208831,9035.081300
0,1,2,1,3.208625,9006.241429
0,1,2,1,3.208419,8987.022198
0,1,2,1,3.208213,8975.475168
0,1,2,1,3.208007,8928.984941
0,1,2,1,3.207801,8862.867755
0,1,2,1,3.207596,8822.692524
0,1,2,1,3.207390,8817.822113
0,1,2,1,3.207184,8529.450069
0,1,2,1,3.206978,8441.286968
0,1,2,1,3.206773,8390.293852
0,1,2,1,3.206567,8306.864767
0,1,2,1,3.206361,8302.173792
0,1,2,1,3.206156,8299.462734
0,1,2,1,3.205950,8258.071468
0,1,2,1,3.205745,8237.902680
0,1,2,1,3.205539,8127.443554
0,1,2,1,3.205334,8124.814699
0,1,2,1,3.205128,8030.673153
0,1,2,1,3.204923,8014.170026
0,1,2,1,3.204717,8006.216559
0,1,2,1,3.204512,7994.674492
0,1,2,1,3.204307,7967.557068
0,1,2,1,3.204101,7928.212489
0,1,2,1,3.203896,7870.532900
0,1,2,1,3.203691,7823.622237
0,1,2,1,3.203485,7749.403658
0,1,2,1,3.203280,7682.714657
0,1,2,1,3.203075,7671.381818
0,1,2,1,3.202870,7633.983752
0,1,2,1,3.202665,7604.173942
0,1,2,1,3.202459,7500.549719
0,1,2,1,3.202254,7450.769340
0,1,2,1,3.202049,7382.095521
0,1,2,1,3.201844,7329.655752
0,1,2,1,3.201639,7292.268124
0,1,2,1,3.201434,7267.960724
0,1,2,1,3.201229,7257.977172
0,1,2,1,3.201024,7249.742210
0,1,2,1,3.200819,7213.108669
0,1,2,1,3.200615,7211.670993
0,1,2,1,3.200410,7131.414622
0,1,2,1,3.200205,7094.821964
0,1,2,1,3.200000,6818.077738
0,1,2,1,3.199795,6774.080617
0,1,2,1,3.199590,6764.632458
0,1,2,1,3.199386,6697.169486
0,1,2,1,3.199181,6693.535517
0,1,2,1,3.198976,6657.652713
0,1,2,1,3.198772,6571.142233
0,1,2,1,3.198567,6561.565508
0,1,2,1,3.198362,6522.731345
0,1,2,1,3.198158,6496.749362
0,1,2,1,3.197953,6446.092216
0,1,2,1,3.197749,6396.010957
0,1,2,1,3.197544,6390.768107
0,1,2,1,3.197340,6389.525595
0,1,2,1,3.197135,6287.355658
0,1,2,1,3.196931,6157.951461
0,1,2,1,3.196727,6137.236519
0,1,2,1,3.196522,6103.382639
0,1,2,1,3.196318,6028.831723
0,1,2,1,3.196114,6026.604944
0,1,2,1,3.195909,6023.848429
0,1,2,1,3.195705,6021.196385
0,1,2,1,3.195501,6010.933290
0,1,2,1,3.195297,5989.860360
0,1,2,1,3.195092,5967.318198
0,1,2,1,3.194888,5963.176184
0,1,2,1,3.194684,5940.345298
0,1,2,1,3.194480,5935.840764
0,1,2,1,3.194276,5734.572063
0,1,2,1,3.194072,5618.090867
0,1,2,1,3.193868,5570.710278
0,1,2,1,3.193664,5565.794376
0,1,2,1,3.193460,5478.014956
0,1,2,1,3.193256,5471.569160
0,1,2,1,3.193052,5428.144295
0,1,2,1,3.192848,5407.053395
0,1,2,1,3.192644,5389.167948
0,1,2,1,3.192440,5337.286698
0,1,2,1,3.192236,5305.398567
0,1,2,1,3.192033,5278.522472
0,1,2,1,3.191829,5206.727919
0,1,2,1,3.191625,5099.959228
0,1,2,1,3.191421,5085.986803
0,1,2,1,3.191218,4986.517179
0,1,2,1,3.191014,4980.344999
0,1,2,1,3.190810,4898.976069
0,1,2,1,3.190607,4878.633097
0,1,2,1,3.190403,4728.859744
0,1,2,1,3.190200,4523.160570
0,1,2,1,3.189996,4430.831079
0,1,2,1,3.189793,4427.057599
0,1,2,1,3.189589,4422.593220
0,1,2,1,3.189386,4414.381559
0,1,2,1,3.189182,4333.080883
0,1,2,1,3.188979,4300.029905
0,1,2,1,3.188776,4286.013711
0,1,2,1,3.188572,4260.836227
0,1,2,1,3.188369,4217.664942
0,1,2,1,3.188166,4167.055916
0,1,2,1,3.187962,4151.682292
0,1,2,1,3.187759,4143.350943
0,1,2,1,3.187556,4062.967889
0,1,2,1,3.187353,4008.487639
0,1,2,1,3.187149,3877.910437
0,1,2,1,3.186946,3843.261622
0,1,2,1,3.186743,3772.776400
0,1,2,1,3.186540,3658.454228
0,1,2,1,3.186337,3622.978025
0,1,2,1,3.186134,3567.822271
0,1,2,1,3.185931,3566.434885
0,1,2,1,3.185728,3554.491906
0,1,2,1,3.185525,3494.238239
0,1,2,1,3.185322,3461.299200
0,1,2,1,3.185119,3455.819314
0,1,2,1,3.184916,3446.695614
0,1,2,1,3.184713,3442.787814
0,1,2,1,3.184511,3399.740275
0,1,2,1,3.184308,3361.249967
0,1,2,1,3.184105,3335.075549
0,1,2,1,3.183902,3263.847760
0,1,2,1,3.183699,3198.950909
0,1,2,1,3.183497,3179.629874
0,1,2,1,3.183294,3156.525769
0,1,2,1,3.183091,3148.196157
0,1,2,1,3.182889,3073.487850
0,1,2,1,3.182686,3033.018762
0,1,2,1,3.182484,2932.966636
0,1,2,1,3.182281,2929.870624
0,1,2,1,3.182079,2906.704663
0,1,2,1,3.181876,2872.748810
0,1,2,1,3.181674,2827.795884
0,1,2,1,3.181471,2714.740570
0,1,2,1,3.181269,2614.280743
0,1,2,1,3.181066,2500.454703
0,1,2,1,3.180864,2477.641553
0,1,2,1,3.180662,2473.353816
0,1,2,1,3.180459,2378.220755
0,1,2,1,3.180257,2375.157215
0,1,2,1,3.180055,2373.414665
0,1,2,1,3.179852,2349.859190
0,1,2,1,3.179650,2310.679633
0,1,2,1,3.179448,2286.418529
0,1,2,1,3.179246,2270.163801
0,1,2,1,3.179044,2199.923218
0,1,2,1,3.178842,2174.639886
0,1,2,1,3.178640,2119.348249
0,1,2,1,3.178437,2061.429790
0,1,2,1,3.178235,2049.725995
0,1,2,1,3.178033,2024.671322
0,1,2,1,3.177831,1916.971758
0,1,2,1,3.177629,1824.955487
0,1,2,1,3.177428,1810.093517
0,1,2,1,3.177226,1763.674750
0,1,2,1,3.177024,1758.017628
0,1,2,1,3.176822,1733.609409
0,1,2,1,3.176620,1698.613674
0,1,2,1,3.176418,1638.366658
0,1,2,1,3.176216,1635.851925
0,1,2,1,3.176015,1629.404623
0,1,2,1,3.175813,1581.596050
0,1,2,1,3.175611,1573.238593
0,1,2,1,3.175410,1572.474144
0,1,2,1,3.175208,1440.557869
0,1,2,1,3.175006,1434.762879
0,1,2,1,3.174805,1430.044759
0,1,2,1,3.174603,1403.676966
0,1,2,1,3.174402,1379.134657
0,1,2,1,3.174200,1349.341843
0,1,2,1,3.173999,1343.618640
0,1,2,1,3.173797,1273.420113
0,1,2,1,3.173596,1228.537478
0,1,2,1,3.173394,1169.164600
0,1,2,1,3.173193,1154.540045
0,1,2,1,3.172991,1128.690791
0,1,2,1,3.172790,1097.818067
0,1,2,1,3.172589,1076.739957
0,1,2,1,3.172388,1073.533240
0,1,2,1,3.172186,1060.201031
0,1,2,1,3.171985,953.068138
0,1,2,1,3.171784,945.799098
0,1,2,1,3.171583,886.257521
0,1,2,1,3.171381,859.788019
0,1,2,1,3.171180,851.953830
0,1,2,1,3.170979,846.660484
0,1,2,1,3.170778,800.506814
0,1,2,1,3.170577,741.784869
0,1,2,1,3.170376,722.770957
0,1,2,1,3.170175,686.785789
0,1,2,1,3.169974,671.006232
0,1,2,1,3.169773,653.323939
0,1,2,1,3.169572,610.608601
0,1,2,1,3.169371,564.895591
0,1,2,1,3.169170,525.160500
0,1,2,1,3.168969,521.741985
0,1,2,1,3.168769,506.922130
0,1,2,1,3.168568,471.738780
0,1,2,1,3.168367,383.014349
0,1,2,1,3.168166,359.803449
0,1,2,1,3.167966,358.088083
0,1,2,1,3.167765,303.998419
0,1,2,1,3.167564,294.380071
0,1,2,1,3.167363,293.594990
0,1,2,1,3.167163,276.326550
0,1,2,1,3.166962,240.572654
0,1,2,1,3.166762,219.605166
0,1,2,1,3.166561,215.143222
0,1,2,1,3.166361,146.364699
0,1,2,1,3.166160,114.722520
0,1,2,1,3.165960,58.920924
0,1,2,1,3.165759,58.448045
0,1,2,1,3.165559,50.744546
0,1,2,1,3.165358,35.415412
0,1,2,1,3.165158,24.686591
0,1,2,1,3.164958,6.680959
0,1,2,1,3.164757,0.855255
0,1,2,1,3.164557,0.721687
0,1,2,3,50000.000000,6786914.040400
0,1,2,3,25000.000000,6769268.375813
0,1,2,3,16666.666667,6767544.311850
0,1,2,3,12500.000000,6745201.026647
0,1,2,3,10000.000000,6713503.496966
0,1,2,3,8333.333333,6695259.674474
0,1,2,3,7142.857143,6693594.753901
0,1,2,3,6250.000000,6664647.867830
0,1,2,3,5555.555556,6654179.721282
0,1,2,3,5000.000000,6638218.682395
0,1,2,3,4545.454545,6613895.889437
0,1,2,3,4166.666667,6603693.278709
0,1,2,3,3846.153846,6590243.815135
0,1,2,3,3571.428571,6579790.046284
0,1,2,3,3333.333333,6543662.898346
0,1,2,3,3125.000000,6513308.467269
0,1,2,3,2941.176471,6512823.017122
0,1,2,3,2777.777778,6504593.491405
0,1,2,3,2631.578947,6451868.920076
0,1,2,3,2500.000000,6426135.588758
0,1,2,3,2380.952381,6383786.011602
0,1,2,3,2272.727273,6383697.145363
0,1,2,3,2173.913043,6336284.196398
0,1,2,3,2083.333333,6322693.322931
0,1,2,3,2000.000000,6315984.210376
0,1,2,3,1923.076923,6301988.162728
0,1,2,3,1851.851852,6295291.681911
0,1,2,3,1785.714286,6294106.133415
0,1,2,3,1724.137931,6284000.755045
0,1,2,3,1666.666667,6251981.341624
0,1,2,3,1612.903226,6247193.035759
0,1,2,3,1562.500000,6221242.494941
0,1,2,3,1515.151515,6177438.679902
0,1,2,3,1470.588235,6138133.909641
0,1,2,3,1428.571429,6115377.205428
0,1,2,3,1388.888889,6056216.044695
0,1,2,3,1351.351351,6049720.475233
0,1,2,3,1315.789474,6024811.602271
0,1,2,3,1282.051282,6008724.830336
0,1,2,3,1250.000000,5990937.273988
0,1,2,3,1219.512195,5987179.760042
0,1,2,3,1190.476190,5981360.287681
0,1,2,3,1162.790698,5943350.770073
0,1,2,3,1136.363636,5918633.541111
0,1,2,3,1111.111111,5849781.295151
0,1,2,3,1086.956522,5763091.656180
0,1,2,3,1063.829787,5758694.826854
0,1,2,3,1041.666667,5748686.271144
0,1,2,3,1020.408163,5666121.999214
0,1,2,3,1000.000000,5568102.781120
0,1,2,3,980.392157,5541505.294118
0,1,2,3,961.538462,5483250.282879
0,1,2,3,943.396226,5431238.299671
0,1,2,3,925.925926,5341040.246799
0,1,2,3,909.090909,5313351.023442
0,1,2,3,892.857143,5306020.033839
0,1,2,3,877.192982,5249993.702922
0,1,2,3,862.068966,5198272.627393
0,1,2,3,847.457627,5156220.818464
0,1,2,3,833.333333,5150052.170849
0,1,2,3,819.672131,5137358.271580
0,1,2,3,806.451613,5117121.680762
0,1,2,3,793.650794,5113073.139240
0,1,2,3,781.250000,5112538.638576
0,1,2,3,769.230769,5045656.693573
0,1,2,3,757.575758,5039491.754845
0,1,2,3,746.268657,5027589.925691
0,1,2,3,735.294118,4978115.076477
0,1,2,3,724.637681,4955876.403198
0,1,2,3,714.285714,4936937.731583
0,1,2,3,704.225352,4894159.535997
0,1,2,3,694.444444,4880385.761623
0,1,2,3,684.931507,4843749.488389
0,1,2,3,675.675676,4827422.492175
0,1,2,3,666.666667,4825102.417047
0,1,2,3,657.894737,4798257.912684
0,1,2,3,649.350649,4760628.281185
0,1,2,3,641.025641,4754748.769814
0,1,2,3,632.911392,4738099.368752
0,1,2,3,625.000000,4737020.802185
0,1,2,3,617.283951,4727099.434869
0,1,2,3,609.756098,4714672.619307
0,1,2,3,602.409639,4683184.474916
0,1,2,3,595.238095,4671002.716383
0,1,2,3,588.235294,4606237.992079
0,1,2,3,581.395349,4586107.215820
0,1,2,3,574.712644,4530821.537761
0,1,2,3,568.181818,4499117.442761
0,1,2,3,561.797753,4462310.216018
0,1,2,3,555.555556,4451751.856375
0,1,2,3,549.450549,4444807.683406
0,1,2,3,543.478261,4433209.456847
0,1,2,3,537.634409,4420262.938632
0,1,2,3,531.914894,4403416.236695
0,1,2,3,526.315789,4396125.470933
0,1,2,3,520.833333,4389862.939865
0,1,2,3,515.463918,4385709.677366
0,1,2,3,510.204082,4374269.846371
0,1,2,3,505.050505,4312293.670357
0,1,2,3,500.000000,4294684.953210
0,1,2,3,495.049505,4257679.162593
0,1,2,3,490.196078,4243073.499827
0,1,2,3,485.436893,4194875.463418
0,1,2,3,480.769231,4159870.485670
0,1,2,3,476.190476,4142684.916885
0,1,2,3,471.698113,4136542.768600
0,1,2,3,467.289720,4129481.092747
0,1,2,3,462.962963,4124059.834059
0,1,2,3,458.715596,4121987.393592
0,1,2,3,454.545455,4118911.366583
0,1,2,3,450.450450,4111484.963204
0,1,2,3,446.428571,4091872.478061
0,1,2,3,442.477876,4073347.480223
0,1,2,3,438.596491,4055118.198538
0,1,2,3,434.782609,4043541.263860
0,1,2,3,431.034483,4034696.668170
0,1,2,3,427.350427,4023426.237716
0,1,2,3,423.728814,4010992.128608
0,1,2,3,420.168067,4004965.630590
0,1,2,3,416.666667,3999112.909256
0,1,2,3,413.223140,3995716.135521
0,1,2,3,409.836066,3992266.460316
0,1,2,3,406.504065,3985749.150448
0,1,2,3,403.225806,3985624.831589
0,1,2,3,400.000000,3985288.694368
0,1,2,3,396.825397,3974852.494987
0,1,2,3,393.700787,3965999.729118
0,1,2,3,390.625000,3941296.975593
0,1,2,3,387.596899,3931238.278654
0,1,2,3,384.615385,3928404.549234
0,1,2,3,381.679389,3927889.436714
0,1,2,3,378.787879,3925836.476020
0,1,2,3,375.939850,3925218.001433
0,1,2,3,373.134328,3921424.341318
0,1,2,3,370.370370,3909095.968448
0,1,2,3,367.647059,3887805.306187
0,1,2,3,364.963504,3878519.437061
0,1,2,3,362.318841,3876024.546217
0,1,2,3,359.712230,3872785.988071
0,1,2,3,357.142857,3862901.421023
0,1,2,3,354.609929,3849230.159250
0,1,2,3,352.112676,3841499.743018
0,1,2,3,349.650350,3838538.554898
0,1,2,3,347.222222,3832224.447810
0,1,2,3,344.827586,3830692.458587
0,1,2,3,342.465753,3826527.248265
0,1,2,3,340.136054,3824472.962286
0,1,2,3,337.837838,3809751.983206
0,1,2,3,335.570470,3806858.963203
0,1,2,3,333.333333,3802014.532605
0,1,2,3,331.125828,3794343.526125
0,1,2,3,328.947368,3786046.303965
0,1,2,3,326.797386,3781157.734544
0,1,2,3,324.675325,3767813.437207
0,1,2,3,322.580645,3762577.879902
0,1,2,3,320.512821,3760289.354153
0,1,2,3,318.471338,3743534.994614
0,1,2,3,316.455696,3739182.842869
0,1,2,3,314.465409,3737287.180624
0,1,2,3,312.500000,3733263.461379
0,1,2,3,310.559006,3717493.159781
0,1,2,3,308.641975,3704223.534840
0,1,2,3,306.748466,3704023.929633
0,1,2,3,304.878049,3696583.322713
0,1,2,3,303.030303,3692271.579412
0,1,2,3,301.204819,3691525.675076
0,1,2,3,299.401198,3678535.665836
0,1,2,3,297.619048,3669944.741886
0,1,2,3,295.857988,3664226.563303
0,1,2,3,294.117647,3663469.066628
0,1,2,3,292.397661,3660757.989289
0,1,2,3,290.697674,3648171.730409
0,1,2,3,289.017341,3642703.006269
0,1,2,3,287.356322,3640233.681553
0,1,2,3,285.714286,3639580.016293
0,1,2,3,284.090909,3629288.295950
0,1,2,3,282.485876,3626746.791165
0,1,2,3,280.898876,3626363.456346
0,1,2,3,279.329609,3619475.591806
0,1,2,3,277.777778,3613544.882267
0,1,2,3,276.243094,3607450.363495
0,1,2,3,274.725275,3596163.085201
0,1,2,3,273.224044,3588104.967765
0,1,2,3,271.739130,3585979.090718
0,1,2,3,270.270270,3577043.899924
0,1,2,3,268.817204,3573589.882134
0,1,2,3,267.379679,3572928.014762
0,1,2,3,265.957447,3568984.406913
0,1,2,3,264.550265,3564903.078313
0,1,2,3,263.157895,3557850.018392
0,1,2,3,261.780105,3556036.828400
0,1,2,3,260.416667,3553700.440312
0,1,2,3,259.067358,3546921.292538
0,1,2,3,257.731959,3546704.693393
0,1,2,3,256.410256,3536663.800910
0,1,2,3,255.102041,3535076.625067
0,1,2,3,253.807107,3532536.496825
0,1,2,3,252.525253,3522107.580683
0,1,2,3,251.256281,3517492.922940
0,1,2,3,250.000000,3515429.037763
0,1,2,3,248.756219,3513681.845245
0,1,2,3,247.524752,3509717.903870
0,1,2,3,246.305419,3505135.438794
0,1,2,3,245.098039,3501474.099347
0,1,2,3,243.902439,3500811.615587
0,1,2,3,242.718447,3499732.218564
0,1,2,3,241.545894,3483388.822721
0,1,2,3,240.384615,3479704.597196
0,1,2,3,239.234450,3474066.216255
0,1,2,3,238.095238,3472885.417928
0,1,2,3,236.966825,3461297.010738
0,1,2,3,235.849057,3453361.388808
0,1,2,3,234.741784,3447978.614327
0,1,2,3,233.644860,3442278.183329
0,1,2,3,232.558140,3441410.361095
0,1,2,3,231.481481,3441066.659264
0,1,2,3,230.414747,3440558.649209
0,1,2,3,229.357798,3438030.390785
0,1,2,3,228.310502,3428281.319533
0,1,2,3,227.272727,3414473.382580
0,1,2,3,226.244344,3407575.136240
0,1,2,3,225.225225,3400979.918710
0,1,2,3,224.215247,3400000.000000
0,1,2,3,223.214286,3400000.000000
0,1,2,3,222.222222,3400000.000000
0,1,2,3,221.238938,3400000.000000
0,1,2,3,220.264317,3400000.000000
0,1,2,3,219.298246,3400000.000000
0,1,2,3,218.340611,3400000.000000
0,1,2,3,217.391304,3400000.000000
0,1,2,3,216.450216,3400000.000000
0,1,2,3,215.517241,3400000.000000
0,1,2,3,214.592275,3400000.000000
0,1,2,3,213.675214,3400000.000000
0,1,2,3,212.765957,3400000.000000
0,1,2,3,211.864407,3400000.000000
0,1,2,3,210.970464,3400000.000000
0,1,2,3,210.084034,3400000.000000
0,1,2,3,209.205021,3400000.000000
0,1,2,3,208.333333,3400000.000000
0,1,2,3,207.468880,3400000.000000
0,1,2,3,206.611570,3400000.000000
0,1,2,3,205.761317,3400000.000000
0,1,2,3,204.918033,3400000.000000
0,1,2,3,204.081633,3400000.000000
0,1,2,3,203.252033,3400000.000000
0,1,2,3,202.429150,3400000.000000
0,1,2,3,201.612903,3400000.000000
0,1,2,3,200.803213,3400000.000000
0,1,2,3,200.000000,3400000.000000
0,1,2,3,199.203187,3400000.000000
0,1,2,3,198.412698,3400000.000000
0,1,2,3,197.628458,3400000.000000
0,1,2,3,196.850394,3400000.000000
0,1,2,3,196.078431,3400000.000000
0,1,2,3,195.312500,3400000.000000
0,1,2,3,194.552529,3400000.000000
0,1,2,3,193.798450,3400000.000000
0,1,2,3,193.050193,3400000.000000
0,1,2,3,192.307692,3400000.000000
0,1,2,3,191.570881,3400000.000000
0,1,2,3,190.839695,3400000.000000
0,1,2,3,190.114068,3400000.000000
0,1,2,3,189.393939,3400000.000000
0,1,2,3,188.679245,3400000.000000
0,1,2,3,187.969925,3400000.000000
0,1,2,3,187.265918,3400000.000000
0,1,2,3,186.567164,3400000.000000
0,1,2,3,185.873606,3400000.000000
0,1,2,3,185.185185,3400000.000000
0,1,2,3,184.501845,3400000.000000
0,1,2,3,183.823529,3400000.000000
0,1,2,3,183.150183,3400000.000000
0,1,2,3,182.481752,3400000.000000
0,1,2,3,181.818182,3400000.000000
0,1,2,3,181.159420,3400000.000000
0,1,2,3,180.505415,3400000.000000
0,1,2,3,179.856115,3400000.000000
0,1,2,3,179.211470,3400000.000000
0,1,2,3,178.571429,3400000.000000
0,1,2,3,177.935943,3400000.000000
0,1,2,3,177.304965,3400000.000000
0,1,2,3,176.678445,3400000.000000
0,1,2,3,176.056338,3400000.000000
0,1,2,3,175.438596,3400000.000000
0,1,2,3,174.825175,3400000.000000
0,1,2,3,174.216028,3400000.000000
0,1,2,3,173.611111,3400000.000000
0,1,2,3,173.010381,3400000.000000
0,1,2,3,172.413793,3400000.000000
0,1,2,3,171.821306,3400000.000000
0,1,2,3,171.232877,3400000.000000
0,1,2,3,170.648464,3400000.000000
0,1,2,3,170.068027,3400000.000000
0,1,2,3,169.491525,3400000.000000
0,1,2,3,168.918919,3400000.000000
0,1,2,3,168.350168,3400000.000000
0,1,2,3,167.785235,3400000.000000
0,1,2,3,167.224080,3400000.000000
0,1,2,3,166.666667,3400000.000000
0,1,2,3,166.112957,3400000.000000
0,1,2,3,165.562914,3400000.000000
0,1,2,3,165.016502,3400000.000000
0,1,2,3,164.473684,3400000.000000
0,1,2,3,163.934426,3400000.000000
0,1,2,3,163.398693,3400000.000000
0,1,2,3,162.866450,3400000.000000
0,1,2,3,162.337662,3400000.000000
0,1,2,3,161.812298,3400000.000000
0,1,2,3,161.290323,3400000.000000
0,1,2,3,160.771704,3400000.000000
0,1,2,3,160.256410,3400000.000000
0,1,2,3,159.744409,3400000.000000
0,1,2,3,159.235669,3400000.000000
0,1,2,3,158.730159,3400000.000000
0,1,2,3,158.227848,3400000.000000
0,1,2,3,157.728707,3400000.000000
0,1,2,3,157.232704,3400000.000000
0,1,2,3,156.739812,3400000.000000
0,1,2,3,156.250000,3400000.000000
0,1,2,3,155.763240,3400000.000000
0,1,2,3,155.279503,3400000.000000
0,1,2,3,154.798762,3400000.000000
0,1,2,3,154.320988,3400000.000000
0,1,2,3,153.846154,3400000.000000
0,1,2,3,153.374233,3400000.000000
0,1,2,3,152.905199,3400000.000000
0,1,2,3,152.439024,3400000.000000
0,1,2,3,151.975684,3400000.000000
0,1,2,3,151.515152,3400000.000000
0,1,2,3,151.057402,3400000.000000
0,1,2,3,150.602410,3400000.000000
0,1,2,3,150.150150,3400000.000000
0,1,2,3,149.700599,3400000.000000
0,1,2,3,149.253731,3400000.000000
0,1,2,3,148.809524,3400000.000000
0,1,2,3,148.367953,3400000.000000
0,1,2,3,147.928994,3400000.000000
0,1,2,3,147.492625,3400000.000000
0,1,2,3,147.058824,3400000.000000
0,1,2,3,146.627566,3400000.000000
0,1,2,3,146.198830,3400000.000000
0,1,2,3,145.772595,3400000.000000
0,1,2,3,145.348837,3400000.000000
0,1,2,3,144.927536,3400000.000000
0,1,2,3,144.508671,3400000.000000
0,1,2,3,144.092219,3400000.000000
0,1,2,3,143.678161,3400000.000000
0,1,2,3,143.266476,3400000.000000
0,1,2,3,142.857143,3400000.000000
0,1,2,3,142.450142,3400000.000000
0,1,2,3,142.045455,3400000.000000
0,1,2,3,141.643059,3400000.000000
0,1,2,3,141.242938,3400000.000000
0,1,2,3,140.845070,3400000.000000
0,1,2,3,140.449438,3400000.000000
0,1,2,3,140.056022,3400000.000000
0,1,2,3,139.664804,3400000.000000
0,1,2,3,139.275766,3400000.000000
0,1,2,3,138.888889,3400000.000000
0,1,2,3,138.504155,3400000.000000
0,1,2,3,138.121547,3400000.000000
0,1,2,3,137.741047,3400000.000000
0,1,2,3,137.362637,3400000.000000
0,1,2,3,136.986301,3400000.000000
0,1,2,3,136.612022,3400000.000000
0,1,2,3,136.239782,3400000.000000
0,1,2,3,135.869565,3400000.000000
0,1,2,3,135.501355,3400000.000000
0,1,2,3,135.135135,3400000.000000
0,1,2,3,134.770889,3400000.000000
0,1,2,3,134.408602,3400000.000000
0,1,2,3,134.048257,3400000.000000
0,1,2,3,133.689840,3400000.000000
0,1,2,3,133.333333,3400000.000000
0,1,2,3,132.978723,3400000.000000
0,1,2,3,132.625995,3400000.000000
0,1,2,3,132.275132,3400000.000000
0,1,2,3,131.926121,3400000.000000
0,1,2,3,131.578947,3400000.000000
0,1,2,3,131.233596,3400000.000000
0,1,2,3,130.890052,3400000.000000
0,1,2,3,130.548303,3400000.000000
0,1,2,3,130.208333,3400000.000000
0,1,2,3,129.870130,3400000.000000
0,1,2,3,129.533679,3400000.000000
0,1,2,3,129.198966,3400000.000000
0,1,2,3,128.865979,3400000.000000
0,1,2,3,128.534704,3400000.000000
0,1,2,3,128.205128,3400000.000000
0,1,2,3,127.877238,3400000.000000
0,1,2,3,127.551020,3400000.000000
0,1,2,3,127.226463,3400000.000000
0,1,2,3,126.903553,3400000.000000
0,1,2,3,126.582278,3400000.000000
0,1,2,3,126.262626,3400000.000000
0,1,2,3,125.944584,3400000.000000
0,1,2,3,125.628141,3400000.000000
0,1,2,3,125.313283,3400000.000000
0,1,2,3,125.000000,3400000.000000
0,1,2,3,124.688279,3400000.000000
0,1,2,3,124.378109,3400000.000000
0,1,2,3,124.069479,3400000.000000
0,1,2,3,123.762376,3400000.000000
0,1,2,3,123.456790,3400000.000000
0,1,2,3,123.152709,3400000.000000
0,1,2,3,122.850123,3400000.000000
0,1,2,3,122.549020,3400000.000000
0,1,2,3,122.249389,3400000.000000
0,1,2,3,121.951220,3400000.000000
0,1,2,3,121.654501,3400000.000000
0,1,2,3,121.359223,3400000.000000
0,1,2,3,121.065375,3400000.000000
0,1,2,3,120.772947,3400000.000000
0,1,2,3,120.481928,3400000.000000
0,1,2,3,120.192308,3400000.000000
0,1,2,3,119.904077,3400000.000000
0,1,2,3,119.617225,3400000.000000
0,1,2,3,119.331742,3400000.000000
0,1,2,3,119.047619,3400000.000000
0,1,2,3,118.764846,3400000.000000
0,1,2,3,118.483412,3400000.000000
0,1,2,3,118.203310,3400000.000000
0,1,2,3,117.924528,3400000.000000
0,1,2,3,117.647059,3400000.000000
0,1,2,3,117.370892,3399999.999479
0,1,2,3,117.096019,3399999.998563
0,1,2,3,116.822430,3399999.997146
0,1,2,3,116.550117,3399999.997137
0,1,2,3,116.279070,3399999.940017
0,1,2,3,116.009281,3399999.885943
0,1,2,3,115.740741,3399999.786557
0,1,2,3,115.473441,3399999.324542
0,1,2,3,115.207373,3399999.220258
0,1,2,3,114.942529,3399998.849946
0,1,2,3,114.678899,3399998.555028
0,1,2,3,114.416476,3399995.682624
0,1,2,3,114.155251,3399985.896145
0,1,2,3,113.895216,3399968.765775
0,1,2,3,113.636364,3399964.704819
0,1,2,3,113.378685,3399955.487837
0,1,2,3,113.122172,3399940.015550
0,1,2,3,112.866817,3399886.727370
0,1,2,3,112.612613,3399864.520513
0,1,2,3,112.359551,3399857.415659
0,1,2,3,112.107623,3399802.278300
0,1,2,3,111.856823,3399782.543176
0,1,2,3,111.607143,3399748.847694
0,1,2,3,111.358575,3399738.192078
0,1,2,3,111.111111,3399731.410775
0,1,2,3,110.864745,3399664.857820
0,1,2,3,110.619469,3399624.436919
0,1,2,3,110.375276,3399499.590140
0,1,2,3,110.132159,3399478.203508
0,1,2,3,109.890110,3399357.692085
0,1,2,3,109.649123,3398855.104096
0,1,2,3,109.409190,3398755.775338
0,1,2,3,109.170306,3398383.930082
0,1,2,3,108.932462,3398381.831067
0,1,2,3,108.695652,3398358.751502
0,1,2,3,108.459870,3397793.118692
0,1,2,3,108.225108,3397732.722437
0,1,2,3,107.991361,3397553.515772
0,1,2,3,107.758621,3397351.599944
0,1,2,3,107.526882,3396791.072459
0,1,2,3,107.296137,3396712.758742
0,1,2,3,107.066381,3396463.041728
0,1,2,3,106.837607,3396420.640443
0,1,2,3,106.609808,3396240.049390
0,1,2,3,106.382979,3395972.558250
0,1,2,3,106.157113,3395449.622455
0,1,2,3,105.932203,3394842.924431
0,1,2,3,105.708245,3394815.126107
0,1,2,3,105.485232,3394566.070415
0,1,2,3,105.263158,3394565.678186
0,1,2,3,105.042017,3394351.257152
0,1,2,3,104.821803,3394105.751995
0,1,2,3,104.602510,3393892.349091
0,1,2,3,104.384134,3393516.842070
0,1,2,3,104.166667,3393470.516881
0,1,2,3,103.950104,3393373.276036
0,1,2,3,103.734440,3392806.743011
0,1,2,3,103.519669,3392032.110183
0,1,2,3,103.305785,3391529.850260
0,1,2,3,103.092784,3391030.747091
0,1,2,3,102.880658,3389275.878173
0,1,2,3,102.669405,3388829.594477
0,1,2,3,102.459016,3388827.140775
0,1,2,3,102.249489,3388680.428143
0,1,2,3,102.040816,3388501.945534
0,1,2,3,101.832994,3388496.607079
0,1,2,3,101.626016,3387867.324563
0,1,2,3,101.419878,3387651.606569
0,1,2,3,101.214575,3387108.846870
0,1,2,3,101.010101,3386771.484305
0,1,2,3,100.806452,3386519.102470
0,1,2,3,100.603622,3385989.732801
0,1,2,3,100.401606,3385784.292721
0,1,2,3,100.200401,3384696.119902
0,1,2,3,100.000000,3384534.511560
0,1,2,3,99.800399,3384462.276396
0,1,2,3,99.601594,3384421.452617
0,1,2,3,99.403579,3384284.472192
0,1,2,3,99.206349,3383773.381537
0,1,2,3,99.009901,3383589.999068
0,1,2,3,98.814229,3383210.328778
0,1,2,3,98.619329,3383175.504238
0,1,2,3,98.425197,3383093.420520
0,1,2,3,98.231827,3382938.850716
0,1,2,3,98.039216,3382536.723392
0,1,2,3,97.847358,3382118.069531
0,1,2,3,97.656250,3382097.451232
0,1,2,3,97.465887,3382086.838562
0,1,2,3,97.276265,3381745.682726
0,1,2,3,97.087379,3380433.069146
0,1,2,3,96.899225,3379765.671791
0,1,2,3,96.711799,3379202.058417
0,1,2,3,96.525097,3377665.295721
0,1,2,3,96.339114,3377439.585110
0,1,2,3,96.153846,3377184.082432
0,1,2,3,95.969290,3375022.166672
0,1,2,3,95.785441,3374506.174630
0,1,2,3,95.602294,3374446.883064
0,1,2,3,95.419847,3373870.449845
0,1,2,3,95.238095,3373806.673985
0,1,2,3,95.057034,3373776.908965
0,1,2,3,94.876660,3373428.743422
0,1,2,3,94.696970,3372792.342422
0,1,2,3,94.517958,3372467.433839
0,1,2,3,94.339623,3371687.892080
0,1,2,3,94.161959,3370709.069675
0,1,2,3,93.984962,3370490.760027
0,1,2,3,93.808630,3370476.602742
0,1,2,3,93.632959,3369134.919603
0,1,2,3,93.457944,3368588.560668
0,1,2,3,93.283582,3367650.969425
0,1,2,3,93.109870,3365373.477260
0,1,2,3,92.936803,3363940.465274
0,1,2,3,92.764378,3363376.346045
0,1,2,3,92.592593,3362804.446284
0,1,2,3,92.421442,3359320.732804
0,1,2,3,92.250923,3359129.126717
0,1,2,3,92.081031,3357505.258595
0,1,2,3,91.911765,3357499.361637
0,1,2,3,91.743119,3357035.741451
0,1,2,3,91.575092,3356920.545352
0,1,2,3,91.407678,3356307.063902
0,1,2,3,91.240876,3354749.912310
0,1,2,3,91.074681,3353570.672619
0,1,2,3,90.909091,3349941.551302
0,1,2,3,90.744102,3348783.924818
0,1,2,3,90.579710,3346740.104795
0,1,2,3,90.415913,3346203.397634
0,1,2,3,90.252708,3345872.793768
0,1,2,3,90.090090,3344003.132446
0,1,2,3,89.928058,3343773.976544
0,1,2,3,89.766607,3343301.565777
0,1,2,3,89.605735,3341712.134822
0,1,2,3,89.445438,3337710.732149
0,1,2,3,89.285714,3337024.558052
0,1,2,3,89.126560,3333973.852094
0,1,2,3,88.967972,3331259.646552
0,1,2,3,88.809947,3329760.646980
0,1,2,3,88.652482,3329309.629627
0,1,2,3,88.495575,3328262.776942
0,1,2,3,88.339223,3327709.971634
0,1,2,3,88.183422,3326581.116013
0,1,2,3,88.028169,3325318.043129
0,1,2,3,87.873462,3325188.755115
0,1,2,3,87.719298,3322261.309001
0,1,2,3,87.565674,3322216.430131
0,1,2,3,87.412587,3321456.094806
0,1,2,3,87.260035,3320970.638197
0,1,2,3,87.108014,3317477.546497
0,1,2,3,86.956522,3317048.936799
0,1,2,3,86.805556,3314483.018737
0,1,2,3,86.655113,3312673.983773
0,1,2,3,86.505190,3312525.296672
0,1,2,3,86.355786,3312212.003677
0,1,2,3,86.206897,3312193.927425
0,1,2,3,86.058520,3311767.680439
0,1,2,3,85.910653,3308571.625621
0,1,2,3,85.763293,3307635.075374
0,1,2,3,85.616438,3304705.002214
0,1,2,3,85.470085,3304623.762781
0,1,2,3,85.324232,3300867.565850
0,1,2,3,85.178876,3299555.804123
0,1,2,3,85.034014,3299358.672518
0,1,2,3,84.889643,3297725.040795
0,1,2,3,84.745763,3296153.347003
0,1,2,3,84.602369,3287999.721147
0,1,2,3,84.459459,3286596.491710
0,1,2,3,84.317032,3285264.113252
0,1,2,3,84.175084,3283908.772742
0,1,2,3,84.033613,3283770.978744
0,1,2,3,83.892617,3279271.067369
0,1,2,3,83.752094,3278455.003293
0,1,2,3,83.612040,3275281.844305
0,1,2,3,83.472454,3275202.402598
0,1,2,3,83.333333,3273686.496976
0,1,2,3,83.194676,3272889.439689
0,1,2,3,83.056478,3272131.191703
0,1,2,3,82.918740,3268913.112184
0,1,2,3,82.781457,3266717.998890
0,1,2,3,82.644628,3266577.485417
0,1,2,3,82.508251,3265748.480084
0,1,2,3,82.372323,3262356.388675
0,1,2,3,82.236842,3262043.925670
0,1,2,3,82.101806,3260491.532588
0,1,2,3,81.967213,3259699.006849
0,1,2,3,81.833061,3259531.923391
0,1,2,3,81.699346,3259368.443663
0,1,2,3,81.566069,3258085.997573
0,1,2,3,81.433225,3257916.973658
0,1,2,3,81.300813,3257629.569730
0,1,2,3,81.168831,3255357.504166
0,1,2,3,81.037277,3253424.012261
0,1,2,3,80.906149,3253080.432914
0,1,2,3,80.775444,3252880.654579
0,1,2,3,80.645161,3247312.050504
0,1,2,3,80.515298,3246937.544947
0,1,2,3,80.385852,3246747.923018
0,1,2,3,80.256822,3245957.501393
0,1,2,3,80.128205,3245621.078995
0,1,2,3,80.000000,3243013.866635
0,1,2,3,79.872204,3242881.847686
0,1,2,3,79.744817,3240780.983769
0,1,2,3,79.617834,3239626.277128
0,1,2,3,79.491256,3238118.813158
0,1,2,3,79.365079,3235475.432910
0,1,2,3,79.239303,3231164.417427
0,1,2,3,79.113924,3228855.201402
0,1,2,3,78.988942,3228307.416495
0,1,2,3,78.864353,3226786.179921
0,1,2,3,78.740157,3218861.922400
0,1,2,3,78.616352,3215556.659832
0,1,2,3,78.492936,3215238.472288
0,1,2,3,78.369906,3211462.780406
0,1,2,3,78.247261,3210207.790390
0,1,2,3,78.125000,3208760.184158
0,1,2,3,78.003120,3202877.280809
0,1,2,3,77.881620,3198814.451930
0,1,2,3,77.760498,3197596.274632
0,1,2,3,77.639752,3193447.218800
0,1,2,3,77.519380,3191899.699832
0,1,2,3,77.399381,3191611.144871
0,1,2,3,77.279753,3190977.228874
0,1,2,3,77.160494,3190017.399290
0,1,2,3,77.041602,3189722.151844
0,1,2,3,76.923077,3188264.305769
0,1,2,3,76.804916,3185875.142620
0,1,2,3,76.687117,3182607.164855
0,1,2,3,76.569678,3175981.633347
0,1,2,3,76.452599,3173500.732561
0,1,2,3,76.335878,3173439.315489
0,1,2,3,76.219512,3171431.376086
0,1,2,3,76.103501,3169900.481804
0,1,2,3,75.987842,3169710.520878
0,1,2,3,75.872534,3168303.089479
0,1,2,3,75.757576,3168208.230470
0,1,2,3,75.642965,3167834.163053
0,1,2,3,75.528701,3165081.201381
0,1,2,3,75.414781,3159179.761731
0,1,2,3,75.301205,3157446.276021
0,1,2,3,75.187970,3156889.826107
0,1,2,3,75.075075,3156076.408713
0,1,2,3,74.962519,3155986.912363
0,1,2,3,74.850299,3149891.271947
0,1,2,3,74.738416,3148613.877546
0,1,2,3,74.626866,3148190.812272
0,1,2,3,74.515648,3145968.810848
0,1,2,3,74.404762,3144320.816846
0,1,2,3,74.294205,3144105.540484
0,1,2,3,74.183976,3139361.856767
0,1,2,3,74.074074,3136654.288633
0,1,2,3,73.964497,3134769.914521
0,1,2,3,73.855244,3134453.902403
0,1,2,3,73.746313,3134232.512073
0,1,2,3,73.637703,3133574.471363
0,1,2,3,73.529412,3132259.532487
0,1,2,3,73.421439,3131343.777223
0,1,2,3,73.313783,3128976.501923
0,1,2,3,73.206442,3126278.025597
0,1,2,3,73.099415,3125891.771535
0,1,2,3,72.992701,3125244.657793
0,1,2,3,72.886297,3118114.342489
0,1,2,3,72.780204,3116982.868773
0,1,2,3,72.674419,3114957.270940
0,1,2,3,72.568940,3112207.570032
0,1,2,3,72.463768,3110270.902267
0,1,2,3,72.358900,3109167.845104
0,1,2,3,72.254335,3108709.571675
0,1,2,3,72.150072,3107920.268163
0,1,2,3,72.046110,3107024.797221
0,1,2,3,71.942446,3106284.251162
0,1,2,3,71.839080,3105626.632854
0,1,2,3,71.736011,3102924.819869
0,1,2,3,71.633238,3100636.609728
0,1,2,3,71.530758,3099641.663344
0,1,2,3,71.428571,3098951.920586
0,1,2,3,71.326676,3097425.309674
0,1,2,3,71.225071,3095742.993819
0,1,2,3,71.123755,3095322.431428
0,1,2,3,71.022727,3092859.092005
0,1,2,3,70.921986,3091858.898182
0,1,2,3,70.821530,3091480.180947
0,1,2,3,70.721358,3089086.357581
0,1,2,3,70.621469,3088735.315327
0,1,2,3,70.521862,3088585.083709
0,1,2,3,70.422535,3084542.378802
0,1,2,3,70.323488,3084467.698138
0,1,2,3,70.224719,3084217.922657
0,1,2,3,70.126227,3083249.021717
0,1,2,3,70.028011,3082285.037353
0,1,2,3,69.930070,3080303.680742
0,1,2,3,69.832402,3080235.966909
0,1,2,3,69.735007,3080102.572139
0,1,2,3,69.637883,3079998.950414
0,1,2,3,69.541029,3077969.525364
0,1,2,3,69.444444,3063954.243113
0,1,2,3,69.348128,3063702.796690
0,1,2,3,69.252078,3063378.085892
0,1,2,3,69.156293,3061716.146835
0,1,2,3,69.060773,3058500.047502
0,1,2,3,68.965517,3056676.774081
0,1,2,3,68.870523,3052370.072117
0,1,2,3,68.775791,3050859.989387
0,1,2,3,68.681319,3049129.920073
0,1,2,3,68.587106,3048377.464297
0,1,2,3,68.493151,3047899.772970
0,1,2,3,68.399453,3047537.206180
0,1,2,3,68.306011,3046801.667066
0,1,2,3,68.212824,3045483.957774
0,1,2,3,68.119891,3043038.790290
0,1,2,3,68.027211,3040695.964380
0,1,2,3,67.934783,3036726.583702
0,1,2,3,67.842605,3034386.774621
0,1,2,3,67.750678,3033711.059815
0,1,2,3,67.658999,3029021.106561
0,1,2,3,67.567568,3027424.948419
0,1,2,3,67.476383,3021565.343107
0,1,2,3,67.385445,3019318.651129
0,1,2,3,67.294751,3018617.942202
0,1,2,3,67.204301,3016886.830333
0,1,2,3,67.114094,3012820.455637
0,1,2,3,67.024129,3008320.748899
0,1,2,3,66.934404,3001952.508603
0,1,2,3,66.844920,3001848.403482
0,1,2,3,66.755674,3000602.000771
0,1,2,3,66.666667,2996785.982152
0,1,2,3,66.577896,2996451.756689
0,1,2,3,66.489362,2993376.823833
0,1,2,3,66.401062,2992534.619705
0,1,2,3,66.312997,2990477.726463
0,1,2,3,66.225166,2989322.226710
0,1,2,3,66.137566,2989281.257543
0,1,2,3,66.050198,2985325.627365
0,1,2,3,65.963061,2984645.029363
0,1,2,3,65.876153,2980492.982508
0,1,2,3,65.789474,2979613.255486
0,1,2,3,65.703022,2975750.075042
0,1,2,3,65.616798,2973162.759251
0,1,2,3,65.530799,2972881.046862
0,1,2,3,65.445026,2968864.645865
0,1,2,3,65.359477,2968642.044152
0,1,2,3,65.274151,2968418.483830
0,1,2,3,65.189048,2968091.612572
0,1,2,3,65.104167,2966909.938066
0,1,2,3,65.019506,2961481.588110
0,1,2,3,64.935065,2961046.221656
0,1,2,3,64.850843,2956471.487553
0,1,2,3,64.766839,2954118.271663
0,1,2,3,64.683053,2952041.278426
0,1,2,3,64.599483,2947526.164034
0,1,2,3,64.516129,2946901.683559
0,1,2,3,64.432990,2946116.406149
0,1,2,3,64.350064,2942898.620504
0,1,2,3,64.267352,2942592.064512
0,1,2,3,64.184852,2939415.567746
0,1,2,3,64.102564,2934405.006301
0,1,2,3,64.020487,2933730.913284
0,1,2,3,63.938619,2930850.239207
0,1,2,3,63.856960,2928969.710859
0,1,2,3,63.775510,2927996.373556
0,1,2,3,63.694268,2925265.681933
0,1,2,3,63.613232,2921133.443064
0,1,2,3,63.532402,2920863.484604
0,1,2,3,63.451777,2918246.414063
0,1,2,3,63.371356,2917774.230894
0,1,2,3,63.291139,2917656.785231
0,1,2,3,63.211125,2916388.219803
0,1,2,3,63.131313,2913202.741772
0,1,2,3,63.051702,2908654.173310
0,1,2,3,62.972292,2904546.720295
0,1,2,3,62.893082,2901913.167323
0,1,2,3,62.814070,2898189.450243
0,1,2,3,62.735257,2897050.946260
0,1,2,3,62.656642,2894571.305229
0,1,2,3,62.578223,2893457.369582
0,1,2,3,62.500000,2890715.085616
0,1,2,3,62.421973,2890040.091580
0,1,2,3,62.344140,2888593.815589
0,1,2,3,62.266501,2884681.936456
0,1,2,3,62.189055,2884443.447056
0,1,2,3,62.111801,2883630.409535
0,1,2,3,62.034739,2881120.039095
0,1,2,3,61.957869,2879213.752489
0,1,2,3,61.881188,2878866.532167
0,1,2,3,61.804697,2876940.371771
0,1,2,3,61.728395,2876328.253372
0,1,2,3,61.652281,2873908.128157
0,1,2,3,61.576355,2872227.541949
0,1,2,3,61.500615,2870210.387442
0,1,2,3,61.425061,2870210.061225
0,1,2,3,61.349693,2866643.565870
0,1,2,3,61.274510,2865958.703746
0,1,2,3,61.199510,2863429.163526
0,1,2,3,61.124694,2860910.661849
0,1,2,3,61.050061,2860709.603102
0,1,2,3,60.975610,2858563.431974
0,1,2,3,60.901340,2858028.894858
0,1,2,3,60.827251,2856485.804533
0,1,2,3,60.753341,2855858.172369
0,1,2,3,60.679612,2855133.716508
0,1,2,3,60.606061,2855115.087932
0,1,2,3,60.532688,2854697.136698
0,1,2,3,60.459492,2853095.421359
0,1,2,3,60.386473,2852603.374857
0,1,2,3,60.313631,2849528.789684
0,1,2,3,60.240964,2849127.429391
0,1,2,3,60.168472,2847740.873651
0,1,2,3,60.096154,2845695.526668
0,1,2,3,60.024010,2845675.473515
0,1,2,3,59.952038,2845637.472467
0,1,2,3,59.880240,2840699.760312
0,1,2,3,59.808612,2837417.734432
0,1,2,3,59.737157,2836777.171769
0,1,2,3,59.665871,2835932.791455
0,1,2,3,59.594756,2834672.760565
0,1,2,3,59.523810,2834474.071903
0,1,2,3,59.453032,2834042.832743
0,1,2,3,59.382423,2833729.006235
0,1,2,3,59.311981,2826470.535376
0,1,2,3,59.241706,2823890.194640
0,1,2,3,59.171598,2822259.561684
0,1,2,3,59.101655,2821125.305143
0,1,2,3,59.031877,2819699.872708
0,1,2,3,58.962264,2817922.985832
0,1,2,3,58.892815,2817712.208905
0,1,2,3,58.823529,2816232.768708
0,1,2,3,58.754407,2813731.217365
0,1,2,3,58.685446,2812414.473964
0,1,2,3,58.616647,2810917.021420
0,1,2,3,58.548009,2809630.798306
0,1,2,3,58.479532,2809266.836099
0,1,2,3,58.411215,2809068.431167
0,1,2,3,58.343057,2808369.091041
0,1,2,3,58.275058,2806966.731283
0,1,2,3,58.207218,2806751.311271
0,1,2,3,58.139535,2805660.645542
0,1,2,3,58.072009,2804443.910256
0,1,2,3,58.004640,2804141.002198
0,1,2,3,57.937428,2801601.656668
0,1,2,3,57.870370,2798823.702916
0,1,2,3,57.803468,2796873.721114
0,1,2,3,57.736721,2796344.339260
0,1,2,3,57.670127,2795782.506854
0,1,2,3,57.603687,2795654.359278
0,1,2,3,57.537399,2795591.982761
0,1,2,3,57.471264,2794807.797787
0,1,2,3,57.405281,2793143.816501
0,1,2,3,57.339450,2792142.996877
0,1,2,3,57.273769,2790560.552631
0,1,2,3,57.208238,2788326.049778
0,1,2,3,57.142857,2788192.027039
0,1,2,3,57.077626,2785638.289684
0,1,2,3,57.012543,2784892.312976
0,1,2,3,56.947608,2784239.463744
0,1,2,3,56.882821,2782439.340312
0,1,2,3,56.818182,2778690.876938
0,1,2,3,56.753689,2778138.607887
0,1,2,3,56.689342,2775316.966729
0,1,2,3,56.625142,2774635.199645
0,1,2,3,56.561086,2773034.666959
0,1,2,3,56.497175,2771072.526218
0,1,2,3,56.433409,2770408.367549
0,1,2,3,56.369786,2766341.101082
0,1,2,3,56.306306,2764591.806382
0,1,2,3,56.242970,2762927.478196
0,1,2,3,56.179775,2762549.950093
0,1,2,3,56.116723,2757288.707664
0,1,2,3,56.053812,2751887.798699
0,1,2,3,55.991041,2750561.445103
0,1,2,3,55.928412,2749449.865194
0,1,2,3,55.865922,2748511.796579
0,1,2,3,55.803571,2748133.259526
0,1,2,3,55.741360,2747131.181981
0,1,2,3,55.679287,2746171.649883
0,1,2,3,55.617353,2741423.456782
0,1,2,3,55.555556,2738053.470843
0,1,2,3,55.493896,2738046.177282
0,1,2,3,55.432373,2734312.284104
0,1,2,3,55.370986,2733023.835065
0,1,2,3,55.309735,2730354.231152
0,1,2,3,55.248619,2727743.084167
0,1,2,3,55.187638,2725974.206892
0,1,2,3,55.126792,2725552.315702
0,1,2,3,55.066079,2723675.990174
0,1,2,3,55.005501,2723271.088176
0,1,2,3,54.945055,2717732.501107
0,1,2,3,54.884742,2713886.974712
0,1,2,3,54.824561,2713411.589317
0,1,2,3,54.764513,2708847.255129
0,1,2,3,54.704595,2708221.367330
0,1,2,3,54.644809,2706097.958581
0,1,2,3,54.585153,2705120.983675
0,1,2,3,54.525627,2704013.097816
0,1,2,3,54.466231,2703972.496035
0,1,2,3,54.406964,2703611.111551
0,1,2,3,54.347826,2699196.578021
0,1,2,3,54.288817,2698396.731016
0,1,2,3,54.229935,2697645.247083
0,1,2,3,54.171181,2696611.939961
0,1,2,3,54.112554,2696147.855432
0,1,2,3,54.054054,2692958.318984
0,1,2,3,53.995680,2692694.565698
0,1,2,3,53.937433,2692090.946522
0,1,2,3,53.879310,2691235.647922
0,1,2,3,53.821313,2691052.668304
0,1,2,3,53.763441,2689627.948783
0,1,2,3,53.705693,2689159.455867
0,1,2,3,53.648069,2687642.441411
0,1,2,3,53.590568,2685064.906000
0,1,2,3,53.533191,2678572.897449
0,1,2,3,53.475936,2676436.504982
0,1,2,3,53.418803,2673411.329450
0,1,2,3,53.361793,2672775.979884
0,1,2,3,53.304904,2672711.395409
0,1,2,3,53.248136,2672651.562550
0,1,2,3,53.191489,2672584.867020
0,1,2,3,53.134963,2672141.160122
0,1,2,3,53.078556,2669298.808971
0,1,2,3,53.022269,2666987.042865
0,1,2,3,52.966102,2666662.894969
0,1,2,3,52.910053,2666174.185695
0,1,2,3,52.854123,2665058.420376
0,1,2,3,52.798310,2664996.259093
0,1,2,3,52.742616,2664723.070314
0,1,2,3,52.687039,2664184.705714
0,1,2,3,52.631579,2664155.985937
0,1,2,3,52.576236,2664010.191747
0,1,2,3,52.521008,2663576.889693
0,1,2,3,52.465897,2659479.772954
0,1,2,3,52.410901,2659098.227715
0,1,2,3,52.356021,2657710.579254
0,1,2,3,52.301255,2657151.549242
0,1,2,3,52.246604,2656147.182868
0,1,2,3,52.192067,2655242.179708
0,1,2,3,52.137643,2654042.422803
0,1,2,3,52.083333,2652820.195980
0,1,2,3,52.029136,2651869.985822
0,1,2,3,51.975052,2651219.792657
0,1,2,3,51.921080,2649648.661090
0,1,2,3,51.867220,2648378.576479
0,1,2,3,51.813472,2648174.129259
0,1,2,3,51.759834,2647328.611359
0,1,2,3,51.706308,2646242.698735
0,1,2,3,51.652893,2646179.455729
0,1,2,3,51.599587,2644207.456989
0,1,2,3,51.546392,2641235.744946
0,1,2,3,51.493306,2640497.616447
0,1,2,3,51.440329,2639933.987203
0,1,2,3,51.387461,2637710.884717
0,1,2,3,51.334702,2637301.118103
0,1,2,3,51.282051,2637112.672135
0,1,2,3,51.229508,2636822.862001
0,1,2,3,51.177073,2634576.137755
0,1,2,3,51.124744,2632493.863635
0,1,2,3,51.072523,2631904.108604
0,1,2,3,51.020408,2626004.583585
0,1,2,3,50.968400,2623715.099285
0,1,2,3,50.916497,2607991.991889
0,1,2,3,50.864700,2607593.485251
0,1,2,3,50.813008,2604579.088735
0,1,2,3,50.761421,2604301.236836
0,1,2,3,50.709939,2603944.662098
0,1,2,3,50.658561,2603669.405963
0,1,2,3,50.607287,2603385.144255
0,1,2,3,50.556117,2599789.547824
0,1,2,3,50.505051,2599786.785477
0,1,2,3,50.454087,2599472.499235
0,1,2,3,50.403226,2596971.650559
0,1,2,3,50.352467,2596733.898912
0,1,2,3,50.301811,2596622.877307
0,1,2,3,50.251256,2596476.542930
0,1,2,3,50.200803,2594615.284599
0,1,2,3,50.150451,2594075.287536
0,1,2,3,50.100200,2593807.868907
0,1,2,3,50.050050,2591558.651022
0,1,2,3,50.000000,2589442.327140
0,1,2,3,49.950050,2586973.144515
0,1,2,3,49.900200,2585660.025491
0,1,2,3,49.850449,2585101.723232
0,1,2,3,49.800797,2584789.118087
0,1,2,3,49.751244,2580935.778534
0,1,2,3,49.701789,2580895.395941
0,1,2,3,49.652433,2579549.799036
0,1,2,3,49.603175,2578852.043875
0,1,2,3,49.554014,2575198.230483
0,1,2,3,49.504950,2572141.388954
0,1,2,3,49.455984,2571859.841498
0,1,2,3,49.407115,2571444.395293
0,1,2,3,49.358342,2570233.118712
0,1,2,3,49.309665,2566061.918036
0,1,2,3,49.261084,2565248.231296
0,1,2,3,49.212598,2564474.289769
0,1,2,3,49.164208,2561152.618526
0,1,2,3,49.115914,2559110.943170
0,1,2,3,49.067713,2556620.610698
0,1,2,3,49.019608,2555393.972803
0,1,2,3,48.971596,2553387.601534
0,1,2,3,48.923679,2551844.211139
0,1,2,3,48.875855,2551763.163232
0,1,2,3,48.828125,2548587.178327
0,1,2,3,48.780488,2547172.472265
0,1,2,3,48.732943,2547024.109856
0,1,2,3,48.685492,2546187.792821
0,1,2,3,48.638132,2543735.624737
0,1,2,3,48.590865,2543684.076326
0,1,2,3,48.543689,2541064.518098
0,1,2,3,48.496605,2538594.627166
0,1,2,3,48.449612,2538269.318694
0,1,2,3,48.402711,2537412.358894
0,1,2,3,48.355899,2535601.737406
0,1,2,3,48.309179,2533982.572703
0,1,2,3,48.262548,2532978.157784
0,1,2,3,48.216008,2532947.096336
0,1,2,3,48.169557,2532931.020755
0,1,2,3,48.123195,2530673.745671
0,1,2,3,48.076923,2530592.180050
0,1,2,3,48.030740,2529703.075185
0,1,2,3,47.984645,2526918.452938
0,1,2,3,47.938639,2525128.002033
0,1,2,3,47.892720,2525112.685828
0,1,2,3,47.846890,2522455.837431
0,1,2,3,47.801147,2519850.252677
0,1,2,3,47.755492,2519062.344323
0,1,2,3,47.709924,2518315.659687
0,1,2,3,47.664442,2513231.282852
0,1,2,3,47.619048,2513194.691837
0,1,2,3,47.573739,2512336.438176
0,1,2,3,47.528517,2509608.362053
0,1,2,3,47.483381,2506849.764408
0,1,2,3,47.438330,2505976.606442
0,1,2,3,47.393365,2505832.249178
0,1,2,3,47.348485,2505626.540814
0,1,2,3,47.303690,2505566.094525
0,1,2,3,47.258979,2505505.539580
0,1,2,3,47.214353,2503193.411518
0,1,2,3,47.169811,2500058.079094
0,1,2,3,47.125353,2499306.994082
0,1,2,3,47.080979,2496324.099559
0,1,2,3,47.036689,2493905.312357
0,1,2,3,46.992481,2492670.102293
0,1,2,3,46.948357,2491870.551724
0,1,2,3,46.904315,2490872.824946
0,1,2,3,46.860356,2490340.306797
0,1,2,3,46.816479,2489132.207532
0,1,2,3,46.772685,2484483.810628
0,1,2,3,46.728972,2482683.010417
0,1,2,3,46.685341,2482270.793912
0,1,2,3,46.641791,2479420.019240
0,1,2,3,46.598322,2478628.463581
0,1,2,3,46.554935,2476622.237146
0,1,2,3,46.511628,2476614.033167
0,1,2,3,46.468401,2476426.296550
0,1,2,3,46.425255,2473350.300155
0,1,2,3,46.382189,2472761.605238
0,1,2,3,46.339203,2472669.552016
0,1,2,3,46.296296,2472361.607503
0,1,2,3,46.253469,2472218.821826
0,1,2,3,46.210721,2470115.424001
0,1,2,3,46.168052,2469915.212233
0,1,2,3,46.125461,2469007.466036
0,1,2,3,46.082949,2468928.827429
0,1,2,3,46.040516,2468330.093623
0,1,2,3,45.998160,2467697.872911
0,1,2,3,45.955882,2465521.987777
0,1,2,3,45.913682,2464234.138648
0,1,2,3,45.871560,2463535.772922
0,1,2,3,45.829514,2462359.335663
0,1,2,3,45.787546,2457891.302992
0,1,2,3,45.745654,2457802.538890
0,1,2,3,45.703839,2457767.729424
0,1,2,3,45.662100,2454002.671646
0,1,2,3,45.620438,2453507.079199
0,1,2,3,45.578851,2453173.412522
0,1,2,3,45.537341,2453064.920314
0,1,2,3,45.495905,2450734.357700
0,1,2,3,45.454545,2450692.560567
0,1,2,3,45.413261,2449777.504011
0,1,2,3,45.372051,2449006.056634
0,1,2,3,45.330916,2448057.714426
0,1,2,3,45.289855,2444439.712097
0,1,2,3,45.248869,2444270.294259
0,1,2,3,45.207957,2442878.578635
0,1,2,3,45.167118,2442032.191553
0,1,2,3,45.126354,2440253.176575
0,1,2,3,45.085663,2438785.374184
0,1,2,3,45.045045,2437760.084486
0,1,2,3,45.004500,2434969.375377
0,1,2,3,44.964029,2432797.350824
0,1,2,3,44.923630,2432302.148821
0,1,2,3,44.883303,2429327.689715
0,1,2,3,44.843049,2426353.358437
0,1,2,3,44.802867,2425108.755889
0,1,2,3,44.762757,2423474.441132
0,1,2,3,44.722719,2421918.672971
0,1,2,3,44.682752,2421877.773247
0,1,2,3,44.642857,2420583.949424
0,1,2,3,44.603033,2419726.645438
0,1,2,3,44.563280,2417566.061436
0,1,2,3,44.523598,2411672.696815
0,1,2,3,44.483986,2411411.664127
0,1,2,3,44.444444,2411370.851819
0,1,2,3,44.404973,2409352.926565
0,1,2,3,44.365572,2408611.578253
0,1,2,3,44.326241,2405702.738842
0,1,2,3,44.286980,2400240.871432
0,1,2,3,44.247788,2393110.153119
0,1,2,3,44.208665,2392387.359788
0,1,2,3,44.169611,2390406.873398
0,1,2,3,44.130627,2387001.703183
0,1,2,3,44.091711,2385732.289419
0,1,2,3,44.052863,2385318.990306
0,1,2,3,44.014085,2384302.776677
0,1,2,3,43.975374,2383018.684153
0,1,2,3,43.936731,2377320.829459
0,1,2,3,43.898156,2376440.097777
0,1,2,3,43.859649,2376136.652001
0,1,2,3,43.821209,2375883.802411
0,1,2,3,43.782837,2375256.012338
0,1,2,3,43.744532,2361505.165486
0,1,2,3,43.706294,2361112.138590
0,1,2,3,43.668122,2360005.752331
0,1,2,3,43.630017,2359496.484943
0,1,2,3,43.591979,2354718.511939
0,1,2,3,43.554007,2354174.894377
0,1,2,3,43.516101,2353305.403206
0,1,2,3,43.478261,2352876.189743
0,1,2,3,43.440487,2349307.369233
0,1,2,3,43.402778,2343667.177786
0,1,2,3,43.365134,2341326.696875
0,1,2,3,43.327556,2341149.113664
0,1,2,3,43.290043,2339070.251634
0,1,2,3,43.252595,2334677.018808
0,1,2,3,43.215212,2333458.189518
0,1,2,3,43.177893,2333321.491317
0,1,2,3,43.140638,2331874.346993
0,1,2,3,43.103448,2331230.356736
0,1,2,3,43.066322,2331095.279670
0,1,2,3,43.029260,2331076.111935
0,1,2,3,42.992261,2329464.877625
0,1,2,3,42.955326,2329223.291722
0,1,2,3,42.918455,2328561.605042
0,1,2,3,42.881647,2326841.594665
0,1,2,3,42.844901,2326572.112490
0,1,2,3,42.808219,2325888.976920
0,1,2,3,42.771600,2323762.557514
0,1,2,3,42.735043,2323141.737620
0,1,2,3,42.698548,2323113.368844
0,1,2,3,42.662116,2315255.867716
0,1,2,3,42.625746,2314628.414447
0,1,2,3,42.589438,2313732.820874
0,1,2,3,42.553191,2310565.958277
0,1,2,3,42.517007,2302885.329524
0,1,2,3,42.480884,2301874.877539
0,1,2,3,42.444822,2299470.160336
0,1,2,3,42.408821,2295785.224472
0,1,2,3,42.372881,2294802.402322
0,1,2,3,42.337003,2292903.111734
0,1,2,3,42.301184,2292313.238545
0,1,2,3,42.265427,2291799.770824
0,1,2,3,42.229730,2291413.851647
0,1,2,3,42.194093,2290483.599240
0,1,2,3,42.158516,2290459.883730
0,1,2,3,42.122999,2290412.864555
0,1,2,3,42.087542,2289376.106688
0,1,2,3,42.052145,2288188.287124
0,1,2,3,42.016807,2287753.318846
0,1,2,3,41.981528,2286527.088002
0,1,2,3,41.946309,2285615.048212
0,1,2,3,41.911148,2281863.237284
0,1,2,3,41.876047,2281828.106002
0,1,2,3,41.841004,2281810.254691
0,1,2,3,41.806020,2281578.569643
0,1,2,3,41.771094,2279403.014488
0,1,2,3,41.736227,2279008.912162
0,1,2,3,41.701418,2276482.446116
0,1,2,3,41.666667,2273618.240096
0,1,2,3,41.631973,2271614.055474
0,1,2,3,41.597338,2270457.963691
0,1,2,3,41.562760,2268778.299016
0,1,2,3,41.528239,2267293.445363
0,1,2,3,41.493776,2265660.917781
0,1,2,3,41.459370,2264090.048478
0,1,2,3,41.425021,2261221.160409
0,1,2,3,41.390728,2259257.910060
0,1,2,3,41.356493,2256552.469100
0,1,2,3,41.322314,2255195.772499
0,1,2,3,41.288192,2254264.197859
0,1,2,3,41.254125,2252928.678937
0,1,2,3,41.220115,2252387.675611
0,1,2,3,41.186161,2251958.764446
0,1,2,3,41.152263,2250807.170326
0,1,2,3,41.118421,2250303.603382
0,1,2,3,41.084634,2250016.110142
0,1,2,3,41.050903,2248998.558741
0,1,2,3,41.017227,2248061.414622
0,1,2,3,40.983607,2247480.462732
0,1,2,3,40.950041,2246582.914027
0,1,2,3,40.916530,2246517.851903
0,1,2,3,40.883074,2246262.233627
0,1,2,3,40.849673,2245358.740085
0,1,2,3,40.816327,2244570.546988
0,1,2,3,40.783034,2243066.410215
0,1,2,3,40.749796,2243054.775501
0,1,2,3,40.716612,2239762.931920
0,1,2,3,40.683483,2237393.948325
0,1,2,3,40.650407,2237191.274462
0,1,2,3,40.617384,2236716.770028
0,1,2,3,40.584416,2236665.055809
0,1,2,3,40.551500,2234911.989739
0,1,2,3,40.518639,2232944.836987
0,1,2,3,40.485830,2230663.256369
0,1,2,3,40.453074,2228640.180592
0,1,2,3,40.420372,2227762.397415
0,1,2,3,40.387722,2226787.919736
0,1,2,3,40.355125,2226664.288007
0,1,2,3,40.322581,2224642.722572
0,1,2,3,40.290089,2223730.209394
0,1,2,3,40.257649,2219078.903573
0,1,2,3,40.225261,2218434.770041
0,1,2,3,40.192926,2217666.442295
0,1,2,3,40.160643,2216534.981687
0,1,2,3,40.128411,2216459.826688
0,1,2,3,40.096231,2216338.556736
0,1,2,3,40.064103,2213219.432729
0,1,2,3,40.032026,2211206.833294
0,1,2,3,40.000000,2208850.959322
0,1,2,3,39.968026,2203519.094338
0,1,2,3,39.936102,2203125.933277
0,1,2,3,39.904230,2203051.868376
0,1,2,3,39.872408,2200811.790931
0,1,2,3,39.840637,2195538.970736
0,1,2,3,39.808917,2195290.920765
0,1,2,3,39.777247,2194970.162713
0,1,2,3,39.745628,2193967.456383
0,1,2,3,39.714059,2193580.104784
0,1,2,3,39.682540,2193332.824858
0,1,2,3,39.651071,2192600.163690
0,1,2,3,39.619651,2192401.178134
0,1,2,3,39.588282,2192372.982601
0,1,2,3,39.556962,2191457.144671
0,1,2,3,39.525692,2189196.429452
0,1,2,3,39.494471,2189172.334192
0,1,2,3,39.463299,2188975.886685
0,1,2,3,39.432177,2188569.969639
0,1,2,3,39.401103,2186292.237756
0,1,2,3,39.370079,2185454.689534
0,1,2,3,39.339103,2182266.056199
0,1,2,3,39.308176,2181621.951515
0,1,2,3,39.277298,2180801.404502
0,1,2,3,39.246468,2180652.428760
0,1,2,3,39.215686,2178286.496391
0,1,2,3,39.184953,2178173.448582
0,1,2,3,39.154268,2177947.783058
0,1,2,3,39.123631,2177126.994683
0,1,2,3,39.093041,2176061.687874
0,1,2,3,39.062500,2175097.510306
0,1,2,3,39.032006,2173658.801665
0,1,2,3,39.001560,2173655.134544
0,1,2,3,38.971161,2172325.919996
0,1,2,3,38.940810,2172243.112784
0,1,2,3,38.910506,2171890.313412
0,1,2,3,38.880249,2171294.568855
0,1,2,3,38.850039,2168496.478550
0,1,2,3,38.819876,2167436.084122
0,1,2,3,38.789760,2166172.648526
0,1,2,3,38.759690,2165752.028512
0,1,2,3,38.729667,2163831.272457
0,1,2,3,38.699690,2162454.237763
0,1,2,3,38.669760,2161418.329917
0,1,2,3,38.639876,2161167.075171
0,1,2,3,38.610039,2159453.657772
0,1,2,3,38.580247,2158715.599097
0,1,2,3,38.550501,2158557.911709
0,1,2,3,38.520801,2157940.931234
0,1,2,3,38.491147,2156218.827608
0,1,2,3,38.461538,2156164.000660
0,1,2,3,38.431975,2156148.200051
0,1,2,3,38.402458,2156140.962252
0,1,2,3,38.372985,2155580.260478
0,1,2,3,38.343558,2154337.146788
0,1,2,3,38.314176,2152949.500473
0,1,2,3,38.284839,2152701.402111
0,1,2,3,38.255547,2152213.502915
0,1,2,3,38.226300,2149195.501899
0,1,2,3,38.197097,2148183.207001
0,1,2,3,38.167939,2148035.664802
0,1,2,3,38.138825,2146465.946705
0,1,2,3,38.109756,2145823.705003
0,1,2,3,38.080731,2145624.253545
0,1,2,3,38.051750,2140745.002002
0,1,2,3,38.022814,2139527.236771
0,1,2,3,37.993921,2139444.690359
0,1,2,3,37.965072,2138367.031265
0,1,2,3,37.936267,2137663.714697
0,1,2,3,37.907506,2137638.563151
0,1,2,3,37.878788,2137587.771914
0,1,2,3,37.850114,2137572.223011
0,1,2,3,37.821483,2136924.562992
0,1,2,3,37.792895,2136598.574549
0,1,2,3,37.764350,2136107.198851
0,1,2,3,37.735849,2135469.265129
0,1,2,3,37.707391,2131853.771318
0,1,2,3,37.678975,2129299.600841
0,1,2,3,37.650602,2127413.251702
0,1,2,3,37.622272,2126456.042852
0,1,2,3,37.593985,2125445.048485
0,1,2,3,37.565740,2124408.071840
0,1,2,3,37.537538,2122446.841894
0,1,2,3,37.509377,2122039.282177
0,1,2,3,37.481259,2121741.580447
0,1,2,3,37.453184,2121067.753260
0,1,2,3,37.425150,2119970.254674
0,1,2,3,37.397158,2118542.632938
0,1,2,3,37.369208,2115279.417284
0,1,2,3,37.341299,2113913.585855
0,1,2,3,37.313433,2112393.221694
0,1,2,3,37.285608,2109881.036438
0,1,2,3,37.257824,2109548.742486
0,1,2,3,37.230082,2108556.191406
0,1,2,3,37.202381,2107541.102413
0,1,2,3,37.174721,2106090.951649
0,1,2,3,37.147103,2105326.036414
0,1,2,3,37.119525,2104674.854821
0,1,2,3,37.091988,2104065.987092
0,1,2,3,37.064492,2103469.494906
0,1,2,3,37.037037,2103328.712060
0,1,2,3,37.009623,2102308.183470
0,1,2,3,36.982249,2102068.084093
0,1,2,3,36.954915,2100434.884692
0,1,2,3,36.927622,2099856.679610
0,1,2,3,36.900369,2098316.493183
0,1,2,3,36.873156,2094190.575433
0,1,2,3,36.845984,2093179.731665
0,1,2,3,36.818851,2093097.343528
0,1,2,3,36.791759,2092960.147064
0,1,2,3,36.764706,2092497.035207
0,1,2,3,36.737693,2089828.601168
0,1,2,3,36.710720,2087557.775954
0,1,2,3,36.683786,2086969.012898
0,1,2,3,36.656891,2086250.542015
0,1,2,3,36.630037,2084048.603939
0,1,2,3,36.603221,2083670.452292
0,1,2,3,36.576445,2083462.490580
0,1,2,3,36.549708,2083343.467837
0,1,2,3,36.523009,2081528.542532
0,1,2,3,36.496350,2079543.966561
0,1,2,3,36.469730,2079098.707530
0,1,2,3,36.443149,2077691.749180
0,1,2,3,36.416606,2077264.114994
0,1,2,3,36.390102,2076534.086735
0,1,2,3,36.363636,2076050.125871
0,1,2,3,36.337209,2072080.248306
0,1,2,3,36.310821,2071921.402081
0,1,2,3,36.284470,2071384.733142
0,1,2,3,36.258158,2070577.968844
0,1,2,3,36.231884,2069983.807420
0,1,2,3,36.205648,2069662.792170
0,1,2,3,36.179450,2069272.082381
0,1,2,3,36.153290,2067395.514284
0,1,2,3,36.127168,2067176.927479
0,1,2,3,36.101083,2066550.878965
0,1,2,3,36.075036,2065905.702603
0,1,2,3,36.049027,2065821.254307
0,1,2,3,36.023055,2064549.926865
0,1,2,3,35.997120,2064405.371118
0,1,2,3,35.971223,2061380.670782
0,1,2,3,35.945363,2058893.345878
0,1,2,3,35.919540,2058396.659299
0,1,2,3,35.893754,2057860.976395
0,1,2,3,35.868006,2056148.379131
0,1,2,3,35.842294,2055808.656986
0,1,2,3,35.816619,2054747.670135
0,1,2,3,35.790981,2053496.055086
0,1,2,3,35.765379,2050217.924637
0,1,2,3,35.739814,2049812.236477
0,1,2,3,35.714286,2049293.909673
0,1,2,3,35.688794,2047420.024109
0,1,2,3,35.663338,2047138.171010
0,1,2,3,35.637919,2046951.779516
0,1,2,3,35.612536,2046610.298513
0,1,2,3,35.587189,2046518.078733
0,1,2,3,35.561878,2044906.480567
0,1,2,3,35.536603,2044234.830593
0,1,2,3,35.511364,2042002.401484
0,1,2,3,35.486160,2039518.967586
0,1,2,3,35.460993,2039120.638245
0,1,2,3,35.435861,2037961.035826
0,1,2,3,35.410765,2036836.508174
0,1,2,3,35.385704,2036774.366320
0,1,2,3,35.360679,2036268.520582
0,1,2,3,35.335689,2036228.316429
0,1,2,3,35.310734,2035852.280382
0,1,2,3,35.285815,2033271.176500
0,1,2,3,35.260931,2031267.759475
0,1,2,3,35.236082,2028523.909420
0,1,2,3,35.211268,2028423.980344
0,1,2,3,35.186488,2028388.499048
0,1,2,3,35.161744,2027112.035198
0,1,2,3,35.137034,2025850.652215
0,1,2,3,35.112360,2024683.563638
0,1,2,3,35.087719,2023609.640909
0,1,2,3,35.063114,2023507.389702
0,1,2,3,35.038542,2022166.008829
0,1,2,3,35.014006,2022086.310186
0,1,2,3,34.989503,2019867.425123
0,1,2,3,34.965035,2019581.211002
0,1,2,3,34.940601,2018751.050305
0,1,2,3,34.916201,2018731.559302
0,1,2,3,34.891835,2018019.530514
0,1,2,3,34.867503,2017738.370873
0,1,2,3,34.843206,2016609.487839
0,1,2,3,34.818942,2016257.666320
0,1,2,3,34.794711,2015866.225289
0,1,2,3,34.770515,2014372.854831
0,1,2,3,34.746352,2013215.576847
0,1,2,3,34.722222,2012733.848805
0,1,2,3,34.698126,2012624.713416
0,1,2,3,34.674064,2011857.349433
0,1,2,3,34.650035,2011470.865111
0,1,2,3,34.626039,2008664.355560
0,1,2,3,34.602076,2007799.020281
0,1,2,3,34.578147,2006421.565204
0,1,2,3,34.554250,2005014.861413
0,1,2,3,34.530387,2004071.324703
0,1,2,3,34.506556,2003415.098302
0,1,2,3,34.482759,2003147.165391
0,1,2,3,34.458994,2002504.591827
0,1,2,3,34.435262,2001612.132643
0,1,2,3,34.411562,1999471.564692
0,1,2,3,34.387895,1999156.348882
0,1,2,3,34.364261,1998195.238907
0,1,2,3,34.340659,1997849.054651
0,1,2,3,34.317090,1995355.156676
0,1,2,3,34.293553,1994577.309467
0,1,2,3,34.270048,1993011.768547
0,1,2,3,34.246575,1991943.345486
0,1,2,3,34.223135,1991736.285267
0,1,2,3,34.199726,1991236.319815
0,1,2,3,34.176350,1990428.642722
0,1,2,3,34.153005,1990385.254521
0,1,2,3,34.129693,1989859.001073
0,1,2,3,34.106412,1989157.430218
0,1,2,3,34.083163,1987540.333322
0,1,2,3,34.059946,1987016.111389
0,1,2,3,34.036760,1983801.924971
0,1,2,3,34.013605,1982505.777976
0,1,2,3,33.990483,1982073.163831
0,1,2,3,33.967391,1979562.136518
0,1,2,3,33.944331,1979238.085126
0,1,2,3,33.921303,1979112.610204
0,1,2,3,33.898305,1978884.722333
0,1,2,3,33.875339,1978604.269646
0,1,2,3,33.852404,1978519.740171
0,1,2,3,33.829499,1975977.339886
0,1,2,3,33.806626,1975322.798954
0,1,2,3,33.783784,1975257.171108
0,1,2,3,33.760972,1972343.596203
0,1,2,3,33.738192,1971060.199962
0,1,2,3,33.715442,1968823.681866
0,1,2,3,33.692722,1968481.144308
0,1,2,3,33.670034,1968071.001242
0,1,2,3,33.647376,1968001.646950
0,1,2,3,33.624748,1967963.940885
0,1,2,3,33.602151,1967729.100281
0,1,2,3,33.579584,1966888.440406
0,1,2,3,33.557047,1966486.636332
0,1,2,3,33.534541,1964829.145079
0,1,2,3,33.512064,1963110.605927
0,1,2,3,33.489618,1960759.751914
0,1,2,3,33.467202,1959320.243357
0,1,2,3,33.444816,1958704.839384
0,1,2,3,33.422460,1957647.394837
0,1,2,3,33.400134,1957499.067461
0,1,2,3,33.377837,1956454.233760
0,1,2,3,33.355570,1956102.452863
0,1,2,3,33.333333,1956067.592098
0,1,2,3,33.311126,1954995.933424
0,1,2,3,33.288948,1951907.704999
0,1,2,3,33.266800,1951245.841304
0,1,2,3,33.244681,1951238.672553
0,1,2,3,33.222591,1950615.773252
0,1,2,3,33.200531,1950058.851772
0,1,2,3,33.178500,1950049.894331
0,1,2,3,33.156499,1949969.961585
0,1,2,3,33.134526,1949899.609569
0,1,2,3,33.112583,1949856.012384
0,1,2,3,33.090668,1948168.364092
0,1,2,3,33.068783,1945304.441576
0,1,2,3,33.046927,1943843.149668
0,1,2,3,33.025099,1943643.913944
0,1,2,3,33.003300,1943364.518986
0,1,2,3,32.981530,1942448.279951
0,1,2,3,32.959789,1942063.272135
0,1,2,3,32.938076,1941276.964954
0,1,2,3,32.916392,1940746.287050
0,1,2,3,32.894737,1940650.467109
0,1,2,3,32.873110,1940089.731567
0,1,2,3,32.851511,1938879.546942
0,1,2,3,32.829941,1937663.402682
0,1,2,3,32.808399,1937068.506781
0,1,2,3,32.786885,1936960.159133
0,1,2,3,32.765400,1936087.533381
0,1,2,3,32.743942,1934327.655540
0,1,2,3,32.722513,1933929.974032
0,1,2,3,32.701112,1933800.364545
0,1,2,3,32.679739,1930464.534528
0,1,2,3,32.658393,1929773.396965
0,1,2,3,32.637076,1929157.457401
0,1,2,3,32.615786,1928855.750341
0,1,2,3,32.594524,1928621.639087
0,1,2,3,32.573290,1927551.972950
0,1,2,3,32.552083,1926865.130518
0,1,2,3,32.530904,1926332.052126
0,1,2,3,32.509753,1926195.972091
0,1,2,3,32.488629,1925972.591425
0,1,2,3,32.467532,1925872.746205
0,1,2,3,32.446463,1925862.016202
0,1,2,3,32.425422,1923938.355098
0,1,2,3,32.404407,1923794.257551
0,1,2,3,32.383420,1923138.420544
0,1,2,3,32.362460,1922756.948848
0,1,2,3,32.341527,1922688.175594
0,1,2,3,32.320621,1919800.216899
0,1,2,3,32.299742,1919299.280524
0,1,2,3,32.278890,1917735.395659
0,1,2,3,32.258065,1916540.893634
0,1,2,3,32.237266,1914378.236090
0,1,2,3,32.216495,1913016.225475
0,1,2,3,32.195750,1912763.551210
0,1,2,3,32.175032,1912062.472374
0,1,2,3,32.154341,1911928.757658
0,1,2,3,32.133676,1911848.506752
0,1,2,3,32.113038,1911042.613921
0,1,2,3,32.092426,1910795.640624
0,1,2,3,32.071841,1910001.183951
0,1,2,3,32.051282,1909471.742210
0,1,2,3,32.030750,1906106.290646
0,1,2,3,32.010243,1904163.992490
0,1,2,3,31.989763,1903156.463914
0,1,2,3,31.969309,1902130.951093
0,1,2,3,31.948882,1900331.683703
0,1,2,3,31.928480,1900179.375476
0,1,2,3,31.908105,1899616.523927
0,1,2,3,31.887755,1898675.165603
0,1,2,3,31.867431,1898563.974987
0,1,2,3,31.847134,1896232.768027
0,1,2,3,31.826862,1895097.535030
0,1,2,3,31.806616,1894911.380187
0,1,2,3,31.786395,1893069.669171
0,1,2,3,31.766201,1892440.437517
0,1,2,3,31.746032,1892267.612337
0,1,2,3,31.725888,1891647.897258
0,1,2,3,31.705770,1891199.591246
0,1,2,3,31.685678,1890777.730284
0,1,2,3,31.665611,1889741.192539
0,1,2,3,31.645570,1888977.195710
0,1,2,3,31.625553,1888505.578458
0,1,2,3,31.605563,1888133.248489
0,1,2,3,31.585597,1886567.415202
0,1,2,3,31.565657,1885438.871706
0,1,2,3,31.545741,1885392.330138
0,1,2,3,31.525851,1885169.940252
0,1,2,3,31.505986,1883688.189976
0,1,2,3,31.486146,1883114.557972
0,1,2,3,31.466331,1881303.730102
0,1,2,3,31.446541,1881068.792462
0,1,2,3,31.426776,1880576.536976
0,1,2,3,31.407035,1879414.523373
0,1,2,3,31.387320,1877053.650654
0,1,2,3,31.367629,1874597.525169
0,1,2,3,31.347962,1874237.158648
0,1,2,3,31.328321,1873678.550948
0,1,2,3,31.308704,1871921.572970
0,1,2,3,31.289111,1871874.267392
0,1,2,3,31.269543,1871606.455127
0,1,2,3,31.250000,1870722.758983
0,1,2,3,31.230481,1869374.673623
0,1,2,3,31.210986,1869253.879973
0,1,2,3,31.191516,1867698.434054
0,1,2,3,31.172070,1867159.819824
0,1,2,3,31.152648,1866436.659968
0,1,2,3,31.133250,1866167.858806
0,1,2,3,31.113877,1866135.618901
0,1,2,3,31.094527,1865301.051926
0,1,2,3,31.075202,1863581.907232
0,1,2,3,31.055901,1862574.343508
0,1,2,3,31.036623,1862301.949318
0,1,2,3,31.017370,1862008.631321
0,1,2,3,30.998140,1860408.754855
0,1,2,3,30.978934,1859847.505337
0,1,2,3,30.959752,1859619.295858
0,1,2,3,30.940594,1855901.566957
0,1,2,3,30.921459,1854620.815465
0,1,2,3,30.902349,1854280.541720
0,1,2,3,30.883261,1853699.259629
0,1,2,3,30.864198,1848165.040188
0,1,2,3,30.845157,1847946.139802
0,1,2,3,30.826141,1847316.034090
0,1,2,3,30.807147,1845170.144800
0,1,2,3,30.788177,1844047.884746
0,1,2,3,30.769231,1841568.415601
0,1,2,3,30.750308,1841231.311064
0,1,2,3,30.731407,1841096.550411
0,1,2,3,30.712531,1840433.297087
0,1,2,3,30.693677,1840216.121282
0,1,2,3,30.674847,1837466.298382
0,1,2,3,30.656039,1837438.898280
0,1,2,3,30.637255,1837273.450405
0,1,2,3,30.618494,1836584.148223
0,1,2,3,30.599755,1836276.504261
0,1,2,3,30.581040,1835421.981497
0,1,2,3,30.562347,1834787.307887
0,1,2,3,30.543677,1833579.144708
0,1,2,3,30.525031,1833540.571556
0,1,2,3,30.506406,1832007.802808
0,1,2,3,30.487805,1831338.488330
0,1,2,3,30.469226,1831151.032300
0,1,2,3,30.450670,1830389.336588
0,1,2,3,30.432136,1830080.562007
0,1,2,3,30.413625,1829567.615313
0,1,2,3,30.395137,1828787.303376
0,1,2,3,30.376671,1827254.688823
0,1,2,3,30.358227,1827145.602290
0,1,2,3,30.339806,1827051.099866
0,1,2,3,30.321407,1826528.157617
0,1,2,3,30.303030,1824991.065533
0,1,2,3,30.284676,1824434.140061
0,1,2,3,30.266344,1824186.044978
0,1,2,3,30.248034,1822219.576167
0,1,2,3,30.229746,1818291.731665
0,1,2,3,30.211480,1817320.318394
0,1,2,3,30.193237,1816875.447066
0,1,2,3,30.175015,1816801.104259
0,1,2,3,30.156815,1815393.993108
0,1,2,3,30.138638,1815352.864270
0,1,2,3,30.120482,1814951.991478
0,1,2,3,30.102348,1813308.746245
0,1,2,3,30.084236,1812779.092282
0,1,2,3,30.066146,1812418.008088
0,1,2,3,30.048077,1812246.233909
0,1,2,3,30.030030,1810686.473724
0,1,2,3,30.012005,1810232.906143
0,1,2,3,29.994001,1810181.944615
0,1,2,3,29.976019,1809852.739060
0,1,2,3,29.958059,1807521.471611
0,1,2,3,29.940120,1807509.571406
0,1,2,3,29.922202,1807450.543463
0,1,2,3,29.904306,1805826.019200
0,1,2,3,29.886432,1804463.429457
0,1,2,3,29.868578,1803228.938070
0,1,2,3,29.850746,1801311.455842
0,1,2,3,29.832936,1801283.736614
0,1,2,3,29.815146,1800763.924725
0,1,2,3,29.797378,1799556.526395
0,1,2,3,29.779631,1799378.897832
0,1,2,3,29.761905,1799284.980493
0,1,2,3,29.744200,1799052.970176
0,1,2,3,29.726516,1797951.443922
0,1,2,3,29.708853,1797941.867665
0,1,2,3,29.691211,1796894.337587
0,1,2,3,29.673591,1795134.111671
0,1,2,3,29.655991,1794674.234114
0,1,2,3,29.638411,1794537.810190
0,1,2,3,29.620853,1794489.830814
0,1,2,3,29.603316,1794045.945679
0,1,2,3,29.585799,1793393.368226
0,1,2,3,29.568303,1790192.784421
0,1,2,3,29.550827,1789457.300043
0,1,2,3,29.533373,1789089.809963
0,1,2,3,29.515939,1788677.956774
0,1,2,3,29.498525,1788638.573900
0,1,2,3,29.481132,1787849.371536
0,1,2,3,29.463760,1785625.464210
0,1,2,3,29.446408,1783536.718326
0,1,2,3,29.429076,1783352.428681
0,1,2,3,29.411765,1783316.909086
0,1,2,3,29.394474,1782915.097261
0,1,2,3,29.377203,1781785.196541
0,1,2,3,29.359953,1780460.026703
0,1,2,3,29.342723,1780185.704885
0,1,2,3,29.325513,1779717.857365
0,1,2,3,29.308324,1776048.937875
0,1,2,3,29.291154,1775579.596988
0,1,2,3,29.274005,1775481.206429
0,1,2,3,29.256875,1775384.761111
0,1,2,3,29.239766,1775078.321127
0,1,2,3,29.222677,1774501.392057
0,1,2,3,29.205607,1771751.873063
0,1,2,3,29.188558,1770277.114786
0,1,2,3,29.171529,1770062.378031
0,1,2,3,29.154519,1769623.237549
0,1,2,3,29.137529,1769622.297318
0,1,2,3,29.120559,1768997.362430
0,1,2,3,29.103609,1768797.238813
0,1,2,3,29.086678,1768683.175250
0,1,2,3,29.069767,1768128.087501
0,1,2,3,29.052876,1765259.833550
0,1,2,3,29.036005,1762948.698032
0,1,2,3,29.019153,1762538.312744
0,1,2,3,29.002320,1761746.498667
0,1,2,3,28.985507,1761346.550137
0,1,2,3,28.968714,1760970.819289
0,1,2,3,28.951940,1760342.916565
0,1,2,3,28.935185,1760083.436527
0,1,2,3,28.918450,1758059.616187
0,1,2,3,28.901734,1757376.767562
0,1,2,3,28.885038,1757125.775918
0,1,2,3,28.868360,1756004.776201
0,1,2,3,28.851702,1755920.665043
0,1,2,3,28.835063,1755760.587970
0,1,2,3,28.818444,1754988.286283
0,1,2,3,28.801843,1753277.193879
0,1,2,3,28.785262,1753006.533432
0,1,2,3,28.768700,1752961.402198
0,1,2,3,28.752156,1752688.322543
0,1,2,3,28.735632,1751022.373217
0,1,2,3,28.719127,1750684.143327
0,1,2,3,28.702641,1749760.626145
0,1,2,3,28.686173,1749242.649894
0,1,2,3,28.669725,1747220.259283
0,1,2,3,28.653295,1746596.099385
0,1,2,3,28.636884,1745119.142101
0,1,2,3,28.620492,1745082.376683
0,1,2,3,28.604119,1744774.266548
0,1,2,3,28.587764,1742986.404256
0,1,2,3,28.571429,1742319.191527
0,1,2,3,28.555111,1742237.837139
0,1,2,3,28.538813,1739864.118017
0,1,2,3,28.522533,1739417.572083
0,1,2,3,28.506271,1739323.417993
0,1,2,3,28.490028,1739107.456334
0,1,2,3,28.473804,1738075.581378
0,1,2,3,28.457598,1737565.922191
0,1,2,3,28.441411,1737557.825479
0,1,2,3,28.425242,1736495.111531
0,1,2,3,28.409091,1736176.195627
0,1,2,3,28.392959,1736010.662328
0,1,2,3,28.376844,1736008.611513
0,1,2,3,28.360749,1735549.592128
0,1,2,3,28.344671,1735439.045979
0,1,2,3,28.328612,1735010.689930
0,1,2,3,28.312571,1733256.940384
0,1,2,3,28.296548,1731889.758419
0,1,2,3,28.280543,1731472.134491
0,1,2,3,28.264556,1730917.220152
0,1,2,3,28.248588,1730370.066635
0,1,2,3,28.232637,1730077.495806
0,1,2,3,28.216704,1729544.445833
0,1,2,3,28.200790,1729054.599575
0,1,2,3,28.184893,1728085.236234
0,1,2,3,28.169014,1726935.050443
0,1,2,3,28.153153,1726284.636482
0,1,2,3,28.137310,1723522.182471
0,1,2,3,28.121485,1721396.487032
0,1,2,3,28.105677,1720740.301621
0,1,2,3,28.089888,1720717.184571
0,1,2,3,28.074116,1719984.975695
0,1,2,3,28.058361,1719317.951921
0,1,2,3,28.042625,1719280.444661
0,1,2,3,28.026906,1719248.541858
0,1,2,3,28.011204,1718705.523122
0,1,2,3,27.995521,1717730.314574
0,1,2,3,27.979855,1717007.147655
0,1,2,3,27.964206,1716778.680257
0,1,2,3,27.948575,1716733.641772
0,1,2,3,27.932961,1716330.818223
0,1,2,3,27.917365,1715129.610552
0,1,2,3,27.901786,1715104.466638
0,1,2,3,27.886224,1713757.008556
0,1,2,3,27.870680,1713734.307880
0,1,2,3,27.855153,1713393.222806
0,1,2,3,27.839644,1712609.923177
0,1,2,3,27.824151,1711742.041311
0,1,2,3,27.808676,1710664.106606
0,1,2,3,27.793218,1710421.873099
0,1,2,3,27.777778,1710380.427835
0,1,2,3,27.762354,1708764.362806
0,1,2,3,27.746948,1707799.437820
0,1,2,3,27.731559,1705709.817798
0,1,2,3,27.716186,1705428.003997
0,1,2,3,27.700831,1705199.780879
0,1,2,3,27.685493,1704554.735180
0,1,2,3,27.670172,1704064.628431
0,1,2,3,27.654867,1703022.280760
0,1,2,3,27.639580,1702049.797665
0,1,2,3,27.624309,1701842.689971
0,1,2,3,27.609056,1701541.604801
0,1,2,3,27.593819,1700921.017516
0,1,2,3,27.578599,1699931.086983
0,1,2,3,27.563396,1699569.698242
0,1,2,3,27.548209,1698834.000046
0,1,2,3,27.533040,1698411.018796
0,1,2,3,27.517887,1697829.782114
0,1,2,3,27.502750,1697164.912214
0,1,2,3,27.487631,1695872.780887
0,1,2,3,27.472527,1694948.197562
0,1,2,3,27.457441,1694622.954382
0,1,2,3,27.442371,1693879.570888
0,1,2,3,27.427318,1693313.067769
0,1,2,3,27.412281,1691774.165896
0,1,2,3,27.397260,1691443.881096
0,1,2,3,27.382256,1690925.070563
0,1,2,3,27.367269,1689865.344142
0,1,2,3,27.352298,1688740.262689
0,1,2,3,27.337343,1687623.549967
0,1,2,3,27.322404,1686034.806947
0,1,2,3,27.307482,1685323.627106
0,1,2,3,27.292576,1684451.329727
0,1,2,3,27.277687,1684269.517266
0,1,2,3,27.262814,1682617.489293
0,1,2,3,27.247956,1682457.761421
0,1,2,3,27.233115,1682260.182965
0,1,2,3,27.218291,1682137.496893
0,1,2,3,27.203482,1681662.925472
0,1,2,3,27.188690,1681419.842916
0,1,2,3,27.173913,1681305.254550
0,1,2,3,27.159153,1679069.646203
0,1,2,3,27.144408,1677343.498740
0,1,2,3,27.129680,1677043.488840
0,1,2,3,27.114967,1676621.789521
0,1,2,3,27.100271,1676406.553570
0,1,2,3,27.085590,1674978.995790
0,1,2,3,27.070926,1673932.602627
0,1,2,3,27.056277,1673491.487756
0,1,2,3,27.041644,1673442.870245
0,1,2,3,27.027027,1673187.075281
0,1,2,3,27.012426,1672974.048629
0,1,2,3,26.997840,1672676.013830
0,1,2,3,26.983270,1667721.731089
0,1,2,3,26.968716,1667394.089800
0,1,2,3,26.954178,1666475.746874
0,1,2,3,26.939655,1665983.675842
0,1,2,3,26.925148,1665859.707970
0,1,2,3,26.910657,1665595.501540
0,1,2,3,26.896181,1665122.424460
0,1,2,3,26.881720,1664750.699946
0,1,2,3,26.867276,1664264.813963
0,1,2,3,26.852846,1663613.896564
0,1,2,3,26.838433,1660642.254174
0,1,2,3,26.824034,1659785.824625
0,1,2,3,26.809651,1659666.906939
0,1,2,3,26.795284,1659479.242083
0,1,2,3,26.780932,1657678.871588
0,1,2,3,26.766595,1656523.778243
0,1,2,3,26.752274,1656269.108069
0,1,2,3,26.737968,1654672.367777
0,1,2,3,26.723677,1653445.811492
0,1,2,3,26.709402,1653289.480487
0,1,2,3,26.695141,1653233.419932
0,1,2,3,26.680896,1652729.648991
0,1,2,3,26.666667,1652666.545608
0,1,2,3,26.652452,1652116.754736
0,1,2,3,26.638253,1651249.744264
0,1,2,3,26.624068,1650554.711368
0,1,2,3,26.609899,1649979.511406
0,1,2,3,26.595745,1649484.992385
0,1,2,3,26.581606,1647898.457391
0,1,2,3,26.567481,1647619.947462
0,1,2,3,26.553372,1647536.057825
0,1,2,3,26.539278,1646459.778850
0,1,2,3,26.525199,1645302.358895
0,1,2,3,26.511135,1645201.144884
0,1,2,3,26.497085,1644282.530093
0,1,2,3,26.483051,1642562.185746
0,1,2,3,26.469031,1641804.871702
0,1,2,3,26.455026,1641794.372942
0,1,2,3,26.441036,1641777.613272
0,1,2,3,26.427061,1640318.904950
0,1,2,3,26.413101,1639963.598953
0,1,2,3,26.399155,1637019.768923
0,1,2,3,26.385224,1636884.700699
0,1,2,3,26.371308,1634710.944491
0,1,2,3,26.357406,1634412.091545
0,1,2,3,26.343519,1634326.345537
0,1,2,3,26.329647,1634198.869380
0,1,2,3,26.315789,1633217.458487
0,1,2,3,26.301946,1632744.004485
0,1,2,3,26.288118,1632394.183330
0,1,2,3,26.274304,1631837.523734
0,1,2,3,26.260504,1631793.535781
0,1,2,3,26.246719,1631729.306358
0,1,2,3,26.232949,1629765.394970
0,1,2,3,26.219192,1629638.569315
0,1,2,3,26.205451,1628167.652106
0,1,2,3,26.191723,1628126.906035
0,1,2,3,26.178010,1626137.850934
0,1,2,3,26.164312,1626085.168085
0,1,2,3,26.150628,1624948.485848
0,1,2,3,26.136958,1624444.795048
0,1,2,3,26.123302,1624285.128680
0,1,2,3,26.109661,1624159.149028
0,1,2,3,26.096033,1624047.430195
0,1,2,3,26.082420,1623501.204585
0,1,2,3,26.068822,1623444.985559
0,1,2,3,26.055237,1623122.970234
0,1,2,3,26.041667,1623096.677945
0,1,2,3,26.028110,1622955.069450
0,1,2,3,26.014568,1622926.003394
0,1,2,3,26.001040,1622629.882792
0,1,2,3,25.987526,1622181.346799
0,1,2,3,25.974026,1621764.043216
0,1,2,3,25.960540,1619826.910271
0,1,2,3,25.947068,1619737.260552
0,1,2,3,25.933610,1619701.563498
0,1,2,3,25.920166,1619224.137491
0,1,2,3,25.906736,1618822.042319
0,1,2,3,25.893320,1617842.901997
0,1,2,3,25.879917,1617016.522274
0,1,2,3,25.866529,1616866.832451
0,1,2,3,25.853154,1615319.043993
0,1,2,3,25.839793,1614351.870495
0,1,2,3,25.826446,1614082.549767
0,1,2,3,25.813113,1613726.252170
0,1,2,3,25.799794,1613024.806418
0,1,2,3,25.786488,1612873.940631
0,1,2,3,25.773196,1612706.782439
0,1,2,3,25.759918,1612443.165380
0,1,2,3,25.746653,1612388.061180
0,1,2,3,25.733402,1611439.491602
0,1,2,3,25.720165,1610626.758553
0,1,2,3,25.706941,1609224.039385
0,1,2,3,25.693731,1608500.340059
0,1,2,3,25.680534,1607653.968674
0,1,2,3,25.667351,1607384.165477
0,1,2,3,25.654182,1607332.076990
0,1,2,3,25.641026,1605369.945100
0,1,2,3,25.627883,1603005.550492
0,1,2,3,25.614754,1602338.056980
0,1,2,3,25.601639,1602294.762528
0,1,2,3,25.588536,1602030.928512
0,1,2,3,25.575448,1601402.450168
0,1,2,3,25.562372,1601203.804326
0,1,2,3,25.549310,1600707.572253
0,1,2,3,25.536261,1600401.130197
0,1,2,3,25.523226,1600235.360567
0,1,2,3,25.510204,1598940.213866
0,1,2,3,25.497195,1598328.413941
0,1,2,3,25.484200,1598145.404451
0,1,2,3,25.471218,1597186.309296
0,1,2,3,25.458248,1597118.138347
0,1,2,3,25.445293,1596472.956921
0,1,2,3,25.432350,1594578.623857
0,1,2,3,25.419420,1594574.524178
0,1,2,3,25.406504,1594319.463133
0,1,2,3,25.393601,1593324.161624
0,1,2,3,25.380711,1592824.355102
0,1,2,3,25.367834,1591970.521628
0,1,2,3,25.354970,1590759.169991
0,1,2,3,25.342119,1589283.531415
0,1,2,3,25.329281,1588044.113704
0,1,2,3,25.316456,1587808.731105
0,1,2,3,25.303644,1587733.634345
0,1,2,3,25.290845,1586901.882361
0,1,2,3,25.278059,1586069.155914
0,1,2,3,25.265285,1584344.878184
0,1,2,3,25.252525,1582166.799402
0,1,2,3,25.239778,1581806.068092
0,1,2,3,25.227043,1579562.791737
0,1,2,3,25.214322,1578790.195521
0,1,2,3,25.201613,1578766.843922
0,1,2,3,25.188917,1578253.697774
0,1,2,3,25.176234,1577569.255472
0,1,2,3,25.163563,1577517.806744
0,1,2,3,25.150905,1577193.595932
0,1,2,3,25.138260,1576521.545685
0,1,2,3,25.125628,1576475.343179
0,1,2,3,25.113009,1576434.216493
0,1,2,3,25.100402,1576375.769457
0,1,2,3,25.087807,1574013.994552
0,1,2,3,25.075226,1573669.830813
0,1,2,3,25.062657,1573522.247497
0,1,2,3,25.050100,1573396.883484
0,1,2,3,25.037556,1571504.132013
0,1,2,3,25.025025,1571269.391718
0,1,2,3,25.012506,1571006.197418
0,1,2,3,25.000000,1570904.228615
0,1,2,3,24.987506,1570189.519294
0,1,2,3,24.975025,1570004.720242
0,1,2,3,24.962556,1569860.485467
0,1,2,3,24.950100,1569657.875603
0,1,2,3,24.937656,1567130.197250
0,1,2,3,24.925224,1565785.874421
0,1,2,3,24.912805,1565002.480705
0,1,2,3,24.900398,1564420.544133
0,1,2,3,24.888004,1564023.265426
0,1,2,3,24.875622,1563585.953554
0,1,2,3,24.863252,1562553.749103
0,1,2,3,24.850895,1562513.529761
0,1,2,3,24.838549,1562442.608032
0,1,2,3,24.826216,1562387.747771
0,1,2,3,24.813896,1562134.471702
0,1,2,3,24.801587,1562048.108993
0,1,2,3,24.789291,1561905.501525
0,1,2,3,24.777007,1561008.490060
0,1,2,3,24.764735,1560000.138281
0,1,2,3,24.752475,1559169.469949
0,1,2,3,24.740228,1557488.299361
0,1,2,3,24.727992,1557180.045312
0,1,2,3,24.715769,1556642.220255
0,1,2,3,24.703557,1556420.830019
0,1,2,3,24.691358,1553226.222274
0,1,2,3,24.679171,1552381.052069
0,1,2,3,24.666996,1551973.743722
0,1,2,3,24.654832,1551599.986328
0,1,2,3,24.642681,1551343.251441
0,1,2,3,24.630542,1550956.538443
0,1,2,3,24.618415,1550895.303547
0,1,2,3,24.606299,1550876.355908
0,1,2,3,24.594196,1550859.874995
0,1,2,3,24.582104,1549361.392805
0,1,2,3,24.570025,1549108.892475
0,1,2,3,24.557957,1548711.665455
0,1,2,3,24.545901,1547203.192450
0,1,2,3,24.533857,1546104.912868
0,1,2,3,24.521824,1545716.924771
0,1,2,3,24.509804,1544708.814549
0,1,2,3,24.497795,1544663.633915
0,1,2,3,24.485798,1544458.166698
0,1,2,3,24.473813,1544115.307262
0,1,2,3,24.461840,1542994.066560
0,1,2,3,24.449878,1542578.835763
0,1,2,3,24.437928,1541407.767071
0,1,2,3,24.425989,1541230.022078
0,1,2,3,24.414062,1540187.788065
0,1,2,3,24.402147,1540067.327552
0,1,2,3,24.390244,1540002.613786
0,1,2,3,24.378352,1539852.231085
0,1,2,3,24.366472,1539485.397734
0,1,2,3,24.354603,1539159.742785
0,1,2,3,24.342746,1538975.688462
0,1,2,3,24.330900,1538588.292826
0,1,2,3,24.319066,1537116.576731
0,1,2,3,24.307244,1535945.845735
0,1,2,3,24.295432,1535646.969638
0,1,2,3,24.283633,1535191.120835
0,1,2,3,24.271845,1535063.881728
0,1,2,3,24.260068,1534837.728879
0,1,2,3,24.248303,1534095.955539
0,1,2,3,24.236549,1532550.886572
0,1,2,3,24.224806,1531228.500299
0,1,2,3,24.213075,1530781.689124
0,1,2,3,24.201355,1529710.074774
0,1,2,3,24.189647,1528843.145809
0,1,2,3,24.177950,1527933.235803
0,1,2,3,24.166264,1527462.221392
0,1,2,3,24.154589,1526204.700040
0,1,2,3,24.142926,1524887.319033
0,1,2,3,24.131274,1524136.753609
0,1,2,3,24.119633,1523940.883524
0,1,2,3,24.108004,1523720.579578
0,1,2,3,24.096386,1523191.076267
0,1,2,3,24.084778,1521962.748748
0,1,2,3,24.073182,1521420.399269
0,1,2,3,24.061598,1520387.741138
0,1,2,3,24.050024,1520156.437726
0,1,2,3,24.038462,1519462.876742
0,1,2,3,24.026910,1518770.075022
0,1,2,3,24.015370,1518384.982114
0,1,2,3,24.003841,1517788.686233
0,1,2,3,23.992322,1517344.250055
0,1,2,3,23.980815,1514910.434953
0,1,2,3,23.969319,1514266.669005
0,1,2,3,23.957834,1514227.532358
0,1,2,3,23.946360,1512780.376847
0,1,2,3,23.934897,1511892.253774
0,1,2,3,23.923445,1511317.747121
0,1,2,3,23.912004,1510982.902947
0,1,2,3,23.900574,1510023.063155
0,1,2,3,23.889154,1509868.305761
0,1,2,3,23.877746,1508924.413342
0,1,2,3,23.866348,1508182.265425
0,1,2,3,23.854962,1507609.292777
0,1,2,3,23.843586,1506997.070147
0,1,2,3,23.832221,1505666.743214
0,1,2,3,23.820867,1503056.380762
0,1,2,3,23.809524,1501568.431005
0,1,2,3,23.798191,1500574.026807
0,1,2,3,23.786870,1500267.212135
0,1,2,3,23.775559,1499178.096954
0,1,2,3,23.764259,1499136.173782
0,1,2,3,23.752969,1498825.815415
0,1,2,3,23.741690,1498575.595263
0,1,2,3,23.730422,1498352.360558
0,1,2,3,23.719165,1498014.320736
0,1,2,3,23.707918,1497961.489974
0,1,2,3,23.696682,1495695.345478
0,1,2,3,23.685457,1495685.030807
0,1,2,3,23.674242,1494469.146839
0,1,2,3,23.663038,1494359.432092
0,1,2,3,23.651845,1494057.204175
0,1,2,3,23.640662,1493215.689404
0,1,2,3,23.629490,1492583.093308
0,1,2,3,23.618328,1492463.769434
0,1,2,3,23.607177,1492219.657966
0,1,2,3,23.596036,1491771.396875
0,1,2,3,23.584906,1488827.794905
0,1,2,3,23.573786,1488502.451493
0,1,2,3,23.562677,1485261.770458
0,1,2,3,23.551578,1485133.273043
0,1,2,3,23.540490,1484986.679380
0,1,2,3,23.529412,1484798.396645
0,1,2,3,23.518344,1484784.995698
0,1,2,3,23.507287,1484023.840413
0,1,2,3,23.496241,1482964.291676
0,1,2,3,23.485204,1482922.645708
0,1,2,3,23.474178,1482621.629656
0,1,2,3,23.463163,1482175.317674
0,1,2,3,23.452158,1482113.489137
0,1,2,3,23.441163,1481369.910474
0,1,2,3,23.430178,1481119.922963
0,1,2,3,23.419204,1480436.919782
0,1,2,3,23.408240,1479240.941201
0,1,2,3,23.397286,1478571.398722
0,1,2,3,23.386342,1478534.612075
0,1,2,3,23.375409,1477991.940119
0,1,2,3,23.364486,1477487.455111
0,1,2,3,23.353573,1476979.348971
0,1,2,3,23.342670,1476929.417598
0,1,2,3,23.331778,1475859.421645
0,1,2,3,23.320896,1475360.503167
0,1,2,3,23.310023,1474086.769990
0,1,2,3,23.299161,1472868.504075
0,1,2,3,23.288309,1471719.620144
0,1,2,3,23.277467,1471092.156188
0,1,2,3,23.266636,1469495.731840
0,1,2,3,23.255814,1468780.611000
0,1,2,3,23.245002,1468647.386529
0,1,2,3,23.234201,1468524.120603
0,1,2,3,23.223409,1467589.735152
0,1,2,3,23.212628,1467177.599892
0,1,2,3,23.201856,1466694.213111
0,1,2,3,23.191095,1465855.258215
0,1,2,3,23.180343,1465264.884215
0,1,2,3,23.169601,1464996.601247
0,1,2,3,23.158870,1464939.286263
0,1,2,3,23.148148,1464807.730881
0,1,2,3,23.137436,1464094.715939
0,1,2,3,23.126735,1463694.418927
0,1,2,3,23.116043,1462543.076828
0,1,2,3,23.105360,1462194.009626
0,1,2,3,23.094688,1460587.039063
0,1,2,3,23.084026,1459098.093118
0,1,2,3,23.073373,1456893.985640
0,1,2,3,23.062731,1456115.939379
0,1,2,3,23.052098,1454271.481548
0,1,2,3,23.041475,1454052.875970
0,1,2,3,23.030861,1453670.401584
0,1,2,3,23.020258,1453136.005850
0,1,2,3,23.009664,1452235.425922
0,1,2,3,22.999080,1451669.800796
0,1,2,3,22.988506,1449748.584968
0,1,2,3,22.977941,1449478.201060
0,1,2,3,22.967386,1449070.744550
0,1,2,3,22.956841,1448230.828014
0,1,2,3,22.946306,1448016.458117
0,1,2,3,22.935780,1447789.137412
0,1,2,3,22.925264,1447630.241898
0,1,2,3,22.914757,1447545.931142
0,1,2,3,22.904260,1447019.267615
0,1,2,3,22.893773,1446166.902408
0,1,2,3,22.883295,1445893.616243
0,1,2,3,22.872827,1445684.475853
0,1,2,3,22.862369,1445584.030960
0,1,2,3,22.851920,1444572.329420
0,1,2,3,22.841480,1443909.652366
0,1,2,3,22.831050,1443816.611592
0,1,2,3,22.820630,1443703.726640
0,1,2,3,22.810219,1443405.746182
0,1,2,3,22.799818,1441987.631683
0,1,2,3,22.789426,1441922.655114
0,1,2,3,22.779043,1441495.674888
0,1,2,3,22.768670,1441479.820731
0,1,2,3,22.758307,1441430.219791
0,1,2,3,22.747953,1440487.405870
0,1,2,3,22.737608,1440238.912013
0,1,2,3,22.727273,1436576.840068
0,1,2,3,22.716947,1436397.309373
0,1,2,3,22.706630,1436119.590159
0,1,2,3,22.696323,1436109.694666
0,1,2,3,22.686025,1436103.658339
0,1,2,3,22.675737,1436066.944515
0,1,2,3,22.665458,1433818.103003
0,1,2,3,22.655188,1433561.580585
0,1,2,3,22.644928,1433398.192415
0,1,2,3,22.634676,1432932.275114
0,1,2,3,22.624434,1431966.818495
0,1,2,3,22.614202,1431915.806552
0,1,2,3,22.603978,1431668.080929
0,1,2,3,22.593764,1430754.376131
0,1,2,3,22.583559,1430210.387814
0,1,2,3,22.573363,1429303.845542
0,1,2,3,22.563177,1429283.261225
0,1,2,3,22.553000,1429229.329814
0,1,2,3,22.542831,1428744.661338
0,1,2,3,22.532672,1427802.862346
0,1,2,3,22.522523,1426612.441426
0,1,2,3,22.512382,1426534.949968
0,1,2,3,22.502250,1425724.248344
0,1,2,3,22.492128,1425281.294440
0,1,2,3,22.482014,1424118.672256
0,1,2,3,22.471910,1423990.047557
0,1,2,3,22.461815,1423385.927810
0,1,2,3,22.451729,1423325.643564
0,1,2,3,22.441652,1422953.739862
0,1,2,3,22.431584,1422600.865908
0,1,2,3,22.421525,1422062.192770
0,1,2,3,22.411475,1421956.853939
0,1,2,3,22.401434,1421671.819140
0,1,2,3,22.391402,1421145.480875
0,1,2,3,22.381379,1420266.635096
0,1,2,3,22.371365,1419847.611663
0,1,2,3,22.361360,1419572.360759
0,1,2,3,22.351363,1419402.864268
0,1,2,3,22.341376,1419335.594371
0,1,2,3,22.331398,1418684.338281
0,1,2,3,22.321429,1418554.946324
0,1,2,3,22.311468,1417961.872745
0,1,2,3,22.301517,1417744.761459
0,1,2,3,22.291574,1417699.971985
0,1,2,3,22.281640,1417666.555349
0,1,2,3,22.271715,1417598.229937
0,1,2,3,22.261799,1415578.448944
0,1,2,3,22.251891,1415572.108778
0,1,2,3,22.241993,1414824.429969
0,1,2,3,22.232103,1414373.006543
0,1,2,3,22.222222,1413721.660337
0,1,2,3,22.212350,1413096.594818
0,1,2,3,22.202487,1412021.401014
0,1,2,3,22.192632,1411371.311046
0,1,2,3,22.182786,1410906.199023
0,1,2,3,22.172949,1409860.567462
0,1,2,3,22.163121,1409725.946590
0,1,2,3,22.153301,1409595.605162
0,1,2,3,22.143490,1409008.147007
0,1,2,3,22.133687,1408842.887167
0,1,2,3,22.123894,1408654.390022
0,1,2,3,22.114109,1407978.985483
0,1,2,3,22.104332,1407593.835926
0,1,2,3,22.094565,1407543.935020
0,1,2,3,22.084806,1406089.478311
0,1,2,3,22.075055,1405633.930729
0,1,2,3,22.065313,1405072.419091
0,1,2,3,22.055580,1404539.375121
0,1,2,3,22.045855,1404363.323794
0,1,2,3,22.036139,1404031.404889
0,1,2,3,22.026432,1403629.897255
0,1,2,3,22.016733,1401226.996186
0,1,2,3,22.007042,1400739.416664
0,1,2,3,21.997360,1399511.612635
0,1,2,3,21.987687,1398933.820122
0,1,2,3,21.978022,1398356.532150
0,1,2,3,21.968366,1397999.371936
0,1,2,3,21.958718,1396602.072901
0,1,2,3,21.949078,1395017.686722
0,1,2,3,21.939447,1394910.707861
0,1,2,3,21.929825,1394536.724436
0,1,2,3,21.920210,1394492.959176
0,1,2,3,21.910605,1394409.585502
0,1,2,3,21.901007,1394315.901910
0,1,2,3,21.891419,1394252.872760
0,1,2,3,21.881838,1392690.943048
0,1,2,3,21.872266,1392667.739898
0,1,2,3,21.862702,1391701.614078
0,1,2,3,21.853147,1391685.048590
0,1,2,3,21.843600,1390623.794317
0,1,2,3,21.834061,1389680.254227
0,1,2,3,21.824531,1389261.063441
0,1,2,3,21.815009,1387083.158149
0,1,2,3,21.805495,1386261.233737
0,1,2,3,21.795990,1385941.198546
0,1,2,3,21.786492,1385599.616764
0,1,2,3,21.777003,1383695.351651
0,1,2,3,21.767523,1383243.992572
0,1,2,3,21.758050,1382997.481448
0,1,2,3,21.748586,1382915.714988
0,1,2,3,21.739130,1382252.022069
0,1,2,3,21.729683,1381243.070515
0,1,2,3,21.720243,1381008.372203
0,1,2,3,21.710812,1380956.588500
0,1,2,3,21.701389,1380879.985900
0,1,2,3,21.691974,1380766.691085
0,1,2,3,21.682567,1379901.375881
0,1,2,3,21.673169,1379669.444507
0,1,2,3,21.663778,1378788.666996
0,1,2,3,21.654396,1378087.064404
0,1,2,3,21.645022,1378031.402784
0,1,2,3,21.635656,1377870.876319
0,1,2,3,21.626298,1377855.195865
0,1,2,3,21.616948,1377128.678390
0,1,2,3,21.607606,1376250.676381
0,1,2,3,21.598272,1376119.253265
0,1,2,3,21.588946,1375991.542369
0,1,2,3,21.579629,1375650.700089
0,1,2,3,21.570319,1375303.891794
0,1,2,3,21.561018,1374015.972993
0,1,2,3,21.551724,1372993.419953
0,1,2,3,21.542439,1372717.463392
0,1,2,3,21.533161,1372385.566924
0,1,2,3,21.523892,1372009.593083
0,1,2,3,21.514630,1371945.217689
0,1,2,3,21.505376,1371916.882470
0,1,2,3,21.496131,1371365.234238
0,1,2,3,21.486893,1371342.249860
0,1,2,3,21.477663,1370811.348451
0,1,2,3,21.468441,1369929.615387
0,1,2,3,21.459227,1369743.367153
0,1,2,3,21.450021,1368822.096565
0,1,2,3,21.440823,1368502.997691
0,1,2,3,21.431633,1368416.119359
0,1,2,3,21.422451,1368310.323436
0,1,2,3,21.413276,1368019.098526
0,1,2,3,21.404110,1367945.253715
0,1,2,3,21.394951,1367629.573902
0,1,2,3,21.385800,1366907.590563
0,1,2,3,21.376657,1366335.994188
0,1,2,3,21.367521,1366067.456421
0,1,2,3,21.358394,1364444.659890
0,1,2,3,21.349274,1364192.509155
0,1,2,3,21.340162,1362955.899514
0,1,2,3,21.331058,1362513.319926
0,1,2,3,21.321962,1362240.781036
0,1,2,3,21.312873,1362055.166203
0,1,2,3,21.303792,1361548.661648
0,1,2,3,21.294719,1361483.097341
0,1,2,3,21.285653,1361465.653218
0,1,2,3,21.276596,1360905.536046
0,1,2,3,21.267546,1360681.525246
0,1,2,3,21.258503,1360420.503888
0,1,2,3,21.249469,1360378.609084
0,1,2,3,21.240442,1358978.879663
0,1,2,3,21.231423,1358314.964239
0,1,2,3,21.222411,1358036.936554
0,1,2,3,21.213407,1355962.352153
0,1,2,3,21.204411,1354723.664830
0,1,2,3,21.195422,1354338.697497
0,1,2,3,21.186441,1353839.691185
0,1,2,3,21.177467,1353578.003234
0,1,2,3,21.168501,1352521.712157
0,1,2,3,21.159543,1347264.862880
0,1,2,3,21.150592,1346351.442448
0,1,2,3,21.141649,1344243.728300
0,1,2,3,21.132713,1343982.878147
0,1,2,3,21.123785,1343866.020131
0,1,2,3,21.114865,1343816.660198
0,1,2,3,21.105952,1343353.592172
0,1,2,3,21.097046,1341977.239944
0,1,2,3,21.088148,1341924.211995
0,1,2,3,21.079258,1339390.095824
0,1,2,3,21.070375,1338816.242408
0,1,2,3,21.061500,1338414.790045
0,1,2,3,21.052632,1338199.607322
0,1,2,3,21.043771,1338150.865130
0,1,2,3,21.034918,1337570.755047
0,1,2,3,21.026072,1336708.630508
0,1,2,3,21.017234,1336482.349134
0,1,2,3,21.008403,1336456.018732
0,1,2,3,20.999580,1336353.016093
0,1,2,3,20.990764,1336002.274953
0,1,2,3,20.981956,1335748.588500
0,1,2,3,20.973154,1335432.658556
0,1,2,3,20.964361,1334499.608104
0,1,2,3,20.955574,1333405.238117
0,1,2,3,20.946795,1333010.184908
0,1,2,3,20.938023,1331616.935274
0,1,2,3,20.929259,1331062.244197
0,1,2,3,20.920502,1330808.785695
0,1,2,3,20.911752,1330750.190197
0,1,2,3,20.903010,1330365.535161
0,1,2,3,20.894275,1329629.275996
0,1,2,3,20.885547,1329005.409968
0,1,2,3,20.876827,1328305.446890
0,1,2,3,20.868114,1327672.172276
0,1,2,3,20.859408,1327471.853613
0,1,2,3,20.850709,1327002.339168
0,1,2,3,20.842018,1326706.503099
0,1,2,3,20.833333,1326467.738025
0,1,2,3,20.824656,1325546.847426
0,1,2,3,20.815987,1325348.416147
0,1,2,3,20.807324,1323797.254059
0,1,2,3,20.798669,1323752.258002
0,1,2,3,20.790021,1321639.916236
0,1,2,3,20.781380,1321484.903770
0,1,2,3,20.772746,1321480.088428
0,1,2,3,20.764120,1321347.103410
0,1,2,3,20.755500,1320320.170169
0,1,2,3,20.746888,1320165.470273
0,1,2,3,20.738283,1320099.643113
0,1,2,3,20.729685,1319306.461716
0,1,2,3,20.721094,1317088.584757
0,1,2,3,20.712510,1316954.076513
0,1,2,3,20.703934,1316702.432377
0,1,2,3,20.695364,1315528.081635
0,1,2,3,20.686802,1315074.020614
0,1,2,3,20.678246,1314517.824450
0,1,2,3,20.669698,1314156.243169
0,1,2,3,20.661157,1313883.443005
0,1,2,3,20.652623,1313419.069505
0,1,2,3,20.644096,1313345.773071
0,1,2,3,20.635576,1313281.914767
0,1,2,3,20.627063,1313203.576515
0,1,2,3,20.618557,1310665.146292
0,1,2,3,20.610058,1310490.098989
0,1,2,3,20.601566,1307843.677119
0,1,2,3,20.593081,1307616.584556
0,1,2,3,20.584603,1307435.626627
0,1,2,3,20.576132,1307200.096705
0,1,2,3,20.567668,1306319.202286
0,1,2,3,20.559211,1305869.096568
0,1,2,3,20.550760,1305146.679242
0,1,2,3,20.542317,1304389.615374
0,1,2,3,20.533881,1303948.306956
0,1,2,3,20.525452,1303160.791399
0,1,2,3,20.517029,1302595.888803
0,1,2,3,20.508614,1302289.734197
0,1,2,3,20.500205,1301839.568182
0,1,2,3,20.491803,1301147.896193
0,1,2,3,20.483408,1300129.813864
0,1,2,3,20.475020,1299162.109326
0,1,2,3,20.466639,1299144.660477
0,1,2,3,20.458265,1298922.955130
0,1,2,3,20.449898,1298662.011754
0,1,2,3,20.441537,1297557.832790
0,1,2,3,20.433183,1296706.546221
0,1,2,3,20.424837,1294770.386892
0,1,2,3,20.416497,1293418.716883
0,1,2,3,20.408163,1292509.092344
0,1,2,3,20.399837,1292491.066875
0,1,2,3,20.391517,1291395.431992
0,1,2,3,20.383204,1290986.228198
0,1,2,3,20.374898,1290427.592195
0,1,2,3,20.366599,1290320.557077
0,1,2,3,20.358306,1289675.834243
0,1,2,3,20.350020,1289583.013927
0,1,2,3,20.341741,1289392.942234
0,1,2,3,20.333469,1289361.099799
0,1,2,3,20.325203,1289185.160227
0,1,2,3,20.316944,1289118.708371
0,1,2,3,20.308692,1288626.433274
0,1,2,3,20.300447,1287837.469674
0,1,2,3,20.292208,1287725.838723
0,1,2,3,20.283976,1287668.279849
0,1,2,3,20.275750,1287579.415768
0,1,2,3,20.267531,1287492.421581
0,1,2,3,20.259319,1287455.505904
0,1,2,3,20.251114,1287327.434838
0,1,2,3,20.242915,1287260.962815
0,1,2,3,20.234723,1287115.235882
0,1,2,3,20.226537,1286525.637906
0,1,2,3,20.218358,1285185.909782
0,1,2,3,20.210186,1285137.850058
0,1,2,3,20.202020,1284694.525216
0,1,2,3,20.193861,1284381.731744
0,1,2,3,20.185709,1284229.061635
0,1,2,3,20.177563,1284209.058427
0,1,2,3,20.169423,1284120.665571
0,1,2,3,20.161290,1284069.540154
0,1,2,3,20.153164,1283466.700210
0,1,2,3,20.145044,1283338.019751
0,1,2,3,20.136931,1283110.536613
0,1,2,3,20.128824,1282774.238948
0,1,2,3,20.120724,1282056.130043
0,1,2,3,20.112631,1281595.757589
0,1,2,3,20.104544,1281531.211396
0,1,2,3,20.096463,1280768.816603
0,1,2,3,20.088389,1280248.203031
0,1,2,3,20.080321,1279184.615495
0,1,2,3,20.072260,1278259.903771
0,1,2,3,20.064205,1277814.516677
0,1,2,3,20.056157,1277779.384879
0,1,2,3,20.048115,1276945.701373
0,1,2,3,20.040080,1276628.498705
0,1,2,3,20.032051,1276535.291095
0,1,2,3,20.024029,1276242.882256
0,1,2,3,20.016013,1275941.089295
0,1,2,3,20.008003,1275894.825769
0,1,2,3,20.000000,1275862.590782
0,1,2,3,19.992003,1275563.801039
0,1,2,3,19.984013,1274350.892302
0,1,2,3,19.976029,1273798.494178
0,1,2,3,19.968051,1273580.229253
0,1,2,3,19.960080,1273286.313473
0,1,2,3,19.952115,1273209.209752
0,1,2,3,19.944156,1273067.992589
0,1,2,3,19.936204,1272946.946809
0,1,2,3,19.928258,1272564.271956
0,1,2,3,19.920319,1272381.963408
0,1,2,3,19.912386,1272372.889374
0,1,2,3,19.904459,1271579.909786
0,1,2,3,19.896538,1270487.123834
0,1,2,3,19.888624,1270427.892860
0,1,2,3,19.880716,1270393.087453
0,1,2,3,19.872814,1270278.435650
0,1,2,3,19.864919,1270048.701681
0,1,2,3,19.857029,1269679.403877
0,1,2,3,19.849146,1269159.437224
0,1,2,3,19.841270,1269129.764936
0,1,2,3,19.833399,1269089.632324
0,1,2,3,19.825535,1268505.081512
0,1,2,3,19.817677,1267287.052800
0,1,2,3,19.809826,1266863.535306
0,1,2,3,19.801980,1266797.577884
0,1,2,3,19.794141,1266630.188960
0,1,2,3,19.786308,1266436.844728
0,1,2,3,19.778481,1266221.683707
0,1,2,3,19.770660,1266160.397183
0,1,2,3,19.762846,1265204.017135
0,1,2,3,19.755038,1264873.462825
0,1,2,3,19.747235,1264760.603566
0,1,2,3,19.739439,1264705.037289
0,1,2,3,19.731650,1264654.833901
0,1,2,3,19.723866,1263895.071497
0,1,2,3,19.716088,1263785.918780
0,1,2,3,19.708317,1262450.986366
0,1,2,3,19.700552,1260936.326580
0,1,2,3,19.692792,1260137.083895
0,1,2,3,19.685039,1259778.450710
0,1,2,3,19.677292,1259645.287461
0,1,2,3,19.669552,1258972.677563
0,1,2,3,19.661817,1258832.319455
0,1,2,3,19.654088,1258356.994119
0,1,2,3,19.646365,1258339.301622
0,1,2,3,19.638649,1257551.674216
0,1,2,3,19.630938,1257460.399795
0,1,2,3,19.623234,1257345.604633
0,1,2,3,19.615536,1256872.679996
0,1,2,3,19.607843,1256462.546181
0,1,2,3,19.600157,1256374.661921
0,1,2,3,19.592476,1256235.079524
0,1,2,3,19.584802,1255914.170136
0,1,2,3,19.577134,1255318.898168
0,1,2,3,19.569472,1254953.338587
0,1,2,3,19.561815,1254631.104781
0,1,2,3,19.554165,1254354.984235
0,1,2,3,19.546521,1254031.766104
0,1,2,3,19.538882,1253653.112260
0,1,2,3,19.531250,1253155.819046
0,1,2,3,19.523624,1252822.061743
0,1,2,3,19.516003,1252554.561453
0,1,2,3,19.508389,1252425.826688
0,1,2,3,19.500780,1252262.498894
0,1,2,3,19.493177,1251788.050761
0,1,2,3,19.485581,1251528.537674
0,1,2,3,19.477990,1251296.909435
0,1,2,3,19.470405,1250098.665614
0,1,2,3,19.462826,1250072.029264
0,1,2,3,19.455253,1250011.045033
0,1,2,3,19.447686,1249850.331356
0,1,2,3,19.440124,1249707.489300
0,1,2,3,19.432569,1249505.110474
0,1,2,3,19.425019,1249356.431911
0,1,2,3,19.417476,1249258.181677
0,1,2,3,19.409938,1249249.264711
0,1,2,3,19.402406,1248816.931723
0,1,2,3,19.394880,1248790.027770
0,1,2,3,19.387359,1248612.328299
0,1,2,3,19.379845,1248583.366347
0,1,2,3,19.372336,1248568.894133
0,1,2,3,19.364833,1248269.616917
0,1,2,3,19.357336,1247822.024250
0,1,2,3,19.349845,1247467.990888
0,1,2,3,19.342360,1247256.011383
0,1,2,3,19.334880,1246596.829939
0,1,2,3,19.327406,1246193.528130
0,1,2,3,19.319938,1245544.154363
0,1,2,3,19.312476,1245522.703762
0,1,2,3,19.305019,1245194.034311
0,1,2,3,19.297569,1244108.461815
0,1,2,3,19.290123,1243825.012770
0,1,2,3,19.282684,1243573.820011
0,1,2,3,19.275251,1243547.049824
0,1,2,3,19.267823,1243545.578721
0,1,2,3,19.260401,1243416.539600
0,1,2,3,19.252984,1243260.801472
0,1,2,3,19.245574,1242884.781604
0,1,2,3,19.238169,1242630.736682
0,1,2,3,19.230769,1242267.142061
0,1,2,3,19.223376,1242174.946331
0,1,2,3,19.215988,1242153.552569
0,1,2,3,19.208605,1242134.136538
0,1,2,3,19.201229,1241876.563140
0,1,2,3,19.193858,1241411.432244
0,1,2,3,19.186493,1240665.181559
0,1,2,3,19.179133,1239895.785708
0,1,2,3,19.171779,1239483.397218
0,1,2,3,19.164431,1239104.415482
0,1,2,3,19.157088,1238694.519952
0,1,2,3,19.149751,1237290.320590
0,1,2,3,19.142420,1236720.881883
0,1,2,3,19.135094,1236633.923969
0,1,2,3,19.127774,1236331.053220
0,1,2,3,19.120459,1235970.747198
0,1,2,3,19.113150,1235942.746916
0,1,2,3,19.105846,1235621.870532
0,1,2,3,19.098549,1234678.384629
0,1,2,3,19.091256,1233303.809801
0,1,2,3,19.083969,1232090.507707
0,1,2,3,19.076688,1231872.224760
0,1,2,3,19.069413,1231773.509879
0,1,2,3,19.062143,1231212.062896
0,1,2,3,19.054878,1230895.621406
0,1,2,3,19.047619,1230746.582037
0,1,2,3,19.040366,1230072.351763
0,1,2,3,19.033118,1230049.453511
0,1,2,3,19.025875,1229878.610879
0,1,2,3,19.018638,1229778.630454
0,1,2,3,19.011407,1229447.380085
0,1,2,3,19.004181,1229366.168717
0,1,2,3,18.996960,1229114.104582
0,1,2,3,18.989746,1228944.942647
0,1,2,3,18.982536,1228110.759471
0,1,2,3,18.975332,1227955.106404
0,1,2,3,18.968134,1227342.327495
0,1,2,3,18.960940,1227190.817253
0,1,2,3,18.953753,1226866.763963
0,1,2,3,18.946571,1226706.901153
0,1,2,3,18.939394,1226062.557696
0,1,2,3,18.932223,1225484.186760
0,1,2,3,18.925057,1225377.588950
0,1,2,3,18.917896,1225373.261225
0,1,2,3,18.910741,1225004.359490
0,1,2,3,18.903592,1224672.678750
0,1,2,3,18.896447,1224628.697068
0,1,2,3,18.889309,1224510.460021
0,1,2,3,18.882175,1224357.095688
0,1,2,3,18.875047,1224174.153052
0,1,2,3,18.867925,1224124.516831
0,1,2,3,18.860807,1223811.102625
0,1,2,3,18.853695,1223431.006406
0,1,2,3,18.846589,1223020.357203
0,1,2,3,18.839488,1222657.258396
0,1,2,3,18.832392,1222196.089768
0,1,2,3,18.825301,1221734.267250
0,1,2,3,18.818216,1221713.475670
0,1,2,3,18.811136,1221013.258669
0,1,2,3,18.804062,1221010.201575
0,1,2,3,18.796992,1219982.282562
0,1,2,3,18.789929,1219619.574034
0,1,2,3,18.782870,1219154.590237
0,1,2,3,18.775817,1218533.977754
0,1,2,3,18.768769,1218527.282251
0,1,2,3,18.761726,1218410.760309
0,1,2,3,18.754689,1217056.515282
0,1,2,3,18.747657,1216784.253012
0,1,2,3,18.740630,1216467.012883
0,1,2,3,18.733608,1216048.552038
0,1,2,3,18.726592,1215623.526340
0,1,2,3,18.719581,1215569.149749
0,1,2,3,18.712575,1214831.677953
0,1,2,3,18.705574,1214495.425062
0,1,2,3,18.698579,1214442.070374
0,1,2,3,18.691589,1214432.525938
0,1,2,3,18.684604,1213327.927985
0,1,2,3,18.677624,1212701.579329
0,1,2,3,18.670650,1211554.988074
0,1,2,3,18.663680,1211309.271527
0,1,2,3,18.656716,1210778.429689
0,1,2,3,18.649758,1210058.661862
0,1,2,3,18.642804,1209843.392831
0,1,2,3,18.635855,1209800.362817
0,1,2,3,18.628912,1209669.046482
0,1,2,3,18.621974,1209408.608266
0,1,2,3,18.615041,1209121.414693
0,1,2,3,18.608113,1208823.643643
0,1,2,3,18.601190,1208819.871186
0,1,2,3,18.594273,1208721.100848
0,1,2,3,18.587361,1208665.312700
0,1,2,3,18.580453,1208663.427572
0,1,2,3,18.573551,1208630.125966
0,1,2,3,18.566654,1208045.311074
0,1,2,3,18.559762,1207773.896652
0,1,2,3,18.552876,1207466.613442
0,1,2,3,18.545994,1207270.207501
0,1,2,3,18.539118,1207182.373599
0,1,2,3,18.532246,1206939.851552
0,1,2,3,18.525380,1206859.771121
0,1,2,3,18.518519,1206401.107651
0,1,2,3,18.511662,1206388.180564
0,1,2,3,18.504811,1206269.090662
0,1,2,3,18.497965,1206255.853165
0,1,2,3,18.491124,1206190.385133
0,1,2,3,18.484288,1205965.474899
0,1,2,3,18.477458,1205591.660187
0,1,2,3,18.470632,1205522.184175
0,1,2,3,18.463811,1205149.224500
0,1,2,3,18.456995,1204928.383223
0,1,2,3,18.450185,1204714.133486
0,1,2,3,18.443379,1204606.468883
0,1,2,3,18.436578,1204362.455196
0,1,2,3,18.429783,1204144.340319
0,1,2,3,18.422992,1204007.411224
0,1,2,3,18.416206,1203371.597302
0,1,2,3,18.409426,1203233.177137
0,1,2,3,18.402650,1202328.123116
0,1,2,3,18.395879,1201947.773060
0,1,2,3,18.389114,1201502.092930
0,1,2,3,18.382353,1201447.109695
0,1,2,3,18.375597,1201007.691532
0,1,2,3,18.368846,1200495.723579
0,1,2,3,18.362101,1199417.582453
0,1,2,3,18.355360,1199278.530237
0,1,2,3,18.348624,1199058.868725
0,1,2,3,18.341893,1198042.760952
0,1,2,3,18.335167,1197902.590070
0,1,2,3,18.328446,1197891.236943
0,1,2,3,18.321730,1197887.791238
0,1,2,3,18.315018,1196795.240789
0,1,2,3,18.308312,1196250.371622
0,1,2,3,18.301611,1196153.217359
0,1,2,3,18.294914,1195472.781100
0,1,2,3,18.288222,1195292.111716
0,1,2,3,18.281536,1194864.965828
0,1,2,3,18.274854,1194550.340017
0,1,2,3,18.268177,1194477.886142
0,1,2,3,18.261505,1194255.703120
0,1,2,3,18.254838,1193839.570526
0,1,2,3,18.248175,1193577.752416
0,1,2,3,18.241518,1193553.162142
0,1,2,3,18.234865,1193518.087862
0,1,2,3,18.228217,1192937.888428
0,1,2,3,18.221574,1192753.785898
0,1,2,3,18.214936,1192664.431957
0,1,2,3,18.208303,1192203.958216
0,1,2,3,18.201675,1191815.517394
0,1,2,3,18.195051,1191648.622280
0,1,2,3,18.188432,1191320.999014
0,1,2,3,18.181818,1191221.860318
0,1,2,3,18.175209,1190938.041819
0,1,2,3,18.168605,1190828.703221
0,1,2,3,18.162005,1190625.387680
0,1,2,3,18.155410,1189538.645892
0,1,2,3,18.148820,1188956.615540
0,1,2,3,18.142235,1188904.504532
0,1,2,3,18.135655,1188294.079316
0,1,2,3,18.129079,1187719.385559
0,1,2,3,18.122508,1187667.499525
0,1,2,3,18.115942,1186227.819107
0,1,2,3,18.109381,1185873.814723
0,1,2,3,18.102824,1185664.442089
0,1,2,3,18.096272,1185399.444325
0,1,2,3,18.089725,1185229.453725
0,1,2,3,18.083183,1184952.022882
0,1,2,3,18.076645,1184822.039118
0,1,2,3,18.070112,1184608.690548
0,1,2,3,18.063584,1184441.688693
0,1,2,3,18.057060,1183240.415294
0,1,2,3,18.050542,1182822.604195
0,1,2,3,18.044027,1182796.137553
0,1,2,3,18.037518,1182429.579332
0,1,2,3,18.031013,1182402.097706
0,1,2,3,18.024513,1182140.895612
0,1,2,3,18.018018,1181559.348699
0,1,2,3,18.011527,1181267.333914
0,1,2,3,18.005041,1181225.278782
0,1,2,3,17.998560,1180647.054717
0,1,2,3,17.992083,1180599.980602
0,1,2,3,17.985612,1180269.801862
0,1,2,3,17.979144,1179856.566736
0,1,2,3,17.972682,1179832.601402
0,1,2,3,17.966223,1179143.995389
0,1,2,3,17.959770,1178579.554713
0,1,2,3,17.953321,1177691.592599
0,1,2,3,17.946877,1177551.533868
0,1,2,3,17.940438,1177505.708583
0,1,2,3,17.934003,1177333.742059
0,1,2,3,17.927573,1175942.881784
0,1,2,3,17.921147,1175844.119235
0,1,2,3,17.914726,1175749.618809
0,1,2,3,17.908309,1174336.685927
0,1,2,3,17.901898,1174112.646839
0,1,2,3,17.895490,1173214.436749
0,1,2,3,17.889088,1172993.142254
0,1,2,3,17.882690,1172341.373537
0,1,2,3,17.876296,1171611.777427
0,1,2,3,17.869907,1171565.611179
0,1,2,3,17.863523,1171036.547317
0,1,2,3,17.857143,1170965.110027
0,1,2,3,17.850768,1170836.931823
0,1,2,3,17.844397,1170619.922491
0,1,2,3,17.838031,1170249.357217
0,1,2,3,17.831669,1170198.609492
0,1,2,3,17.825312,1170140.808676
0,1,2,3,17.818959,1169993.587357
0,1,2,3,17.812611,1169895.630246
0,1,2,3,17.806268,1167985.815182
0,1,2,3,17.799929,1167688.142159
0,1,2,3,17.793594,1167597.077995
0,1,2,3,17.787264,1166792.847900
0,1,2,3,17.780939,1166000.205227
0,1,2,3,17.774618,1165092.677804
0,1,2,3,17.768301,1165061.191172
0,1,2,3,17.761989,1164733.131511
0,1,2,3,17.755682,1164188.209584
0,1,2,3,17.749379,1164022.179085
0,1,2,3,17.743080,1163776.423403
0,1,2,3,17.736786,1163508.369044
0,1,2,3,17.730496,1163077.440550
0,1,2,3,17.724211,1162916.866569
0,1,2,3,17.717931,1162686.692116
0,1,2,3,17.711654,1162196.081368
0,1,2,3,17.705382,1162143.133217
0,1,2,3,17.699115,1161858.085697
0,1,2,3,17.692852,1161765.870200
0,1,2,3,17.686594,1161763.605530
0,1,2,3,17.680339,1161571.235384
0,1,2,3,17.674090,1161462.251955
0,1,2,3,17.667845,1161372.424984
0,1,2,3,17.661604,1161014.959029
0,1,2,3,17.655367,1160954.628618
0,1,2,3,17.649135,1160704.742424
0,1,2,3,17.642908,1160635.722425
0,1,2,3,17.636684,1160595.986055
0,1,2,3,17.630465,1160124.557565
0,1,2,3,17.624251,1159654.373380
0,1,2,3,17.618041,1159626.382877
0,1,2,3,17.611835,1159575.516536
0,1,2,3,17.605634,1159377.287862
0,1,2,3,17.599437,1159293.414418
0,1,2,3,17.593244,1159217.086362
0,1,2,3,17.587056,1159124.372500
0,1,2,3,17.580872,1158864.836631
0,1,2,3,17.574692,1158818.875170
0,1,2,3,17.568517,1158453.465014
0,1,2,3,17.562346,1158223.796182
0,1,2,3,17.556180,1157665.349802
0,1,2,3,17.550018,1157242.324325
0,1,2,3,17.543860,1154616.876589
0,1,2,3,17.537706,1154451.702598
0,1,2,3,17.531557,1154028.544737
0,1,2,3,17.525412,1153988.511120
0,1,2,3,17.519271,1153890.063935
0,1,2,3,17.513135,1153389.575974
0,1,2,3,17.507003,1152827.190756
0,1,2,3,17.500875,1152128.579947
0,1,2,3,17.494752,1151942.689299
0,1,2,3,17.488632,1151169.857151
0,1,2,3,17.482517,1150887.545502
0,1,2,3,17.476407,1149766.253890
0,1,2,3,17.470300,1149519.097181
0,1,2,3,17.464198,1149163.769402
0,1,2,3,17.458101,1148934.561220
0,1,2,3,17.452007,1148031.608665
0,1,2,3,17.445918,1147754.957886
0,1,2,3,17.439833,1147419.695023
0,1,2,3,17.433752,1147258.496693
0,1,2,3,17.427675,1147248.401435
0,1,2,3,17.421603,1147189.555745
0,1,2,3,17.415535,1147002.439856
0,1,2,3,17.409471,1146582.302088
0,1,2,3,17.403411,1146507.606245
0,1,2,3,17.397356,1146499.825538
0,1,2,3,17.391304,1146454.616828
0,1,2,3,17.385257,1146424.153750
0,1,2,3,17.379214,1146301.944130
0,1,2,3,17.373176,1145715.794490
0,1,2,3,17.367141,1145618.263924
0,1,2,3,17.361111,1145176.837844
0,1,2,3,17.355085,1145157.254710
0,1,2,3,17.349063,1144970.719433
0,1,2,3,17.343045,1144925.435367
0,1,2,3,17.337032,1144516.511903
0,1,2,3,17.331023,1144427.477819
0,1,2,3,17.325017,1143988.537481
0,1,2,3,17.319016,1143585.923354
0,1,2,3,17.313019,1142243.667510
0,1,2,3,17.307027,1141393.857860
0,1,2,3,17.301038,1140445.280199
0,1,2,3,17.295054,1140166.472253
0,1,2,3,17.289073,1140043.844423
0,1,2,3,17.283097,1139787.486023
0,1,2,3,17.277125,1139733.220542
0,1,2,3,17.271157,1139587.615234
0,1,2,3,17.265193,1139544.375184
0,1,2,3,17.259234,1138944.951446
0,1,2,3,17.253278,1138429.798909
0,1,2,3,17.247327,1138361.800113
0,1,2,3,17.241379,1138051.749403
0,1,2,3,17.235436,1137937.004924
0,1,2,3,17.229497,1137797.569678
0,1,2,3,17.223562,1137644.379321
0,1,2,3,17.217631,1137241.755670
0,1,2,3,17.211704,1136698.230710
0,1,2,3,17.205781,1136580.704965
0,1,2,3,17.199862,1136146.598817
0,1,2,3,17.193948,1135953.635232
0,1,2,3,17.188037,1135572.233420
0,1,2,3,17.182131,1135427.446762
0,1,2,3,17.176228,1134961.281634
0,1,2,3,17.170330,1134563.439943
0,1,2,3,17.164435,1134354.311626
0,1,2,3,17.158545,1134107.331987
0,1,2,3,17.152659,1134102.146477
0,1,2,3,17.146776,1133187.517284
0,1,2,3,17.140898,1132893.425780
0,1,2,3,17.135024,1132772.145417
0,1,2,3,17.129154,1132642.273216
0,1,2,3,17.123288,1132089.021297
0,1,2,3,17.117426,1131877.837032
0,1,2,3,17.111567,1131397.092626
0,1,2,3,17.105713,1129791.211094
0,1,2,3,17.099863,1129637.108192
0,1,2,3,17.094017,1129615.702769
0,1,2,3,17.088175,1129256.604604
0,1,2,3,17.082337,1128714.765903
0,1,2,3,17.076503,1128312.922158
0,1,2,3,17.070673,1128254.723371
0,1,2,3,17.064846,1127542.205038
0,1,2,3,17.059024,1127523.652795
0,1,2,3,17.053206,1127470.256083
0,1,2,3,17.047392,1126193.904346
0,1,2,3,17.041581,1126176.646313
0,1,2,3,17.035775,1126118.048859
0,1,2,3,17.029973,1125413.743003
0,1,2,3,17.024174,1125162.206291
0,1,2,3,17.018380,1125142.426678
0,1,2,3,17.012589,1124760.834487
0,1,2,3,17.006803,1124518.812154
0,1,2,3,17.001020,1124354.788155
0,1,2,3,16.995241,1124209.164142
0,1,2,3,16.989467,1124058.502649
0,1,2,3,16.983696,1123871.161265
0,1,2,3,16.977929,1123777.925546
0,1,2,3,16.972166,1123777.461516
0,1,2,3,16.966407,1123294.105465
0,1,2,3,16.960651,1122563.146563
0,1,2,3,16.954900,1122061.262050
0,1,2,3,16.949153,1122015.976428
0,1,2,3,16.943409,1121612.200703
0,1,2,3,16.937669,1121313.472007
0,1,2,3,16.931934,1120906.276055
0,1,2,3,16.926202,1120873.959310
0,1,2,3,16.920474,1119620.324508
0,1,2,3,16.914750,1119481.473252
0,1,2,3,16.909029,1118541.777198
0,1,2,3,16.903313,1117796.076625
0,1,2,3,16.897601,1117268.517559
0,1,2,3,16.891892,1117253.107304
0,1,2,3,16.886187,1116706.259523
0,1,2,3,16.880486,1115989.709056
0,1,2,3,16.874789,1115873.424769
0,1,2,3,16.869096,1115513.573403
0,1,2,3,16.863406,1115486.095717
0,1,2,3,16.857721,1114879.346749
0,1,2,3,16.852039,1114403.020429
0,1,2,3,16.846361,1113731.280892
0,1,2,3,16.840687,1113099.075343
0,1,2,3,16.835017,1112984.269256
0,1,2,3,16.829350,1112234.624129
0,1,2,3,16.823688,1112180.255149
0,1,2,3,16.818029,1112130.979534
0,1,2,3,16.812374,1112023.561629
0,1,2,3,16.806723,1111633.574417
0,1,2,3,16.801075,1109977.668891
0,1,2,3,16.795432,1109961.450161
0,1,2,3,16.789792,1109529.978524
0,1,2,3,16.784156,1109476.157185
0,1,2,3,16.778523,1108484.112103
0,1,2,3,16.772895,1107978.112134
0,1,2,3,16.767270,1107936.123735
0,1,2,3,16.761649,1107739.283502
0,1,2,3,16.756032,1107572.889772
0,1,2,3,16.750419,1107519.665496
0,1,2,3,16.744809,1107320.420219
0,1,2,3,16.739203,1107303.569436
0,1,2,3,16.733601,1107110.200408
0,1,2,3,16.728003,1107094.529966
0,1,2,3,16.722408,1106434.477453
0,1,2,3,16.716817,1106244.574154
0,1,2,3,16.711230,1106204.023288
0,1,2,3,16.705647,1104737.302901
0,1,2,3,16.700067,1104514.908194
0,1,2,3,16.694491,1104497.756922
0,1,2,3,16.688919,1104443.633656
0,1,2,3,16.683350,1104424.912397
0,1,2,3,16.677785,1104141.249760
0,1,2,3,16.672224,1103487.844164
0,1,2,3,16.666667,1102937.780905
0,1,2,3,16.661113,1102845.685738
0,1,2,3,16.655563,1102732.412543
0,1,2,3,16.650017,1101512.212888
0,1,2,3,16.644474,1100786.428229
0,1,2,3,16.638935,1099641.294490
0,1,2,3,16.633400,1099065.985107
0,1,2,3,16.627868,1098925.660638
0,1,2,3,16.622340,1098497.685770
0,1,2,3,16.616816,1098311.226941
0,1,2,3,16.611296,1098234.087580
0,1,2,3,16.605779,1098042.957281
0,1,2,3,16.600266,1097518.979747
0,1,2,3,16.594756,1096795.418707
0,1,2,3,16.589250,1096234.866939
0,1,2,3,16.583748,1095906.332649
0,1,2,3,16.578249,1095825.559753
0,1,2,3,16.572754,1095809.093203
0,1,2,3,16.567263,1095436.597625
0,1,2,3,16.561775,1095072.580026
0,1,2,3,16.556291,1095039.266505
0,1,2,3,16.550811,1094795.458597
0,1,2,3,16.545334,1094745.229015
0,1,2,3,16.539861,1094717.630554
0,1,2,3,16.534392,1094286.879236
0,1,2,3,16.528926,1094072.719470
0,1,2,3,16.523463,1093595.635727
0,1,2,3,16.518005,1093418.783550
0,1,2,3,16.512550,1093329.227063
0,1,2,3,16.507098,1092458.898203
0,1,2,3,16.501650,1092048.665712
0,1,2,3,16.496206,1091940.337823
0,1,2,3,16.490765,1091919.076096
0,1,2,3,16.485328,1091482.777056
0,1,2,3,16.479895,1091234.924639
0,1,2,3,16.474465,1090297.494288
0,1,2,3,16.469038,1089206.016663
0,1,2,3,16.463615,1089189.944391
0,1,2,3,16.458196,1087477.092692
0,1,2,3,16.452781,1087443.331786
0,1,2,3,16.447368,1087228.808013
0,1,2,3,16.441960,1086498.029584
0,1,2,3,16.436555,1086124.412600
0,1,2,3,16.431153,1085796.668426
0,1,2,3,16.425756,1085365.115795
0,1,2,3,16.420361,1084949.349054
0,1,2,3,16.414970,1084606.691123
0,1,2,3,16.409583,1084595.893834
0,1,2,3,16.404199,1084154.017480
0,1,2,3,16.398819,1084122.372329
0,1,2,3,16.393443,1083423.194251
0,1,2,3,16.388069,1083003.838827
0,1,2,3,16.382700,1082721.481443
0,1,2,3,16.377334,1082715.245474
0,1,2,3,16.371971,1082068.930986
0,1,2,3,16.366612,1081929.407195
0,1,2,3,16.361257,1081645.579840
0,1,2,3,16.355904,1080859.480314
0,1,2,3,16.350556,1080028.449300
0,1,2,3,16.345211,1079859.255359
0,1,2,3,16.339869,1079084.756086
0,1,2,3,16.334531,1078531.001034
0,1,2,3,16.329197,1078457.105892
0,1,2,3,16.323865,1078370.278543
0,1,2,3,16.318538,1078144.511058
0,1,2,3,16.313214,1077404.178523
0,1,2,3,16.307893,1077156.423135
0,1,2,3,16.302576,1077044.435950
0,1,2,3,16.297262,1076160.293904
0,1,2,3,16.291952,1075904.521557
0,1,2,3,16.286645,1075442.989948
0,1,2,3,16.281342,1075353.127489
0,1,2,3,16.276042,1074824.994116
0,1,2,3,16.270745,1074299.373335
0,1,2,3,16.265452,1074230.116494
0,1,2,3,16.260163,1073917.988289
0,1,2,3,16.254876,1073720.951296
0,1,2,3,16.249594,1073019.499644
0,1,2,3,16.244314,1071131.304319
0,1,2,3,16.239039,1071000.568692
0,1,2,3,16.233766,1070726.683679
0,1,2,3,16.228497,1070365.891695
0,1,2,3,16.223232,1070218.957828
0,1,2,3,16.217970,1069818.218081
0,1,2,3,16.212711,1069813.792882
0,1,2,3,16.207455,1069525.490760
0,1,2,3,16.202203,1069253.839945
0,1,2,3,16.196955,1068995.097810
0,1,2,3,16.191710,1068954.194720
0,1,2,3,16.186468,1068794.693857
0,1,2,3,16.181230,1068498.759907
0,1,2,3,16.175995,1067496.896263
0,1,2,3,16.170763,1066735.955008
0,1,2,3,16.165535,1066363.520699
0,1,2,3,16.160310,1066293.280449
0,1,2,3,16.155089,1066075.455717
0,1,2,3,16.149871,1065744.849344
0,1,2,3,16.144656,1065639.316512
0,1,2,3,16.139445,1064643.573327
0,1,2,3,16.134237,1064508.382841
0,1,2,3,16.129032,1064292.956624
0,1,2,3,16.123831,1063533.260261
0,1,2,3,16.118633,1063413.803502
0,1,2,3,16.113439,1063174.500150
0,1,2,3,16.108247,1062775.067143
0,1,2,3,16.103060,1062759.905520
0,1,2,3,16.097875,1062215.200903
0,1,2,3,16.092694,1061685.314523
0,1,2,3,16.087516,1060433.637095
0,1,2,3,16.082342,1060276.793074
0,1,2,3,16.077170,1060242.127934
0,1,2,3,16.072003,1059822.022752
0,1,2,3,16.066838,1059556.320753
0,1,2,3,16.061677,1059548.655826
0,1,2,3,16.056519,1058515.234199
0,1,2,3,16.051364,1058365.856999
0,1,2,3,16.046213,1057902.759500
0,1,2,3,16.041065,1057554.010165
0,1,2,3,16.035920,1057466.473800
0,1,2,3,16.030779,1056290.931666
0,1,2,3,16.025641,1055667.306478
0,1,2,3,16.020506,1055134.996860
0,1,2,3,16.015375,1054432.394958
0,1,2,3,16.010247,1054268.753209
0,1,2,3,16.005122,1054215.490030
0,1,2,3,16.000000,1054115.096802
0,1,2,3,15.994882,1054018.958875
0,1,2,3,15.989767,1053905.729041
0,1,2,3,15.984655,1053342.862973
0,1,2,3,15.979546,1052981.849329
0,1,2,3,15.974441,1052432.709442
0,1,2,3,15.969339,1052376.248303
0,1,2,3,15.964240,1052255.028465
0,1,2,3,15.959145,1051721.747172
0,1,2,3,15.954052,1051708.387348
0,1,2,3,15.948963,1051479.898640
0,1,2,3,15.943878,1051077.828514
0,1,2,3,15.938795,1050526.277821
0,1,2,3,15.933716,1050350.574575
0,1,2,3,15.928640,1050310.588842
0,1,2,3,15.923567,1049785.876244
0,1,2,3,15.918497,1049783.997462
0,1,2,3,15.913431,1049601.868468
0,1,2,3,15.908368,1049413.389117
0,1,2,3,15.903308,1048440.010685
0,1,2,3,15.898251,1047647.963160
0,1,2,3,15.893198,1047521.230284
0,1,2,3,15.888147,1047500.545471
0,1,2,3,15.883100,1047275.350808
0,1,2,3,15.878057,1047116.835577
0,1,2,3,15.873016,1047045.044299
0,1,2,3,15.867978,1046704.091669
0,1,2,3,15.862944,1046642.955046
0,1,2,3,15.857913,1046608.890782
0,1,2,3,15.852885,1046339.058248
0,1,2,3,15.847861,1046333.721997
0,1,2,3,15.842839,1046015.107373
0,1,2,3,15.837821,1045861.784662
0,1,2,3,15.832806,1045688.352073
0,1,2,3,15.827794,1045640.093665
0,1,2,3,15.822785,1045387.776914
0,1,2,3,15.817779,1044966.788676
0,1,2,3,15.812777,1044695.437083
0,1,2,3,15.807777,1043646.919376
0,1,2,3,15.802781,1043457.292941
0,1,2,3,15.797788,1043360.835667
0,1,2,3,15.792798,1043356.882593
0,1,2,3,15.787812,1043073.267611
0,1,2,3,15.782828,1043051.984872
0,1,2,3,15.777848,1042804.575918
0,1,2,3,15.772871,1042766.608337
0,1,2,3,15.767897,1042472.937392
0,1,2,3,15.762926,1041811.409399
0,1,2,3,15.757958,1041731.714713
0,1,2,3,15.752993,1041548.526517
0,1,2,3,15.748031,1040900.353588
0,1,2,3,15.743073,1040686.554988
0,1,2,3,15.738118,1040461.277642
0,1,2,3,15.733166,1039873.629767
0,1,2,3,15.728216,1039251.842379
0,1,2,3,15.723270,1038939.904031
0,1,2,3,15.718328,1038344.714228
0,1,2,3,15.713388,1038199.945390
0,1,2,3,15.708451,1037651.617261
0,1,2,3,15.703518,1037233.733493
0,1,2,3,15.698587,1036512.851355
0,1,2,3,15.693660,1036462.732153
0,1,2,3,15.688735,1036153.937212
0,1,2,3,15.683814,1035488.052762
0,1,2,3,15.678896,1035169.724712
0,1,2,3,15.673981,1035053.606536
0,1,2,3,15.669069,1034904.930937
0,1,2,3,15.664160,1034672.028432
0,1,2,3,15.659255,1034562.180302
0,1,2,3,15.654352,1033888.183916
0,1,2,3,15.649452,1033825.929899
0,1,2,3,15.644556,1033335.127127
0,1,2,3,15.639662,1032852.340714
0,1,2,3,15.634772,1032824.054290
0,1,2,3,15.629884,1032747.194590
0,1,2,3,15.625000,1032332.104970
0,1,2,3,15.620119,1031669.236837
0,1,2,3,15.615240,1030685.912821
0,1,2,3,15.610365,1030663.167014
0,1,2,3,15.605493,1030516.454079
0,1,2,3,15.600624,1029986.718572
0,1,2,3,15.595758,1029962.277917
0,1,2,3,15.590895,1029472.603542
0,1,2,3,15.586035,1029287.294578
0,1,2,3,15.581178,1029264.832840
0,1,2,3,15.576324,1029015.841253
0,1,2,3,15.571473,1028491.303189
0,1,2,3,15.566625,1028160.845814
0,1,2,3,15.561780,1028044.133592
0,1,2,3,15.556938,1027945.592828
0,1,2,3,15.552100,1027732.829338
0,1,2,3,15.547264,1027529.835197
0,1,2,3,15.542431,1027376.302086
0,1,2,3,15.537601,1027228.115704
0,1,2,3,15.532774,1026871.292343
0,1,2,3,15.527950,1026534.871707
0,1,2,3,15.523129,1026217.347935
0,1,2,3,15.518312,1025737.104475
0,1,2,3,15.513497,1025382.130260
0,1,2,3,15.508685,1025245.026818
0,1,2,3,15.503876,1025058.398219
0,1,2,3,15.499070,1024657.407454
0,1,2,3,15.494267,1024303.439105
0,1,2,3,15.489467,1023699.167542
0,1,2,3,15.484670,1023621.621648
0,1,2,3,15.479876,1023556.885935
0,1,2,3,15.475085,1023195.605023
0,1,2,3,15.470297,1022638.270356
0,1,2,3,15.465512,1022331.388388
0,1,2,3,15.460730,1022268.166876
0,1,2,3,15.455951,1021912.210688
0,1,2,3,15.451174,1021837.178366
0,1,2,3,15.446401,1021659.890729
0,1,2,3,15.441631,1021487.023090
0,1,2,3,15.436863,1021265.929853
0,1,2,3,15.432099,1020795.588529
0,1,2,3,15.427337,1020610.323619
0,1,2,3,15.422579,1020601.085097
0,1,2,3,15.417823,1020577.692392
0,1,2,3,15.413070,1020206.254260
0,1,2,3,15.408320,1020100.830771
0,1,2,3,15.403574,1019557.911033
0,1,2,3,15.398830,1019542.521347
0,1,2,3,15.394089,1019275.085070
0,1,2,3,15.389351,1018719.311751
0,1,2,3,15.384615,1018222.130028
0,1,2,3,15.379883,1017967.933442
0,1,2,3,15.375154,1017933.694704
0,1,2,3,15.370427,1017646.021815
0,1,2,3,15.365704,1017391.622247
0,1,2,3,15.360983,1017199.262490
0,1,2,3,15.356265,1015858.589110
0,1,2,3,15.351551,1015771.436511
0,1,2,3,15.346839,1015564.437405
0,1,2,3,15.342129,1014821.352466
0,1,2,3,15.337423,1014612.115708
0,1,2,3,15.332720,1014160.024810
0,1,2,3,15.328020,1014027.224978
0,1,2,3,15.323322,1013431.572569
0,1,2,3,15.318627,1013353.104342
0,1,2,3,15.313936,1013310.629214
0,1,2,3,15.309247,1013022.439265
0,1,2,3,15.304561,1012809.128996
0,1,2,3,15.299878,1012119.107879
0,1,2,3,15.295197,1011987.018764
0,1,2,3,15.290520,1011883.510787
0,1,2,3,15.285845,1011419.913404
0,1,2,3,15.281174,1011146.224705
0,1,2,3,15.276505,1011090.736746
0,1,2,3,15.271839,1009975.038649
0,1,2,3,15.267176,1009973.128270
0,1,2,3,15.262515,1009648.843490
0,1,2,3,15.257858,1009479.230705
0,1,2,3,15.253203,1009296.349393
0,1,2,3,15.248551,1009118.668779
0,1,2,3,15.243902,1008975.471814
0,1,2,3,15.239256,1008925.002413
0,1,2,3,15.234613,1008865.391465
0,1,2,3,15.229973,1008605.869389
0,1,2,3,15.225335,1007627.644595
0,1,2,3,15.220700,1007512.229082
0,1,2,3,15.216068,1007061.546708
0,1,2,3,15.211439,1006301.283228
0,1,2,3,15.206813,1006191.602307
0,1,2,3,15.202189,1005987.913562
0,1,2,3,15.197568,1005746.446884
0,1,2,3,15.192950,1005682.010119
0,1,2,3,15.188335,1005385.588841
0,1,2,3,15.183723,1005169.122775
0,1,2,3,15.179114,1004964.421275
0,1,2,3,15.174507,1004902.566474
0,1,2,3,15.169903,1004042.875102
0,1,2,3,15.165302,1003992.760124
0,1,2,3,15.160703,1003696.269495
0,1,2,3,15.156108,1003488.483936
0,1,2,3,15.151515,1002228.644165
0,1,2,3,15.146925,1001687.494032
0,1,2,3,15.142338,1001093.277780
0,1,2,3,15.137754,1000799.805918
0,1,2,3,15.133172,1000381.981706
0,1,2,3,15.128593,1000188.550804
0,1,2,3,15.124017,1000140.280187
0,1,2,3,15.119444,999771.682590
0,1,2,3,15.114873,999483.800711
0,1,2,3,15.110305,999034.629195
0,1,2,3,15.105740,998551.084762
0,1,2,3,15.101178,998460.641499
0,1,2,3,15.096618,998418.893550
0,1,2,3,15.092062,998392.171236
0,1,2,3,15.087508,998055.444792
0,1,2,3,15.082956,997196.571188
0,1,2,3,15.078408,997136.667374
0,1,2,3,15.073862,997129.362726
0,1,2,3,15.069319,997075.067716
0,1,2,3,15.064779,996962.301443
0,1,2,3,15.060241,996958.493584
0,1,2,3,15.055706,996613.838850
0,1,2,3,15.051174,996310.330261
0,1,2,3,15.046645,995977.469957
0,1,2,3,15.042118,995924.524214
0,1,2,3,15.037594,995826.507434
0,1,2,3,15.033073,995525.345596
0,1,2,3,15.028554,995461.235514
0,1,2,3,15.024038,995001.557551
0,1,2,3,15.019525,994947.136972
0,1,2,3,15.015015,994880.642812
0,1,2,3,15.010507,994815.019602
0,1,2,3,15.006002,994752.992301
0,1,2,3,15.001500,994684.890120
0,1,2,3,14.997001,994630.144727
0,1,2,3,14.992504,994514.009561
0,1,2,3,14.988010,994384.106300
0,1,2,3,14.983518,993498.722266
0,1,2,3,14.979029,993275.998427
0,1,2,3,14.974543,993164.483297
0,1,2,3,14.970060,993121.668388
0,1,2,3,14.965579,993097.457548
0,1,2,3,14.961101,992841.222251
0,1,2,3,14.956626,992440.397320
0,1,2,3,14.952153,992142.227029
0,1,2,3,14.947683,991999.025960
0,1,2,3,14.943216,991562.508156
0,1,2,3,14.938751,991123.550266
0,1,2,3,14.934289,990769.767306
0,1,2,3,14.929830,990725.574767
0,1,2,3,14.925373,989985.499127
0,1,2,3,14.920919,988975.410151
0,1,2,3,14.916468,988684.692273
0,1,2,3,14.912019,988573.982697
0,1,2,3,14.907573,987959.461513
0,1,2,3,14.903130,987617.070641
0,1,2,3,14.898689,987565.557702
0,1,2,3,14.894251,987521.393661
0,1,2,3,14.889815,987452.994359
0,1,2,3,14.885383,987443.919464
0,1,2,3,14.880952,987336.035704
0,1,2,3,14.876525,986956.313148
0,1,2,3,14.872100,986873.782449
0,1,2,3,14.867678,986803.297527
0,1,2,3,14.863258,986433.022134
0,1,2,3,14.858841,986059.228519
0,1,2,3,14.854427,986049.498538
0,1,2,3,14.850015,985803.221313
0,1,2,3,14.845606,985721.189962
0,1,2,3,14.841199,985530.756236
0,1,2,3,14.836795,985121.899001
0,1,2,3,14.832394,984730.933412
0,1,2,3,14.827995,984422.378596
0,1,2,3,14.823599,983755.987385
0,1,2,3,14.819206,983643.584097
0,1,2,3,14.814815,983380.658365
0,1,2,3,14.810427,983150.015722
0,1,2,3,14.806041,983013.730832
0,1,2,3,14.801658,981946.539303
0,1,2,3,14.797277,981754.305437
0,1,2,3,14.792899,981243.905753
0,1,2,3,14.788524,980815.009735
0,1,2,3,14.784151,980329.969125
0,1,2,3,14.779781,980191.570843
0,1,2,3,14.775414,980136.282683
0,1,2,3,14.771049,979864.180453
0,1,2,3,14.766686,979665.472142
0,1,2,3,14.762327,979641.517908
0,1,2,3,14.757969,979383.065674
0,1,2,3,14.753615,979071.662364
0,1,2,3,14.749263,978340.301772
0,1,2,3,14.744913,978164.736579
0,1,2,3,14.740566,978028.529357
0,1,2,3,14.736222,977857.410642
0,1,2,3,14.731880,977502.307776
0,1,2,3,14.727541,977408.926235
0,1,2,3,14.723204,977137.017453
0,1,2,3,14.718870,976878.446059
0,1,2,3,14.714538,976767.562171
0,1,2,3,14.710209,976664.203305
0,1,2,3,14.705882,976107.286852
0,1,2,3,14.701558,976097.665214
0,1,2,3,14.697237,975825.579381
0,1,2,3,14.692918,975162.849599
0,1,2,3,14.688602,974957.868809
0,1,2,3,14.684288,974743.511883
0,1,2,3,14.679977,974732.605562
0,1,2,3,14.675668,974433.166246
0,1,2,3,14.671362,973843.373212
0,1,2,3,14.667058,973519.224022
0,1,2,3,14.662757,973347.430692
0,1,2,3,14.658458,973180.051413
0,1,2,3,14.654162,973128.352456
0,1,2,3,14.649868,973047.605644
0,1,2,3,14.645577,972962.958615
0,1,2,3,14.641288,972889.345996
0,1,2,3,14.637002,972760.604184
0,1,2,3,14.632719,972564.263150
0,1,2,3,14.628438,972145.234679
0,1,2,3,14.624159,971929.568224
0,1,2,3,14.619883,971831.340732
0,1,2,3,14.615609,971371.271049
0,1,2,3,14.611338,971148.002638
0,1,2,3,14.607070,970845.418738
0,1,2,3,14.602804,970684.066522
0,1,2,3,14.598540,970296.646343
0,1,2,3,14.594279,970114.366712
0,1,2,3,14.590020,970061.520845
0,1,2,3,14.585764,969973.922872
0,1,2,3,14.581511,969827.900373
0,1,2,3,14.577259,969767.482195
0,1,2,3,14.573011,969765.700257
0,1,2,3,14.568765,969577.266103
0,1,2,3,14.564521,969383.176466
0,1,2,3,14.560280,969257.922360
0,1,2,3,14.556041,969165.889493
0,1,2,3,14.551804,969129.684775
0,1,2,3,14.547571,969002.239188
0,1,2,3,14.543339,968740.116735
0,1,2,3,14.539110,968382.927882
0,1,2,3,14.534884,968357.927151
0,1,2,3,14.530660,968322.469948
0,1,2,3,14.526438,967948.179438
0,1,2,3,14.522219,967829.916741
0,1,2,3,14.518002,967090.425215
0,1,2,3,14.513788,966848.675181
0,1,2,3,14.509576,966804.688299
0,1,2,3,14.505367,966779.839836
0,1,2,3,14.501160,966730.561491
0,1,2,3,14.496956,966477.361294
0,1,2,3,14.492754,966418.808474
0,1,2,3,14.488554,966231.888964
0,1,2,3,14.484357,966055.792873
0,1,2,3,14.480162,966016.992351
0,1,2,3,14.475970,965902.688941
0,1,2,3,14.471780,965853.460528
0,1,2,3,14.467593,965265.514751
0,1,2,3,14.463408,964920.485433
0,1,2,3,14.459225,964716.667285
0,1,2,3,14.455045,964474.940204
0,1,2,3,14.450867,964394.072626
0,1,2,3,14.446692,964377.321459
0,1,2,3,14.442519,964080.797213
0,1,2,3,14.438348,963990.698901
0,1,2,3,14.434180,963767.896479
0,1,2,3,14.430014,963324.056233
0,1,2,3,14.425851,963036.118670
0,1,2,3,14.421690,962710.417102
0,1,2,3,14.417532,962178.151569
0,1,2,3,14.413376,962087.281385
0,1,2,3,14.409222,961997.320417
0,1,2,3,14.405071,961953.532382
0,1,2,3,14.400922,961936.936233
0,1,2,3,14.396775,961784.558268
0,1,2,3,14.392631,961669.702146
0,1,2,3,14.388489,961305.120140
0,1,2,3,14.384350,961276.985309
0,1,2,3,14.380213,961206.112918
0,1,2,3,14.376078,960597.021374
0,1,2,3,14.371946,960551.068505
0,1,2,3,14.367816,960542.773259
0,1,2,3,14.363689,960274.511019
0,1,2,3,14.359563,960172.813317
0,1,2,3,14.355441,959863.673342
0,1,2,3,14.351320,959300.203653
0,1,2,3,14.347202,959054.125819
0,1,2,3,14.343087,958690.076500
0,1,2,3,14.338973,958592.594437
0,1,2,3,14.334862,957703.749995
0,1,2,3,14.330754,957505.509315
0,1,2,3,14.326648,957154.142499
0,1,2,3,14.322544,956394.780418
0,1,2,3,14.318442,956213.796135
0,1,2,3,14.314343,956166.211955
0,1,2,3,14.310246,956086.917935
0,1,2,3,14.306152,955380.230310
0,1,2,3,14.302059,955154.934928
0,1,2,3,14.297970,955080.331205
0,1,2,3,14.293882,955061.956229
0,1,2,3,14.289797,954931.776979
0,1,2,3,14.285714,954692.308559
0,1,2,3,14.281634,953898.678549
0,1,2,3,14.277556,953700.835146
0,1,2,3,14.273480,953686.442117
0,1,2,3,14.269406,953513.967547
0,1,2,3,14.265335,953403.139835
0,1,2,3,14.261266,953357.264370
0,1,2,3,14.257200,953325.418632
0,1,2,3,14.253136,953243.653479
0,1,2,3,14.249074,952979.167214
0,1,2,3,14.245014,952682.374926
0,1,2,3,14.240957,952566.124179
0,1,2,3,14.236902,952217.643507
0,1,2,3,14.232849,952207.710110
0,1,2,3,14.228799,952116.824713
0,1,2,3,14.224751,951659.116803
0,1,2,3,14.220705,951373.292573
0,1,2,3,14.216662,951186.472765
0,1,2,3,14.212621,950986.284786
0,1,2,3,14.208582,950916.592484
0,1,2,3,14.204545,950801.925385
0,1,2,3,14.200511,950711.375642
0,1,2,3,14.196479,950404.242794
0,1,2,3,14.192450,949555.819959
0,1,2,3,14.188422,949366.761467
0,1,2,3,14.184397,949234.202650
0,1,2,3,14.180374,948601.189625
0,1,2,3,14.176354,948556.267552
0,1,2,3,14.172336,948139.967384
0,1,2,3,14.168320,948107.391057
0,1,2,3,14.164306,947754.086082
0,1,2,3,14.160295,947442.369111
0,1,2,3,14.156285,947305.706137
0,1,2,3,14.152279,947099.316606
0,1,2,3,14.148274,947088.531829
0,1,2,3,14.144272,947017.113056
0,1,2,3,14.140271,946853.529256
0,1,2,3,14.136274,946851.096610
0,1,2,3,14.132278,946550.555932
0,1,2,3,14.128285,946510.056387
0,1,2,3,14.124294,946367.591799
0,1,2,3,14.120305,946318.385425
0,1,2,3,14.116318,946200.654379
0,1,2,3,14.112334,946073.329886
0,1,2,3,14.108352,945953.959455
0,1,2,3,14.104372,945906.721654
0,1,2,3,14.100395,945792.500737
0,1,2,3,14.096420,945755.756645
0,1,2,3,14.092446,945702.901251
0,1,2,3,14.088476,945543.863306
0,1,2,3,14.084507,945274.054606
0,1,2,3,14.080541,944590.967771
0,1,2,3,14.076577,944581.297362
0,1,2,3,14.072615,944196.881159
0,1,2,3,14.068655,944156.468681
0,1,2,3,14.064698,943959.488190
0,1,2,3,14.060742,943819.485420
0,1,2,3,14.056789,943642.864058
0,1,2,3,14.052839,943130.118982
0,1,2,3,14.048890,943065.088500
0,1,2,3,14.044944,943007.791562
0,1,2,3,14.041000,942992.254694
0,1,2,3,14.037058,942881.266180
0,1,2,3,14.033118,942541.026676
0,1,2,3,14.029181,941392.782922
0,1,2,3,14.025245,941296.963272
0,1,2,3,14.021312,941284.220925
0,1,2,3,14.017382,941128.321606
0,1,2,3,14.013453,940878.792895
0,1,2,3,14.009526,940873.664136
0,1,2,3,14.005602,940778.046948
0,1,2,3,14.001680,940670.485649
0,1,2,3,13.997760,940635.770362
0,1,2,3,13.993843,940487.681787
0,1,2,3,13.989927,940024.403157
0,1,2,3,13.986014,939806.223163
0,1,2,3,13.982103,939758.634437
0,1,2,3,13.978194,939190.047347
0,1,2,3,13.974287,939033.605439
0,1,2,3,13.970383,938696.588933
0,1,2,3,13.966480,938684.344715
0,1,2,3,13.962580,938665.867375
0,1,2,3,13.958682,938188.298069
0,1,2,3,13.954786,937769.355508
0,1,2,3,13.950893,937688.690998
0,1,2,3,13.947001,937663.909591
0,1,2,3,13.943112,937397.989785
0,1,2,3,13.939225,937354.148640
0,1,2,3,13.935340,936577.994920
0,1,2,3,13.931457,936501.486192
0,1,2,3,13.927577,936167.212111
0,1,2,3,13.923698,936015.249221
0,1,2,3,13.919822,935755.298872
0,1,2,3,13.915948,935729.154758
0,1,2,3,13.912076,935707.156244
0,1,2,3,13.908206,935105.108424
0,1,2,3,13.904338,934496.286702
0,1,2,3,13.900473,933546.526746
0,1,2,3,13.896609,933148.261610
0,1,2,3,13.892748,933061.204917
0,1,2,3,13.888889,932525.908312
0,1,2,3,13.885032,932333.792473
0,1,2,3,13.881177,931558.815812
0,1,2,3,13.877324,931350.119335
0,1,2,3,13.873474,930961.932191
0,1,2,3,13.869626,930941.448665
0,1,2,3,13.865779,930834.668739
0,1,2,3,13.861935,930334.815685
0,1,2,3,13.858093,930282.486048
0,1,2,3,13.854253,929893.789190
0,1,2,3,13.850416,929783.936930
0,1,2,3,13.846580,929476.446869
0,1,2,3,13.842746,929464.508298
0,1,2,3,13.838915,929347.613019
0,1,2,3,13.835086,929269.277514
0,1,2,3,13.831259,929062.731868
0,1,2,3,13.827434,928963.845576
0,1,2,3,13.823611,928846.470187
0,1,2,3,13.819790,928051.771093
0,1,2,3,13.815971,928031.736051
0,1,2,3,13.812155,927951.215784
0,1,2,3,13.808340,927864.166711
0,1,2,3,13.804528,927773.373239
0,1,2,3,13.800718,927744.044696
0,1,2,3,13.796909,927573.466294
0,1,2,3,13.793103,927271.531863
0,1,2,3,13.789300,927202.881435
0,1,2,3,13.785498,927096.786146
0,1,2,3,13.781698,926612.141619
0,1,2,3,13.777900,926566.966630
0,1,2,3,13.774105,926523.900208
0,1,2,3,13.770311,926444.850267
0,1,2,3,13.766520,926324.520681
0,1,2,3,13.762731,926279.455899
0,1,2,3,13.758943,925773.400784
0,1,2,3,13.755158,925692.342114
0,1,2,3,13.751375,925685.283536
0,1,2,3,13.747594,925500.296281
0,1,2,3,13.743815,924797.805470
0,1,2,3,13.740038,924201.217471
0,1,2,3,13.736264,924029.137920
0,1,2,3,13.732491,923944.768708
0,1,2,3,13.728720,923549.065227
0,1,2,3,13.724952,923438.147286
0,1,2,3,13.721186,923383.126534
0,1,2,3,13.717421,923287.186423
0,1,2,3,13.713659,923136.464661
0,1,2,3,13.709899,922960.816256
0,1,2,3,13.706140,922841.597819
0,1,2,3,13.702384,922782.465727
0,1,2,3,13.698630,922211.815140
0,1,2,3,13.694878,922196.293663
0,1,2,3,13.691128,922156.758908
0,1,2,3,13.687380,921911.738260
0,1,2,3,13.683634,921817.166944
0,1,2,3,13.679891,921754.427191
0,1,2,3,13.676149,921690.643796
0,1,2,3,13.672409,921636.882303
0,1,2,3,13.668671,921065.108999
0,1,2,3,13.664936,921048.826614
0,1,2,3,13.661202,921034.622234
0,1,2,3,13.657471,921019.615991
0,1,2,3,13.653741,920537.704894
0,1,2,3,13.650014,920431.557525
0,1,2,3,13.646288,920099.940930
0,1,2,3,13.642565,919703.386611
0,1,2,3,13.638843,919556.142148
0,1,2,3,13.635124,919450.187709
0,1,2,3,13.631407,919175.321239
0,1,2,3,13.627691,918927.222809
0,1,2,3,13.623978,918240.727000
0,1,2,3,13.620267,918155.608514
0,1,2,3,13.616558,918147.903602
0,1,2,3,13.612851,918001.016114
0,1,2,3,13.609145,917167.972261
0,1,2,3,13.605442,916943.932530
0,1,2,3,13.601741,916798.035643
0,1,2,3,13.598042,916304.995022
0,1,2,3,13.594345,916027.440494
0,1,2,3,13.590650,916005.638292
0,1,2,3,13.586957,915909.757613
0,1,2,3,13.583265,915834.349088
0,1,2,3,13.579576,915746.920587
0,1,2,3,13.575889,915585.388201
0,1,2,3,13.572204,915507.390457
0,1,2,3,13.568521,914820.264282
0,1,2,3,13.564840,914713.619561
0,1,2,3,13.561161,914698.031000
0,1,2,3,13.557484,914627.985323
0,1,2,3,13.553809,914617.772840
0,1,2,3,13.550136,913899.834540
0,1,2,3,13.546464,913822.849859
0,1,2,3,13.542795,913732.256618
0,1,2,3,13.539128,913563.119799
0,1,2,3,13.535463,913464.650516
0,1,2,3,13.531800,913180.335670
0,1,2,3,13.528139,913049.329429
0,1,2,3,13.524479,912588.281947
0,1,2,3,13.520822,912548.197396
0,1,2,3,13.517167,912448.495337
0,1,2,3,13.513514,912420.852469
0,1,2,3,13.509862,912335.562690
0,1,2,3,13.506213,912329.865618
0,1,2,3,13.502565,911698.472244
0,1,2,3,13.498920,911107.825292
0,1,2,3,13.495277,910759.618324
0,1,2,3,13.491635,910616.168803
0,1,2,3,13.487996,910517.898228
0,1,2,3,13.484358,910349.624627
0,1,2,3,13.480723,909743.555477
0,1,2,3,13.477089,909696.215981
0,1,2,3,13.473457,909588.382488
0,1,2,3,13.469828,909376.991370
0,1,2,3,13.466200,909138.176902
0,1,2,3,13.462574,908768.324176
0,1,2,3,13.458950,908502.785291
0,1,2,3,13.455328,908283.203128
0,1,2,3,13.451708,908158.904662
0,1,2,3,13.448090,908000.431717
0,1,2,3,13.444474,907494.835251
0,1,2,3,13.440860,907058.473174
0,1,2,3,13.437248,906686.725211
0,1,2,3,13.433638,906462.119837
0,1,2,3,13.430030,906130.346198
0,1,2,3,13.426423,906015.217024
0,1,2,3,13.422819,905515.738492
0,1,2,3,13.419216,905008.194466
0,1,2,3,13.415616,904473.080104
0,1,2,3,13.412017,904180.635256
0,1,2,3,13.408420,904142.097194
0,1,2,3,13.404826,904088.354449
0,1,2,3,13.401233,902900.938364
0,1,2,3,13.397642,902875.712115
0,1,2,3,13.394053,902812.078470
0,1,2,3,13.390466,902409.094869
0,1,2,3,13.386881,902198.167569
0,1,2,3,13.383298,901712.677935
0,1,2,3,13.379716,901482.971088
0,1,2,3,13.376137,901286.926559
0,1,2,3,13.372560,901266.637898
0,1,2,3,13.368984,901257.915877
0,1,2,3,13.365410,901203.428116
0,1,2,3,13.361839,901032.404513
0,1,2,3,13.358269,900742.370388
0,1,2,3,13.354701,900613.794002
0,1,2,3,13.351135,900599.642438
0,1,2,3,13.347571,900591.784748
0,1,2,3,13.344009,900556.954689
0,1,2,3,13.340448,900209.055249
0,1,2,3,13.336890,900022.895904
0,1,2,3,13.333333,899856.870656
0,1,2,3,13.329779,899811.659067
0,1,2,3,13.326226,899781.504016
0,1,2,3,13.322675,899611.973101
0,1,2,3,13.319126,899575.335658
0,1,2,3,13.315579,899544.584556
0,1,2,3,13.312034,899434.562249
0,1,2,3,13.308491,899310.759100
0,1,2,3,13.304949,899105.180203
0,1,2,3,13.301410,899021.340767
0,1,2,3,13.297872,898747.360819
0,1,2,3,13.294337,898686.064358
0,1,2,3,13.290803,898641.996748
0,1,2,3,13.287271,898623.704727
0,1,2,3,13.283741,897816.549184
0,1,2,3,13.280212,897813.852806
0,1,2,3,13.276686,897701.658853
0,1,2,3,13.273162,897422.910928
0,1,2,3,13.269639,897356.898280
0,1,2,3,13.266118,896733.542380
0,1,2,3,13.262599,896292.315180
0,1,2,3,13.259082,895657.380226
0,1,2,3,13.255567,895472.534584
0,1,2,3,13.252054,895374.878774
0,1,2,3,13.248543,895236.235197
0,1,2,3,13.245033,895058.507425
0,1,2,3,13.241525,895029.445108
0,1,2,3,13.238020,894967.261917
0,1,2,3,13.234516,894731.313563
0,1,2,3,13.231013,894428.599751
0,1,2,3,13.227513,894277.205032
0,1,2,3,13.224015,894167.490345
0,1,2,3,13.220518,893909.187148
0,1,2,3,13.217024,893771.739228
0,1,2,3,13.213531,893637.804217
0,1,2,3,13.210040,893575.917388
0,1,2,3,13.206550,893489.037018
0,1,2,3,13.203063,893159.155848
0,1,2,3,13.199578,893019.375749
0,1,2,3,13.196094,892985.795374
0,1,2,3,13.192612,892982.828116
0,1,2,3,13.189132,892803.170482
0,1,2,3,13.185654,892574.878249
0,1,2,3,13.182178,892358.542762
0,1,2,3,13.178703,891832.445574
0,1,2,3,13.175231,891827.278471
0,1,2,3,13.171760,891749.295503
0,1,2,3,13.168291,891585.559565
0,1,2,3,13.164824,891578.583062
0,1,2,3,13.161358,891320.143479
0,1,2,3,13.157895,891183.754083
0,1,2,3,13.154433,891154.433446
0,1,2,3,13.150973,891019.616503
0,1,2,3,13.147515,890601.543858
0,1,2,3,13.144059,890580.067075
0,1,2,3,13.140604,890447.850754
0,1,2,3,13.137152,890143.071118
0,1,2,3,13.133701,889703.748592
0,1,2,3,13.130252,889466.472639
0,1,2,3,13.126805,889334.455890
0,1,2,3,13.123360,889214.816601
0,1,2,3,13.119916,888921.137032
0,1,2,3,13.116474,888920.612279
0,1,2,3,13.113034,888807.286551
0,1,2,3,13.109596,888762.941504
0,1,2,3,13.106160,888739.597708
0,1,2,3,13.102725,888420.539716
0,1,2,3,13.099293,888307.369590
0,1,2,3,13.095862,886903.047011
0,1,2,3,13.092433,886727.823873
0,1,2,3,13.089005,886598.772565
0,1,2,3,13.085580,886109.930249
0,1,2,3,13.082156,886010.410789
0,1,2,3,13.078734,886000.864071
0,1,2,3,13.075314,885852.890629
0,1,2,3,13.071895,885290.489248
0,1,2,3,13.068479,885272.894988
0,1,2,3,13.065064,885197.350916
0,1,2,3,13.061651,885057.309295
0,1,2,3,13.058240,884844.157728
0,1,2,3,13.054830,884575.221377
0,1,2,3,13.051423,884243.913704
0,1,2,3,13.048017,884111.189615
0,1,2,3,13.044613,883979.139145
0,1,2,3,13.041210,883356.241903
0,1,2,3,13.037810,883077.073439
0,1,2,3,13.034411,883056.338237
0,1,2,3,13.031014,882932.130030
0,1,2,3,13.027619,882671.350828
0,1,2,3,13.024225,882351.039468
0,1,2,3,13.020833,881802.296836
0,1,2,3,13.017443,881473.578324
0,1,2,3,13.014055,881330.613985
0,1,2,3,13.010669,881187.226172
0,1,2,3,13.007284,881147.980759
0,1,2,3,13.003901,881089.796620
0,1,2,3,13.000520,880710.579843
0,1,2,3,12.997141,880482.161477
0,1,2,3,12.993763,880243.116355
0,1,2,3,12.990387,880040.287111
0,1,2,3,12.987013,880001.788352
0,1,2,3,12.983641,879960.208550
0,1,2,3,12.980270,879901.627668
0,1,2,3,12.976901,878844.245853
0,1,2,3,12.973534,878647.063435
0,1,2,3,12.970169,878477.760125
0,1,2,3,12.966805,878471.393554
0,1,2,3,12.963443,878211.266814
0,1,2,3,12.960083,878195.471758
0,1,2,3,12.956725,878072.663766
0,1,2,3,12.953368,878067.228914
0,1,2,3,12.950013,877864.179997
0,1,2,3,12.946660,877847.175999
0,1,2,3,12.943308,877506.719596
0,1,2,3,12.939959,877324.421396
0,1,2,3,12.936611,877219.990140
0,1,2,3,12.933264,876703.680058
0,1,2,3,12.929920,876534.038517
0,1,2,3,12.926577,876522.255709
0,1,2,3,12.923236,876470.798547
0,1,2,3,12.919897,876235.861708
0,1,2,3,12.916559,875957.262280
0,1,2,3,12.913223,875904.224376
0,1,2,3,12.909889,875465.740268
0,1,2,3,12.906557,875459.908939
0,1,2,3,12.903226,875383.782661
0,1,2,3,12.899897,874545.983524
0,1,2,3,12.896570,874442.528364
0,1,2,3,12.893244,874353.653165
0,1,2,3,12.889920,874125.995699
0,1,2,3,12.886598,873778.635099
0,1,2,3,12.883278,873230.232512
0,1,2,3,12.879959,873062.677707
0,1,2,3,12.876642,872884.965427
0,1,2,3,12.873326,872873.626426
0,1,2,3,12.870013,872862.741362
0,1,2,3,12.866701,872859.580727
0,1,2,3,12.863391,872642.682100
0,1,2,3,12.860082,872395.280199
0,1,2,3,12.856776,872193.217478
0,1,2,3,12.853470,872089.772530
0,1,2,3,12.850167,871999.739040
0,1,2,3,12.846865,871969.691481
0,1,2,3,12.843565,871563.893811
0,1,2,3,12.840267,871277.821560
0,1,2,3,12.836970,870152.103299
0,1,2,3,12.833676,869920.878048
0,1,2,3,12.830382,869640.348837
0,1,2,3,12.827091,869498.386056
0,1,2,3,12.823801,869448.753324
0,1,2,3,12.820513,868980.226227
0,1,2,3,12.817226,868680.711150
0,1,2,3,12.813942,868533.252317
0,1,2,3,12.810658,868478.747869
0,1,2,3,12.807377,867682.649162
0,1,2,3,12.804097,867315.500230
0,1,2,3,12.800819,867292.590086
0,1,2,3,12.797543,867175.112752
0,1,2,3,12.794268,866844.412442
0,1,2,3,12.790995,866519.151025
0,1,2,3,12.787724,866180.020903
0,1,2,3,12.784454,866112.313551
0,1,2,3,12.781186,866087.496340
0,1,2,3,12.777920,865870.368751
0,1,2,3,12.774655,865662.668600
0,1,2,3,12.771392,865120.543909
0,1,2,3,12.768131,864690.687535
0,1,2,3,12.764871,864598.835706
0,1,2,3,12.761613,864536.056668
0,1,2,3,12.758357,864416.253718
0,1,2,3,12.755102,864011.640243
0,1,2,3,12.751849,864007.995080
0,1,2,3,12.748598,863979.152876
0,1,2,3,12.745348,863929.987246
0,1,2,3,12.742100,863926.324852
0,1,2,3,12.738854,863439.103986
0,1,2,3,12.735609,863144.998629
0,1,2,3,12.732366,863131.643263
0,1,2,3,12.729124,863123.653600
0,1,2,3,12.725884,862859.240540
0,1,2,3,12.722646,862453.759864
0,1,2,3,12.719410,862280.020936
0,1,2,3,12.716175,861970.099549
0,1,2,3,12.712942,861968.958875
0,1,2,3,12.709710,861809.484439
0,1,2,3,12.706480,860775.227187
0,1,2,3,12.703252,860460.172535
0,1,2,3,12.700025,860346.831220
0,1,2,3,12.696800,860260.543685
0,1,2,3,12.693577,859763.092019
0,1,2,3,12.690355,859725.336840
0,1,2,3,12.687135,859419.460132
0,1,2,3,12.683917,859300.880744
0,1,2,3,12.680700,859256.451081
0,1,2,3,12.677485,859245.100488
0,1,2,3,12.674271,859007.399890
0,1,2,3,12.671059,858757.214304
0,1,2,3,12.667849,858372.899403
0,1,2,3,12.664640,858003.521643
0,1,2,3,12.661433,857979.377315
0,1,2,3,12.658228,857969.541801
0,1,2,3,12.655024,857964.176542
0,1,2,3,12.651822,857435.687140
0,1,2,3,12.648621,857245.017270
0,1,2,3,12.645422,857190.349398
0,1,2,3,12.642225,856920.302850
0,1,2,3,12.639029,856875.111710
0,1,2,3,12.635835,856782.731860
0,1,2,3,12.632643,856215.136191
0,1,2,3,12.629452,855964.089302
0,1,2,3,12.626263,855804.558120
0,1,2,3,12.623075,855733.400074
0,1,2,3,12.619889,855688.354636
0,1,2,3,12.616705,855660.085919
0,1,2,3,12.613522,855443.757891
0,1,2,3,12.610340,855141.668327
0,1,2,3,12.607161,855089.083898
0,1,2,3,12.603983,854875.004493
0,1,2,3,12.600806,854603.122841
0,1,2,3,12.597632,853890.827337
0,1,2,3,12.594458,852793.491494
0,1,2,3,12.591287,852527.796136
0,1,2,3,12.588117,852439.050221
0,1,2,3,12.584948,852263.806133
0,1,2,3,12.581782,851981.418235
0,1,2,3,12.578616,851960.692263
0,1,2,3,12.575453,851650.454481
0,1,2,3,12.572291,851603.304009
0,1,2,3,12.569130,851438.617314
0,1,2,3,12.565971,851248.911774
0,1,2,3,12.562814,850977.602794
0,1,2,3,12.559658,850909.874826
0,1,2,3,12.556504,850792.383548
0,1,2,3,12.553352,850624.053362
0,1,2,3,12.550201,850601.591470
0,1,2,3,12.547051,850534.380199
0,1,2,3,12.543904,850476.824864
0,1,2,3,12.540757,850383.016134
0,1,2,3,12.537613,849907.011984
0,1,2,3,12.534470,848970.931570
0,1,2,3,12.531328,848919.105555
0,1,2,3,12.528188,848872.013330
0,1,2,3,12.525050,848870.445871
0,1,2,3,12.521913,848835.063346
0,1,2,3,12.518778,847634.885824
0,1,2,3,12.515645,847503.260421
0,1,2,3,12.512513,847454.003732
0,1,2,3,12.509382,847240.203493
0,1,2,3,12.506253,847230.729848
0,1,2,3,12.503126,847000.101589
0,1,2,3,12.500000,846763.623521
0,1,2,3,12.496876,846485.994188
0,1,2,3,12.493753,846051.109379
0,1,2,3,12.490632,845520.121015
0,1,2,3,12.487512,845347.144288
0,1,2,3,12.484395,845276.358620
0,1,2,3,12.481278,844949.918956
0,1,2,3,12.478163,844868.092282
0,1,2,3,12.475050,844773.464666
0,1,2,3,12.471938,844740.666599
0,1,2,3,12.468828,844733.496659
0,1,2,3,12.465719,844215.325504
0,1,2,3,12.462612,843987.514963
0,1,2,3,12.459507,843718.860969
0,1,2,3,12.456403,843491.641101
0,1,2,3,12.453300,843453.493365
0,1,2,3,12.450199,842663.078691
0,1,2,3,12.447100,842591.078929
0,1,2,3,12.444002,842242.943221
0,1,2,3,12.440906,842004.178799
0,1,2,3,12.437811,841979.883110
0,1,2,3,12.434718,841889.853222
0,1,2,3,12.431626,841786.655384
0,1,2,3,12.428536,841510.725082
0,1,2,3,12.425447,841421.477910
0,1,2,3,12.422360,841006.043808
0,1,2,3,12.419275,840676.233260
0,1,2,3,12.416191,840611.029345
0,1,2,3,12.413108,840413.787745
0,1,2,3,12.410027,839741.642869
0,1,2,3,12.406948,839730.761766
0,1,2,3,12.403870,839164.101753
0,1,2,3,12.400794,839091.946597
0,1,2,3,12.397719,838413.465705
0,1,2,3,12.394646,838240.328526
0,1,2,3,12.391574,837598.822460
0,1,2,3,12.388503,837492.225890
0,1,2,3,12.385435,837107.217337
0,1,2,3,12.382368,837005.875364
0,1,2,3,12.379302,836916.617577
0,1,2,3,12.376238,836783.132293
0,1,2,3,12.373175,836647.395271
0,1,2,3,12.370114,836478.973549
0,1,2,3,12.367054,836443.674001
0,1,2,3,12.363996,836381.958052
0,1,2,3,12.360939,836199.625766
0,1,2,3,12.357884,836195.343068
0,1,2,3,12.354831,835974.881246
0,1,2,3,12.351779,835915.081622
0,1,2,3,12.348728,835658.650467
0,1,2,3,12.345679,835529.446461
0,1,2,3,12.342631,835474.466492
0,1,2,3,12.339585,835355.865332
0,1,2,3,12.336541,835147.610050
0,1,2,3,12.333498,835018.596506
0,1,2,3,12.330456,834931.764106
0,1,2,3,12.327416,834652.489090
0,1,2,3,12.324378,834647.461557
0,1,2,3,12.321341,834373.335607
0,1,2,3,12.318305,834360.872837
0,1,2,3,12.315271,834144.913112
0,1,2,3,12.312238,833899.325378
0,1,2,3,12.309207,833770.769709
0,1,2,3,12.306178,833621.798854
0,1,2,3,12.303150,833557.333960
0,1,2,3,12.300123,833532.535762
0,1,2,3,12.297098,833427.698946
0,1,2,3,12.294074,833039.497219
0,1,2,3,12.291052,832843.716270
0,1,2,3,12.288031,832812.959379
0,1,2,3,12.285012,832241.653050
0,1,2,3,12.281995,832071.001606
0,1,2,3,12.278978,832063.203032
0,1,2,3,12.275964,831849.735720
0,1,2,3,12.272950,831434.966673
0,1,2,3,12.269939,830929.668973
0,1,2,3,12.266928,830830.112683
0,1,2,3,12.263920,830795.851075
0,1,2,3,12.260912,830178.892796
0,1,2,3,12.257906,830086.527474
0,1,2,3,12.254902,830012.681288
0,1,2,3,12.251899,829574.843150
0,1,2,3,12.248898,828764.771234
0,1,2,3,12.245898,828669.289751
0,1,2,3,12.242899,828600.691435
0,1,2,3,12.239902,828583.010767
0,1,2,3,12.236907,828575.998748
0,1,2,3,12.233912,828529.868170
0,1,2,3,12.230920,828480.144246
0,1,2,3,12.227929,828383.768610
0,1,2,3,12.224939,828271.421931
0,1,2,3,12.221951,828132.749156
0,1,2,3,12.218964,827875.988129
0,1,2,3,12.215978,827582.827262
0,1,2,3,12.212995,827458.676375
0,1,2,3,12.210012,827427.183163
0,1,2,3,12.207031,826775.651118
0,1,2,3,12.204052,826314.253833
0,1,2,3,12.201074,826311.045798
0,1,2,3,12.198097,826075.777211
0,1,2,3,12.195122,826043.162643
0,1,2,3,12.192148,825425.876216
0,1,2,3,12.189176,825420.545649
0,1,2,3,12.186205,825150.162720
0,1,2,3,12.183236,824996.192645
0,1,2,3,12.180268,824895.325395
0,1,2,3,12.177302,824765.140652
0,1,2,3,12.174336,824743.733319
0,1,2,3,12.171373,824658.920321
0,1,2,3,12.168411,824439.460458
0,1,2,3,12.165450,824181.306597
0,1,2,3,12.162491,824116.237823
0,1,2,3,12.159533,823778.573207
0,1,2,3,12.156577,823636.239055
0,1,2,3,12.153622,823515.886912
0,1,2,3,12.150668,823509.660053
0,1,2,3,12.147716,823249.711756
0,1,2,3,12.144766,823061.899778
0,1,2,3,12.141816,822993.791732
0,1,2,3,12.138869,822773.235755
0,1,2,3,12.135922,822582.642172
0,1,2,3,12.132977,822239.982297
0,1,2,3,12.130034,822195.553871
0,1,2,3,12.127092,822178.923357
0,1,2,3,12.124151,822066.572788
0,1,2,3,12.121212,822025.358387
0,1,2,3,12.118274,821882.476602
0,1,2,3,12.115338,821359.378823
0,1,2,3,12.112403,821181.849409
0,1,2,3,12.109470,820918.650877
0,1,2,3,12.106538,820796.118382
0,1,2,3,12.103607,820736.584127
0,1,2,3,12.100678,820155.602093
0,1,2,3,12.097750,820147.634787
0,1,2,3,12.094823,819689.084941
0,1,2,3,12.091898,819644.998481
0,1,2,3,12.088975,819640.001816
0,1,2,3,12.086053,819468.265768
0,1,2,3,12.083132,818869.213842
0,1,2,3,12.080213,818568.771329
0,1,2,3,12.077295,818166.068344
0,1,2,3,12.074378,818153.027992
0,1,2,3,12.071463,818064.569577
0,1,2,3,12.068549,817820.122313
0,1,2,3,12.065637,817807.071573
0,1,2,3,12.062726,817764.770260
0,1,2,3,12.059817,817562.934396
0,1,2,3,12.056909,817472.636321
0,1,2,3,12.054002,817248.748024
0,1,2,3,12.051097,816778.664643
0,1,2,3,12.048193,816691.221367
0,1,2,3,12.045290,816292.463516
0,1,2,3,12.042389,816238.664548
0,1,2,3,12.039490,816145.766917
0,1,2,3,12.036591,816096.848938
0,1,2,3,12.033694,816077.585374
0,1,2,3,12.030799,815924.123492
0,1,2,3,12.027905,815863.124901
0,1,2,3,12.025012,815708.680414
0,1,2,3,12.022121,815675.011522
0,1,2,3,12.019231,815672.163879
0,1,2,3,12.016342,815640.215470
0,1,2,3,12.013455,815460.665874
0,1,2,3,12.010569,815262.508165
0,1,2,3,12.007685,815158.287987
0,1,2,3,12.004802,814949.854929
0,1,2,3,12.001920,814704.106980
0,1,2,3,11.999040,814618.323411
0,1,2,3,11.996161,814583.145571
0,1,2,3,11.993284,814535.031773
0,1,2,3,11.990408,814290.343793
0,1,2,3,11.987533,814162.890130
0,1,2,3,11.984660,814134.108889
0,1,2,3,11.981788,813786.229034
0,1,2,3,11.978917,813646.229977
0,1,2,3,11.976048,813571.715155
0,1,2,3,11.973180,813358.542053
0,1,2,3,11.970314,813315.194421
0,1,2,3,11.967449,813248.604040
0,1,2,3,11.964585,813199.390494
0,1,2,3,11.961722,813141.828244
0,1,2,3,11.958862,813101.399627
0,1,2,3,11.956002,812729.740167
0,1,2,3,11.953144,812636.162742
0,1,2,3,11.950287,812260.794809
0,1,2,3,11.947431,812246.870193
0,1,2,3,11.944577,812242.690637
0,1,2,3,11.941724,812196.123266
0,1,2,3,11.938873,812139.066106
0,1,2,3,11.936023,811916.730078
0,1,2,3,11.933174,811897.885457
0,1,2,3,11.930327,811819.616146
0,1,2,3,11.927481,811789.193465
0,1,2,3,11.924636,811210.330900
0,1,2,3,11.921793,811057.266145
0,1,2,3,11.918951,811000.968323
0,1,2,3,11.916111,811000.749040
0,1,2,3,11.913271,810964.607594
0,1,2,3,11.910434,810951.990916
0,1,2,3,11.907597,810916.760857
0,1,2,3,11.904762,810713.145592
0,1,2,3,11.901928,810624.044123
0,1,2,3,11.899096,810618.385464
0,1,2,3,11.896265,810205.552278
0,1,2,3,11.893435,809839.329926
0,1,2,3,11.890606,809670.145965
0,1,2,3,11.887779,809326.875599
0,1,2,3,11.884954,809186.916034
0,1,2,3,11.882129,808749.285260
0,1,2,3,11.879306,808732.244494
0,1,2,3,11.876485,808706.192099
0,1,2,3,11.873664,808674.267980
0,1,2,3,11.870845,808560.705660
0,1,2,3,11.868028,808016.144625
0,1,2,3,11.865211,807362.194605
0,1,2,3,11.862396,806531.550889
0,1,2,3,11.859583,806498.385817
0,1,2,3,11.856770,806418.844314
0,1,2,3,11.853959,805883.296517
0,1,2,3,11.851150,805691.662339
0,1,2,3,11.848341,805080.806981
0,1,2,3,11.845534,804886.304042
0,1,2,3,11.842729,804811.844883
0,1,2,3,11.839924,804694.717477
0,1,2,3,11.837121,804580.541309
0,1,2,3,11.834320,804091.283968
0,1,2,3,11.831519,804051.955205
0,1,2,3,11.828720,803880.973837
0,1,2,3,11.825922,803704.811877
0,1,2,3,11.823126,803437.925976
0,1,2,3,11.820331,803212.101366
0,1,2,3,11.817537,803207.464460
0,1,2,3,11.814745,802779.823960
0,1,2,3,11.811954,802387.990711
0,1,2,3,11.809164,802242.392949
0,1,2,3,11.806375,802030.309056
0,1,2,3,11.803588,801834.743626
0,1,2,3,11.800802,801632.257647
0,1,2,3,11.798018,801123.074135
0,1,2,3,11.795235,800604.114032
0,1,2,3,11.792453,800567.240038
0,1,2,3,11.789672,800268.183891
0,1,2,3,11.786893,800122.792099
0,1,2,3,11.784115,800040.891466
0,1,2,3,11.781338,799940.495085
0,1,2,3,11.778563,799864.455347
0,1,2,3,11.775789,799487.918382
0,1,2,3,11.773016,799328.022686
0,1,2,3,11.770245,799104.098113
0,1,2,3,11.767475,799099.313722
0,1,2,3,11.764706,798614.231097
0,1,2,3,11.761938,798286.273342
0,1,2,3,11.759172,798089.498857
0,1,2,3,11.756407,797831.919189
0,1,2,3,11.753644,797644.694631
0,1,2,3,11.750881,797545.174751
0,1,2,3,11.748120,797426.756265
0,1,2,3,11.745361,797187.539689
0,1,2,3,11.742602,797041.592980
0,1,2,3,11.739845,796968.351441
0,1,2,3,11.737089,796787.832269
0,1,2,3,11.734335,796730.197746
0,1,2,3,11.731581,796536.240773
0,1,2,3,11.728829,796421.173563
0,1,2,3,11.726079,795790.381932
0,1,2,3,11.723329,795638.761224
0,1,2,3,11.720581,795543.850620
0,1,2,3,11.717835,795540.111541
0,1,2,3,11.715089,795414.288717
0,1,2,3,11.712345,795406.904208
0,1,2,3,11.709602,795314.084290
0,1,2,3,11.706860,795307.123109
0,1,2,3,11.704120,795099.830417
0,1,2,3,11.701381,795036.944988
0,1,2,3,11.698643,794831.660823
0,1,2,3,11.695906,794653.693927
0,1,2,3,11.693171,794560.636728
0,1,2,3,11.690437,794253.172163
0,1,2,3,11.687705,794017.756843
0,1,2,3,11.684973,794004.246853
0,1,2,3,11.682243,794000.833000
0,1,2,3,11.679514,793860.571746
0,1,2,3,11.676787,793745.486885
0,1,2,3,11.674060,793653.343597
0,1,2,3,11.671335,793521.466870
0,1,2,3,11.668611,793279.282414
0,1,2,3,11.665889,792781.669610
0,1,2,3,11.663168,792646.469568
0,1,2,3,11.660448,792622.274021
0,1,2,3,11.657729,792396.478705
0,1,2,3,11.655012,792390.542305
0,1,2,3,11.652296,792340.868811
0,1,2,3,11.649581,792332.218195
0,1,2,3,11.646867,792261.053753
0,1,2,3,11.644155,792237.011179
0,1,2,3,11.641444,792099.409587
0,1,2,3,11.638734,792093.525950
0,1,2,3,11.636025,792032.577543
0,1,2,3,11.633318,791769.249011
0,1,2,3,11.630612,790624.401467
0,1,2,3,11.627907,790588.929367
0,1,2,3,11.625203,790578.312026
0,1,2,3,11.622501,790225.818693
0,1,2,3,11.619800,790169.955133
0,1,2,3,11.617100,789714.967138
0,1,2,3,11.614402,789677.020489
0,1,2,3,11.611705,789657.123559
0,1,2,3,11.609009,789320.358175
0,1,2,3,11.606314,789196.641349
0,1,2,3,11.603620,789155.064402
0,1,2,3,11.600928,789128.107231
0,1,2,3,11.598237,789017.119196
0,1,2,3,11.595547,789006.229364
0,1,2,3,11.592859,788994.883711
0,1,2,3,11.590172,788680.833546
0,1,2,3,11.587486,788243.428809
0,1,2,3,11.584801,787937.808810
0,1,2,3,11.582117,787914.975044
0,1,2,3,11.579435,787379.243497
0,1,2,3,11.576754,787322.249659
0,1,2,3,11.574074,787100.018135
0,1,2,3,11.571396,787062.284926
0,1,2,3,11.568718,786886.139156
0,1,2,3,11.566042,786572.545927
0,1,2,3,11.563367,786555.633227
0,1,2,3,11.560694,786184.451883
0,1,2,3,11.558021,786157.300222
0,1,2,3,11.555350,786099.596162
0,1,2,3,11.552680,786019.776801
0,1,2,3,11.550012,785918.227887
0,1,2,3,11.547344,785764.408252
0,1,2,3,11.544678,785730.793454
0,1,2,3,11.542013,785684.050597
0,1,2,3,11.539349,785567.264488
0,1,2,3,11.536687,785485.074288
0,1,2,3,11.534025,785454.937512
0,1,2,3,11.531365,784898.141248
0,1,2,3,11.528706,784786.791624
0,1,2,3,11.526049,784461.155544
0,1,2,3,11.523392,784288.959236
0,1,2,3,11.520737,784025.968057
0,1,2,3,11.518083,783681.080155
0,1,2,3,11.515431,783409.593209
0,1,2,3,11.512779,783333.440610
0,1,2,3,11.510129,782714.721316
0,1,2,3,11.507480,782451.477453
0,1,2,3,11.504832,782244.804365
0,1,2,3,11.502185,782210.589555
0,1,2,3,11.499540,781986.448498
0,1,2,3,11.496896,781939.109459
0,1,2,3,11.494253,781802.236078
0,1,2,3,11.491611,781628.712580
0,1,2,3,11.488971,781469.314497
0,1,2,3,11.486331,781320.680129
0,1,2,3,11.483693,781138.211316
0,1,2,3,11.481056,780995.010425
0,1,2,3,11.478421,780673.947124
0,1,2,3,11.475786,780673.374537
0,1,2,3,11.473153,780596.152328
0,1,2,3,11.470521,780547.892017
0,1,2,3,11.467890,780371.961946
0,1,2,3,11.465260,780116.924951
0,1,2,3,11.462632,780096.371783
0,1,2,3,11.460005,779699.128899
0,1,2,3,11.457379,779645.159806
0,1,2,3,11.454754,779514.692926
0,1,2,3,11.452130,779490.799253
0,1,2,3,11.449508,779410.563693
0,1,2,3,11.446886,779340.979420
0,1,2,3,11.444266,779236.337260
0,1,2,3,11.441648,779092.635527
0,1,2,3,11.439030,779004.983463
0,1,2,3,11.436414,778931.460205
0,1,2,3,11.433798,778758.255127
0,1,2,3,11.431184,778669.887277
0,1,2,3,11.428571,778617.281981
0,1,2,3,11.425960,778466.680070
0,1,2,3,11.423349,777863.247819
0,1,2,3,11.420740,777461.162252
0,1,2,3,11.418132,777254.161147
0,1,2,3,11.415525,777135.210261
0,1,2,3,11.412919,777036.720504
0,1,2,3,11.410315,776804.982425
0,1,2,3,11.407712,776574.405365
0,1,2,3,11.405109,776227.294289
0,1,2,3,11.402509,775684.416065
0,1,2,3,11.399909,775647.146843
0,1,2,3,11.397310,775573.004020
0,1,2,3,11.394713,775499.655768
0,1,2,3,11.392117,775464.808373
0,1,2,3,11.389522,775176.191522
0,1,2,3,11.386928,775157.447121
0,1,2,3,11.384335,775153.012390
0,1,2,3,11.381744,775029.493017
0,1,2,3,11.379153,774927.309717
0,1,2,3,11.376564,774798.881169
0,1,2,3,11.373976,774763.173561
0,1,2,3,11.371390,774691.712311
0,1,2,3,11.368804,774498.223731
0,1,2,3,11.366220,774089.994467
0,1,2,3,11.363636,773838.896386
0,1,2,3,11.361054,773781.864018
0,1,2,3,11.358473,773699.256200
0,1,2,3,11.355894,773649.274652
0,1,2,3,11.353315,773638.871572
0,1,2,3,11.350738,773614.569107
0,1,2,3,11.348162,773464.871996
0,1,2,3,11.345587,773383.580643
0,1,2,3,11.343013,773114.846997
0,1,2,3,11.340440,772970.683296
0,1,2,3,11.337868,772758.708505
0,1,2,3,11.335298,772755.116345
0,1,2,3,11.332729,772373.890476
0,1,2,3,11.330161,772327.522235
0,1,2,3,11.327594,772308.150840
0,1,2,3,11.325028,772130.454680
0,1,2,3,11.322464,772050.773911
0,1,2,3,11.319900,771832.298997
0,1,2,3,11.317338,771729.105597
0,1,2,3,11.314777,770774.123886
0,1,2,3,11.312217,770685.047786
0,1,2,3,11.309658,770562.132652
0,1,2,3,11.307101,770218.903675
0,1,2,3,11.304544,770199.320605
0,1,2,3,11.301989,769994.953878
0,1,2,3,11.299435,769683.970830
0,1,2,3,11.296882,769621.345554
0,1,2,3,11.294330,769416.969447
0,1,2,3,11.291780,769308.171272
0,1,2,3,11.289230,768980.477966
0,1,2,3,11.286682,768751.300141
0,1,2,3,11.284135,768326.155803
0,1,2,3,11.281588,768284.567239
0,1,2,3,11.279044,768112.190607
0,1,2,3,11.276500,767987.502232
0,1,2,3,11.273957,767786.026682
0,1,2,3,11.271416,767774.827328
0,1,2,3,11.268875,767764.648382
0,1,2,3,11.266336,767556.214590
0,1,2,3,11.263798,767537.671074
0,1,2,3,11.261261,767530.649133
0,1,2,3,11.258726,767236.630351
0,1,2,3,11.256191,767224.412775
0,1,2,3,11.253657,767042.243078
0,1,2,3,11.251125,766970.176409
0,1,2,3,11.248594,766911.203470
0,1,2,3,11.246064,766624.526568
0,1,2,3,11.243535,766559.194425
0,1,2,3,11.241007,766191.065531
0,1,2,3,11.238481,766164.736292
0,1,2,3,11.235955,766109.507889
0,1,2,3,11.233431,766045.633164
0,1,2,3,11.230907,765699.223472
0,1,2,3,11.228385,765333.932424
0,1,2,3,11.225864,765083.055968
0,1,2,3,11.223345,765069.674063
0,1,2,3,11.220826,764926.103604
0,1,2,3,11.218308,764849.733593
0,1,2,3,11.215792,764770.075954
0,1,2,3,11.213277,764766.110612
0,1,2,3,11.210762,764738.870132
0,1,2,3,11.208249,764565.872350
0,1,2,3,11.205737,764441.961055
0,1,2,3,11.203227,764432.504768
0,1,2,3,11.200717,764398.938600
0,1,2,3,11.198208,764042.376152
0,1,2,3,11.195701,763861.323577
0,1,2,3,11.193195,763849.698410
0,1,2,3,11.190689,763775.085366
0,1,2,3,11.188185,763736.954738
0,1,2,3,11.185682,763352.589787
0,1,2,3,11.183180,762423.026219
0,1,2,3,11.180680,761977.282294
0,1,2,3,11.178180,761970.808256
0,1,2,3,11.175682,761882.049298
0,1,2,3,11.173184,761773.215228
0,1,2,3,11.170688,761715.559552
0,1,2,3,11.168193,761658.936860
0,1,2,3,11.165699,761522.077247
0,1,2,3,11.163206,761304.393170
0,1,2,3,11.160714,761001.865611
0,1,2,3,11.158224,760719.197706
0,1,2,3,11.155734,760451.475135
0,1,2,3,11.153246,760302.425240
0,1,2,3,11.150758,760228.612808
0,1,2,3,11.148272,760134.236594
0,1,2,3,11.145787,759950.492448
0,1,2,3,11.143303,759553.832547
0,1,2,3,11.140820,759368.827793
0,1,2,3,11.138338,759307.555749
0,1,2,3,11.135857,759186.961428
0,1,2,3,11.133378,758923.050828
0,1,2,3,11.130899,758838.672367
0,1,2,3,11.128422,758654.517146
0,1,2,3,11.125946,758489.363683
0,1,2,3,11.123471,758466.446194
0,1,2,3,11.120996,758353.248776
0,1,2,3,11.118523,758219.065011
0,1,2,3,11.116052,758212.936067
0,1,2,3,11.113581,757731.401063
0,1,2,3,11.111111,757446.729589
0,1,2,3,11.108643,757319.980148
0,1,2,3,11.106175,757112.892487
0,1,2,3,11.103709,757035.084148
0,1,2,3,11.101243,756871.660742
0,1,2,3,11.098779,756847.728930
0,1,2,3,11.096316,756676.460451
0,1,2,3,11.093854,756546.981303
0,1,2,3,11.091393,756533.798984
0,1,2,3,11.088933,756377.952645
0,1,2,3,11.086475,756275.823437
0,1,2,3,11.084017,755753.653812
0,1,2,3,11.081560,755558.553170
0,1,2,3,11.079105,755555.175943
0,1,2,3,11.076650,755213.537545
0,1,2,3,11.074197,755149.954042
0,1,2,3,11.071745,755046.819208
0,1,2,3,11.069294,754633.531750
0,1,2,3,11.066844,754534.044602
0,1,2,3,11.064395,754459.325473
0,1,2,3,11.061947,754454.053384
0,1,2,3,11.059500,754359.809331
0,1,2,3,11.057054,754093.082991
0,1,2,3,11.054610,753968.579773
0,1,2,3,11.052166,753715.051367
0,1,2,3,11.049724,753691.501134
0,1,2,3,11.047282,753495.073859
0,1,2,3,11.044842,753278.653039
0,1,2,3,11.042403,753258.199365
0,1,2,3,11.039965,753254.075956
0,1,2,3,11.037528,753231.158381
0,1,2,3,11.035092,753154.671504
0,1,2,3,11.032657,753069.937358
0,1,2,3,11.030223,752981.639579
0,1,2,3,11.027790,752782.900844
0,1,2,3,11.025358,752670.501593
0,1,2,3,11.022928,752292.275024
0,1,2,3,11.020498,752076.223544
0,1,2,3,11.018070,751866.803114
0,1,2,3,11.015642,751653.659956
0,1,2,3,11.013216,751649.145623
0,1,2,3,11.010791,751611.419099
0,1,2,3,11.008366,751591.460995
0,1,2,3,11.005943,751519.187182
0,1,2,3,11.003521,751290.748599
0,1,2,3,11.001100,751186.676648
0,1,2,3,10.998680,751054.229917
0,1,2,3,10.996261,751035.163989
0,1,2,3,10.993843,750785.898207
0,1,2,3,10.991427,750776.004505
0,1,2,3,10.989011,750760.184307
0,1,2,3,10.986596,750723.052465
0,1,2,3,10.984183,750623.970703
0,1,2,3,10.981770,750416.863446
0,1,2,3,10.979359,750274.827779
0,1,2,3,10.976948,750152.602985
0,1,2,3,10.974539,750065.940726
0,1,2,3,10.972131,750036.003698
0,1,2,3,10.969724,750018.824589
0,1,2,3,10.967317,749999.766259
0,1,2,3,10.964912,749952.768291
0,1,2,3,10.962508,749874.252365
0,1,2,3,10.960105,749857.439660
0,1,2,3,10.957703,749675.277313
0,1,2,3,10.955302,749388.320397
0,1,2,3,10.952903,749383.463516
0,1,2,3,10.950504,748962.127092
0,1,2,3,10.948106,748871.092557
0,1,2,3,10.945709,748844.836638
0,1,2,3,10.943314,748647.948545
0,1,2,3,10.940919,748625.261439
0,1,2,3,10.938525,748455.395241
0,1,2,3,10.936133,748439.852466
0,1,2,3,10.933742,748397.898444
0,1,2,3,10.931351,748261.429989
0,1,2,3,10.928962,747734.860591
0,1,2,3,10.926573,747706.767375
0,1,2,3,10.924186,747496.745497
0,1,2,3,10.921800,747288.036994
0,1,2,3,10.919415,746926.681016
0,1,2,3,10.917031,746794.978717
0,1,2,3,10.914647,746759.745878
0,1,2,3,10.912265,746551.151866
0,1,2,3,10.909884,746515.872738
0,1,2,3,10.907504,746078.534175
0,1,2,3,10.905125,746031.098042
0,1,2,3,10.902747,745288.290151
0,1,2,3,10.900371,745195.115060
0,1,2,3,10.897995,745184.320128
0,1,2,3,10.895620,745152.980781
0,1,2,3,10.893246,744329.142026
0,1,2,3,10.890873,744180.994626
0,1,2,3,10.888502,744158.926635
0,1,2,3,10.886131,744151.462605
0,1,2,3,10.883761,743675.891455
0,1,2,3,10.881393,743629.472547
0,1,2,3,10.879025,743606.086360
0,1,2,3,10.876659,743524.140461
0,1,2,3,10.874293,743511.370454
0,1,2,3,10.871929,743357.591583
0,1,2,3,10.869565,742907.394865
0,1,2,3,10.867203,742857.584616
0,1,2,3,10.864841,742787.421980
0,1,2,3,10.862481,742771.547574
0,1,2,3,10.860122,742467.681176
0,1,2,3,10.857763,742391.490705
0,1,2,3,10.855406,742251.515717
0,1,2,3,10.853050,742024.058927
0,1,2,3,10.850694,741941.907003
0,1,2,3,10.848340,741803.952930
0,1,2,3,10.845987,741687.848528
0,1,2,3,10.843635,741570.804504
0,1,2,3,10.841284,741505.159153
0,1,2,3,10.838933,741194.896843
0,1,2,3,10.836584,740780.621203
0,1,2,3,10.834236,740680.005704
0,1,2,3,10.831889,740640.329365
0,1,2,3,10.829543,740339.496794
0,1,2,3,10.827198,739998.712141
0,1,2,3,10.824854,739907.355342
0,1,2,3,10.822511,739822.221618
0,1,2,3,10.820169,739502.619747
0,1,2,3,10.817828,739363.458158
0,1,2,3,10.815488,738854.497014
0,1,2,3,10.813149,738832.442975
0,1,2,3,10.810811,738442.726545
0,1,2,3,10.808474,738251.244494
0,1,2,3,10.806138,738167.888165
0,1,2,3,10.803803,738054.935252
0,1,2,3,10.801469,737968.127332
0,1,2,3,10.799136,737916.475047
0,1,2,3,10.796804,737896.626840
0,1,2,3,10.794473,737836.451042
0,1,2,3,10.792143,737830.397645
0,1,2,3,10.789814,737626.046054
0,1,2,3,10.787487,737575.529048
0,1,2,3,10.785160,737405.546320
0,1,2,3,10.782834,737169.359013
0,1,2,3,10.780509,737106.596202
0,1,2,3,10.778185,737031.242075
0,1,2,3,10.775862,736687.560345
0,1,2,3,10.773540,736510.115252
0,1,2,3,10.771219,736463.559758
0,1,2,3,10.768899,736313.709851
0,1,2,3,10.766581,736228.234112
0,1,2,3,10.764263,736069.669615
0,1,2,3,10.761946,735622.089489
0,1,2,3,10.759630,735524.980192
0,1,2,3,10.757315,735200.687603
0,1,2,3,10.755001,735182.844843
0,1,2,3,10.752688,735077.040202
0,1,2,3,10.750376,735023.537778
0,1,2,3,10.748065,735005.627974
0,1,2,3,10.745755,734918.282125
0,1,2,3,10.743446,734861.488656
0,1,2,3,10.741139,734673.110454
0,1,2,3,10.738832,734445.684101
0,1,2,3,10.736526,734274.815383
0,1,2,3,10.734221,734209.229500
0,1,2,3,10.731917,733997.742954
0,1,2,3,10.729614,733917.345826
0,1,2,3,10.727312,733844.005582
0,1,2,3,10.725011,733779.187198
0,1,2,3,10.722711,733633.832153
0,1,2,3,10.720412,733416.017123
0,1,2,3,10.718114,733242.403855
0,1,2,3,10.715817,733005.885257
0,1,2,3,10.713520,732930.030689
0,1,2,3,10.711225,732797.337052
0,1,2,3,10.708931,732780.223710
0,1,2,3,10.706638,732612.202474
0,1,2,3,10.704346,732609.480491
0,1,2,3,10.702055,732535.296583
0,1,2,3,10.699765,732524.893513
0,1,2,3,10.697475,732219.191872
0,1,2,3,10.695187,732087.930142
0,1,2,3,10.692900,731962.545919
0,1,2,3,10.690614,731751.109328
0,1,2,3,10.688328,731665.895271
0,1,2,3,10.686044,731663.796251
0,1,2,3,10.683761,731494.333637
0,1,2,3,10.681478,731368.839892
0,1,2,3,10.679197,731364.628956
0,1,2,3,10.676917,731232.708731
0,1,2,3,10.674637,731129.486649
0,1,2,3,10.672359,730791.640157
0,1,2,3,10.670081,730672.262882
0,1,2,3,10.667805,730547.574767
0,1,2,3,10.665529,730488.034231
0,1,2,3,10.663254,730484.313259
0,1,2,3,10.660981,730442.767138
0,1,2,3,10.658708,730230.088508
0,1,2,3,10.656436,730225.504231
0,1,2,3,10.654166,730127.477778
0,1,2,3,10.651896,730099.598515
0,1,2,3,10.649627,729480.827998
0,1,2,3,10.647359,729405.593362
0,1,2,3,10.645093,729282.338978
0,1,2,3,10.642827,729198.407318
0,1,2,3,10.640562,728995.319098
0,1,2,3,10.638298,728723.832743
0,1,2,3,10.636035,728642.566481
0,1,2,3,10.633773,728638.015888
0,1,2,3,10.631512,728273.354781
0,1,2,3,10.629252,728199.540851
0,1,2,3,10.626993,728157.727629
0,1,2,3,10.624734,728128.953405
0,1,2,3,10.622477,728128.317227
0,1,2,3,10.620221,728093.204186
0,1,2,3,10.617966,728069.132157
0,1,2,3,10.615711,727992.353291
0,1,2,3,10.613458,727713.141232
0,1,2,3,10.611205,727699.933349
0,1,2,3,10.608954,727671.897669
0,1,2,3,10.606703,727662.721998
0,1,2,3,10.604454,727332.927340
0,1,2,3,10.602205,727322.619209
0,1,2,3,10.599958,727090.814634
0,1,2,3,10.597711,726890.933377
0,1,2,3,10.595465,726780.981396
0,1,2,3,10.593220,726563.462580
0,1,2,3,10.590976,726547.200006
0,1,2,3,10.588734,726133.051485
0,1,2,3,10.586492,725919.534321
0,1,2,3,10.584251,725614.393883
0,1,2,3,10.582011,725561.074328
0,1,2,3,10.579771,725472.078288
0,1,2,3,10.577533,725462.539575
0,1,2,3,10.575296,725395.930142
0,1,2,3,10.573060,725363.739472
0,1,2,3,10.570825,725210.907449
0,1,2,3,10.568590,725118.190539
0,1,2,3,10.566357,724474.605643
0,1,2,3,10.564124,724439.409087
0,1,2,3,10.561893,724370.921744
0,1,2,3,10.559662,724188.482406
0,1,2,3,10.557432,724165.415836
0,1,2,3,10.555204,724020.447494
0,1,2,3,10.552976,723850.200833
0,1,2,3,10.550749,723755.839378
0,1,2,3,10.548523,723755.320761
0,1,2,3,10.546298,723736.476859
0,1,2,3,10.544074,723705.188824
0,1,2,3,10.541851,723659.490015
0,1,2,3,10.539629,723520.448524
0,1,2,3,10.537408,723439.373234
0,1,2,3,10.535188,723215.570361
0,1,2,3,10.532968,723088.203563
0,1,2,3,10.530750,722989.783472
0,1,2,3,10.528532,722955.358839
0,1,2,3,10.526316,722886.198127
0,1,2,3,10.524100,722638.782450
0,1,2,3,10.521886,722612.794324
0,1,2,3,10.519672,722590.728337
0,1,2,3,10.517459,722545.219367
0,1,2,3,10.515247,722527.054795
0,1,2,3,10.513036,722514.959432
0,1,2,3,10.510826,722485.786097
0,1,2,3,10.508617,722278.270615
0,1,2,3,10.506409,722170.331372
0,1,2,3,10.504202,722073.511743
0,1,2,3,10.501995,721779.919450
0,1,2,3,10.499790,721731.345350
0,1,2,3,10.497586,721687.183061
0,1,2,3,10.495382,721626.784870
0,1,2,3,10.493179,721574.890476
0,1,2,3,10.490978,721247.058568
0,1,2,3,10.488777,721184.568890
0,1,2,3,10.486577,720813.230705
0,1,2,3,10.484378,720746.251588
0,1,2,3,10.482180,720719.723178
0,1,2,3,10.479983,720502.912452
0,1,2,3,10.477787,720419.306677
0,1,2,3,10.475592,720381.336416
0,1,2,3,10.473398,720371.996935
0,1,2,3,10.471204,720192.216529
0,1,2,3,10.469012,720139.608745
0,1,2,3,10.466820,720114.736524
0,1,2,3,10.464630,720064.415221
0,1,2,3,10.462440,719654.373888
0,1,2,3,10.460251,719610.912381
0,1,2,3,10.458063,719176.978317
0,1,2,3,10.455876,718792.710079
0,1,2,3,10.453690,718725.905791
0,1,2,3,10.451505,718568.747701
0,1,2,3,10.449321,718409.529136
0,1,2,3,10.447137,718395.314646
0,1,2,3,10.444955,718315.927770
0,1,2,3,10.442774,718218.961556
0,1,2,3,10.440593,718102.004696
0,1,2,3,10.438413,718010.464759
0,1,2,3,10.436235,717901.862693
0,1,2,3,10.434057,717454.094761
0,1,2,3,10.431880,717303.564640
0,1,2,3,10.429704,716978.745943
0,1,2,3,10.427529,716894.323816
0,1,2,3,10.425354,716814.739628
0,1,2,3,10.423181,716713.925408
0,1,2,3,10.421009,716504.816614
0,1,2,3,10.418837,716142.266490
0,1,2,3,10.416667,716122.504722
0,1,2,3,10.414497,716082.790101
0,1,2,3,10.412328,716047.057222
0,1,2,3,10.410160,715909.270826
0,1,2,3,10.407993,715805.503051
0,1,2,3,10.405827,715649.219925
0,1,2,3,10.403662,715606.699715
0,1,2,3,10.401498,715553.475728
0,1,2,3,10.399334,715409.825778
0,1,2,3,10.397172,715352.738655
0,1,2,3,10.395010,715338.696262
0,1,2,3,10.392850,715309.753665
0,1,2,3,10.390690,715123.977317
0,1,2,3,10.388531,715053.682297
0,1,2,3,10.386373,714814.467939
0,1,2,3,10.384216,714414.778766
0,1,2,3,10.382060,714358.759630
0,1,2,3,10.379905,714330.327040
0,1,2,3,10.377750,714087.805346
0,1,2,3,10.375597,713922.552560
0,1,2,3,10.373444,713844.484429
0,1,2,3,10.371292,713811.957156
0,1,2,3,10.369141,713757.844412
0,1,2,3,10.366991,713721.750630
0,1,2,3,10.364842,713453.833949
0,1,2,3,10.362694,713419.458724
0,1,2,3,10.360547,713282.810127
0,1,2,3,10.358401,713231.904364
0,1,2,3,10.356255,713106.061559
0,1,2,3,10.354111,713021.685082
0,1,2,3,10.351967,712935.786029
0,1,2,3,10.349824,712808.870315
0,1,2,3,10.347682,712371.886221
0,1,2,3,10.345541,712351.323013
0,1,2,3,10.343401,712077.700337
0,1,2,3,10.341262,711690.593849
0,1,2,3,10.339123,711600.874966
0,1,2,3,10.336986,711230.299290
0,1,2,3,10.334849,711225.507036
0,1,2,3,10.332713,710963.736421
0,1,2,3,10.330579,710786.399206
0,1,2,3,10.328445,710700.221439
0,1,2,3,10.326311,710691.998136
0,1,2,3,10.324179,710513.528282
0,1,2,3,10.322048,710449.578436
0,1,2,3,10.319917,710378.508948
0,1,2,3,10.317788,710059.222307
0,1,2,3,10.315659,709859.269897
0,1,2,3,10.313531,709829.856653
0,1,2,3,10.311404,709786.054725
0,1,2,3,10.309278,709729.854129
0,1,2,3,10.307153,709696.893008
0,1,2,3,10.305029,709513.946323
0,1,2,3,10.302905,709438.050741
0,1,2,3,10.300783,709295.561185
0,1,2,3,10.298661,709278.521029
0,1,2,3,10.296540,709247.164640
0,1,2,3,10.294420,709223.506782
0,1,2,3,10.292301,709144.653119
0,1,2,3,10.290183,708980.648456
0,1,2,3,10.288066,708959.303473
0,1,2,3,10.285949,708708.168313
0,1,2,3,10.283834,708644.407954
0,1,2,3,10.281719,708523.910105
0,1,2,3,10.279605,708435.187533
0,1,2,3,10.277492,708313.509157
0,1,2,3,10.275380,708243.092495
0,1,2,3,10.273269,708196.163759
0,1,2,3,10.271159,707927.225266
0,1,2,3,10.269049,707715.507605
0,1,2,3,10.266940,707541.908108
0,1,2,3,10.264833,707500.076762
0,1,2,3,10.262726,707280.395071
0,1,2,3,10.260620,707104.605187
0,1,2,3,10.258515,707078.898386
0,1,2,3,10.256410,706823.274635
0,1,2,3,10.254307,706441.825364
0,1,2,3,10.252204,706383.642262
0,1,2,3,10.250103,706341.065943
0,1,2,3,10.248002,706117.029431
0,1,2,3,10.245902,706094.878408
0,1,2,3,10.243802,706065.612203
0,1,2,3,10.241704,705985.201584
0,1,2,3,10.239607,705980.748924
0,1,2,3,10.237510,705902.865864
0,1,2,3,10.235415,705738.472678
0,1,2,3,10.233320,705617.999445
0,1,2,3,10.231226,705472.606106
0,1,2,3,10.229133,705319.429456
0,1,2,3,10.227040,705179.671553
0,1,2,3,10.224949,705092.612419
0,1,2,3,10.222858,705085.777158
0,1,2,3,10.220769,705077.497598
0,1,2,3,10.218680,704969.347089
0,1,2,3,10.216592,704928.271509
0,1,2,3,10.214505,704770.231384
0,1,2,3,10.212418,704758.760459
0,1,2,3,10.210333,704726.523412
0,1,2,3,10.208248,704687.023468
0,1,2,3,10.206165,704574.421047
0,1,2,3,10.204082,704451.286624
0,1,2,3,10.202000,704392.168481
0,1,2,3,10.199918,704275.911509
0,1,2,3,10.197838,704124.157089
0,1,2,3,10.195759,704098.750542
0,1,2,3,10.193680,704090.385814
0,1,2,3,10.191602,703952.952643
0,1,2,3,10.189525,703946.074066
0,1,2,3,10.187449,703700.128540
0,1,2,3,10.185374,703674.855642
0,1,2,3,10.183299,703660.918001
0,1,2,3,10.181226,703654.080550
0,1,2,3,10.179153,703551.628546
0,1,2,3,10.177081,703551.030116
0,1,2,3,10.175010,703547.390634
0,1,2,3,10.172940,703522.781684
0,1,2,3,10.170871,703461.714053
0,1,2,3,10.168802,703420.960775
0,1,2,3,10.166734,703306.667444
0,1,2,3,10.164668,703176.433724
0,1,2,3,10.162602,703037.566940
0,1,2,3,10.160536,702420.243548
0,1,2,3,10.158472,702276.623825
0,1,2,3,10.156409,702164.167287
0,1,2,3,10.154346,702144.015399
0,1,2,3,10.152284,702102.898187
0,1,2,3,10.150223,702098.892372
0,1,2,3,10.148163,701992.421263
0,1,2,3,10.146104,701395.990292
0,1,2,3,10.144045,701138.424675
0,1,2,3,10.141988,700900.309215
0,1,2,3,10.139931,700900.069778
0,1,2,3,10.137875,700836.811735
0,1,2,3,10.135820,700820.898750
0,1,2,3,10.133766,700751.628681
0,1,2,3,10.131712,700731.449928
0,1,2,3,10.129660,700410.704368
0,1,2,3,10.127608,700358.047344
0,1,2,3,10.125557,700229.989860
0,1,2,3,10.123507,700123.648514
0,1,2,3,10.121457,699910.982020
0,1,2,3,10.119409,699633.705620
0,1,2,3,10.117361,699546.332084
0,1,2,3,10.115315,699505.175845
0,1,2,3,10.113269,699445.724006
0,1,2,3,10.111223,699424.598018
0,1,2,3,10.109179,699373.357486
0,1,2,3,10.107136,699359.995977
0,1,2,3,10.105093,699304.071601
0,1,2,3,10.103051,699054.674384
0,1,2,3,10.101010,699053.876348
0,1,2,3,10.098970,699011.165785
0,1,2,3,10.096931,698974.124265
0,1,2,3,10.094892,698942.494964
0,1,2,3,10.092854,698928.002305
0,1,2,3,10.090817,698776.819347
0,1,2,3,10.088781,698630.856571
0,1,2,3,10.086746,698621.577709
0,1,2,3,10.084712,698586.307259
0,1,2,3,10.082678,698540.180138
0,1,2,3,10.080645,698089.556834
0,1,2,3,10.078613,698067.176820
0,1,2,3,10.076582,697900.215796
0,1,2,3,10.074552,697786.245822
0,1,2,3,10.072522,697781.962174
0,1,2,3,10.070493,697732.119791
0,1,2,3,10.068466,697595.177009
0,1,2,3,10.066438,697236.981394
0,1,2,3,10.064412,697034.607395
0,1,2,3,10.062387,696988.826480
0,1,2,3,10.060362,696896.937951
0,1,2,3,10.058338,696696.367011
0,1,2,3,10.056315,696567.397373
0,1,2,3,10.054293,696382.260626
0,1,2,3,10.052272,696373.747288
0,1,2,3,10.050251,696128.706389
0,1,2,3,10.048232,695935.166105
0,1,2,3,10.046213,695776.052786
0,1,2,3,10.044194,695575.407161
0,1,2,3,10.042177,695414.053207
0,1,2,3,10.040161,695137.610209
0,1,2,3,10.038145,695075.674008
0,1,2,3,10.036130,694940.564316
0,1,2,3,10.034116,694872.550696
0,1,2,3,10.032103,694817.131505
0,1,2,3,10.030090,694379.247994
0,1,2,3,10.028079,694264.702068
0,1,2,3,10.026068,693965.172714
0,1,2,3,10.024058,693955.416187
0,1,2,3,10.022049,693903.969307
0,1,2,3,10.020040,693893.804839
0,1,2,3,10.018032,693496.470627
0,1,2,3,10.016026,693261.235421
0,1,2,3,10.014020,693203.507143
0,1,2,3,10.012014,692878.321805
0,1,2,3,10.010010,692861.175369
0,1,2,3,10.008006,692666.082189
0,1,2,3,10.006004,692569.163083
0,1,2,3,10.004002,692562.478137
0,1,2,3,10.002000,692391.112736
0,1,2,3,10.000000,692179.167105
0,1,2,3,9.998000,692177.949871
0,1,2,3,9.996002,692162.992980
0,1,2,3,9.994004,692150.408620
0,1,2,3,9.992006,691938.653675
0,1,2,3,9.990010,691917.585674
0,1,2,3,9.988014,691758.596418
0,1,2,3,9.986020,691649.497294
0,1,2,3,9.984026,691553.210184
0,1,2,3,9.982032,691548.848327
0,1,2,3,9.980040,691511.503210
0,1,2,3,9.978048,691476.303164
0,1,2,3,9.976057,691423.220001
0,1,2,3,9.974067,691388.766576
0,1,2,3,9.972078,691355.880294
0,1,2,3,9.970090,691330.334058
0,1,2,3,9.968102,691206.481468
0,1,2,3,9.966115,691107.773701
0,1,2,3,9.964129,691105.069412
0,1,2,3,9.962144,690507.023712
0,1,2,3,9.960159,690493.807810
0,1,2,3,9.958176,690325.518387
0,1,2,3,9.956193,690188.176949
0,1,2,3,9.954211,690051.297969
0,1,2,3,9.952229,689989.743620
0,1,2,3,9.950249,689983.731137
0,1,2,3,9.948269,689687.850088
0,1,2,3,9.946290,689519.842122
0,1,2,3,9.944312,689473.797572
0,1,2,3,9.942334,689401.793449
0,1,2,3,9.940358,689326.504798
0,1,2,3,9.938382,688560.393524
0,1,2,3,9.936407,688260.525327
0,1,2,3,9.934433,688187.868017
0,1,2,3,9.932459,688129.822900
0,1,2,3,9.930487,688005.160020
0,1,2,3,9.928515,687961.384132
0,1,2,3,9.926544,687955.863415
0,1,2,3,9.924573,687942.174532
0,1,2,3,9.922604,687909.935991
0,1,2,3,9.920635,687771.317237
0,1,2,3,9.918667,687617.268416
0,1,2,3,9.916700,687563.602718
0,1,2,3,9.914733,687371.270628
0,1,2,3,9.912768,687066.825148
0,1,2,3,9.910803,687010.252600
0,1,2,3,9.908839,686884.011852
0,1,2,3,9.906875,686857.419540
0,1,2,3,9.904913,686572.571326
0,1,2,3,9.902951,686510.672194
0,1,2,3,9.900990,686432.903780
0,1,2,3,9.899030,686377.487410
0,1,2,3,9.897070,686372.546267
0,1,2,3,9.895112,686257.862108
0,1,2,3,9.893154,686129.916203
0,1,2,3,9.891197,686117.377957
0,1,2,3,9.889241,685849.209104
0,1,2,3,9.887285,685794.975518
0,1,2,3,9.885330,685733.962962
0,1,2,3,9.883376,685569.562266
0,1,2,3,9.881423,685564.710381
0,1,2,3,9.879470,685489.864551
0,1,2,3,9.877519,685101.629539
0,1,2,3,9.875568,685047.375110
0,1,2,3,9.873618,685013.244522
0,1,2,3,9.871668,684980.494653
0,1,2,3,9.869720,684917.393726
0,1,2,3,9.867772,684762.942596
0,1,2,3,9.865825,684687.161439
0,1,2,3,9.863878,684662.036913
0,1,2,3,9.861933,684580.739925
0,1,2,3,9.859988,684531.286853
0,1,2,3,9.858044,684281.470354
0,1,2,3,9.856101,684164.532066
0,1,2,3,9.854158,684092.327143
0,1,2,3,9.852217,683946.358201
0,1,2,3,9.850276,683909.843425
0,1,2,3,9.848336,683817.247749
0,1,2,3,9.846396,683593.703258
0,1,2,3,9.844458,683528.549898
0,1,2,3,9.842520,683520.813177
0,1,2,3,9.840583,683475.309980
0,1,2,3,9.838646,683044.398700
0,1,2,3,9.836711,682646.225667
0,1,2,3,9.834776,682347.123486
0,1,2,3,9.832842,682244.846077
0,1,2,3,9.830908,681992.408352
0,1,2,3,9.828976,681783.702247
0,1,2,3,9.827044,681728.190579
0,1,2,3,9.825113,681551.851181
0,1,2,3,9.823183,681545.348862
0,1,2,3,9.821253,681519.693021
0,1,2,3,9.819324,681420.228551
0,1,2,3,9.817396,681206.041095
0,1,2,3,9.815469,680891.681639
0,1,2,3,9.813543,680862.294442
0,1,2,3,9.811617,680698.760246
0,1,2,3,9.809692,680611.013118
0,1,2,3,9.807768,679393.501643
0,1,2,3,9.805844,679382.927317
0,1,2,3,9.803922,679288.194434
0,1,2,3,9.802000,679027.990052
0,1,2,3,9.800078,678977.462473
0,1,2,3,9.798158,678872.698142
0,1,2,3,9.796238,678798.699366
0,1,2,3,9.794319,678745.184385
0,1,2,3,9.792401,678631.942221
0,1,2,3,9.790484,678627.212466
0,1,2,3,9.788567,678496.975807
0,1,2,3,9.786651,678437.931291
0,1,2,3,9.784736,678371.609945
0,1,2,3,9.782821,678241.507598
0,1,2,3,9.780908,678236.591260
0,1,2,3,9.778995,678232.593500
0,1,2,3,9.777083,678080.515552
0,1,2,3,9.775171,678059.980955
0,1,2,3,9.773260,678049.888392
0,1,2,3,9.771350,677946.866528
0,1,2,3,9.769441,677724.004435
0,1,2,3,9.767533,677420.207128
0,1,2,3,9.765625,677171.859603
0,1,2,3,9.763718,677102.321223
0,1,2,3,9.761812,676882.315824
0,1,2,3,9.759906,676858.221443
0,1,2,3,9.758002,676854.232428
0,1,2,3,9.756098,676676.325304
0,1,2,3,9.754194,676068.452697
0,1,2,3,9.752292,675727.839124
0,1,2,3,9.750390,675680.723598
0,1,2,3,9.748489,675642.418738
0,1,2,3,9.746589,675561.396145
0,1,2,3,9.744689,675434.467620
0,1,2,3,9.742790,675395.122004
0,1,2,3,9.740892,675252.622902
0,1,2,3,9.738995,675232.344735
0,1,2,3,9.737098,675177.036302
0,1,2,3,9.735202,675155.747425
0,1,2,3,9.733307,675083.075283
0,1,2,3,9.731413,674764.785644
0,1,2,3,9.729519,674684.590597
0,1,2,3,9.727626,674510.576883
0,1,2,3,9.725734,674317.938322
0,1,2,3,9.723843,674106.171594
0,1,2,3,9.721952,674080.569645
0,1,2,3,9.720062,673828.099583
0,1,2,3,9.718173,673802.751928
0,1,2,3,9.716284,673769.014872
0,1,2,3,9.714397,673458.800046
0,1,2,3,9.712510,673149.454882
0,1,2,3,9.710623,673107.280627
0,1,2,3,9.708738,673035.902974
0,1,2,3,9.706853,672923.861339
0,1,2,3,9.704969,672817.548113
0,1,2,3,9.703086,672566.972459
0,1,2,3,9.701203,672501.242950
0,1,2,3,9.699321,672256.026050
0,1,2,3,9.697440,672247.407037
0,1,2,3,9.695559,672208.073117
0,1,2,3,9.693680,671716.459647
0,1,2,3,9.691801,671678.419134
0,1,2,3,9.689922,671535.266962
0,1,2,3,9.688045,671485.362856
0,1,2,3,9.686168,671382.492653
0,1,2,3,9.684292,671167.433605
0,1,2,3,9.682417,671024.742981
0,1,2,3,9.680542,670822.787218
0,1,2,3,9.678668,670814.075955
0,1,2,3,9.676795,670790.228967
0,1,2,3,9.674923,670755.860385
0,1,2,3,9.673051,670690.799460
0,1,2,3,9.671180,670656.608414
0,1,2,3,9.669310,670541.794965
0,1,2,3,9.667440,670395.175564
0,1,2,3,9.665571,670279.703123
0,1,2,3,9.663703,670093.080120
0,1,2,3,9.661836,670076.215835
0,1,2,3,9.659969,669979.791218
0,1,2,3,9.658103,669884.033577
0,1,2,3,9.656238,669775.546074
0,1,2,3,9.654373,669675.380636
0,1,2,3,9.652510,669351.887673
0,1,2,3,9.650647,668963.544637
0,1,2,3,9.648784,668892.371716
0,1,2,3,9.646923,668869.371545
0,1,2,3,9.645062,668867.461310
0,1,2,3,9.643202,668746.625877
0,1,2,3,9.641342,668739.202623
0,1,2,3,9.639483,668298.477955
0,1,2,3,9.637625,668255.138086
0,1,2,3,9.635768,667423.415853
0,1,2,3,9.633911,667299.771124
0,1,2,3,9.632055,667273.716468
0,1,2,3,9.630200,667214.736395
0,1,2,3,9.628346,667060.637132
0,1,2,3,9.626492,667032.043128
0,1,2,3,9.624639,666810.354050
0,1,2,3,9.622787,666670.870878
0,1,2,3,9.620935,666539.098404
0,1,2,3,9.619084,666373.600713
0,1,2,3,9.617234,666368.923747
0,1,2,3,9.615385,666192.595349
0,1,2,3,9.613536,665946.650379
0,1,2,3,9.611688,665809.057368
0,1,2,3,9.609840,665750.997736
0,1,2,3,9.607994,665737.680400
0,1,2,3,9.606148,665682.457880
0,1,2,3,9.604303,665480.896281
0,1,2,3,9.602458,665425.134914
0,1,2,3,9.600614,665381.118466
0,1,2,3,9.598771,665366.667882
0,1,2,3,9.596929,665076.922204
0,1,2,3,9.595087,665042.598639
0,1,2,3,9.593246,664986.963106
0,1,2,3,9.591406,664822.861771
0,1,2,3,9.589567,664677.207577
0,1,2,3,9.587728,664560.225960
0,1,2,3,9.585890,664474.310913
0,1,2,3,9.584052,664095.886041
0,1,2,3,9.582215,663976.387883
0,1,2,3,9.580379,663925.894913
0,1,2,3,9.578544,663862.409177
0,1,2,3,9.576709,663697.184325
0,1,2,3,9.574876,663478.791447
0,1,2,3,9.573042,663478.033090
0,1,2,3,9.571210,663190.697472
0,1,2,3,9.569378,663124.690699
0,1,2,3,9.567547,662971.758563
0,1,2,3,9.565716,662674.014958
0,1,2,3,9.563887,662661.226854
0,1,2,3,9.562058,662525.635372
0,1,2,3,9.560229,662489.999386
0,1,2,3,9.558402,662342.071504
0,1,2,3,9.556575,662236.912688
0,1,2,3,9.554749,661989.072969
0,1,2,3,9.552923,661844.086443
0,1,2,3,9.551098,661748.994585
0,1,2,3,9.549274,661528.510265
0,1,2,3,9.547451,660795.927457
0,1,2,3,9.545628,660786.947343
0,1,2,3,9.543806,660715.135660
0,1,2,3,9.541985,660635.280395
0,1,2,3,9.540164,660526.304929
0,1,2,3,9.538344,660377.362752
0,1,2,3,9.536525,660374.963196
0,1,2,3,9.534706,660149.708435
0,1,2,3,9.532888,660005.684876
0,1,2,3,9.531071,659937.864828
0,1,2,3,9.529255,659618.346848
0,1,2,3,9.527439,659600.145310
0,1,2,3,9.525624,659582.253317
0,1,2,3,9.523810,659288.778198
0,1,2,3,9.521996,659280.730538
0,1,2,3,9.520183,658887.857586
0,1,2,3,9.518370,658802.700305
0,1,2,3,9.516559,658710.599343
0,1,2,3,9.514748,658520.543714
0,1,2,3,9.512938,658293.970279
0,1,2,3,9.511128,658216.733338
0,1,2,3,9.509319,658009.627589
0,1,2,3,9.507511,657987.868532
0,1,2,3,9.505703,657681.542029
0,1,2,3,9.503897,657615.460700
0,1,2,3,9.502090,657386.005047
0,1,2,3,9.500285,657230.954789
0,1,2,3,9.498480,657170.148727
0,1,2,3,9.496676,657088.780393
0,1,2,3,9.494873,657000.186286
0,1,2,3,9.493070,656733.235749
0,1,2,3,9.491268,656559.465816
0,1,2,3,9.489467,656527.284347
0,1,2,3,9.487666,656492.127699
0,1,2,3,9.485866,656354.070408
0,1,2,3,9.484067,656114.144195
0,1,2,3,9.482268,655893.636336
0,1,2,3,9.480470,655859.623466
0,1,2,3,9.478673,655702.331463
0,1,2,3,9.476876,655611.049348
0,1,2,3,9.475081,655493.312214
0,1,2,3,9.473285,655361.221769
0,1,2,3,9.471491,655238.812537
0,1,2,3,9.469697,655212.614537
0,1,2,3,9.467904,655010.299617
0,1,2,3,9.466111,655001.851732
0,1,2,3,9.464320,654869.289287
0,1,2,3,9.462528,654783.416660
0,1,2,3,9.460738,654700.582129
0,1,2,3,9.458948,654506.474067
0,1,2,3,9.457159,654490.544456
0,1,2,3,9.455371,654462.614089
0,1,2,3,9.453583,654387.215789
0,1,2,3,9.451796,654323.678455
0,1,2,3,9.450009,654288.688476
0,1,2,3,9.448224,654209.645339
0,1,2,3,9.446439,653902.328937
0,1,2,3,9.444654,653861.357564
0,1,2,3,9.442871,653636.316815
0,1,2,3,9.441088,653591.512420
0,1,2,3,9.439305,653575.457675
0,1,2,3,9.437524,653503.175617
0,1,2,3,9.435743,653472.162383
0,1,2,3,9.433962,653295.817218
0,1,2,3,9.432183,653162.144064
0,1,2,3,9.430404,653162.008605
0,1,2,3,9.428625,653071.245707
0,1,2,3,9.426848,653051.640238
0,1,2,3,9.425071,653036.263773
0,1,2,3,9.423294,652928.886373
0,1,2,3,9.421519,652736.365093
0,1,2,3,9.419744,652673.997090
0,1,2,3,9.417969,652571.337743
0,1,2,3,9.416196,652533.402297
0,1,2,3,9.414423,652298.580261
0,1,2,3,9.412651,652124.628127
0,1,2,3,9.410879,652108.706734
0,1,2,3,9.409108,652032.061155
0,1,2,3,9.407338,651856.398358
0,1,2,3,9.405568,651848.449924
0,1,2,3,9.403799,651676.360119
0,1,2,3,9.402031,651592.157955
0,1,2,3,9.400263,651533.057574
0,1,2,3,9.398496,651424.569870
0,1,2,3,9.396730,651265.492457
0,1,2,3,9.394964,651131.461201
0,1,2,3,9.393199,651130.574694
0,1,2,3,9.391435,651097.113660
0,1,2,3,9.389671,651045.812602
0,1,2,3,9.387908,650814.638673
0,1,2,3,9.386146,650774.296898
0,1,2,3,9.384384,650720.404273
0,1,2,3,9.382623,650621.940404
0,1,2,3,9.380863,650525.670449
0,1,2,3,9.379103,650448.710386
0,1,2,3,9.377344,650438.184884
0,1,2,3,9.375586,650367.993124
0,1,2,3,9.373828,650286.036630
0,1,2,3,9.372071,650217.045964
0,1,2,3,9.370315,650007.127818
0,1,2,3,9.368559,649980.863016
0,1,2,3,9.366804,649761.851425
0,1,2,3,9.365050,649519.863531
0,1,2,3,9.363296,649336.169977
0,1,2,3,9.361543,649318.079766
0,1,2,3,9.359790,649290.903509
0,1,2,3,9.358039,649176.684915
0,1,2,3,9.356287,649116.730658
0,1,2,3,9.354537,648932.001878
0,1,2,3,9.352787,648781.387525
0,1,2,3,9.351038,648699.864803
0,1,2,3,9.349289,648670.027205
0,1,2,3,9.347542,648633.417602
0,1,2,3,9.345794,648500.538953
0,1,2,3,9.344048,648443.688085
0,1,2,3,9.342302,648396.427533
0,1,2,3,9.340557,648282.962266
0,1,2,3,9.338812,648211.038167
0,1,2,3,9.337068,648118.603708
0,1,2,3,9.335325,648116.814601
0,1,2,3,9.333582,647960.470295
0,1,2,3,9.331840,647875.741870
0,1,2,3,9.330099,647707.695712
0,1,2,3,9.328358,646975.312190
0,1,2,3,9.326618,646943.678741
0,1,2,3,9.324879,646859.507426
0,1,2,3,9.323140,646594.300608
0,1,2,3,9.321402,646586.271107
0,1,2,3,9.319664,646442.125295
0,1,2,3,9.317928,646437.625947
0,1,2,3,9.316192,646291.436922
0,1,2,3,9.314456,646073.986049
0,1,2,3,9.312721,645767.979443
0,1,2,3,9.310987,645729.387286
0,1,2,3,9.309253,645635.047937
0,1,2,3,9.307520,645528.118120
0,1,2,3,9.305788,645279.845154
0,1,2,3,9.304057,644820.462540
0,1,2,3,9.302326,644795.102253
0,1,2,3,9.300595,644768.641691
0,1,2,3,9.298866,644307.883390
0,1,2,3,9.297136,644215.806154
0,1,2,3,9.295408,644020.540846
0,1,2,3,9.293680,643956.785478
0,1,2,3,9.291953,643745.334405
0,1,2,3,9.290227,643313.840885
0,1,2,3,9.288501,643245.523574
0,1,2,3,9.286776,643075.046953
0,1,2,3,9.285051,643022.935673
0,1,2,3,9.283327,643002.076864
0,1,2,3,9.281604,642555.471911
0,1,2,3,9.279881,642375.088216
0,1,2,3,9.278159,642295.349079
0,1,2,3,9.276438,642262.780927
0,1,2,3,9.274717,642194.219128
0,1,2,3,9.272997,642111.627146
0,1,2,3,9.271278,642010.723572
0,1,2,3,9.269559,641973.163511
0,1,2,3,9.267841,641931.829562
0,1,2,3,9.266123,641908.803128
0,1,2,3,9.264406,641822.336095
0,1,2,3,9.262690,641739.322840
0,1,2,3,9.260974,641720.766487
0,1,2,3,9.259259,641694.180790
0,1,2,3,9.257545,641580.802009
0,1,2,3,9.255831,641539.072374
0,1,2,3,9.254118,641411.978525
0,1,2,3,9.252406,641250.693108
0,1,2,3,9.250694,641239.893197
0,1,2,3,9.248983,641145.668480
0,1,2,3,9.247272,641132.954852
0,1,2,3,9.245562,641054.774624
0,1,2,3,9.243853,640839.830406
0,1,2,3,9.242144,640733.179239
0,1,2,3,9.240436,640732.618591
0,1,2,3,9.238729,640641.753723
0,1,2,3,9.237022,640608.513103
0,1,2,3,9.235316,640574.822546
0,1,2,3,9.233610,640552.701658
0,1,2,3,9.231905,640420.713153
0,1,2,3,9.230201,640291.736444
0,1,2,3,9.228498,640216.554090
0,1,2,3,9.226795,640167.212482
0,1,2,3,9.225092,640087.669967
0,1,2,3,9.223391,640054.900629
0,1,2,3,9.221689,639822.874176
0,1,2,3,9.219989,639745.101519
0,1,2,3,9.218289,639731.039807
0,1,2,3,9.216590,639420.529846
0,1,2,3,9.214891,639207.151806
0,1,2,3,9.213193,639095.257129
0,1,2,3,9.211496,639004.356543
0,1,2,3,9.209799,638947.670441
0,1,2,3,9.208103,638692.407054
0,1,2,3,9.206408,638673.616663
0,1,2,3,9.204713,638656.087402
0,1,2,3,9.203019,638524.361936
0,1,2,3,9.201325,638498.050039
0,1,2,3,9.199632,638377.240158
0,1,2,3,9.197940,638333.734904
0,1,2,3,9.196248,638249.279611
0,1,2,3,9.194557,638110.777348
0,1,2,3,9.192866,638055.020210
0,1,2,3,9.191176,638034.655306
0,1,2,3,9.189487,637987.415586
0,1,2,3,9.187799,637715.303929
0,1,2,3,9.186111,637655.066642
0,1,2,3,9.184423,637619.033768
0,1,2,3,9.182736,637609.542171
0,1,2,3,9.181050,637148.840845
0,1,2,3,9.179365,636953.268567
0,1,2,3,9.177680,636822.330986
0,1,2,3,9.175996,636638.322413
0,1,2,3,9.174312,636400.535183
0,1,2,3,9.172629,636394.669689
0,1,2,3,9.170946,636243.151980
0,1,2,3,9.169265,636158.991597
0,1,2,3,9.167583,635817.889210
0,1,2,3,9.165903,635726.926118
0,1,2,3,9.164223,635644.575894
0,1,2,3,9.162544,635596.515017
0,1,2,3,9.160865,635235.101382
0,1,2,3,9.159187,635110.234455
0,1,2,3,9.157509,634969.382055
0,1,2,3,9.155832,634948.961515
0,1,2,3,9.154156,634948.273438
0,1,2,3,9.152480,634835.815948
0,1,2,3,9.150805,634785.136674
0,1,2,3,9.149131,634561.605340
0,1,2,3,9.147457,634559.965563
0,1,2,3,9.145784,634317.240966
0,1,2,3,9.144111,634244.781585
0,1,2,3,9.142439,634215.280050
0,1,2,3,9.140768,634181.833370
0,1,2,3,9.139097,634167.729176
0,1,2,3,9.137427,634049.398543
0,1,2,3,9.135757,633949.128620
0,1,2,3,9.134088,633893.046156
0,1,2,3,9.132420,633854.935801
0,1,2,3,9.130752,633755.139774
0,1,2,3,9.129085,633545.184999
0,1,2,3,9.127419,633534.045706
0,1,2,3,9.125753,633432.472175
0,1,2,3,9.124088,633303.786649
0,1,2,3,9.122423,633274.794074
0,1,2,3,9.120759,633115.998046
0,1,2,3,9.119095,633076.756831
0,1,2,3,9.117433,633016.533670
0,1,2,3,9.115770,632938.960223
0,1,2,3,9.114109,632935.206530
0,1,2,3,9.112448,632607.194579
0,1,2,3,9.110787,632509.918915
0,1,2,3,9.109127,632460.651077
0,1,2,3,9.107468,632046.088859
0,1,2,3,9.105810,631939.094373
0,1,2,3,9.104151,631830.212097
0,1,2,3,9.102494,631730.426788
0,1,2,3,9.100837,631720.272950
0,1,2,3,9.099181,631695.389739
0,1,2,3,9.097525,631541.921352
0,1,2,3,9.095870,631484.545142
0,1,2,3,9.094216,631450.833515
0,1,2,3,9.092562,631371.186643
0,1,2,3,9.090909,631051.184342
0,1,2,3,9.089256,630982.137963
0,1,2,3,9.087605,630745.743846
0,1,2,3,9.085953,630743.715875
0,1,2,3,9.084302,630722.194900
0,1,2,3,9.082652,630492.788978
0,1,2,3,9.081003,630139.534991
0,1,2,3,9.079354,630136.653949
0,1,2,3,9.077705,629741.006343
0,1,2,3,9.076057,629673.302339
0,1,2,3,9.074410,629545.116571
0,1,2,3,9.072764,629489.787408
0,1,2,3,9.071118,629390.973179
0,1,2,3,9.069472,629270.732668
0,1,2,3,9.067827,629264.606672
0,1,2,3,9.066183,629060.604757
0,1,2,3,9.064540,629057.289345
0,1,2,3,9.062897,628991.437136
0,1,2,3,9.061254,628954.874970
0,1,2,3,9.059612,628944.294041
0,1,2,3,9.057971,628854.898363
0,1,2,3,9.056330,628689.986559
0,1,2,3,9.054690,628655.795812
0,1,2,3,9.053051,628568.209853
0,1,2,3,9.051412,628233.091963
0,1,2,3,9.049774,628211.107631
0,1,2,3,9.048136,627914.014916
0,1,2,3,9.046499,627836.169200
0,1,2,3,9.044863,627708.251105
0,1,2,3,9.043227,627510.940659
0,1,2,3,9.041591,627307.641172
0,1,2,3,9.039957,627150.038432
0,1,2,3,9.038322,626967.660825
0,1,2,3,9.036689,626893.077386
0,1,2,3,9.035056,626740.189918
0,1,2,3,9.033424,626480.410853
0,1,2,3,9.031792,626366.220643
0,1,2,3,9.030161,626266.934068
0,1,2,3,9.028530,626109.101492
0,1,2,3,9.026900,625998.324306
0,1,2,3,9.025271,625949.027779
0,1,2,3,9.023642,625715.673113
0,1,2,3,9.022014,625678.717327
0,1,2,3,9.020386,625638.228190
0,1,2,3,9.018759,625592.113295
0,1,2,3,9.017133,625581.128115
0,1,2,3,9.015507,625486.809669
0,1,2,3,9.013881,625401.237642
0,1,2,3,9.012257,625306.725666
0,1,2,3,9.010633,625089.603189
0,1,2,3,9.009009,624961.530434
0,1,2,3,9.007386,624914.553611
0,1,2,3,9.005764,624913.400459
0,1,2,3,9.004142,624903.699994
0,1,2,3,9.002521,624744.245429
0,1,2,3,9.000900,624710.008506
0,1,2,3,8.999280,624631.655780
0,1,2,3,8.997661,624451.070856
0,1,2,3,8.996042,624247.264634
0,1,2,3,8.994423,624097.685460
0,1,2,3,8.992806,624066.032405
0,1,2,3,8.991189,623844.582587
0,1,2,3,8.989572,623752.135912
0,1,2,3,8.987956,623655.548644
0,1,2,3,8.986341,623627.071014
0,1,2,3,8.984726,623523.551986
0,1,2,3,8.983112,623519.814606
0,1,2,3,8.981498,623460.342805
0,1,2,3,8.979885,623444.089182
0,1,2,3,8.978273,623436.029631
0,1,2,3,8.976661,623382.084571
0,1,2,3,8.975049,623167.306474
0,1,2,3,8.973439,622996.392112
0,1,2,3,8.971828,622864.198933
0,1,2,3,8.970219,622524.793627
0,1,2,3,8.968610,622381.703937
0,1,2,3,8.967001,622255.220394
0,1,2,3,8.965394,622117.723360
0,1,2,3,8.963786,622116.408899
0,1,2,3,8.962180,622013.240515
0,1,2,3,8.960573,621872.954212
0,1,2,3,8.958968,621758.318639
0,1,2,3,8.957363,621754.749951
0,1,2,3,8.955759,621753.227043
0,1,2,3,8.954155,621650.848131
0,1,2,3,8.952551,621641.851265
0,1,2,3,8.950949,621604.644481
0,1,2,3,8.949347,621511.350216
0,1,2,3,8.947745,621467.185606
0,1,2,3,8.946144,621455.226651
0,1,2,3,8.944544,621426.220879
0,1,2,3,8.942944,621311.215312
0,1,2,3,8.941345,621210.336976
0,1,2,3,8.939746,621123.267537
0,1,2,3,8.938148,621026.517775
0,1,2,3,8.936550,620984.191921
0,1,2,3,8.934954,620689.980970
0,1,2,3,8.933357,620638.455506
0,1,2,3,8.931761,620637.728960
0,1,2,3,8.930166,620377.348002
0,1,2,3,8.928571,620312.738987
0,1,2,3,8.926977,619998.887113
0,1,2,3,8.925384,619858.701989
0,1,2,3,8.923791,619797.044204
0,1,2,3,8.922198,619751.848344
0,1,2,3,8.920607,619512.012100
0,1,2,3,8.919015,619492.343727
0,1,2,3,8.917425,619270.592842
0,1,2,3,8.915835,619221.185721
0,1,2,3,8.914245,619213.060663
0,1,2,3,8.912656,619086.662321
0,1,2,3,8.911068,618858.446838
0,1,2,3,8.909480,618737.881962
0,1,2,3,8.907892,618734.410176
0,1,2,3,8.906306,618526.390802
0,1,2,3,8.904720,618518.269277
0,1,2,3,8.903134,618304.884565
0,1,2,3,8.901549,618269.730760
0,1,2,3,8.899964,618265.041168
0,1,2,3,8.898380,618214.437468
0,1,2,3,8.896797,618212.292117
0,1,2,3,8.895214,618143.718566
0,1,2,3,8.893632,617614.000228
0,1,2,3,8.892051,617593.384136
0,1,2,3,8.890469,617567.757201
0,1,2,3,8.888889,617383.717358
0,1,2,3,8.887309,617351.494172
0,1,2,3,8.885730,617224.850672
0,1,2,3,8.884151,617148.368663
0,1,2,3,8.882572,617139.614161
0,1,2,3,8.880995,617104.959678
0,1,2,3,8.879418,616984.090607
0,1,2,3,8.877841,616889.525432
0,1,2,3,8.876265,616384.088326
0,1,2,3,8.874689,616296.969652
0,1,2,3,8.873114,616219.655028
0,1,2,3,8.871540,616113.307897
0,1,2,3,8.869966,615731.431559
0,1,2,3,8.868393,615522.452101
0,1,2,3,8.866820,615510.319085
0,1,2,3,8.865248,615203.549930
0,1,2,3,8.863677,615199.919604
0,1,2,3,8.862106,615115.290875
0,1,2,3,8.860535,615084.274758
0,1,2,3,8.858965,615082.534345
0,1,2,3,8.857396,615051.948770
0,1,2,3,8.855827,614953.432202
0,1,2,3,8.854259,614753.545047
0,1,2,3,8.852691,614705.085787
0,1,2,3,8.851124,614594.904558
0,1,2,3,8.849558,614385.437933
0,1,2,3,8.847992,613936.564544
0,1,2,3,8.846426,613732.990335
0,1,2,3,8.844861,613402.284117
0,1,2,3,8.843297,613237.424220
0,1,2,3,8.841733,613090.236723
0,1,2,3,8.840170,613014.024401
0,1,2,3,8.838607,612993.945584
0,1,2,3,8.837045,612951.927824
0,1,2,3,8.835483,612942.052666
0,1,2,3,8.833922,612909.302627
0,1,2,3,8.832362,612888.843244
0,1,2,3,8.830802,612814.852305
0,1,2,3,8.829242,612802.108211
0,1,2,3,8.827684,612751.088711
0,1,2,3,8.826125,612730.340057
0,1,2,3,8.824568,612730.225493
0,1,2,3,8.823010,612540.572116
0,1,2,3,8.821454,612152.880660
0,1,2,3,8.819898,612126.430797
0,1,2,3,8.818342,611881.071178
0,1,2,3,8.816787,611783.882667
0,1,2,3,8.815233,611485.878691
0,1,2,3,8.813679,611425.575556
0,1,2,3,8.812125,611357.872453
0,1,2,3,8.810573,611223.983071
0,1,2,3,8.809020,611005.177313
0,1,2,3,8.807469,610986.203438
0,1,2,3,8.805918,610970.942290
0,1,2,3,8.804367,610907.184523
0,1,2,3,8.802817,610732.914352
0,1,2,3,8.801267,610667.991691
0,1,2,3,8.799718,610605.599674
0,1,2,3,8.798170,610560.342547
0,1,2,3,8.796622,610556.519384
0,1,2,3,8.795075,610362.988432
0,1,2,3,8.793528,610106.116407
0,1,2,3,8.791982,609944.193097
0,1,2,3,8.790436,609781.431127
0,1,2,3,8.788891,609739.076409
0,1,2,3,8.787346,609727.672746
0,1,2,3,8.785802,609611.849046
0,1,2,3,8.784259,609544.573901
0,1,2,3,8.782716,609460.145267
0,1,2,3,8.781173,609421.228411
0,1,2,3,8.779631,609376.973143
0,1,2,3,8.778090,609340.439949
0,1,2,3,8.776549,609090.898937
0,1,2,3,8.775009,609069.199257
0,1,2,3,8.773469,608753.254314
0,1,2,3,8.771930,608635.209379
0,1,2,3,8.770391,608602.052336
0,1,2,3,8.768853,608572.649478
0,1,2,3,8.767315,608444.351631
0,1,2,3,8.765778,608335.841215
0,1,2,3,8.764242,608203.947532
0,1,2,3,8.762706,607993.120333
0,1,2,3,8.761170,607917.720128
0,1,2,3,8.759636,607815.688076
0,1,2,3,8.758101,607668.811359
0,1,2,3,8.756567,607660.045851
0,1,2,3,8.755034,607513.321225
0,1,2,3,8.753501,607452.962413
0,1,2,3,8.751969,607390.093675
0,1,2,3,8.750438,607375.969545
0,1,2,3,8.748906,607335.973300
0,1,2,3,8.747376,607323.002828
0,1,2,3,8.745846,607316.921467
0,1,2,3,8.744316,607300.200292
0,1,2,3,8.742787,607092.637959
0,1,2,3,8.741259,606933.608374
0,1,2,3,8.739731,606906.681921
0,1,2,3,8.738203,606894.794997
0,1,2,3,8.736677,606661.410974
0,1,2,3,8.735150,606565.169264
0,1,2,3,8.733624,606335.050039
0,1,2,3,8.732099,606324.888194
0,1,2,3,8.730574,606161.812279
0,1,2,3,8.729050,606043.026570
0,1,2,3,8.727527,606020.297499
0,1,2,3,8.726003,606003.116189
0,1,2,3,8.724481,605926.217655
0,1,2,3,8.722959,605911.323575
0,1,2,3,8.721437,605673.462541
0,1,2,3,8.719916,605490.235834
0,1,2,3,8.718396,605442.171739
0,1,2,3,8.716876,605411.556052
0,1,2,3,8.715356,605298.326648
0,1,2,3,8.713838,605286.790735
0,1,2,3,8.712319,605183.505979
0,1,2,3,8.710801,605126.325371
0,1,2,3,8.709284,605086.617814
0,1,2,3,8.707767,604825.949878
0,1,2,3,8.706251,604768.725334
0,1,2,3,8.704735,604762.285035
0,1,2,3,8.703220,604735.431081
0,1,2,3,8.701706,604729.660946
0,1,2,3,8.700191,604668.921318
0,1,2,3,8.698678,604629.296392
0,1,2,3,8.697165,604584.918732
0,1,2,3,8.695652,604532.207003
0,1,2,3,8.694140,604425.423629
0,1,2,3,8.692629,604380.805237
0,1,2,3,8.691118,604363.186901
0,1,2,3,8.689607,604347.287324
0,1,2,3,8.688097,604334.352155
0,1,2,3,8.686588,604252.662772
0,1,2,3,8.685079,604129.918154
0,1,2,3,8.683571,604079.056902
0,1,2,3,8.682063,604019.697680
0,1,2,3,8.680556,604006.899901
0,1,2,3,8.679049,603984.789146
0,1,2,3,8.677543,603963.859623
0,1,2,3,8.676037,603857.407733
0,1,2,3,8.674532,603533.828240
0,1,2,3,8.673027,603512.162407
0,1,2,3,8.671523,603419.796936
0,1,2,3,8.670019,603410.178225
0,1,2,3,8.668516,603373.849912
0,1,2,3,8.667013,603296.472021
0,1,2,3,8.665511,603094.220073
0,1,2,3,8.664010,602894.495138
0,1,2,3,8.662509,602649.341988
0,1,2,3,8.661008,602610.489676
0,1,2,3,8.659508,602606.064460
0,1,2,3,8.658009,602573.067995
0,1,2,3,8.656510,602493.158569
0,1,2,3,8.655011,602395.465446
0,1,2,3,8.653513,602297.077836
0,1,2,3,8.652016,602173.889237
0,1,2,3,8.650519,602036.660381
0,1,2,3,8.649023,601931.657925
0,1,2,3,8.647527,601855.790199
0,1,2,3,8.646031,601794.403654
0,1,2,3,8.644537,601771.496973
0,1,2,3,8.643042,601731.579363
0,1,2,3,8.641549,601717.942014
0,1,2,3,8.640055,601658.897739
0,1,2,3,8.638563,601656.845985
0,1,2,3,8.637070,601647.277415
0,1,2,3,8.635579,601339.200666
0,1,2,3,8.634087,601320.145312
0,1,2,3,8.632597,601184.205524
0,1,2,3,8.631107,600899.968492
0,1,2,3,8.629617,600825.400168
0,1,2,3,8.628128,600540.258619
0,1,2,3,8.626639,600029.029948
0,1,2,3,8.625151,600022.277316
0,1,2,3,8.623663,599894.649227
0,1,2,3,8.622176,599594.672851
0,1,2,3,8.620690,599547.417083
0,1,2,3,8.619204,599459.350740
0,1,2,3,8.617718,599450.961560
0,1,2,3,8.616233,599302.357709
0,1,2,3,8.614748,599148.953267
0,1,2,3,8.613264,599142.016190
0,1,2,3,8.611781,599039.961129
0,1,2,3,8.610298,599016.694508
0,1,2,3,8.608815,598829.255550
0,1,2,3,8.607333,598735.025032
0,1,2,3,8.605852,598653.487956
0,1,2,3,8.604371,598375.962988
0,1,2,3,8.602891,598130.697330
0,1,2,3,8.601411,598094.724270
0,1,2,3,8.599931,597972.314025
0,1,2,3,8.598452,597857.758181
0,1,2,3,8.596974,597706.102649
0,1,2,3,8.595496,597589.756824
0,1,2,3,8.594019,597541.737160
0,1,2,3,8.592542,597180.482072
0,1,2,3,8.591065,597174.133035
0,1,2,3,8.589589,597071.181797
0,1,2,3,8.588114,596859.717879
0,1,2,3,8.586639,596852.060765
0,1,2,3,8.585165,596850.495283
0,1,2,3,8.583691,596713.650584
0,1,2,3,8.582218,596523.744872
0,1,2,3,8.580745,596512.964868
0,1,2,3,8.579272,596493.899671
0,1,2,3,8.577801,596457.181830
0,1,2,3,8.576329,596423.702695
0,1,2,3,8.574859,596341.660526
0,1,2,3,8.573388,596149.650109
0,1,2,3,8.571918,596098.432098
0,1,2,3,8.570449,595976.689902
0,1,2,3,8.568980,595964.083455
0,1,2,3,8.567512,595921.432285
0,1,2,3,8.566044,595700.975496
0,1,2,3,8.564577,595480.138479
0,1,2,3,8.563110,595346.116582
0,1,2,3,8.561644,595249.315006
0,1,2,3,8.560178,595231.199886
0,1,2,3,8.558713,594965.362256
0,1,2,3,8.557248,594943.348529
0,1,2,3,8.555784,594860.485597
0,1,2,3,8.554320,594851.059452
0,1,2,3,8.552857,594657.118809
0,1,2,3,8.551394,594602.413947
0,1,2,3,8.549932,594473.612473
0,1,2,3,8.548470,594472.488543
0,1,2,3,8.547009,594312.515105
0,1,2,3,8.545548,594115.653056
0,1,2,3,8.544087,594062.167763
0,1,2,3,8.542628,593847.073873
0,1,2,3,8.541168,593809.164790
0,1,2,3,8.539710,593716.235454
0,1,2,3,8.538251,593566.451786
0,1,2,3,8.536794,593508.073623
0,1,2,3,8.535336,593336.627957
0,1,2,3,8.533880,593212.087486
0,1,2,3,8.532423,593110.528518
0,1,2,3,8.530967,593105.254517
0,1,2,3,8.529512,593093.681094
0,1,2,3,8.528057,592954.140947
0,1,2,3,8.526603,592837.389259
0,1,2,3,8.525149,592716.763615
0,1,2,3,8.523696,592240.662340
0,1,2,3,8.522243,592238.351429
0,1,2,3,8.520791,592050.901728
0,1,2,3,8.519339,591847.003704
0,1,2,3,8.517888,591838.204100
0,1,2,3,8.516437,591774.029106
0,1,2,3,8.514986,591053.891942
0,1,2,3,8.513537,590718.564957
0,1,2,3,8.512087,590689.142225
0,1,2,3,8.510638,590631.495785
0,1,2,3,8.509190,590310.947176
0,1,2,3,8.507742,590156.694678
0,1,2,3,8.506295,590120.774492
0,1,2,3,8.504848,590090.557572
0,1,2,3,8.503401,590017.772804
0,1,2,3,8.501955,589957.390072
0,1,2,3,8.500510,589849.412362
0,1,2,3,8.499065,589845.381482
0,1,2,3,8.497621,589779.018880
0,1,2,3,8.496177,589692.569962
0,1,2,3,8.494733,589691.384556
0,1,2,3,8.493290,589446.849017
0,1,2,3,8.491848,589211.925865
0,1,2,3,8.490406,589135.910834
0,1,2,3,8.488964,589094.825827
0,1,2,3,8.487523,588969.149226
0,1,2,3,8.486083,588811.579477
0,1,2,3,8.484643,588758.089431
0,1,2,3,8.483203,588724.313800
0,1,2,3,8.481764,588632.185595
0,1,2,3,8.480326,588555.392713
0,1,2,3,8.478888,588488.041605
0,1,2,3,8.477450,588463.937651
0,1,2,3,8.476013,588371.474603
0,1,2,3,8.474576,587953.058207
0,1,2,3,8.473140,587881.457317
0,1,2,3,8.471705,587569.390021
0,1,2,3,8.470269,587529.315786
0,1,2,3,8.468835,587378.724088
0,1,2,3,8.467401,587277.625337
0,1,2,3,8.465967,587186.829457
0,1,2,3,8.464534,587132.571356
0,1,2,3,8.463101,587091.033502
0,1,2,3,8.461669,587078.241319
0,1,2,3,8.460237,587071.705702
0,1,2,3,8.458806,587067.276753
0,1,2,3,8.457375,586881.817966
0,1,2,3,8.455945,586726.683955
0,1,2,3,8.454515,586652.378975
0,1,2,3,8.453085,586512.204824
0,1,2,3,8.451657,586402.713069
0,1,2,3,8.450228,586212.973138
0,1,2,3,8.448800,585898.189384
0,1,2,3,8.447373,585889.903863
0,1,2,3,8.445946,585661.850783
0,1,2,3,8.444520,585583.239868
0,1,2,3,8.443094,585487.205806
0,1,2,3,8.441668,585405.615920
0,1,2,3,8.440243,585152.272850
0,1,2,3,8.438819,584873.390514
0,1,2,3,8.437395,584756.882228
0,1,2,3,8.435971,584729.399283
0,1,2,3,8.434548,584550.890990
0,1,2,3,8.433125,584498.586161
0,1,2,3,8.431703,584440.449557
0,1,2,3,8.430282,584294.693926
0,1,2,3,8.428860,584244.936837
0,1,2,3,8.427440,584135.994752
0,1,2,3,8.426020,584125.212196
0,1,2,3,8.424600,584009.640022
0,1,2,3,8.423181,583965.527357
0,1,2,3,8.421762,583898.179302
0,1,2,3,8.420344,583890.615581
0,1,2,3,8.418926,583663.848738
0,1,2,3,8.417508,583468.486300
0,1,2,3,8.416092,583440.096197
0,1,2,3,8.414675,583423.438499
0,1,2,3,8.413259,583399.843038
0,1,2,3,8.411844,583158.095753
0,1,2,3,8.410429,583078.769068
0,1,2,3,8.409014,582886.492078
0,1,2,3,8.407600,582857.150716
0,1,2,3,8.406187,582816.778579
0,1,2,3,8.404774,582778.387990
0,1,2,3,8.403361,582647.821886
0,1,2,3,8.401949,582458.197345
0,1,2,3,8.400538,582438.322523
0,1,2,3,8.399126,582312.173608
0,1,2,3,8.397716,582151.357479
0,1,2,3,8.396306,582093.177242
0,1,2,3,8.394896,581965.590007
0,1,2,3,8.393487,581856.354447
0,1,2,3,8.392078,581732.654976
0,1,2,3,8.390670,581677.913768
0,1,2,3,8.389262,581670.417562
0,1,2,3,8.387854,581409.389863
0,1,2,3,8.386448,581388.660897
0,1,2,3,8.385041,581029.166884
0,1,2,3,8.383635,580994.251649
0,1,2,3,8.382230,580971.641247
0,1,2,3,8.380825,580965.440476
0,1,2,3,8.379420,580853.848221
0,1,2,3,8.378016,580743.635615
0,1,2,3,8.376612,580645.992195
0,1,2,3,8.375209,580392.043923
0,1,2,3,8.373807,580391.004889
0,1,2,3,8.372405,580170.332300
0,1,2,3,8.371003,579962.470306
0,1,2,3,8.369602,579760.960812
0,1,2,3,8.368201,579570.576015
0,1,2,3,8.366801,579106.109623
0,1,2,3,8.365401,578894.895882
0,1,2,3,8.364001,578881.071361
0,1,2,3,8.362602,578815.631430
0,1,2,3,8.361204,578788.090021
0,1,2,3,8.359806,578691.983171
0,1,2,3,8.358409,578242.314030
0,1,2,3,8.357012,578071.864010
0,1,2,3,8.355615,577959.184159
0,1,2,3,8.354219,577851.618080
0,1,2,3,8.352823,577783.588209
0,1,2,3,8.351428,577706.420030
0,1,2,3,8.350033,577635.761286
0,1,2,3,8.348639,577580.841273
0,1,2,3,8.347245,577477.491416
0,1,2,3,8.345852,577405.778230
0,1,2,3,8.344459,577219.964578
0,1,2,3,8.343067,577117.507072
0,1,2,3,8.341675,577042.095347
0,1,2,3,8.340284,576954.285589
0,1,2,3,8.338893,576870.849876
0,1,2,3,8.337502,576852.879686
0,1,2,3,8.336112,576852.046108
0,1,2,3,8.334722,576715.355090
0,1,2,3,8.333333,576631.748193
0,1,2,3,8.331945,576568.929433
0,1,2,3,8.330556,576540.956904
0,1,2,3,8.329169,576392.489553
0,1,2,3,8.327781,575911.284411
0,1,2,3,8.326395,575801.252060
0,1,2,3,8.325008,575567.945506
0,1,2,3,8.323622,575443.282470
0,1,2,3,8.322237,575202.195010
0,1,2,3,8.320852,575196.844252
0,1,2,3,8.319468,575076.297864
0,1,2,3,8.318084,574848.001187
0,1,2,3,8.316700,574728.293193
0,1,2,3,8.315317,574725.480558
0,1,2,3,8.313934,574570.791228
0,1,2,3,8.312552,574554.538282
0,1,2,3,8.311170,574344.215931
0,1,2,3,8.309789,574322.120645
0,1,2,3,8.308408,574268.030948
0,1,2,3,8.307028,574239.062493
0,1,2,3,8.305648,574139.378525
0,1,2,3,8.304268,574092.766514
0,1,2,3,8.302889,574048.279220
0,1,2,3,8.301511,573994.165821
0,1,2,3,8.300133,573902.899626
0,1,2,3,8.298755,573845.789170
0,1,2,3,8.297378,573737.595929
0,1,2,3,8.296001,573677.115845
0,1,2,3,8.294625,573635.933532
0,1,2,3,8.293249,573498.339640
0,1,2,3,8.291874,573468.500239
0,1,2,3,8.290499,573440.062820
0,1,2,3,8.289125,573431.603582
0,1,2,3,8.287751,573385.877590
0,1,2,3,8.286377,573347.823349
0,1,2,3,8.285004,573259.102410
0,1,2,3,8.283632,573183.332091
0,1,2,3,8.282259,572999.499139
0,1,2,3,8.280888,572641.069442
0,1,2,3,8.279516,572575.019084
0,1,2,3,8.278146,572471.099420
0,1,2,3,8.276775,572460.293799
0,1,2,3,8.275405,572387.827719
0,1,2,3,8.274036,572366.197724
0,1,2,3,8.272667,572209.727885
0,1,2,3,8.271299,572140.294117
0,1,2,3,8.269931,572027.952649
0,1,2,3,8.268563,571929.413180
0,1,2,3,8.267196,571883.877763
0,1,2,3,8.265829,571585.733999
0,1,2,3,8.264463,571315.299146
0,1,2,3,8.263097,571314.521063
0,1,2,3,8.261732,571310.459539
0,1,2,3,8.260367,570916.353777
0,1,2,3,8.259002,570894.087121
0,1,2,3,8.257638,570882.014268
0,1,2,3,8.256275,570860.525992
0,1,2,3,8.254912,570855.285487
0,1,2,3,8.253549,570779.955920
0,1,2,3,8.252187,570524.635623
0,1,2,3,8.250825,570383.135177
0,1,2,3,8.249464,570288.087724
0,1,2,3,8.248103,570196.812089
0,1,2,3,8.246743,570194.009617
0,1,2,3,8.245383,570153.375867
0,1,2,3,8.244023,570083.231871
0,1,2,3,8.242664,570078.229962
0,1,2,3,8.241305,569906.593269
0,1,2,3,8.239947,569803.276559
0,1,2,3,8.238590,569769.030903
0,1,2,3,8.237232,569585.616424
0,1,2,3,8.235875,569553.609855
0,1,2,3,8.234519,569437.667755
0,1,2,3,8.233163,569207.752520
0,1,2,3,8.231808,569159.382291
0,1,2,3,8.230453,569116.892097
0,1,2,3,8.229098,569006.696974
0,1,2,3,8.227744,568869.104428
0,1,2,3,8.226390,568767.662476
0,1,2,3,8.225037,568686.499035
0,1,2,3,8.223684,568646.387518
0,1,2,3,8.222332,568583.628705
0,1,2,3,8.220980,568583.579987
0,1,2,3,8.219628,568424.500912
0,1,2,3,8.218277,568258.485019
0,1,2,3,8.216927,568254.384992
0,1,2,3,8.215577,568246.293384
0,1,2,3,8.214227,568212.760887
0,1,2,3,8.212878,568091.124787
0,1,2,3,8.211529,567989.848476
0,1,2,3,8.210181,567824.120653
0,1,2,3,8.208833,567759.555351
0,1,2,3,8.207485,567637.621403
0,1,2,3,8.206138,567570.977275
0,1,2,3,8.204792,567560.138655
0,1,2,3,8.203445,567528.077510
0,1,2,3,8.202100,567499.464925
0,1,2,3,8.200754,567491.420288
0,1,2,3,8.199410,567384.593142
0,1,2,3,8.198065,567384.383920
0,1,2,3,8.196721,567325.326181
0,1,2,3,8.195378,567275.221661
0,1,2,3,8.194035,567187.842320
0,1,2,3,8.192692,566971.167782
0,1,2,3,8.191350,566893.741534
0,1,2,3,8.190008,566850.012890
0,1,2,3,8.188667,566356.585622
0,1,2,3,8.187326,566264.110258
0,1,2,3,8.185986,566204.286694
0,1,2,3,8.184646,566171.363774
0,1,2,3,8.183306,566106.634235
0,1,2,3,8.181967,566039.207866
0,1,2,3,8.180628,566009.245372
0,1,2,3,8.179290,565960.289592
0,1,2,3,8.177952,565848.118540
0,1,2,3,8.176615,565826.324181
0,1,2,3,8.175278,565767.074027
0,1,2,3,8.173941,565707.738193
0,1,2,3,8.172605,565699.469534
0,1,2,3,8.171270,565681.354134
0,1,2,3,8.169935,565636.397045
0,1,2,3,8.168600,565615.597535
0,1,2,3,8.167266,565568.104355
0,1,2,3,8.165932,565482.043135
0,1,2,3,8.164598,565477.198288
0,1,2,3,8.163265,565347.602099
0,1,2,3,8.161933,565327.913090
0,1,2,3,8.160601,565165.607239
0,1,2,3,8.159269,565087.393761
0,1,2,3,8.157938,564661.412118
0,1,2,3,8.156607,564579.988882
0,1,2,3,8.155276,564574.025200
0,1,2,3,8.153947,564554.261368
0,1,2,3,8.152617,564404.375707
0,1,2,3,8.151288,564337.486368
0,1,2,3,8.149959,564287.098678
0,1,2,3,8.148631,564259.775172
0,1,2,3,8.147303,564252.148007
0,1,2,3,8.145976,564110.000016
0,1,2,3,8.144649,564089.568094
0,1,2,3,8.143322,564074.958958
0,1,2,3,8.141996,564051.738986
0,1,2,3,8.140671,564016.299541
0,1,2,3,8.139346,563996.026681
0,1,2,3,8.138021,563659.129028
0,1,2,3,8.136697,563299.912095
0,1,2,3,8.135373,563215.147704
0,1,2,3,8.134049,563183.486448
0,1,2,3,8.132726,563061.834018
0,1,2,3,8.131403,562990.444683
0,1,2,3,8.130081,562875.680981
0,1,2,3,8.128760,562654.956129
0,1,2,3,8.127438,562651.036262
0,1,2,3,8.126117,562459.060913
0,1,2,3,8.124797,562193.816167
0,1,2,3,8.123477,562080.350430
0,1,2,3,8.122157,562012.648138
0,1,2,3,8.120838,561995.842519
0,1,2,3,8.119519,561856.843053
0,1,2,3,8.118201,561846.911544
0,1,2,3,8.116883,561767.154207
0,1,2,3,8.115566,561727.962024
0,1,2,3,8.114249,561427.699024
0,1,2,3,8.112932,561366.287196
0,1,2,3,8.111616,561171.398560
0,1,2,3,8.110300,561104.534606
0,1,2,3,8.108985,561017.595519
0,1,2,3,8.107670,560959.245308
0,1,2,3,8.106355,560840.437318
0,1,2,3,8.105041,560705.447165
0,1,2,3,8.103728,560666.334357
0,1,2,3,8.102415,560661.881290
0,1,2,3,8.101102,560562.874659
0,1,2,3,8.099789,560479.679971
0,1,2,3,8.098477,560411.250108
0,1,2,3,8.097166,560400.570230
0,1,2,3,8.095855,560255.463123
0,1,2,3,8.094544,560132.462115
0,1,2,3,8.093234,560087.166952
0,1,2,3,8.091924,560021.300628
0,1,2,3,8.090615,559994.451393
0,1,2,3,8.089306,559991.705696
0,1,2,3,8.087997,559990.195998
0,1,2,3,8.086689,559786.722643
0,1,2,3,8.085382,559601.286377
0,1,2,3,8.084074,559506.881372
0,1,2,3,8.082768,559456.987860
0,1,2,3,8.081461,559412.124259
0,1,2,3,8.080155,559202.255256
0,1,2,3,8.078850,559193.578286
0,1,2,3,8.077544,559119.414923
0,1,2,3,8.076240,559111.945555
0,1,2,3,8.074935,558744.436151
0,1,2,3,8.073632,558707.400824
0,1,2,3,8.072328,558464.430786
0,1,2,3,8.071025,558149.974541
0,1,2,3,8.069722,558050.288211
0,1,2,3,8.068420,558013.029825
0,1,2,3,8.067118,558005.567650
0,1,2,3,8.065817,557715.736213
0,1,2,3,8.064516,557651.400717
0,1,2,3,8.063216,557594.731307
0,1,2,3,8.061916,557572.908532
0,1,2,3,8.060616,557419.375130
0,1,2,3,8.059317,557316.817235
0,1,2,3,8.058018,557178.563282
0,1,2,3,8.056719,556967.084700
0,1,2,3,8.055421,556964.216500
0,1,2,3,8.054124,556963.659484
0,1,2,3,8.052827,556831.188437
0,1,2,3,8.051530,556624.130910
0,1,2,3,8.050233,556193.599471
0,1,2,3,8.048938,556099.781048
0,1,2,3,8.047642,555982.953570
0,1,2,3,8.046347,555963.902350
0,1,2,3,8.045052,555777.510086
0,1,2,3,8.043758,555673.687104
0,1,2,3,8.042464,555596.703830
0,1,2,3,8.041171,555475.579505
0,1,2,3,8.039878,555468.994549
0,1,2,3,8.038585,555347.348332
0,1,2,3,8.037293,555172.743312
0,1,2,3,8.036001,555166.774376
0,1,2,3,8.034710,555002.628984
0,1,2,3,8.033419,554945.426346
0,1,2,3,8.032129,554772.853625
0,1,2,3,8.030838,554664.017001
0,1,2,3,8.029549,554633.325733
0,1,2,3,8.028259,554602.822569
0,1,2,3,8.026971,554597.352966
0,1,2,3,8.025682,554462.621337
0,1,2,3,8.024394,554446.437604
0,1,2,3,8.023107,554343.219834
0,1,2,3,8.021819,554237.879293
0,1,2,3,8.020533,554145.099882
0,1,2,3,8.019246,553821.508789
0,1,2,3,8.017960,553811.721704
0,1,2,3,8.016675,553803.997264
0,1,2,3,8.015390,553651.418240
0,1,2,3,8.014105,553575.652005
0,1,2,3,8.012821,553478.204789
0,1,2,3,8.011537,553454.578550
0,1,2,3,8.010253,553376.409755
0,1,2,3,8.008970,553350.323739
0,1,2,3,8.007687,553289.732154
0,1,2,3,8.006405,553239.435029
0,1,2,3,8.005123,553238.458397
0,1,2,3,8.003842,553127.358477
0,1,2,3,8.002561,553061.360210
0,1,2,3,8.001280,553056.677776
0,1,2,3,8.000000,553011.160318
0,1,2,3,7.998720,552870.921074
0,1,2,3,7.997441,552827.819352
0,1,2,3,7.996162,552732.709387
0,1,2,3,7.994883,552631.084532
0,1,2,3,7.993605,552573.424116
0,1,2,3,7.992327,552522.866932
0,1,2,3,7.991050,552380.712215
0,1,2,3,7.989773,552328.743305
0,1,2,3,7.988497,552267.768107
0,1,2,3,7.987220,552245.999120
0,1,2,3,7.985945,552220.782964
0,1,2,3,7.984669,552153.766060
0,1,2,3,7.983395,552006.242153
0,1,2,3,7.982120,551900.432371
0,1,2,3,7.980846,551886.673250
0,1,2,3,7.979572,551849.894500
0,1,2,3,7.978299,551816.585264
0,1,2,3,7.977026,551813.276922
0,1,2,3,7.975754,551723.076137
0,1,2,3,7.974482,551659.778356
0,1,2,3,7.973210,551474.651173
0,1,2,3,7.971939,551379.777429
0,1,2,3,7.970668,551233.165659
0,1,2,3,7.969398,551229.699909
0,1,2,3,7.968127,551212.083059
0,1,2,3,7.966858,551103.310306
0,1,2,3,7.965589,551002.784628
0,1,2,3,7.964320,550791.606239
0,1,2,3,7.963051,550721.112780
0,1,2,3,7.961783,550651.920687
0,1,2,3,7.960516,550634.543160
0,1,2,3,7.959249,550461.078596
0,1,2,3,7.957982,550256.601057
0,1,2,3,7.956715,550132.423639
0,1,2,3,7.955449,550057.070636
0,1,2,3,7.954184,550002.699456
0,1,2,3,7.952919,549999.296566
0,1,2,3,7.951654,549971.076599
0,1,2,3,7.950390,549914.064578
0,1,2,3,7.949126,549904.240970
0,1,2,3,7.947862,549709.679120
0,1,2,3,7.946599,549592.965913
0,1,2,3,7.945336,549514.808769
0,1,2,3,7.944074,549448.201318
0,1,2,3,7.942812,549431.943185
0,1,2,3,7.941550,549392.161745
0,1,2,3,7.940289,549307.779193
0,1,2,3,7.939028,549188.521389
0,1,2,3,7.937768,549046.638676
0,1,2,3,7.936508,548937.482342
0,1,2,3,7.935248,548787.986706
0,1,2,3,7.933989,548772.730931
0,1,2,3,7.932730,548770.961312
0,1,2,3,7.931472,548702.152866
0,1,2,3,7.930214,548677.838257
0,1,2,3,7.928957,548656.872291
0,1,2,3,7.927699,548611.305577
0,1,2,3,7.926443,548536.464940
0,1,2,3,7.925186,548391.761704
0,1,2,3,7.923930,548341.747814
0,1,2,3,7.922675,548203.096612
0,1,2,3,7.921420,548192.271630
0,1,2,3,7.920165,548171.113300
0,1,2,3,7.918910,548006.447154
0,1,2,3,7.917656,547959.663206
0,1,2,3,7.916403,547934.522562
0,1,2,3,7.915150,547931.279286
0,1,2,3,7.913897,547867.402198
0,1,2,3,7.912644,547801.424359
0,1,2,3,7.911392,547650.293839
0,1,2,3,7.910141,547611.028447
0,1,2,3,7.908890,547586.995553
0,1,2,3,7.907639,547579.982913
0,1,2,3,7.906388,547575.464074
0,1,2,3,7.905138,547337.913633
0,1,2,3,7.903889,547235.494763
0,1,2,3,7.902639,547223.561486
0,1,2,3,7.901391,547194.197840
0,1,2,3,7.900142,546976.513215
0,1,2,3,7.898894,546831.621183
0,1,2,3,7.897647,546705.727122
0,1,2,3,7.896399,546650.086077
0,1,2,3,7.895152,546616.783031
0,1,2,3,7.893906,546590.563771
0,1,2,3,7.892660,546589.198951
0,1,2,3,7.891414,546467.209833
0,1,2,3,7.890169,546462.598116
0,1,2,3,7.888924,546311.732330
0,1,2,3,7.887679,546296.275848
0,1,2,3,7.886435,546183.901701
0,1,2,3,7.885192,546126.197174
0,1,2,3,7.883948,546108.118355
0,1,2,3,7.882705,545933.272216
0,1,2,3,7.881463,545908.568235
0,1,2,3,7.880221,545907.558645
0,1,2,3,7.878979,545894.964295
0,1,2,3,7.877738,545655.378191
0,1,2,3,7.876497,545622.401496
0,1,2,3,7.875256,545571.306037
0,1,2,3,7.874016,545445.970828
0,1,2,3,7.872776,545373.838358
0,1,2,3,7.871537,545318.923463
0,1,2,3,7.870297,545311.264178
0,1,2,3,7.869059,545160.066485
0,1,2,3,7.867821,544825.843864
0,1,2,3,7.866583,544820.231223
0,1,2,3,7.865345,544747.519115
0,1,2,3,7.864108,544649.358044
0,1,2,3,7.862872,544543.438827
0,1,2,3,7.861635,544524.810784
0,1,2,3,7.860399,544471.784881
0,1,2,3,7.859164,544438.215043
0,1,2,3,7.857929,544299.210049
0,1,2,3,7.856694,544130.293272
0,1,2,3,7.855460,544116.418344
0,1,2,3,7.854226,544004.458053
0,1,2,3,7.852992,543924.251254
0,1,2,3,7.851759,543825.043486
0,1,2,3,7.850526,543649.395688
0,1,2,3,7.849294,543644.797124
0,1,2,3,7.848062,543633.766285
0,1,2,3,7.846830,543251.253880
0,1,2,3,7.845599,543181.444777
0,1,2,3,7.844368,543013.132392
0,1,2,3,7.843137,542898.949723
0,1,2,3,7.841907,542889.164066
0,1,2,3,7.840677,542879.369926
0,1,2,3,7.839448,542860.979632
0,1,2,3,7.838219,542822.722521
0,1,2,3,7.836991,542805.201957
0,1,2,3,7.835762,542775.494039
0,1,2,3,7.834535,542732.109838
0,1,2,3,7.833307,542673.565412
0,1,2,3,7.832080,542605.382315
0,1,2,3,7.830854,542538.957616
0,1,2,3,7.829627,542343.010832
0,1,2,3,7.828401,542197.634402
0,1,2,3,7.827176,542145.214834
0,1,2,3,7.825951,542092.046513
0,1,2,3,7.824726,541981.575664
0,1,2,3,7.823502,541977.110054
0,1,2,3,7.822278,541591.772005
0,1,2,3,7.821054,541520.375952
0,1,2,3,7.819831,541514.909290
0,1,2,3,7.818608,541365.441761
0,1,2,3,7.817386,541220.880582
0,1,2,3,7.816164,541195.909459
0,1,2,3,7.814942,540884.474880
0,1,2,3,7.813721,540846.329307
0,1,2,3,7.812500,540716.988684
0,1,2,3,7.811279,540649.613826
0,1,2,3,7.810059,540522.891204
0,1,2,3,7.808840,540472.358499
0,1,2,3,7.807620,540320.036465
0,1,2,3,7.806401,540237.575170
0,1,2,3,7.805183,540193.994678
0,1,2,3,7.803964,540124.838945
0,1,2,3,7.802747,539942.348875
0,1,2,3,7.801529,539813.739269
0,1,2,3,7.800312,539764.528324
0,1,2,3,7.799095,539699.718675
0,1,2,3,7.797879,539596.242978
0,1,2,3,7.796663,539550.341971
0,1,2,3,7.795447,539471.481053
0,1,2,3,7.794232,539283.165328
0,1,2,3,7.793017,539280.883870
0,1,2,3,7.791803,538980.751807
0,1,2,3,7.790589,538924.787358
0,1,2,3,7.789375,538889.027704
0,1,2,3,7.788162,538888.414092
0,1,2,3,7.786949,538858.528786
0,1,2,3,7.785737,538744.921331
0,1,2,3,7.784524,538607.172084
0,1,2,3,7.783313,538510.615983
0,1,2,3,7.782101,538420.699452
0,1,2,3,7.780890,538350.849392
0,1,2,3,7.779679,538091.338781
0,1,2,3,7.778469,537985.729955
0,1,2,3,7.777259,537964.483418
0,1,2,3,7.776050,537475.456267
0,1,2,3,7.774841,537452.000745
0,1,2,3,7.773632,537290.184975
0,1,2,3,7.772423,537092.996082
0,1,2,3,7.771215,537090.108759
0,1,2,3,7.770008,537068.252073
0,1,2,3,7.768800,537050.272094
0,1,2,3,7.767594,536921.619222
0,1,2,3,7.766387,536910.118066
0,1,2,3,7.765181,536817.980634
0,1,2,3,7.763975,536770.097276
0,1,2,3,7.762770,536591.364127
0,1,2,3,7.761565,536507.741019
0,1,2,3,7.760360,536506.952164
0,1,2,3,7.759156,536502.607186
0,1,2,3,7.757952,536471.840235
0,1,2,3,7.756748,536455.581662
0,1,2,3,7.755545,536390.030936
0,1,2,3,7.754342,536283.626604
0,1,2,3,7.753140,536039.370494
0,1,2,3,7.751938,535945.846481
0,1,2,3,7.750736,535854.036330
0,1,2,3,7.749535,535721.060230
0,1,2,3,7.748334,535663.972591
0,1,2,3,7.747134,535569.273005
0,1,2,3,7.745933,535494.876379
0,1,2,3,7.744734,535206.176761
0,1,2,3,7.743534,534937.598030
0,1,2,3,7.742335,534851.352241
0,1,2,3,7.741136,534686.539786
0,1,2,3,7.739938,534632.629632
0,1,2,3,7.738740,534585.070432
0,1,2,3,7.737543,534437.179760
0,1,2,3,7.736345,534332.458490
0,1,2,3,7.735149,534304.354498
0,1,2,3,7.733952,534144.468739
0,1,2,3,7.732756,534132.389063
0,1,2,3,7.731560,534080.085549
0,1,2,3,7.730365,533864.495333
0,1,2,3,7.729170,533816.364066
0,1,2,3,7.727975,533719.240616
0,1,2,3,7.726781,533582.463929
0,1,2,3,7.725587,533246.759440
0,1,2,3,7.724394,533157.032615
0,1,2,3,7.723200,533147.600648
0,1,2,3,7.722008,533068.685577
0,1,2,3,7.720815,532945.765055
0,1,2,3,7.719623,532830.442654
0,1,2,3,7.718432,532800.489078
0,1,2,3,7.717240,532779.580997
0,1,2,3,7.716049,532667.068971
0,1,2,3,7.714859,532653.833547
0,1,2,3,7.713669,532625.569757
0,1,2,3,7.712479,532596.702009
0,1,2,3,7.711289,532553.718516
0,1,2,3,7.710100,532439.427900
0,1,2,3,7.708912,532409.598069
0,1,2,3,7.707723,532330.123305
0,1,2,3,7.706535,532324.484943
0,1,2,3,7.705348,532297.398915
0,1,2,3,7.704160,532155.897439
0,1,2,3,7.702973,532131.379282
0,1,2,3,7.701787,532019.231944
0,1,2,3,7.700601,531958.373086
0,1,2,3,7.699415,531825.356396
0,1,2,3,7.698229,531646.320926
0,1,2,3,7.697044,531641.873314
0,1,2,3,7.695860,531480.984161
0,1,2,3,7.694675,531475.649004
0,1,2,3,7.693491,531376.918987
0,1,2,3,7.692308,531317.240541
0,1,2,3,7.691124,531296.326974
0,1,2,3,7.689942,531246.797350
0,1,2,3,7.688759,531212.868816
0,1,2,3,7.687577,531207.077452
0,1,2,3,7.686395,531101.453232
0,1,2,3,7.685214,531079.001626
0,1,2,3,7.684033,530939.214906
0,1,2,3,7.682852,530885.774176
0,1,2,3,7.681672,530869.613354
0,1,2,3,7.680492,530661.098847
0,1,2,3,7.679312,530562.157063
0,1,2,3,7.678133,530419.372764
0,1,2,3,7.676954,530386.875852
0,1,2,3,7.675775,530342.205615
0,1,2,3,7.674597,530282.114020
0,1,2,3,7.673419,530269.325702
0,1,2,3,7.672242,530116.934454
0,1,2,3,7.671065,529930.631495
0,1,2,3,7.669888,529894.116761
0,1,2,3,7.668712,529859.395467
0,1,2,3,7.667536,529762.678496
0,1,2,3,7.666360,529753.327586
0,1,2,3,7.665185,529648.196260
0,1,2,3,7.664010,529481.361202
0,1,2,3,7.662835,529408.343605
0,1,2,3,7.661661,529245.938935
0,1,2,3,7.660487,529094.438156
0,1,2,3,7.659314,528931.885739
0,1,2,3,7.658141,528859.759112
0,1,2,3,7.656968,528788.419416
0,1,2,3,7.655795,528753.569843
0,1,2,3,7.654623,528693.389479
0,1,2,3,7.653452,528238.691429
0,1,2,3,7.652280,527993.328152
0,1,2,3,7.651109,527807.651812
0,1,2,3,7.649939,527562.670465
0,1,2,3,7.648769,527499.777281
0,1,2,3,7.647599,527376.483594
0,1,2,3,7.646429,527306.928787
0,1,2,3,7.645260,527300.766714
0,1,2,3,7.644091,527270.066733
0,1,2,3,7.642923,527261.848744
0,1,2,3,7.641755,527260.333935
0,1,2,3,7.640587,527127.315487
0,1,2,3,7.639419,527123.799722
0,1,2,3,7.638252,526933.839203
0,1,2,3,7.637086,526750.231890
0,1,2,3,7.635919,526711.634980
0,1,2,3,7.634753,526693.452969
0,1,2,3,7.633588,526688.247168
0,1,2,3,7.632423,526564.472711
0,1,2,3,7.631258,526546.042588
0,1,2,3,7.630093,526508.685794
0,1,2,3,7.628929,526491.147219
0,1,2,3,7.627765,526479.775787
0,1,2,3,7.626602,526355.863399
0,1,2,3,7.625438,526318.611262
0,1,2,3,7.624276,526270.774330
0,1,2,3,7.623113,526261.237519
0,1,2,3,7.621951,526114.011909
0,1,2,3,7.620790,525740.468781
0,1,2,3,7.619628,525730.694318
0,1,2,3,7.618467,525710.569823
0,1,2,3,7.617307,525682.988414
0,1,2,3,7.616146,525483.369491
0,1,2,3,7.614986,525416.476207
0,1,2,3,7.613827,525389.763132
0,1,2,3,7.612667,525373.791598
0,1,2,3,7.611509,525285.342795
0,1,2,3,7.610350,525033.817205
0,1,2,3,7.609192,524958.773315
0,1,2,3,7.608034,524734.983263
0,1,2,3,7.606877,524630.597274
0,1,2,3,7.605720,524332.661362
0,1,2,3,7.604563,524320.492931
0,1,2,3,7.603406,524228.842313
0,1,2,3,7.602250,524086.838457
0,1,2,3,7.601095,523998.190448
0,1,2,3,7.599939,523920.278924
0,1,2,3,7.598784,523843.394877
0,1,2,3,7.597630,523819.522727
0,1,2,3,7.596475,523621.640706
0,1,2,3,7.595321,523466.472533
0,1,2,3,7.594168,523408.169358
0,1,2,3,7.593014,523394.492782
0,1,2,3,7.591862,523323.063587
0,1,2,3,7.590709,523247.667219
0,1,2,3,7.589557,523038.037307
0,1,2,3,7.588405,523009.307637
0,1,2,3,7.587253,522995.098896
0,1,2,3,7.586102,522822.047828
0,1,2,3,7.584951,522716.149873
0,1,2,3,7.583801,522704.635808
0,1,2,3,7.582651,522306.965802
0,1,2,3,7.581501,522283.260848
0,1,2,3,7.580352,522212.888100
0,1,2,3,7.579203,522086.029778
0,1,2,3,7.578054,522022.507841
0,1,2,3,7.576906,521982.080412
0,1,2,3,7.575758,521943.544062
0,1,2,3,7.574610,521925.429803
0,1,2,3,7.573463,521871.267368
0,1,2,3,7.572316,521859.176810
0,1,2,3,7.571169,521804.764071
0,1,2,3,7.570023,521777.295453
0,1,2,3,7.568877,521773.295689
0,1,2,3,7.567731,521766.475001
0,1,2,3,7.566586,521760.719267
0,1,2,3,7.565441,521728.501128
0,1,2,3,7.564297,521666.727808
0,1,2,3,7.563152,521664.281123
0,1,2,3,7.562008,521654.876180
0,1,2,3,7.560865,521540.917918
0,1,2,3,7.559722,521404.735880
0,1,2,3,7.558579,521330.855558
0,1,2,3,7.557437,521324.482787
0,1,2,3,7.556294,521248.776304
0,1,2,3,7.555153,521212.911784
0,1,2,3,7.554011,521135.910263
0,1,2,3,7.552870,520963.800861
0,1,2,3,7.551729,520961.917237
0,1,2,3,7.550589,520943.168208
0,1,2,3,7.549449,520878.812693
0,1,2,3,7.548309,520839.891482
0,1,2,3,7.547170,520828.572284
0,1,2,3,7.546031,520655.583196
0,1,2,3,7.544892,520606.822698
0,1,2,3,7.543754,520430.690632
0,1,2,3,7.542616,520341.693334
0,1,2,3,7.541478,519850.111323
0,1,2,3,7.540341,519826.965433
0,1,2,3,7.539204,519815.576115
0,1,2,3,7.538067,519814.335928
0,1,2,3,7.536931,519688.244575
0,1,2,3,7.535795,519200.791712
0,1,2,3,7.534659,519163.852340
0,1,2,3,7.533524,519151.797400
0,1,2,3,7.532389,518862.743343
0,1,2,3,7.531255,518859.586966
0,1,2,3,7.530120,518664.438777
0,1,2,3,7.528987,518467.682315
0,1,2,3,7.527853,518079.408781
0,1,2,3,7.526720,517863.722043
0,1,2,3,7.525587,517841.041900
0,1,2,3,7.524454,517668.100548
0,1,2,3,7.523322,517482.478610
0,1,2,3,7.522190,517436.045928
0,1,2,3,7.521059,517403.536225
0,1,2,3,7.519928,517345.517193
0,1,2,3,7.518797,517315.529026
0,1,2,3,7.517667,517261.477127
0,1,2,3,7.516536,517201.536410
0,1,2,3,7.515407,517200.481100
0,1,2,3,7.514277,517195.017491
0,1,2,3,7.513148,517098.383865
0,1,2,3,7.512019,516917.544082
0,1,2,3,7.510891,516654.259993
0,1,2,3,7.509763,516626.340501
0,1,2,3,7.508635,516576.227755
0,1,2,3,7.507508,516574.452722
0,1,2,3,7.506380,516514.017303
0,1,2,3,7.505254,516485.860123
0,1,2,3,7.504127,516470.327887
0,1,2,3,7.503001,516419.568692
0,1,2,3,7.501875,516240.632846
0,1,2,3,7.500750,516120.577565
0,1,2,3,7.499625,515982.336382
0,1,2,3,7.498500,515854.845279
0,1,2,3,7.497376,515834.872951
0,1,2,3,7.496252,515773.602457
0,1,2,3,7.495128,515677.901634
0,1,2,3,7.494005,515488.347745
0,1,2,3,7.492882,515451.491159
0,1,2,3,7.491759,515328.469705
0,1,2,3,7.490637,514954.066815
0,1,2,3,7.489515,514872.349314
0,1,2,3,7.488393,514794.407612
0,1,2,3,7.487272,514746.406914
0,1,2,3,7.486151,514739.622495
0,1,2,3,7.485030,514739.318220
0,1,2,3,7.483910,514734.973588
0,1,2,3,7.482790,514644.791318
0,1,2,3,7.481670,514511.829318
0,1,2,3,7.480551,514358.470057
0,1,2,3,7.479432,514275.069112
0,1,2,3,7.478313,514263.704681
0,1,2,3,7.477195,514204.141874
0,1,2,3,7.476077,514015.812216
0,1,2,3,7.474959,513993.381437
0,1,2,3,7.473842,513989.947593
0,1,2,3,7.472725,513988.981939
0,1,2,3,7.471608,513751.479881
0,1,2,3,7.470492,513554.916344
0,1,2,3,7.469376,513458.793963
0,1,2,3,7.468260,513325.753005
0,1,2,3,7.467145,513068.471660
0,1,2,3,7.466030,512802.533242
0,1,2,3,7.464915,512690.818654
0,1,2,3,7.463801,512521.242360
0,1,2,3,7.462687,512474.237606
0,1,2,3,7.461573,512394.674158
0,1,2,3,7.460460,512333.243037
0,1,2,3,7.459347,512151.281494
0,1,2,3,7.458234,512078.585268
0,1,2,3,7.457122,511940.220061
0,1,2,3,7.456010,511822.855208
0,1,2,3,7.454898,511753.921944
0,1,2,3,7.453787,511709.588434
0,1,2,3,7.452676,511657.367469
0,1,2,3,7.451565,511621.045984
0,1,2,3,7.450454,511362.647525
0,1,2,3,7.449344,511331.593015
0,1,2,3,7.448235,511311.368269
0,1,2,3,7.447125,511110.088740
0,1,2,3,7.446016,510999.226898
0,1,2,3,7.444908,510914.723201
0,1,2,3,7.443799,510607.280368
0,1,2,3,7.442691,510604.764561
0,1,2,3,7.441584,510551.244365
0,1,2,3,7.440476,510504.339068
0,1,2,3,7.439369,510445.532710
0,1,2,3,7.438262,510421.178413
0,1,2,3,7.437156,510334.351696
0,1,2,3,7.436050,510127.420466
0,1,2,3,7.434944,510125.250548
0,1,2,3,7.433839,510097.219631
0,1,2,3,7.432734,510080.909693
0,1,2,3,7.431629,510070.289616
0,1,2,3,7.430525,509829.759236
0,1,2,3,7.429421,509654.967650
0,1,2,3,7.428317,509641.827194
0,1,2,3,7.427213,509505.831716
0,1,2,3,7.426110,509227.743869
0,1,2,3,7.425007,509047.454050
0,1,2,3,7.423905,508827.294685
0,1,2,3,7.422803,508815.170132
0,1,2,3,7.421701,508728.317026
0,1,2,3,7.420600,508426.512575
0,1,2,3,7.419498,508191.489788
0,1,2,3,7.418398,508079.976148
0,1,2,3,7.417297,508009.916727
0,1,2,3,7.416197,507866.820782
0,1,2,3,7.415097,507810.450806
0,1,2,3,7.413998,507583.524333
0,1,2,3,7.412898,507521.155749
0,1,2,3,7.411800,507454.479029
0,1,2,3,7.410701,507380.208809
0,1,2,3,7.409603,506834.900984
0,1,2,3,7.408505,506805.678896
0,1,2,3,7.407407,506748.989166
0,1,2,3,7.406310,506673.903037
0,1,2,3,7.405213,506662.099188
0,1,2,3,7.404117,506440.826394
0,1,2,3,7.403020,506341.487288
0,1,2,3,7.401925,506276.054859
0,1,2,3,7.400829,506263.301335
0,1,2,3,7.399734,506254.110834
0,1,2,3,7.398639,506149.220411
0,1,2,3,7.397544,506128.717539
0,1,2,3,7.396450,506091.122226
0,1,2,3,7.395356,506078.581801
0,1,2,3,7.394262,506076.330905
0,1,2,3,7.393169,505937.403409
0,1,2,3,7.392076,505784.615922
0,1,2,3,7.390983,505769.400761
0,1,2,3,7.389891,505614.558639
0,1,2,3,7.388799,505328.429653
0,1,2,3,7.387707,505318.798794
0,1,2,3,7.386615,505280.694938
0,1,2,3,7.385524,505261.965919
0,1,2,3,7.384434,505245.711234
0,1,2,3,7.383343,505180.840610
0,1,2,3,7.382253,505110.116637
0,1,2,3,7.381163,504965.273395
0,1,2,3,7.380074,504956.141333
0,1,2,3,7.378985,504737.837819
0,1,2,3,7.377896,504676.505650
0,1,2,3,7.376807,504483.400300
0,1,2,3,7.375719,504438.063281
0,1,2,3,7.374631,504182.159618
0,1,2,3,7.373544,504144.089883
0,1,2,3,7.372457,504093.314988
0,1,2,3,7.371370,504025.572778
0,1,2,3,7.370283,504015.113239
0,1,2,3,7.369197,504002.054765
0,1,2,3,7.368111,503948.556281
0,1,2,3,7.367025,503918.169749
0,1,2,3,7.365940,503851.799582
0,1,2,3,7.364855,503816.050445
0,1,2,3,7.363770,503787.941332
0,1,2,3,7.362686,503733.722180
0,1,2,3,7.361602,503698.032958
0,1,2,3,7.360518,503666.844980
0,1,2,3,7.359435,503633.024637
0,1,2,3,7.358352,503583.883042
0,1,2,3,7.357269,503569.898096
0,1,2,3,7.356187,503503.300216
0,1,2,3,7.355104,503356.979605
0,1,2,3,7.354023,503331.341279
0,1,2,3,7.352941,503329.115414
0,1,2,3,7.351860,503291.565380
0,1,2,3,7.350779,503138.683452
0,1,2,3,7.349699,503029.908905
0,1,2,3,7.348618,502992.418563
0,1,2,3,7.347539,502848.753552
0,1,2,3,7.346459,502839.803607
0,1,2,3,7.345380,502717.139703
0,1,2,3,7.344301,502595.213285
0,1,2,3,7.343222,502552.094196
0,1,2,3,7.342144,502535.127199
0,1,2,3,7.341066,502471.387342
0,1,2,3,7.339988,502451.356036
0,1,2,3,7.338911,502437.855848
0,1,2,3,7.337834,502428.916883
0,1,2,3,7.336757,502421.799918
0,1,2,3,7.335681,502415.506350
0,1,2,3,7.334605,502351.592824
0,1,2,3,7.333529,502327.136144
0,1,2,3,7.332453,502297.909662
0,1,2,3,7.331378,502282.201674
0,1,2,3,7.330303,502228.342145
0,1,2,3,7.329229,502145.273828
0,1,2,3,7.328155,502123.025685
0,1,2,3,7.327081,501623.051523
0,1,2,3,7.326007,501591.609185
0,1,2,3,7.324934,501501.396144
0,1,2,3,7.323861,501327.740308
0,1,2,3,7.322789,501237.249413
0,1,2,3,7.321716,501212.313610
0,1,2,3,7.320644,501152.222123
0,1,2,3,7.319573,501131.117356
0,1,2,3,7.318501,501058.014118
0,1,2,3,7.317430,500624.089216
0,1,2,3,7.316359,500534.829354
0,1,2,3,7.315289,500431.436090
0,1,2,3,7.314219,500356.841479
0,1,2,3,7.313149,500350.235974
0,1,2,3,7.312080,500170.245266
0,1,2,3,7.311010,500136.908929
0,1,2,3,7.309942,500088.076606
0,1,2,3,7.308873,500076.842568
0,1,2,3,7.307805,499972.828518
0,1,2,3,7.306737,499879.594430
0,1,2,3,7.305669,499800.589356
0,1,2,3,7.304602,499750.012079
0,1,2,3,7.303535,499534.195431
0,1,2,3,7.302468,499437.340292
0,1,2,3,7.301402,499368.600574
0,1,2,3,7.300336,499278.682563
0,1,2,3,7.299270,499224.738957
0,1,2,3,7.298205,499211.382169
0,1,2,3,7.297140,499132.073343
0,1,2,3,7.296075,499119.328506
0,1,2,3,7.295010,499117.996541
0,1,2,3,7.293946,498993.442240
0,1,2,3,7.292882,498933.997590
0,1,2,3,7.291819,498825.075871
0,1,2,3,7.290755,498763.400415
0,1,2,3,7.289692,498597.278038
0,1,2,3,7.288630,498296.846282
0,1,2,3,7.287567,498173.267855
0,1,2,3,7.286505,498115.894308
0,1,2,3,7.285444,498001.456442
0,1,2,3,7.284382,497862.902607
0,1,2,3,7.283321,497797.134994
0,1,2,3,7.282260,497759.470890
0,1,2,3,7.281200,497754.765747
0,1,2,3,7.280140,497710.766532
0,1,2,3,7.279080,497704.133592
0,1,2,3,7.278020,497671.857162
0,1,2,3,7.276961,497559.020002
0,1,2,3,7.275902,497545.506901
0,1,2,3,7.274844,497327.453804
0,1,2,3,7.273785,496850.323335
0,1,2,3,7.272727,496792.812866
0,1,2,3,7.271670,496729.527954
0,1,2,3,7.270612,496715.182457
0,1,2,3,7.269555,496498.813683
0,1,2,3,7.268498,496416.608579
0,1,2,3,7.267442,496390.070917
0,1,2,3,7.266386,496219.642445
0,1,2,3,7.265330,495757.252738
0,1,2,3,7.264274,495618.873713
0,1,2,3,7.263219,495539.180889
0,1,2,3,7.262164,495522.712471
0,1,2,3,7.261109,495505.344640
0,1,2,3,7.260055,495468.300724
0,1,2,3,7.259001,495420.534871
0,1,2,3,7.257947,495394.178161
0,1,2,3,7.256894,495359.485087
0,1,2,3,7.255841,495248.736773
0,1,2,3,7.254788,495197.061633
0,1,2,3,7.253736,495096.089434
0,1,2,3,7.252683,495018.794492
0,1,2,3,7.251632,495015.380846
0,1,2,3,7.250580,494919.390008
0,1,2,3,7.249529,494834.475339
0,1,2,3,7.248478,494799.098779
0,1,2,3,7.247427,494777.777178
0,1,2,3,7.246377,494762.635179
0,1,2,3,7.245327,494644.873944
0,1,2,3,7.244277,494632.960386
0,1,2,3,7.243228,494613.471531
0,1,2,3,7.242178,494266.951492
0,1,2,3,7.241130,494125.678366
0,1,2,3,7.240081,494120.673986
0,1,2,3,7.239033,494102.801321
0,1,2,3,7.237985,494006.202302
0,1,2,3,7.236937,493931.629106
0,1,2,3,7.235890,493821.900549
0,1,2,3,7.234843,493801.188200
0,1,2,3,7.233796,493740.544831
0,1,2,3,7.232750,493629.934393
0,1,2,3,7.231704,493605.982890
0,1,2,3,7.230658,493500.284033
0,1,2,3,7.229612,493420.010631
0,1,2,3,7.228567,493259.896793
0,1,2,3,7.227522,493109.314058
0,1,2,3,7.226478,493096.039483
0,1,2,3,7.225434,493055.640972
0,1,2,3,7.224390,492927.906389
0,1,2,3,7.223346,492886.975253
0,1,2,3,7.222302,492853.756190
0,1,2,3,7.221259,492841.182137
0,1,2,3,7.220217,492805.856594
0,1,2,3,7.219174,492558.413404
0,1,2,3,7.218132,492513.067188
0,1,2,3,7.217090,492442.581625
0,1,2,3,7.216048,492436.945885
0,1,2,3,7.215007,492436.928137
0,1,2,3,7.213966,492429.046592
0,1,2,3,7.212926,492275.468905
0,1,2,3,7.211885,492231.878578
0,1,2,3,7.210845,492208.007721
0,1,2,3,7.209805,492182.850319
0,1,2,3,7.208766,492178.094406
0,1,2,3,7.207727,492007.261628
0,1,2,3,7.206688,491986.786326
0,1,2,3,7.205649,491925.284460
0,1,2,3,7.204611,491907.258614
0,1,2,3,7.203573,491882.608646
0,1,2,3,7.202535,491876.802340
0,1,2,3,7.201498,491642.788964
0,1,2,3,7.200461,491495.413147
0,1,2,3,7.199424,491393.823430
0,1,2,3,7.198388,491372.426181
0,1,2,3,7.197351,491333.765380
0,1,2,3,7.196315,491068.463697
0,1,2,3,7.195280,491031.521949
0,1,2,3,7.194245,491022.038491
0,1,2,3,7.193210,490986.590741
0,1,2,3,7.192175,490756.484549
0,1,2,3,7.191141,490724.803526
0,1,2,3,7.190106,490622.116431
0,1,2,3,7.189073,490617.186105
0,1,2,3,7.188039,490557.842014
0,1,2,3,7.187006,490540.919942
0,1,2,3,7.185973,490348.010820
0,1,2,3,7.184940,490220.106708
0,1,2,3,7.183908,490182.566067
0,1,2,3,7.182876,490078.163538
0,1,2,3,7.181844,490038.189950
0,1,2,3,7.180813,490019.397938
0,1,2,3,7.179782,489943.503975
0,1,2,3,7.178751,489942.314248
0,1,2,3,7.177720,489924.859305
0,1,2,3,7.176690,489795.996252
0,1,2,3,7.175660,489738.513132
0,1,2,3,7.174631,489711.457630
0,1,2,3,7.173601,489611.678033
0,1,2,3,7.172572,489490.174353
0,1,2,3,7.171543,489394.637689
0,1,2,3,7.170515,489294.802549
0,1,2,3,7.169487,489216.304461
0,1,2,3,7.168459,489206.677673
0,1,2,3,7.167431,489117.987282
0,1,2,3,7.166404,489081.768316
0,1,2,3,7.165377,489057.275332
0,1,2,3,7.164350,488886.763882
0,1,2,3,7.163324,488866.593054
0,1,2,3,7.162298,488838.464233
0,1,2,3,7.161272,488830.894755
0,1,2,3,7.160246,488779.418980
0,1,2,3,7.159221,488655.222538
0,1,2,3,7.158196,488630.514375
0,1,2,3,7.157171,488489.394600
0,1,2,3,7.156147,488410.122358
0,1,2,3,7.155123,488325.933342
0,1,2,3,7.154099,488324.528651
0,1,2,3,7.153076,488310.093031
0,1,2,3,7.152053,488258.992760
0,1,2,3,7.151030,488176.820031
0,1,2,3,7.150007,487947.765299
0,1,2,3,7.148985,487946.390112
0,1,2,3,7.147963,487858.314708
0,1,2,3,7.146941,487778.596414
0,1,2,3,7.145920,487738.039210
0,1,2,3,7.144899,487707.661074
0,1,2,3,7.143878,487593.868126
0,1,2,3,7.142857,487571.893459
0,1,2,3,7.141837,487561.695409
0,1,2,3,7.140817,487367.385070
0,1,2,3,7.139797,487313.851309
0,1,2,3,7.138778,487251.155193
0,1,2,3,7.137759,487238.998629
0,1,2,3,7.136740,487087.891790
0,1,2,3,7.135721,487082.149236
0,1,2,3,7.134703,486828.941939
0,1,2,3,7.133685,486806.888577
0,1,2,3,7.132668,486698.522331
0,1,2,3,7.131650,486641.812386
0,1,2,3,7.130633,486639.115448
0,1,2,3,7.129616,486581.671645
0,1,2,3,7.128600,486530.257010
0,1,2,3,7.127584,486424.638776
0,1,2,3,7.126568,486295.728304
0,1,2,3,7.125552,486288.073608
0,1,2,3,7.124537,486203.305355
0,1,2,3,7.123522,486132.443655
0,1,2,3,7.122507,486088.755862
0,1,2,3,7.121493,486009.037803
0,1,2,3,7.120478,486007.466680
0,1,2,3,7.119465,485965.154328
0,1,2,3,7.118451,485932.164011
0,1,2,3,7.117438,485608.767075
0,1,2,3,7.116425,485569.484930
0,1,2,3,7.115412,485568.006820
0,1,2,3,7.114400,485555.984763
0,1,2,3,7.113387,485499.774297
0,1,2,3,7.112376,485474.259980
0,1,2,3,7.111364,485460.448788
0,1,2,3,7.110353,485452.407042
0,1,2,3,7.109342,485424.390678
0,1,2,3,7.108331,485383.725604
0,1,2,3,7.107321,485364.248180
0,1,2,3,7.106310,485337.006263
0,1,2,3,7.105301,485294.295286
0,1,2,3,7.104291,485220.830751
0,1,2,3,7.103282,485173.882721
0,1,2,3,7.102273,485138.558048
0,1,2,3,7.101264,485107.871313
0,1,2,3,7.100256,485042.787683
0,1,2,3,7.099247,485035.508501
0,1,2,3,7.098240,484906.326755
0,1,2,3,7.097232,484788.675755
0,1,2,3,7.096225,484717.760389
0,1,2,3,7.095218,484658.046809
0,1,2,3,7.094211,484617.342418
0,1,2,3,7.093205,484511.140154
0,1,2,3,7.092199,484431.342688
0,1,2,3,7.091193,484423.688571
0,1,2,3,7.090187,484357.516485
0,1,2,3,7.089182,484274.300716
0,1,2,3,7.088177,484110.886644
0,1,2,3,7.087172,484079.799906
0,1,2,3,7.086168,484049.927584
0,1,2,3,7.085164,483920.230906
0,1,2,3,7.084160,483798.195773
0,1,2,3,7.083156,483706.714171
0,1,2,3,7.082153,483626.125595
0,1,2,3,7.081150,483528.390298
0,1,2,3,7.080147,483430.224350
0,1,2,3,7.079145,483306.496827
0,1,2,3,7.078143,483209.792597
0,1,2,3,7.077141,483081.682732
0,1,2,3,7.076139,483022.076302
0,1,2,3,7.075138,482832.388406
0,1,2,3,7.074137,482815.945184
0,1,2,3,7.073136,482741.565714
0,1,2,3,7.072136,482681.415890
0,1,2,3,7.071136,482642.786940
0,1,2,3,7.070136,482634.938428
0,1,2,3,7.069136,482540.282178
0,1,2,3,7.068137,482500.582607
0,1,2,3,7.067138,482440.590881
0,1,2,3,7.066139,482342.760157
0,1,2,3,7.065141,482341.983484
0,1,2,3,7.064142,482269.430382
0,1,2,3,7.063145,482154.461868
0,1,2,3,7.062147,482109.632786
0,1,2,3,7.061150,481888.415503
0,1,2,3,7.060152,481771.373421
0,1,2,3,7.059156,481705.110555
0,1,2,3,7.058159,481698.518363
0,1,2,3,7.057163,481639.779081
0,1,2,3,7.056167,481501.528829
0,1,2,3,7.055171,481466.505415
0,1,2,3,7.054176,481459.505718
0,1,2,3,7.053181,481453.611727
0,1,2,3,7.052186,481320.595841
0,1,2,3,7.051192,481287.751338
0,1,2,3,7.050197,481251.977421
0,1,2,3,7.049203,481214.141447
0,1,2,3,7.048210,481110.859930
0,1,2,3,7.047216,480903.398051
0,1,2,3,7.046223,480765.042792
0,1,2,3,7.045230,480692.399222
0,1,2,3,7.044238,480691.359333
0,1,2,3,7.043246,480690.643012
0,1,2,3,7.042254,480541.917324
0,1,2,3,7.041262,480518.859789
0,1,2,3,7.040270,480452.763584
0,1,2,3,7.039279,480385.133380
0,1,2,3,7.038288,480366.120834
0,1,2,3,7.037298,480320.227819
0,1,2,3,7.036307,480223.240043
0,1,2,3,7.035317,480129.634570
0,1,2,3,7.034328,480070.850269
0,1,2,3,7.033338,480000.962822
0,1,2,3,7.032349,479947.622103
0,1,2,3,7.031360,479907.718511
0,1,2,3,7.030371,479900.448798
0,1,2,3,7.029383,479882.420129
0,1,2,3,7.028395,479872.744798
0,1,2,3,7.027407,479856.442644
0,1,2,3,7.026419,479843.296914
0,1,2,3,7.025432,479782.221203
0,1,2,3,7.024445,479741.475072
0,1,2,3,7.023458,479405.974847
0,1,2,3,7.022472,479372.584137
0,1,2,3,7.021486,479318.064570
0,1,2,3,7.020500,479143.547350
0,1,2,3,7.019514,479041.073763
0,1,2,3,7.018529,478937.806256
0,1,2,3,7.017544,478859.563903
0,1,2,3,7.016559,478779.041696
0,1,2,3,7.015575,478749.122618
0,1,2,3,7.014590,478662.847470
0,1,2,3,7.013606,478607.096052
0,1,2,3,7.012623,478586.011908
0,1,2,3,7.011639,478518.577262
0,1,2,3,7.010656,478495.153533
0,1,2,3,7.009673,478459.127209
0,1,2,3,7.008691,478438.089271
0,1,2,3,7.007708,478435.813042
0,1,2,3,7.006726,478340.645302
0,1,2,3,7.005745,478236.571949
0,1,2,3,7.004763,478219.266567
0,1,2,3,7.003782,478203.771003
0,1,2,3,7.002801,478172.777180
0,1,2,3,7.001820,478008.450754
0,1,2,3,7.000840,477913.043495
0,1,2,3,6.999860,477899.350700
0,1,2,3,6.998880,477821.574771
0,1,2,3,6.997901,477806.232037
0,1,2,3,6.996921,477792.892146
0,1,2,3,6.995942,477784.372325
0,1,2,3,6.994964,477694.066974
0,1,2,3,6.993985,477693.547169
0,1,2,3,6.993007,477530.049572
0,1,2,3,6.992029,477514.405495
0,1,2,3,6.991051,477463.557100
0,1,2,3,6.990074,477452.263532
0,1,2,3,6.989097,477441.659038
0,1,2,3,6.988120,477379.693558
0,1,2,3,6.987144,477365.431394
0,1,2,3,6.986167,477294.899799
0,1,2,3,6.985191,477293.356837
0,1,2,3,6.984216,477220.695490
0,1,2,3,6.983240,476955.365891
0,1,2,3,6.982265,476949.031624
0,1,2,3,6.981290,476793.321396
0,1,2,3,6.980316,476781.345752
0,1,2,3,6.979341,476294.725210
0,1,2,3,6.978367,476224.998479
0,1,2,3,6.977393,476182.379363
0,1,2,3,6.976420,476125.246630
0,1,2,3,6.975446,476053.073425
0,1,2,3,6.974473,476013.213445
0,1,2,3,6.973501,475926.704208
0,1,2,3,6.972528,475888.866790
0,1,2,3,6.971556,475817.662241
0,1,2,3,6.970584,475614.241726
0,1,2,3,6.969612,475606.998445
0,1,2,3,6.968641,475172.191137
0,1,2,3,6.967670,475119.640097
0,1,2,3,6.966699,475035.374004
0,1,2,3,6.965729,474989.257232
0,1,2,3,6.964758,474942.125950
0,1,2,3,6.963788,474885.076619
0,1,2,3,6.962819,474879.136683
0,1,2,3,6.961849,474835.512127
0,1,2,3,6.960880,474824.036994
0,1,2,3,6.959911,474768.893734
0,1,2,3,6.958942,474767.033524
0,1,2,3,6.957974,474484.416400
0,1,2,3,6.957006,474441.215917
0,1,2,3,6.956038,474420.502619
0,1,2,3,6.955070,474130.397894
0,1,2,3,6.954103,474109.515389
0,1,2,3,6.953136,474073.913159
0,1,2,3,6.952169,474058.338423
0,1,2,3,6.951203,473920.478963
0,1,2,3,6.950236,473869.989973
0,1,2,3,6.949270,473696.768369
0,1,2,3,6.948305,473688.556919
0,1,2,3,6.947339,473647.267215
0,1,2,3,6.946374,473617.356175
0,1,2,3,6.945409,473612.591184
0,1,2,3,6.944444,473547.056012
0,1,2,3,6.943480,473476.989331
0,1,2,3,6.942516,473374.558047
0,1,2,3,6.941552,473242.281705
0,1,2,3,6.940589,473021.967398
0,1,2,3,6.939625,472802.235357
0,1,2,3,6.938662,472797.966466
0,1,2,3,6.937699,472774.954657
0,1,2,3,6.936737,472697.889387
0,1,2,3,6.935775,472679.613083
0,1,2,3,6.934813,472608.895049
0,1,2,3,6.933851,472600.020953
0,1,2,3,6.932890,472544.523244
0,1,2,3,6.931928,472497.939300
0,1,2,3,6.930968,472340.856277
0,1,2,3,6.930007,472337.348117
0,1,2,3,6.929047,472310.809770
0,1,2,3,6.928086,472207.446516
0,1,2,3,6.927127,472164.809387
0,1,2,3,6.926167,472058.063067
0,1,2,3,6.925208,471921.986340
0,1,2,3,6.924249,471906.276375
0,1,2,3,6.923290,471859.277004
0,1,2,3,6.922331,471780.132657
0,1,2,3,6.921373,471656.858461
0,1,2,3,6.920415,471488.235572
0,1,2,3,6.919458,471467.413118
0,1,2,3,6.918500,471417.791695
0,1,2,3,6.917543,471387.220140
0,1,2,3,6.916586,471346.375287
0,1,2,3,6.915629,471325.560304
0,1,2,3,6.914673,471272.284137
0,1,2,3,6.913717,471137.810051
0,1,2,3,6.912761,471128.166559
0,1,2,3,6.911805,470992.199909
0,1,2,3,6.910850,470944.532889
0,1,2,3,6.909895,470812.424920
0,1,2,3,6.908940,470744.856640
0,1,2,3,6.907986,470729.755309
0,1,2,3,6.907031,470693.650908
0,1,2,3,6.906077,470678.196185
0,1,2,3,6.905124,470511.948094
0,1,2,3,6.904170,470496.419682
0,1,2,3,6.903217,470386.330590
0,1,2,3,6.902264,470359.423788
0,1,2,3,6.901311,470328.257783
0,1,2,3,6.900359,470309.344582
0,1,2,3,6.899407,470250.963980
0,1,2,3,6.898455,470173.460606
0,1,2,3,6.897503,470142.811357
0,1,2,3,6.896552,470090.450652
0,1,2,3,6.895601,470079.034824
0,1,2,3,6.894650,470076.708460
0,1,2,3,6.893699,469871.135907
0,1,2,3,6.892749,469681.725122
0,1,2,3,6.891799,469526.503207
0,1,2,3,6.890849,469508.340228
0,1,2,3,6.889899,469499.958753
0,1,2,3,6.888950,469452.227518
0,1,2,3,6.888001,469339.604355
0,1,2,3,6.887052,469316.679865
0,1,2,3,6.886104,469303.386870
0,1,2,3,6.885156,469262.742194
0,1,2,3,6.884208,469171.729555
0,1,2,3,6.883260,469070.839707
0,1,2,3,6.882312,468996.437094
0,1,2,3,6.881365,468970.683984
0,1,2,3,6.880418,468846.220381
0,1,2,3,6.879472,468805.312450
0,1,2,3,6.878525,468670.976786
0,1,2,3,6.877579,468405.930692
0,1,2,3,6.876633,468229.715528
0,1,2,3,6.875688,468179.770929
0,1,2,3,6.874742,468160.391005
0,1,2,3,6.873797,468067.847421
0,1,2,3,6.872852,467992.052408
0,1,2,3,6.871908,467991.142523
0,1,2,3,6.870963,467990.840455
0,1,2,3,6.870019,467832.917614
0,1,2,3,6.869075,467731.207249
0,1,2,3,6.868132,467730.330507
0,1,2,3,6.867189,467725.942419
0,1,2,3,6.866246,467622.497771
0,1,2,3,6.865303,467618.836881
0,1,2,3,6.864360,467550.112867
0,1,2,3,6.863418,467525.454375
0,1,2,3,6.862476,467433.765953
0,1,2,3,6.861534,467415.332938
0,1,2,3,6.860593,467315.426798
0,1,2,3,6.859652,467061.118501
0,1,2,3,6.858711,467002.724276
0,1,2,3,6.857770,466976.477795
0,1,2,3,6.856829,466866.738617
0,1,2,3,6.855889,466770.590310
0,1,2,3,6.854949,466636.085342
0,1,2,3,6.854010,466573.351684
0,1,2,3,6.853070,466400.780495
0,1,2,3,6.852131,466349.795717
0,1,2,3,6.851192,466300.158044
0,1,2,3,6.850253,466183.404431
0,1,2,3,6.849315,466038.097650
0,1,2,3,6.848377,465983.542828
0,1,2,3,6.847439,465612.708867
0,1,2,3,6.846501,465609.524605
0,1,2,3,6.845564,465593.268178
0,1,2,3,6.844627,465217.119047
0,1,2,3,6.843690,465137.583467
0,1,2,3,6.842754,465121.540111
0,1,2,3,6.841817,464951.766572
0,1,2,3,6.840881,464874.237003
0,1,2,3,6.839945,464858.195755
0,1,2,3,6.839010,464855.582127
0,1,2,3,6.838074,464676.228302
0,1,2,3,6.837139,464619.255392
0,1,2,3,6.836205,464500.031912
0,1,2,3,6.835270,464386.955758
0,1,2,3,6.834336,464329.398187
0,1,2,3,6.833402,464292.817048
0,1,2,3,6.832468,464073.452839
0,1,2,3,6.831534,464071.278865
0,1,2,3,6.830601,464019.932433
0,1,2,3,6.829668,463900.709985
0,1,2,3,6.828735,463820.209900
0,1,2,3,6.827803,463744.267130
0,1,2,3,6.826871,463699.843985
0,1,2,3,6.825939,463666.873114
0,1,2,3,6.825007,463562.394400
0,1,2,3,6.824075,463469.406096
0,1,2,3,6.823144,463438.033721
0,1,2,3,6.822213,463400.325519
0,1,2,3,6.821282,463266.736821
0,1,2,3,6.820352,463155.056018
0,1,2,3,6.819422,463124.296709
0,1,2,3,6.818492,463034.435811
0,1,2,3,6.817562,463015.430133
0,1,2,3,6.816633,463003.536839
0,1,2,3,6.815703,462834.896351
0,1,2,3,6.814774,462829.612160
0,1,2,3,6.813846,462624.410852
0,1,2,3,6.812917,462494.823915
0,1,2,3,6.811989,462388.542582
0,1,2,3,6.811061,462264.477329
0,1,2,3,6.810133,462249.917501
0,1,2,3,6.809206,462022.934511
0,1,2,3,6.808279,461965.948315
0,1,2,3,6.807352,461851.086749
0,1,2,3,6.806425,461792.605363
0,1,2,3,6.805499,461791.396500
0,1,2,3,6.804573,461787.515618
0,1,2,3,6.803647,461760.090334
0,1,2,3,6.802721,461410.201520
0,1,2,3,6.801796,461350.135524
0,1,2,3,6.800871,461252.034094
0,1,2,3,6.799946,461170.144892
0,1,2,3,6.799021,461091.711018
0,1,2,3,6.798097,460685.432781
0,1,2,3,6.797172,460626.356291
0,1,2,3,6.796248,460607.543686
0,1,2,3,6.795325,460334.130319
0,1,2,3,6.794401,460327.575236
0,1,2,3,6.793478,460279.496041
0,1,2,3,6.792555,460274.333969
0,1,2,3,6.791633,460224.327657
0,1,2,3,6.790710,460102.551189
0,1,2,3,6.789788,460063.345020
0,1,2,3,6.788866,459987.372645
0,1,2,3,6.787945,459938.432671
0,1,2,3,6.787023,459910.161565
0,1,2,3,6.786102,459769.085491
0,1,2,3,6.785181,459712.102785
0,1,2,3,6.784261,459657.459638
0,1,2,3,6.783340,459589.607010
0,1,2,3,6.782420,459543.245582
0,1,2,3,6.781500,459537.111903
0,1,2,3,6.780580,459536.854841
0,1,2,3,6.779661,459521.808452
0,1,2,3,6.778742,459299.904421
0,1,2,3,6.777823,459272.686386
0,1,2,3,6.776904,459222.019003
0,1,2,3,6.775986,459180.584330
0,1,2,3,6.775068,459140.483483
0,1,2,3,6.774150,459060.349738
0,1,2,3,6.773232,458818.027383
0,1,2,3,6.772315,458794.065165
0,1,2,3,6.771398,458599.998560
0,1,2,3,6.770481,458498.853570
0,1,2,3,6.769564,458445.903869
0,1,2,3,6.768648,458306.766911
0,1,2,3,6.767731,458259.396647
0,1,2,3,6.766816,458190.710156
0,1,2,3,6.765900,458080.294489
0,1,2,3,6.764984,458007.450811
0,1,2,3,6.764069,457931.509057
0,1,2,3,6.763154,457725.154032
0,1,2,3,6.762240,457679.472761
0,1,2,3,6.761325,457674.585121
0,1,2,3,6.760411,457642.361746
0,1,2,3,6.759497,457569.588499
0,1,2,3,6.758583,457524.915409
0,1,2,3,6.757670,457502.506380
0,1,2,3,6.756757,457478.585532
0,1,2,3,6.755844,457307.416079
0,1,2,3,6.754931,457278.026311
0,1,2,3,6.754019,457199.067211
0,1,2,3,6.753106,457183.064843
0,1,2,3,6.752194,456969.082224
0,1,2,3,6.751283,456953.005956
0,1,2,3,6.750371,456829.396953
0,1,2,3,6.749460,456714.302395
0,1,2,3,6.748549,456700.163153
0,1,2,3,6.747638,456693.742065
0,1,2,3,6.746728,456647.221029
0,1,2,3,6.745818,456566.225245
0,1,2,3,6.744908,456561.981216
0,1,2,3,6.743998,456556.455618
0,1,2,3,6.743088,456370.035312
0,1,2,3,6.742179,456302.817096
0,1,2,3,6.741270,456065.211485
0,1,2,3,6.740361,456034.279301
0,1,2,3,6.739453,456007.956900
0,1,2,3,6.738544,456003.955635
0,1,2,3,6.737636,455970.059821
0,1,2,3,6.736729,455943.651202
0,1,2,3,6.735821,455931.824639
0,1,2,3,6.734914,455923.446742
0,1,2,3,6.734007,455923.141324
0,1,2,3,6.733100,455787.693640
0,1,2,3,6.732193,455621.138863
0,1,2,3,6.731287,455304.102578
0,1,2,3,6.730381,455230.695068
0,1,2,3,6.729475,455179.005616
0,1,2,3,6.728570,455129.096190
0,1,2,3,6.727664,455011.853415
0,1,2,3,6.726759,454735.670611
0,1,2,3,6.725854,454697.777623
0,1,2,3,6.724950,454677.856645
0,1,2,3,6.724045,454645.332222
0,1,2,3,6.723141,454630.462885
0,1,2,3,6.722237,454530.094900
0,1,2,3,6.721334,454527.471819
0,1,2,3,6.720430,454396.292247
0,1,2,3,6.719527,454391.983672
0,1,2,3,6.718624,454334.152148
0,1,2,3,6.717721,454101.742026
0,1,2,3,6.716819,454083.453008
0,1,2,3,6.715917,454068.826012
0,1,2,3,6.715015,454026.447469
0,1,2,3,6.714113,453998.720421
0,1,2,3,6.713212,453899.459880
0,1,2,3,6.712310,453882.005259
0,1,2,3,6.711409,453838.876429
0,1,2,3,6.710509,453654.515968
0,1,2,3,6.709608,453652.621904
0,1,2,3,6.708708,453506.461392
0,1,2,3,6.707808,453439.668012
0,1,2,3,6.706908,453240.186752
0,1,2,3,6.706009,453217.679038
0,1,2,3,6.705109,453174.586885
0,1,2,3,6.704210,453116.837035
0,1,2,3,6.703311,453053.294695
0,1,2,3,6.702413,452991.231603
0,1,2,3,6.701515,452963.532983
0,1,2,3,6.700616,452934.967515
0,1,2,3,6.699719,452786.801720
0,1,2,3,6.698821,452738.928578
0,1,2,3,6.697924,452580.221679
0,1,2,3,6.697027,452519.309946
0,1,2,3,6.696130,452496.813857
0,1,2,3,6.695233,452495.502467
0,1,2,3,6.694337,452411.193255
0,1,2,3,6.693440,452040.970409
0,1,2,3,6.692545,451930.276665
0,1,2,3,6.691649,451854.732774
0,1,2,3,6.690753,451763.882308
0,1,2,3,6.689858,451629.037994
0,1,2,3,6.688963,451562.434293
0,1,2,3,6.688068,451426.739550
0,1,2,3,6.687174,451336.862883
0,1,2,3,6.686280,451281.943817
0,1,2,3,6.685386,451280.272363
0,1,2,3,6.684492,451099.026560
0,1,2,3,6.683598,451060.887668
0,1,2,3,6.682705,451013.413697
0,1,2,3,6.681812,450953.239198
0,1,2,3,6.680919,450916.874060
0,1,2,3,6.680027,450805.378534
0,1,2,3,6.679134,450752.298015
0,1,2,3,6.678242,450734.147699
0,1,2,3,6.677350,450715.669662
0,1,2,3,6.676459,450596.292321
0,1,2,3,6.675567,450399.141538
0,1,2,3,6.674676,450248.689903
0,1,2,3,6.673785,450086.472814
0,1,2,3,6.672895,450079.271769
0,1,2,3,6.672004,450047.707797
0,1,2,3,6.671114,450003.017586
0,1,2,3,6.670224,449921.242472
0,1,2,3,6.669334,449803.192282
0,1,2,3,6.668445,449772.498603
0,1,2,3,6.667556,449633.717050
0,1,2,3,6.666667,449625.291475
0,1,2,3,6.665778,449522.580959
0,1,2,3,6.664889,449486.349022
0,1,2,3,6.664001,449390.043251
0,1,2,3,6.663113,449386.912529
0,1,2,3,6.662225,449247.245489
0,1,2,3,6.661338,449240.539257
0,1,2,3,6.660450,449170.754776
0,1,2,3,6.659563,449127.137650
0,1,2,3,6.658676,448959.384129
0,1,2,3,6.657790,448958.252097
0,1,2,3,6.656903,448923.482178
0,1,2,3,6.656017,448827.965651
0,1,2,3,6.655131,448743.873419
0,1,2,3,6.654245,448559.159450
0,1,2,3,6.653360,448356.973266
0,1,2,3,6.652475,448269.032263
0,1,2,3,6.651590,448047.215361
0,1,2,3,6.650705,448019.571737
0,1,2,3,6.649820,448014.581521
0,1,2,3,6.648936,447970.865231
0,1,2,3,6.648052,447911.785448
0,1,2,3,6.647168,447887.567087
0,1,2,3,6.646285,447815.062999
0,1,2,3,6.645401,447767.373279
0,1,2,3,6.644518,447717.932017
0,1,2,3,6.643635,447659.544556
0,1,2,3,6.642753,447536.695511
0,1,2,3,6.641870,447348.702754
0,1,2,3,6.640988,447316.923497
0,1,2,3,6.640106,447305.766455
0,1,2,3,6.639225,447245.971609
0,1,2,3,6.638343,447233.235010
0,1,2,3,6.637462,447211.294396
0,1,2,3,6.636581,447184.969973
0,1,2,3,6.635700,447168.197083
0,1,2,3,6.634820,446847.468289
0,1,2,3,6.633939,446807.574599
0,1,2,3,6.633059,446747.248790
0,1,2,3,6.632179,446720.248509
0,1,2,3,6.631300,446650.243545
0,1,2,3,6.630420,446604.329715
0,1,2,3,6.629541,446585.100408
0,1,2,3,6.628662,446532.096446
0,1,2,3,6.627784,446505.608512
0,1,2,3,6.626905,446468.541371
0,1,2,3,6.626027,446416.779933
0,1,2,3,6.625149,446371.759847
0,1,2,3,6.624271,446150.473032
0,1,2,3,6.623394,446147.104330
0,1,2,3,6.622517,446098.471592
0,1,2,3,6.621640,445926.287192
0,1,2,3,6.620763,445878.811262
0,1,2,3,6.619886,445835.561557
0,1,2,3,6.619010,445747.735223
0,1,2,3,6.618134,445729.924041
0,1,2,3,6.617258,445696.238765
0,1,2,3,6.616382,445615.054942
0,1,2,3,6.615507,445543.298544
0,1,2,3,6.614632,445503.303166
0,1,2,3,6.613757,445403.953184
0,1,2,3,6.612882,445336.905839
0,1,2,3,6.612007,445144.164197
0,1,2,3,6.611133,445064.375674
0,1,2,3,6.610259,444962.549754
0,1,2,3,6.609385,444873.709407
0,1,2,3,6.608512,444813.875962
0,1,2,3,6.607638,444804.494451
0,1,2,3,6.606765,444707.755159
0,1,2,3,6.605892,444345.335684
0,1,2,3,6.605020,444302.043671
0,1,2,3,6.604147,444293.565622
0,1,2,3,6.603275,444264.050710
0,1,2,3,6.602403,444097.519694
0,1,2,3,6.601532,444052.910275
0,1,2,3,6.600660,443948.536688
0,1,2,3,6.599789,443838.165021
0,1,2,3,6.598918,443756.826836
0,1,2,3,6.598047,443592.855274
0,1,2,3,6.597176,443541.703865
0,1,2,3,6.596306,443530.440469
0,1,2,3,6.595436,443444.148412
0,1,2,3,6.594566,443286.291875
0,1,2,3,6.593696,443249.281165
0,1,2,3,6.592827,443240.537998
0,1,2,3,6.591958,443218.818922
0,1,2,3,6.591089,443206.809115
0,1,2,3,6.590220,443203.420551
0,1,2,3,6.589352,443075.267966
0,1,2,3,6.588483,443069.460965
0,1,2,3,6.587615,442985.305036
0,1,2,3,6.586747,442961.839972
0,1,2,3,6.585880,442915.357288
0,1,2,3,6.585013,442833.971726
0,1,2,3,6.584145,442798.687367
0,1,2,3,6.583278,442733.650690
0,1,2,3,6.582412,442724.549182
0,1,2,3,6.581545,442713.564915
0,1,2,3,6.580679,442690.722878
0,1,2,3,6.579813,442682.531553
0,1,2,3,6.578947,442463.777208
0,1,2,3,6.578082,442400.497611
0,1,2,3,6.577217,442345.185578
0,1,2,3,6.576351,442343.914334
0,1,2,3,6.575487,442251.803307
0,1,2,3,6.574622,442181.825680
0,1,2,3,6.573758,442060.837382
0,1,2,3,6.572893,442053.081352
0,1,2,3,6.572029,441845.078266
0,1,2,3,6.571166,441677.580396
0,1,2,3,6.570302,441595.437732
0,1,2,3,6.569439,441420.272920
0,1,2,3,6.568576,441267.700983
0,1,2,3,6.567713,441208.920989
0,1,2,3,6.566851,441077.015600
0,1,2,3,6.565988,441026.339160
0,1,2,3,6.565126,440798.596067
0,1,2,3,6.564264,440752.004316
0,1,2,3,6.563402,440633.877993
0,1,2,3,6.562541,440619.282857
0,1,2,3,6.561680,440553.352447
0,1,2,3,6.560819,440539.984882
0,1,2,3,6.559958,440522.229427
0,1,2,3,6.559097,440516.301668
0,1,2,3,6.558237,440514.618164
0,1,2,3,6.557377,440379.856123
0,1,2,3,6.556517,440270.244199
0,1,2,3,6.555658,439732.546605
0,1,2,3,6.554798,439686.352718
0,1,2,3,6.553939,439526.498599
0,1,2,3,6.553080,439300.260949
0,1,2,3,6.552221,439272.480759
0,1,2,3,6.551363,439183.616931
0,1,2,3,6.550504,439138.257693
0,1,2,3,6.549646,438997.754744
0,1,2,3,6.548788,438818.818226
0,1,2,3,6.547931,438675.276611
0,1,2,3,6.547073,438463.833350
0,1,2,3,6.546216,438462.212719
0,1,2,3,6.545359,438408.136804
0,1,2,3,6.544503,438399.763651
0,1,2,3,6.543646,438253.426749
0,1,2,3,6.542790,438223.869845
0,1,2,3,6.541934,438151.501299
0,1,2,3,6.541078,438105.430599
0,1,2,3,6.540222,437869.072672
0,1,2,3,6.539367,437737.444544
0,1,2,3,6.538512,437705.903032
0,1,2,3,6.537657,437576.610369
0,1,2,3,6.536802,437573.863742
0,1,2,3,6.535948,437415.939340
0,1,2,3,6.535093,437374.593628
0,1,2,3,6.534239,437274.786146
0,1,2,3,6.533386,437268.957537
0,1,2,3,6.532532,437236.946390
0,1,2,3,6.531679,437214.111028
0,1,2,3,6.530825,437186.496058
0,1,2,3,6.529973,437151.991587
0,1,2,3,6.529120,436680.275984
0,1,2,3,6.528267,436669.941798
0,1,2,3,6.527415,436379.456971
0,1,2,3,6.526563,436304.928610
0,1,2,3,6.525711,436294.187790
0,1,2,3,6.524860,436287.403257
0,1,2,3,6.524008,436221.839265
0,1,2,3,6.523157,436051.941568
0,1,2,3,6.522306,435971.157826
0,1,2,3,6.521456,435887.858063
0,1,2,3,6.520605,435872.196869
0,1,2,3,6.519755,435870.063014
0,1,2,3,6.518905,435839.451399
0,1,2,3,6.518055,435836.129673
0,1,2,3,6.517205,435832.989796
0,1,2,3,6.516356,435604.904268
0,1,2,3,6.515507,435326.179244
0,1,2,3,6.514658,435312.674927
0,1,2,3,6.513809,435304.347360
0,1,2,3,6.512961,435291.137633
0,1,2,3,6.512113,435269.339300
0,1,2,3,6.511264,435239.050376
0,1,2,3,6.510417,435205.102517
0,1,2,3,6.509569,435147.643280
0,1,2,3,6.508722,435131.023721
0,1,2,3,6.507875,435120.635969
0,1,2,3,6.507028,434959.584549
0,1,2,3,6.506181,434824.122245
0,1,2,3,6.505334,434781.636646
0,1,2,3,6.504488,434716.446120
0,1,2,3,6.503642,434712.768116
0,1,2,3,6.502796,434707.761318
0,1,2,3,6.501951,434705.215254
0,1,2,3,6.501105,434660.375391
0,1,2,3,6.500260,434603.852095
0,1,2,3,6.499415,434601.503022
0,1,2,3,6.498570,434543.256867
0,1,2,3,6.497726,434478.294448
0,1,2,3,6.496881,434469.986412
0,1,2,3,6.496037,434434.636046
0,1,2,3,6.495194,434302.846294
0,1,2,3,6.494350,434298.970027
0,1,2,3,6.493506,434151.366402
0,1,2,3,6.492663,434081.513671
0,1,2,3,6.491820,434006.426424
0,1,2,3,6.490978,433683.239715
0,1,2,3,6.490135,433672.747756
0,1,2,3,6.489293,433546.134712
0,1,2,3,6.488451,433538.564934
0,1,2,3,6.487609,433514.221696
0,1,2,3,6.486767,433317.400460
0,1,2,3,6.485926,433174.909698
0,1,2,3,6.485084,433146.745213
0,1,2,3,6.484243,433118.735450
0,1,2,3,6.483402,433063.591047
0,1,2,3,6.482562,433037.272991
0,1,2,3,6.481722,433027.456663
0,1,2,3,6.480881,433012.935565
0,1,2,3,6.480041,432987.669188
0,1,2,3,6.479202,432967.732238
0,1,2,3,6.478362,432952.033448
0,1,2,3,6.477523,432877.783390
0,1,2,3,6.476684,432870.460084
0,1,2,3,6.475845,432854.196452
0,1,2,3,6.475006,432844.228305
0,1,2,3,6.474168,432826.750958
0,1,2,3,6.473330,432813.137161
0,1,2,3,6.472492,432798.417324
0,1,2,3,6.471654,432775.011528
0,1,2,3,6.470817,432761.170402
0,1,2,3,6.469979,432740.973507
0,1,2,3,6.469142,432562.548704
0,1,2,3,6.468305,432554.927616
0,1,2,3,6.467469,432553.444655
0,1,2,3,6.466632,432435.597329
0,1,2,3,6.465796,432360.425758
0,1,2,3,6.464960,432354.142832
0,1,2,3,6.464124,432352.290731
0,1,2,3,6.463289,432266.841536
0,1,2,3,6.462453,432204.281220
0,1,2,3,6.461618,432200.049596
0,1,2,3,6.460783,432177.863659
0,1,2,3,6.459948,432071.724302
0,1,2,3,6.459114,432013.936588
0,1,2,3,6.458280,431820.073118
0,1,2,3,6.457445,431810.115943
0,1,2,3,6.456612,431676.436479
0,1,2,3,6.455778,431651.692903
0,1,2,3,6.454944,431647.170742
0,1,2,3,6.454111,431600.566051
0,1,2,3,6.453278,431528.943355
0,1,2,3,6.452445,431371.113495
0,1,2,3,6.451613,431330.716647
0,1,2,3,6.450781,431106.457625
0,1,2,3,6.449948,430850.857208
0,1,2,3,6.449116,430808.679024
0,1,2,3,6.448285,430748.389002
0,1,2,3,6.447453,430703.627904
0,1,2,3,6.446622,430650.735213
0,1,2,3,6.445791,430616.849912
0,1,2,3,6.444960,430500.958173
0,1,2,3,6.444129,430460.177976
0,1,2,3,6.443299,430440.254414
0,1,2,3,6.442469,430322.873287
0,1,2,3,6.441639,430087.000736
0,1,2,3,6.440809,430063.096121
0,1,2,3,6.439979,430053.401230
0,1,2,3,6.439150,430023.322674
0,1,2,3,6.438321,429991.330958
0,1,2,3,6.437492,429985.621554
0,1,2,3,6.436663,429982.416366
0,1,2,3,6.435835,429888.808829
0,1,2,3,6.435006,429868.644864
0,1,2,3,6.434178,429813.262954
0,1,2,3,6.433350,429743.442106
0,1,2,3,6.432523,429740.826060
0,1,2,3,6.431695,429698.358944
0,1,2,3,6.430868,429665.434690
0,1,2,3,6.430041,429635.191455
0,1,2,3,6.429214,429628.722611
0,1,2,3,6.428388,429588.043066
0,1,2,3,6.427561,429491.173566
0,1,2,3,6.426735,429312.718193
0,1,2,3,6.425909,429304.822478
0,1,2,3,6.425084,429235.245185
0,1,2,3,6.424258,429193.007316
0,1,2,3,6.423433,429157.466390
0,1,2,3,6.422608,429131.714471
0,1,2,3,6.421783,429097.893005
0,1,2,3,6.420958,429090.172129
0,1,2,3,6.420134,428958.370607
0,1,2,3,6.419309,428764.068372
0,1,2,3,6.418485,428604.430036
0,1,2,3,6.417661,428599.861274
0,1,2,3,6.416838,428540.044782
0,1,2,3,6.416014,428505.950914
0,1,2,3,6.415191,428505.482080
0,1,2,3,6.414368,428457.664206
0,1,2,3,6.413545,428390.578515
0,1,2,3,6.412723,428309.593176
0,1,2,3,6.411900,428303.997257
0,1,2,3,6.411078,428258.505060
0,1,2,3,6.410256,428200.647835
0,1,2,3,6.409435,428073.667292
0,1,2,3,6.408613,427821.115273
0,1,2,3,6.407792,427812.850026
0,1,2,3,6.406971,427782.184683
0,1,2,3,6.406150,427712.681107
0,1,2,3,6.405329,427658.470301
0,1,2,3,6.404509,427617.494891
0,1,2,3,6.403689,427381.656847
0,1,2,3,6.402868,427233.967195
0,1,2,3,6.402049,427227.093263
0,1,2,3,6.401229,427222.568238
0,1,2,3,6.400410,427147.761437
0,1,2,3,6.399590,427068.082615
0,1,2,3,6.398771,426939.092690
0,1,2,3,6.397953,426860.581634
0,1,2,3,6.397134,426827.253587
0,1,2,3,6.396316,426775.827609
0,1,2,3,6.395498,426569.336773
0,1,2,3,6.394680,426481.287559
0,1,2,3,6.393862,426457.907478
0,1,2,3,6.393044,426332.610026
0,1,2,3,6.392227,426318.729199
0,1,2,3,6.391410,426223.988996
0,1,2,3,6.390593,426182.069420
0,1,2,3,6.389776,426141.681877
0,1,2,3,6.388960,426136.749146
0,1,2,3,6.388144,426109.411461
0,1,2,3,6.387328,425975.073588
0,1,2,3,6.386512,425900.137566
0,1,2,3,6.385696,425742.816356
0,1,2,3,6.384881,425509.072804
0,1,2,3,6.384065,425488.667410
0,1,2,3,6.383250,425357.792397
0,1,2,3,6.382436,425317.751120
0,1,2,3,6.381621,425293.729138
0,1,2,3,6.380807,425166.666423
0,1,2,3,6.379992,424893.364986
0,1,2,3,6.379178,424765.063756
0,1,2,3,6.378365,424665.762762
0,1,2,3,6.377551,424564.919025
0,1,2,3,6.376738,424563.844685
0,1,2,3,6.375925,424562.948928
0,1,2,3,6.375112,424550.688273
0,1,2,3,6.374299,424434.574453
0,1,2,3,6.373486,424256.175860
0,1,2,3,6.372674,424202.035271
0,1,2,3,6.371862,424049.617862
0,1,2,3,6.371050,423892.442785
0,1,2,3,6.370238,423888.046319
0,1,2,3,6.369427,423812.380544
0,1,2,3,6.368615,423671.562961
0,1,2,3,6.367804,423666.391429
0,1,2,3,6.366994,423657.074049
0,1,2,3,6.366183,423629.553613
0,1,2,3,6.365372,423559.604316
0,1,2,3,6.364562,423543.623325
0,1,2,3,6.363752,423462.352885
0,1,2,3,6.362942,423451.835831
0,1,2,3,6.362133,423396.708593
0,1,2,3,6.361323,423346.855394
0,1,2,3,6.360514,423238.511586
0,1,2,3,6.359705,423192.934290
0,1,2,3,6.358896,423187.048656
0,1,2,3,6.358087,423185.270071
0,1,2,3,6.357279,423133.120687
0,1,2,3,6.356471,423059.747531
0,1,2,3,6.355663,422885.956536
0,1,2,3,6.354855,422763.949213
0,1,2,3,6.354048,422678.460526
0,1,2,3,6.353240,422604.740953
0,1,2,3,6.352433,422502.063614
0,1,2,3,6.351626,422430.406038
0,1,2,3,6.350819,422410.034391
0,1,2,3,6.350013,422324.489902
0,1,2,3,6.349206,422152.306438
0,1,2,3,6.348400,422137.694290
0,1,2,3,6.347594,421950.177607
0,1,2,3,6.346789,421873.052953
0,1,2,3,6.345983,421868.507500
0,1,2,3,6.345178,421736.684905
0,1,2,3,6.344373,421637.965371
0,1,2,3,6.343568,421600.852926
0,1,2,3,6.342763,421567.177599
0,1,2,3,6.341958,421439.964397
0,1,2,3,6.341154,421426.741925
0,1,2,3,6.340350,421410.541090
0,1,2,3,6.339546,421379.286106
0,1,2,3,6.338742,421371.143600
0,1,2,3,6.337939,421248.047512
0,1,2,3,6.337136,421202.804807
0,1,2,3,6.336333,421099.840213
0,1,2,3,6.335530,420959.748426
0,1,2,3,6.334727,420919.971120
0,1,2,3,6.333924,420812.421969
0,1,2,3,6.333122,420735.877266
0,1,2,3,6.332320,420701.826312
0,1,2,3,6.331518,420701.630292
0,1,2,3,6.330717,420667.512228
0,1,2,3,6.329915,420616.729719
0,1,2,3,6.329114,420548.529701
0,1,2,3,6.328313,420492.762411
0,1,2,3,6.327512,420254.136763
0,1,2,3,6.326711,420251.288677
0,1,2,3,6.325911,420177.963256
0,1,2,3,6.325111,420175.619621
0,1,2,3,6.324311,420163.137094
0,1,2,3,6.323511,420130.298860
0,1,2,3,6.322711,420111.939392
0,1,2,3,6.321912,420101.518067
0,1,2,3,6.321113,420099.845589
0,1,2,3,6.320313,420002.088494
0,1,2,3,6.319515,419933.190556
0,1,2,3,6.318716,419909.895474
0,1,2,3,6.317918,419877.661173
0,1,2,3,6.317119,419872.381296
0,1,2,3,6.316321,419674.048978
0,1,2,3,6.315524,419587.664827
0,1,2,3,6.314726,419536.980590
0,1,2,3,6.313929,419464.436014
0,1,2,3,6.313131,419184.846120
0,1,2,3,6.312334,419081.375003
0,1,2,3,6.311537,419072.456927
0,1,2,3,6.310741,419044.279312
0,1,2,3,6.309944,419039.622235
0,1,2,3,6.309148,418988.417777
0,1,2,3,6.308352,418957.424586
0,1,2,3,6.307556,418934.644111
0,1,2,3,6.306761,418692.823401
0,1,2,3,6.305965,418662.362940
0,1,2,3,6.305170,418641.975661
0,1,2,3,6.304375,418534.996584
0,1,2,3,6.303580,418507.989538
0,1,2,3,6.302786,418443.273822
0,1,2,3,6.301991,418424.787497
0,1,2,3,6.301197,418329.869080
0,1,2,3,6.300403,418274.280164
0,1,2,3,6.299609,418259.988642
0,1,2,3,6.298816,418255.320485
0,1,2,3,6.298022,418239.492615
0,1,2,3,6.297229,418112.885886
0,1,2,3,6.296436,418039.942885
0,1,2,3,6.295643,417992.603247
0,1,2,3,6.294851,417983.625879
0,1,2,3,6.294058,417974.075989
0,1,2,3,6.293266,417851.055887
0,1,2,3,6.292474,417797.731319
0,1,2,3,6.291682,417723.056949
0,1,2,3,6.290891,417685.687734
0,1,2,3,6.290099,417622.956534
0,1,2,3,6.289308,417493.369488
0,1,2,3,6.288517,417459.121998
0,1,2,3,6.287726,417418.124298
0,1,2,3,6.286936,417331.961447
0,1,2,3,6.286145,417290.588184
0,1,2,3,6.285355,417040.116099
0,1,2,3,6.284565,417004.937124
0,1,2,3,6.283775,416927.382445
0,1,2,3,6.282986,416865.733646
0,1,2,3,6.282196,416844.003718
0,1,2,3,6.281407,416752.341373
0,1,2,3,6.280618,416681.088621
0,1,2,3,6.279829,416644.537316
0,1,2,3,6.279041,416549.386303
0,1,2,3,6.278252,416519.487321
0,1,2,3,6.277464,416490.314400
0,1,2,3,6.276676,416424.527708
0,1,2,3,6.275888,416271.345834
0,1,2,3,6.275100,416244.144323
0,1,2,3,6.274313,416178.777376
0,1,2,3,6.273526,416153.619195
0,1,2,3,6.272739,416132.238006
0,1,2,3,6.271952,416111.303660
0,1,2,3,6.271165,416000.528020
0,1,2,3,6.270379,415916.237828
0,1,2,3,6.269592,415766.930855
0,1,2,3,6.268806,415743.588473
0,1,2,3,6.268021,415712.930753
0,1,2,3,6.267235,415512.980865
0,1,2,3,6.266449,415504.987220
0,1,2,3,6.265664,415257.488662
0,1,2,3,6.264879,415245.653934
0,1,2,3,6.264094,415243.152058
0,1,2,3,6.263310,415211.243528
0,1,2,3,6.262525,415183.875751
0,1,2,3,6.261741,415174.884035
0,1,2,3,6.260957,414910.734842
0,1,2,3,6.260173,414902.456395
0,1,2,3,6.259389,414892.798262
0,1,2,3,6.258606,414808.380219
0,1,2,3,6.257822,414657.759157
0,1,2,3,6.257039,414642.722650
0,1,2,3,6.256256,414463.911760
0,1,2,3,6.255474,414314.795701
0,1,2,3,6.254691,414291.260642
0,1,2,3,6.253909,414266.188891
0,1,2,3,6.253127,414021.995151
0,1,2,3,6.252345,413931.267159
0,1,2,3,6.251563,413670.338379
0,1,2,3,6.250781,413628.075222
0,1,2,3,6.250000,413567.116217
0,1,2,3,6.249219,413556.886507
0,1,2,3,6.248438,413473.084811
0,1,2,3,6.247657,413448.339265
0,1,2,3,6.246877,413386.212080
0,1,2,3,6.246096,413380.539226
0,1,2,3,6.245316,413348.905445
0,1,2,3,6.244536,413343.740651
0,1,2,3,6.243756,413332.684419
0,1,2,3,6.242977,413270.186210
0,1,2,3,6.242197,413128.237370
0,1,2,3,6.241418,413128.064989
0,1,2,3,6.240639,413091.346388
0,1,2,3,6.239860,413044.788097
0,1,2,3,6.239082,412743.494599
0,1,2,3,6.238303,412647.964083
0,1,2,3,6.237525,412604.607158
0,1,2,3,6.236747,412569.103148
0,1,2,3,6.235969,412516.500630
0,1,2,3,6.235191,412436.375102
0,1,2,3,6.234414,412409.462441
0,1,2,3,6.233637,412325.853690
0,1,2,3,6.232860,412310.858665
0,1,2,3,6.232083,412306.884543
0,1,2,3,6.231306,412274.195587
0,1,2,3,6.230530,412202.170332
0,1,2,3,6.229753,412175.476347
0,1,2,3,6.228977,412144.042011
0,1,2,3,6.228201,412101.410666
0,1,2,3,6.227426,412033.509394
0,1,2,3,6.226650,411939.605319
0,1,2,3,6.225875,411847.967548
0,1,2,3,6.225100,411825.362304
0,1,2,3,6.224325,411794.630790
0,1,2,3,6.223550,411789.154718
0,1,2,3,6.222775,411762.721692
0,1,2,3,6.222001,411719.495222
0,1,2,3,6.221227,411699.060703
0,1,2,3,6.220453,411645.581267
0,1,2,3,6.219679,411623.412068
0,1,2,3,6.218905,411609.869955
0,1,2,3,6.218132,411546.054164
0,1,2,3,6.217359,411544.780489
0,1,2,3,6.216586,411505.023814
0,1,2,3,6.215813,411465.190991
0,1,2,3,6.215040,411460.113898
0,1,2,3,6.214268,411406.123672
0,1,2,3,6.213496,411379.054450
0,1,2,3,6.212724,411243.567860
0,1,2,3,6.211952,411209.296879
0,1,2,3,6.211180,411040.411661
0,1,2,3,6.210409,411033.346700
0,1,2,3,6.209637,411011.458251
0,1,2,3,6.208866,410993.201351
0,1,2,3,6.208095,410975.078136
0,1,2,3,6.207325,410965.635196
0,1,2,3,6.206554,410960.262166
0,1,2,3,6.205784,410914.235104
0,1,2,3,6.205014,410855.930413
0,1,2,3,6.204244,410798.882610
0,1,2,3,6.203474,410645.513803
0,1,2,3,6.202704,410567.634861
0,1,2,3,6.201935,410406.735301
0,1,2,3,6.201166,410372.903321
0,1,2,3,6.200397,410265.573292
0,1,2,3,6.199628,410203.866474
0,1,2,3,6.198859,410126.952558
0,1,2,3,6.198091,410125.968520
0,1,2,3,6.197323,409862.581828
0,1,2,3,6.196555,409786.286714
0,1,2,3,6.195787,409764.577045
0,1,2,3,6.195019,409684.113940
0,1,2,3,6.194252,409681.212830
0,1,2,3,6.193484,409633.008513
0,1,2,3,6.192717,409624.245601
0,1,2,3,6.191950,409487.324846
0,1,2,3,6.191184,409343.984247
0,1,2,3,6.190417,409323.965019
0,1,2,3,6.189651,409304.997849
0,1,2,3,6.188885,409212.672010
0,1,2,3,6.188119,409160.885751
0,1,2,3,6.187353,409017.175090
0,1,2,3,6.186587,408994.477511
0,1,2,3,6.185822,408969.013756
0,1,2,3,6.185057,408959.671339
0,1,2,3,6.184292,408958.815915
0,1,2,3,6.183527,408949.133138
0,1,2,3,6.182762,408920.040631
0,1,2,3,6.181998,408896.592188
0,1,2,3,6.181234,408849.789927
0,1,2,3,6.180470,408794.097653
0,1,2,3,6.179706,408750.548071
0,1,2,3,6.178942,408734.377423
0,1,2,3,6.178179,408721.000653
0,1,2,3,6.177415,408713.471669
0,1,2,3,6.176652,408603.726812
0,1,2,3,6.175889,408587.065150
0,1,2,3,6.175127,408569.339736
0,1,2,3,6.174364,408553.298007
0,1,2,3,6.173602,408465.870682
0,1,2,3,6.172840,408454.156112
0,1,2,3,6.172078,408415.128511
0,1,2,3,6.171316,408304.965575
0,1,2,3,6.170554,408278.136411
0,1,2,3,6.169793,408118.400405
0,1,2,3,6.169031,407985.911277
0,1,2,3,6.168270,407950.426074
0,1,2,3,6.167510,407932.006901
0,1,2,3,6.166749,407917.749709
0,1,2,3,6.165988,407899.075425
0,1,2,3,6.165228,407575.488449
0,1,2,3,6.164468,407533.569571
0,1,2,3,6.163708,407532.829436
0,1,2,3,6.162948,407362.265910
0,1,2,3,6.162189,407328.273397
0,1,2,3,6.161429,407278.484340
0,1,2,3,6.160670,407229.541838
0,1,2,3,6.159911,407184.094395
0,1,2,3,6.159153,407150.782770
0,1,2,3,6.158394,407136.048340
0,1,2,3,6.157635,407018.017560
0,1,2,3,6.156877,407016.626325
0,1,2,3,6.156119,407002.277908
0,1,2,3,6.155361,406957.792925
0,1,2,3,6.154604,406946.286722
0,1,2,3,6.153846,406894.838801
0,1,2,3,6.153089,406869.040158
0,1,2,3,6.152332,406787.137482
0,1,2,3,6.151575,406632.402225
0,1,2,3,6.150818,406408.171590
0,1,2,3,6.150062,406315.297453
0,1,2,3,6.149305,406188.842115
0,1,2,3,6.148549,406152.581142
0,1,2,3,6.147793,406042.572264
0,1,2,3,6.147037,405888.042580
0,1,2,3,6.146281,405804.599692
0,1,2,3,6.145526,405721.236337
0,1,2,3,6.144771,405674.578646
0,1,2,3,6.144016,405660.898940
0,1,2,3,6.143261,405618.490091
0,1,2,3,6.142506,405543.641307
0,1,2,3,6.141752,405400.516685
0,1,2,3,6.140997,405380.635009
0,1,2,3,6.140243,405263.360241
0,1,2,3,6.139489,405242.795516
0,1,2,3,6.138735,405137.462963
0,1,2,3,6.137982,405079.536289
0,1,2,3,6.137228,405029.669655
0,1,2,3,6.136475,404897.803655
0,1,2,3,6.135722,404854.755360
0,1,2,3,6.134969,404770.679779
0,1,2,3,6.134217,404699.541075
0,1,2,3,6.133464,404656.820827
0,1,2,3,6.132712,404624.512370
0,1,2,3,6.131960,404616.657277
0,1,2,3,6.131208,404490.090400
0,1,2,3,6.130456,404445.826245
0,1,2,3,6.129705,404411.502902
0,1,2,3,6.128953,404231.709672
0,1,2,3,6.128202,404229.049260
0,1,2,3,6.127451,404219.189455
0,1,2,3,6.126700,404143.441984
0,1,2,3,6.125950,403830.314013
0,1,2,3,6.125199,403799.262432
0,1,2,3,6.124449,403594.388609
0,1,2,3,6.123699,403585.001967
0,1,2,3,6.122949,403556.775807
0,1,2,3,6.122199,403435.562712
0,1,2,3,6.121450,403431.976731
0,1,2,3,6.120700,403422.065676
0,1,2,3,6.119951,403408.438514
0,1,2,3,6.119202,403348.838797
0,1,2,3,6.118453,403339.773155
0,1,2,3,6.117705,403309.347466
0,1,2,3,6.116956,403160.905175
0,1,2,3,6.116208,402835.596255
0,1,2,3,6.115460,402794.454792
0,1,2,3,6.114712,402658.340687
0,1,2,3,6.113964,402522.165626
0,1,2,3,6.113217,402516.838368
0,1,2,3,6.112469,402507.774606
0,1,2,3,6.111722,402506.077126
0,1,2,3,6.110975,402504.243895
0,1,2,3,6.110229,402420.566981
0,1,2,3,6.109482,402392.798619
0,1,2,3,6.108735,402378.171660
0,1,2,3,6.107989,402143.248553
0,1,2,3,6.107243,402085.454619
0,1,2,3,6.106497,402068.856123
0,1,2,3,6.105752,401950.225812
0,1,2,3,6.105006,401921.054349
0,1,2,3,6.104261,401893.726893
0,1,2,3,6.103516,401613.039914
0,1,2,3,6.102771,401506.129048
0,1,2,3,6.102026,401416.305576
0,1,2,3,6.101281,401286.058063
0,1,2,3,6.100537,401282.342052
0,1,2,3,6.099793,401210.086275
0,1,2,3,6.099049,401156.796602
0,1,2,3,6.098305,401116.647663
0,1,2,3,6.097561,401071.010501
0,1,2,3,6.096817,401014.039225
0,1,2,3,6.096074,400959.250078
0,1,2,3,6.095331,400950.515588
0,1,2,3,6.094588,400717.046627
0,1,2,3,6.093845,400697.008222
0,1,2,3,6.093103,400645.061060
0,1,2,3,6.092360,400552.815366
0,1,2,3,6.091618,400535.282614
0,1,2,3,6.090876,400495.866643
0,1,2,3,6.090134,400423.199964
0,1,2,3,6.089392,400267.054570
0,1,2,3,6.088651,400264.342487
0,1,2,3,6.087909,400233.400350
0,1,2,3,6.087168,400202.645981
0,1,2,3,6.086427,400120.082341
0,1,2,3,6.085686,399942.060791
0,1,2,3,6.084946,399677.323778
0,1,2,3,6.084205,399451.894268
0,1,2,3,6.083465,399411.029209
0,1,2,3,6.082725,399334.248564
0,1,2,3,6.081985,399076.461477
0,1,2,3,6.081245,399008.477390
0,1,2,3,6.080506,398901.631446
0,1,2,3,6.079767,398875.307322
0,1,2,3,6.079027,398866.696342
0,1,2,3,6.078288,398802.983725
0,1,2,3,6.077550,398577.237188
0,1,2,3,6.076811,398547.332871
0,1,2,3,6.076072,398376.744734
0,1,2,3,6.075334,398344.807686
0,1,2,3,6.074596,398334.950789
0,1,2,3,6.073858,398255.093044
0,1,2,3,6.073120,398246.506801
0,1,2,3,6.072383,398232.498667
0,1,2,3,6.071645,398175.991293
0,1,2,3,6.070908,398056.465086
0,1,2,3,6.070171,397845.360108
0,1,2,3,6.069434,397834.352994
0,1,2,3,6.068698,397807.712780
0,1,2,3,6.067961,397778.874181
0,1,2,3,6.067225,397770.837417
0,1,2,3,6.066489,397744.637981
0,1,2,3,6.065753,397727.192028
0,1,2,3,6.065017,397641.536534
0,1,2,3,6.064281,397635.934724
0,1,2,3,6.063546,397595.132149
0,1,2,3,6.062811,397561.458652
0,1,2,3,6.062076,397561.393243
0,1,2,3,6.061341,397527.942979
0,1,2,3,6.060606,397476.073114
0,1,2,3,6.059872,397430.918055
0,1,2,3,6.059137,397405.910356
0,1,2,3,6.058403,397397.633829
0,1,2,3,6.057669,397358.635504
0,1,2,3,6.056935,397179.839126
0,1,2,3,6.056202,397127.160548
0,1,2,3,6.055468,397047.138400
0,1,2,3,6.054735,397007.953742
0,1,2,3,6.054002,396905.920526
0,1,2,3,6.053269,396750.305549
0,1,2,3,6.052536,396504.648446
0,1,2,3,6.051803,396173.983527
0,1,2,3,6.051071,396105.473795
0,1,2,3,6.050339,396018.168149
0,1,2,3,6.049607,395920.995213
0,1,2,3,6.048875,395842.357878
0,1,2,3,6.048143,395835.039711
0,1,2,3,6.047412,395811.104074
0,1,2,3,6.046680,395808.298860
0,1,2,3,6.045949,395772.186641
0,1,2,3,6.045218,395651.465520
0,1,2,3,6.044487,395637.566423
0,1,2,3,6.043757,395620.807511
0,1,2,3,6.043026,395596.105294
0,1,2,3,6.042296,395552.046094
0,1,2,3,6.041566,395525.749809
0,1,2,3,6.040836,395501.021821
0,1,2,3,6.040106,395481.423239
0,1,2,3,6.039377,395336.778524
0,1,2,3,6.038647,395321.257246
0,1,2,3,6.037918,395222.816069
0,1,2,3,6.037189,395180.016530
0,1,2,3,6.036460,395070.453414
0,1,2,3,6.035732,394801.556239
0,1,2,3,6.035003,394709.162543
0,1,2,3,6.034275,394672.749485
0,1,2,3,6.033547,394654.497021
0,1,2,3,6.032819,394643.466597
0,1,2,3,6.032091,394572.833703
0,1,2,3,6.031363,394483.121550
0,1,2,3,6.030636,394325.448869
0,1,2,3,6.029908,394320.444767
0,1,2,3,6.029181,394303.092380
0,1,2,3,6.028454,394107.136843
0,1,2,3,6.027728,393992.851799
0,1,2,3,6.027001,393882.443117
0,1,2,3,6.026275,393751.117176
0,1,2,3,6.025548,393638.680140
0,1,2,3,6.024822,393580.067371
0,1,2,3,6.024096,393408.410383
0,1,2,3,6.023371,393328.435040
0,1,2,3,6.022645,393128.286721
0,1,2,3,6.021920,393058.418267
0,1,2,3,6.021195,393015.274177
0,1,2,3,6.020470,392877.984199
0,1,2,3,6.019745,392718.029389
0,1,2,3,6.019020,392483.870701
0,1,2,3,6.018296,392286.182494
0,1,2,3,6.017571,392193.989477
0,1,2,3,6.016847,392138.068085
0,1,2,3,6.016123,392073.223323
0,1,2,3,6.015399,392047.044602
0,1,2,3,6.014676,391956.276321
0,1,2,3,6.013952,391951.296632
0,1,2,3,6.013229,391909.101382
0,1,2,3,6.012506,391862.666602
0,1,2,3,6.011783,391805.155621
0,1,2,3,6.011060,391605.775551
0,1,2,3,6.010338,391477.352619
0,1,2,3,6.009615,391432.195842
0,1,2,3,6.008893,391395.598397
0,1,2,3,6.008171,391325.015341
0,1,2,3,6.007449,391176.593870
0,1,2,3,6.006728,391114.383442
0,1,2,3,6.006006,390976.943966
0,1,2,3,6.005285,390746.622881
0,1,2,3,6.004563,390705.511401
0,1,2,3,6.003842,390676.526634
0,1,2,3,6.003122,390675.352944
0,1,2,3,6.002401,390611.975389
0,1,2,3,6.001680,390543.749535
0,1,2,3,6.000960,390497.310992
0,1,2,3,6.000240,390380.157780
0,1,2,3,5.999520,390242.253524
0,1,2,3,5.998800,390189.966229
0,1,2,3,5.998081,390061.223189
0,1,2,3,5.997361,390037.853528
0,1,2,3,5.996642,389946.183352
0,1,2,3,5.995923,389911.807024
0,1,2,3,5.995204,389855.140026
0,1,2,3,5.994485,389814.438241
0,1,2,3,5.993766,389809.064206
0,1,2,3,5.993048,389729.579888
0,1,2,3,5.992330,389658.728590
0,1,2,3,5.991612,389658.362564
0,1,2,3,5.990894,389613.499070
0,1,2,3,5.990176,389588.887634
0,1,2,3,5.989459,389570.797339
0,1,2,3,5.988741,389421.113556
0,1,2,3,5.988024,389329.234584
0,1,2,3,5.987307,389325.294751
0,1,2,3,5.986590,389172.691708
0,1,2,3,5.985873,389159.547643
0,1,2,3,5.985157,389096.759810
0,1,2,3,5.984440,389056.630280
0,1,2,3,5.983724,389037.887979
0,1,2,3,5.983008,388908.188685
0,1,2,3,5.982292,388787.555174
0,1,2,3,5.981577,388741.857201
0,1,2,3,5.980861,388726.930310
0,1,2,3,5.980146,388654.070595
0,1,2,3,5.979431,388531.983012
0,1,2,3,5.978716,388464.321835
0,1,2,3,5.978001,388419.008021
0,1,2,3,5.977286,388355.633544
0,1,2,3,5.976572,388285.481927
0,1,2,3,5.975858,388203.348187
0,1,2,3,5.975143,388167.462385
0,1,2,3,5.974429,388153.896798
0,1,2,3,5.973716,388112.357093
0,1,2,3,5.973002,388003.420168
0,1,2,3,5.972289,387880.103553
0,1,2,3,5.971575,387668.496683
0,1,2,3,5.970862,387646.704879
0,1,2,3,5.970149,387624.812163
0,1,2,3,5.969436,387621.247411
0,1,2,3,5.968724,387598.490702
0,1,2,3,5.968011,387574.397025
0,1,2,3,5.967299,387494.699468
0,1,2,3,5.966587,387342.978717
0,1,2,3,5.965875,387326.279318
0,1,2,3,5.965163,387244.209529
0,1,2,3,5.964452,387220.460229
0,1,2,3,5.963740,387213.974337
0,1,2,3,5.963029,387151.914395
0,1,2,3,5.962318,387123.495122
0,1,2,3,5.961607,387101.454938
0,1,2,3,5.960897,387067.318420
0,1,2,3,5.960186,387060.562523
0,1,2,3,5.959476,387010.674184
0,1,2,3,5.958765,386777.450696
0,1,2,3,5.958055,386722.275816
0,1,2,3,5.957345,386689.235567
0,1,2,3,5.956636,386674.732400
0,1,2,3,5.955926,386642.604890
0,1,2,3,5.955217,386627.024625
0,1,2,3,5.954508,386597.482559
0,1,2,3,5.953799,386520.514598
0,1,2,3,5.953090,386224.083589
0,1,2,3,5.952381,386183.526400
0,1,2,3,5.951672,386141.445630
0,1,2,3,5.950964,386132.824356
0,1,2,3,5.950256,386094.320021
0,1,2,3,5.949548,386024.872205
0,1,2,3,5.948840,386017.840080
0,1,2,3,5.948132,386012.842111
0,1,2,3,5.947425,385847.600929
0,1,2,3,5.946717,385830.558054
0,1,2,3,5.946010,385820.076614
0,1,2,3,5.945303,385743.975429
0,1,2,3,5.944596,385677.228906
0,1,2,3,5.943890,385600.040499
0,1,2,3,5.943183,385536.149619
0,1,2,3,5.942477,385488.452053
0,1,2,3,5.941771,385464.939122
0,1,2,3,5.941065,385400.057991
0,1,2,3,5.940359,385400.035937
0,1,2,3,5.939653,384985.721488
0,1,2,3,5.938948,384890.564524
0,1,2,3,5.938242,384875.265872
0,1,2,3,5.937537,384770.430819
0,1,2,3,5.936832,384689.684402
0,1,2,3,5.936127,384674.023408
0,1,2,3,5.935423,384524.751909
0,1,2,3,5.934718,384439.180271
0,1,2,3,5.934014,384437.431751
0,1,2,3,5.933310,384401.106431
0,1,2,3,5.932606,384388.135377
0,1,2,3,5.931902,384284.233146
0,1,2,3,5.931198,384089.852586
0,1,2,3,5.930495,383963.303046
0,1,2,3,5.929791,383882.811909
0,1,2,3,5.929088,383836.511489
0,1,2,3,5.928385,383739.804903
0,1,2,3,5.927682,383604.069807
0,1,2,3,5.926980,383546.847621
0,1,2,3,5.926277,383398.761256
0,1,2,3,5.925575,383351.085626
0,1,2,3,5.924873,383182.263394
0,1,2,3,5.924171,383147.507895
0,1,2,3,5.923469,382957.401175
0,1,2,3,5.922767,382926.099043
0,1,2,3,5.922066,382860.443869
0,1,2,3,5.921364,382772.834007
0,1,2,3,5.920663,382746.552199
0,1,2,3,5.919962,382698.798469
0,1,2,3,5.919261,382597.250932
0,1,2,3,5.918561,382557.096562
0,1,2,3,5.917860,382551.174464
0,1,2,3,5.917160,382149.908080
0,1,2,3,5.916460,382140.880777
0,1,2,3,5.915760,382139.677370
0,1,2,3,5.915060,382110.800508
0,1,2,3,5.914360,381949.583002
0,1,2,3,5.913661,381937.672099
0,1,2,3,5.912961,381920.648444
0,1,2,3,5.912262,381918.102864
0,1,2,3,5.911563,381868.010698
0,1,2,3,5.910864,381855.006462
0,1,2,3,5.910165,381802.320556
0,1,2,3,5.909467,381646.875593
0,1,2,3,5.908769,381594.230912
0,1,2,3,5.908070,381591.747376
0,1,2,3,5.907372,381585.603862
0,1,2,3,5.906675,381584.799269
0,1,2,3,5.905977,381503.825627
0,1,2,3,5.905279,381435.692045
0,1,2,3,5.904582,381433.340263
0,1,2,3,5.903885,381427.229478
0,1,2,3,5.903188,381417.483137
0,1,2,3,5.902491,381328.945200
0,1,2,3,5.901794,380977.776890
0,1,2,3,5.901098,380884.632200
0,1,2,3,5.900401,380862.698180
0,1,2,3,5.899705,380764.304340
0,1,2,3,5.899009,380760.819428
0,1,2,3,5.898313,380760.724323
0,1,2,3,5.897617,380720.771953
0,1,2,3,5.896922,380705.547128
0,1,2,3,5.896226,380647.107694
0,1,2,3,5.895531,380630.921690
0,1,2,3,5.894836,380536.710240
0,1,2,3,5.894141,380503.295861
0,1,2,3,5.893446,380427.861159
0,1,2,3,5.892752,380235.395530
0,1,2,3,5.892058,380226.478154
0,1,2,3,5.891363,380120.447850
0,1,2,3,5.890669,380088.857913
0,1,2,3,5.889975,380056.419533
0,1,2,3,5.889282,379988.497694
0,1,2,3,5.888588,379901.748177
0,1,2,3,5.887894,379862.313207
0,1,2,3,5.887201,379569.395084
0,1,2,3,5.886508,379375.917437
0,1,2,3,5.885815,379331.636489
0,1,2,3,5.885122,379329.626381
0,1,2,3,5.884430,379024.452735
0,1,2,3,5.883737,378998.313034
0,1,2,3,5.883045,378997.353491
0,1,2,3,5.882353,378993.109569
0,1,2,3,5.881661,378894.800023
0,1,2,3,5.880969,378872.076436
0,1,2,3,5.880278,378851.079973
0,1,2,3,5.879586,378766.188498
0,1,2,3,5.878895,378753.872797
0,1,2,3,5.878204,378752.277080
0,1,2,3,5.877513,378750.028887
0,1,2,3,5.876822,378647.902911
0,1,2,3,5.876131,378602.322755
0,1,2,3,5.875441,378546.376892
0,1,2,3,5.874750,378460.558710
0,1,2,3,5.874060,378425.836065
0,1,2,3,5.873370,378372.817614
0,1,2,3,5.872680,378315.788832
0,1,2,3,5.871991,378297.409266
0,1,2,3,5.871301,378262.123142
0,1,2,3,5.870612,378247.018036
0,1,2,3,5.869923,378179.342564
0,1,2,3,5.869233,378136.917498
0,1,2,3,5.868545,378112.487235
0,1,2,3,5.867856,378097.363732
0,1,2,3,5.867167,378064.713135
0,1,2,3,5.866479,377857.418017
0,1,2,3,5.865791,377800.248254
0,1,2,3,5.865103,377688.807773
0,1,2,3,5.864415,377684.515749
0,1,2,3,5.863727,377641.074821
0,1,2,3,5.863039,377629.511280
0,1,2,3,5.862352,377627.072880
0,1,2,3,5.861665,377624.167297
0,1,2,3,5.860978,377443.759236
0,1,2,3,5.860291,377372.333234
0,1,2,3,5.859604,377339.887740
0,1,2,3,5.858917,377297.073314
0,1,2,3,5.858231,377283.052515
0,1,2,3,5.857545,377182.710081
0,1,2,3,5.856858,377128.856735
0,1,2,3,5.856172,377068.214824
0,1,2,3,5.855487,377056.812963
0,1,2,3,5.854801,377034.934291
0,1,2,3,5.854115,376986.875905
0,1,2,3,5.853430,376887.800796
0,1,2,3,5.852745,376833.724864
0,1,2,3,5.852060,376787.048471
0,1,2,3,5.851375,376725.158305
0,1,2,3,5.850690,376688.405646
0,1,2,3,5.850006,376646.831985
0,1,2,3,5.849321,376625.592476
0,1,2,3,5.848637,376596.647984
0,1,2,3,5.847953,376549.682967
0,1,2,3,5.847269,376500.706044
0,1,2,3,5.846586,376496.208191
0,1,2,3,5.845902,376369.969385
0,1,2,3,5.845219,376332.542066
0,1,2,3,5.844535,376331.156541
0,1,2,3,5.843852,376325.452030
0,1,2,3,5.843169,376232.310948
0,1,2,3,5.842487,376218.253196
0,1,2,3,5.841804,376065.991317
0,1,2,3,5.841121,376011.375879
0,1,2,3,5.840439,376001.845021
0,1,2,3,5.839757,375995.699243
0,1,2,3,5.839075,375991.878471
0,1,2,3,5.838393,375969.677945
0,1,2,3,5.837712,375933.945329
0,1,2,3,5.837030,375861.079839
0,1,2,3,5.836349,375748.110594
0,1,2,3,5.835668,375687.463316
0,1,2,3,5.834987,375576.005066
0,1,2,3,5.834306,375500.429253
0,1,2,3,5.833625,375452.552487
0,1,2,3,5.832944,375305.381494
0,1,2,3,5.832264,375145.232210
0,1,2,3,5.831584,375136.541578
0,1,2,3,5.830904,375089.762647
0,1,2,3,5.830224,375068.426796
0,1,2,3,5.829544,375059.631464
0,1,2,3,5.828865,375038.541562
0,1,2,3,5.828185,374988.329240
0,1,2,3,5.827506,374834.971469
0,1,2,3,5.826827,374788.250780
0,1,2,3,5.826148,374748.436801
0,1,2,3,5.825469,374729.668527
0,1,2,3,5.824790,374562.818236
0,1,2,3,5.824112,374533.440644
0,1,2,3,5.823433,374514.680235
0,1,2,3,5.822755,374482.362557
0,1,2,3,5.822077,374224.202386
0,1,2,3,5.821399,374218.174998
0,1,2,3,5.820722,374108.282020
0,1,2,3,5.820044,374094.414612
0,1,2,3,5.819367,374024.821662
0,1,2,3,5.818690,373998.551071
0,1,2,3,5.818013,373941.631979
0,1,2,3,5.817336,373828.308730
0,1,2,3,5.816659,373711.121861
0,1,2,3,5.815982,373661.312528
0,1,2,3,5.815306,373443.188288
0,1,2,3,5.814630,373414.454574
0,1,2,3,5.813953,373414.342799
0,1,2,3,5.813278,373266.267739
0,1,2,3,5.812602,373195.117784
0,1,2,3,5.811926,373178.966195
0,1,2,3,5.811251,373134.333812
0,1,2,3,5.810575,373131.609211
0,1,2,3,5.809900,373111.099190
0,1,2,3,5.809225,372942.485267
0,1,2,3,5.808550,372800.341475
0,1,2,3,5.807875,372791.068863
0,1,2,3,5.807201,372714.743813
0,1,2,3,5.806527,372532.759564
0,1,2,3,5.805852,372522.850693
0,1,2,3,5.805178,372482.794182
0,1,2,3,5.804504,372461.242655
0,1,2,3,5.803831,372261.390855
0,1,2,3,5.803157,372256.395767
0,1,2,3,5.802483,372249.572903
0,1,2,3,5.801810,372202.692264
0,1,2,3,5.801137,372187.200340
0,1,2,3,5.800464,372139.021101
0,1,2,3,5.799791,372090.862145
0,1,2,3,5.799119,372085.876342
0,1,2,3,5.798446,371872.368314
0,1,2,3,5.797774,371788.272494
0,1,2,3,5.797101,371720.260165
0,1,2,3,5.796429,371683.408324
0,1,2,3,5.795758,371583.719769
0,1,2,3,5.795086,371578.023616
0,1,2,3,5.794414,371565.603117
0,1,2,3,5.793743,371497.061414
0,1,2,3,5.793071,371473.513227
0,1,2,3,5.792400,371422.600431
0,1,2,3,5.791729,371316.966666
0,1,2,3,5.791059,371311.156976
0,1,2,3,5.790388,371273.942707
0,1,2,3,5.789717,371154.053421
0,1,2,3,5.789047,371153.844306
0,1,2,3,5.788377,371068.065336
0,1,2,3,5.787707,370963.839315
0,1,2,3,5.787037,370949.737311
0,1,2,3,5.786367,370931.981809
0,1,2,3,5.785698,370812.590740
0,1,2,3,5.785028,370743.456904
0,1,2,3,5.784359,370534.070051
0,1,2,3,5.783690,370518.145212
0,1,2,3,5.783021,370476.405694
0,1,2,3,5.782352,370427.645605
0,1,2,3,5.781684,370307.222662
0,1,2,3,5.781015,370240.877125
0,1,2,3,5.780347,370210.357851
0,1,2,3,5.779679,370200.789370
0,1,2,3,5.779011,370195.998651
0,1,2,3,5.778343,370105.601916
0,1,2,3,5.777675,370069.567255
0,1,2,3,5.777008,370059.525285
0,1,2,3,5.776340,370000.009977
0,1,2,3,5.775673,369933.787676
0,1,2,3,5.775006,369740.207499
0,1,2,3,5.774339,369703.581584
0,1,2,3,5.773672,369588.056919
0,1,2,3,5.773005,369394.989468
0,1,2,3,5.772339,369374.547171
0,1,2,3,5.771673,369277.553329
0,1,2,3,5.771006,369214.125338
0,1,2,3,5.770340,369182.024075
0,1,2,3,5.769675,369121.387559
0,1,2,3,5.769009,369040.954498
0,1,2,3,5.768343,368998.702084
0,1,2,3,5.767678,368891.593533
0,1,2,3,5.767013,368817.336991
0,1,2,3,5.766348,368776.623234
0,1,2,3,5.765683,368675.414614
0,1,2,3,5.765018,368620.025136
0,1,2,3,5.764353,368431.632037
0,1,2,3,5.763689,368265.931230
0,1,2,3,5.763024,368265.247864
0,1,2,3,5.762360,368259.154732
0,1,2,3,5.761696,368220.785302
0,1,2,3,5.761032,368183.541773
0,1,2,3,5.760369,368130.286348
0,1,2,3,5.759705,368125.209404
0,1,2,3,5.759042,368114.204421
0,1,2,3,5.758378,368096.619168
0,1,2,3,5.757715,367952.111949
0,1,2,3,5.757052,367932.109805
0,1,2,3,5.756390,367847.759137
0,1,2,3,5.755727,367657.433538
0,1,2,3,5.755064,367617.726076
0,1,2,3,5.754402,367537.318185
0,1,2,3,5.753740,367515.672891
0,1,2,3,5.753078,367335.060272
0,1,2,3,5.752416,367072.276300
0,1,2,3,5.751754,366967.485571
0,1,2,3,5.751093,366961.853996
0,1,2,3,5.750431,366874.431343
0,1,2,3,5.749770,366806.541901
0,1,2,3,5.749109,366613.408862
0,1,2,3,5.748448,366526.965951
0,1,2,3,5.747787,366485.617325
0,1,2,3,5.747126,366369.090935
0,1,2,3,5.746466,366367.769664
0,1,2,3,5.745806,366363.666729
0,1,2,3,5.745145,366352.179334
0,1,2,3,5.744485,366337.166969
0,1,2,3,5.743825,366251.618358
0,1,2,3,5.743166,366145.555431
0,1,2,3,5.742506,366145.165950
0,1,2,3,5.741847,365912.407328
0,1,2,3,5.741187,365882.088492
0,1,2,3,5.740528,365844.954329
0,1,2,3,5.739869,365823.776707
0,1,2,3,5.739210,365815.377875
0,1,2,3,5.738552,365546.208034
0,1,2,3,5.737893,365523.400359
0,1,2,3,5.737235,365437.300889
0,1,2,3,5.736576,365364.253561
0,1,2,3,5.735918,365340.801416
0,1,2,3,5.735260,365240.158519
0,1,2,3,5.734603,365176.012466
0,1,2,3,5.733945,365130.331148
0,1,2,3,5.733287,364949.535320
0,1,2,3,5.732630,364717.749606
0,1,2,3,5.731973,364664.581422
0,1,2,3,5.731316,364570.340776
0,1,2,3,5.730659,364554.174084
0,1,2,3,5.730002,364304.357894
0,1,2,3,5.729346,364247.727424
0,1,2,3,5.728689,364168.761887
0,1,2,3,5.728033,364159.489088
0,1,2,3,5.727377,364107.013657
0,1,2,3,5.726721,364006.607889
0,1,2,3,5.726065,363883.327084
0,1,2,3,5.725409,363856.666463
0,1,2,3,5.724754,363647.156697
0,1,2,3,5.724098,363466.369854
0,1,2,3,5.723443,363417.634716
0,1,2,3,5.722788,363196.661729
0,1,2,3,5.722133,363164.565947
0,1,2,3,5.721478,363158.588681
0,1,2,3,5.720824,363090.232799
0,1,2,3,5.720169,363090.195663
0,1,2,3,5.719515,363084.290931
0,1,2,3,5.718861,362884.744661
0,1,2,3,5.718207,362827.458693
0,1,2,3,5.717553,362818.084146
0,1,2,3,5.716899,362738.616452
0,1,2,3,5.716246,362691.160478
0,1,2,3,5.715592,362680.949066
0,1,2,3,5.714939,362636.842016
0,1,2,3,5.714286,362610.036113
0,1,2,3,5.713633,362582.921446
0,1,2,3,5.712980,362571.557812
0,1,2,3,5.712327,362361.607321
0,1,2,3,5.711675,362333.917249
0,1,2,3,5.711022,362236.677646
0,1,2,3,5.710370,362157.319646
0,1,2,3,5.709718,362143.753207
0,1,2,3,5.709066,362122.467934
0,1,2,3,5.708414,362020.373801
0,1,2,3,5.707763,361968.763623
0,1,2,3,5.707111,361884.479593
0,1,2,3,5.706460,361855.427792
0,1,2,3,5.705809,361848.699290
0,1,2,3,5.705157,361695.100536
0,1,2,3,5.704507,361538.500486
0,1,2,3,5.703856,361447.598734
0,1,2,3,5.703205,361337.378522
0,1,2,3,5.702555,361224.024905
0,1,2,3,5.701904,361220.204301
0,1,2,3,5.701254,361191.324501
0,1,2,3,5.700604,361163.776432
0,1,2,3,5.699954,361149.139743
0,1,2,3,5.699305,361138.994860
0,1,2,3,5.698655,361025.452262
0,1,2,3,5.698006,361010.246173
0,1,2,3,5.697356,360833.868201
0,1,2,3,5.696707,360785.196704
0,1,2,3,5.696058,360578.292860
0,1,2,3,5.695409,360549.804842
0,1,2,3,5.694761,360525.955386
0,1,2,3,5.694112,360463.327526
0,1,2,3,5.693464,360458.408903
0,1,2,3,5.692816,360381.029298
0,1,2,3,5.692168,360245.530708
0,1,2,3,5.691520,360225.008948
0,1,2,3,5.690872,360204.268914
0,1,2,3,5.690224,360170.433705
0,1,2,3,5.689577,360163.380724
0,1,2,3,5.688929,360013.251358
0,1,2,3,5.688282,359863.500696
0,1,2,3,5.687635,359682.037898
0,1,2,3,5.686988,359637.187249
0,1,2,3,5.686341,359382.397529
0,1,2,3,5.685695,359126.095041
0,1,2,3,5.685048,359085.597809
0,1,2,3,5.684402,359022.460312
0,1,2,3,5.683756,358955.920404
0,1,2,3,5.683110,358914.888208
0,1,2,3,5.682464,358900.256978
0,1,2,3,5.681818,358852.369922
0,1,2,3,5.681173,358817.315282
0,1,2,3,5.680527,358804.119772
0,1,2,3,5.679882,358770.039962
0,1,2,3,5.679237,358598.425087
0,1,2,3,5.678592,358543.037727
0,1,2,3,5.677947,358500.503823
0,1,2,3,5.677302,358475.450553
0,1,2,3,5.676658,358443.571678
0,1,2,3,5.676013,358418.325868
0,1,2,3,5.675369,358353.105481
0,1,2,3,5.674725,358228.376783
0,1,2,3,5.674081,358140.451366
0,1,2,3,5.673437,358113.955066
0,1,2,3,5.672793,357938.177519
0,1,2,3,5.672150,357935.850650
0,1,2,3,5.671506,357814.510796
0,1,2,3,5.670863,357656.118002
0,1,2,3,5.670220,357613.451871
0,1,2,3,5.669577,357609.493720
0,1,2,3,5.668934,357450.182415
0,1,2,3,5.668292,357244.044536
0,1,2,3,5.667649,357188.202385
0,1,2,3,5.667007,357070.372208
0,1,2,3,5.666364,357039.066612
0,1,2,3,5.665722,356975.013207
0,1,2,3,5.665080,356959.628216
0,1,2,3,5.664439,356924.198378
0,1,2,3,5.663797,356890.852348
0,1,2,3,5.663156,356829.819956
0,1,2,3,5.662514,356653.311263
0,1,2,3,5.661873,356605.467999
0,1,2,3,5.661232,356526.081177
0,1,2,3,5.660591,356497.823524
0,1,2,3,5.659950,356411.725951
0,1,2,3,5.659310,356379.166034
0,1,2,3,5.658669,356375.055794
0,1,2,3,5.658029,356358.463809
0,1,2,3,5.657389,356355.010953
0,1,2,3,5.656749,356333.157231
0,1,2,3,5.656109,356286.715652
0,1,2,3,5.655469,356279.033523
0,1,2,3,5.654829,356271.067233
0,1,2,3,5.654190,356263.937398
0,1,2,3,5.653550,356251.794633
0,1,2,3,5.652911,356230.676129
0,1,2,3,5.652272,356184.825876
0,1,2,3,5.651633,356084.970622
0,1,2,3,5.650995,356052.326177
0,1,2,3,5.650356,355937.551503
0,1,2,3,5.649718,355917.628042
0,1,2,3,5.649079,355770.653863
0,1,2,3,5.648441,355714.510936
0,1,2,3,5.647803,355669.820494
0,1,2,3,5.647165,355668.683293
0,1,2,3,5.646527,355628.952561
0,1,2,3,5.645890,355622.156828
0,1,2,3,5.645252,355518.969689
0,1,2,3,5.644615,355427.613727
0,1,2,3,5.643978,355397.834183
0,1,2,3,5.643341,355388.738321
0,1,2,3,5.642704,355253.448273
0,1,2,3,5.642067,355233.508687
0,1,2,3,5.641431,355200.363667
0,1,2,3,5.640794,355125.549339
0,1,2,3,5.640158,355089.244230
0,1,2,3,5.639522,355056.350867
0,1,2,3,5.638886,355040.025963
0,1,2,3,5.638250,354896.778600
0,1,2,3,5.637614,354846.455553
0,1,2,3,5.636979,354830.498029
0,1,2,3,5.636343,354789.942700
0,1,2,3,5.635708,354789.386648
0,1,2,3,5.635073,354782.336719
0,1,2,3,5.634438,354780.348615
0,1,2,3,5.633803,354740.800727
0,1,2,3,5.633168,354732.872434
0,1,2,3,5.632534,354663.718942
0,1,2,3,5.631899,354629.895071
0,1,2,3,5.631265,354567.625463
0,1,2,3,5.630631,354552.221642
0,1,2,3,5.629997,354406.389463
0,1,2,3,5.629363,354395.365754
0,1,2,3,5.628729,354382.300377
0,1,2,3,5.628095,354199.891690
0,1,2,3,5.627462,353999.243942
0,1,2,3,5.626829,353960.338494
0,1,2,3,5.626196,353884.129594
0,1,2,3,5.625563,353880.609473
0,1,2,3,5.624930,353811.645179
0,1,2,3,5.624297,353804.069494
0,1,2,3,5.623664,353752.068213
0,1,2,3,5.623032,353737.461195
0,1,2,3,5.622400,353627.411303
0,1,2,3,5.621767,353620.380972
0,1,2,3,5.621135,353614.484399
0,1,2,3,5.620504,353527.575232
0,1,2,3,5.619872,353363.081081
0,1,2,3,5.619240,353327.513140
0,1,2,3,5.618609,353145.097508
0,1,2,3,5.617978,352993.516644
0,1,2,3,5.617346,352982.089963
0,1,2,3,5.616715,352905.817206
0,1,2,3,5.616084,352867.468994
0,1,2,3,5.615454,352865.241015
0,1,2,3,5.614823,352816.537328
0,1,2,3,5.614193,352754.682480
0,1,2,3,5.613562,352681.662759
0,1,2,3,5.612932,352605.269346
0,1,2,3,5.612302,352580.166502
0,1,2,3,5.611672,352507.338331
0,1,2,3,5.611043,352376.555095
0,1,2,3,5.610413,352255.274437
0,1,2,3,5.609783,352247.107290
0,1,2,3,5.609154,352197.113750
0,1,2,3,5.608525,352191.072195
0,1,2,3,5.607896,352178.320106
0,1,2,3,5.607267,352099.244762
0,1,2,3,5.606638,352077.776716
0,1,2,3,5.606010,352039.666770
0,1,2,3,5.605381,352020.508107
0,1,2,3,5.604753,352001.438638
0,1,2,3,5.604125,351887.778338
0,1,2,3,5.603497,351835.409204
0,1,2,3,5.602869,351770.820044
0,1,2,3,5.602241,351541.640309
0,1,2,3,5.601613,351519.995768
0,1,2,3,5.600986,351506.176406
0,1,2,3,5.600358,351473.642870
0,1,2,3,5.599731,351467.355017
0,1,2,3,5.599104,351453.836397
0,1,2,3,5.598477,351443.985380
0,1,2,3,5.597850,351419.662695
0,1,2,3,5.597224,351380.166638
0,1,2,3,5.596597,351356.906146
0,1,2,3,5.595971,351309.246419
0,1,2,3,5.595345,351297.853402
0,1,2,3,5.594719,351270.509899
0,1,2,3,5.594093,351205.056427
0,1,2,3,5.593467,351119.344571
0,1,2,3,5.592841,351110.573585
0,1,2,3,5.592216,351090.390790
0,1,2,3,5.591590,351075.672665
0,1,2,3,5.590965,351013.039001
0,1,2,3,5.590340,350909.755417
0,1,2,3,5.589715,350723.691278
0,1,2,3,5.589090,350719.934304
0,1,2,3,5.588465,350719.234207
0,1,2,3,5.587841,350666.681890
0,1,2,3,5.587216,350555.816813
0,1,2,3,5.586592,350498.862791
0,1,2,3,5.585968,350490.852378
0,1,2,3,5.585344,350441.342497
0,1,2,3,5.584720,350426.064896
0,1,2,3,5.584096,350410.476286
0,1,2,3,5.583473,350394.466716
0,1,2,3,5.582849,350238.597585
0,1,2,3,5.582226,350210.976868
0,1,2,3,5.581603,350069.819302
0,1,2,3,5.580980,349776.038506
0,1,2,3,5.580357,349650.086075
0,1,2,3,5.579734,349618.726485
0,1,2,3,5.579112,349444.204897
0,1,2,3,5.578489,349359.647321
0,1,2,3,5.577867,349316.052243
0,1,2,3,5.577245,349278.225503
0,1,2,3,5.576623,349233.866359
0,1,2,3,5.576001,349208.985487
0,1,2,3,5.575379,349080.257994
0,1,2,3,5.574757,349075.158694
0,1,2,3,5.574136,349065.647020
0,1,2,3,5.573515,349027.545730
0,1,2,3,5.572893,348931.050613
0,1,2,3,5.572272,348891.118729
0,1,2,3,5.571651,348686.557742
0,1,2,3,5.571031,348670.969098
0,1,2,3,5.570410,348620.549436
0,1,2,3,5.569789,348568.638095
0,1,2,3,5.569169,348365.687585
0,1,2,3,5.568549,348316.802290
0,1,2,3,5.567929,348232.196634
0,1,2,3,5.567309,348138.275926
0,1,2,3,5.566689,347964.941912
0,1,2,3,5.566069,347838.626421
0,1,2,3,5.565450,347757.438703
0,1,2,3,5.564830,347750.459130
0,1,2,3,5.564211,347654.401823
0,1,2,3,5.563592,347597.866484
0,1,2,3,5.562973,347588.679872
0,1,2,3,5.562354,347468.755354
0,1,2,3,5.561735,347431.338343
0,1,2,3,5.561117,347429.134421
0,1,2,3,5.560498,347399.688430
0,1,2,3,5.559880,347396.331585
0,1,2,3,5.559262,347363.139603
0,1,2,3,5.558644,347221.950587
0,1,2,3,5.558026,347204.759337
0,1,2,3,5.557408,347155.161951
0,1,2,3,5.556790,347133.719137
0,1,2,3,5.556173,346989.920225
0,1,2,3,5.555556,346946.807501
0,1,2,3,5.554938,346928.015139
0,1,2,3,5.554321,346921.109195
0,1,2,3,5.553704,346880.927751
0,1,2,3,5.553088,346846.782316
0,1,2,3,5.552471,346826.718362
0,1,2,3,5.551854,346766.666227
0,1,2,3,5.551238,346645.225195
0,1,2,3,5.550622,346571.405662
0,1,2,3,5.550006,346557.807171
0,1,2,3,5.549390,346510.672041
0,1,2,3,5.548774,346481.202797
0,1,2,3,5.548158,346398.572703
0,1,2,3,5.547542,346381.314335
0,1,2,3,5.546927,346321.978905
0,1,2,3,5.546312,346229.235976
0,1,2,3,5.545697,346191.164549
0,1,2,3,5.545082,346006.613724
0,1,2,3,5.544467,345974.570607
0,1,2,3,5.543852,345952.308008
0,1,2,3,5.543237,345910.412433
0,1,2,3,5.542623,345810.144892
0,1,2,3,5.542008,345726.119436
0,1,2,3,5.541394,345681.571835
0,1,2,3,5.540780,345579.388208
0,1,2,3,5.540166,345504.327949
0,1,2,3,5.539552,345478.828434
0,1,2,3,5.538939,345459.972403
0,1,2,3,5.538325,345382.387912
0,1,2,3,5.537712,345329.564042
0,1,2,3,5.537099,345323.977506
0,1,2,3,5.536485,345322.353000
0,1,2,3,5.535872,345311.038629
0,1,2,3,5.535260,345184.618413
0,1,2,3,5.534647,344960.092244
0,1,2,3,5.534034,344882.261869
0,1,2,3,5.533422,344808.628307
0,1,2,3,5.532810,344781.312385
0,1,2,3,5.532197,344743.158642
0,1,2,3,5.531585,344716.858834
0,1,2,3,5.530973,344608.997706
0,1,2,3,5.530362,344592.865317
0,1,2,3,5.529750,344544.969076
0,1,2,3,5.529139,344461.139247
0,1,2,3,5.528527,344442.447902
0,1,2,3,5.527916,344421.824564
0,1,2,3,5.527305,344372.701148
0,1,2,3,5.526694,344236.833469
0,1,2,3,5.526083,344158.205457
0,1,2,3,5.525472,344128.770193
0,1,2,3,5.524862,344115.662129
0,1,2,3,5.524251,344057.713106
0,1,2,3,5.523641,344036.255458
0,1,2,3,5.523031,344030.292729
0,1,2,3,5.522421,343931.635498
0,1,2,3,5.521811,343931.250004
0,1,2,3,5.521201,343927.334355
0,1,2,3,5.520592,343894.933161
0,1,2,3,5.519982,343873.161677
0,1,2,3,5.519373,343826.908041
0,1,2,3,5.518764,343784.283922
0,1,2,3,5.518155,343750.793020
0,1,2,3,5.517546,343703.489466
0,1,2,3,5.516937,343686.573868
0,1,2,3,5.516328,343681.869871
0,1,2,3,5.515720,343624.688108
0,1,2,3,5.515111,343579.212149
0,1,2,3,5.514503,343562.373591
0,1,2,3,5.513895,343556.840114
0,1,2,3,5.513287,343237.055338
0,1,2,3,5.512679,343230.337062
0,1,2,3,5.512071,343163.719134
0,1,2,3,5.511464,343092.137621
0,1,2,3,5.510856,343090.203733
0,1,2,3,5.510249,342901.762960
0,1,2,3,5.509642,342842.430427
0,1,2,3,5.509035,342829.279255
0,1,2,3,5.508428,342797.992577
0,1,2,3,5.507821,342762.730033
0,1,2,3,5.507214,342625.147905
0,1,2,3,5.506608,342525.779714
0,1,2,3,5.506002,342500.887159
0,1,2,3,5.505395,342475.838536
0,1,2,3,5.504789,342460.619573
0,1,2,3,5.504183,342387.568746
0,1,2,3,5.503577,342347.297045
0,1,2,3,5.502972,342338.875382
0,1,2,3,5.502366,342326.608371
0,1,2,3,5.501761,342325.651041
0,1,2,3,5.501155,342322.481371
0,1,2,3,5.500550,342275.711580
0,1,2,3,5.499945,342227.619266
0,1,2,3,5.499340,342217.624126
0,1,2,3,5.498735,342123.525843
0,1,2,3,5.498131,342123.293285
0,1,2,3,5.497526,342090.123435
0,1,2,3,5.496922,341962.480995
0,1,2,3,5.496317,341921.809710
0,1,2,3,5.495713,341836.976799
0,1,2,3,5.495109,341815.054199
0,1,2,3,5.494505,341808.949317
0,1,2,3,5.493902,341639.425189
0,1,2,3,5.493298,341625.916806
0,1,2,3,5.492695,341621.072703
0,1,2,3,5.492091,341609.206985
0,1,2,3,5.491488,341504.563486
0,1,2,3,5.490885,341495.746245
0,1,2,3,5.490282,341424.449973
0,1,2,3,5.489679,341409.629024
0,1,2,3,5.489077,341371.764968
0,1,2,3,5.488474,341298.121667
0,1,2,3,5.487872,341208.945042
0,1,2,3,5.487270,341186.739475
0,1,2,3,5.486667,341155.310240
0,1,2,3,5.486065,341107.607276
0,1,2,3,5.485464,341023.015410
0,1,2,3,5.484862,340998.967801
0,1,2,3,5.484260,340870.291141
0,1,2,3,5.483659,340854.032774
0,1,2,3,5.483057,340809.354719
0,1,2,3,5.482456,340798.616497
0,1,2,3,5.481855,340767.183965
0,1,2,3,5.481254,340720.883680
0,1,2,3,5.480653,340600.463064
0,1,2,3,5.480053,340599.966561
0,1,2,3,5.479452,340595.295589
0,1,2,3,5.478852,340540.491322
0,1,2,3,5.478251,340460.239536
0,1,2,3,5.477651,340444.105327
0,1,2,3,5.477051,340354.679229
0,1,2,3,5.476451,340068.090486
0,1,2,3,5.475851,339945.495080
0,1,2,3,5.475252,339920.535419
0,1,2,3,5.474652,339888.857880
0,1,2,3,5.474053,339883.144994
0,1,2,3,5.473454,339850.380001
0,1,2,3,5.472855,339832.929763
0,1,2,3,5.472256,339788.545654
0,1,2,3,5.471657,339759.741595
0,1,2,3,5.471058,339711.167733
0,1,2,3,5.470460,339326.104433
0,1,2,3,5.469861,339169.454871
0,1,2,3,5.469263,339159.586575
0,1,2,3,5.468665,339155.019630
0,1,2,3,5.468066,339114.850930
0,1,2,3,5.467469,339006.437561
0,1,2,3,5.466871,338861.189843
0,1,2,3,5.466273,338762.209042
0,1,2,3,5.465676,338707.672652
0,1,2,3,5.465078,338703.453466
0,1,2,3,5.464481,338470.572739
0,1,2,3,5.463884,338464.192917
0,1,2,3,5.463287,338463.830351
0,1,2,3,5.462690,338422.542797
0,1,2,3,5.462093,338343.689874
0,1,2,3,5.461496,338298.671469
0,1,2,3,5.460900,338156.205961
0,1,2,3,5.460304,338105.892944
0,1,2,3,5.459707,338099.751338
0,1,2,3,5.459111,337944.960810
0,1,2,3,5.458515,337896.949184
0,1,2,3,5.457919,337776.509405
0,1,2,3,5.457324,337556.148588
0,1,2,3,5.456728,337544.042196
0,1,2,3,5.456133,337465.024639
0,1,2,3,5.455537,337311.701057
0,1,2,3,5.454942,337183.867396
0,1,2,3,5.454347,336994.961379
0,1,2,3,5.453752,336899.620771
0,1,2,3,5.453157,336849.074210
0,1,2,3,5.452563,336820.376505
0,1,2,3,5.451968,336756.878871
0,1,2,3,5.451374,336732.509466
0,1,2,3,5.450779,336636.773245
0,1,2,3,5.450185,336635.212200
0,1,2,3,5.449591,336578.108580
0,1,2,3,5.448997,336548.222155
0,1,2,3,5.448404,336469.767681
0,1,2,3,5.447810,336469.476974
0,1,2,3,5.447216,336437.486099
0,1,2,3,5.446623,336418.349160
0,1,2,3,5.446030,336391.238081
0,1,2,3,5.445437,336370.800123
0,1,2,3,5.444844,336356.824697
0,1,2,3,5.444251,336317.169555
0,1,2,3,5.443658,336220.376130
0,1,2,3,5.443066,336217.938867
0,1,2,3,5.442473,336178.516221
0,1,2,3,5.441881,336147.710690
0,1,2,3,5.441288,336060.399510
0,1,2,3,5.440696,335949.628784
0,1,2,3,5.440104,335931.750003
0,1,2,3,5.439513,335623.825362
0,1,2,3,5.438921,335497.278977
0,1,2,3,5.438329,335327.447545
0,1,2,3,5.437738,335301.212953
0,1,2,3,5.437147,335274.287920
0,1,2,3,5.436555,335266.383423
0,1,2,3,5.435964,335222.543325
0,1,2,3,5.435373,335114.627949
0,1,2,3,5.434783,334941.652942
0,1,2,3,5.434192,334922.638330
0,1,2,3,5.433601,334748.143975
0,1,2,3,5.433011,334735.031686
0,1,2,3,5.432421,334695.808071
0,1,2,3,5.431831,334691.474247
0,1,2,3,5.431240,334638.569584
0,1,2,3,5.430651,334633.741347
0,1,2,3,5.430061,334601.987617
0,1,2,3,5.429471,334490.516363
0,1,2,3,5.428882,334460.765561
0,1,2,3,5.428292,334305.018135
0,1,2,3,5.427703,334283.311735
0,1,2,3,5.427114,334279.481447
0,1,2,3,5.426525,334229.191937
0,1,2,3,5.425936,334205.804201
0,1,2,3,5.425347,334191.189462
0,1,2,3,5.424759,334101.326255
0,1,2,3,5.424170,334092.764460
0,1,2,3,5.423582,334081.967159
0,1,2,3,5.422993,333976.041158
0,1,2,3,5.422405,333903.786917
0,1,2,3,5.421817,333851.574042
0,1,2,3,5.421230,333840.788975
0,1,2,3,5.420642,333797.924559
0,1,2,3,5.420054,333755.802939
0,1,2,3,5.419467,333718.422558
0,1,2,3,5.418879,333698.387878
0,1,2,3,5.418292,333647.848344
0,1,2,3,5.417705,333588.602959
0,1,2,3,5.417118,333562.917296
0,1,2,3,5.416531,333524.235789
0,1,2,3,5.415945,333441.164408
0,1,2,3,5.415358,333372.110833
0,1,2,3,5.414771,333350.963090
0,1,2,3,5.414185,333300.790836
0,1,2,3,5.413599,333177.896578
0,1,2,3,5.413013,333176.286521
0,1,2,3,5.412427,332989.163966
0,1,2,3,5.411841,332967.660239
0,1,2,3,5.411255,332876.175182
0,1,2,3,5.410670,332857.529566
0,1,2,3,5.410084,332749.549842
0,1,2,3,5.409499,332631.834856
0,1,2,3,5.408914,332520.479122
0,1,2,3,5.408329,332387.816592
0,1,2,3,5.407744,332374.695487
0,1,2,3,5.407159,332337.695504
0,1,2,3,5.406574,332308.217592
0,1,2,3,5.405990,332070.355647
0,1,2,3,5.405405,331975.224361
0,1,2,3,5.404821,331880.448878
0,1,2,3,5.404237,331851.036264
0,1,2,3,5.403653,331828.066129
0,1,2,3,5.403069,331768.425166
0,1,2,3,5.402485,331626.707149
0,1,2,3,5.401901,331577.975545
0,1,2,3,5.401318,331563.108353
0,1,2,3,5.400734,331558.234340
0,1,2,3,5.400151,331510.785880
0,1,2,3,5.399568,331420.217485
0,1,2,3,5.398985,331411.548177
0,1,2,3,5.398402,331326.448903
0,1,2,3,5.397819,331315.518689
0,1,2,3,5.397237,331302.495022
0,1,2,3,5.396654,331277.130654
0,1,2,3,5.396072,331249.986403
0,1,2,3,5.395489,331162.392235
0,1,2,3,5.394907,331137.986960
0,1,2,3,5.394325,331024.282549
0,1,2,3,5.393743,331001.029190
0,1,2,3,5.393161,330998.664293
0,1,2,3,5.392580,330960.059883
0,1,2,3,5.391998,330909.266307
0,1,2,3,5.391417,330855.726599
0,1,2,3,5.390836,330816.619501
0,1,2,3,5.390254,330768.130774
0,1,2,3,5.389673,330762.929104
0,1,2,3,5.389092,330751.369952
0,1,2,3,5.388512,330750.149144
0,1,2,3,5.387931,330749.501599
0,1,2,3,5.387351,330727.021939
0,1,2,3,5.386770,330708.567558
0,1,2,3,5.386190,330658.378613
0,1,2,3,5.385610,330626.381668
0,1,2,3,5.385030,330567.030828
0,1,2,3,5.384450,330493.953185
0,1,2,3,5.383870,330474.916465
0,1,2,3,5.383290,330408.910536
0,1,2,3,5.382711,330393.129919
0,1,2,3,5.382131,330310.816347
0,1,2,3,5.381552,330283.558675
0,1,2,3,5.380973,330254.941495
0,1,2,3,5.380394,330176.485902
0,1,2,3,5.379815,330169.423599
0,1,2,3,5.379236,330139.556072
0,1,2,3,5.378657,330054.796137
0,1,2,3,5.378079,329983.980840
0,1,2,3,5.377501,329869.907531
0,1,2,3,5.376922,329858.899518
0,1,2,3,5.376344,329721.381910
0,1,2,3,5.375766,329594.983983
0,1,2,3,5.375188,329558.032817
0,1,2,3,5.374610,329547.273697
0,1,2,3,5.374033,329514.294247
0,1,2,3,5.373455,329448.370844
0,1,2,3,5.372878,329428.510383
0,1,2,3,5.372300,329296.257417
0,1,2,3,5.371723,329229.341795
0,1,2,3,5.371146,329188.467255
0,1,2,3,5.370569,329184.424860
0,1,2,3,5.369992,329156.807817
0,1,2,3,5.369416,329114.171529
0,1,2,3,5.368839,329062.385220
0,1,2,3,5.368263,329025.218401
0,1,2,3,5.367687,328992.693578
0,1,2,3,5.367110,328977.145995
0,1,2,3,5.366534,328861.655605
0,1,2,3,5.365958,328812.504136
0,1,2,3,5.365383,328741.503427
0,1,2,3,5.364807,328725.678460
0,1,2,3,5.364231,328541.313792
0,1,2,3,5.363656,328524.071172
0,1,2,3,5.363081,328264.513088
0,1,2,3,5.362505,328227.447896
0,1,2,3,5.361930,328140.500597
0,1,2,3,5.361355,328100.870415
0,1,2,3,5.360781,328084.221837
0,1,2,3,5.360206,328038.561604
0,1,2,3,5.359631,328024.985722
0,1,2,3,5.359057,327991.608819
0,1,2,3,5.358482,327973.989114
0,1,2,3,5.357908,327945.711973
0,1,2,3,5.357334,327924.447366
0,1,2,3,5.356760,327915.248008
0,1,2,3,5.356186,327866.464565
0,1,2,3,5.355613,327856.966828
0,1,2,3,5.355039,327839.071984
0,1,2,3,5.354466,327792.989803
0,1,2,3,5.353892,327749.816690
0,1,2,3,5.353319,327738.772550
0,1,2,3,5.352746,327682.451154
0,1,2,3,5.352173,327598.882913
0,1,2,3,5.351600,327412.020649
0,1,2,3,5.351027,327340.018386
0,1,2,3,5.350455,327325.399101
0,1,2,3,5.349882,327309.786095
0,1,2,3,5.349310,327275.086418
0,1,2,3,5.348738,327265.190595
0,1,2,3,5.348166,327227.892861
0,1,2,3,5.347594,327185.315802
0,1,2,3,5.347022,327161.782659
0,1,2,3,5.346450,327115.674562
0,1,2,3,5.345878,327029.339036
0,1,2,3,5.345307,327023.949510
0,1,2,3,5.344735,327003.616382
0,1,2,3,5.344164,326917.939535
0,1,2,3,5.343593,326861.031905
0,1,2,3,5.343022,326855.507179
0,1,2,3,5.342451,326831.439397
0,1,2,3,5.341880,326643.390716
0,1,2,3,5.341310,326640.288358
0,1,2,3,5.340739,326629.799392
0,1,2,3,5.340169,326529.191187
0,1,2,3,5.339598,326459.619645
0,1,2,3,5.339028,326224.046995
0,1,2,3,5.338458,326156.523373
0,1,2,3,5.337888,326100.098259
0,1,2,3,5.337319,326065.746867
0,1,2,3,5.336749,325976.518878
0,1,2,3,5.336179,325967.755122
0,1,2,3,5.335610,325842.898382
0,1,2,3,5.335041,325752.732883
0,1,2,3,5.334471,325745.668997
0,1,2,3,5.333902,325727.487149
0,1,2,3,5.333333,325713.621819
0,1,2,3,5.332765,325675.594575
0,1,2,3,5.332196,325673.355588
0,1,2,3,5.331627,325636.084154
0,1,2,3,5.331059,325519.306168
0,1,2,3,5.330490,325474.404014
0,1,2,3,5.329922,325413.595470
0,1,2,3,5.329354,325406.521934
0,1,2,3,5.328786,325381.997587
0,1,2,3,5.328218,325270.706516
0,1,2,3,5.327651,325224.893013
0,1,2,3,5.327083,325203.306159
0,1,2,3,5.326515,325138.272668
0,1,2,3,5.325948,325011.973514
0,1,2,3,5.325381,324986.075549
0,1,2,3,5.324814,324979.552382
0,1,2,3,5.324247,324906.877934
0,1,2,3,5.323680,324892.384077
0,1,2,3,5.323113,324889.061788
0,1,2,3,5.322546,324875.954006
0,1,2,3,5.321980,324779.758205
0,1,2,3,5.321413,324595.650514
0,1,2,3,5.320847,324587.265451
0,1,2,3,5.320281,324582.058042
0,1,2,3,5.319715,324514.294983
0,1,2,3,5.319149,324449.382462
0,1,2,3,5.318583,324225.461252
0,1,2,3,5.318017,323954.034812
0,1,2,3,5.317452,323951.894479
0,1,2,3,5.316886,323943.505190
0,1,2,3,5.316321,323796.661637
0,1,2,3,5.315756,323751.323029
0,1,2,3,5.315191,323652.058496
0,1,2,3,5.314626,323651.951751
0,1,2,3,5.314061,323607.089006
0,1,2,3,5.313496,323588.204237
0,1,2,3,5.312932,323568.859640
0,1,2,3,5.312367,323395.760676
0,1,2,3,5.311803,323313.698314
0,1,2,3,5.311239,323265.031404
0,1,2,3,5.310674,323191.011986
0,1,2,3,5.310110,323181.092134
0,1,2,3,5.309547,323128.480919
0,1,2,3,5.308983,323079.940393
0,1,2,3,5.308419,322994.296258
0,1,2,3,5.307856,322985.746692
0,1,2,3,5.307292,322947.318779
0,1,2,3,5.306729,322914.872904
0,1,2,3,5.306166,322890.691915
0,1,2,3,5.305603,322776.703414
0,1,2,3,5.305040,322686.675185
0,1,2,3,5.304477,322668.135906
0,1,2,3,5.303914,322600.753328
0,1,2,3,5.303352,322595.096653
0,1,2,3,5.302789,322579.167806
0,1,2,3,5.302227,322546.018191
0,1,2,3,5.301665,322504.031412
0,1,2,3,5.301103,322465.424671
0,1,2,3,5.300541,322430.922624
0,1,2,3,5.299979,322425.633849
0,1,2,3,5.299417,322401.789674
0,1,2,3,5.298855,322359.422036
0,1,2,3,5.298294,322357.314988
0,1,2,3,5.297733,322208.367655
0,1,2,3,5.297171,322152.375799
0,1,2,3,5.296610,322148.554109
0,1,2,3,5.296049,322139.907858
0,1,2,3,5.295488,322106.016935
0,1,2,3,5.294927,322024.523133
0,1,2,3,5.294367,321973.515533
0,1,2,3,5.293806,321908.656044
0,1,2,3,5.293246,321793.771796
0,1,2,3,5.292686,321785.108575
0,1,2,3,5.292125,321745.360337
0,1,2,3,5.291565,321704.621180
0,1,2,3,5.291005,321573.742804
0,1,2,3,5.290445,321546.584747
0,1,2,3,5.289886,321541.624504
0,1,2,3,5.289326,321513.837330
0,1,2,3,5.288767,321479.329555
0,1,2,3,5.288207,321420.286748
0,1,2,3,5.287648,321164.298289
0,1,2,3,5.287089,321150.767572
0,1,2,3,5.286530,321110.854081
0,1,2,3,5.285971,321093.883459
0,1,2,3,5.285412,321084.315327
0,1,2,3,5.284854,321042.856450
0,1,2,3,5.284295,321029.020945
0,1,2,3,5.283737,320994.073071
0,1,2,3,5.283178,320910.817876
0,1,2,3,5.282620,320880.822147
0,1,2,3,5.282062,320878.765867
0,1,2,3,5.281504,320752.073283
0,1,2,3,5.280946,320736.760663
0,1,2,3,5.280389,320706.124078
0,1,2,3,5.279831,320700.235256
0,1,2,3,5.279274,320663.917636
0,1,2,3,5.278716,320654.297504
0,1,2,3,5.278159,320629.767533
0,1,2,3,5.277602,320562.634612
0,1,2,3,5.277045,320531.452998
0,1,2,3,5.276488,320475.031185
0,1,2,3,5.275931,320383.936289
0,1,2,3,5.275375,320281.497275
0,1,2,3,5.274818,320246.823780
0,1,2,3,5.274262,320111.295218
0,1,2,3,5.273705,320091.302201
0,1,2,3,5.273149,320067.467968
0,1,2,3,5.272593,320045.148317
0,1,2,3,5.272037,320026.507085
0,1,2,3,5.271481,320019.208042
0,1,2,3,5.270926,320012.625637
0,1,2,3,5.270370,319913.185072
0,1,2,3,5.269815,319826.495008
0,1,2,3,5.269259,319708.124852
0,1,2,3,5.268704,319683.934330
0,1,2,3,5.268149,319569.495763
0,1,2,3,5.267594,319540.605204
0,1,2,3,5.267039,319448.870918
0,1,2,3,5.266484,319422.115835
0,1,2,3,5.265929,319362.490675
0,1,2,3,5.265375,319336.265325
0,1,2,3,5.264820,319329.870827
0,1,2,3,5.264266,319150.849629
0,1,2,3,5.263712,319036.586382
0,1,2,3,5.263158,319031.085189
0,1,2,3,5.262604,318995.749056
0,1,2,3,5.262050,318921.459510
0,1,2,3,5.261496,318874.036490
0,1,2,3,5.260943,318866.546316
0,1,2,3,5.260389,318848.440085
0,1,2,3,5.259836,318841.568313
0,1,2,3,5.259283,318829.032422
0,1,2,3,5.258729,318693.765615
0,1,2,3,5.258176,318675.225629
0,1,2,3,5.257624,318666.034677
0,1,2,3,5.257071,318586.059922
0,1,2,3,5.256518,318562.858414
0,1,2,3,5.255966,318540.440835
0,1,2,3,5.255413,318524.634411
0,1,2,3,5.254861,318507.095727
0,1,2,3,5.254309,318499.704742
0,1,2,3,5.253756,318444.530083
0,1,2,3,5.253204,318443.571053
0,1,2,3,5.252653,318403.971228
0,1,2,3,5.252101,318395.838495
0,1,2,3,5.251549,318374.494646
0,1,2,3,5.250998,318369.119420
0,1,2,3,5.250446,318303.356582
0,1,2,3,5.249895,318209.124090
0,1,2,3,5.249344,318109.551346
0,1,2,3,5.248793,318104.335055
0,1,2,3,5.248242,317999.702946
0,1,2,3,5.247691,317993.752768
0,1,2,3,5.247140,317969.459040
0,1,2,3,5.246590,317914.348832
0,1,2,3,5.246039,317844.257866
0,1,2,3,5.245489,317798.336236
0,1,2,3,5.244939,317666.388029
0,1,2,3,5.244389,317657.647368
0,1,2,3,5.243838,317613.573422
0,1,2,3,5.243289,317576.161484
0,1,2,3,5.242739,317354.435230
0,1,2,3,5.242189,317237.573756
0,1,2,3,5.241640,317216.326234
0,1,2,3,5.241090,317207.179495
0,1,2,3,5.240541,317159.243155
0,1,2,3,5.239992,317111.060376
0,1,2,3,5.239443,317072.675995
0,1,2,3,5.238894,316891.213085
0,1,2,3,5.238345,316873.248248
0,1,2,3,5.237796,316822.406553
0,1,2,3,5.237247,316732.038702
0,1,2,3,5.236699,316722.585878
0,1,2,3,5.236150,316612.161388
0,1,2,3,5.235602,316586.076064
0,1,2,3,5.235054,316503.661286
0,1,2,3,5.234506,316500.827853
0,1,2,3,5.233958,316493.157558
0,1,2,3,5.233410,316455.651518
0,1,2,3,5.232862,316428.372574
0,1,2,3,5.232315,316402.485605
0,1,2,3,5.231767,316321.188939
0,1,2,3,5.231220,316213.037194
0,1,2,3,5.230673,316140.493627
0,1,2,3,5.230126,316131.618420
0,1,2,3,5.229578,316071.705517
0,1,2,3,5.229032,316045.229767
0,1,2,3,5.228485,316037.016955
0,1,2,3,5.227938,315979.163754
0,1,2,3,5.227392,315832.153103
0,1,2,3,5.226845,315766.362043
0,1,2,3,5.226299,315721.163130
0,1,2,3,5.225753,315487.093840
0,1,2,3,5.225206,315453.855456
0,1,2,3,5.224660,315393.542055
0,1,2,3,5.224115,315353.618652
0,1,2,3,5.223569,315307.956798
0,1,2,3,5.223023,315186.744672
0,1,2,3,5.222478,315097.283766
0,1,2,3,5.221932,315074.615880
0,1,2,3,5.221387,314964.320462
0,1,2,3,5.220842,314934.274938
0,1,2,3,5.220297,314891.208493
0,1,2,3,5.219752,314746.925137
0,1,2,3,5.219207,314740.294465
0,1,2,3,5.218662,314738.929122
0,1,2,3,5.218117,314728.694692
0,1,2,3,5.217573,314684.653895
0,1,2,3,5.217028,314358.237092
0,1,2,3,5.216484,314218.843185
0,1,2,3,5.215940,314188.968979
0,1,2,3,5.215396,314180.735873
0,1,2,3,5.214852,314163.598432
0,1,2,3,5.214308,314109.226179
0,1,2,3,5.213764,314094.293573
0,1,2,3,5.213221,313801.023984
0,1,2,3,5.212677,313711.646129
0,1,2,3,5.212134,313639.760445
0,1,2,3,5.211591,313631.022646
0,1,2,3,5.211047,313596.940060
0,1,2,3,5.210504,313579.580058
0,1,2,3,5.209961,313536.558771
0,1,2,3,5.209419,313494.633666
0,1,2,3,5.208876,313402.015922
0,1,2,3,5.208333,313356.122344
0,1,2,3,5.207791,313313.410612
0,1,2,3,5.207248,313246.469411
0,1,2,3,5.206706,313234.742012
0,1,2,3,5.206164,313109.692643
0,1,2,3,5.205622,313084.334043
0,1,2,3,5.205080,313059.363397
0,1,2,3,5.204538,313044.534091
0,1,2,3,5.203997,312976.904108
0,1,2,3,5.203455,312936.387706
0,1,2,3,5.202914,312782.398110
0,1,2,3,5.202372,312753.101631
0,1,2,3,5.201831,312664.145634
0,1,2,3,5.201290,312599.649755
0,1,2,3,5.200749,312575.466095
0,1,2,3,5.200208,312330.426906
0,1,2,3,5.199667,312280.355281
0,1,2,3,5.199127,312204.583009
0,1,2,3,5.198586,312177.787815
0,1,2,3,5.198046,312042.061977
0,1,2,3,5.197505,312010.003882
0,1,2,3,5.196965,311975.451276
0,1,2,3,5.196425,311967.560332
0,1,2,3,5.195885,311756.739135
0,1,2,3,5.195345,311745.880087
0,1,2,3,5.194805,311741.494163
0,1,2,3,5.194266,311664.444922
0,1,2,3,5.193726,311644.445413
0,1,2,3,5.193187,311354.479566
0,1,2,3,5.192647,311297.305767
0,1,2,3,5.192108,311279.283983
0,1,2,3,5.191569,311269.312828
0,1,2,3,5.191030,311201.515456
0,1,2,3,5.190491,311192.302277
0,1,2,3,5.189952,310968.476129
0,1,2,3,5.189414,310784.615854
0,1,2,3,5.188875,310751.173406
0,1,2,3,5.188337,310712.734497
0,1,2,3,5.187798,310665.922303
0,1,2,3,5.187260,310657.508989
0,1,2,3,5.186722,310387.751288
0,1,2,3,5.186184,310341.943440
0,1,2,3,5.185646,310322.188747
0,1,2,3,5.185108,310245.710702
0,1,2,3,5.184571,310241.038144
0,1,2,3,5.184033,310133.539743
0,1,2,3,5.183496,309895.025138
0,1,2,3,5.182958,309881.597842
0,1,2,3,5.182421,309808.107639
0,1,2,3,5.181884,309798.895288
0,1,2,3,5.181347,309780.914978
0,1,2,3,5.180810,309683.337717
0,1,2,3,5.180274,309639.648769
0,1,2,3,5.179737,309576.540711
0,1,2,3,5.179200,309576.163679
0,1,2,3,5.178664,309537.535365
0,1,2,3,5.178128,309446.370252
0,1,2,3,5.177591,309434.181538
0,1,2,3,5.177055,309376.328847
0,1,2,3,5.176519,309311.568579
0,1,2,3,5.175983,309306.944584
0,1,2,3,5.175448,309200.924650
0,1,2,3,5.174912,309173.764625
0,1,2,3,5.174376,309167.298974
0,1,2,3,5.173841,309116.972445
0,1,2,3,5.173306,309101.571025
0,1,2,3,5.172771,309040.875199
0,1,2,3,5.172235,308982.568807
0,1,2,3,5.171700,308759.985085
0,1,2,3,5.171166,308729.245996
0,1,2,3,5.170631,308396.737829
0,1,2,3,5.170096,308263.300616
0,1,2,3,5.169562,308255.520945
0,1,2,3,5.169027,308249.272380
0,1,2,3,5.168493,308128.454120
0,1,2,3,5.167959,308105.339466
0,1,2,3,5.167425,308058.927653
0,1,2,3,5.166891,308057.331580
0,1,2,3,5.166357,308032.613542
0,1,2,3,5.165823,308029.553335
0,1,2,3,5.165289,308024.881139
0,1,2,3,5.164756,307895.120513
0,1,2,3,5.164222,307880.486941
0,1,2,3,5.163689,307832.614489
0,1,2,3,5.163156,307778.286709
0,1,2,3,5.162623,307728.594090
0,1,2,3,5.162090,307678.072950
0,1,2,3,5.161557,307551.242076
0,1,2,3,5.161024,307545.792307
0,1,2,3,5.160491,307488.093569
0,1,2,3,5.159959,307456.248806
0,1,2,3,5.159426,307446.259437
0,1,2,3,5.158894,307379.707858
0,1,2,3,5.158362,307348.982996
0,1,2,3,5.157830,307335.982176
0,1,2,3,5.157298,307277.765526
0,1,2,3,5.156766,307262.472580
0,1,2,3,5.156234,307207.869426
0,1,2,3,5.155702,306971.595262
0,1,2,3,5.155171,306953.114084
0,1,2,3,5.154639,306948.862253
0,1,2,3,5.154108,306944.724259
0,1,2,3,5.153577,306939.030154
0,1,2,3,5.153045,306896.979880
0,1,2,3,5.152514,306849.243090
0,1,2,3,5.151984,306818.280199
0,1,2,3,5.151453,306807.379745
0,1,2,3,5.150922,306684.498999
0,1,2,3,5.150391,306676.657314
0,1,2,3,5.149861,306670.825484
0,1,2,3,5.149331,306630.602028
0,1,2,3,5.148800,306530.758012
0,1,2,3,5.148270,306483.119015
0,1,2,3,5.147740,306468.707480
0,1,2,3,5.147210,306389.465508
0,1,2,3,5.146680,306193.847734
0,1,2,3,5.146151,306076.441310
0,1,2,3,5.145621,306067.049809
0,1,2,3,5.145092,305983.362765
0,1,2,3,5.144562,305955.105265
0,1,2,3,5.144033,305953.175223
0,1,2,3,5.143504,305880.684299
0,1,2,3,5.142975,305833.303327
0,1,2,3,5.142446,305827.036406
0,1,2,3,5.141917,305812.928893
0,1,2,3,5.141388,305796.542051
0,1,2,3,5.140860,305712.378215
0,1,2,3,5.140331,305686.515954
0,1,2,3,5.139803,305633.304118
0,1,2,3,5.139274,305591.077431
0,1,2,3,5.138746,305521.650278
0,1,2,3,5.138218,305410.699777
0,1,2,3,5.137690,305362.133447
0,1,2,3,5.137162,305302.953494
0,1,2,3,5.136634,305265.455985
0,1,2,3,5.136107,305247.239618
0,1,2,3,5.135579,305226.679405
0,1,2,3,5.135052,305222.627071
0,1,2,3,5.134525,305206.320918
0,1,2,3,5.133997,305173.666603
0,1,2,3,5.133470,305101.644609
0,1,2,3,5.132943,305098.670951
0,1,2,3,5.132416,305054.131866
0,1,2,3,5.131890,305047.877668
0,1,2,3,5.131363,305026.962468
0,1,2,3,5.130836,304957.200980
0,1,2,3,5.130310,304877.027223
0,1,2,3,5.129784,304849.719772
0,1,2,3,5.129257,304812.320894
0,1,2,3,5.128731,304764.011886
0,1,2,3,5.128205,304759.353770
0,1,2,3,5.127679,304613.965435
0,1,2,3,5.127153,304513.287730
0,1,2,3,5.126628,304509.835015
0,1,2,3,5.126102,304496.633263
0,1,2,3,5.125577,304476.147027
0,1,2,3,5.125051,304433.791080
0,1,2,3,5.124526,304370.250863
0,1,2,3,5.124001,304296.932255
0,1,2,3,5.123476,304264.504990
0,1,2,3,5.122951,304220.457080
0,1,2,3,5.122426,304193.104739
0,1,2,3,5.121901,304178.736150
0,1,2,3,5.121377,304041.710840
0,1,2,3,5.120852,304028.207610
0,1,2,3,5.120328,303857.415378
0,1,2,3,5.119803,303854.608370
0,1,2,3,5.119279,303828.319215
0,1,2,3,5.118755,303808.013694
0,1,2,3,5.118231,303766.382724
0,1,2,3,5.117707,303759.505606
0,1,2,3,5.117184,303627.570277
0,1,2,3,5.116660,303540.144543
0,1,2,3,5.116136,303377.455324
0,1,2,3,5.115613,303369.850980
0,1,2,3,5.115090,303325.773952
0,1,2,3,5.114566,303323.479389
0,1,2,3,5.114043,303275.254835
0,1,2,3,5.113520,303244.241441
0,1,2,3,5.112997,303123.608435
0,1,2,3,5.112474,303112.165044
0,1,2,3,5.111952,302901.711818
0,1,2,3,5.111429,302771.125154
0,1,2,3,5.110907,302671.087570
0,1,2,3,5.110384,302667.698979
0,1,2,3,5.109862,302550.311730
0,1,2,3,5.109340,302549.758232
0,1,2,3,5.108818,302476.658506
0,1,2,3,5.108296,302460.116391
0,1,2,3,5.107774,302388.566233
0,1,2,3,5.107252,302362.023384
0,1,2,3,5.106731,302356.635411
0,1,2,3,5.106209,302350.848195
0,1,2,3,5.105688,302292.489449
0,1,2,3,5.105166,302275.126793
0,1,2,3,5.104645,302258.965928
0,1,2,3,5.104124,302149.765875
0,1,2,3,5.103603,302089.945964
0,1,2,3,5.103082,302079.103550
0,1,2,3,5.102561,302022.235797
0,1,2,3,5.102041,301760.313086
0,1,2,3,5.101520,301718.748813
0,1,2,3,5.101000,301700.063300
0,1,2,3,5.100479,301673.137246
0,1,2,3,5.099959,301651.387337
0,1,2,3,5.099439,301643.421483
0,1,2,3,5.098919,301480.361705
0,1,2,3,5.098399,301384.495073
0,1,2,3,5.097879,301361.563290
0,1,2,3,5.097360,301348.384333
0,1,2,3,5.096840,301215.898793
0,1,2,3,5.096320,301150.414406
0,1,2,3,5.095801,301116.868306
0,1,2,3,5.095282,301081.662149
0,1,2,3,5.094763,301011.512246
0,1,2,3,5.094244,300929.836583
0,1,2,3,5.093725,300912.620476
0,1,2,3,5.093206,300888.527682
0,1,2,3,5.092687,300846.933313
0,1,2,3,5.092168,300746.126410
0,1,2,3,5.091650,300691.021582
0,1,2,3,5.091131,300626.907169
0,1,2,3,5.090613,300617.935244
0,1,2,3,5.090095,300606.208557
0,1,2,3,5.089577,300518.338695
0,1,2,3,5.089059,300488.452728
0,1,2,3,5.088541,300484.051012
0,1,2,3,5.088023,300460.668684
0,1,2,3,5.087505,300418.832921
0,1,2,3,5.086987,300246.446342
0,1,2,3,5.086470,300123.852193
0,1,2,3,5.085953,300106.908777
0,1,2,3,5.085435,299977.813168
0,1,2,3,5.084918,299911.889779
0,1,2,3,5.084401,299879.168294
0,1,2,3,5.083884,299773.284729
0,1,2,3,5.083367,299757.934972
0,1,2,3,5.082850,299715.650539
0,1,2,3,5.082334,299661.758842
0,1,2,3,5.081817,299599.078912
0,1,2,3,5.081301,299516.993544
0,1,2,3,5.080784,299488.741259
0,1,2,3,5.080268,299481.566554
0,1,2,3,5.079752,299450.408627
0,1,2,3,5.079236,299276.865054
0,1,2,3,5.078720,299247.636634
0,1,2,3,5.078204,299239.962108
0,1,2,3,5.077689,299238.004421
0,1,2,3,5.077173,299198.034521
0,1,2,3,5.076658,299068.617160
0,1,2,3,5.076142,299024.796318
0,1,2,3,5.075627,299003.289429
0,1,2,3,5.075112,298998.541982
0,1,2,3,5.074597,298852.850084
0,1,2,3,5.074082,298737.928154
0,1,2,3,5.073567,298574.528537
0,1,2,3,5.073052,298564.205187
0,1,2,3,5.072537,298559.199896
0,1,2,3,5.072023,298555.287913
0,1,2,3,5.071508,298549.070357
0,1,2,3,5.070994,298528.383011
0,1,2,3,5.070480,298522.566109
0,1,2,3,5.069966,298447.917702
0,1,2,3,5.069451,298358.406563
0,1,2,3,5.068938,298260.308772
0,1,2,3,5.068424,298215.886424
0,1,2,3,5.067910,298153.029453
0,1,2,3,5.067396,298147.042468
0,1,2,3,5.066883,298141.926777
0,1,2,3,5.066369,298138.385020
0,1,2,3,5.065856,298026.539456
0,1,2,3,5.065343,298009.476423
0,1,2,3,5.064830,297911.314680
0,1,2,3,5.064317,297907.461988
0,1,2,3,5.063804,297854.734032
0,1,2,3,5.063291,297816.624953
0,1,2,3,5.062778,297781.825974
0,1,2,3,5.062266,297772.499901
0,1,2,3,5.061753,297657.363404
0,1,2,3,5.061241,297644.395754
0,1,2,3,5.060729,297597.158154
0,1,2,3,5.060217,297591.478696
0,1,2,3,5.059705,297547.678415
0,1,2,3,5.059193,297498.018763
0,1,2,3,5.058681,297412.812756
0,1,2,3,5.058169,297335.755436
0,1,2,3,5.057657,297299.231087
0,1,2,3,5.057146,297246.917879
0,1,2,3,5.056634,297245.269678
0,1,2,3,5.056123,297157.905508
0,1,2,3,5.055612,297142.786841
0,1,2,3,5.055101,297092.745015
0,1,2,3,5.054590,297003.954041
0,1,2,3,5.054079,296994.671992
0,1,2,3,5.053568,296945.159983
0,1,2,3,5.053057,296881.468557
0,1,2,3,5.052546,296854.836557
0,1,2,3,5.052036,296849.206783
0,1,2,3,5.051526,296807.299510
0,1,2,3,5.051015,296785.337926
0,1,2,3,5.050505,296679.142919
0,1,2,3,5.049995,296451.948821
0,1,2,3,5.049485,296450.196831
0,1,2,3,5.048975,296384.303761
0,1,2,3,5.048465,296327.519227
0,1,2,3,5.047956,296202.846405
0,1,2,3,5.047446,296185.910918
0,1,2,3,5.046937,296130.966660
0,1,2,3,5.046427,296090.593173
0,1,2,3,5.045918,296082.233058
0,1,2,3,5.045409,296050.446571
0,1,2,3,5.044900,295797.651741
0,1,2,3,5.044391,295781.579989
0,1,2,3,5.043882,295766.233509
0,1,2,3,5.043373,295749.706010
0,1,2,3,5.042864,295730.984714
0,1,2,3,5.042356,295631.127155
0,1,2,3,5.041847,295460.103605
0,1,2,3,5.041339,295344.580551
0,1,2,3,5.040831,295290.566802
0,1,2,3,5.040323,295286.051114
0,1,2,3,5.039815,295228.765306
0,1,2,3,5.039307,295224.352820
0,1,2,3,5.038799,295210.286564
0,1,2,3,5.038291,295151.427816
0,1,2,3,5.037783,295126.628276
0,1,2,3,5.037276,295085.365364
0,1,2,3,5.036768,295044.577988
0,1,2,3,5.036261,295024.988959
0,1,2,3,5.035754,295005.853144
0,1,2,3,5.035247,294933.630742
0,1,2,3,5.034740,294892.862776
0,1,2,3,5.034233,294880.210925
0,1,2,3,5.033726,294865.875188
0,1,2,3,5.033219,294813.459917
0,1,2,3,5.032713,294730.604118
0,1,2,3,5.032206,294668.486142
0,1,2,3,5.031700,294632.565846
0,1,2,3,5.031193,294613.556567
0,1,2,3,5.030687,294597.201356
0,1,2,3,5.030181,294585.257667
0,1,2,3,5.029675,294573.462965
0,1,2,3,5.029169,294558.812922
0,1,2,3,5.028663,294536.948105
0,1,2,3,5.028158,294376.547970
0,1,2,3,5.027652,294279.941730
0,1,2,3,5.027147,294246.648347
0,1,2,3,5.026641,294151.550781
0,1,2,3,5.026136,294134.203276
0,1,2,3,5.025631,294045.882134
0,1,2,3,5.025126,293935.166117
0,1,2,3,5.024621,293930.380934
0,1,2,3,5.024116,293840.571588
0,1,2,3,5.023611,293833.642355
0,1,2,3,5.023106,293812.214011
0,1,2,3,5.022602,293784.049232
0,1,2,3,5.022097,293664.521872
0,1,2,3,5.021593,293534.175425
0,1,2,3,5.021089,293520.797785
0,1,2,3,5.020584,293492.637745
0,1,2,3,5.020080,293379.126306
0,1,2,3,5.019576,293279.667277
0,1,2,3,5.019072,293249.364646
0,1,2,3,5.018569,293229.427852
0,1,2,3,5.018065,293073.394442
0,1,2,3,5.017561,293036.044618
0,1,2,3,5.017058,292995.473084
0,1,2,3,5.016555,292910.164622
0,1,2,3,5.016051,292903.029173
0,1,2,3,5.015548,292889.438982
0,1,2,3,5.015045,292881.241919
0,1,2,3,5.014542,292878.075262
0,1,2,3,5.014039,292801.722095
0,1,2,3,5.013537,292633.749153
0,1,2,3,5.013034,292615.581812
0,1,2,3,5.012531,292590.980748
0,1,2,3,5.012029,292549.829757
0,1,2,3,5.011527,292502.694089
0,1,2,3,5.011024,292375.324854
0,1,2,3,5.010522,292366.153212
0,1,2,3,5.010020,292351.227514
0,1,2,3,5.009518,292340.939688
0,1,2,3,5.009016,292174.922582
0,1,2,3,5.008514,292112.660165
0,1,2,3,5.008013,292074.362397
0,1,2,3,5.007511,291990.109680
0,1,2,3,5.007010,291984.138119
0,1,2,3,5.006508,291970.096194
0,1,2,3,5.006007,291862.383048
0,1,2,3,5.005506,291832.712622
0,1,2,3,5.005005,291820.289883
0,1,2,3,5.004504,291777.432509
0,1,2,3,5.004003,291762.433082
0,1,2,3,5.003502,291756.342956
0,1,2,3,5.003002,291735.840322
0,1,2,3,5.002501,291719.944979
0,1,2,3,5.002001,291609.626942
0,1,2,3,5.001500,291582.578413
0,1,2,3,5.001000,291435.262437
0,1,2,3,5.000500,291431.777241
0,1,2,3,5.000000,291364.991795
0,1,2,3,4.999500,291304.193555
0,1,2,3,4.999000,291294.899038
0,1,2,3,4.998500,291257.966038
0,1,2,3,4.998001,291245.058314
0,1,2,3,4.997501,291239.339717
0,1,2,3,4.997002,291222.806692
0,1,2,3,4.996502,291214.204999
0,1,2,3,4.996003,291193.994400
0,1,2,3,4.995504,291155.914517
0,1,2,3,4.995005,291108.511163
0,1,2,3,4.994506,291091.166333
0,1,2,3,4.994007,291007.280666
0,1,2,3,4.993508,290919.236920
0,1,2,3,4.993010,290917.451196
0,1,2,3,4.992511,290905.354324
0,1,2,3,4.992013,290839.427824
0,1,2,3,4.991514,290800.835588
0,1,2,3,4.991016,290743.157154
0,1,2,3,4.990518,290716.348558
0,1,2,3,4.990020,290654.920492
0,1,2,3,4.989522,290654.256830
0,1,2,3,4.989024,290653.412031
0,1,2,3,4.988526,290596.531243
0,1,2,3,4.988029,290575.737703
0,1,2,3,4.987531,290568.823373
0,1,2,3,4.987034,290421.000986
0,1,2,3,4.986536,290331.719510
0,1,2,3,4.986039,290295.782258
0,1,2,3,4.985542,290255.980334
0,1,2,3,4.985045,290177.339958
0,1,2,3,4.984548,290158.978295
0,1,2,3,4.984051,290155.993251
0,1,2,3,4.983554,290121.661329
0,1,2,3,4.983058,290105.487786
0,1,2,3,4.982561,290076.615320
0,1,2,3,4.982065,290056.595514
0,1,2,3,4.981568,289943.962631
0,1,2,3,4.981072,289923.623978
0,1,2,3,4.980576,289885.209888
0,1,2,3,4.980080,289825.504570
0,1,2,3,4.979584,289822.626857
0,1,2,3,4.979088,289767.823243
0,1,2,3,4.978592,289690.498269
0,1,2,3,4.978096,289679.835576
0,1,2,3,4.977601,289601.534243
0,1,2,3,4.977105,289594.229723
0,1,2,3,4.976610,289434.823052
0,1,2,3,4.976115,289409.242557
0,1,2,3,4.975619,289354.262152
0,1,2,3,4.975124,289336.454631
0,1,2,3,4.974629,289333.487082
0,1,2,3,4.974135,289195.775444
0,1,2,3,4.973640,289187.657275
0,1,2,3,4.973145,289174.734879
0,1,2,3,4.972650,289137.793453
0,1,2,3,4.972156,288913.057743
0,1,2,3,4.971662,288771.998187
0,1,2,3,4.971167,288757.828676
0,1,2,3,4.970673,288658.952159
0,1,2,3,4.970179,288633.066296
0,1,2,3,4.969685,288632.406559
0,1,2,3,4.969191,288615.434154
0,1,2,3,4.968697,288609.860924
0,1,2,3,4.968203,288594.594581
0,1,2,3,4.967710,288544.531336
0,1,2,3,4.967216,288543.479359
0,1,2,3,4.966723,288462.778775
0,1,2,3,4.966230,288367.440852
0,1,2,3,4.965736,288259.840117
0,1,2,3,4.965243,288192.103977
0,1,2,3,4.964750,288191.894294
0,1,2,3,4.964257,288187.842504
0,1,2,3,4.963765,288120.256026
0,1,2,3,4.963272,288079.078685
0,1,2,3,4.962779,288072.315704
0,1,2,3,4.962287,288031.200755
0,1,2,3,4.961794,287936.163832
0,1,2,3,4.961302,287781.859828
0,1,2,3,4.960810,287675.641261
0,1,2,3,4.960317,287464.778429
0,1,2,3,4.959825,287423.536621
0,1,2,3,4.959333,287302.357888
0,1,2,3,4.958842,287292.981460
0,1,2,3,4.958350,287270.817473
0,1,2,3,4.957858,287213.299798
0,1,2,3,4.957367,287196.725580
0,1,2,3,4.956875,287085.400813
0,1,2,3,4.956384,287063.476947
0,1,2,3,4.955893,287029.925219
0,1,2,3,4.955401,286970.953055
0,1,2,3,4.954910,286935.559206
0,1,2,3,4.954419,286906.868373
0,1,2,3,4.953928,286893.106701
0,1,2,3,4.953438,286788.757165
0,1,2,3,4.952947,286776.163031
0,1,2,3,4.952456,286752.526270
0,1,2,3,4.951966,286552.182684
0,1,2,3,4.951476,286532.421672
0,1,2,3,4.950985,286497.391984
0,1,2,3,4.950495,286481.334320
0,1,2,3,4.950005,286394.186267
0,1,2,3,4.949515,286354.036450
0,1,2,3,4.949025,286226.164879
0,1,2,3,4.948535,286194.863859
0,1,2,3,4.948046,286124.837471
0,1,2,3,4.947556,286052.440014
0,1,2,3,4.947066,286005.950684
0,1,2,3,4.946577,285977.486728
0,1,2,3,4.946088,285663.627054
0,1,2,3,4.945598,285643.007613
0,1,2,3,4.945109,285519.167528
0,1,2,3,4.944620,285498.954248
0,1,2,3,4.944131,285446.036093
0,1,2,3,4.943642,285437.420549
0,1,2,3,4.943154,285406.182123
0,1,2,3,4.942665,285334.952114
0,1,2,3,4.942177,285316.932395
0,1,2,3,4.941688,285248.049002
0,1,2,3,4.941200,285150.762052
0,1,2,3,4.940711,285088.642897
0,1,2,3,4.940223,285066.432399
0,1,2,3,4.939735,285023.050213
0,1,2,3,4.939247,285019.036946
0,1,2,3,4.938759,284989.793937
0,1,2,3,4.938272,284965.287086
0,1,2,3,4.937784,284906.390018
0,1,2,3,4.937296,284889.212046
0,1,2,3,4.936809,284832.192827
0,1,2,3,4.936321,284745.676818
0,1,2,3,4.935834,284706.304072
0,1,2,3,4.935347,284667.629400
0,1,2,3,4.934860,284655.033566
0,1,2,3,4.934373,284601.559956
0,1,2,3,4.933886,284573.500981
0,1,2,3,4.933399,284500.629771
0,1,2,3,4.932912,284496.128312
0,1,2,3,4.932426,284412.720952
0,1,2,3,4.931939,284407.305624
0,1,2,3,4.931453,284397.620739
0,1,2,3,4.930966,284370.291366
0,1,2,3,4.930480,284309.438229
0,1,2,3,4.929994,284270.889259
0,1,2,3,4.929508,284225.194268
0,1,2,3,4.929022,284196.272775
0,1,2,3,4.928536,284161.414653
0,1,2,3,4.928050,284044.080096
0,1,2,3,4.927565,283984.066685
0,1,2,3,4.927079,283974.958275
0,1,2,3,4.926594,283743.410305
0,1,2,3,4.926108,283709.673573
0,1,2,3,4.925623,283702.813738
0,1,2,3,4.925138,283475.612650
0,1,2,3,4.924653,283386.163493
0,1,2,3,4.924168,283253.641288
0,1,2,3,4.923683,283198.916709
0,1,2,3,4.923198,283182.772634
0,1,2,3,4.922713,283080.797455
0,1,2,3,4.922229,283073.675203
0,1,2,3,4.921744,282899.283071
0,1,2,3,4.921260,282876.307203
0,1,2,3,4.920776,282800.572684
0,1,2,3,4.920291,282762.296093
0,1,2,3,4.919807,282705.238056
0,1,2,3,4.919323,282668.755820
0,1,2,3,4.918839,282593.751989
0,1,2,3,4.918355,282538.701837
0,1,2,3,4.917872,282454.316018
0,1,2,3,4.917388,282408.365384
0,1,2,3,4.916904,282285.939586
0,1,2,3,4.916421,282130.657831
0,1,2,3,4.915937,282084.780021
0,1,2,3,4.915454,282084.645223
0,1,2,3,4.914971,282049.422639
0,1,2,3,4.914488,282019.221137
0,1,2,3,4.914005,281685.772673
0,1,2,3,4.913522,281650.232332
0,1,2,3,4.913039,281645.626505
0,1,2,3,4.912556,281616.471120
0,1,2,3,4.912074,281612.950539
0,1,2,3,4.911591,281257.797313
0,1,2,3,4.911109,281249.924759
0,1,2,3,4.910627,281168.887768
0,1,2,3,4.910144,281126.376724
0,1,2,3,4.909662,281107.549212
0,1,2,3,4.909180,281052.961611
0,1,2,3,4.908698,281024.259629
0,1,2,3,4.908216,281010.048994
0,1,2,3,4.907735,281002.375755
0,1,2,3,4.907253,280978.268821
0,1,2,3,4.906771,280885.090867
0,1,2,3,4.906290,280863.439645
0,1,2,3,4.905808,280839.932998
0,1,2,3,4.905327,280788.204895
0,1,2,3,4.904846,280607.402139
0,1,2,3,4.904365,280526.199083
0,1,2,3,4.903884,280520.221076
0,1,2,3,4.903403,280519.373997
0,1,2,3,4.902922,280517.369684
0,1,2,3,4.902441,280507.714209
0,1,2,3,4.901961,280479.197528
0,1,2,3,4.901480,280460.007022
0,1,2,3,4.901000,280328.835914
0,1,2,3,4.900519,280323.320453
0,1,2,3,4.900039,280111.534232
0,1,2,3,4.899559,280104.788385
0,1,2,3,4.899079,280072.999296
0,1,2,3,4.898599,280045.831684
0,1,2,3,4.898119,279977.330482
0,1,2,3,4.897639,279911.946742
0,1,2,3,4.897160,279872.196263
0,1,2,3,4.896680,279871.173021
0,1,2,3,4.896201,279833.383691
0,1,2,3,4.895721,279743.034633
0,1,2,3,4.895242,279668.699858
0,1,2,3,4.894763,279650.694550
0,1,2,3,4.894283,279644.284019
0,1,2,3,4.893804,279598.188530
0,1,2,3,4.893326,279550.744766
0,1,2,3,4.892847,279527.325975
0,1,2,3,4.892368,279450.457402
0,1,2,3,4.891889,279440.227795
0,1,2,3,4.891411,279234.836181
0,1,2,3,4.890932,279190.597177
0,1,2,3,4.890454,279138.727298
0,1,2,3,4.889976,279082.865877
0,1,2,3,4.889497,278821.757974
0,1,2,3,4.889019,278794.019476
0,1,2,3,4.888541,278787.164210
0,1,2,3,4.888063,278770.877082
0,1,2,3,4.887586,278765.101940
0,1,2,3,4.887108,278753.746600
0,1,2,3,4.886630,278715.888161
0,1,2,3,4.886153,278712.474684
0,1,2,3,4.885675,278700.389169
0,1,2,3,4.885198,278537.504329
0,1,2,3,4.884721,278396.789176
0,1,2,3,4.884243,278305.083901
0,1,2,3,4.883766,278263.135146
0,1,2,3,4.883289,278171.964116
0,1,2,3,4.882812,278156.023007
0,1,2,3,4.882336,278129.549424
0,1,2,3,4.881859,278088.048164
0,1,2,3,4.881382,278069.691901
0,1,2,3,4.880906,278062.155771
0,1,2,3,4.880429,278006.071668
0,1,2,3,4.879953,277974.420208
0,1,2,3,4.879477,277895.265291
0,1,2,3,4.879001,277856.180455
0,1,2,3,4.878525,277820.719376
0,1,2,3,4.878049,277782.287551
0,1,2,3,4.877573,277774.399492
0,1,2,3,4.877097,277738.954415
0,1,2,3,4.876621,277705.123512
0,1,2,3,4.876146,277690.296465
0,1,2,3,4.875670,277602.900777
0,1,2,3,4.875195,277517.083867
0,1,2,3,4.874720,277480.465747
0,1,2,3,4.874244,277384.957354
0,1,2,3,4.873769,277374.035598
0,1,2,3,4.873294,277362.049023
0,1,2,3,4.872819,277354.844432
0,1,2,3,4.872345,277294.472035
0,1,2,3,4.871870,277281.329261
0,1,2,3,4.871395,277190.831239
0,1,2,3,4.870921,277147.466806
0,1,2,3,4.870446,277090.235138
0,1,2,3,4.869972,277082.340434
0,1,2,3,4.869497,276878.241407
0,1,2,3,4.869023,276867.188423
0,1,2,3,4.868549,276839.321634
0,1,2,3,4.868075,276802.614996
0,1,2,3,4.867601,276779.117069
0,1,2,3,4.867127,276738.589913
0,1,2,3,4.866654,276700.824949
0,1,2,3,4.866180,276695.794418
0,1,2,3,4.865707,276559.956963
0,1,2,3,4.865233,276520.264436
0,1,2,3,4.864760,276489.282671
0,1,2,3,4.864286,276338.285414
0,1,2,3,4.863813,276295.171182
0,1,2,3,4.863340,276123.853943
0,1,2,3,4.862867,276082.928708
0,1,2,3,4.862394,276076.917567
0,1,2,3,4.861921,276048.776158
0,1,2,3,4.861449,276038.349884
0,1,2,3,4.860976,276028.938975
0,1,2,3,4.860504,276018.231159
0,1,2,3,4.860031,275912.528229
0,1,2,3,4.859559,275715.063194
0,1,2,3,4.859086,275339.182939
0,1,2,3,4.858614,275329.797502
0,1,2,3,4.858142,275252.871851
0,1,2,3,4.857670,275083.023881
0,1,2,3,4.857198,275043.094213
0,1,2,3,4.856727,274985.254391
0,1,2,3,4.856255,274978.957793
0,1,2,3,4.855783,274938.205270
0,1,2,3,4.855312,274922.546907
0,1,2,3,4.854840,274897.805268
0,1,2,3,4.854369,274854.139370
0,1,2,3,4.853898,274853.188396
0,1,2,3,4.853427,274815.713697
0,1,2,3,4.852955,274811.926037
0,1,2,3,4.852484,274686.914746
0,1,2,3,4.852014,274673.373532
0,1,2,3,4.851543,274605.342620
0,1,2,3,4.851072,274575.389512
0,1,2,3,4.850601,274546.766218
0,1,2,3,4.850131,274536.430801
0,1,2,3,4.849661,274472.978039
0,1,2,3,4.849190,274469.001254
0,1,2,3,4.848720,274462.278698
0,1,2,3,4.848250,274374.719913
0,1,2,3,4.847780,274351.214879
0,1,2,3,4.847310,274349.712330
0,1,2,3,4.846840,274296.630539
0,1,2,3,4.846370,274248.806858
0,1,2,3,4.845900,274192.638554
0,1,2,3,4.845431,274187.089108
0,1,2,3,4.844961,274146.331079
0,1,2,3,4.844492,274127.405687
0,1,2,3,4.844022,274063.347498
0,1,2,3,4.843553,274047.839908
0,1,2,3,4.843084,273990.123314
0,1,2,3,4.842615,273960.879225
0,1,2,3,4.842146,273959.843950
0,1,2,3,4.841677,273902.510547
0,1,2,3,4.841208,273881.813042
0,1,2,3,4.840740,273880.029003
0,1,2,3,4.840271,273783.497554
0,1,2,3,4.839803,273779.828208
0,1,2,3,4.839334,273765.763127
0,1,2,3,4.838866,273686.604637
0,1,2,3,4.838398,273682.517294
0,1,2,3,4.837929,273619.489812
0,1,2,3,4.837461,273560.505612
0,1,2,3,4.836993,273515.914182
0,1,2,3,4.836525,273443.380200
0,1,2,3,4.836058,273363.121972
0,1,2,3,4.835590,273350.983575
0,1,2,3,4.835122,273339.922712
0,1,2,3,4.834655,273320.920582
0,1,2,3,4.834187,273302.087718
0,1,2,3,4.833720,273281.108750
0,1,2,3,4.833253,273199.393624
0,1,2,3,4.832786,273189.311301
0,1,2,3,4.832319,273030.095671
0,1,2,3,4.831852,273002.753743
0,1,2,3,4.831385,272977.849747
0,1,2,3,4.830918,272876.407545
0,1,2,3,4.830451,272821.309270
0,1,2,3,4.829985,272733.018688
0,1,2,3,4.829518,272705.232620
0,1,2,3,4.829052,272677.069844
0,1,2,3,4.828585,272609.757541
0,1,2,3,4.828119,272517.453481
0,1,2,3,4.827653,272452.528181
0,1,2,3,4.827187,272315.158087
0,1,2,3,4.826721,272163.678958
0,1,2,3,4.826255,272161.719728
0,1,2,3,4.825789,272082.403630
0,1,2,3,4.825323,271996.241552
0,1,2,3,4.824858,271986.749783
0,1,2,3,4.824392,271888.432802
0,1,2,3,4.823927,271794.461369
0,1,2,3,4.823461,271712.667983
0,1,2,3,4.822996,271688.225519
0,1,2,3,4.822531,271628.254678
0,1,2,3,4.822066,271611.480491
0,1,2,3,4.821601,271594.593701
0,1,2,3,4.821136,271565.385030
0,1,2,3,4.820671,271564.605953
0,1,2,3,4.820206,271536.237357
0,1,2,3,4.819742,271490.112647
0,1,2,3,4.819277,271471.833527
0,1,2,3,4.818813,271438.119244
0,1,2,3,4.818348,271383.215702
0,1,2,3,4.817884,271203.519043
0,1,2,3,4.817420,271193.642645
0,1,2,3,4.816956,271166.769424
0,1,2,3,4.816492,271039.271497
0,1,2,3,4.816028,270995.311871
0,1,2,3,4.815564,270968.513597
0,1,2,3,4.815100,270950.716771
0,1,2,3,4.814636,270853.567710
0,1,2,3,4.814173,270771.674821
0,1,2,3,4.813709,270614.139919
0,1,2,3,4.813246,270571.031999
0,1,2,3,4.812783,270467.813794
0,1,2,3,4.812320,270356.450014
0,1,2,3,4.811856,270349.269931
0,1,2,3,4.811393,270315.211104
0,1,2,3,4.810930,270289.398126
0,1,2,3,4.810468,270224.490196
0,1,2,3,4.810005,270171.441407
0,1,2,3,4.809542,270046.374299
0,1,2,3,4.809080,269973.168632
0,1,2,3,4.808617,269897.727305
0,1,2,3,4.808155,269837.920674
0,1,2,3,4.807692,269826.472661
0,1,2,3,4.807230,269770.206576
0,1,2,3,4.806768,269713.991574
0,1,2,3,4.806306,269630.344825
0,1,2,3,4.805844,269609.437995
0,1,2,3,4.805382,269469.144369
0,1,2,3,4.804920,269317.871744
0,1,2,3,4.804459,269244.557845
0,1,2,3,4.803997,269225.409391
0,1,2,3,4.803535,269214.687308
0,1,2,3,4.803074,269075.465495
0,1,2,3,4.802613,269060.364684
0,1,2,3,4.802151,269033.647835
0,1,2,3,4.801690,268956.940134
0,1,2,3,4.801229,268943.752138
0,1,2,3,4.800768,268922.605423
0,1,2,3,4.800307,268909.060030
0,1,2,3,4.799846,268790.978156
0,1,2,3,4.799386,268753.826041
0,1,2,3,4.798925,268740.115843
0,1,2,3,4.798464,268736.337794
0,1,2,3,4.798004,268675.674097
0,1,2,3,4.797544,268669.661729
0,1,2,3,4.797083,268653.249084
0,1,2,3,4.796623,268558.810101
0,1,2,3,4.796163,268554.810699
0,1,2,3,4.795703,268545.691321
0,1,2,3,4.795243,268491.860328
0,1,2,3,4.794783,268448.180947
0,1,2,3,4.794324,268404.804674
0,1,2,3,4.793864,268313.643234
0,1,2,3,4.793404,268263.882094
0,1,2,3,4.792945,268213.779649
0,1,2,3,4.792485,268182.683004
0,1,2,3,4.792026,268169.895756
0,1,2,3,4.791567,268162.977612
0,1,2,3,4.791108,268114.561103
0,1,2,3,4.790649,268106.489832
0,1,2,3,4.790190,268105.875945
0,1,2,3,4.789731,267941.018865
0,1,2,3,4.789272,267939.898444
0,1,2,3,4.788813,267932.886234
0,1,2,3,4.788355,267928.225024
0,1,2,3,4.787896,267916.347973
0,1,2,3,4.787438,267863.450255
0,1,2,3,4.786979,267681.963989
0,1,2,3,4.786521,267647.388769
0,1,2,3,4.786063,267614.945725
0,1,2,3,4.785605,267479.044572
0,1,2,3,4.785147,267302.953118
0,1,2,3,4.784689,267226.319580
0,1,2,3,4.784231,267196.062149
0,1,2,3,4.783773,267162.354198
0,1,2,3,4.783316,267145.986774
0,1,2,3,4.782858,267003.657593
0,1,2,3,4.782401,266985.806604
0,1,2,3,4.781943,266960.831687
0,1,2,3,4.781486,266901.831417
0,1,2,3,4.781029,266896.153923
0,1,2,3,4.780572,266892.190441
0,1,2,3,4.780115,266809.281883
0,1,2,3,4.779658,266758.146312
0,1,2,3,4.779201,266691.321109
0,1,2,3,4.778744,266682.616061
0,1,2,3,4.778287,266623.112092
0,1,2,3,4.777831,266475.736714
0,1,2,3,4.777374,266469.209717
0,1,2,3,4.776918,266444.819695
0,1,2,3,4.776462,266331.728065
0,1,2,3,4.776005,266328.365742
0,1,2,3,4.775549,266303.610645
0,1,2,3,4.775093,266239.541039
0,1,2,3,4.774637,266082.203976
0,1,2,3,4.774181,266080.029288
0,1,2,3,4.773725,266067.539574
0,1,2,3,4.773270,266028.886049
0,1,2,3,4.772814,265921.209029
0,1,2,3,4.772358,265874.126529
0,1,2,3,4.771903,265839.755733
0,1,2,3,4.771448,265743.677741
0,1,2,3,4.770992,265740.580269
0,1,2,3,4.770537,265666.293121
0,1,2,3,4.770082,265623.361920
0,1,2,3,4.769627,265488.980155
0,1,2,3,4.769172,265456.688219
0,1,2,3,4.768717,265322.575657
0,1,2,3,4.768262,265228.382885
0,1,2,3,4.767808,265219.360686
0,1,2,3,4.767353,265214.548576
0,1,2,3,4.766899,265197.902629
0,1,2,3,4.766444,265176.088371
0,1,2,3,4.765990,265165.512618
0,1,2,3,4.765536,265132.197613
0,1,2,3,4.765081,265130.499159
0,1,2,3,4.764627,265071.657133
0,1,2,3,4.764173,265052.585528
0,1,2,3,4.763720,265010.416475
0,1,2,3,4.763266,264936.849515
0,1,2,3,4.762812,264906.393606
0,1,2,3,4.762358,264786.910544
0,1,2,3,4.761905,264785.566936
0,1,2,3,4.761451,264777.680833
0,1,2,3,4.760998,264730.085869
0,1,2,3,4.760545,264725.429093
0,1,2,3,4.760091,264661.728808
0,1,2,3,4.759638,264621.586954
0,1,2,3,4.759185,264618.593086
0,1,2,3,4.758732,264614.746298
0,1,2,3,4.758279,264609.633302
0,1,2,3,4.757827,264586.206614
0,1,2,3,4.757374,264578.399004
0,1,2,3,4.756921,264561.768714
0,1,2,3,4.756469,264453.509547
0,1,2,3,4.756016,264393.473545
0,1,2,3,4.755564,264353.778677
0,1,2,3,4.755112,264342.867862
0,1,2,3,4.754660,264336.575362
0,1,2,3,4.754207,264336.020250
0,1,2,3,4.753755,264318.071052
0,1,2,3,4.753304,264313.790004
0,1,2,3,4.752852,264208.391184
0,1,2,3,4.752400,264150.569154
0,1,2,3,4.751948,264141.344745
0,1,2,3,4.751497,264072.895355
0,1,2,3,4.751045,264002.266778
0,1,2,3,4.750594,263984.135448
0,1,2,3,4.750143,263901.547952
0,1,2,3,4.749691,263838.253867
0,1,2,3,4.749240,263781.428994
0,1,2,3,4.748789,263662.250300
0,1,2,3,4.748338,263523.622403
0,1,2,3,4.747887,263502.512682
0,1,2,3,4.747436,263363.983181
0,1,2,3,4.746986,263352.823179
0,1,2,3,4.746535,263301.726770
0,1,2,3,4.746084,263294.762983
0,1,2,3,4.745634,263281.801389
0,1,2,3,4.745184,263253.168335
0,1,2,3,4.744733,263218.811880
0,1,2,3,4.744283,263063.260358
0,1,2,3,4.743833,263007.611446
0,1,2,3,4.743383,263000.204594
0,1,2,3,4.742933,262912.263887
0,1,2,3,4.742483,262808.977471
0,1,2,3,4.742033,262801.827698
0,1,2,3,4.741584,262608.413527
0,1,2,3,4.741134,262594.452945
0,1,2,3,4.740685,262549.422281
0,1,2,3,4.740235,262526.759906
0,1,2,3,4.739786,262383.780868
0,1,2,3,4.739336,262357.305039
0,1,2,3,4.738887,262336.515902
0,1,2,3,4.738438,262336.038620
0,1,2,3,4.737989,262316.953304
0,1,2,3,4.737540,262152.277710
0,1,2,3,4.737091,262020.962865
0,1,2,3,4.736643,261986.093817
0,1,2,3,4.736194,261948.582568
0,1,2,3,4.735745,261936.838621
0,1,2,3,4.735297,261796.133589
0,1,2,3,4.734848,261780.416190
0,1,2,3,4.734400,261773.484940
0,1,2,3,4.733952,261701.338678
0,1,2,3,4.733504,261698.546816
0,1,2,3,4.733056,261643.651396
0,1,2,3,4.732608,261575.516242
0,1,2,3,4.732160,261556.956455
0,1,2,3,4.731712,261535.178342
0,1,2,3,4.731264,261499.101990
0,1,2,3,4.730817,261325.588739
0,1,2,3,4.730369,261306.044057
0,1,2,3,4.729921,261298.829777
0,1,2,3,4.729474,261248.419957
0,1,2,3,4.729027,261224.182037
0,1,2,3,4.728580,261219.571087
0,1,2,3,4.728132,261217.944749
0,1,2,3,4.727685,261153.434411
0,1,2,3,4.727238,261135.195882
0,1,2,3,4.726791,261090.338426
0,1,2,3,4.726345,260937.956619
0,1,2,3,4.725898,260862.766984
0,1,2,3,4.725451,260858.054420
0,1,2,3,4.725005,260831.051490
0,1,2,3,4.724558,260742.731267
0,1,2,3,4.724112,260649.434099
0,1,2,3,4.723666,260648.184975
0,1,2,3,4.723219,260644.238653
0,1,2,3,4.722773,260596.175728
0,1,2,3,4.722327,260588.307833
0,1,2,3,4.721881,260579.831169
0,1,2,3,4.721435,260544.620031
0,1,2,3,4.720990,260478.334591
0,1,2,3,4.720544,260430.088800
0,1,2,3,4.720098,260302.282583
0,1,2,3,4.719653,260254.694481
0,1,2,3,4.719207,260245.936377
0,1,2,3,4.718762,260211.641990
0,1,2,3,4.718317,260054.479866
0,1,2,3,4.717871,259997.877159
0,1,2,3,4.717426,259965.459225
0,1,2,3,4.716981,259939.189262
0,1,2,3,4.716536,259888.951475
0,1,2,3,4.716091,259885.502104
0,1,2,3,4.715647,259845.568659
0,1,2,3,4.715202,259725.364462
0,1,2,3,4.714757,259647.331728
0,1,2,3,4.714313,259615.511147
0,1,2,3,4.713868,259608.258759
0,1,2,3,4.713424,259524.196330
0,1,2,3,4.712980,259508.032082
0,1,2,3,4.712535,259436.291061
0,1,2,3,4.712091,259397.627128
0,1,2,3,4.711647,259352.860786
0,1,2,3,4.711203,259326.184529
0,1,2,3,4.710759,259207.019240
0,1,2,3,4.710316,259137.135226
0,1,2,3,4.709872,259036.499501
0,1,2,3,4.709428,259026.687186
0,1,2,3,4.708985,258936.616646
0,1,2,3,4.708541,258932.276939
0,1,2,3,4.708098,258840.631971
0,1,2,3,4.707655,258795.722079
0,1,2,3,4.707211,258706.689471
0,1,2,3,4.706768,258702.676571
0,1,2,3,4.706325,258700.577449
0,1,2,3,4.705882,258659.757345
0,1,2,3,4.705439,258618.074935
0,1,2,3,4.704997,258366.350282
0,1,2,3,4.704554,258307.173605
0,1,2,3,4.704111,258286.340453
0,1,2,3,4.703669,258248.024166
0,1,2,3,4.703226,258221.607110
0,1,2,3,4.702784,258210.196724
0,1,2,3,4.702342,258169.032864
0,1,2,3,4.701900,258098.077675
0,1,2,3,4.701457,258067.089225
0,1,2,3,4.701015,257998.740568
0,1,2,3,4.700573,257958.259121
0,1,2,3,4.700132,257874.013569
0,1,2,3,4.699690,257863.338627
0,1,2,3,4.699248,257860.012697
0,1,2,3,4.698807,257848.487942
0,1,2,3,4.698365,257789.216218
0,1,2,3,4.697924,257787.726169
0,1,2,3,4.697482,257776.621423
0,1,2,3,4.697041,257725.408238
0,1,2,3,4.696600,257661.337287
0,1,2,3,4.696159,257494.712266
0,1,2,3,4.695718,257485.243828
0,1,2,3,4.695277,257373.305391
0,1,2,3,4.694836,257336.383564
0,1,2,3,4.694395,257322.798999
0,1,2,3,4.693954,257217.365146
0,1,2,3,4.693514,257156.841482
0,1,2,3,4.693073,257130.366212
0,1,2,3,4.692633,257024.442140
0,1,2,3,4.692192,257019.871504
0,1,2,3,4.691752,256978.250610
0,1,2,3,4.691312,256975.167243
0,1,2,3,4.690872,256895.293252
0,1,2,3,4.690432,256842.151680
0,1,2,3,4.689992,256841.452419
0,1,2,3,4.689552,256816.346721
0,1,2,3,4.689112,256700.421822
0,1,2,3,4.688672,256681.611854
0,1,2,3,4.688233,256681.503487
0,1,2,3,4.687793,256632.078562
0,1,2,3,4.687354,256631.704144
0,1,2,3,4.686914,256610.851943
0,1,2,3,4.686475,256599.183724
0,1,2,3,4.686036,256380.460425
0,1,2,3,4.685596,256302.076045
0,1,2,3,4.685157,256268.337213
0,1,2,3,4.684718,256201.776993
0,1,2,3,4.684280,256107.574391
0,1,2,3,4.683841,255906.815115
0,1,2,3,4.683402,255868.358453
0,1,2,3,4.682963,255813.082390
0,1,2,3,4.682525,255784.453057
0,1,2,3,4.682086,255782.396642
0,1,2,3,4.681648,255754.716608
0,1,2,3,4.681210,255699.181291
0,1,2,3,4.680771,255676.614863
0,1,2,3,4.680333,255664.495548
0,1,2,3,4.679895,255583.804914
0,1,2,3,4.679457,255546.647234
0,1,2,3,4.679019,255455.852136
0,1,2,3,4.678581,255448.894867
0,1,2,3,4.678144,255434.747429
0,1,2,3,4.677706,255328.260275
0,1,2,3,4.677268,255314.855010
0,1,2,3,4.676831,255303.993324
0,1,2,3,4.676394,255295.220683
0,1,2,3,4.675956,255235.623842
0,1,2,3,4.675519,255222.035485
0,1,2,3,4.675082,255202.532678
0,1,2,3,4.674645,255134.940363
0,1,2,3,4.674208,255117.082747
0,1,2,3,4.673771,255038.157908
0,1,2,3,4.673334,255000.592885
0,1,2,3,4.672897,254999.238907
0,1,2,3,4.672461,254891.802462
0,1,2,3,4.672024,254885.461918
0,1,2,3,4.671587,254824.374166
0,1,2,3,4.671151,254817.590200
0,1,2,3,4.670715,254807.878427
0,1,2,3,4.670278,254798.534703
0,1,2,3,4.669842,254775.329306
0,1,2,3,4.669406,254768.490436
0,1,2,3,4.668970,254639.574944
0,1,2,3,4.668534,254627.093589
0,1,2,3,4.668098,254601.611934
0,1,2,3,4.667662,254568.355116
0,1,2,3,4.667227,254433.519371
0,1,2,3,4.666791,254297.661758
0,1,2,3,4.666356,254281.971894
0,1,2,3,4.665920,254237.839427
0,1,2,3,4.665485,254110.089748
0,1,2,3,4.665049,254005.480100
0,1,2,3,4.664614,253900.480596
0,1,2,3,4.664179,253884.783837
0,1,2,3,4.663744,253847.732591
0,1,2,3,4.663309,253811.860856
0,1,2,3,4.662874,253703.474757
0,1,2,3,4.662439,253642.927528
0,1,2,3,4.662005,253584.089454
0,1,2,3,4.661570,253459.962626
0,1,2,3,4.661135,253459.171245
0,1,2,3,4.660701,253441.893678
0,1,2,3,4.660267,253419.962352
0,1,2,3,4.659832,253333.276875
0,1,2,3,4.659398,253278.235133
0,1,2,3,4.658964,253269.374265
0,1,2,3,4.658530,253159.634942
0,1,2,3,4.658096,253068.712752
0,1,2,3,4.657662,253018.691229
0,1,2,3,4.657228,252765.053662
0,1,2,3,4.656794,252735.407882
0,1,2,3,4.656361,252660.587988
0,1,2,3,4.655927,252540.089793
0,1,2,3,4.655493,252502.469342
0,1,2,3,4.655060,252449.167230
0,1,2,3,4.654627,252359.509845
0,1,2,3,4.654193,252351.717201
0,1,2,3,4.653760,252268.617237
0,1,2,3,4.653327,252255.928719
0,1,2,3,4.652894,252157.303510
0,1,2,3,4.652461,252108.600710
0,1,2,3,4.652028,252105.241426
0,1,2,3,4.651595,252083.040723
0,1,2,3,4.651163,252000.993400
0,1,2,3,4.650730,251947.454785
0,1,2,3,4.650298,251932.891310
0,1,2,3,4.649865,251928.703798
0,1,2,3,4.649433,251870.642771
0,1,2,3,4.649000,251773.009749
0,1,2,3,4.648568,251750.233784
0,1,2,3,4.648136,251730.664931
0,1,2,3,4.647704,251706.074539
0,1,2,3,4.647272,251654.700784
0,1,2,3,4.646840,251599.044152
0,1,2,3,4.646408,251591.202685
0,1,2,3,4.645977,251585.585304
0,1,2,3,4.645545,251510.545978
0,1,2,3,4.645113,251492.659313
0,1,2,3,4.644682,251480.811944
0,1,2,3,4.644250,251429.599932
0,1,2,3,4.643819,251419.867837
0,1,2,3,4.643388,251370.457190
0,1,2,3,4.642957,251293.538179
0,1,2,3,4.642526,251269.465630
0,1,2,3,4.642095,251188.211075
0,1,2,3,4.641664,251148.106591
0,1,2,3,4.641233,251143.742995
0,1,2,3,4.640802,251096.464285
0,1,2,3,4.640371,250968.450766
0,1,2,3,4.639941,250904.051978
0,1,2,3,4.639510,250848.519757
0,1,2,3,4.639080,250814.687001
0,1,2,3,4.638649,250782.900759
0,1,2,3,4.638219,250734.876629
0,1,2,3,4.637789,250706.803419
0,1,2,3,4.637359,250703.726191
0,1,2,3,4.636928,250599.920479
0,1,2,3,4.636499,250561.527296
0,1,2,3,4.636069,250504.813033
0,1,2,3,4.635639,250414.808498
0,1,2,3,4.635209,250399.237196
0,1,2,3,4.634779,250337.762543
0,1,2,3,4.634350,250315.490749
0,1,2,3,4.633920,250308.020691
0,1,2,3,4.633491,250297.360148
0,1,2,3,4.633062,250291.793010
0,1,2,3,4.632632,250257.654898
0,1,2,3,4.632203,250256.835065
0,1,2,3,4.631774,250251.310771
0,1,2,3,4.631345,250216.457037
0,1,2,3,4.630916,250189.030628
0,1,2,3,4.630487,250113.608379
0,1,2,3,4.630058,250101.739363
0,1,2,3,4.629630,250093.222838
0,1,2,3,4.629201,249902.990113
0,1,2,3,4.628772,249885.007616
0,1,2,3,4.628344,249866.185737
0,1,2,3,4.627916,249850.342470
0,1,2,3,4.627487,249709.893326
0,1,2,3,4.627059,249692.391486
0,1,2,3,4.626631,249691.874793
0,1,2,3,4.626203,249642.276740
0,1,2,3,4.625775,249597.774513
0,1,2,3,4.625347,249588.529307
0,1,2,3,4.624919,249578.824665
0,1,2,3,4.624491,249555.698411
0,1,2,3,4.624064,249533.845996
0,1,2,3,4.623636,249517.372141
0,1,2,3,4.623209,249402.014472
0,1,2,3,4.622781,249343.969892
0,1,2,3,4.622354,249256.906006
0,1,2,3,4.621926,249253.958707
0,1,2,3,4.621499,249191.281017
0,1,2,3,4.621072,249169.879332
0,1,2,3,4.620645,249155.546192
0,1,2,3,4.620218,249147.317110
0,1,2,3,4.619791,249099.323787
0,1,2,3,4.619364,249031.730419
0,1,2,3,4.618938,249001.466681
0,1,2,3,4.618511,248974.229729
0,1,2,3,4.618084,248929.099478
0,1,2,3,4.617658,248921.020291
0,1,2,3,4.617232,248861.593116
0,1,2,3,4.616805,248852.768306
0,1,2,3,4.616379,248850.207017
0,1,2,3,4.615953,248813.438876
0,1,2,3,4.615527,248811.755803
0,1,2,3,4.615101,248799.827899
0,1,2,3,4.614675,248797.616084
0,1,2,3,4.614249,248796.294419
0,1,2,3,4.613823,248771.563391
0,1,2,3,4.613397,248730.459185
0,1,2,3,4.612972,248686.702662
0,1,2,3,4.612546,248654.697741
0,1,2,3,4.612121,248542.936763
0,1,2,3,4.611695,248451.424453
0,1,2,3,4.611270,248324.512066
0,1,2,3,4.610845,248272.728603
0,1,2,3,4.610420,248264.450276
0,1,2,3,4.609994,248237.473251
0,1,2,3,4.609569,248152.950901
0,1,2,3,4.609145,248145.601917
0,1,2,3,4.608720,248115.337334
0,1,2,3,4.608295,247990.830110
0,1,2,3,4.607870,247985.185219
0,1,2,3,4.607446,247961.519749
0,1,2,3,4.607021,247734.680777
0,1,2,3,4.606597,247732.407926
0,1,2,3,4.606172,247637.789587
0,1,2,3,4.605748,247589.725242
0,1,2,3,4.605324,247525.301727
0,1,2,3,4.604900,247395.100907
0,1,2,3,4.604476,247330.545257
0,1,2,3,4.604052,247327.278346
0,1,2,3,4.603628,247249.948525
0,1,2,3,4.603204,247201.556544
0,1,2,3,4.602780,247192.472796
0,1,2,3,4.602356,247126.788985
0,1,2,3,4.601933,247120.143787
0,1,2,3,4.601509,247095.880938
0,1,2,3,4.601086,247028.124028
0,1,2,3,4.600662,246980.211477
0,1,2,3,4.600239,246977.294555
0,1,2,3,4.599816,246959.775468
0,1,2,3,4.599393,246876.760453
0,1,2,3,4.598970,246832.082286
0,1,2,3,4.598547,246787.274372
0,1,2,3,4.598124,246773.622657
0,1,2,3,4.597701,246604.306438
0,1,2,3,4.597278,246561.908903
0,1,2,3,4.596856,246535.491386
0,1,2,3,4.596433,246534.535247
0,1,2,3,4.596011,246514.579338
0,1,2,3,4.595588,246441.901656
0,1,2,3,4.595166,246438.422876
0,1,2,3,4.594744,246353.072689
0,1,2,3,4.594321,246236.125383
0,1,2,3,4.593899,246189.008549
0,1,2,3,4.593477,246138.750257
0,1,2,3,4.593055,246134.305605
0,1,2,3,4.592633,246129.648661
0,1,2,3,4.592212,246121.650264
0,1,2,3,4.591790,246064.234094
0,1,2,3,4.591368,245977.219261
0,1,2,3,4.590947,245921.767568
0,1,2,3,4.590525,245915.305254
0,1,2,3,4.590104,245859.604374
0,1,2,3,4.589682,245797.278003
0,1,2,3,4.589261,245786.420652
0,1,2,3,4.588840,245752.667527
0,1,2,3,4.588419,245751.788657
0,1,2,3,4.587998,245713.790318
0,1,2,3,4.587577,245712.153318
0,1,2,3,4.587156,245587.807347
0,1,2,3,4.586735,245508.589337
0,1,2,3,4.586314,245463.141572
0,1,2,3,4.585894,245427.845084
0,1,2,3,4.585473,245404.090836
0,1,2,3,4.585053,245389.768261
0,1,2,3,4.584632,245312.525394
0,1,2,3,4.584212,245310.097953
0,1,2,3,4.583792,245308.010313
0,1,2,3,4.583372,245239.846317
0,1,2,3,4.582951,245119.639909
0,1,2,3,4.582531,245065.685136
0,1,2,3,4.582111,244977.571796
0,1,2,3,4.581692,244935.197555
0,1,2,3,4.581272,244934.041739
0,1,2,3,4.580852,244926.905185
0,1,2,3,4.580432,244710.817204
0,1,2,3,4.580013,244709.467621
0,1,2,3,4.579593,244617.719400
0,1,2,3,4.579174,244517.934861
0,1,2,3,4.578755,244468.683604
0,1,2,3,4.578335,244448.016945
0,1,2,3,4.577916,244445.181494
0,1,2,3,4.577497,244410.630285
0,1,2,3,4.577078,244325.908876
0,1,2,3,4.576659,244325.671018
0,1,2,3,4.576240,244317.457096
0,1,2,3,4.575821,244242.507088
0,1,2,3,4.575403,244213.502089
0,1,2,3,4.574984,244108.452280
0,1,2,3,4.574565,244107.103667
0,1,2,3,4.574147,243878.385337
0,1,2,3,4.573729,243873.491061
0,1,2,3,4.573310,243828.490232
0,1,2,3,4.572892,243768.707625
0,1,2,3,4.572474,243730.498668
0,1,2,3,4.572056,243706.235143
0,1,2,3,4.571638,243687.750113
0,1,2,3,4.571220,243676.619882
0,1,2,3,4.570802,243583.549922
0,1,2,3,4.570384,243573.629167
0,1,2,3,4.569966,243539.578121
0,1,2,3,4.569549,243486.070033
0,1,2,3,4.569131,243437.839751
0,1,2,3,4.568713,243409.570793
0,1,2,3,4.568296,243405.954069
0,1,2,3,4.567879,243336.829054
0,1,2,3,4.567461,243323.329413
0,1,2,3,4.567044,243312.604816
0,1,2,3,4.566627,243230.614527
0,1,2,3,4.566210,243187.206933
0,1,2,3,4.565793,243180.539763
0,1,2,3,4.565376,243167.511214
0,1,2,3,4.564959,243093.098409
0,1,2,3,4.564543,243080.845070
0,1,2,3,4.564126,242924.068627
0,1,2,3,4.563709,242889.138213
0,1,2,3,4.563293,242801.758919
0,1,2,3,4.562876,242789.178578
0,1,2,3,4.562460,242767.937149
0,1,2,3,4.562044,242750.183591
0,1,2,3,4.561628,242740.935051
0,1,2,3,4.561211,242731.457212
0,1,2,3,4.560795,242725.953827
0,1,2,3,4.560379,242706.299174
0,1,2,3,4.559964,242662.088086
0,1,2,3,4.559548,242643.095344
0,1,2,3,4.559132,242621.570529
0,1,2,3,4.558716,242614.669092
0,1,2,3,4.558301,242583.909706
0,1,2,3,4.557885,242553.253166
0,1,2,3,4.557470,242528.686962
0,1,2,3,4.557054,242490.381835
0,1,2,3,4.556639,242269.217708
0,1,2,3,4.556224,242264.826210
0,1,2,3,4.555809,242254.024601
0,1,2,3,4.555394,242243.085121
0,1,2,3,4.554979,242204.517767
0,1,2,3,4.554564,242202.637543
0,1,2,3,4.554149,242129.474791
0,1,2,3,4.553734,242063.590682
0,1,2,3,4.553319,242017.018294
0,1,2,3,4.552905,241953.745170
0,1,2,3,4.552490,241751.007157
0,1,2,3,4.552076,241717.201753
0,1,2,3,4.551661,241700.006766
0,1,2,3,4.551247,241697.061225
0,1,2,3,4.550833,241622.591363
0,1,2,3,4.550419,241572.199338
0,1,2,3,4.550005,241553.786330
0,1,2,3,4.549591,241522.152634
0,1,2,3,4.549177,241457.235352
0,1,2,3,4.548763,241420.378266
0,1,2,3,4.548349,241325.140037
0,1,2,3,4.547935,241290.989127
0,1,2,3,4.547522,241276.080394
0,1,2,3,4.547108,241160.674867
0,1,2,3,4.546695,241153.409533
0,1,2,3,4.546281,241088.724181
0,1,2,3,4.545868,241088.286160
0,1,2,3,4.545455,240870.687779
0,1,2,3,4.545041,240839.484575
0,1,2,3,4.544628,240830.115326
0,1,2,3,4.544215,240721.977107
0,1,2,3,4.543802,240557.075101
0,1,2,3,4.543389,240507.036730
0,1,2,3,4.542977,240489.495896
0,1,2,3,4.542564,240443.223127
0,1,2,3,4.542151,240420.207271
0,1,2,3,4.541739,240319.968766
0,1,2,3,4.541326,240265.588582
0,1,2,3,4.540914,240263.009420
0,1,2,3,4.540501,240239.817574
0,1,2,3,4.540089,240193.195974
0,1,2,3,4.539677,240148.539379
0,1,2,3,4.539265,239967.119708
0,1,2,3,4.538853,239960.818301
0,1,2,3,4.538441,239884.096433
0,1,2,3,4.538029,239842.107394
0,1,2,3,4.537617,239788.189127
0,1,2,3,4.537205,239746.851975
0,1,2,3,4.536793,239671.737852
0,1,2,3,4.536382,239657.631971
0,1,2,3,4.535970,239643.635676
0,1,2,3,4.535559,239632.941062
0,1,2,3,4.535147,239614.150914
0,1,2,3,4.534736,239609.953355
0,1,2,3,4.534325,239564.210089
0,1,2,3,4.533914,239438.980901
0,1,2,3,4.533503,239322.442555
0,1,2,3,4.533092,239276.653291
0,1,2,3,4.532681,239214.603127
0,1,2,3,4.532270,239170.877899
0,1,2,3,4.531859,239140.969954
0,1,2,3,4.531448,239120.835993
0,1,2,3,4.531038,239117.422596
0,1,2,3,4.530627,239061.980391
0,1,2,3,4.530217,239050.332114
0,1,2,3,4.529806,239014.560579
0,1,2,3,4.529396,238944.660234
0,1,2,3,4.528986,238834.275574
0,1,2,3,4.528575,238810.066701
0,1,2,3,4.528165,238792.037014
0,1,2,3,4.527755,238735.534131
0,1,2,3,4.527345,238720.228581
0,1,2,3,4.526935,238683.512960
0,1,2,3,4.526525,238603.436491
0,1,2,3,4.526116,238556.367895
0,1,2,3,4.525706,238514.617741
0,1,2,3,4.525296,238348.350698
0,1,2,3,4.524887,238328.513672
0,1,2,3,4.524477,238246.356213
0,1,2,3,4.524068,238242.082307
0,1,2,3,4.523659,238224.090074
0,1,2,3,4.523250,238203.805866
0,1,2,3,4.522840,238102.172284
0,1,2,3,4.522431,238079.519471
0,1,2,3,4.522022,238042.218648
0,1,2,3,4.521613,237826.420470
0,1,2,3,4.521204,237737.514865
0,1,2,3,4.520796,237729.224245
0,1,2,3,4.520387,237547.917543
0,1,2,3,4.519978,237537.610244
0,1,2,3,4.519570,237525.698818
0,1,2,3,4.519161,237481.460750
0,1,2,3,4.518753,237372.487602
0,1,2,3,4.518344,237310.311068
0,1,2,3,4.517936,237249.540176
0,1,2,3,4.517528,237196.402973
0,1,2,3,4.517120,237072.316020
0,1,2,3,4.516712,237046.014015
0,1,2,3,4.516304,237022.973831
0,1,2,3,4.515896,236929.302059
0,1,2,3,4.515488,236923.275896
0,1,2,3,4.515080,236814.646877
0,1,2,3,4.514673,236782.005049
0,1,2,3,4.514265,236659.114950
0,1,2,3,4.513858,236570.884638
0,1,2,3,4.513450,236550.036833
0,1,2,3,4.513043,236537.140397
0,1,2,3,4.512635,236430.076861
0,1,2,3,4.512228,236406.212505
0,1,2,3,4.511821,236366.423738
0,1,2,3,4.511414,236310.593664
0,1,2,3,4.511007,236153.302620
0,1,2,3,4.510600,236099.792296
0,1,2,3,4.510193,236045.616096
0,1,2,3,4.509786,235989.395701
0,1,2,3,4.509380,235989.339583
0,1,2,3,4.508973,235890.280154
0,1,2,3,4.508566,235829.075452
0,1,2,3,4.508160,235804.390529
0,1,2,3,4.507753,235762.916588
0,1,2,3,4.507347,235706.936748
0,1,2,3,4.506941,235698.454739
0,1,2,3,4.506534,235542.549758
0,1,2,3,4.506128,235537.239967
0,1,2,3,4.505722,235505.610175
0,1,2,3,4.505316,235372.703001
0,1,2,3,4.504910,235316.292874
0,1,2,3,4.504505,235278.206715
0,1,2,3,4.504099,235252.178672
0,1,2,3,4.503693,235250.840769
0,1,2,3,4.503287,235148.821742
0,1,2,3,4.502882,235008.555007
0,1,2,3,4.502476,234958.840310
0,1,2,3,4.502071,234944.749730
0,1,2,3,4.501666,234889.441123
0,1,2,3,4.501260,234887.331844
0,1,2,3,4.500855,234833.339443
0,1,2,3,4.500450,234830.307119
0,1,2,3,4.500045,234806.246281
0,1,2,3,4.499640,234797.085411
0,1,2,3,4.499235,234708.464558
0,1,2,3,4.498830,234698.144082
0,1,2,3,4.498426,234660.915844
0,1,2,3,4.498021,234541.115956
0,1,2,3,4.497616,234502.840061
0,1,2,3,4.497212,234493.961000
0,1,2,3,4.496807,234477.671064
0,1,2,3,4.496403,234438.574987
0,1,2,3,4.495999,234426.020476
0,1,2,3,4.495594,234398.190092
0,1,2,3,4.495190,234382.732679
0,1,2,3,4.494786,234269.189637
0,1,2,3,4.494382,234135.946604
0,1,2,3,4.493978,234107.237230
0,1,2,3,4.493574,234098.981097
0,1,2,3,4.493170,234031.878078
0,1,2,3,4.492767,233922.122762
0,1,2,3,4.492363,233873.935631
0,1,2,3,4.491959,233668.285808
0,1,2,3,4.491556,233635.613159
0,1,2,3,4.491152,233580.554736
0,1,2,3,4.490749,233577.838293
0,1,2,3,4.490346,233566.352108
0,1,2,3,4.489943,233544.780757
0,1,2,3,4.489539,233415.003664
0,1,2,3,4.489136,233277.615425
0,1,2,3,4.488733,233237.278958
0,1,2,3,4.488330,233193.569172
0,1,2,3,4.487927,233137.068622
0,1,2,3,4.487525,232910.767260
0,1,2,3,4.487122,232693.758780
0,1,2,3,4.486719,232549.697366
0,1,2,3,4.486317,232528.553199
0,1,2,3,4.485914,232521.476843
0,1,2,3,4.485512,232520.015256
0,1,2,3,4.485109,232504.456787
0,1,2,3,4.484707,232355.641409
0,1,2,3,4.484305,232298.161471
0,1,2,3,4.483903,232284.477912
0,1,2,3,4.483501,232241.198353
0,1,2,3,4.483099,232202.148095
0,1,2,3,4.482697,232188.854185
0,1,2,3,4.482295,232170.072167
0,1,2,3,4.481893,232119.546617
0,1,2,3,4.481491,232108.481564
0,1,2,3,4.481090,232096.929945
0,1,2,3,4.480688,232066.251022
0,1,2,3,4.480287,232010.248511
0,1,2,3,4.479885,231932.326623
0,1,2,3,4.479484,231817.596585
0,1,2,3,4.479083,231626.709430
0,1,2,3,4.478681,231534.291069
0,1,2,3,4.478280,231530.088620
0,1,2,3,4.477879,231528.222646
0,1,2,3,4.477478,231475.872841
0,1,2,3,4.477077,231469.141745
0,1,2,3,4.476677,231468.510743
0,1,2,3,4.476276,231460.572696
0,1,2,3,4.475875,231418.221263
0,1,2,3,4.475474,231412.693559
0,1,2,3,4.475074,231377.478843
0,1,2,3,4.474673,231284.249826
0,1,2,3,4.474273,231257.633432
0,1,2,3,4.473873,231136.246506
0,1,2,3,4.473472,231074.209530
0,1,2,3,4.473072,231026.559163
0,1,2,3,4.472672,230971.526308
0,1,2,3,4.472272,230735.561236
0,1,2,3,4.471872,230676.304906
0,1,2,3,4.471472,230601.651207
0,1,2,3,4.471072,230598.888709
0,1,2,3,4.470672,230565.544439
0,1,2,3,4.470273,230545.135434
0,1,2,3,4.469873,230406.476447
0,1,2,3,4.469473,230369.741017
0,1,2,3,4.469074,230353.389087
0,1,2,3,4.468675,230248.389364
0,1,2,3,4.468275,230242.483793
0,1,2,3,4.467876,230212.073125
0,1,2,3,4.467477,230177.076396
0,1,2,3,4.467078,230157.503300
0,1,2,3,4.466679,230153.418492
0,1,2,3,4.466280,230012.929247
0,1,2,3,4.465881,229927.939794
0,1,2,3,4.465482,229893.819692
0,1,2,3,4.465083,229887.544110
0,1,2,3,4.464684,229868.130408
0,1,2,3,4.464286,229840.340110
0,1,2,3,4.463887,229832.884408
0,1,2,3,4.463489,229763.232458
0,1,2,3,4.463090,229756.012777
0,1,2,3,4.462692,229754.571961
0,1,2,3,4.462294,229752.241898
0,1,2,3,4.461895,229504.781143
0,1,2,3,4.461497,229500.079892
0,1,2,3,4.461099,229416.397101
0,1,2,3,4.460701,229412.065910
0,1,2,3,4.460303,229369.252973
0,1,2,3,4.459905,229203.122849
0,1,2,3,4.459508,229187.649601
0,1,2,3,4.459110,229179.774470
0,1,2,3,4.458712,229145.089609
0,1,2,3,4.458315,229134.190608
0,1,2,3,4.457917,229117.470416
0,1,2,3,4.457520,229109.315548
0,1,2,3,4.457122,229034.391358
0,1,2,3,4.456725,228860.432051
0,1,2,3,4.456328,228830.928684
0,1,2,3,4.455931,228819.395813
0,1,2,3,4.455534,228774.179735
0,1,2,3,4.455137,228738.399360
0,1,2,3,4.454740,228699.333477
0,1,2,3,4.454343,228663.077805
0,1,2,3,4.453946,228613.938804
0,1,2,3,4.453549,228610.929155
0,1,2,3,4.453153,228585.518613
0,1,2,3,4.452756,228564.702008
0,1,2,3,4.452360,228552.169456
0,1,2,3,4.451963,228531.628620
0,1,2,3,4.451567,228486.018256
0,1,2,3,4.451171,228446.000667
0,1,2,3,4.450774,228380.235727
0,1,2,3,4.450378,228339.873680
0,1,2,3,4.449982,228312.715900
0,1,2,3,4.449586,228288.731700
0,1,2,3,4.449190,228230.234136
0,1,2,3,4.448794,228223.835443
0,1,2,3,4.448399,228205.913244
0,1,2,3,4.448003,228126.710677
0,1,2,3,4.447607,228118.571757
0,1,2,3,4.447212,228061.107532
0,1,2,3,4.446816,228005.332316
0,1,2,3,4.446421,227922.004928
0,1,2,3,4.446025,227905.721296
0,1,2,3,4.445630,227832.374010
0,1,2,3,4.445235,227799.202608
0,1,2,3,4.444840,227745.482269
0,1,2,3,4.444444,227724.783361
0,1,2,3,4.444049,227724.683792
0,1,2,3,4.443654,227635.329162
0,1,2,3,4.443260,227574.524520
0,1,2,3,4.442865,227482.702044
0,1,2,3,4.442470,227468.393148
0,1,2,3,4.442075,227431.645106
0,1,2,3,4.441681,227421.839878
0,1,2,3,4.441286,227414.145665
0,1,2,3,4.440892,227377.307444
0,1,2,3,4.440497,227370.646318
0,1,2,3,4.440103,227332.311883
0,1,2,3,4.439709,227315.552991
0,1,2,3,4.439315,227306.490971
0,1,2,3,4.438920,227216.371367
0,1,2,3,4.438526,227159.399683
0,1,2,3,4.438132,227108.672107
0,1,2,3,4.437739,227068.756700
0,1,2,3,4.437345,227058.516008
0,1,2,3,4.436951,227005.110266
0,1,2,3,4.436557,226999.222816
0,1,2,3,4.436164,226857.178417
0,1,2,3,4.435770,226851.490373
0,1,2,3,4.435377,226819.035684
0,1,2,3,4.434983,226794.879552
0,1,2,3,4.434590,226683.956705
0,1,2,3,4.434197,226666.909475
0,1,2,3,4.433803,226620.425189
0,1,2,3,4.433410,226511.331190
0,1,2,3,4.433017,226438.577143
0,1,2,3,4.432624,226410.181204
0,1,2,3,4.432231,226401.349428
0,1,2,3,4.431838,226364.240189
0,1,2,3,4.431446,226355.794939
0,1,2,3,4.431053,226279.659581
0,1,2,3,4.430660,226236.177990
0,1,2,3,4.430268,226217.582931
0,1,2,3,4.429875,226128.678547
0,1,2,3,4.429483,226011.864371
0,1,2,3,4.429090,226000.621823
0,1,2,3,4.428698,225932.479762
0,1,2,3,4.428306,225910.795451
0,1,2,3,4.427914,225859.834120
0,1,2,3,4.427521,225658.352579
0,1,2,3,4.427129,225633.217204
0,1,2,3,4.426737,225624.206584
0,1,2,3,4.426346,225601.191913
0,1,2,3,4.425954,225585.250376
0,1,2,3,4.425562,225573.212907
0,1,2,3,4.425170,225545.702091
0,1,2,3,4.424779,225518.200741
0,1,2,3,4.424387,225467.474110
0,1,2,3,4.423996,225459.706039
0,1,2,3,4.423604,225332.299407
0,1,2,3,4.423213,225206.472467
0,1,2,3,4.422822,225202.137140
0,1,2,3,4.422431,225174.923182
0,1,2,3,4.422039,225147.336554
0,1,2,3,4.421648,225139.244023
0,1,2,3,4.421257,225004.797364
0,1,2,3,4.420866,224903.305903
0,1,2,3,4.420476,224896.418637
0,1,2,3,4.420085,224878.518462
0,1,2,3,4.419694,224830.186622
0,1,2,3,4.419304,224770.606467
0,1,2,3,4.418913,224731.324853
0,1,2,3,4.418522,224730.277862
0,1,2,3,4.418132,224612.069282
0,1,2,3,4.417742,224593.713371
0,1,2,3,4.417351,224577.323513
0,1,2,3,4.416961,224553.854250
0,1,2,3,4.416571,224474.024963
0,1,2,3,4.416181,224395.940150
0,1,2,3,4.415791,224378.307351
0,1,2,3,4.415401,224359.179546
0,1,2,3,4.415011,224347.047677
0,1,2,3,4.414621,224277.626544
0,1,2,3,4.414231,224275.085721
0,1,2,3,4.413842,224273.046662
0,1,2,3,4.413452,224217.690022
0,1,2,3,4.413063,224181.788075
0,1,2,3,4.412673,224072.879541
0,1,2,3,4.412284,224071.640828
0,1,2,3,4.411894,224046.054911
0,1,2,3,4.411505,224026.001602
0,1,2,3,4.411116,224005.268576
0,1,2,3,4.410727,223977.244307
0,1,2,3,4.410338,223972.722964
0,1,2,3,4.409949,223942.444506
0,1,2,3,4.409560,223779.689729
0,1,2,3,4.409171,223743.649909
0,1,2,3,4.408782,223734.792155
0,1,2,3,4.408394,223725.646586
0,1,2,3,4.408005,223670.802938
0,1,2,3,4.407616,223484.607395
0,1,2,3,4.407228,223465.499022
0,1,2,3,4.406839,223297.272523
0,1,2,3,4.406451,223198.014157
0,1,2,3,4.406063,222954.858283
0,1,2,3,4.405675,222857.733246
0,1,2,3,4.405286,222818.234898
0,1,2,3,4.404898,222695.461369
0,1,2,3,4.404510,222611.062565
0,1,2,3,4.404122,222450.113210
0,1,2,3,4.403734,222411.978636
0,1,2,3,4.403347,222372.904122
0,1,2,3,4.402959,222354.857278
0,1,2,3,4.402571,222294.696918
0,1,2,3,4.402183,222266.888494
0,1,2,3,4.401796,222235.536711
0,1,2,3,4.401408,222195.179735
0,1,2,3,4.401021,222135.545875
0,1,2,3,4.400634,221996.432305
0,1,2,3,4.400246,221930.723462
0,1,2,3,4.399859,221896.119605
0,1,2,3,4.399472,221870.555822
0,1,2,3,4.399085,221863.785170
0,1,2,3,4.398698,221811.384970
0,1,2,3,4.398311,221797.563640
0,1,2,3,4.397924,221750.854521
0,1,2,3,4.397537,221698.673724
0,1,2,3,4.397151,221664.556916
0,1,2,3,4.396764,221582.632815
0,1,2,3,4.396377,221576.988592
0,1,2,3,4.395991,221484.652240
0,1,2,3,4.395604,221446.158161
0,1,2,3,4.395218,221424.321323
0,1,2,3,4.394832,221413.383906
0,1,2,3,4.394445,221284.468153
0,1,2,3,4.394059,221063.606527
0,1,2,3,4.393673,221061.958555
0,1,2,3,4.393287,221050.457525
0,1,2,3,4.392901,220937.048273
0,1,2,3,4.392515,220853.998608
0,1,2,3,4.392129,220850.616102
0,1,2,3,4.391744,220668.185146
0,1,2,3,4.391358,220616.735103
0,1,2,3,4.390972,220584.432041
0,1,2,3,4.390587,220564.257966
0,1,2,3,4.390201,220511.742168
0,1,2,3,4.389816,220500.567588
0,1,2,3,4.389430,220490.576940
0,1,2,3,4.389045,220461.284244
0,1,2,3,4.388660,220387.692380
0,1,2,3,4.388275,220382.663801
0,1,2,3,4.387889,220370.135584
0,1,2,3,4.387504,220312.511694
0,1,2,3,4.387119,220310.820544
0,1,2,3,4.386735,220261.094828
0,1,2,3,4.386350,220252.662592
0,1,2,3,4.385965,220208.994648
0,1,2,3,4.385580,220160.184928
0,1,2,3,4.385196,220127.942379
0,1,2,3,4.384811,219915.353276
0,1,2,3,4.384427,219859.904644
0,1,2,3,4.384042,219809.267269
0,1,2,3,4.383658,219789.988753
0,1,2,3,4.383273,219763.576120
0,1,2,3,4.382889,219736.872363
0,1,2,3,4.382505,219713.777123
0,1,2,3,4.382121,219533.705463
0,1,2,3,4.381737,219413.862615
0,1,2,3,4.381353,219376.608306
0,1,2,3,4.380969,219312.829028
0,1,2,3,4.380585,219311.641669
0,1,2,3,4.380201,219307.291684
0,1,2,3,4.379818,219209.983900
0,1,2,3,4.379434,219206.907908
0,1,2,3,4.379051,219171.292908
0,1,2,3,4.378667,219140.689415
0,1,2,3,4.378284,219124.308645
0,1,2,3,4.377900,219054.583181
0,1,2,3,4.377517,219050.508490
0,1,2,3,4.377134,218914.178431
0,1,2,3,4.376751,218894.457734
0,1,2,3,4.376368,218840.699628
0,1,2,3,4.375985,218806.839003
0,1,2,3,4.375602,218731.640598
0,1,2,3,4.375219,218722.134276
0,1,2,3,4.374836,218705.716168
0,1,2,3,4.374453,218690.329267
0,1,2,3,4.374071,218589.717218
0,1,2,3,4.373688,218589.407112
0,1,2,3,4.373305,218574.215971
0,1,2,3,4.372923,218567.733245
0,1,2,3,4.372540,218366.978318
0,1,2,3,4.372158,218361.928419
0,1,2,3,4.371776,218234.083972
0,1,2,3,4.371394,218175.085589
0,1,2,3,4.371011,218120.496158
0,1,2,3,4.370629,218100.269853
0,1,2,3,4.370247,218043.641435
0,1,2,3,4.369865,218001.132394
0,1,2,3,4.369484,217984.828663
0,1,2,3,4.369102,217969.199332
0,1,2,3,4.368720,217935.440463
0,1,2,3,4.368338,217888.706874
0,1,2,3,4.367957,217857.738336
0,1,2,3,4.367575,217841.774228
0,1,2,3,4.367194,217833.573713
0,1,2,3,4.366812,217717.445882
0,1,2,3,4.366431,217682.783890
0,1,2,3,4.366050,217668.245080
0,1,2,3,4.365668,217654.726392
0,1,2,3,4.365287,217485.222892
0,1,2,3,4.364906,217434.568406
0,1,2,3,4.364525,217332.860327
0,1,2,3,4.364144,217329.505846
0,1,2,3,4.363763,217292.978691
0,1,2,3,4.363382,217278.078824
0,1,2,3,4.363002,217209.737808
0,1,2,3,4.362621,217122.916579
0,1,2,3,4.362240,217063.319311
0,1,2,3,4.361860,217057.535598
0,1,2,3,4.361479,217024.256052
0,1,2,3,4.361099,217005.725997
0,1,2,3,4.360719,216921.873552
0,1,2,3,4.360338,216753.451773
0,1,2,3,4.359958,216650.032405
0,1,2,3,4.359578,216587.168167
0,1,2,3,4.359198,216587.108104
0,1,2,3,4.358818,216538.486686
0,1,2,3,4.358438,216492.344644
0,1,2,3,4.358058,216421.782353
0,1,2,3,4.357678,216393.739935
0,1,2,3,4.357298,216357.739465
0,1,2,3,4.356919,216196.918163
0,1,2,3,4.356539,216126.233068
0,1,2,3,4.356160,216124.747625
0,1,2,3,4.355780,216072.318372
0,1,2,3,4.355401,216053.746281
0,1,2,3,4.355021,216048.592316
0,1,2,3,4.354642,216047.229063
0,1,2,3,4.354263,216012.808763
0,1,2,3,4.353884,215968.820903
0,1,2,3,4.353505,215885.840818
0,1,2,3,4.353126,215876.004476
0,1,2,3,4.352747,215744.784860
0,1,2,3,4.352368,215725.710128
0,1,2,3,4.351989,215584.329427
0,1,2,3,4.351610,215481.193736
0,1,2,3,4.351231,215417.902547
0,1,2,3,4.350853,215394.027281
0,1,2,3,4.350474,215317.784557
0,1,2,3,4.350096,215244.116971
0,1,2,3,4.349717,215187.300718
0,1,2,3,4.349339,215153.828857
0,1,2,3,4.348961,215123.581616
0,1,2,3,4.348582,215122.057140
0,1,2,3,4.348204,215113.189706
0,1,2,3,4.347826,214959.823627
0,1,2,3,4.347448,214920.370737
0,1,2,3,4.347070,214704.691297
0,1,2,3,4.346692,214692.201289
0,1,2,3,4.346314,214635.887307
0,1,2,3,4.345937,214634.995717
0,1,2,3,4.345559,214525.537357
0,1,2,3,4.345181,214394.946889
0,1,2,3,4.344804,214373.439555
0,1,2,3,4.344426,214343.169839
0,1,2,3,4.344049,214300.503687
0,1,2,3,4.343671,214267.638915
0,1,2,3,4.343294,214213.421754
0,1,2,3,4.342917,214118.387244
0,1,2,3,4.342540,214059.912059
0,1,2,3,4.342162,213985.052150
0,1,2,3,4.341785,213938.887305
0,1,2,3,4.341408,213896.726415
0,1,2,3,4.341031,213815.518183
0,1,2,3,4.340655,213726.031285
0,1,2,3,4.340278,213644.386250
0,1,2,3,4.339901,213602.692284
0,1,2,3,4.339524,213560.457566
0,1,2,3,4.339148,213527.903297
0,1,2,3,4.338771,213514.523427
0,1,2,3,4.338395,213487.195450
0,1,2,3,4.338018,213367.662376
0,1,2,3,4.337642,213240.194126
0,1,2,3,4.337266,213088.987720
0,1,2,3,4.336890,213059.013522
0,1,2,3,4.336513,213030.230152
0,1,2,3,4.336137,213029.633706
0,1,2,3,4.335761,213026.500159
0,1,2,3,4.335385,213016.079022
0,1,2,3,4.335010,212996.439332
0,1,2,3,4.334634,212956.314052
0,1,2,3,4.334258,212895.067133
0,1,2,3,4.333882,212849.946448
0,1,2,3,4.333507,212808.468781
0,1,2,3,4.333131,212793.881325
0,1,2,3,4.332756,212793.381132
0,1,2,3,4.332380,212786.627993
0,1,2,3,4.332005,212784.697023
0,1,2,3,4.331630,212646.302870
0,1,2,3,4.331254,212624.889553
0,1,2,3,4.330879,212611.219405
0,1,2,3,4.330504,212587.424785
0,1,2,3,4.330129,212582.610237
0,1,2,3,4.329754,212513.339398
0,1,2,3,4.329379,212448.070852
0,1,2,3,4.329004,212358.753891
0,1,2,3,4.328630,212348.400206
0,1,2,3,4.328255,212263.786893
0,1,2,3,4.327880,212220.781563
0,1,2,3,4.327506,212163.826744
0,1,2,3,4.327131,212116.950340
0,1,2,3,4.326757,212061.572765
0,1,2,3,4.326382,212022.104173
0,1,2,3,4.326008,212011.675512
0,1,2,3,4.325634,211990.873094
0,1,2,3,4.325260,211848.139905
0,1,2,3,4.324885,211845.617683
0,1,2,3,4.324511,211827.751076
0,1,2,3,4.324137,211806.005695
0,1,2,3,4.323763,211716.298993
0,1,2,3,4.323390,211693.622456
0,1,2,3,4.323016,211683.662009
0,1,2,3,4.322642,211664.674951
0,1,2,3,4.322268,211597.754654
0,1,2,3,4.321895,211462.493552
0,1,2,3,4.321521,211456.536802
0,1,2,3,4.321148,211372.671599
0,1,2,3,4.320774,211353.128890
0,1,2,3,4.320401,211281.684448
0,1,2,3,4.320028,211248.724682
0,1,2,3,4.319654,211182.429939
0,1,2,3,4.319281,211061.501600
0,1,2,3,4.318908,211006.412133
0,1,2,3,4.318535,210873.547887
0,1,2,3,4.318162,210867.023236
0,1,2,3,4.317789,210846.275611
0,1,2,3,4.317416,210808.759005
0,1,2,3,4.317044,210806.879365
0,1,2,3,4.316671,210737.703059
0,1,2,3,4.316298,210725.731214
0,1,2,3,4.315926,210709.761412
0,1,2,3,4.315553,210643.032594
0,1,2,3,4.315181,210642.350263
0,1,2,3,4.314808,210641.429702
0,1,2,3,4.314436,210477.001322
0,1,2,3,4.314064,210464.430290
0,1,2,3,4.313692,210348.922200
0,1,2,3,4.313320,210341.749284
0,1,2,3,4.312947,210164.700685
0,1,2,3,4.312575,210096.808635
0,1,2,3,4.312204,210054.491242
0,1,2,3,4.311832,209995.153680
0,1,2,3,4.311460,209977.304910
0,1,2,3,4.311088,209908.217417
0,1,2,3,4.310716,209897.034821
0,1,2,3,4.310345,209890.951943
0,1,2,3,4.309973,209866.887058
0,1,2,3,4.309602,209807.638739
0,1,2,3,4.309230,209771.578620
0,1,2,3,4.308859,209761.255397
0,1,2,3,4.308488,209757.417602
0,1,2,3,4.308116,209750.750577
0,1,2,3,4.307745,209717.148338
0,1,2,3,4.307374,209623.256628
0,1,2,3,4.307003,209618.277228
0,1,2,3,4.306632,209616.103608
0,1,2,3,4.306261,209557.564308
0,1,2,3,4.305890,209547.887053
0,1,2,3,4.305520,209517.069544
0,1,2,3,4.305149,209319.787396
0,1,2,3,4.304778,209282.625147
0,1,2,3,4.304408,209272.900569
0,1,2,3,4.304037,209218.297847
0,1,2,3,4.303667,209164.699217
0,1,2,3,4.303296,209085.980393
0,1,2,3,4.302926,208921.493530
0,1,2,3,4.302556,208912.496592
0,1,2,3,4.302186,208901.213720
0,1,2,3,4.301815,208758.671510
0,1,2,3,4.301445,208741.956747
0,1,2,3,4.301075,208717.606709
0,1,2,3,4.300705,208693.663950
0,1,2,3,4.300335,208692.458915
0,1,2,3,4.299966,208588.811457
0,1,2,3,4.299596,208550.336533
0,1,2,3,4.299226,208482.458172
0,1,2,3,4.298857,208472.761724
0,1,2,3,4.298487,208401.722240
0,1,2,3,4.298117,208342.299594
0,1,2,3,4.297748,208028.317217
0,1,2,3,4.297379,207910.180900
0,1,2,3,4.297009,207840.752018
0,1,2,3,4.296640,207821.450110
0,1,2,3,4.296271,207785.777357
0,1,2,3,4.295902,207774.206387
0,1,2,3,4.295533,207679.107356
0,1,2,3,4.295164,207616.634853
0,1,2,3,4.294795,207600.040225
0,1,2,3,4.294426,207570.592205
0,1,2,3,4.294057,207498.089777
0,1,2,3,4.293688,207454.308088
0,1,2,3,4.293320,207408.866260
0,1,2,3,4.292951,207339.492577
0,1,2,3,4.292582,207334.040464
0,1,2,3,4.292214,207298.225958
0,1,2,3,4.291845,207294.326334
0,1,2,3,4.291477,207285.002822
0,1,2,3,4.291109,207267.317636
0,1,2,3,4.290741,207192.742901
0,1,2,3,4.290372,207186.052119
0,1,2,3,4.290004,207176.714825
0,1,2,3,4.289636,207133.179409
0,1,2,3,4.289268,207116.866088
0,1,2,3,4.288900,206964.230236
0,1,2,3,4.288532,206960.399358
0,1,2,3,4.288165,206913.809464
0,1,2,3,4.287797,206851.016946
0,1,2,3,4.287429,206844.191000
0,1,2,3,4.287062,206741.493756
0,1,2,3,4.286694,206672.371559
0,1,2,3,4.286327,206608.229294
0,1,2,3,4.285959,206514.954554
0,1,2,3,4.285592,206510.301459
0,1,2,3,4.285225,206496.369668
0,1,2,3,4.284857,206442.297336
0,1,2,3,4.284490,206438.528543
0,1,2,3,4.284123,206391.543869
0,1,2,3,4.283756,206327.662039
0,1,2,3,4.283389,206327.339264
0,1,2,3,4.283022,206101.727841
0,1,2,3,4.282655,206034.401247
0,1,2,3,4.282288,205979.907308
0,1,2,3,4.281922,205919.478046
0,1,2,3,4.281555,205902.564179
0,1,2,3,4.281188,205775.719348
0,1,2,3,4.280822,205762.269174
0,1,2,3,4.280455,205755.088401
0,1,2,3,4.280089,205749.509624
0,1,2,3,4.279723,205743.609057
0,1,2,3,4.279356,205684.478449
0,1,2,3,4.278990,205652.759504
0,1,2,3,4.278624,205616.074195
0,1,2,3,4.278258,205445.838658
0,1,2,3,4.277892,205394.033674
0,1,2,3,4.277526,205352.677536
0,1,2,3,4.277160,205328.166225
0,1,2,3,4.276794,205248.951767
0,1,2,3,4.276428,205234.523771
0,1,2,3,4.276063,205132.840023
0,1,2,3,4.275697,205090.238998
0,1,2,3,4.275331,204805.968927
0,1,2,3,4.274966,204770.391521
0,1,2,3,4.274600,204572.604018
0,1,2,3,4.274235,204494.611151
0,1,2,3,4.273870,204489.466189
0,1,2,3,4.273504,204468.937083
0,1,2,3,4.273139,204460.797787
0,1,2,3,4.272774,204451.394480
0,1,2,3,4.272409,204405.845872
0,1,2,3,4.272044,204388.779106
0,1,2,3,4.271679,204387.648769
0,1,2,3,4.271314,204364.452971
0,1,2,3,4.270949,204349.354360
0,1,2,3,4.270584,204308.231723
0,1,2,3,4.270219,204300.058165
0,1,2,3,4.269855,204113.735792
0,1,2,3,4.269490,204088.217035
0,1,2,3,4.269126,204078.791410
0,1,2,3,4.268761,204015.599373
0,1,2,3,4.268397,203998.878870
0,1,2,3,4.268032,203905.671145
0,1,2,3,4.267668,203805.332447
0,1,2,3,4.267304,203572.563613
0,1,2,3,4.266940,203562.307712
0,1,2,3,4.266576,203523.356942
0,1,2,3,4.266212,203481.831783
0,1,2,3,4.265848,203370.479957
0,1,2,3,4.265484,203352.769925
0,1,2,3,4.265120,203233.973182
0,1,2,3,4.264756,203222.439356
0,1,2,3,4.264392,203163.267165
0,1,2,3,4.264029,203089.961249
0,1,2,3,4.263665,203050.003875
0,1,2,3,4.263302,203033.582513
0,1,2,3,4.262938,202948.929352
0,1,2,3,4.262575,202924.380376
0,1,2,3,4.262211,202916.207096
0,1,2,3,4.261848,202818.913955
0,1,2,3,4.261485,202815.303866
0,1,2,3,4.261122,202663.153191
0,1,2,3,4.260758,202582.062947
0,1,2,3,4.260395,202435.919671
0,1,2,3,4.260032,202409.408744
0,1,2,3,4.259669,202389.961938
0,1,2,3,4.259307,202378.677254
0,1,2,3,4.258944,202369.515932
0,1,2,3,4.258581,202289.156388
0,1,2,3,4.258218,202267.627627
0,1,2,3,4.257856,202187.282036
0,1,2,3,4.257493,202132.521243
0,1,2,3,4.257131,202098.957420
0,1,2,3,4.256768,202086.814149
0,1,2,3,4.256406,202066.341602
0,1,2,3,4.256044,202049.452515
0,1,2,3,4.255681,201922.974286
0,1,2,3,4.255319,201872.773507
0,1,2,3,4.254957,201823.219176
0,1,2,3,4.254595,201799.382890
0,1,2,3,4.254233,201785.744027
0,1,2,3,4.253871,201776.564835
0,1,2,3,4.253509,201693.682867
0,1,2,3,4.253147,201638.227282
0,1,2,3,4.252786,201589.134058
0,1,2,3,4.252424,201550.205358
0,1,2,3,4.252062,201513.989344
0,1,2,3,4.251701,201433.045254
0,1,2,3,4.251339,201373.061970
0,1,2,3,4.250978,201314.254371
0,1,2,3,4.250616,201267.622094
0,1,2,3,4.250255,201251.579968
0,1,2,3,4.249894,201250.999325
0,1,2,3,4.249533,201238.526239
0,1,2,3,4.249171,201234.417834
0,1,2,3,4.248810,201040.638964
0,1,2,3,4.248449,200968.599537
0,1,2,3,4.248088,200882.120753
0,1,2,3,4.247727,200872.387133
0,1,2,3,4.247367,200817.650316
0,1,2,3,4.247006,200815.699446
0,1,2,3,4.246645,200756.618868
0,1,2,3,4.246285,200701.114559
0,1,2,3,4.245924,200676.874838
0,1,2,3,4.245563,200575.881463
0,1,2,3,4.245203,200564.257074
0,1,2,3,4.244843,200535.299166
0,1,2,3,4.244482,200524.396717
0,1,2,3,4.244122,200523.822490
0,1,2,3,4.243762,200485.850534
0,1,2,3,4.243402,200479.171951
0,1,2,3,4.243041,200412.750520
0,1,2,3,4.242681,200368.933197
0,1,2,3,4.242321,200362.985723
0,1,2,3,4.241961,200226.936543
0,1,2,3,4.241602,200098.270873
0,1,2,3,4.241242,200060.274268
0,1,2,3,4.240882,200058.534029
0,1,2,3,4.240522,199791.070737
0,1,2,3,4.240163,199774.160729
0,1,2,3,4.239803,199747.378462
0,1,2,3,4.239444,199637.359904
0,1,2,3,4.239084,199598.721535
0,1,2,3,4.238725,199581.044101
0,1,2,3,4.238366,199578.821766
0,1,2,3,4.238006,199556.805598
0,1,2,3,4.237647,199415.539127
0,1,2,3,4.237288,199400.590012
0,1,2,3,4.236929,199350.704388
0,1,2,3,4.236570,199343.862970
0,1,2,3,4.236211,199293.550205
0,1,2,3,4.235852,199292.232771
0,1,2,3,4.235493,199169.117759
0,1,2,3,4.235135,199150.201511
0,1,2,3,4.234776,199138.722491
0,1,2,3,4.234417,199088.984446
0,1,2,3,4.234059,199068.229364
0,1,2,3,4.233700,198993.783005
0,1,2,3,4.233342,198931.131094
0,1,2,3,4.232983,198926.129307
0,1,2,3,4.232625,198886.120672
0,1,2,3,4.232267,198836.483755
0,1,2,3,4.231909,198832.389876
0,1,2,3,4.231550,198786.810209
0,1,2,3,4.231192,198622.724865
0,1,2,3,4.230834,198468.968023
0,1,2,3,4.230476,198453.211255
0,1,2,3,4.230118,198118.218353
0,1,2,3,4.229761,198074.292574
0,1,2,3,4.229403,198007.448869
0,1,2,3,4.229045,197876.213863
0,1,2,3,4.228687,197807.454234
0,1,2,3,4.228330,197792.450009
0,1,2,3,4.227972,197767.515201
0,1,2,3,4.227615,197744.308715
0,1,2,3,4.227257,197564.537155
0,1,2,3,4.226900,197512.397170
0,1,2,3,4.226543,197477.339056
0,1,2,3,4.226185,197476.174988
0,1,2,3,4.225828,197443.309535
0,1,2,3,4.225471,197421.239592
0,1,2,3,4.225114,197395.961751
0,1,2,3,4.224757,197372.768789
0,1,2,3,4.224400,197303.795596
0,1,2,3,4.224043,197175.374033
0,1,2,3,4.223686,197130.642717
0,1,2,3,4.223330,197089.334236
0,1,2,3,4.222973,196940.085170
0,1,2,3,4.222616,196923.008673
0,1,2,3,4.222260,196875.231416
0,1,2,3,4.221903,196845.034199
0,1,2,3,4.221547,196823.276605
0,1,2,3,4.221190,196815.116528
0,1,2,3,4.220834,196810.797518
0,1,2,3,4.220478,196788.979095
0,1,2,3,4.220122,196718.666043
0,1,2,3,4.219765,196662.874294
0,1,2,3,4.219409,196609.958907
0,1,2,3,4.219053,196481.372303
0,1,2,3,4.218697,196454.128330
0,1,2,3,4.218341,196378.057150
0,1,2,3,4.217985,196372.158653
0,1,2,3,4.217630,196333.456054
0,1,2,3,4.217274,196286.916489
0,1,2,3,4.216918,196217.431070
0,1,2,3,4.216563,196160.074679
0,1,2,3,4.216207,196077.350759
0,1,2,3,4.215852,196021.314515
0,1,2,3,4.215496,196018.365175
0,1,2,3,4.215141,195957.291496
0,1,2,3,4.214785,195944.688964
0,1,2,3,4.214430,195857.356694
0,1,2,3,4.214075,195803.570670
0,1,2,3,4.213720,195789.812821
0,1,2,3,4.213365,195789.311661
0,1,2,3,4.213010,195694.892020
0,1,2,3,4.212655,195635.972182
0,1,2,3,4.212300,195619.760334
0,1,2,3,4.211945,195451.421945
0,1,2,3,4.211590,195403.102860
0,1,2,3,4.211236,195353.492143
0,1,2,3,4.210881,195280.924690
0,1,2,3,4.210526,195278.174650
0,1,2,3,4.210172,195251.361228
0,1,2,3,4.209817,195107.599229
0,1,2,3,4.209463,195105.451172
0,1,2,3,4.209109,195096.126572
0,1,2,3,4.208754,195072.958597
0,1,2,3,4.208400,195032.478784
0,1,2,3,4.208046,194834.361928
0,1,2,3,4.207692,194808.471593
0,1,2,3,4.207338,194670.161153
0,1,2,3,4.206984,194644.625315
0,1,2,3,4.206630,194607.925125
0,1,2,3,4.206276,194569.178179
0,1,2,3,4.205922,194372.079952
0,1,2,3,4.205568,194078.970724
0,1,2,3,4.205214,193966.431939
0,1,2,3,4.204861,193954.292048
0,1,2,3,4.204507,193931.414244
0,1,2,3,4.204154,193911.573772
0,1,2,3,4.203800,193829.460056
0,1,2,3,4.203447,193816.816982
0,1,2,3,4.203093,193741.130572
0,1,2,3,4.202740,193677.527043
0,1,2,3,4.202387,193651.486521
0,1,2,3,4.202034,193623.219579
0,1,2,3,4.201681,193553.451581
0,1,2,3,4.201328,193546.557117
0,1,2,3,4.200975,193493.096699
0,1,2,3,4.200622,193474.814360
0,1,2,3,4.200269,193470.141116
0,1,2,3,4.199916,193266.547486
0,1,2,3,4.199563,193241.926154
0,1,2,3,4.199211,193239.915964
0,1,2,3,4.198858,193115.889660
0,1,2,3,4.198505,193111.231594
0,1,2,3,4.198153,193076.818869
0,1,2,3,4.197800,193003.948215
0,1,2,3,4.197448,192976.065315
0,1,2,3,4.197096,192972.112386
0,1,2,3,4.196743,192852.139264
0,1,2,3,4.196391,192806.864558
0,1,2,3,4.196039,192786.973876
0,1,2,3,4.195687,192772.438963
0,1,2,3,4.195335,192763.766116
0,1,2,3,4.194983,192759.840476
0,1,2,3,4.194631,192747.307696
0,1,2,3,4.194279,192642.275208
0,1,2,3,4.193927,192524.310042
0,1,2,3,4.193575,192485.018098
0,1,2,3,4.193224,192447.608796
0,1,2,3,4.192872,192447.274912
0,1,2,3,4.192521,192446.356705
0,1,2,3,4.192169,192436.552572
0,1,2,3,4.191818,192409.514118
0,1,2,3,4.191466,192350.172208
0,1,2,3,4.191115,192330.256989
0,1,2,3,4.190764,192246.604391
0,1,2,3,4.190412,192237.549086
0,1,2,3,4.190061,192210.441286
0,1,2,3,4.189710,192146.511480
0,1,2,3,4.189359,192110.314931
0,1,2,3,4.189008,192085.348813
0,1,2,3,4.188657,192043.986208
0,1,2,3,4.188306,191910.958974
0,1,2,3,4.187955,191886.155348
0,1,2,3,4.187605,191883.936374
0,1,2,3,4.187254,191862.591672
0,1,2,3,4.186903,191857.522305
0,1,2,3,4.186553,191852.862000
0,1,2,3,4.186202,191819.607645
0,1,2,3,4.185852,191818.414638
0,1,2,3,4.185501,191798.549357
0,1,2,3,4.185151,191577.171347
0,1,2,3,4.184801,191530.961501
0,1,2,3,4.184451,191414.332450
0,1,2,3,4.184100,191401.714321
0,1,2,3,4.183750,191326.511779
0,1,2,3,4.183400,191304.940648
0,1,2,3,4.183050,191247.729961
0,1,2,3,4.182700,191034.242924
0,1,2,3,4.182350,191009.891973
0,1,2,3,4.182001,191007.374134
0,1,2,3,4.181651,190976.415517
0,1,2,3,4.181301,190930.061136
0,1,2,3,4.180952,190897.331298
0,1,2,3,4.180602,190890.454121
0,1,2,3,4.180252,190832.823303
0,1,2,3,4.179903,190778.266403
0,1,2,3,4.179554,190767.206985
0,1,2,3,4.179204,190635.388154
0,1,2,3,4.178855,190551.699663
0,1,2,3,4.178506,190491.365581
0,1,2,3,4.178157,190384.017856
0,1,2,3,4.177807,190371.766777
0,1,2,3,4.177458,190371.147679
0,1,2,3,4.177109,190340.357336
0,1,2,3,4.176761,190307.989720
0,1,2,3,4.176412,190230.705630
0,1,2,3,4.176063,190186.082907
0,1,2,3,4.175714,190182.966523
0,1,2,3,4.175365,190172.690529
0,1,2,3,4.175017,190164.421635
0,1,2,3,4.174668,190114.610240
0,1,2,3,4.174320,190103.784626
0,1,2,3,4.173971,190069.114849
0,1,2,3,4.173623,190016.337069
0,1,2,3,4.173274,189973.630056
0,1,2,3,4.172926,189970.271374
0,1,2,3,4.172578,189866.837070
0,1,2,3,4.172230,189807.900064
0,1,2,3,4.171882,189788.674452
0,1,2,3,4.171533,189779.799132
0,1,2,3,4.171185,189764.331099
0,1,2,3,4.170838,189752.295470
0,1,2,3,4.170490,189604.732602
0,1,2,3,4.170142,189580.018697
0,1,2,3,4.169794,189512.770948
0,1,2,3,4.169446,189481.749269
0,1,2,3,4.169099,189413.483416
0,1,2,3,4.168751,189329.949244
0,1,2,3,4.168404,189314.287900
0,1,2,3,4.168056,189271.780750
0,1,2,3,4.167709,189233.719301
0,1,2,3,4.167361,189195.020276
0,1,2,3,4.167014,189153.216364
0,1,2,3,4.166667,189108.114162
0,1,2,3,4.166319,189039.455943
0,1,2,3,4.165972,188980.738893
0,1,2,3,4.165625,188906.340027
0,1,2,3,4.165278,188780.366675
0,1,2,3,4.164931,188742.982015
0,1,2,3,4.164584,188724.525271
0,1,2,3,4.164238,188447.134521
0,1,2,3,4.163891,188381.963153
0,1,2,3,4.163544,188346.026018
0,1,2,3,4.163197,188216.454964
0,1,2,3,4.162851,188153.769978
0,1,2,3,4.162504,188131.758497
0,1,2,3,4.162158,188104.203044
0,1,2,3,4.161811,188065.574986
0,1,2,3,4.161465,188059.932347
0,1,2,3,4.161119,188038.483545
0,1,2,3,4.160772,188033.128186
0,1,2,3,4.160426,187840.582687
0,1,2,3,4.160080,187798.605691
0,1,2,3,4.159734,187771.695585
0,1,2,3,4.159388,187758.803476
0,1,2,3,4.159042,187710.165392
0,1,2,3,4.158696,187601.621847
0,1,2,3,4.158350,187561.802095
0,1,2,3,4.158004,187531.940537
0,1,2,3,4.157658,187528.369725
0,1,2,3,4.157313,187500.357433
0,1,2,3,4.156967,187472.820089
0,1,2,3,4.156621,187471.941262
0,1,2,3,4.156276,187435.552551
0,1,2,3,4.155931,187328.216814
0,1,2,3,4.155585,187320.530253
0,1,2,3,4.155240,187304.889224
0,1,2,3,4.154894,187183.708497
0,1,2,3,4.154549,187168.445055
0,1,2,3,4.154204,187027.264705
0,1,2,3,4.153859,186907.571167
0,1,2,3,4.153514,186848.146919
0,1,2,3,4.153169,186835.212603
0,1,2,3,4.152824,186795.774867
0,1,2,3,4.152479,186730.221273
0,1,2,3,4.152134,186562.265456
0,1,2,3,4.151789,186506.488875
0,1,2,3,4.151445,186503.706802
0,1,2,3,4.151100,186436.607967
0,1,2,3,4.150755,186386.799061
0,1,2,3,4.150411,186365.598743
0,1,2,3,4.150066,186221.560625
0,1,2,3,4.149722,186178.099987
0,1,2,3,4.149378,186174.724828
0,1,2,3,4.149033,186140.171902
0,1,2,3,4.148689,186050.796057
0,1,2,3,4.148345,186020.772204
0,1,2,3,4.148001,185894.215517
0,1,2,3,4.147657,185791.993041
0,1,2,3,4.147313,185753.186872
0,1,2,3,4.146969,185532.340070
0,1,2,3,4.146625,185431.293714
0,1,2,3,4.146281,185429.576082
0,1,2,3,4.145937,185423.628097
0,1,2,3,4.145593,185407.196235
0,1,2,3,4.145250,185366.461471
0,1,2,3,4.144906,185348.395573
0,1,2,3,4.144562,185343.691418
0,1,2,3,4.144219,185341.183654
0,1,2,3,4.143875,185325.450459
0,1,2,3,4.143532,185308.130268
0,1,2,3,4.143189,185275.678267
0,1,2,3,4.142845,185258.348905
0,1,2,3,4.142502,185144.254393
0,1,2,3,4.142159,185081.651215
0,1,2,3,4.141816,184998.200238
0,1,2,3,4.141473,184984.848868
0,1,2,3,4.141130,184899.544642
0,1,2,3,4.140787,184890.658860
0,1,2,3,4.140444,184850.383621
0,1,2,3,4.140101,184834.538027
0,1,2,3,4.139758,184765.463756
0,1,2,3,4.139416,184764.229491
0,1,2,3,4.139073,184709.325638
0,1,2,3,4.138730,184663.516793
0,1,2,3,4.138388,184602.726821
0,1,2,3,4.138045,184585.887250
0,1,2,3,4.137703,184578.246568
0,1,2,3,4.137360,184567.671422
0,1,2,3,4.137018,184539.550641
0,1,2,3,4.136676,184483.331042
0,1,2,3,4.136334,184398.111971
0,1,2,3,4.135991,184309.849837
0,1,2,3,4.135649,184309.641501
0,1,2,3,4.135307,184287.744457
0,1,2,3,4.134965,184183.630874
0,1,2,3,4.134623,184099.748467
0,1,2,3,4.134281,184090.607205
0,1,2,3,4.133940,183701.696801
0,1,2,3,4.133598,183694.298312
0,1,2,3,4.133256,183686.323177
0,1,2,3,4.132915,183655.559809
0,1,2,3,4.132573,183648.001282
0,1,2,3,4.132231,183609.156413
0,1,2,3,4.131890,183597.769417
0,1,2,3,4.131549,183575.181591
0,1,2,3,4.131207,183553.410508
0,1,2,3,4.130866,183531.395509
0,1,2,3,4.130525,183450.101216
0,1,2,3,4.130183,183430.631307
0,1,2,3,4.129842,183401.816237
0,1,2,3,4.129501,183354.592560
0,1,2,3,4.129160,183297.058160
0,1,2,3,4.128819,183253.514791
0,1,2,3,4.128478,183226.551305
0,1,2,3,4.128137,183201.882257
0,1,2,3,4.127797,183181.311305
0,1,2,3,4.127456,183164.532831
0,1,2,3,4.127115,183145.870866
0,1,2,3,4.126775,183121.120105
0,1,2,3,4.126434,183111.716382
0,1,2,3,4.126093,183108.413282
0,1,2,3,4.125753,183068.447263
0,1,2,3,4.125413,183004.408439
0,1,2,3,4.125072,182951.263090
0,1,2,3,4.124732,182919.356766
0,1,2,3,4.124392,182896.156823
0,1,2,3,4.124051,182877.568697
0,1,2,3,4.123711,182872.844095
0,1,2,3,4.123371,182845.312498
0,1,2,3,4.123031,182799.553101
0,1,2,3,4.122691,182673.780867
0,1,2,3,4.122351,182634.042000
0,1,2,3,4.122012,182566.334240
0,1,2,3,4.121672,182559.829481
0,1,2,3,4.121332,182524.716975
0,1,2,3,4.120992,182500.418757
0,1,2,3,4.120653,182468.924168
0,1,2,3,4.120313,182440.966797
0,1,2,3,4.119974,182416.759942
0,1,2,3,4.119634,182391.234274
0,1,2,3,4.119295,182159.948613
0,1,2,3,4.118955,182153.870609
0,1,2,3,4.118616,182110.222787
0,1,2,3,4.118277,181996.351591
0,1,2,3,4.117938,181914.433103
0,1,2,3,4.117599,181902.009917
0,1,2,3,4.117260,181901.080241
0,1,2,3,4.116921,181871.464140
0,1,2,3,4.116582,181851.601283
0,1,2,3,4.116243,181808.549812
0,1,2,3,4.115904,181802.505040
0,1,2,3,4.115565,181796.426871
0,1,2,3,4.115226,181719.542788
0,1,2,3,4.114888,181688.917370
0,1,2,3,4.114549,181688.783663
0,1,2,3,4.114210,181661.328560
0,1,2,3,4.113872,181619.458432
0,1,2,3,4.113534,181559.554783
0,1,2,3,4.113195,181558.548355
0,1,2,3,4.112857,181493.153949
0,1,2,3,4.112519,181418.145731
0,1,2,3,4.112180,181301.675088
0,1,2,3,4.111842,181279.859049
0,1,2,3,4.111504,181241.282148
0,1,2,3,4.111166,181207.474115
0,1,2,3,4.110828,181172.803457
0,1,2,3,4.110490,181117.136731
0,1,2,3,4.110152,181099.273824
0,1,2,3,4.109814,181085.833539
0,1,2,3,4.109476,181037.419472
0,1,2,3,4.109139,180891.036839
0,1,2,3,4.108801,180864.049334
0,1,2,3,4.108463,180827.413284
0,1,2,3,4.108126,180763.679247
0,1,2,3,4.107788,180745.077004
0,1,2,3,4.107451,180604.367915
0,1,2,3,4.107114,180599.001196
0,1,2,3,4.106776,180538.524796
0,1,2,3,4.106439,180440.335639
0,1,2,3,4.106102,180435.215936
0,1,2,3,4.105764,180418.143864
0,1,2,3,4.105427,180404.912114
0,1,2,3,4.105090,180395.556554
0,1,2,3,4.104753,180348.551683
0,1,2,3,4.104416,180334.475746
0,1,2,3,4.104079,180305.546433
0,1,2,3,4.103743,180251.180616
0,1,2,3,4.103406,180184.427814
0,1,2,3,4.103069,180084.762019
0,1,2,3,4.102732,180026.894729
0,1,2,3,4.102396,180019.808317
0,1,2,3,4.102059,180014.197154
0,1,2,3,4.101723,179928.876557
0,1,2,3,4.101386,179783.243249
0,1,2,3,4.101050,179779.477064
0,1,2,3,4.100714,179688.510760
0,1,2,3,4.100377,179659.652395
0,1,2,3,4.100041,179602.022879
0,1,2,3,4.099705,179600.437808
0,1,2,3,4.099369,179593.076893
0,1,2,3,4.099033,179498.047767
0,1,2,3,4.098697,179496.367951
0,1,2,3,4.098361,179462.756229
0,1,2,3,4.098025,179460.602818
0,1,2,3,4.097689,179443.357022
0,1,2,3,4.097353,179441.409228
0,1,2,3,4.097017,179409.941453
0,1,2,3,4.096682,179396.556842
0,1,2,3,4.096346,179341.470774
0,1,2,3,4.096010,179293.851713
0,1,2,3,4.095675,179250.389116
0,1,2,3,4.095340,179246.861917
0,1,2,3,4.095004,179234.154459
0,1,2,3,4.094669,179155.783461
0,1,2,3,4.094333,179114.247410
0,1,2,3,4.093998,179071.963661
0,1,2,3,4.093663,179050.113073
0,1,2,3,4.093328,179007.981045
0,1,2,3,4.092993,178981.533986
0,1,2,3,4.092658,178908.281121
0,1,2,3,4.092323,178839.375819
0,1,2,3,4.091988,178771.611840
0,1,2,3,4.091653,178723.239429
0,1,2,3,4.091318,178693.544255
0,1,2,3,4.090983,178651.783565
0,1,2,3,4.090649,178609.233513
0,1,2,3,4.090314,178584.566734
0,1,2,3,4.089980,178568.604580
0,1,2,3,4.089645,178548.410068
0,1,2,3,4.089311,178534.052274
0,1,2,3,4.088976,178464.167817
0,1,2,3,4.088642,178462.224076
0,1,2,3,4.088307,178449.079510
0,1,2,3,4.087973,178423.952587
0,1,2,3,4.087639,178230.286217
0,1,2,3,4.087305,178160.858424
0,1,2,3,4.086971,178124.533868
0,1,2,3,4.086637,178027.435042
0,1,2,3,4.086303,178019.538015
0,1,2,3,4.085969,178007.613299
0,1,2,3,4.085635,177961.587247
0,1,2,3,4.085301,177807.269053
0,1,2,3,4.084967,177686.210691
0,1,2,3,4.084634,177672.333034
0,1,2,3,4.084300,177662.648015
0,1,2,3,4.083966,177570.529458
0,1,2,3,4.083633,177456.480827
0,1,2,3,4.083299,177438.585685
0,1,2,3,4.082966,177425.322853
0,1,2,3,4.082632,177399.946615
0,1,2,3,4.082299,177383.050161
0,1,2,3,4.081966,177374.968439
0,1,2,3,4.081633,177241.490288
0,1,2,3,4.081299,177207.470798
0,1,2,3,4.080966,177165.535933
0,1,2,3,4.080633,177153.794606
0,1,2,3,4.080300,177141.653172
0,1,2,3,4.079967,177130.283350
0,1,2,3,4.079634,177104.698372
0,1,2,3,4.079302,177063.911879
0,1,2,3,4.078969,177027.874589
0,1,2,3,4.078636,176948.408176
0,1,2,3,4.078303,176929.025033
0,1,2,3,4.077971,176884.651403
0,1,2,3,4.077638,176811.803303
0,1,2,3,4.077306,176778.028332
0,1,2,3,4.076973,176756.428858
0,1,2,3,4.076641,176658.388998
0,1,2,3,4.076308,176525.410496
0,1,2,3,4.075976,176516.114122
0,1,2,3,4.075644,176505.328448
0,1,2,3,4.075312,176503.167858
0,1,2,3,4.074980,176457.604791
0,1,2,3,4.074648,176443.061573
0,1,2,3,4.074316,176363.885812
0,1,2,3,4.073984,176358.544941
0,1,2,3,4.073652,176352.093871
0,1,2,3,4.073320,176331.329635
0,1,2,3,4.072988,176313.692933
0,1,2,3,4.072656,176177.081771
0,1,2,3,4.072324,176141.325334
0,1,2,3,4.071993,176134.946178
0,1,2,3,4.071661,176012.987737
0,1,2,3,4.071330,175985.963466
0,1,2,3,4.070998,175785.142492
0,1,2,3,4.070667,175753.465370
0,1,2,3,4.070335,175731.268312
0,1,2,3,4.070004,175672.658736
0,1,2,3,4.069673,175584.502029
0,1,2,3,4.069342,175557.984355
0,1,2,3,4.069010,175455.357348
0,1,2,3,4.068679,175339.389321
0,1,2,3,4.068348,175316.130770
0,1,2,3,4.068017,175304.661341
0,1,2,3,4.067686,175199.886890
0,1,2,3,4.067355,175189.433003
0,1,2,3,4.067025,175136.499595
0,1,2,3,4.066694,174969.466542
0,1,2,3,4.066363,174956.120222
0,1,2,3,4.066032,174952.065703
0,1,2,3,4.065702,174846.255631
0,1,2,3,4.065371,174735.420015
0,1,2,3,4.065041,174703.917154
0,1,2,3,4.064710,174701.748489
0,1,2,3,4.064380,174690.730599
0,1,2,3,4.064049,174683.012839
0,1,2,3,4.063719,174661.395739
0,1,2,3,4.063389,174656.154510
0,1,2,3,4.063059,174616.015075
0,1,2,3,4.062729,174593.366675
0,1,2,3,4.062398,174576.857263
0,1,2,3,4.062068,174510.266779
0,1,2,3,4.061738,174458.812017
0,1,2,3,4.061408,174406.407155
0,1,2,3,4.061079,174378.089783
0,1,2,3,4.060749,174325.559811
0,1,2,3,4.060419,174311.700433
0,1,2,3,4.060089,174299.528288
0,1,2,3,4.059760,174274.165638
0,1,2,3,4.059430,174200.062838
0,1,2,3,4.059101,174198.307224
0,1,2,3,4.058771,174189.173316
0,1,2,3,4.058442,174095.830247
0,1,2,3,4.058112,174093.132436
0,1,2,3,4.057783,174023.596188
0,1,2,3,4.057454,173976.676285
0,1,2,3,4.057124,173931.920941
0,1,2,3,4.056795,173842.596289
0,1,2,3,4.056466,173762.219502
0,1,2,3,4.056137,173759.970579
0,1,2,3,4.055808,173691.364538
0,1,2,3,4.055479,173609.927712
0,1,2,3,4.055150,173597.358628
0,1,2,3,4.054821,173474.971341
0,1,2,3,4.054492,173474.721324
0,1,2,3,4.054164,173433.192756
0,1,2,3,4.053835,173425.786237
0,1,2,3,4.053506,173423.089952
0,1,2,3,4.053178,173319.927106
0,1,2,3,4.052849,173314.137493
0,1,2,3,4.052521,173274.762408
0,1,2,3,4.052192,173267.755812
0,1,2,3,4.051864,173264.116761
0,1,2,3,4.051536,173179.205189
0,1,2,3,4.051207,173129.581071
0,1,2,3,4.050879,173029.250542
0,1,2,3,4.050551,172995.723906
0,1,2,3,4.050223,172980.267670
0,1,2,3,4.049895,172959.711856
0,1,2,3,4.049567,172957.882431
0,1,2,3,4.049239,172893.815346
0,1,2,3,4.048911,172828.748197
0,1,2,3,4.048583,172807.331304
0,1,2,3,4.048255,172768.397697
0,1,2,3,4.047927,172742.905088
0,1,2,3,4.047600,172693.956409
0,1,2,3,4.047272,172685.789330
0,1,2,3,4.046945,172671.307781
0,1,2,3,4.046617,172661.296932
0,1,2,3,4.046290,172629.186613
0,1,2,3,4.045962,172629.176723
0,1,2,3,4.045635,172604.144314
0,1,2,3,4.045307,172594.441694
0,1,2,3,4.044980,172574.371795
0,1,2,3,4.044653,172340.196468
0,1,2,3,4.044326,172250.085664
0,1,2,3,4.043999,172153.876555
0,1,2,3,4.043672,172040.889521
0,1,2,3,4.043345,171972.893702
0,1,2,3,4.043018,171806.480114
0,1,2,3,4.042691,171769.912984
0,1,2,3,4.042364,171764.639131
0,1,2,3,4.042037,171698.563386
0,1,2,3,4.041710,171680.109913
0,1,2,3,4.041384,171673.267657
0,1,2,3,4.041057,171647.166389
0,1,2,3,4.040731,171632.019916
0,1,2,3,4.040404,171593.198630
0,1,2,3,4.040078,171572.657430
0,1,2,3,4.039751,171572.606815
0,1,2,3,4.039425,171560.691526
0,1,2,3,4.039098,171531.521362
0,1,2,3,4.038772,171392.026092
0,1,2,3,4.038446,171382.952650
0,1,2,3,4.038120,171272.397097
0,1,2,3,4.037794,171249.619798
0,1,2,3,4.037468,171173.600423
0,1,2,3,4.037142,171113.429474
0,1,2,3,4.036816,171100.556292
0,1,2,3,4.036490,171050.718040
0,1,2,3,4.036164,170987.563899
0,1,2,3,4.035838,170961.730812
0,1,2,3,4.035513,170877.109697
0,1,2,3,4.035187,170867.110761
0,1,2,3,4.034861,170829.260156
0,1,2,3,4.034536,170828.258958
0,1,2,3,4.034210,170713.264186
0,1,2,3,4.033885,170597.946626
0,1,2,3,4.033559,170585.909095
0,1,2,3,4.033234,170473.344391
0,1,2,3,4.032909,170456.925684
0,1,2,3,4.032583,170350.430907
0,1,2,3,4.032258,170349.466533
0,1,2,3,4.031933,170157.234695
0,1,2,3,4.031608,170148.371012
0,1,2,3,4.031283,169965.615020
0,1,2,3,4.030958,169821.854342
0,1,2,3,4.030633,169698.755445
0,1,2,3,4.030308,169650.386308
0,1,2,3,4.029983,169648.659552
0,1,2,3,4.029658,169578.526242
0,1,2,3,4.029334,169560.782364
0,1,2,3,4.029009,169505.354359
0,1,2,3,4.028684,169492.997880
0,1,2,3,4.028360,169419.932185
0,1,2,3,4.028035,169417.850602
0,1,2,3,4.027711,169358.264025
0,1,2,3,4.027386,169301.670479
0,1,2,3,4.027062,169280.073546
0,1,2,3,4.026738,169263.082821
0,1,2,3,4.026413,169258.944879
0,1,2,3,4.026089,169229.207425
0,1,2,3,4.025765,169101.051411
0,1,2,3,4.025441,169057.884486
0,1,2,3,4.025117,168968.402107
0,1,2,3,4.024793,168938.668407
0,1,2,3,4.024469,168849.823290
0,1,2,3,4.024145,168842.461581
0,1,2,3,4.023821,168821.637941
0,1,2,3,4.023497,168717.240104
0,1,2,3,4.023173,168707.352463
0,1,2,3,4.022850,168678.951556
0,1,2,3,4.022526,168639.049462
0,1,2,3,4.022203,168594.203143
0,1,2,3,4.021879,168554.049102
0,1,2,3,4.021556,168552.680288
0,1,2,3,4.021232,168530.450985
0,1,2,3,4.020909,168457.213333
0,1,2,3,4.020585,168405.588958
0,1,2,3,4.020262,168396.489705
0,1,2,3,4.019939,168174.652785
0,1,2,3,4.019616,168069.298232
0,1,2,3,4.019293,167923.834650
0,1,2,3,4.018970,167874.696139
0,1,2,3,4.018647,167829.296240
0,1,2,3,4.018324,167765.049550
0,1,2,3,4.018001,167754.631996
0,1,2,3,4.017678,167721.631343
0,1,2,3,4.017355,167637.610077
0,1,2,3,4.017032,167595.184612
0,1,2,3,4.016710,167563.675464
0,1,2,3,4.016387,167563.433430
0,1,2,3,4.016064,167442.728057
0,1,2,3,4.015742,167348.052181
0,1,2,3,4.015419,167315.732638
0,1,2,3,4.015097,167252.784475
0,1,2,3,4.014774,167171.391920
0,1,2,3,4.014452,167162.329126
0,1,2,3,4.014130,167148.497646
0,1,2,3,4.013807,167066.794982
0,1,2,3,4.013485,167048.806604
0,1,2,3,4.013163,167004.517425
0,1,2,3,4.012841,166984.286513
0,1,2,3,4.012519,166977.745489
0,1,2,3,4.012197,166977.332988
0,1,2,3,4.011875,166976.912145
0,1,2,3,4.011553,166891.907440
0,1,2,3,4.011231,166858.825473
0,1,2,3,4.010910,166769.213935
0,1,2,3,4.010588,166764.194369
0,1,2,3,4.010266,166707.557121
0,1,2,3,4.009945,166665.114795
0,1,2,3,4.009623,166654.236299
0,1,2,3,4.009302,166634.542337
0,1,2,3,4.008980,166570.803390
0,1,2,3,4.008659,166551.317501
0,1,2,3,4.008337,166517.994463
0,1,2,3,4.008016,166456.235528
0,1,2,3,4.007695,166442.949356
0,1,2,3,4.007374,166430.787704
0,1,2,3,4.007052,166380.887694
0,1,2,3,4.006731,166262.524632
0,1,2,3,4.006410,166257.161637
0,1,2,3,4.006089,166253.218463
0,1,2,3,4.005768,166222.943168
0,1,2,3,4.005447,166207.340144
0,1,2,3,4.005127,166193.420415
0,1,2,3,4.004806,166103.052406
0,1,2,3,4.004485,166055.835632
0,1,2,3,4.004164,165936.196552
0,1,2,3,4.003844,165841.860989
0,1,2,3,4.003523,165825.256871
0,1,2,3,4.003203,165823.371433
0,1,2,3,4.002882,165784.217401
0,1,2,3,4.002562,165769.390079
0,1,2,3,4.002241,165721.841184
0,1,2,3,4.001921,165681.346395
0,1,2,3,4.001601,165678.517620
0,1,2,3,4.001280,165674.613197
0,1,2,3,4.000960,165498.449329
0,1,2,3,4.000640,165316.399492
0,1,2,3,4.000320,165272.585971
0,1,2,3,4.000000,165222.158798
0,1,2,3,3.999680,165217.065193
0,1,2,3,3.999360,165147.296185
0,1,2,3,3.999040,164957.334308
0,1,2,3,3.998720,164917.501633
0,1,2,3,3.998401,164909.971661
0,1,2,3,3.998081,164866.545995
0,1,2,3,3.997761,164823.141278
0,1,2,3,3.997442,164785.992646
0,1,2,3,3.997122,164761.793647
0,1,2,3,3.996803,164687.021800
0,1,2,3,3.996483,164654.072878
0,1,2,3,3.996164,164563.095189
0,1,2,3,3.995844,164511.661876
0,1,2,3,3.995525,164481.211331
0,1,2,3,3.995206,164466.662303
0,1,2,3,3.994887,164415.277793
0,1,2,3,3.994567,164403.620288
0,1,2,3,3.994248,164358.650254
0,1,2,3,3.993929,164332.073151
0,1,2,3,3.993610,164173.664060
0,1,2,3,3.993291,164172.487591
0,1,2,3,3.992972,164158.216183
0,1,2,3,3.992654,164080.899230
0,1,2,3,3.992335,164062.334419
0,1,2,3,3.992016,164044.323473
0,1,2,3,3.991697,164003.617480
0,1,2,3,3.991379,164001.207637
0,1,2,3,3.991060,163990.889047
0,1,2,3,3.990741,163989.737195
0,1,2,3,3.990423,163955.098345
0,1,2,3,3.990105,163952.231811
0,1,2,3,3.989786,163929.309512
0,1,2,3,3.989468,163883.095034
0,1,2,3,3.989150,163809.349140
0,1,2,3,3.988831,163798.248530
0,1,2,3,3.988513,163740.786554
0,1,2,3,3.988195,163719.077611
0,1,2,3,3.987877,163648.063861
0,1,2,3,3.987559,163500.311733
0,1,2,3,3.987241,163472.697110
0,1,2,3,3.986923,163426.894345
0,1,2,3,3.986605,163421.352139
0,1,2,3,3.986287,163366.245032
0,1,2,3,3.985969,163353.275058
0,1,2,3,3.985652,163333.379400
0,1,2,3,3.985334,163273.580944
0,1,2,3,3.985016,163254.447488
0,1,2,3,3.984699,163178.330786
0,1,2,3,3.984381,163136.922229
0,1,2,3,3.984064,163136.431426
0,1,2,3,3.983746,163121.038677
0,1,2,3,3.983429,163051.183490
0,1,2,3,3.983112,162997.073006
0,1,2,3,3.982794,162975.857749
0,1,2,3,3.982477,162869.361064
0,1,2,3,3.982160,162833.727275
0,1,2,3,3.981843,162831.911520
0,1,2,3,3.981526,162831.076653
0,1,2,3,3.981209,162820.149469
0,1,2,3,3.980892,162787.393120
0,1,2,3,3.980575,162733.568725
0,1,2,3,3.980258,162713.025538
0,1,2,3,3.979941,162585.335122
0,1,2,3,3.979624,162573.743223
0,1,2,3,3.979308,162550.524050
0,1,2,3,3.978991,162452.755449
0,1,2,3,3.978674,162450.019129
0,1,2,3,3.978358,162398.379474
0,1,2,3,3.978041,162386.008542
0,1,2,3,3.977725,162351.756175
0,1,2,3,3.977408,162119.555289
0,1,2,3,3.977092,162096.018293
0,1,2,3,3.976776,161802.995697
0,1,2,3,3.976459,161777.430406
0,1,2,3,3.976143,161708.705489
0,1,2,3,3.975827,161625.523154
0,1,2,3,3.975511,161564.147871
0,1,2,3,3.975195,161524.403082
0,1,2,3,3.974879,161354.396886
0,1,2,3,3.974563,161323.967782
0,1,2,3,3.974247,161315.552373
0,1,2,3,3.973931,161313.370129
0,1,2,3,3.973615,161236.932648
0,1,2,3,3.973299,161222.515905
0,1,2,3,3.972984,161203.762892
0,1,2,3,3.972668,161188.121300
0,1,2,3,3.972352,161164.717394
0,1,2,3,3.972037,161161.818641
0,1,2,3,3.971721,161095.565064
0,1,2,3,3.971406,161085.817413
0,1,2,3,3.971090,161068.845227
0,1,2,3,3.970775,161066.207375
0,1,2,3,3.970460,161046.990594
0,1,2,3,3.970145,160963.606546
0,1,2,3,3.969829,160842.306797
0,1,2,3,3.969514,160841.432573
0,1,2,3,3.969199,160775.139821
0,1,2,3,3.968884,160773.889390
0,1,2,3,3.968569,160689.691197
0,1,2,3,3.968254,160683.927528
0,1,2,3,3.967939,160636.616864
0,1,2,3,3.967624,160524.420006
0,1,2,3,3.967309,160489.830625
0,1,2,3,3.966995,160450.071761
0,1,2,3,3.966680,160358.496149
0,1,2,3,3.966365,160340.152765
0,1,2,3,3.966051,160223.534746
0,1,2,3,3.965736,160101.060549
0,1,2,3,3.965422,160091.778922
0,1,2,3,3.965107,160075.391902
0,1,2,3,3.964793,160015.081726
0,1,2,3,3.964478,160009.129662
0,1,2,3,3.964164,159918.235370
0,1,2,3,3.963850,159896.016887
0,1,2,3,3.963535,159842.958362
0,1,2,3,3.963221,159792.740688
0,1,2,3,3.962907,159773.053657
0,1,2,3,3.962593,159745.335440
0,1,2,3,3.962279,159647.342144
0,1,2,3,3.961965,159631.394855
0,1,2,3,3.961651,159627.031347
0,1,2,3,3.961337,159553.646776
0,1,2,3,3.961024,159445.993506
0,1,2,3,3.960710,159437.527029
0,1,2,3,3.960396,159378.975427
0,1,2,3,3.960082,159350.736439
0,1,2,3,3.959769,159326.320503
0,1,2,3,3.959455,159315.295247
0,1,2,3,3.959142,159270.343765
0,1,2,3,3.958828,159239.787556
0,1,2,3,3.958515,159193.715377
0,1,2,3,3.958201,159186.558275
0,1,2,3,3.957888,159114.594219
0,1,2,3,3.957575,158919.110484
0,1,2,3,3.957262,158878.397585
0,1,2,3,3.956948,158867.895615
0,1,2,3,3.956635,158839.092735
0,1,2,3,3.956322,158827.280195
0,1,2,3,3.956009,158771.091035
0,1,2,3,3.955696,158702.219298
0,1,2,3,3.955383,158697.784092
0,1,2,3,3.955070,158677.364647
0,1,2,3,3.954758,158648.411280
0,1,2,3,3.954445,158644.780520
0,1,2,3,3.954132,158585.785816
0,1,2,3,3.953819,158527.189750
0,1,2,3,3.953507,158311.103931
0,1,2,3,3.953194,158258.851954
0,1,2,3,3.952882,158222.326097
0,1,2,3,3.952569,158217.762756
0,1,2,3,3.952257,158049.999014
0,1,2,3,3.951944,157995.797899
0,1,2,3,3.951632,157951.548237
0,1,2,3,3.951320,157887.421370
0,1,2,3,3.951008,157843.231319
0,1,2,3,3.950695,157758.724977
0,1,2,3,3.950383,157694.680873
0,1,2,3,3.950071,157650.566258
0,1,2,3,3.949759,157629.228718
0,1,2,3,3.949447,157600.662033
0,1,2,3,3.949135,157597.291541
0,1,2,3,3.948823,157513.446286
0,1,2,3,3.948511,157502.748090
0,1,2,3,3.948200,157485.099391
0,1,2,3,3.947888,157481.377298
0,1,2,3,3.947576,157410.532316
0,1,2,3,3.947265,157365.113562
0,1,2,3,3.946953,157180.339170
0,1,2,3,3.946641,157166.674093
0,1,2,3,3.946330,157157.376454
0,1,2,3,3.946018,157116.468138
0,1,2,3,3.945707,157068.153788
0,1,2,3,3.945396,157063.166351
0,1,2,3,3.945084,156978.812170
0,1,2,3,3.944773,156921.480831
0,1,2,3,3.944462,156882.973370
0,1,2,3,3.944151,156865.730510
0,1,2,3,3.943840,156832.223033
0,1,2,3,3.943529,156811.422966
0,1,2,3,3.943218,156801.021158
0,1,2,3,3.942907,156760.369063
0,1,2,3,3.942596,156665.948639
0,1,2,3,3.942285,156645.227651
0,1,2,3,3.941974,156639.555445
0,1,2,3,3.941663,156622.926129
0,1,2,3,3.941353,156612.992441
0,1,2,3,3.941042,156570.570900
0,1,2,3,3.940731,156486.065757
0,1,2,3,3.940421,156334.060401
0,1,2,3,3.940110,156330.390042
0,1,2,3,3.939800,156319.719586
0,1,2,3,3.939489,156317.794573
0,1,2,3,3.939179,156288.478471
0,1,2,3,3.938869,156235.041771
0,1,2,3,3.938558,156219.898819
0,1,2,3,3.938248,156134.054609
0,1,2,3,3.937938,156131.580352
0,1,2,3,3.937628,156096.624411
0,1,2,3,3.937318,156057.297174
0,1,2,3,3.937008,156050.182251
0,1,2,3,3.936698,155859.360266
0,1,2,3,3.936388,155830.500591
0,1,2,3,3.936078,155813.263278
0,1,2,3,3.935768,155810.657538
0,1,2,3,3.935458,155792.688723
0,1,2,3,3.935149,155724.927454
0,1,2,3,3.934839,155671.002114
0,1,2,3,3.934529,155547.036039
0,1,2,3,3.934220,155507.357615
0,1,2,3,3.933910,155476.516149
0,1,2,3,3.933601,155364.499166
0,1,2,3,3.933291,155331.967247
0,1,2,3,3.932982,155329.365394
0,1,2,3,3.932673,155171.503853
0,1,2,3,3.932363,155103.639803
0,1,2,3,3.932054,155071.684337
0,1,2,3,3.931745,155065.071845
0,1,2,3,3.931436,155044.856984
0,1,2,3,3.931127,154974.880867
0,1,2,3,3.930818,154935.274731
0,1,2,3,3.930509,154833.397369
0,1,2,3,3.930200,154801.134825
0,1,2,3,3.929891,154699.026904
0,1,2,3,3.929582,154696.969172
0,1,2,3,3.929273,154670.075777
0,1,2,3,3.928964,154653.558750
0,1,2,3,3.928656,154636.559802
0,1,2,3,3.928347,154619.372802
0,1,2,3,3.928038,154600.367691
0,1,2,3,3.927730,154595.832905
0,1,2,3,3.927421,154584.530507
0,1,2,3,3.927113,154444.089067
0,1,2,3,3.926804,154435.524139
0,1,2,3,3.926496,154418.695048
0,1,2,3,3.926188,154322.101392
0,1,2,3,3.925879,154317.917806
0,1,2,3,3.925571,154313.686908
0,1,2,3,3.925263,154245.162236
0,1,2,3,3.924955,154231.147399
0,1,2,3,3.924647,154225.813440
0,1,2,3,3.924339,154159.512683
0,1,2,3,3.924031,153960.781368
0,1,2,3,3.923723,153831.187980
0,1,2,3,3.923415,153791.346527
0,1,2,3,3.923107,153736.611276
0,1,2,3,3.922799,153693.028326
0,1,2,3,3.922492,153630.122913
0,1,2,3,3.922184,153619.769103
0,1,2,3,3.921876,153530.434135
0,1,2,3,3.921569,153521.415435
0,1,2,3,3.921261,153502.931430
0,1,2,3,3.920954,153472.201191
0,1,2,3,3.920646,153373.815472
0,1,2,3,3.920339,153222.396069
0,1,2,3,3.920031,153186.720571
0,1,2,3,3.919724,153159.495608
0,1,2,3,3.919417,153086.682677
0,1,2,3,3.919110,153072.729311
0,1,2,3,3.918802,153065.807493
0,1,2,3,3.918495,153054.595460
0,1,2,3,3.918188,153006.974490
0,1,2,3,3.917881,152928.956419
0,1,2,3,3.917574,152865.890624
0,1,2,3,3.917267,152855.070598
0,1,2,3,3.916960,152817.381103
0,1,2,3,3.916654,152752.173865
0,1,2,3,3.916347,152606.056877
0,1,2,3,3.916040,152547.008694
0,1,2,3,3.915733,152533.940610
0,1,2,3,3.915427,152514.881503
0,1,2,3,3.915120,152490.043205
0,1,2,3,3.914814,152477.505076
0,1,2,3,3.914507,152397.359585
0,1,2,3,3.914201,152391.698522
0,1,2,3,3.913894,152261.625308
0,1,2,3,3.913588,152233.154012
0,1,2,3,3.913282,152158.575676
0,1,2,3,3.912975,151980.481649
0,1,2,3,3.912669,151965.095315
0,1,2,3,3.912363,151920.898996
0,1,2,3,3.912057,151909.050402
0,1,2,3,3.911751,151887.613069
0,1,2,3,3.911445,151861.309067
0,1,2,3,3.911139,151822.663573
0,1,2,3,3.910833,151805.062269
0,1,2,3,3.910527,151767.582631
0,1,2,3,3.910221,151721.483088
0,1,2,3,3.909916,151671.108312
0,1,2,3,3.909610,151525.288585
0,1,2,3,3.909304,151514.557149
0,1,2,3,3.908999,151474.706713
0,1,2,3,3.908693,151445.226848
0,1,2,3,3.908387,151415.797130
0,1,2,3,3.908082,151394.473268
0,1,2,3,3.907776,151308.688585
0,1,2,3,3.907471,151219.427851
0,1,2,3,3.907166,151216.518720
0,1,2,3,3.906860,151156.872297
0,1,2,3,3.906555,151027.528479
0,1,2,3,3.906250,150929.396647
0,1,2,3,3.905945,150879.336586
0,1,2,3,3.905640,150864.118879
0,1,2,3,3.905335,150802.090141
0,1,2,3,3.905030,150686.460033
0,1,2,3,3.904725,150683.029921
0,1,2,3,3.904420,150621.143416
0,1,2,3,3.904115,150560.869131
0,1,2,3,3.903810,150530.796295
0,1,2,3,3.903505,150507.626542
0,1,2,3,3.903201,150481.076464
0,1,2,3,3.902896,150376.230537
0,1,2,3,3.902591,150370.595202
0,1,2,3,3.902287,150268.945010
0,1,2,3,3.901982,150262.646472
0,1,2,3,3.901678,150190.648978
0,1,2,3,3.901373,150032.220197
0,1,2,3,3.901069,149985.345653
0,1,2,3,3.900765,149939.631438
0,1,2,3,3.900460,149858.550854
0,1,2,3,3.900156,149828.031976
0,1,2,3,3.899852,149791.723202
0,1,2,3,3.899548,149667.029601
0,1,2,3,3.899244,149660.786052
0,1,2,3,3.898939,149646.528650
0,1,2,3,3.898635,149610.224504
0,1,2,3,3.898332,149498.623653
0,1,2,3,3.898028,149433.051199
0,1,2,3,3.897724,149393.141442
0,1,2,3,3.897420,149319.500367
0,1,2,3,3.897116,149252.658721
0,1,2,3,3.896812,149244.720855
0,1,2,3,3.896509,149196.871601
0,1,2,3,3.896205,149112.505497
0,1,2,3,3.895902,149063.427173
0,1,2,3,3.895598,149050.152953
0,1,2,3,3.895294,149043.950103
0,1,2,3,3.894991,148991.766065
0,1,2,3,3.894688,148975.609973
0,1,2,3,3.894384,148947.328909
0,1,2,3,3.894081,148914.094930
0,1,2,3,3.893778,148898.873293
0,1,2,3,3.893475,148871.270572
0,1,2,3,3.893171,148866.062515
0,1,2,3,3.892868,148809.447446
0,1,2,3,3.892565,148786.676949
0,1,2,3,3.892262,148550.198620
0,1,2,3,3.891959,148514.956784
0,1,2,3,3.891656,148285.565479
0,1,2,3,3.891353,148261.751271
0,1,2,3,3.891051,148224.974849
0,1,2,3,3.890748,148155.994649
0,1,2,3,3.890445,148102.021636
0,1,2,3,3.890142,147755.115704
0,1,2,3,3.889840,147675.808494
0,1,2,3,3.889537,147659.925446
0,1,2,3,3.889235,147585.808818
0,1,2,3,3.888932,147557.774271
0,1,2,3,3.888630,147520.909938
0,1,2,3,3.888327,147474.016048
0,1,2,3,3.888025,147414.040500
0,1,2,3,3.887723,147393.282289
0,1,2,3,3.887420,147388.608466
0,1,2,3,3.887118,147378.873781
0,1,2,3,3.886816,147220.620794
0,1,2,3,3.886514,147184.040168
0,1,2,3,3.886212,147082.562402
0,1,2,3,3.885910,147069.664215
0,1,2,3,3.885608,147056.890365
0,1,2,3,3.885306,147050.198982
0,1,2,3,3.885004,147010.961300
0,1,2,3,3.884702,147003.767363
0,1,2,3,3.884400,146986.286852
0,1,2,3,3.884099,146939.590112
0,1,2,3,3.883797,146805.056825
0,1,2,3,3.883495,146592.639755
0,1,2,3,3.883194,146533.014069
0,1,2,3,3.882892,146509.109063
0,1,2,3,3.882590,146277.614742
0,1,2,3,3.882289,146276.815065
0,1,2,3,3.881988,146224.420177
0,1,2,3,3.881686,146166.256253
0,1,2,3,3.881385,146144.054181
0,1,2,3,3.881084,146073.104714
0,1,2,3,3.880782,146071.843951
0,1,2,3,3.880481,146003.663008
0,1,2,3,3.880180,145954.293207
0,1,2,3,3.879879,145921.960107
0,1,2,3,3.879578,145903.332602
0,1,2,3,3.879277,145883.456743
0,1,2,3,3.878976,145796.481792
0,1,2,3,3.878675,145767.451714
0,1,2,3,3.878374,145731.805621
0,1,2,3,3.878073,145628.656871
0,1,2,3,3.877773,145445.080971
0,1,2,3,3.877472,145418.568924
0,1,2,3,3.877171,145295.168345
0,1,2,3,3.876871,145232.853428
0,1,2,3,3.876570,145221.441154
0,1,2,3,3.876269,145206.136253
0,1,2,3,3.875969,145129.283562
0,1,2,3,3.875669,145126.889726
0,1,2,3,3.875368,145087.907945
0,1,2,3,3.875068,145031.931632
0,1,2,3,3.874768,144992.898203
0,1,2,3,3.874467,144884.845335
0,1,2,3,3.874167,144854.558835
0,1,2,3,3.873867,144816.625095
0,1,2,3,3.873567,144810.060826
0,1,2,3,3.873267,144686.586340
0,1,2,3,3.872967,144662.725158
0,1,2,3,3.872667,144632.751590
0,1,2,3,3.872367,144631.925319
0,1,2,3,3.872067,144578.094508
0,1,2,3,3.871767,144528.624458
0,1,2,3,3.871467,144523.425423
0,1,2,3,3.871168,144417.950360
0,1,2,3,3.870868,144327.260592
0,1,2,3,3.870568,144292.819849
0,1,2,3,3.870269,144269.795121
0,1,2,3,3.869969,144240.773097
0,1,2,3,3.869670,144133.278134
0,1,2,3,3.869370,144129.556487
0,1,2,3,3.869071,144119.253787
0,1,2,3,3.868771,144115.598092
0,1,2,3,3.868472,144108.848995
0,1,2,3,3.868173,144102.588969
0,1,2,3,3.867873,144087.847192
0,1,2,3,3.867574,144065.965819
0,1,2,3,3.867275,144064.291148
0,1,2,3,3.866976,144045.187809
0,1,2,3,3.866677,144033.855431
0,1,2,3,3.866378,143937.049061
0,1,2,3,3.866079,143897.301900
0,1,2,3,3.865780,143879.864240
0,1,2,3,3.865481,143695.147387
0,1,2,3,3.865182,143580.935784
0,1,2,3,3.864884,143386.828718
0,1,2,3,3.864585,143381.054113
0,1,2,3,3.864286,143357.864002
0,1,2,3,3.863988,143341.745297
0,1,2,3,3.863689,143326.832445
0,1,2,3,3.863391,143198.442573
0,1,2,3,3.863092,143197.958599
0,1,2,3,3.862794,143161.603514
0,1,2,3,3.862495,143148.142582
0,1,2,3,3.862197,143134.877554
0,1,2,3,3.861899,143096.556685
0,1,2,3,3.861600,143009.745815
0,1,2,3,3.861302,142982.425991
0,1,2,3,3.861004,142954.084533
0,1,2,3,3.860706,142918.378394
0,1,2,3,3.860408,142865.540141
0,1,2,3,3.860110,142805.189076
0,1,2,3,3.859812,142747.097085
0,1,2,3,3.859514,142664.834223
0,1,2,3,3.859216,142643.612630
0,1,2,3,3.858918,142597.930010
0,1,2,3,3.858620,142532.054919
0,1,2,3,3.858322,142525.491014
0,1,2,3,3.858025,142521.505263
0,1,2,3,3.857727,142395.562200
0,1,2,3,3.857429,142318.981319
0,1,2,3,3.857132,142309.038971
0,1,2,3,3.856834,142303.079264
0,1,2,3,3.856537,142293.207571
0,1,2,3,3.856239,142229.234011
0,1,2,3,3.855942,142204.870762
0,1,2,3,3.855645,142173.336703
0,1,2,3,3.855347,142164.034719
0,1,2,3,3.855050,142079.888557
0,1,2,3,3.854753,141999.027381
0,1,2,3,3.854456,141919.286950
0,1,2,3,3.854159,141819.394189
0,1,2,3,3.853862,141815.190181
0,1,2,3,3.853565,141798.434603
0,1,2,3,3.853268,141749.005787
0,1,2,3,3.852971,141679.534923
0,1,2,3,3.852674,141656.322487
0,1,2,3,3.852377,141619.552375
0,1,2,3,3.852080,141604.400477
0,1,2,3,3.851783,141591.278192
0,1,2,3,3.851487,141520.402999
0,1,2,3,3.851190,141463.895240
0,1,2,3,3.850893,141190.864100
0,1,2,3,3.850597,141180.408749
0,1,2,3,3.850300,141171.234187
0,1,2,3,3.850004,141169.986021
0,1,2,3,3.849707,141141.835295
0,1,2,3,3.849411,141090.769611
0,1,2,3,3.849115,141044.389588
0,1,2,3,3.848818,141002.523160
0,1,2,3,3.848522,141000.561003
0,1,2,3,3.848226,140812.341014
0,1,2,3,3.847930,140790.100934
0,1,2,3,3.847634,140743.766991
0,1,2,3,3.847338,140705.058607
0,1,2,3,3.847042,140684.938678
0,1,2,3,3.846746,140620.973433
0,1,2,3,3.846450,140608.777243
0,1,2,3,3.846154,140567.942270
0,1,2,3,3.845858,140383.361313
0,1,2,3,3.845562,140362.869747
0,1,2,3,3.845266,140343.026046
0,1,2,3,3.844971,140328.778832
0,1,2,3,3.844675,140295.342297
0,1,2,3,3.844380,140154.525150
0,1,2,3,3.844084,140081.799570
0,1,2,3,3.843788,140042.538090
0,1,2,3,3.843493,140025.162426
0,1,2,3,3.843198,140022.670593
0,1,2,3,3.842902,139897.953034
0,1,2,3,3.842607,139884.777785
0,1,2,3,3.842312,139848.884863
0,1,2,3,3.842016,139795.655039
0,1,2,3,3.841721,139772.439016
0,1,2,3,3.841426,139755.753735
0,1,2,3,3.841131,139745.554810
0,1,2,3,3.840836,139729.799395
0,1,2,3,3.840541,139643.097761
0,1,2,3,3.840246,139524.347240
0,1,2,3,3.839951,139473.913520
0,1,2,3,3.839656,139396.029686
0,1,2,3,3.839361,139386.696956
0,1,2,3,3.839066,139342.866363
0,1,2,3,3.838772,139312.811925
0,1,2,3,3.838477,139103.800562
0,1,2,3,3.838182,139033.400598
0,1,2,3,3.837888,138901.674577
0,1,2,3,3.837593,138841.315170
0,1,2,3,3.837299,138743.758436
0,1,2,3,3.837004,138728.296242
0,1,2,3,3.836710,138724.956573
0,1,2,3,3.836415,138687.274345
0,1,2,3,3.836121,138670.060974
0,1,2,3,3.835827,138636.500618
0,1,2,3,3.835532,138585.445270
0,1,2,3,3.835238,138524.002515
0,1,2,3,3.834944,138517.611823
0,1,2,3,3.834650,138511.141642
0,1,2,3,3.834356,138453.054238
0,1,2,3,3.834062,138419.759804
0,1,2,3,3.833768,138390.126707
0,1,2,3,3.833474,138371.897692
0,1,2,3,3.833180,138344.226137
0,1,2,3,3.832886,138262.404522
0,1,2,3,3.832592,138246.942429
0,1,2,3,3.832299,138226.119372
0,1,2,3,3.832005,138193.301755
0,1,2,3,3.831711,138050.511656
0,1,2,3,3.831418,138021.791136
0,1,2,3,3.831124,137984.271336
0,1,2,3,3.830831,137945.475381
0,1,2,3,3.830537,137850.959195
0,1,2,3,3.830244,137773.740064
0,1,2,3,3.829950,137754.411768
0,1,2,3,3.829657,137704.171603
0,1,2,3,3.829364,137698.747785
0,1,2,3,3.829070,137688.074524
0,1,2,3,3.828777,137679.142520
0,1,2,3,3.828484,137610.856021
0,1,2,3,3.828191,137584.040723
0,1,2,3,3.827898,137217.479460
0,1,2,3,3.827605,137115.043107
0,1,2,3,3.827312,137084.310766
0,1,2,3,3.827019,137057.401859
0,1,2,3,3.826726,137057.044671
0,1,2,3,3.826433,137031.073455
0,1,2,3,3.826140,137026.863766
0,1,2,3,3.825847,136989.260146
0,1,2,3,3.825555,136921.753892
0,1,2,3,3.825262,136902.770252
0,1,2,3,3.824969,136811.828685
0,1,2,3,3.824677,136810.628641
0,1,2,3,3.824384,136774.269595
0,1,2,3,3.824092,136674.250947
0,1,2,3,3.823799,136653.150175
0,1,2,3,3.823507,136601.452453
0,1,2,3,3.823215,136585.192758
0,1,2,3,3.822922,136513.505425
0,1,2,3,3.822630,136494.247102
0,1,2,3,3.822338,136489.182641
0,1,2,3,3.822046,136408.882658
0,1,2,3,3.821753,136383.985972
0,1,2,3,3.821461,136243.436022
0,1,2,3,3.821169,136231.354129
0,1,2,3,3.820877,136228.828673
0,1,2,3,3.820585,136227.535603
0,1,2,3,3.820293,136223.899535
0,1,2,3,3.820002,136203.762620
0,1,2,3,3.819710,136166.810375
0,1,2,3,3.819418,136166.364533
0,1,2,3,3.819126,136160.245927
0,1,2,3,3.818834,136089.282289
0,1,2,3,3.818543,136048.768846
0,1,2,3,3.818251,136033.902003
0,1,2,3,3.817960,135890.087359
0,1,2,3,3.817668,135871.851616
0,1,2,3,3.817377,135767.341249
0,1,2,3,3.817085,135746.750796
0,1,2,3,3.816794,135702.128976
0,1,2,3,3.816503,135685.280005
0,1,2,3,3.816211,135652.616709
0,1,2,3,3.815920,135638.755153
0,1,2,3,3.815629,135634.757677
0,1,2,3,3.815338,135575.219600
0,1,2,3,3.815047,135548.103063
0,1,2,3,3.814755,135514.422968
0,1,2,3,3.814464,135502.732269
0,1,2,3,3.814173,135420.015539
0,1,2,3,3.813883,135417.887246
0,1,2,3,3.813592,135245.532045
0,1,2,3,3.813301,135226.164374
0,1,2,3,3.813010,135184.377060
0,1,2,3,3.812719,135147.138805
0,1,2,3,3.812429,135105.834788
0,1,2,3,3.812138,135046.558902
0,1,2,3,3.811847,134979.278388
0,1,2,3,3.811557,134902.054319
0,1,2,3,3.811266,134850.488229
0,1,2,3,3.810976,134832.367767
0,1,2,3,3.810685,134753.971449
0,1,2,3,3.810395,134737.072974
0,1,2,3,3.810104,134677.152475
0,1,2,3,3.809814,134668.150344
0,1,2,3,3.809524,134610.517805
0,1,2,3,3.809234,134521.754674
0,1,2,3,3.808943,134493.842021
0,1,2,3,3.808653,134412.307973
0,1,2,3,3.808363,134382.817387
0,1,2,3,3.808073,134367.784095
0,1,2,3,3.807783,134177.182946
0,1,2,3,3.807493,134134.459422
0,1,2,3,3.807203,134129.502923
0,1,2,3,3.806913,134122.094354
0,1,2,3,3.806624,134119.815876
0,1,2,3,3.806334,134104.332766
0,1,2,3,3.806044,134071.255096
0,1,2,3,3.805754,134012.576448
0,1,2,3,3.805465,134003.587964
0,1,2,3,3.805175,133972.183898
0,1,2,3,3.804885,133964.979632
0,1,2,3,3.804596,133910.291147
0,1,2,3,3.804306,133851.794167
0,1,2,3,3.804017,133843.001420
0,1,2,3,3.803728,133753.529119
0,1,2,3,3.803438,133730.352568
0,1,2,3,3.803149,133717.058996
0,1,2,3,3.802860,133704.995617
0,1,2,3,3.802571,133680.188198
0,1,2,3,3.802281,133617.005128
0,1,2,3,3.801992,133595.696972
0,1,2,3,3.801703,133590.607323
0,1,2,3,3.801414,133512.057306
0,1,2,3,3.801125,133486.561919
0,1,2,3,3.800836,133408.801927
0,1,2,3,3.800547,133350.068366
0,1,2,3,3.800258,133317.055032
0,1,2,3,3.799970,133283.751100
0,1,2,3,3.799681,133203.188425
0,1,2,3,3.799392,133144.804230
0,1,2,3,3.799103,133083.778860
0,1,2,3,3.798815,133077.650200
0,1,2,3,3.798526,133041.877621
0,1,2,3,3.798238,133008.407822
0,1,2,3,3.797949,132990.605852
0,1,2,3,3.797661,132968.945272
0,1,2,3,3.797372,132966.280320
0,1,2,3,3.797084,132957.465269
0,1,2,3,3.796796,132862.587285
0,1,2,3,3.796507,132713.177199
0,1,2,3,3.796219,132651.391644
0,1,2,3,3.795931,132639.361002
0,1,2,3,3.795643,132638.904692
0,1,2,3,3.795354,132512.797274
0,1,2,3,3.795066,132488.967784
0,1,2,3,3.794778,132451.546796
0,1,2,3,3.794490,132323.097012
0,1,2,3,3.794202,132313.366354
0,1,2,3,3.793915,132252.780229
0,1,2,3,3.793627,132183.793952
0,1,2,3,3.793339,132156.601527
0,1,2,3,3.793051,132130.858588
0,1,2,3,3.792763,131988.260273
0,1,2,3,3.792476,131979.912383
0,1,2,3,3.792188,131977.864556
0,1,2,3,3.791901,131927.999978
0,1,2,3,3.791613,131916.193821
0,1,2,3,3.791325,131888.627454
0,1,2,3,3.791038,131880.466897
0,1,2,3,3.790751,131859.114002
0,1,2,3,3.790463,131835.197491
0,1,2,3,3.790176,131810.343085
0,1,2,3,3.789889,131790.923216
0,1,2,3,3.789601,131784.033014
0,1,2,3,3.789314,131637.800764
0,1,2,3,3.789027,131402.632279
0,1,2,3,3.788740,131392.685813
0,1,2,3,3.788453,131387.367383
0,1,2,3,3.788166,131378.151699
0,1,2,3,3.787879,131326.844590
0,1,2,3,3.787592,131322.867564
0,1,2,3,3.787305,131321.724575
0,1,2,3,3.787018,131299.241911
0,1,2,3,3.786731,131291.072259
0,1,2,3,3.786445,131231.908911
0,1,2,3,3.786158,131183.168279
0,1,2,3,3.785871,131070.934862
0,1,2,3,3.785584,130999.718302
0,1,2,3,3.785298,130936.526665
0,1,2,3,3.785011,130922.736311
0,1,2,3,3.784725,130905.736123
0,1,2,3,3.784438,130897.890181
0,1,2,3,3.784152,130872.371897
0,1,2,3,3.783866,130869.835630
0,1,2,3,3.783579,130755.986298
0,1,2,3,3.783293,130686.454836
0,1,2,3,3.783007,130659.461501
0,1,2,3,3.782721,130595.856115
0,1,2,3,3.782434,130394.455072
0,1,2,3,3.782148,130352.997476
0,1,2,3,3.781862,130345.785561
0,1,2,3,3.781576,130269.788949
0,1,2,3,3.781290,130258.419706
0,1,2,3,3.781004,130245.244123
0,1,2,3,3.780718,130224.595468
0,1,2,3,3.780432,130116.485868
0,1,2,3,3.780147,130047.336962
0,1,2,3,3.779861,130040.049711
0,1,2,3,3.779575,130024.535812
0,1,2,3,3.779289,130021.735591
0,1,2,3,3.779004,130012.385989
0,1,2,3,3.778718,130003.589209
0,1,2,3,3.778433,129999.742536
0,1,2,3,3.778147,129907.003878
0,1,2,3,3.777862,129884.153395
0,1,2,3,3.777576,129807.989513
0,1,2,3,3.777291,129799.610252
0,1,2,3,3.777006,129669.501945
0,1,2,3,3.776720,129618.631383
0,1,2,3,3.776435,129599.396739
0,1,2,3,3.776150,129594.018371
0,1,2,3,3.775865,129522.908461
0,1,2,3,3.775580,129467.772419
0,1,2,3,3.775294,129390.472120
0,1,2,3,3.775009,129356.756935
0,1,2,3,3.774724,129354.031294
0,1,2,3,3.774439,129348.858507
0,1,2,3,3.774155,129344.142336
0,1,2,3,3.773870,129325.486634
0,1,2,3,3.773585,129304.138392
0,1,2,3,3.773300,129280.771815
0,1,2,3,3.773015,129244.434548
0,1,2,3,3.772731,129085.172301
0,1,2,3,3.772446,129076.330882
0,1,2,3,3.772161,128977.367505
0,1,2,3,3.771877,128773.048951
0,1,2,3,3.771592,128748.490015
0,1,2,3,3.771308,128620.858274
0,1,2,3,3.771023,128620.216060
0,1,2,3,3.770739,128522.687959
0,1,2,3,3.770455,128514.315956
0,1,2,3,3.770170,128489.541855
0,1,2,3,3.769886,128470.910372
0,1,2,3,3.769602,128451.588701
0,1,2,3,3.769318,128393.879380
0,1,2,3,3.769034,128301.402467
0,1,2,3,3.768750,128174.621245
0,1,2,3,3.768465,128170.599881
0,1,2,3,3.768181,128115.790891
0,1,2,3,3.767898,128081.947014
0,1,2,3,3.767614,128010.595587
0,1,2,3,3.767330,127986.192670
0,1,2,3,3.767046,127809.218456
0,1,2,3,3.766762,127744.625048
0,1,2,3,3.766478,127744.322614
0,1,2,3,3.766195,127649.307001
0,1,2,3,3.765911,127641.383449
0,1,2,3,3.765627,127580.958793
0,1,2,3,3.765344,127574.869914
0,1,2,3,3.765060,127558.076360
0,1,2,3,3.764777,127555.301283
0,1,2,3,3.764493,127550.527861
0,1,2,3,3.764210,127546.093657
0,1,2,3,3.763927,127352.416674
0,1,2,3,3.763643,127342.114026
0,1,2,3,3.763360,127340.515953
0,1,2,3,3.763077,127312.990745
0,1,2,3,3.762793,127190.798784
0,1,2,3,3.762510,126962.551614
0,1,2,3,3.762227,126934.023763
0,1,2,3,3.761944,126910.532264
0,1,2,3,3.761661,126900.763431
0,1,2,3,3.761378,126885.034217
0,1,2,3,3.761095,126879.185629
0,1,2,3,3.760812,126845.105121
0,1,2,3,3.760529,126822.534535
0,1,2,3,3.760247,126745.258663
0,1,2,3,3.759964,126734.765117
0,1,2,3,3.759681,126586.069329
0,1,2,3,3.759398,126515.714374
0,1,2,3,3.759116,126487.034007
0,1,2,3,3.758833,126414.417683
0,1,2,3,3.758551,126347.289788
0,1,2,3,3.758268,126301.539970
0,1,2,3,3.757986,126254.030169
0,1,2,3,3.757703,126241.945214
0,1,2,3,3.757421,126137.415098
0,1,2,3,3.757139,125975.390032
0,1,2,3,3.756856,125956.912201
0,1,2,3,3.756574,125876.292228
0,1,2,3,3.756292,125860.433469
0,1,2,3,3.756010,125852.274536
0,1,2,3,3.755727,125801.107011
0,1,2,3,3.755445,125774.442318
0,1,2,3,3.755163,125744.215899
0,1,2,3,3.754881,125692.426063
0,1,2,3,3.754599,125579.922617
0,1,2,3,3.754317,125528.593120
0,1,2,3,3.754036,125443.534146
0,1,2,3,3.753754,125219.124799
0,1,2,3,3.753472,125212.595554
0,1,2,3,3.753190,125196.862009
0,1,2,3,3.752909,125183.961019
0,1,2,3,3.752627,125019.535750
0,1,2,3,3.752345,124987.556079
0,1,2,3,3.752064,124874.954363
0,1,2,3,3.751782,124847.554673
0,1,2,3,3.751501,124839.657402
0,1,2,3,3.751219,124730.061330
0,1,2,3,3.750938,124720.049540
0,1,2,3,3.750656,124690.317104
0,1,2,3,3.750375,124658.992930
0,1,2,3,3.750094,124589.079816
0,1,2,3,3.749813,124583.109340
0,1,2,3,3.749531,124566.738830
0,1,2,3,3.749250,124468.652926
0,1,2,3,3.748969,124462.863644
0,1,2,3,3.748688,124391.544175
0,1,2,3,3.748407,124321.734286
0,1,2,3,3.748126,124307.470766
0,1,2,3,3.747845,124306.750336
0,1,2,3,3.747564,124100.233010
0,1,2,3,3.747283,124020.779697
0,1,2,3,3.747002,124012.651116
0,1,2,3,3.746722,123946.110782
0,1,2,3,3.746441,123940.146614
0,1,2,3,3.746160,123916.855622
0,1,2,3,3.745880,123870.657195
0,1,2,3,3.745599,123864.768886
0,1,2,3,3.745318,123852.287996
0,1,2,3,3.745038,123785.764249
0,1,2,3,3.744757,123690.866530
0,1,2,3,3.744477,123670.868599
0,1,2,3,3.744196,123617.702640
0,1,2,3,3.743916,123498.418645
0,1,2,3,3.743636,123457.448137
0,1,2,3,3.743356,123441.088785
0,1,2,3,3.743075,123396.856608
0,1,2,3,3.742795,123346.512874
0,1,2,3,3.742515,123237.442791
0,1,2,3,3.742235,123135.996092
0,1,2,3,3.741955,123097.175421
0,1,2,3,3.741675,123071.740948
0,1,2,3,3.741395,122942.481971
0,1,2,3,3.741115,122905.973891
0,1,2,3,3.740835,122767.008867
0,1,2,3,3.740555,122463.434286
0,1,2,3,3.740275,122337.132804
0,1,2,3,3.739996,122307.956613
0,1,2,3,3.739716,122292.756647
0,1,2,3,3.739436,122249.812585
0,1,2,3,3.739156,122244.432411
0,1,2,3,3.738877,122209.359104
0,1,2,3,3.738597,122157.481075
0,1,2,3,3.738318,122142.856900
0,1,2,3,3.738038,122130.901430
0,1,2,3,3.737759,122125.175798
0,1,2,3,3.737479,122053.910635
0,1,2,3,3.737200,122034.756709
0,1,2,3,3.736921,122010.945613
0,1,2,3,3.736642,121928.707935
0,1,2,3,3.736362,121920.091425
0,1,2,3,3.736083,121915.448152
0,1,2,3,3.735804,121885.675304
0,1,2,3,3.735525,121849.170633
0,1,2,3,3.735246,121748.068266
0,1,2,3,3.734967,121664.626487
0,1,2,3,3.734688,121642.748224
0,1,2,3,3.734409,121603.058632
0,1,2,3,3.734130,121590.845560
0,1,2,3,3.733851,121454.385409
0,1,2,3,3.733572,121451.915115
0,1,2,3,3.733294,121347.535124
0,1,2,3,3.733015,121291.422194
0,1,2,3,3.732736,121263.878008
0,1,2,3,3.732457,121222.727702
0,1,2,3,3.732179,121200.196402
0,1,2,3,3.731900,121164.581591
0,1,2,3,3.731622,121056.591416
0,1,2,3,3.731343,121028.319108
0,1,2,3,3.731065,120865.460394
0,1,2,3,3.730786,120848.409653
0,1,2,3,3.730508,120846.457124
0,1,2,3,3.730230,120844.297298
0,1,2,3,3.729952,120796.584886
0,1,2,3,3.729673,120763.906082
0,1,2,3,3.729395,120738.051847
0,1,2,3,3.729117,120604.900316
0,1,2,3,3.728839,120579.966729
0,1,2,3,3.728561,120557.798337
0,1,2,3,3.728283,120473.990948
0,1,2,3,3.728005,120386.225753
0,1,2,3,3.727727,120338.596615
0,1,2,3,3.727449,120282.431545
0,1,2,3,3.727171,120248.985639
0,1,2,3,3.726893,120225.161725
0,1,2,3,3.726615,120201.800953
0,1,2,3,3.726338,120182.975124
0,1,2,3,3.726060,120102.524853
0,1,2,3,3.725782,120086.891896
0,1,2,3,3.725505,120078.149617
0,1,2,3,3.725227,120007.919794
0,1,2,3,3.724950,119997.665514
0,1,2,3,3.724672,119980.752141
0,1,2,3,3.724395,119976.726771
0,1,2,3,3.724117,119932.566010
0,1,2,3,3.723840,119931.335613
0,1,2,3,3.723563,119901.877042
0,1,2,3,3.723285,119901.435864
0,1,2,3,3.723008,119891.069439
0,1,2,3,3.722731,119781.455262
0,1,2,3,3.722454,119667.349963
0,1,2,3,3.722177,119629.547805
0,1,2,3,3.721900,119600.021473
0,1,2,3,3.721623,119571.693255
0,1,2,3,3.721346,119469.663901
0,1,2,3,3.721069,119468.507342
0,1,2,3,3.720792,119403.025464
0,1,2,3,3.720515,119380.434958
0,1,2,3,3.720238,119364.125718
0,1,2,3,3.719961,119314.644337
0,1,2,3,3.719685,119308.918707
0,1,2,3,3.719408,119263.150932
0,1,2,3,3.719131,119253.814840
0,1,2,3,3.718855,119198.176865
0,1,2,3,3.718578,119181.767709
0,1,2,3,3.718301,119180.595715
0,1,2,3,3.718025,119101.378615
0,1,2,3,3.717749,119073.419684
0,1,2,3,3.717472,118983.867964
0,1,2,3,3.717196,118952.715983
0,1,2,3,3.716919,118839.247454
0,1,2,3,3.716643,118815.065212
0,1,2,3,3.716367,118781.802665
0,1,2,3,3.716091,118772.725944
0,1,2,3,3.715815,118756.472353
0,1,2,3,3.715538,118719.123208
0,1,2,3,3.715262,118707.148272
0,1,2,3,3.714986,118695.467860
0,1,2,3,3.714710,118650.123861
0,1,2,3,3.714434,118643.344680
0,1,2,3,3.714158,118587.159004
0,1,2,3,3.713882,118563.960081
0,1,2,3,3.713607,118518.865942
0,1,2,3,3.713331,118458.140149
0,1,2,3,3.713055,118445.263772
0,1,2,3,3.712779,118425.893543
0,1,2,3,3.712504,118293.038820
0,1,2,3,3.712228,118285.891100
0,1,2,3,3.711952,118255.190354
0,1,2,3,3.711677,118201.538005
0,1,2,3,3.711401,118147.180731
0,1,2,3,3.711126,118132.453382
0,1,2,3,3.710851,118086.019603
0,1,2,3,3.710575,118067.246976
0,1,2,3,3.710300,118011.778812
0,1,2,3,3.710024,117943.104410
0,1,2,3,3.709749,117929.415922
0,1,2,3,3.709474,117880.266910
0,1,2,3,3.709199,117845.663003
0,1,2,3,3.708924,117827.113047
0,1,2,3,3.708649,117808.750402
0,1,2,3,3.708374,117807.877138
0,1,2,3,3.708098,117791.173674
0,1,2,3,3.707824,117762.285002
0,1,2,3,3.707549,117748.753848
0,1,2,3,3.707274,117740.176414
0,1,2,3,3.706999,117733.873564
0,1,2,3,3.706724,117693.596600
0,1,2,3,3.706449,117675.026036
0,1,2,3,3.706174,117647.501241
0,1,2,3,3.705900,117639.258669
0,1,2,3,3.705625,117616.053576
0,1,2,3,3.705351,117612.657545
0,1,2,3,3.705076,117610.739201
0,1,2,3,3.704801,117605.946058
0,1,2,3,3.704527,117522.957494
0,1,2,3,3.704252,117484.867666
0,1,2,3,3.703978,117482.776135
0,1,2,3,3.703704,117477.058885
0,1,2,3,3.703429,117468.931378
0,1,2,3,3.703155,117442.809406
0,1,2,3,3.702881,117276.919285
0,1,2,3,3.702607,117193.644721
0,1,2,3,3.702332,117185.483390
0,1,2,3,3.702058,117157.612313
0,1,2,3,3.701784,117122.225945
0,1,2,3,3.701510,117097.744109
0,1,2,3,3.701236,117091.214913
0,1,2,3,3.700962,117063.295181
0,1,2,3,3.700688,117047.118686
0,1,2,3,3.700414,116956.462845
0,1,2,3,3.700141,116948.457475
0,1,2,3,3.699867,116905.242388
0,1,2,3,3.699593,116815.239228
0,1,2,3,3.699319,116781.294278
0,1,2,3,3.699046,116779.028346
0,1,2,3,3.698772,116738.421028
0,1,2,3,3.698498,116726.922243
0,1,2,3,3.698225,116711.148743
0,1,2,3,3.697951,116689.442172
0,1,2,3,3.697678,116649.209885
0,1,2,3,3.697404,116603.216868
0,1,2,3,3.697131,116593.367956
0,1,2,3,3.696858,116574.349163
0,1,2,3,3.696584,116528.987639
0,1,2,3,3.696311,116514.565274
0,1,2,3,3.696038,116481.581528
0,1,2,3,3.695765,116434.744986
0,1,2,3,3.695492,116393.601334
0,1,2,3,3.695218,116391.114211
0,1,2,3,3.694945,116350.575781
0,1,2,3,3.694672,116286.982610
0,1,2,3,3.694399,116186.858237
0,1,2,3,3.694126,115939.661398
0,1,2,3,3.693853,115861.682672
0,1,2,3,3.693581,115858.394433
0,1,2,3,3.693308,115684.165445
0,1,2,3,3.693035,115656.533531
0,1,2,3,3.692762,115530.615942
0,1,2,3,3.692489,115525.905959
0,1,2,3,3.692217,115502.122055
0,1,2,3,3.691944,115410.188726
0,1,2,3,3.691672,115403.804542
0,1,2,3,3.691399,115363.619183
0,1,2,3,3.691127,115351.366204
0,1,2,3,3.690854,115276.030826
0,1,2,3,3.690582,115275.751701
0,1,2,3,3.690309,115251.424710
0,1,2,3,3.690037,115180.657721
0,1,2,3,3.689765,115163.253486
0,1,2,3,3.689492,115141.665172
0,1,2,3,3.689220,115087.511592
0,1,2,3,3.688948,114918.634611
0,1,2,3,3.688676,114766.722959
0,1,2,3,3.688404,114709.358126
0,1,2,3,3.688132,114690.753761
0,1,2,3,3.687860,114686.448369
0,1,2,3,3.687588,114652.236133
0,1,2,3,3.687316,114643.719905
0,1,2,3,3.687044,114615.934433
0,1,2,3,3.686772,114609.361263
0,1,2,3,3.686500,114608.761706
0,1,2,3,3.686228,114585.097184
0,1,2,3,3.685957,114558.683705
0,1,2,3,3.685685,114547.193042
0,1,2,3,3.685413,114505.185864
0,1,2,3,3.685142,114471.703993
0,1,2,3,3.684870,114445.446995
0,1,2,3,3.684598,114431.395634
0,1,2,3,3.684327,114411.618893
0,1,2,3,3.684055,114366.873765
0,1,2,3,3.683784,114290.824559
0,1,2,3,3.683513,114279.207305
0,1,2,3,3.683241,114242.035795
0,1,2,3,3.682970,114066.907574
0,1,2,3,3.682699,114044.924118
0,1,2,3,3.682427,114022.332839
0,1,2,3,3.682156,114015.063989
0,1,2,3,3.681885,113995.713622
0,1,2,3,3.681614,113994.965270
0,1,2,3,3.681343,113926.315296
0,1,2,3,3.681072,113917.019768
0,1,2,3,3.680801,113903.335583
0,1,2,3,3.680530,113735.071988
0,1,2,3,3.680259,113684.976311
0,1,2,3,3.679988,113584.425209
0,1,2,3,3.679717,113526.416254
0,1,2,3,3.679447,113514.280392
0,1,2,3,3.679176,113438.172962
0,1,2,3,3.678905,113414.881451
0,1,2,3,3.678634,113411.433406
0,1,2,3,3.678364,113406.054199
0,1,2,3,3.678093,113405.014441
0,1,2,3,3.677823,113230.711525
0,1,2,3,3.677552,113111.072289
0,1,2,3,3.677282,113100.931037
0,1,2,3,3.677011,113096.481288
0,1,2,3,3.676741,113035.448816
0,1,2,3,3.676471,112996.395141
0,1,2,3,3.676200,112942.449763
0,1,2,3,3.675930,112889.012934
0,1,2,3,3.675660,112837.298331
0,1,2,3,3.675390,112759.875904
0,1,2,3,3.675119,112580.488338
0,1,2,3,3.674849,112469.019078
0,1,2,3,3.674579,112319.341706
0,1,2,3,3.674309,112272.864064
0,1,2,3,3.674039,112216.968356
0,1,2,3,3.673769,112203.786892
0,1,2,3,3.673499,112193.591210
0,1,2,3,3.673230,112188.717787
0,1,2,3,3.672960,112158.093208
0,1,2,3,3.672690,112081.102187
0,1,2,3,3.672420,112065.548133
0,1,2,3,3.672150,112064.900945
0,1,2,3,3.671881,112025.112034
0,1,2,3,3.671611,111912.149299
0,1,2,3,3.671342,111907.986061
0,1,2,3,3.671072,111840.660687
0,1,2,3,3.670802,111828.992398
0,1,2,3,3.670533,111715.044267
0,1,2,3,3.670264,111573.803858
0,1,2,3,3.669994,111527.970153
0,1,2,3,3.669725,111510.779383
0,1,2,3,3.669455,111510.739231
0,1,2,3,3.669186,111444.196445
0,1,2,3,3.668917,111429.781274
0,1,2,3,3.668648,111409.416132
0,1,2,3,3.668379,111337.875466
0,1,2,3,3.668109,111325.950130
0,1,2,3,3.667840,111244.577510
0,1,2,3,3.667571,111240.315091
0,1,2,3,3.667302,111143.361355
0,1,2,3,3.667033,111059.667757
0,1,2,3,3.666764,111020.995141
0,1,2,3,3.666496,110979.691422
0,1,2,3,3.666227,110929.686620
0,1,2,3,3.665958,110913.645247
0,1,2,3,3.665689,110902.273054
0,1,2,3,3.665420,110731.126485
0,1,2,3,3.665152,110533.129446
0,1,2,3,3.664883,110469.202738
0,1,2,3,3.664614,110444.529301
0,1,2,3,3.664346,110425.716408
0,1,2,3,3.664077,110394.154778
0,1,2,3,3.663809,110388.170052
0,1,2,3,3.663540,110295.970088
0,1,2,3,3.663272,110223.665339
0,1,2,3,3.663004,110211.569979
0,1,2,3,3.662735,110204.416707
0,1,2,3,3.662467,110156.111707
0,1,2,3,3.662199,110149.444622
0,1,2,3,3.661931,110061.236061
0,1,2,3,3.661662,110060.934255
0,1,2,3,3.661394,110019.234290
0,1,2,3,3.661126,109915.821661
0,1,2,3,3.660858,109863.084667
0,1,2,3,3.660590,109789.345196
0,1,2,3,3.660322,109778.684222
0,1,2,3,3.660054,109758.347193
0,1,2,3,3.659786,109758.013038
0,1,2,3,3.659518,109706.465293
0,1,2,3,3.659251,109684.345520
0,1,2,3,3.658983,109679.734966
0,1,2,3,3.658715,109630.265868
0,1,2,3,3.658447,109584.995380
0,1,2,3,3.658180,109578.468485
0,1,2,3,3.657912,109441.414363
0,1,2,3,3.657644,109402.999421
0,1,2,3,3.657377,109387.210173
0,1,2,3,3.657109,109381.770162
0,1,2,3,3.656842,109363.830659
0,1,2,3,3.656575,109355.476912
0,1,2,3,3.656307,109349.671708
0,1,2,3,3.656040,109277.528348
0,1,2,3,3.655772,109260.515431
0,1,2,3,3.655505,109209.783952
0,1,2,3,3.655238,109188.113477
0,1,2,3,3.654971,109184.747818
0,1,2,3,3.654704,109160.469103
0,1,2,3,3.654436,109129.991500
0,1,2,3,3.654169,109099.955538
0,1,2,3,3.653902,109094.019972
0,1,2,3,3.653635,109084.048927
0,1,2,3,3.653368,109043.071905
0,1,2,3,3.653101,108982.068433
0,1,2,3,3.652835,108947.422809
0,1,2,3,3.652568,108914.780671
0,1,2,3,3.652301,108873.304929
0,1,2,3,3.652034,108853.671464
0,1,2,3,3.651767,108852.335340
0,1,2,3,3.651501,108818.838277
0,1,2,3,3.651234,108803.535913
0,1,2,3,3.650968,108690.810070
0,1,2,3,3.650701,108669.392373
0,1,2,3,3.650434,108636.247821
0,1,2,3,3.650168,108627.368353
0,1,2,3,3.649901,108563.356513
0,1,2,3,3.649635,108532.503124
0,1,2,3,3.649369,108396.886155
0,1,2,3,3.649102,108348.733416
0,1,2,3,3.648836,108300.644823
0,1,2,3,3.648570,108295.983047
0,1,2,3,3.648304,108179.221177
0,1,2,3,3.648037,108171.469885
0,1,2,3,3.647771,108128.733332
0,1,2,3,3.647505,108109.378625
0,1,2,3,3.647239,108090.507762
0,1,2,3,3.646973,107975.768395
0,1,2,3,3.646707,107960.768309
0,1,2,3,3.646441,107945.790279
0,1,2,3,3.646175,107877.317107
0,1,2,3,3.645909,107794.968893
0,1,2,3,3.645643,107791.086887
0,1,2,3,3.645378,107780.017008
0,1,2,3,3.645112,107758.409966
0,1,2,3,3.644846,107716.362474
0,1,2,3,3.644581,107600.197159
0,1,2,3,3.644315,107556.511420
0,1,2,3,3.644049,107471.010258
0,1,2,3,3.643784,107359.875197
0,1,2,3,3.643518,107288.861898
0,1,2,3,3.643253,107288.564939
0,1,2,3,3.642987,107212.130415
0,1,2,3,3.642722,107205.698100
0,1,2,3,3.642456,107137.376063
0,1,2,3,3.642191,107018.433867
0,1,2,3,3.641926,106987.810060
0,1,2,3,3.641661,106937.682370
0,1,2,3,3.641395,106935.186901
0,1,2,3,3.641130,106929.853076
0,1,2,3,3.640865,106898.540157
0,1,2,3,3.640600,106851.034511
0,1,2,3,3.640335,106835.281900
0,1,2,3,3.640070,106818.417712
0,1,2,3,3.639805,106804.557137
0,1,2,3,3.639540,106782.625778
0,1,2,3,3.639275,106748.389146
0,1,2,3,3.639010,106737.582072
0,1,2,3,3.638745,106735.083010
0,1,2,3,3.638481,106659.090786
0,1,2,3,3.638216,106647.853123
0,1,2,3,3.637951,106631.351895
0,1,2,3,3.637686,106604.364795
0,1,2,3,3.637422,106529.109001
0,1,2,3,3.637157,106498.697871
0,1,2,3,3.636893,106492.058010
0,1,2,3,3.636628,106467.376565
0,1,2,3,3.636364,106466.149583
0,1,2,3,3.636099,106464.335550
0,1,2,3,3.635835,106416.268165
0,1,2,3,3.635570,106373.611579
0,1,2,3,3.635306,106330.353668
0,1,2,3,3.635042,106318.110025
0,1,2,3,3.634778,106251.144638
0,1,2,3,3.634513,106192.370131
0,1,2,3,3.634249,106140.202965
0,1,2,3,3.633985,106085.587784
0,1,2,3,3.633721,106031.774011
0,1,2,3,3.633457,106029.986711
0,1,2,3,3.633193,106022.161445
0,1,2,3,3.632929,105946.466401
0,1,2,3,3.632665,105872.597004
0,1,2,3,3.632401,105853.377821
0,1,2,3,3.632137,105840.725657
0,1,2,3,3.631873,105772.336951
0,1,2,3,3.631610,105590.466968
0,1,2,3,3.631346,105516.247434
0,1,2,3,3.631082,105438.905863
0,1,2,3,3.630818,105432.603827
0,1,2,3,3.630555,105281.424732
0,1,2,3,3.630291,105185.538030
0,1,2,3,3.630028,105182.796453
0,1,2,3,3.629764,105155.539125
0,1,2,3,3.629501,105111.752449
0,1,2,3,3.629237,105050.267239
0,1,2,3,3.628974,105011.535348
0,1,2,3,3.628710,104954.507935
0,1,2,3,3.628447,104950.554871
0,1,2,3,3.628184,104852.562848
0,1,2,3,3.627920,104850.226075
0,1,2,3,3.627657,104840.210954
0,1,2,3,3.627394,104822.690272
0,1,2,3,3.627131,104735.722549
0,1,2,3,3.626868,104704.574313
0,1,2,3,3.626605,104698.156724
0,1,2,3,3.626342,104594.616355
0,1,2,3,3.626079,104578.168658
0,1,2,3,3.625816,104549.402660
0,1,2,3,3.625553,104544.627066
0,1,2,3,3.625290,104407.255069
0,1,2,3,3.625027,104400.557798
0,1,2,3,3.624764,104168.142297
0,1,2,3,3.624502,104121.388244
0,1,2,3,3.624239,104015.676981
0,1,2,3,3.623976,103982.115187
0,1,2,3,3.623714,103870.268273
0,1,2,3,3.623451,103869.993659
0,1,2,3,3.623188,103851.895544
0,1,2,3,3.622926,103803.697110
0,1,2,3,3.622663,103767.615125
0,1,2,3,3.622401,103515.956902
0,1,2,3,3.622139,103461.948711
0,1,2,3,3.621876,103228.784500
0,1,2,3,3.621614,103215.447899
0,1,2,3,3.621351,103207.150596
0,1,2,3,3.621089,102970.002048
0,1,2,3,3.620827,102932.893081
0,1,2,3,3.620565,102919.339858
0,1,2,3,3.620303,102911.861165
0,1,2,3,3.620041,102901.747062
0,1,2,3,3.619778,102754.627398
0,1,2,3,3.619516,102482.905874
0,1,2,3,3.619254,102475.796280
0,1,2,3,3.618992,102433.303711
0,1,2,3,3.618731,102390.805536
0,1,2,3,3.618469,102347.845182
0,1,2,3,3.618207,102327.097887
0,1,2,3,3.617945,102316.651307
0,1,2,3,3.617683,102226.758607
0,1,2,3,3.617422,102187.178238
0,1,2,3,3.617160,102178.253392
0,1,2,3,3.616898,102176.535647
0,1,2,3,3.616637,102168.535883
0,1,2,3,3.616375,102158.845099
0,1,2,3,3.616113,102089.249370
0,1,2,3,3.615852,102055.619592
0,1,2,3,3.615590,101926.460526
0,1,2,3,3.615329,101877.080877
0,1,2,3,3.615068,101650.590548
0,1,2,3,3.614806,101530.817335
0,1,2,3,3.614545,101406.656701
0,1,2,3,3.614284,101406.090775
0,1,2,3,3.614022,101380.023860
0,1,2,3,3.613761,101379.400329
0,1,2,3,3.613500,101375.668403
0,1,2,3,3.613239,101365.559899
0,1,2,3,3.612978,101322.747882
0,1,2,3,3.612717,101227.153166
0,1,2,3,3.612456,101182.241958
0,1,2,3,3.612195,101106.954420
0,1,2,3,3.611934,101054.342932
0,1,2,3,3.611673,101014.506312
0,1,2,3,3.611412,100934.745205
0,1,2,3,3.611151,100833.007354
0,1,2,3,3.610890,100815.810609
0,1,2,3,3.610630,100785.316739
0,1,2,3,3.610369,100771.504026
0,1,2,3,3.610108,100744.508118
0,1,2,3,3.609848,100712.709298
0,1,2,3,3.609587,100706.849795
0,1,2,3,3.609326,100539.944441
0,1,2,3,3.609066,100396.713772
0,1,2,3,3.608805,100385.426554
0,1,2,3,3.608545,100350.556478
0,1,2,3,3.608285,100342.360921
0,1,2,3,3.608024,100278.818430
0,1,2,3,3.607764,100181.650758
0,1,2,3,3.607504,100012.365232
0,1,2,3,3.607243,99976.214924
0,1,2,3,3.606983,99967.034658
0,1,2,3,3.606723,99937.501523
0,1,2,3,3.606463,99902.667663
0,1,2,3,3.606203,99900.549953
0,1,2,3,3.605943,99828.011331
0,1,2,3,3.605683,99754.646743
0,1,2,3,3.605423,99677.492035
0,1,2,3,3.605163,99657.690406
0,1,2,3,3.604903,99651.242766
0,1,2,3,3.604643,99596.156522
0,1,2,3,3.604383,99594.766991
0,1,2,3,3.604123,99547.697199
0,1,2,3,3.603863,99508.801917
0,1,2,3,3.603604,99446.697523
0,1,2,3,3.603344,99419.212366
0,1,2,3,3.603084,99416.554400
0,1,2,3,3.602825,99416.336586
0,1,2,3,3.602565,99404.512315
0,1,2,3,3.602305,99379.779391
0,1,2,3,3.602046,99328.392628
0,1,2,3,3.601786,99251.278709
0,1,2,3,3.601527,99250.320116
0,1,2,3,3.601268,99133.564069
0,1,2,3,3.601008,99102.347989
0,1,2,3,3.600749,99086.624236
0,1,2,3,3.600490,98897.100942
0,1,2,3,3.600230,98862.158817
0,1,2,3,3.599971,98836.450450
0,1,2,3,3.599712,98809.486696
0,1,2,3,3.599453,98772.376730
0,1,2,3,3.599194,98741.409687
0,1,2,3,3.598935,98706.624950
0,1,2,3,3.598676,98697.781807
0,1,2,3,3.598417,98676.915330
0,1,2,3,3.598158,98618.630837
0,1,2,3,3.597899,98604.616719
0,1,2,3,3.597640,98592.932866
0,1,2,3,3.597381,98509.646483
0,1,2,3,3.597122,98499.702607
0,1,2,3,3.596864,98450.291953
0,1,2,3,3.596605,98450.254215
0,1,2,3,3.596346,98445.485120
0,1,2,3,3.596087,98407.003287
0,1,2,3,3.595829,98370.585681
0,1,2,3,3.595570,98189.777958
0,1,2,3,3.595312,98172.851460
0,1,2,3,3.595053,98169.666353
0,1,2,3,3.594795,98132.415062
0,1,2,3,3.594536,98122.299820
0,1,2,3,3.594278,98101.684047
0,1,2,3,3.594020,98027.620461
0,1,2,3,3.593761,98005.785027
0,1,2,3,3.593503,97984.125673
0,1,2,3,3.593245,97973.642513
0,1,2,3,3.592986,97959.249182
0,1,2,3,3.592728,97937.997081
0,1,2,3,3.592470,97894.352940
0,1,2,3,3.592212,97838.200333
0,1,2,3,3.591954,97767.126714
0,1,2,3,3.591696,97728.141637
0,1,2,3,3.591438,97693.488751
0,1,2,3,3.591180,97676.879016
0,1,2,3,3.590922,97676.586127
0,1,2,3,3.590664,97634.961488
0,1,2,3,3.590406,97613.206333
0,1,2,3,3.590149,97534.282100
0,1,2,3,3.589891,97452.698970
0,1,2,3,3.589633,97432.046578
0,1,2,3,3.589375,97428.599552
0,1,2,3,3.589118,97409.350442
0,1,2,3,3.588860,97401.940914
0,1,2,3,3.588603,97387.634387
0,1,2,3,3.588345,97373.621994
0,1,2,3,3.588088,97268.179470
0,1,2,3,3.587830,97228.655352
0,1,2,3,3.587573,97227.486188
0,1,2,3,3.587315,97203.732000
0,1,2,3,3.587058,97121.458310
0,1,2,3,3.586801,97041.312848
0,1,2,3,3.586543,96999.400702
0,1,2,3,3.586286,96992.478306
0,1,2,3,3.586029,96987.692102
0,1,2,3,3.585772,96970.412429
0,1,2,3,3.585515,96951.486427
0,1,2,3,3.585257,96912.823604
0,1,2,3,3.585000,96777.315973
0,1,2,3,3.584743,96767.423068
0,1,2,3,3.584486,96724.337220
0,1,2,3,3.584229,96709.447110
0,1,2,3,3.583972,96653.479860
0,1,2,3,3.583716,96574.317717
0,1,2,3,3.583459,96528.272980
0,1,2,3,3.583202,96349.745744
0,1,2,3,3.582945,96349.268252
0,1,2,3,3.582688,96297.173006
0,1,2,3,3.582432,96264.049792
0,1,2,3,3.582175,96231.149297
0,1,2,3,3.581918,96214.747268
0,1,2,3,3.581662,96196.678682
0,1,2,3,3.581405,96108.976636
0,1,2,3,3.581149,96057.434980
0,1,2,3,3.580892,96052.604742
0,1,2,3,3.580636,96014.989528
0,1,2,3,3.580380,95996.526323
0,1,2,3,3.580123,95900.081156
0,1,2,3,3.579867,95879.774305
0,1,2,3,3.579611,95827.105290
0,1,2,3,3.579354,95800.212010
0,1,2,3,3.579098,95711.058821
0,1,2,3,3.578842,95669.603535
0,1,2,3,3.578586,95628.454589
0,1,2,3,3.578330,95609.925517
0,1,2,3,3.578074,95579.517981
0,1,2,3,3.577818,95539.270164
0,1,2,3,3.577562,95369.466781
0,1,2,3,3.577306,95230.101913
0,1,2,3,3.577050,95221.811237
0,1,2,3,3.576794,95160.100434
0,1,2,3,3.576538,95159.390727
0,1,2,3,3.576282,95142.134002
0,1,2,3,3.576026,95076.359017
0,1,2,3,3.575771,94904.267022
0,1,2,3,3.575515,94851.051377
0,1,2,3,3.575259,94849.051392
0,1,2,3,3.575004,94799.335898
0,1,2,3,3.574748,94761.770335
0,1,2,3,3.574492,94761.506397
0,1,2,3,3.574237,94745.457755
0,1,2,3,3.573981,94678.572164
0,1,2,3,3.573726,94651.551081
0,1,2,3,3.573471,94620.677175
0,1,2,3,3.573215,94587.851265
0,1,2,3,3.572960,94449.154844
0,1,2,3,3.572705,94440.354450
0,1,2,3,3.572449,94376.530328
0,1,2,3,3.572194,94354.114020
0,1,2,3,3.571939,94307.749884
0,1,2,3,3.571684,94274.606109
0,1,2,3,3.571429,94204.958704
0,1,2,3,3.571173,94123.643669
0,1,2,3,3.570918,94067.514540
0,1,2,3,3.570663,94021.051414
0,1,2,3,3.570408,93963.611254
0,1,2,3,3.570154,93942.371918
0,1,2,3,3.569899,93907.461821
0,1,2,3,3.569644,93851.479880
0,1,2,3,3.569389,93811.423305
0,1,2,3,3.569134,93695.821072
0,1,2,3,3.568879,93642.679632
0,1,2,3,3.568625,93634.004429
0,1,2,3,3.568370,93620.706270
0,1,2,3,3.568115,93522.306084
0,1,2,3,3.567861,93420.974052
0,1,2,3,3.567606,93324.772449
0,1,2,3,3.567352,93257.127192
0,1,2,3,3.567097,93255.789029
0,1,2,3,3.566843,93244.007174
0,1,2,3,3.566588,93194.287787
0,1,2,3,3.566334,93181.004151
0,1,2,3,3.566079,93145.004582
0,1,2,3,3.565825,93108.778975
0,1,2,3,3.565571,93053.356746
0,1,2,3,3.565317,93052.073530
0,1,2,3,3.565062,93042.665552
0,1,2,3,3.564808,92930.729643
0,1,2,3,3.564554,92927.970600
0,1,2,3,3.564300,92880.479256
0,1,2,3,3.564046,92828.254787
0,1,2,3,3.563792,92806.123600
0,1,2,3,3.563538,92728.097541
0,1,2,3,3.563284,92692.096516
0,1,2,3,3.563030,92678.900401
0,1,2,3,3.562776,92675.687780
0,1,2,3,3.562522,92620.015543
0,1,2,3,3.562268,92494.639781
0,1,2,3,3.562015,92246.172866
0,1,2,3,3.561761,92242.036302
0,1,2,3,3.561507,92238.898960
0,1,2,3,3.561254,92223.313919
0,1,2,3,3.561000,92219.997325
0,1,2,3,3.560746,92102.581566
0,1,2,3,3.560493,91981.594705
0,1,2,3,3.560239,91842.752138
0,1,2,3,3.559986,91821.892591
0,1,2,3,3.559732,91791.315405
0,1,2,3,3.559479,91742.849900
0,1,2,3,3.559226,91726.410997
0,1,2,3,3.558972,91712.349986
0,1,2,3,3.558719,91689.428847
0,1,2,3,3.558466,91647.113367
0,1,2,3,3.558212,91582.520761
0,1,2,3,3.557959,91529.249997
0,1,2,3,3.557706,91501.945433
0,1,2,3,3.557453,91491.439141
0,1,2,3,3.557200,91488.435343
0,1,2,3,3.556947,91413.489565
0,1,2,3,3.556694,91382.077972
0,1,2,3,3.556441,91378.752906
0,1,2,3,3.556188,91341.336414
0,1,2,3,3.555935,91270.671431
0,1,2,3,3.555682,91168.072056
0,1,2,3,3.555429,91040.503481
0,1,2,3,3.555176,91029.964206
0,1,2,3,3.554924,90990.689752
0,1,2,3,3.554671,90983.259686
0,1,2,3,3.554418,90964.101818
0,1,2,3,3.554165,90954.204673
0,1,2,3,3.553913,90914.624322
0,1,2,3,3.553660,90887.918705
0,1,2,3,3.553408,90861.925571
0,1,2,3,3.553155,90798.989011
0,1,2,3,3.552903,90635.758440
0,1,2,3,3.552650,90604.926050
0,1,2,3,3.552398,90572.595030
0,1,2,3,3.552145,90508.384890
0,1,2,3,3.551893,90472.986589
0,1,2,3,3.551641,90379.167106
0,1,2,3,3.551389,90312.872423
0,1,2,3,3.551136,90261.001054
0,1,2,3,3.550884,90133.377856
0,1,2,3,3.550632,90110.888117
0,1,2,3,3.550380,89969.341919
0,1,2,3,3.550128,89946.338237
0,1,2,3,3.549876,89903.864360
0,1,2,3,3.549624,89886.770938
0,1,2,3,3.549372,89866.350398
0,1,2,3,3.549120,89757.772606
0,1,2,3,3.548868,89707.977344
0,1,2,3,3.548616,89689.864591
0,1,2,3,3.548364,89652.517554
0,1,2,3,3.548112,89646.989955
0,1,2,3,3.547861,89623.891699
0,1,2,3,3.547609,89606.333439
0,1,2,3,3.547357,89517.438348
0,1,2,3,3.547106,89487.713628
0,1,2,3,3.546854,89485.026001
0,1,2,3,3.546602,89448.410624
0,1,2,3,3.546351,89426.285061
0,1,2,3,3.546099,89351.690678
0,1,2,3,3.545848,89295.153860
0,1,2,3,3.545596,89216.190751
0,1,2,3,3.545345,89055.207735
0,1,2,3,3.545094,88998.207764
0,1,2,3,3.544842,88868.481487
0,1,2,3,3.544591,88770.122512
0,1,2,3,3.544340,88761.378609
0,1,2,3,3.544088,88751.721665
0,1,2,3,3.543837,88630.687547
0,1,2,3,3.543586,88596.021466
0,1,2,3,3.543335,88592.088651
0,1,2,3,3.543084,88364.229421
0,1,2,3,3.542833,88341.243711
0,1,2,3,3.542582,88282.738450
0,1,2,3,3.542331,88254.667793
0,1,2,3,3.542080,88235.657423
0,1,2,3,3.541829,88189.776786
0,1,2,3,3.541578,88159.089171
0,1,2,3,3.541327,88076.652769
0,1,2,3,3.541076,88048.249337
0,1,2,3,3.540826,87852.212631
0,1,2,3,3.540575,87664.953757
0,1,2,3,3.540324,87660.277271
0,1,2,3,3.540074,87621.460993
0,1,2,3,3.539823,87588.595211
0,1,2,3,3.539572,87577.047418
0,1,2,3,3.539322,87489.322995
0,1,2,3,3.539071,87480.220138
0,1,2,3,3.538821,87457.981420
0,1,2,3,3.538570,87417.544051
0,1,2,3,3.538320,87394.984205
0,1,2,3,3.538070,87321.232480
0,1,2,3,3.537819,87276.443419
0,1,2,3,3.537569,87232.487188
0,1,2,3,3.537319,87201.690865
0,1,2,3,3.537068,87183.720230
0,1,2,3,3.536818,87156.300138
0,1,2,3,3.536568,87151.919902
0,1,2,3,3.536318,87130.520091
0,1,2,3,3.536068,86916.094427
0,1,2,3,3.535818,86869.159346
0,1,2,3,3.535568,86806.937254
0,1,2,3,3.535318,86771.526605
0,1,2,3,3.535068,86708.109840
0,1,2,3,3.534818,86687.464880
0,1,2,3,3.534568,86672.380170
0,1,2,3,3.534318,86636.598145
0,1,2,3,3.534068,86601.313717
0,1,2,3,3.533819,86555.709988
0,1,2,3,3.533569,86430.069505
0,1,2,3,3.533319,86408.126560
0,1,2,3,3.533070,86381.230802
0,1,2,3,3.532820,86357.611329
0,1,2,3,3.532570,86350.837321
0,1,2,3,3.532321,86319.666056
0,1,2,3,3.532071,86270.505359
0,1,2,3,3.531822,86267.029174
0,1,2,3,3.531572,86265.239076
0,1,2,3,3.531323,86182.527262
0,1,2,3,3.531073,86151.032080
0,1,2,3,3.530824,86115.530728
0,1,2,3,3.530575,86102.137131
0,1,2,3,3.530325,86052.595656
0,1,2,3,3.530076,86024.272338
0,1,2,3,3.529827,85922.578858
0,1,2,3,3.529578,85916.894135
0,1,2,3,3.529329,85913.555926
0,1,2,3,3.529080,85816.495354
0,1,2,3,3.528831,85700.733048
0,1,2,3,3.528582,85696.747537
0,1,2,3,3.528333,85571.912395
0,1,2,3,3.528084,85569.700568
0,1,2,3,3.527835,85556.845363
0,1,2,3,3.527586,85473.629921
0,1,2,3,3.527337,85419.553345
0,1,2,3,3.527088,85406.820970
0,1,2,3,3.526839,85380.911862
0,1,2,3,3.526590,85298.447311
0,1,2,3,3.526342,85226.394793
0,1,2,3,3.526093,85136.003547
0,1,2,3,3.525844,85061.074579
0,1,2,3,3.525596,85042.949245
0,1,2,3,3.525347,85033.153181
0,1,2,3,3.525099,84925.770309
0,1,2,3,3.524850,84871.598832
0,1,2,3,3.524602,84842.179911
0,1,2,3,3.524353,84795.044094
0,1,2,3,3.524105,84697.132430
0,1,2,3,3.523857,84688.340207
0,1,2,3,3.523608,84602.229262
0,1,2,3,3.523360,84487.768006
0,1,2,3,3.523112,84440.847034
0,1,2,3,3.522863,84367.065114
0,1,2,3,3.522615,84353.243504
0,1,2,3,3.522367,84310.615553
0,1,2,3,3.522119,84303.111154
0,1,2,3,3.521871,84298.570665
0,1,2,3,3.521623,84221.200192
0,1,2,3,3.521375,84012.398503
0,1,2,3,3.521127,83997.733140
0,1,2,3,3.520879,83988.258794
0,1,2,3,3.520631,83951.871746
0,1,2,3,3.520383,83946.127494
0,1,2,3,3.520135,83930.169553
0,1,2,3,3.519887,83919.289175
0,1,2,3,3.519640,83916.450514
0,1,2,3,3.519392,83822.960851
0,1,2,3,3.519144,83684.609184
0,1,2,3,3.518896,83662.824761
0,1,2,3,3.518649,83639.056358
0,1,2,3,3.518401,83622.284183
0,1,2,3,3.518154,83613.035572
0,1,2,3,3.517906,83561.315825
0,1,2,3,3.517659,83351.514537
0,1,2,3,3.517411,83316.410580
0,1,2,3,3.517164,83315.298117
0,1,2,3,3.516916,83243.069063
0,1,2,3,3.516669,83159.131177
0,1,2,3,3.516422,83151.631371
0,1,2,3,3.516174,83139.798467
0,1,2,3,3.515927,83129.324312
0,1,2,3,3.515680,83106.275059
0,1,2,3,3.515433,83097.617309
0,1,2,3,3.515186,83046.909585
0,1,2,3,3.514938,83000.042382
0,1,2,3,3.514691,82970.700438
0,1,2,3,3.514444,82952.057872
0,1,2,3,3.514197,82930.291812
0,1,2,3,3.513950,82875.214036
0,1,2,3,3.513703,82839.417138
0,1,2,3,3.513457,82805.661987
0,1,2,3,3.513210,82609.376428
0,1,2,3,3.512963,82594.737572
0,1,2,3,3.512716,82579.905587
0,1,2,3,3.512469,82578.204528
0,1,2,3,3.512223,82578.044757
0,1,2,3,3.511976,82536.347186
0,1,2,3,3.511729,82515.161684
0,1,2,3,3.511483,82506.183150
0,1,2,3,3.511236,82501.806425
0,1,2,3,3.510989,82448.885470
0,1,2,3,3.510743,82359.583523
0,1,2,3,3.510496,82350.119120
0,1,2,3,3.510250,82252.048663
0,1,2,3,3.510004,82171.947208
0,1,2,3,3.509757,82109.507647
0,1,2,3,3.509511,82008.049492
0,1,2,3,3.509264,81922.370021
0,1,2,3,3.509018,81877.897303
0,1,2,3,3.508772,81846.681262
0,1,2,3,3.508526,81844.446817
0,1,2,3,3.508280,81779.384597
0,1,2,3,3.508033,81766.766446
0,1,2,3,3.507787,81736.265966
0,1,2,3,3.507541,81704.734844
0,1,2,3,3.507295,81641.363621
0,1,2,3,3.507049,81544.269162
0,1,2,3,3.506803,81529.222299
0,1,2,3,3.506557,81511.654855
0,1,2,3,3.506311,81465.661134
0,1,2,3,3.506065,81464.649574
0,1,2,3,3.505820,81424.883897
0,1,2,3,3.505574,81364.440978
0,1,2,3,3.505328,81249.332034
0,1,2,3,3.505082,81231.490880
0,1,2,3,3.504837,81220.452032
0,1,2,3,3.504591,81120.263049
0,1,2,3,3.504345,81081.091285
0,1,2,3,3.504100,81077.246027
0,1,2,3,3.503854,80996.820586
0,1,2,3,3.503609,80995.013118
0,1,2,3,3.503363,80910.810999
0,1,2,3,3.503118,80909.771359
0,1,2,3,3.502872,80899.662710
0,1,2,3,3.502627,80879.983097
0,1,2,3,3.502382,80854.326977
0,1,2,3,3.502136,80836.737734
0,1,2,3,3.501891,80782.470012
0,1,2,3,3.501646,80733.548814
0,1,2,3,3.501401,80584.052613
0,1,2,3,3.501155,80583.543113
0,1,2,3,3.500910,80582.643512
0,1,2,3,3.500665,80578.896208
0,1,2,3,3.500420,80520.457398
0,1,2,3,3.500175,80463.970852
0,1,2,3,3.499930,80377.383847
0,1,2,3,3.499685,80337.951132
0,1,2,3,3.499440,80263.666898
0,1,2,3,3.499195,80194.297546
0,1,2,3,3.498950,80160.781958
0,1,2,3,3.498705,80097.413202
0,1,2,3,3.498461,80093.021655
0,1,2,3,3.498216,80073.483909
0,1,2,3,3.497971,79993.899406
0,1,2,3,3.497726,79959.214000
0,1,2,3,3.497482,79849.477988
0,1,2,3,3.497237,79800.168938
0,1,2,3,3.496993,79631.404455
0,1,2,3,3.496748,79547.105402
0,1,2,3,3.496503,79534.465607
0,1,2,3,3.496259,79524.546109
0,1,2,3,3.496015,79507.432212
0,1,2,3,3.495770,79482.777656
0,1,2,3,3.495526,79361.753912
0,1,2,3,3.495281,79351.643028
0,1,2,3,3.495037,79329.937042
0,1,2,3,3.494793,79225.426779
0,1,2,3,3.494549,79025.761021
0,1,2,3,3.494304,78971.448100
0,1,2,3,3.494060,78952.278757
0,1,2,3,3.493816,78934.922970
0,1,2,3,3.493572,78914.345290
0,1,2,3,3.493328,78900.868170
0,1,2,3,3.493084,78895.887215
0,1,2,3,3.492840,78619.478626
0,1,2,3,3.492596,78583.481358
0,1,2,3,3.492352,78544.875862
0,1,2,3,3.492108,78471.260397
0,1,2,3,3.491864,78385.656009
0,1,2,3,3.491620,78296.247223
0,1,2,3,3.491376,78211.511833
0,1,2,3,3.491133,78142.933558
0,1,2,3,3.490889,78011.927781
0,1,2,3,3.490645,78008.104908
0,1,2,3,3.490401,78002.630875
0,1,2,3,3.490158,77964.135230
0,1,2,3,3.489914,77957.590075
0,1,2,3,3.489671,77904.877391
0,1,2,3,3.489427,77846.364877
0,1,2,3,3.489184,77842.181777
0,1,2,3,3.488940,77818.213586
0,1,2,3,3.488697,77811.902121
0,1,2,3,3.488453,77711.085900
0,1,2,3,3.488210,77657.019613
0,1,2,3,3.487967,77638.585082
0,1,2,3,3.487723,77610.474519
0,1,2,3,3.487480,77529.161278
0,1,2,3,3.487237,77416.763234
0,1,2,3,3.486994,77408.850626
0,1,2,3,3.486750,77378.795327
0,1,2,3,3.486507,77372.716333
0,1,2,3,3.486264,77316.667368
0,1,2,3,3.486021,77293.134089
0,1,2,3,3.485778,77277.819482
0,1,2,3,3.485535,77226.206707
0,1,2,3,3.485292,77206.641699
0,1,2,3,3.485049,77099.788786
0,1,2,3,3.484806,77081.069287
0,1,2,3,3.484563,77080.014126
0,1,2,3,3.484321,77036.950513
0,1,2,3,3.484078,76947.768193
0,1,2,3,3.483835,76933.795850
0,1,2,3,3.483592,76723.626840
0,1,2,3,3.483350,76597.499901
0,1,2,3,3.483107,76522.967218
0,1,2,3,3.482864,76483.870873
0,1,2,3,3.482622,76478.888995
0,1,2,3,3.482379,76387.919767
0,1,2,3,3.482137,76376.904511
0,1,2,3,3.481894,76331.283481
0,1,2,3,3.481652,76100.312678
0,1,2,3,3.481409,76092.122169
0,1,2,3,3.481167,76086.765193
0,1,2,3,3.480925,76082.144368
0,1,2,3,3.480682,76055.962229
0,1,2,3,3.480440,76039.502200
0,1,2,3,3.480198,75908.694635
0,1,2,3,3.479955,75904.544986
0,1,2,3,3.479713,75892.173174
0,1,2,3,3.479471,75869.283388
0,1,2,3,3.479229,75834.690222
0,1,2,3,3.478987,75725.271274
0,1,2,3,3.478745,75725.142324
0,1,2,3,3.478503,75714.212794
0,1,2,3,3.478261,75710.344044
0,1,2,3,3.478019,75699.045310
0,1,2,3,3.477777,75622.461641
0,1,2,3,3.477535,75595.224495
0,1,2,3,3.477293,75569.125540
0,1,2,3,3.477051,75560.365142
0,1,2,3,3.476810,75535.320806
0,1,2,3,3.476568,75510.319408
0,1,2,3,3.476326,75502.831556
0,1,2,3,3.476085,75501.558535
0,1,2,3,3.475843,75454.281734
0,1,2,3,3.475601,75364.884389
0,1,2,3,3.475360,75347.677688
0,1,2,3,3.475118,75280.324615
0,1,2,3,3.474877,75245.894184
0,1,2,3,3.474635,75187.202916
0,1,2,3,3.474394,75028.257098
0,1,2,3,3.474152,75017.240125
0,1,2,3,3.473911,74940.823936
0,1,2,3,3.473670,74937.533436
0,1,2,3,3.473428,74894.134651
0,1,2,3,3.473187,74770.281411
0,1,2,3,3.472946,74760.634434
0,1,2,3,3.472705,74682.203853
0,1,2,3,3.472463,74672.321224
0,1,2,3,3.472222,74630.781815
0,1,2,3,3.471981,74424.744723
0,1,2,3,3.471740,74336.785828
0,1,2,3,3.471499,74283.969011
0,1,2,3,3.471258,74265.265385
0,1,2,3,3.471017,73945.013244
0,1,2,3,3.470776,73867.402913
0,1,2,3,3.470535,73864.465992
0,1,2,3,3.470294,73712.239026
0,1,2,3,3.470053,73689.067136
0,1,2,3,3.469813,73654.985610
0,1,2,3,3.469572,73609.613073
0,1,2,3,3.469331,73597.914655
0,1,2,3,3.469090,73440.275421
0,1,2,3,3.468850,73409.791633
0,1,2,3,3.468609,73379.253520
0,1,2,3,3.468368,73373.971896
0,1,2,3,3.468128,73323.921033
0,1,2,3,3.467887,73312.617285
0,1,2,3,3.467647,73265.676755
0,1,2,3,3.467406,73222.620535
0,1,2,3,3.467166,73189.772345
0,1,2,3,3.466926,73106.938374
0,1,2,3,3.466685,72949.414397
0,1,2,3,3.466445,72919.277492
0,1,2,3,3.466205,72893.849088
0,1,2,3,3.465964,72858.899308
0,1,2,3,3.465724,72813.860934
0,1,2,3,3.465484,72625.359812
0,1,2,3,3.465244,72585.963907
0,1,2,3,3.465003,72508.482790
0,1,2,3,3.464763,72476.735381
0,1,2,3,3.464523,72458.005608
0,1,2,3,3.464283,72372.395052
0,1,2,3,3.464043,72227.911520
0,1,2,3,3.463803,72172.963522
0,1,2,3,3.463563,72104.109267
0,1,2,3,3.463323,72060.962277
0,1,2,3,3.463084,72055.531305
0,1,2,3,3.462844,72040.415475
0,1,2,3,3.462604,71907.079984
0,1,2,3,3.462364,71882.852828
0,1,2,3,3.462124,71847.266913
0,1,2,3,3.461885,71797.021471
0,1,2,3,3.461645,71747.356545
0,1,2,3,3.461405,71641.444211
0,1,2,3,3.461166,71634.736027
0,1,2,3,3.460926,71612.486257
0,1,2,3,3.460687,71459.579240
0,1,2,3,3.460447,71429.556837
0,1,2,3,3.460208,71423.426335
0,1,2,3,3.459968,71345.462337
0,1,2,3,3.459729,71289.053933
0,1,2,3,3.459489,71223.886902
0,1,2,3,3.459250,71153.931169
0,1,2,3,3.459011,71067.205765
0,1,2,3,3.458771,70936.224599
0,1,2,3,3.458532,70907.391852
0,1,2,3,3.458293,70845.857387
0,1,2,3,3.458054,70838.118308
0,1,2,3,3.457815,70827.111577
0,1,2,3,3.457576,70820.372702
0,1,2,3,3.457336,70791.197079
0,1,2,3,3.457097,70719.306512
0,1,2,3,3.456858,70694.854182
0,1,2,3,3.456619,70636.249957
0,1,2,3,3.456380,70614.339472
0,1,2,3,3.456142,70598.226626
0,1,2,3,3.455903,70585.435823
0,1,2,3,3.455664,70492.750496
0,1,2,3,3.455425,70447.747242
0,1,2,3,3.455186,70410.789041
0,1,2,3,3.454947,70381.954402
0,1,2,3,3.454709,70223.031116
0,1,2,3,3.454470,70038.067069
0,1,2,3,3.454231,69954.103443
0,1,2,3,3.453993,69912.326413
0,1,2,3,3.453754,69899.786926
0,1,2,3,3.453516,69897.147556
0,1,2,3,3.453277,69758.241833
0,1,2,3,3.453039,69681.229594
0,1,2,3,3.452800,69681.199309
0,1,2,3,3.452562,69655.501706
0,1,2,3,3.452323,69501.937006
0,1,2,3,3.452085,69369.962763
0,1,2,3,3.451847,69211.035849
0,1,2,3,3.451608,69052.995720
0,1,2,3,3.451370,69011.083772
0,1,2,3,3.451132,68840.346429
0,1,2,3,3.450894,68755.501928
0,1,2,3,3.450656,68692.329458
0,1,2,3,3.450418,68672.943535
0,1,2,3,3.450179,68620.067504
0,1,2,3,3.449941,68562.343251
0,1,2,3,3.449703,68487.618287
0,1,2,3,3.449465,68474.964966
0,1,2,3,3.449227,68310.658073
0,1,2,3,3.448989,68291.719571
0,1,2,3,3.448752,68264.332605
0,1,2,3,3.448514,68211.844713
0,1,2,3,3.448276,68137.180640
0,1,2,3,3.448038,68127.570191
0,1,2,3,3.447800,67974.345194
0,1,2,3,3.447563,67960.289871
0,1,2,3,3.447325,67916.577314
0,1,2,3,3.447087,67890.236819
0,1,2,3,3.446850,67578.202632
0,1,2,3,3.446612,67563.144802
0,1,2,3,3.446374,67505.582524
0,1,2,3,3.446137,67497.359623
0,1,2,3,3.445899,67430.123743
0,1,2,3,3.445662,67425.382713
0,1,2,3,3.445424,67357.675011
0,1,2,3,3.445187,67339.818445
0,1,2,3,3.444950,67317.715598
0,1,2,3,3.444712,67196.175906
0,1,2,3,3.444475,67132.249255
0,1,2,3,3.444238,67072.523891
0,1,2,3,3.444001,66943.433932
0,1,2,3,3.443763,66914.752145
0,1,2,3,3.443526,66897.299090
0,1,2,3,3.443289,66894.369373
0,1,2,3,3.443052,66894.083826
0,1,2,3,3.442815,66825.492218
0,1,2,3,3.442578,66800.364291
0,1,2,3,3.442341,66788.055429
0,1,2,3,3.442104,66782.574412
0,1,2,3,3.441867,66768.655089
0,1,2,3,3.441630,66740.896446
0,1,2,3,3.441393,66620.828849
0,1,2,3,3.441156,66601.686883
0,1,2,3,3.440919,66569.601941
0,1,2,3,3.440683,66552.754577
0,1,2,3,3.440446,66541.706908
0,1,2,3,3.440209,66529.018493
0,1,2,3,3.439972,66476.239529
0,1,2,3,3.439736,66361.689003
0,1,2,3,3.439499,66251.044383
0,1,2,3,3.439263,66240.192383
0,1,2,3,3.439026,66175.482517
0,1,2,3,3.438790,66095.539749
0,1,2,3,3.438553,65970.870836
0,1,2,3,3.438317,65921.328410
0,1,2,3,3.438080,65899.295017
0,1,2,3,3.437844,65842.222038
0,1,2,3,3.437607,65823.901113
0,1,2,3,3.437371,65723.788147
0,1,2,3,3.437135,65705.404077
0,1,2,3,3.436899,65680.188548
0,1,2,3,3.436662,65679.483862
0,1,2,3,3.436426,65677.987041
0,1,2,3,3.436190,65577.730142
0,1,2,3,3.435954,65527.664989
0,1,2,3,3.435718,65493.537355
0,1,2,3,3.435482,65456.248108
0,1,2,3,3.435246,65438.760783
0,1,2,3,3.435010,65438.296737
0,1,2,3,3.434774,65297.049434
0,1,2,3,3.434538,65272.213154
0,1,2,3,3.434302,65241.464652
0,1,2,3,3.434066,65193.642770
0,1,2,3,3.433830,65175.641071
0,1,2,3,3.433594,65141.861193
0,1,2,3,3.433359,65135.228207
0,1,2,3,3.433123,65093.199890
0,1,2,3,3.432887,65091.938497
0,1,2,3,3.432651,65091.106990
0,1,2,3,3.432416,65070.297423
0,1,2,3,3.432180,65062.015852
0,1,2,3,3.431945,64969.237274
0,1,2,3,3.431709,64899.332656
0,1,2,3,3.431473,64886.336035
0,1,2,3,3.431238,64860.759163
0,1,2,3,3.431003,64842.179043
0,1,2,3,3.430767,64752.978228
0,1,2,3,3.430532,64611.994452
0,1,2,3,3.430296,64488.803777
0,1,2,3,3.430061,64386.073713
0,1,2,3,3.429826,64370.776892
0,1,2,3,3.429591,64253.337760
0,1,2,3,3.429355,64246.733424
0,1,2,3,3.429120,64095.781326
0,1,2,3,3.428885,64061.508235
0,1,2,3,3.428650,63966.663217
0,1,2,3,3.428415,63820.796203
0,1,2,3,3.428180,63746.944270
0,1,2,3,3.427945,63698.617209
0,1,2,3,3.427710,63543.392914
0,1,2,3,3.427475,63454.611501
0,1,2,3,3.427240,63423.900719
0,1,2,3,3.427005,63331.121833
0,1,2,3,3.426770,63244.653430
0,1,2,3,3.426535,63223.918515
0,1,2,3,3.426300,63166.978029
0,1,2,3,3.426066,63143.320320
0,1,2,3,3.425831,63109.743522
0,1,2,3,3.425596,62968.015960
0,1,2,3,3.425361,62768.472351
0,1,2,3,3.425127,62628.746599
0,1,2,3,3.424892,62626.348252
0,1,2,3,3.424658,62621.879000
0,1,2,3,3.424423,62539.590415
0,1,2,3,3.424188,62466.188793
0,1,2,3,3.423954,62390.956158
0,1,2,3,3.423720,62359.539507
0,1,2,3,3.423485,62344.938049
0,1,2,3,3.423251,62277.236303
0,1,2,3,3.423016,62276.705361
0,1,2,3,3.422782,62114.356625
0,1,2,3,3.422548,62045.779542
0,1,2,3,3.422313,62041.076591
0,1,2,3,3.422079,61885.474129
0,1,2,3,3.421845,61842.025288
0,1,2,3,3.421611,61766.642628
0,1,2,3,3.421377,61725.045354
0,1,2,3,3.421143,61722.127895
0,1,2,3,3.420909,61715.381933
0,1,2,3,3.420675,61701.773598
0,1,2,3,3.420441,61636.487073
0,1,2,3,3.420207,61507.577814
0,1,2,3,3.419973,61412.784376
0,1,2,3,3.419739,61229.598512
0,1,2,3,3.419505,61181.748452
0,1,2,3,3.419271,61058.633781
0,1,2,3,3.419037,61015.035409
0,1,2,3,3.418803,60994.991178
0,1,2,3,3.418570,60955.425125
0,1,2,3,3.418336,60887.317229
0,1,2,3,3.418102,60840.994632
0,1,2,3,3.417869,60805.024357
0,1,2,3,3.417635,60749.878020
0,1,2,3,3.417401,60746.336605
0,1,2,3,3.417168,60728.056228
0,1,2,3,3.416934,60693.742398
0,1,2,3,3.416701,60537.396396
0,1,2,3,3.416467,60510.727749
0,1,2,3,3.416234,60458.005664
0,1,2,3,3.416001,60443.596712
0,1,2,3,3.415767,60416.382716
0,1,2,3,3.415534,60364.044850
0,1,2,3,3.415301,60271.685273
0,1,2,3,3.415067,60249.113711
0,1,2,3,3.414834,60215.482146
0,1,2,3,3.414601,60118.207814
0,1,2,3,3.414368,60090.818183
0,1,2,3,3.414135,59952.256183
0,1,2,3,3.413901,59865.496304
0,1,2,3,3.413668,59822.509766
0,1,2,3,3.413435,59801.098518
0,1,2,3,3.413202,59793.654700
0,1,2,3,3.412969,59772.425837
0,1,2,3,3.412736,59697.180622
0,1,2,3,3.412503,59608.151007
0,1,2,3,3.412271,59573.374722
0,1,2,3,3.412038,59563.552086
0,1,2,3,3.411805,59513.535984
0,1,2,3,3.411572,59483.467013
0,1,2,3,3.411339,59450.086481
0,1,2,3,3.411107,59380.909506
0,1,2,3,3.410874,59368.570361
0,1,2,3,3.410641,59352.816903
0,1,2,3,3.410409,59308.292177
0,1,2,3,3.410176,59308.000283
0,1,2,3,3.409943,59223.252642
0,1,2,3,3.409711,59205.929968
0,1,2,3,3.409478,59172.632550
0,1,2,3,3.409246,59142.407955
0,1,2,3,3.409013,59117.323278
0,1,2,3,3.408781,59033.334160
0,1,2,3,3.408549,58907.772336
0,1,2,3,3.408316,58878.707312
0,1,2,3,3.408084,58806.415775
0,1,2,3,3.407852,58727.632482
0,1,2,3,3.407619,58696.970588
0,1,2,3,3.407387,58668.125050
0,1,2,3,3.407155,58661.575001
0,1,2,3,3.406923,58542.396235
0,1,2,3,3.406691,58506.575611
0,1,2,3,3.406459,58485.301606
0,1,2,3,3.406227,58412.831321
0,1,2,3,3.405995,58352.163633
0,1,2,3,3.405763,58251.598593
0,1,2,3,3.405531,58237.127328
0,1,2,3,3.405299,58233.702876
0,1,2,3,3.405067,58120.839538
0,1,2,3,3.404835,58044.192778
0,1,2,3,3.404603,58028.168497
0,1,2,3,3.404371,57986.828477
0,1,2,3,3.404139,57947.927477
0,1,2,3,3.403908,57694.347610
0,1,2,3,3.403676,57671.672136
0,1,2,3,3.403444,57570.224697
0,1,2,3,3.403213,57546.356043
0,1,2,3,3.402981,57477.946074
0,1,2,3,3.402749,57376.339717
0,1,2,3,3.402518,57293.566476
0,1,2,3,3.402286,57219.732084
0,1,2,3,3.402055,57213.297326
0,1,2,3,3.401823,57148.585193
0,1,2,3,3.401592,57147.446857
0,1,2,3,3.401361,57091.321063
0,1,2,3,3.401129,57081.969995
0,1,2,3,3.400898,57080.433726
0,1,2,3,3.400667,57062.996639
0,1,2,3,3.400435,57012.564729
0,1,2,3,3.400204,57000.496485
0,1,2,3,3.399973,56884.438853
0,1,2,3,3.399742,56854.085675
0,1,2,3,3.399510,56834.667183
0,1,2,3,3.399279,56812.551427
0,1,2,3,3.399048,56805.048584
0,1,2,3,3.398817,56640.240250
0,1,2,3,3.398586,56596.796272
0,1,2,3,3.398355,56456.399300
0,1,2,3,3.398124,56378.257134
0,1,2,3,3.397893,56377.134730
0,1,2,3,3.397662,56346.115163
0,1,2,3,3.397432,56330.415358
0,1,2,3,3.397201,56328.100682
0,1,2,3,3.396970,56295.841322
0,1,2,3,3.396739,56185.416807
0,1,2,3,3.396508,56062.827939
0,1,2,3,3.396278,56056.433244
0,1,2,3,3.396047,55908.807348
0,1,2,3,3.395816,55678.503696
0,1,2,3,3.395586,55673.840639
0,1,2,3,3.395355,55562.367758
0,1,2,3,3.395125,55498.228165
0,1,2,3,3.394894,55492.322242
0,1,2,3,3.394664,55438.502814
0,1,2,3,3.394433,55250.581925
0,1,2,3,3.394203,55200.387552
0,1,2,3,3.393972,55199.849971
0,1,2,3,3.393742,55157.817438
0,1,2,3,3.393512,55151.823340
0,1,2,3,3.393281,55143.718281
0,1,2,3,3.393051,55112.419028
0,1,2,3,3.392821,54987.897082
0,1,2,3,3.392591,54984.510734
0,1,2,3,3.392360,54979.720755
0,1,2,3,3.392130,54871.846647
0,1,2,3,3.391900,54724.391034
0,1,2,3,3.391670,54703.601522
0,1,2,3,3.391440,54698.519527
0,1,2,3,3.391210,54629.502497
0,1,2,3,3.390980,54624.454505
0,1,2,3,3.390750,54586.615445
0,1,2,3,3.390520,54586.213050
0,1,2,3,3.390290,54482.091623
0,1,2,3,3.390060,54415.553377
0,1,2,3,3.389831,54406.846495
0,1,2,3,3.389601,54337.575350
0,1,2,3,3.389371,54321.485378
0,1,2,3,3.389141,54295.631909
0,1,2,3,3.388911,54288.854340
0,1,2,3,3.388682,54250.263211
0,1,2,3,3.388452,54166.876754
0,1,2,3,3.388223,54119.563236
0,1,2,3,3.387993,54068.320598
0,1,2,3,3.387763,54065.820002
0,1,2,3,3.387534,54059.459597
0,1,2,3,3.387304,54029.901224
0,1,2,3,3.387075,53937.119784
0,1,2,3,3.386845,53922.424333
0,1,2,3,3.386616,53919.927272
0,1,2,3,3.386387,53856.826955
0,1,2,3,3.386157,53756.320085
0,1,2,3,3.385928,53697.146417
0,1,2,3,3.385699,53674.849798
0,1,2,3,3.385470,53617.509660
0,1,2,3,3.385240,53543.597089
0,1,2,3,3.385011,53488.512423
0,1,2,3,3.384782,53483.511265
0,1,2,3,3.384553,53471.182295
0,1,2,3,3.384324,53433.094437
0,1,2,3,3.384095,53354.400948
0,1,2,3,3.383866,53235.663893
0,1,2,3,3.383637,53158.916348
0,1,2,3,3.383408,53118.773779
0,1,2,3,3.383179,53026.350224
0,1,2,3,3.382950,53016.279983
0,1,2,3,3.382721,53015.379629
0,1,2,3,3.382492,53011.937636
0,1,2,3,3.382263,52975.122122
0,1,2,3,3.382035,52963.873198
0,1,2,3,3.381806,52898.144315
0,1,2,3,3.381577,52802.941599
0,1,2,3,3.381348,52784.002219
0,1,2,3,3.381120,52782.493354
0,1,2,3,3.380891,52741.738418
0,1,2,3,3.380663,52690.083900
0,1,2,3,3.380434,52605.744097
0,1,2,3,3.380206,52537.121629
0,1,2,3,3.379977,52517.388175
0,1,2,3,3.379749,52459.119785
0,1,2,3,3.379520,52380.967705
0,1,2,3,3.379292,52309.029989
0,1,2,3,3.379063,52299.144818
0,1,2,3,3.378835,52256.408091
0,1,2,3,3.378607,52149.820294
0,1,2,3,3.378378,52129.791145
0,1,2,3,3.378150,52121.519160
0,1,2,3,3.377922,52057.070949
0,1,2,3,3.377694,52045.647629
0,1,2,3,3.377466,52022.430934
0,1,2,3,3.377237,51869.756924
0,1,2,3,3.377009,51786.809884
0,1,2,3,3.376781,51755.270358
0,1,2,3,3.376553,51734.223785
0,1,2,3,3.376325,51691.869266
0,1,2,3,3.376097,51624.076716
0,1,2,3,3.375869,51542.575212
0,1,2,3,3.375641,51503.424978
0,1,2,3,3.375413,51421.619933
0,1,2,3,3.375186,51266.183152
0,1,2,3,3.374958,51156.679087
0,1,2,3,3.374730,51117.420589
0,1,2,3,3.374502,51116.924587
0,1,2,3,3.374275,51077.625077
0,1,2,3,3.374047,50977.723407
0,1,2,3,3.373819,50825.078299
0,1,2,3,3.373592,50820.735841
0,1,2,3,3.373364,50796.866414
0,1,2,3,3.373136,50758.216960
0,1,2,3,3.372909,50756.182606
0,1,2,3,3.372681,50709.621092
0,1,2,3,3.372454,50572.820010
0,1,2,3,3.372226,50474.692392
0,1,2,3,3.371999,50402.519403
0,1,2,3,3.371772,50276.600484
0,1,2,3,3.371544,50123.128796
0,1,2,3,3.371317,50079.987631
0,1,2,3,3.371090,49879.293342
0,1,2,3,3.370862,49871.032782
0,1,2,3,3.370635,49458.819818
0,1,2,3,3.370408,49432.674472
0,1,2,3,3.370181,49417.489215
0,1,2,3,3.369953,49395.734117
0,1,2,3,3.369726,49378.740666
0,1,2,3,3.369499,49372.735862
0,1,2,3,3.369272,49328.544925
0,1,2,3,3.369045,49293.053566
0,1,2,3,3.368818,49217.911619
0,1,2,3,3.368591,49110.362654
0,1,2,3,3.368364,49029.384793
0,1,2,3,3.368137,48982.762218
0,1,2,3,3.367911,48898.898888
0,1,2,3,3.367684,48860.426934
0,1,2,3,3.367457,48817.215676
0,1,2,3,3.367230,48726.732015
0,1,2,3,3.367003,48722.591358
0,1,2,3,3.366777,48678.073293
0,1,2,3,3.366550,48662.251315
0,1,2,3,3.366323,48662.117588
0,1,2,3,3.366097,48580.384093
0,1,2,3,3.365870,48514.971379
0,1,2,3,3.365644,48488.038198
0,1,2,3,3.365417,48465.481421
0,1,2,3,3.365190,48292.759611
0,1,2,3,3.364964,48197.907128
0,1,2,3,3.364738,48196.908666
0,1,2,3,3.364511,48171.619328
0,1,2,3,3.364285,48152.732313
0,1,2,3,3.364058,48110.500693
0,1,2,3,3.363832,48107.730087
0,1,2,3,3.363606,48078.726322
0,1,2,3,3.363380,48065.501469
0,1,2,3,3.363153,47996.692396
0,1,2,3,3.362927,47979.562407
0,1,2,3,3.362701,47942.487226
0,1,2,3,3.362475,47931.068063
0,1,2,3,3.362249,47925.500483
0,1,2,3,3.362023,47916.244562
0,1,2,3,3.361797,47871.055870
0,1,2,3,3.361571,47857.795032
0,1,2,3,3.361345,47845.703707
0,1,2,3,3.361119,47835.680024
0,1,2,3,3.360893,47811.573971
0,1,2,3,3.360667,47747.844285
0,1,2,3,3.360441,47701.149287
0,1,2,3,3.360215,47601.596955
0,1,2,3,3.359989,47583.835993
0,1,2,3,3.359763,47566.656343
0,1,2,3,3.359538,47565.400458
0,1,2,3,3.359312,47562.898133
0,1,2,3,3.359086,47463.106418
0,1,2,3,3.358861,47349.578119
0,1,2,3,3.358635,47241.349991
0,1,2,3,3.358409,47198.766462
0,1,2,3,3.358184,47008.418367
0,1,2,3,3.357958,46997.535606
0,1,2,3,3.357733,46857.783024
0,1,2,3,3.357507,46798.991354
0,1,2,3,3.357282,46678.734700
0,1,2,3,3.357057,46629.238022
0,1,2,3,3.356831,46617.886139
0,1,2,3,3.356606,46569.950157
0,1,2,3,3.356380,46538.830801
0,1,2,3,3.356155,46459.150748
0,1,2,3,3.355930,46437.151329
0,1,2,3,3.355705,46429.815664
0,1,2,3,3.355479,46412.284074
0,1,2,3,3.355254,46326.372521
0,1,2,3,3.355029,46322.701096
0,1,2,3,3.354804,46318.439874
0,1,2,3,3.354579,46265.862995
0,1,2,3,3.354354,46259.925946
0,1,2,3,3.354129,46159.883013
0,1,2,3,3.353904,46153.469717
0,1,2,3,3.353679,46111.521481
0,1,2,3,3.353454,45962.255906
0,1,2,3,3.353229,45894.497082
0,1,2,3,3.353004,45873.561696
0,1,2,3,3.352779,45858.170058
0,1,2,3,3.352555,45813.991564
0,1,2,3,3.352330,45813.890583
0,1,2,3,3.352105,45780.250891
0,1,2,3,3.351880,45765.574023
0,1,2,3,3.351656,45675.702635
0,1,2,3,3.351431,45522.525533
0,1,2,3,3.351206,45484.856473
0,1,2,3,3.350982,45450.672136
0,1,2,3,3.350757,45408.630929
0,1,2,3,3.350533,45400.365717
0,1,2,3,3.350308,45326.229827
0,1,2,3,3.350084,45274.364604
0,1,2,3,3.349859,45271.677373
0,1,2,3,3.349635,45221.580711
0,1,2,3,3.349411,45211.803273
0,1,2,3,3.349186,45206.032717
0,1,2,3,3.348962,45153.515800
0,1,2,3,3.348738,45095.070804
0,1,2,3,3.348513,45081.420567
0,1,2,3,3.348289,44999.550448
0,1,2,3,3.348065,44951.422495
0,1,2,3,3.347841,44921.954434
0,1,2,3,3.347616,44882.054324
0,1,2,3,3.347392,44864.553845
0,1,2,3,3.347168,44796.142123
0,1,2,3,3.346944,44786.834821
0,1,2,3,3.346720,44763.703959
0,1,2,3,3.346496,44751.378267
0,1,2,3,3.346272,44690.076761
0,1,2,3,3.346048,44553.806677
0,1,2,3,3.345824,44511.373801
0,1,2,3,3.345601,44457.238353
0,1,2,3,3.345377,44430.884871
0,1,2,3,3.345153,44412.789040
0,1,2,3,3.344929,44395.233025
0,1,2,3,3.344705,44364.242081
0,1,2,3,3.344482,44272.473605
0,1,2,3,3.344258,44251.655689
0,1,2,3,3.344034,44236.806329
0,1,2,3,3.343811,44092.988237
0,1,2,3,3.343587,44004.390846
0,1,2,3,3.343363,43973.243903
0,1,2,3,3.343140,43922.561102
0,1,2,3,3.342916,43919.995759
0,1,2,3,3.342693,43833.417674
0,1,2,3,3.342469,43784.153988
0,1,2,3,3.342246,43711.464979
0,1,2,3,3.342023,43688.902080
0,1,2,3,3.341799,43618.170911
0,1,2,3,3.341576,43443.741352
0,1,2,3,3.341353,43362.107930
0,1,2,3,3.341129,43349.271922
0,1,2,3,3.340906,43250.371575
0,1,2,3,3.340683,43212.192505
0,1,2,3,3.340460,43197.621571
0,1,2,3,3.340236,43168.857790
0,1,2,3,3.340013,43145.635882
0,1,2,3,3.339790,43145.624819
0,1,2,3,3.339567,43089.153141
0,1,2,3,3.339344,43073.528583
0,1,2,3,3.339121,42989.438547
0,1,2,3,3.338898,42988.318051
0,1,2,3,3.338675,42966.681527
0,1,2,3,3.338452,42873.597374
0,1,2,3,3.338229,42862.831760
0,1,2,3,3.338007,42830.997074
0,1,2,3,3.337784,42804.678525
0,1,2,3,3.337561,42694.305172
0,1,2,3,3.337338,42652.502010
0,1,2,3,3.337115,42613.505604
0,1,2,3,3.336893,42574.660021
0,1,2,3,3.336670,42545.469804
0,1,2,3,3.336447,42404.619408
0,1,2,3,3.336225,42337.997841
0,1,2,3,3.336002,42258.544353
0,1,2,3,3.335780,42211.598154
0,1,2,3,3.335557,42140.471270
0,1,2,3,3.335335,42129.515790
0,1,2,3,3.335112,42077.245945
0,1,2,3,3.334890,42063.116069
0,1,2,3,3.334667,41935.123327
0,1,2,3,3.334445,41870.366752
0,1,2,3,3.334222,41815.119625
0,1,2,3,3.334000,41787.549657
0,1,2,3,3.333778,41761.601312
0,1,2,3,3.333556,41757.079463
0,1,2,3,3.333333,41614.816144
0,1,2,3,3.333111,41596.370602
0,1,2,3,3.332889,41569.473655
0,1,2,3,3.332667,41539.768162
0,1,2,3,3.332445,41466.129350
0,1,2,3,3.332223,41454.537713
0,1,2,3,3.332001,41431.036526
0,1,2,3,3.331779,41382.131926
0,1,2,3,3.331557,41334.472241
0,1,2,3,3.331335,41175.968897
0,1,2,3,3.331113,41150.692425
0,1,2,3,3.330891,41094.807849
0,1,2,3,3.330669,41044.128394
0,1,2,3,3.330447,41004.237300
0,1,2,3,3.330225,40992.469838
0,1,2,3,3.330003,40831.447545
0,1,2,3,3.329782,40758.068764
0,1,2,3,3.329560,40702.053567
0,1,2,3,3.329338,40597.036791
0,1,2,3,3.329116,40575.716566
0,1,2,3,3.328895,40543.294792
0,1,2,3,3.328673,40508.009562
0,1,2,3,3.328452,40441.543106
0,1,2,3,3.328230,40419.608315
0,1,2,3,3.328009,40417.326348
0,1,2,3,3.327787,40393.203703
0,1,2,3,3.327566,40349.924065
0,1,2,3,3.327344,40257.015329
0,1,2,3,3.327123,40237.023795
0,1,2,3,3.326901,39989.599753
0,1,2,3,3.326680,39981.687261
0,1,2,3,3.326459,39937.669731
0,1,2,3,3.326237,39894.947235
0,1,2,3,3.326016,39860.707708
0,1,2,3,3.325795,39819.712731
0,1,2,3,3.325574,39799.517284
0,1,2,3,3.325352,39716.677825
0,1,2,3,3.325131,39659.449562
0,1,2,3,3.324910,39619.766525
0,1,2,3,3.324689,39575.225079
0,1,2,3,3.324468,39552.400038
0,1,2,3,3.324247,39431.829572
0,1,2,3,3.324026,39294.833980
0,1,2,3,3.323805,39243.277915
0,1,2,3,3.323584,39119.909585
0,1,2,3,3.323363,39090.163109
0,1,2,3,3.323142,39031.161113
0,1,2,3,3.322922,39011.824925
0,1,2,3,3.322701,38976.281915
0,1,2,3,3.322480,38901.070583
0,1,2,3,3.322259,38879.337358
0,1,2,3,3.322038,38873.895575
0,1,2,3,3.321818,38840.174543
0,1,2,3,3.321597,38799.926110
0,1,2,3,3.321376,38796.896749
0,1,2,3,3.321156,38786.649220
0,1,2,3,3.320935,38784.849591
0,1,2,3,3.320715,38761.110002
0,1,2,3,3.320494,38717.459417
0,1,2,3,3.320274,38639.147719
0,1,2,3,3.320053,38606.393965
0,1,2,3,3.319833,38598.271258
0,1,2,3,3.319612,38566.598265
0,1,2,3,3.319392,38377.240437
0,1,2,3,3.319172,38373.266335
0,1,2,3,3.318951,38366.695683
0,1,2,3,3.318731,38280.570491
0,1,2,3,3.318511,38257.440692
0,1,2,3,3.318290,38191.020391
0,1,2,3,3.318070,38052.619158
0,1,2,3,3.317850,38024.373772
0,1,2,3,3.317630,37976.369984
0,1,2,3,3.317410,37959.788741
0,1,2,3,3.317190,37848.313387
0,1,2,3,3.316970,37795.221396
0,1,2,3,3.316750,37766.645995
0,1,2,3,3.316530,37764.462857
0,1,2,3,3.316310,37591.513266
0,1,2,3,3.316090,37565.089291
0,1,2,3,3.315870,37537.514455
0,1,2,3,3.315650,37526.863155
0,1,2,3,3.315430,37415.227295
0,1,2,3,3.315210,37367.995026
0,1,2,3,3.314990,37304.342831
0,1,2,3,3.314771,37287.053077
0,1,2,3,3.314551,37195.904578
0,1,2,3,3.314331,37191.872092
0,1,2,3,3.314111,37181.952528
0,1,2,3,3.313892,37135.961638
0,1,2,3,3.313672,37083.194957
0,1,2,3,3.313453,37083.025962
0,1,2,3,3.313233,36969.320015
0,1,2,3,3.313014,36956.160175
0,1,2,3,3.312794,36913.955220
0,1,2,3,3.312575,36897.519832
0,1,2,3,3.312355,36748.395148
0,1,2,3,3.312136,36746.902990
0,1,2,3,3.311916,36741.277205
0,1,2,3,3.311697,36741.152512
0,1,2,3,3.311478,36575.682982
0,1,2,3,3.311258,36572.641494
0,1,2,3,3.311039,36540.880643
0,1,2,3,3.310820,36464.449454
0,1,2,3,3.310601,36403.129241
0,1,2,3,3.310381,36358.067344
0,1,2,3,3.310162,36203.707928
0,1,2,3,3.309943,36193.624351
0,1,2,3,3.309724,36188.844641
0,1,2,3,3.309505,36122.458771
0,1,2,3,3.309286,36076.300890
0,1,2,3,3.309067,36055.719877
0,1,2,3,3.308848,36048.415673
0,1,2,3,3.308629,35973.495833
0,1,2,3,3.308410,35952.345334
0,1,2,3,3.308191,35932.550377
0,1,2,3,3.307972,35920.907245
0,1,2,3,3.307753,35831.670785
0,1,2,3,3.307535,35691.009236
0,1,2,3,3.307316,35581.145163
0,1,2,3,3.307097,35579.200430
0,1,2,3,3.306878,35511.680827
0,1,2,3,3.306660,35294.502447
0,1,2,3,3.306441,35169.394577
0,1,2,3,3.306222,35155.676661
0,1,2,3,3.306004,35087.080026
0,1,2,3,3.305785,35013.839769
0,1,2,3,3.305567,34956.255704
0,1,2,3,3.305348,34810.313549
0,1,2,3,3.305130,34728.879312
0,1,2,3,3.304911,34698.323327
0,1,2,3,3.304693,34679.323674
0,1,2,3,3.304474,34599.229606
0,1,2,3,3.304256,34558.053158
0,1,2,3,3.304038,34519.043422
0,1,2,3,3.303819,34440.542584
0,1,2,3,3.303601,34403.704363
0,1,2,3,3.303383,34331.366099
0,1,2,3,3.303164,34322.641455
0,1,2,3,3.302946,34203.922262
0,1,2,3,3.302728,34134.280348
0,1,2,3,3.302510,33990.243666
0,1,2,3,3.302292,33806.619529
0,1,2,3,3.302074,33796.134179
0,1,2,3,3.301856,33760.818752
0,1,2,3,3.301638,33724.974202
0,1,2,3,3.301420,33709.808004
0,1,2,3,3.301202,33693.512533
0,1,2,3,3.300984,33588.404486
0,1,2,3,3.300766,33333.991077
0,1,2,3,3.300548,33249.762531
0,1,2,3,3.300330,33228.619926
0,1,2,3,3.300112,33168.003435
0,1,2,3,3.299894,33163.399605
0,1,2,3,3.299677,33122.036972
0,1,2,3,3.299459,33096.355635
0,1,2,3,3.299241,33029.912772
0,1,2,3,3.299023,32953.251751
0,1,2,3,3.298806,32900.953033
0,1,2,3,3.298588,32883.922559
0,1,2,3,3.298371,32863.492353
0,1,2,3,3.298153,32750.773729
0,1,2,3,3.297935,32749.577810
0,1,2,3,3.297718,32727.170167
0,1,2,3,3.297500,32711.909347
0,1,2,3,3.297283,32616.025478
0,1,2,3,3.297066,32380.642297
0,1,2,3,3.296848,32349.130899
0,1,2,3,3.296631,32126.603525
0,1,2,3,3.296414,32077.539173
0,1,2,3,3.296196,32073.093122
0,1,2,3,3.295979,32048.659424
0,1,2,3,3.295762,32017.927930
0,1,2,3,3.295544,31879.760576
0,1,2,3,3.295327,31850.871109
0,1,2,3,3.295110,31847.216310
0,1,2,3,3.294893,31665.986441
0,1,2,3,3.294676,31661.956256
0,1,2,3,3.294459,31620.634086
0,1,2,3,3.294242,31606.048042
0,1,2,3,3.294025,31501.870042
0,1,2,3,3.293808,31413.031402
0,1,2,3,3.293591,31232.038013
0,1,2,3,3.293374,31193.503001
0,1,2,3,3.293157,31178.158022
0,1,2,3,3.292940,31053.887785
0,1,2,3,3.292723,31053.603476
0,1,2,3,3.292506,30951.188350
0,1,2,3,3.292289,30813.325331
0,1,2,3,3.292073,30725.878162
0,1,2,3,3.291856,30684.448690
0,1,2,3,3.291639,30611.063629
0,1,2,3,3.291423,30561.625461
0,1,2,3,3.291206,30509.345609
0,1,2,3,3.290989,30368.558360
0,1,2,3,3.290773,30196.623793
0,1,2,3,3.290556,30194.050766
0,1,2,3,3.290340,30185.442124
0,1,2,3,3.290123,30124.864715
0,1,2,3,3.289907,30100.340315
0,1,2,3,3.289690,30061.483880
0,1,2,3,3.289474,29994.138070
0,1,2,3,3.289257,29980.921592
0,1,2,3,3.289041,29907.429088
0,1,2,3,3.288825,29903.182462
0,1,2,3,3.288608,29894.208074
0,1,2,3,3.288392,29880.772809
0,1,2,3,3.288176,29781.740112
0,1,2,3,3.287959,29748.681001
0,1,2,3,3.287743,29727.512373
0,1,2,3,3.287527,29610.600320
0,1,2,3,3.287311,29580.523499
0,1,2,3,3.287095,29539.616372
0,1,2,3,3.286879,29367.320261
0,1,2,3,3.286663,29346.100935
0,1,2,3,3.286447,29329.245212
0,1,2,3,3.286231,29221.025715
0,1,2,3,3.286015,29212.110877
0,1,2,3,3.285799,29151.297521
0,1,2,3,3.285583,28948.259031
0,1,2,3,3.285367,28892.386024
0,1,2,3,3.285151,28824.224953
0,1,2,3,3.284935,28732.075831
0,1,2,3,3.284719,28706.033296
0,1,2,3,3.284504,28500.468510
0,1,2,3,3.284288,28482.398322
0,1,2,3,3.284072,28336.837809
0,1,2,3,3.283857,28269.989485
0,1,2,3,3.283641,28188.412441
0,1,2,3,3.283425,28164.043809
0,1,2,3,3.283210,28084.876360
0,1,2,3,3.282994,28033.034053
0,1,2,3,3.282779,28024.169592
0,1,2,3,3.282563,27948.096926
0,1,2,3,3.282348,27893.298849
0,1,2,3,3.282132,27835.946369
0,1,2,3,3.281917,27824.628062
0,1,2,3,3.281701,27804.687909
0,1,2,3,3.281486,27688.427054
0,1,2,3,3.281271,27666.048739
0,1,2,3,3.281055,27559.812252
0,1,2,3,3.280840,27472.509758
0,1,2,3,3.280625,27345.790627
0,1,2,3,3.280409,27285.805063
0,1,2,3,3.280194,26992.781533
0,1,2,3,3.279979,26827.176916
0,1,2,3,3.279764,26760.336257
0,1,2,3,3.279549,26757.239538
0,1,2,3,3.279334,26718.817898
0,1,2,3,3.279119,26713.825549
0,1,2,3,3.278904,26651.854154
0,1,2,3,3.278689,26618.175826
0,1,2,3,3.278474,26400.825792
0,1,2,3,3.278259,26325.035156
0,1,2,3,3.278044,26271.095417
0,1,2,3,3.277829,26244.893370
0,1,2,3,3.277614,26228.248393
0,1,2,3,3.277399,26199.179386
0,1,2,3,3.277184,26141.848543
0,1,2,3,3.276969,26110.908856
0,1,2,3,3.276755,26018.322476
0,1,2,3,3.276540,26016.987907
0,1,2,3,3.276325,25849.034080
0,1,2,3,3.276111,25768.893339
0,1,2,3,3.275896,25753.649703
0,1,2,3,3.275681,25751.172121
0,1,2,3,3.275467,25695.975884
0,1,2,3,3.275252,25557.701658
0,1,2,3,3.275038,25506.699572
0,1,2,3,3.274823,25500.050325
0,1,2,3,3.274609,25485.085047
0,1,2,3,3.274394,25480.209031
0,1,2,3,3.274180,25433.234449
0,1,2,3,3.273965,25387.464208
0,1,2,3,3.273751,25382.772990
0,1,2,3,3.273537,25365.598572
0,1,2,3,3.273322,25329.514134
0,1,2,3,3.273108,25282.311796
0,1,2,3,3.272894,25253.467350
0,1,2,3,3.272680,25211.158047
0,1,2,3,3.272465,25149.451065
0,1,2,3,3.272251,25052.496121
0,1,2,3,3.272037,25049.483279
0,1,2,3,3.271823,25046.541187
0,1,2,3,3.271609,25014.505923
0,1,2,3,3.271395,24978.996547
0,1,2,3,3.271181,24937.842688
0,1,2,3,3.270967,24919.857375
0,1,2,3,3.270753,24897.671024
0,1,2,3,3.270539,24878.378897
0,1,2,3,3.270325,24833.714400
0,1,2,3,3.270111,24801.406664
0,1,2,3,3.269897,24800.294557
0,1,2,3,3.269683,24750.443666
0,1,2,3,3.269470,24736.120633
0,1,2,3,3.269256,24694.107794
0,1,2,3,3.269042,24620.073255
0,1,2,3,3.268828,24599.669967
0,1,2,3,3.268615,24595.090545
0,1,2,3,3.268401,24547.951441
0,1,2,3,3.268187,24464.145125
0,1,2,3,3.267974,24459.780479
0,1,2,3,3.267760,24435.440923
0,1,2,3,3.267547,24361.529489
0,1,2,3,3.267333,24312.971806
0,1,2,3,3.267120,24265.900759
0,1,2,3,3.266906,24250.803723
0,1,2,3,3.266693,24105.798965
0,1,2,3,3.266479,24009.087448
0,1,2,3,3.266266,23998.791651
0,1,2,3,3.266053,23933.496448
0,1,2,3,3.265839,23900.167397
0,1,2,3,3.265626,23822.647135
0,1,2,3,3.265413,23780.102726
0,1,2,3,3.265200,23705.922983
0,1,2,3,3.264986,23705.876958
0,1,2,3,3.264773,23667.732305
0,1,2,3,3.264560,23640.938530
0,1,2,3,3.264347,23629.692978
0,1,2,3,3.264134,23629.360987
0,1,2,3,3.263921,23615.333648
0,1,2,3,3.263708,23614.356531
0,1,2,3,3.263495,23514.058723
0,1,2,3,3.263282,23442.691152
0,1,2,3,3.263069,23324.294296
0,1,2,3,3.262856,23320.335682
0,1,2,3,3.262643,23181.415481
0,1,2,3,3.262430,23112.076707
0,1,2,3,3.262217,23105.262744
0,1,2,3,3.262004,23077.356497
0,1,2,3,3.261791,22992.419654
0,1,2,3,3.261579,22990.907213
0,1,2,3,3.261366,22965.233491
0,1,2,3,3.261153,22913.606397
0,1,2,3,3.260940,22879.157534
0,1,2,3,3.260728,22854.449031
0,1,2,3,3.260515,22793.561765
0,1,2,3,3.260303,22762.985074
0,1,2,3,3.260090,22695.811530
0,1,2,3,3.259877,22688.365016
0,1,2,3,3.259665,22664.518468
0,1,2,3,3.259452,22541.279717
0,1,2,3,3.259240,22499.000093
0,1,2,3,3.259028,22460.656004
0,1,2,3,3.258815,22448.023249
0,1,2,3,3.258603,22407.795277
0,1,2,3,3.258390,22322.902542
0,1,2,3,3.258178,22320.597119
0,1,2,3,3.257966,22220.723369
0,1,2,3,3.257753,22215.461484
0,1,2,3,3.257541,22196.868384
0,1,2,3,3.257329,22115.965841
0,1,2,3,3.257117,22027.705447
0,1,2,3,3.256905,21916.885106
0,1,2,3,3.256693,21862.065225
0,1,2,3,3.256480,21732.796493
0,1,2,3,3.256268,21681.576953
0,1,2,3,3.256056,21679.494699
0,1,2,3,3.255844,21662.198796
0,1,2,3,3.255632,21650.741785
0,1,2,3,3.255420,21541.923004
0,1,2,3,3.255208,21532.527785
0,1,2,3,3.254996,21340.890638
0,1,2,3,3.254785,21310.688128
0,1,2,3,3.254573,21163.128348
0,1,2,3,3.254361,20976.928103
0,1,2,3,3.254149,20899.984884
0,1,2,3,3.253937,20870.830576
0,1,2,3,3.253726,20809.095422
0,1,2,3,3.253514,20742.337289
0,1,2,3,3.253302,20738.648103
0,1,2,3,3.253090,20690.027406
0,1,2,3,3.252879,20684.952234
0,1,2,3,3.252667,20666.069259
0,1,2,3,3.252456,20397.662145
0,1,2,3,3.252244,20347.078801
0,1,2,3,3.252033,20328.515173
0,1,2,3,3.251821,20186.590958
0,1,2,3,3.251610,20096.339739
0,1,2,3,3.251398,20078.324505
0,1,2,3,3.251187,20049.850815
0,1,2,3,3.250975,20031.695272
0,1,2,3,3.250764,20026.137829
0,1,2,3,3.250553,19973.312827
0,1,2,3,3.250341,19965.437703
0,1,2,3,3.250130,19914.211862
0,1,2,3,3.249919,19907.443973
0,1,2,3,3.249708,19803.448122
0,1,2,3,3.249496,19749.381633
0,1,2,3,3.249285,19633.978726
0,1,2,3,3.249074,19623.574066
0,1,2,3,3.248863,19570.345881
0,1,2,3,3.248652,19467.160642
0,1,2,3,3.248441,19457.316734
0,1,2,3,3.248230,19413.611486
0,1,2,3,3.248019,19406.386611
0,1,2,3,3.247808,19383.242474
0,1,2,3,3.247597,19381.556433
0,1,2,3,3.247386,19364.387392
0,1,2,3,3.247175,19239.034129
0,1,2,3,3.246964,19171.027094
0,1,2,3,3.246753,19067.297302
0,1,2,3,3.246542,18983.735036
0,1,2,3,3.246332,18974.668445
0,1,2,3,3.246121,18939.251418
0,1,2,3,3.245910,18855.821093
0,1,2,3,3.245699,18852.554731
0,1,2,3,3.245489,18788.148428
0,1,2,3,3.245278,18787.100820
0,1,2,3,3.245067,18733.497775
0,1,2,3,3.244857,18642.065382
0,1,2,3,3.244646,18495.519548
0,1,2,3,3.244436,18489.056201
0,1,2,3,3.244225,18356.978134
0,1,2,3,3.244015,18144.460583
0,1,2,3,3.243804,18121.932153
0,1,2,3,3.243594,18113.733603
0,1,2,3,3.243383,18093.906994
0,1,2,3,3.243173,18013.547169
0,1,2,3,3.242963,18003.859708
0,1,2,3,3.242752,17990.517004
0,1,2,3,3.242542,17970.033396
0,1,2,3,3.242332,17933.869259
0,1,2,3,3.242122,17896.061252
0,1,2,3,3.241911,17759.585351
0,1,2,3,3.241701,17756.045060
0,1,2,3,3.241491,17706.762159
0,1,2,3,3.241281,17678.432433
0,1,2,3,3.241071,17627.872546
0,1,2,3,3.240861,17611.098411
0,1,2,3,3.240651,17534.486341
0,1,2,3,3.240441,17458.988950
0,1,2,3,3.240231,17402.327003
0,1,2,3,3.240021,17345.908590
0,1,2,3,3.239811,17334.158036
0,1,2,3,3.239601,17306.045106
0,1,2,3,3.239391,17305.533388
0,1,2,3,3.239181,17286.701555
0,1,2,3,3.238971,17266.607257
0,1,2,3,3.238761,17259.639728
0,1,2,3,3.238552,17239.112345
0,1,2,3,3.238342,17204.304414
0,1,2,3,3.238132,17186.546080
0,1,2,3,3.237923,17181.256862
0,1,2,3,3.237713,17097.757420
0,1,2,3,3.237503,17080.482855
0,1,2,3,3.237294,17037.316707
0,1,2,3,3.237084,16997.194026
0,1,2,3,3.236874,16954.088289
0,1,2,3,3.236665,16928.039007
0,1,2,3,3.236455,16670.877953
0,1,2,3,3.236246,16540.722264
0,1,2,3,3.236037,16396.541852
0,1,2,3,3.235827,16370.502861
0,1,2,3,3.235618,16369.494730
0,1,2,3,3.235408,16359.450660
0,1,2,3,3.235199,16343.824502
0,1,2,3,3.234990,16281.293963
0,1,2,3,3.234780,16270.320288
0,1,2,3,3.234571,16235.416017
0,1,2,3,3.234362,16206.943962
0,1,2,3,3.234153,16176.035839
0,1,2,3,3.233943,16052.340183
0,1,2,3,3.233734,16023.185365
0,1,2,3,3.233525,15990.177445
0,1,2,3,3.233316,15932.304830
0,1,2,3,3.233107,15925.735563
0,1,2,3,3.232898,15912.221618
0,1,2,3,3.232689,15875.007351
0,1,2,3,3.232480,15752.116426
0,1,2,3,3.232271,15734.891153
0,1,2,3,3.232062,15695.934355
0,1,2,3,3.231853,15664.513694
0,1,2,3,3.231644,15571.460474
0,1,2,3,3.231435,15530.557132
0,1,2,3,3.231227,15428.625479
0,1,2,3,3.231018,15389.661552
0,1,2,3,3.230809,15228.571467
0,1,2,3,3.230600,14803.755546
0,1,2,3,3.230392,14790.606632
0,1,2,3,3.230183,14709.211441
0,1,2,3,3.229974,14675.015971
0,1,2,3,3.229766,14667.100081
0,1,2,3,3.229557,14629.498686
0,1,2,3,3.229348,14566.393159
0,1,2,3,3.229140,14514.246200
0,1,2,3,3.228931,14514.031342
0,1,2,3,3.228723,14374.209458
0,1,2,3,3.228514,14257.582069
0,1,2,3,3.228306,14195.691823
0,1,2,3,3.228097,14100.616096
0,1,2,3,3.227889,13910.602563
0,1,2,3,3.227681,13901.296973
0,1,2,3,3.227472,13795.257087
0,1,2,3,3.227264,13706.647797
0,1,2,3,3.227056,13684.831467
0,1,2,3,3.226847,13665.638928
0,1,2,3,3.226639,13620.017358
0,1,2,3,3.226431,13587.016919
0,1,2,3,3.226223,13573.872146
0,1,2,3,3.226015,13573.448672
0,1,2,3,3.225806,13544.074999
0,1,2,3,3.225598,13482.730799
0,1,2,3,3.225390,13468.428917
0,1,2,3,3.225182,13398.413876
0,1,2,3,3.224974,13373.028316
0,1,2,3,3.224766,13285.339389
0,1,2,3,3.224558,13236.140820
0,1,2,3,3.224350,13222.545126
0,1,2,3,3.224142,13136.213197
0,1,2,3,3.223934,13112.253756
0,1,2,3,3.223727,13056.389274
0,1,2,3,3.223519,13053.273246
0,1,2,3,3.223311,13022.930142
0,1,2,3,3.223103,12918.142284
0,1,2,3,3.222895,12895.304001
0,1,2,3,3.222688,12867.635066
0,1,2,3,3.222480,12795.080465
0,1,2,3,3.222272,12715.939302
0,1,2,3,3.222065,12620.424209
0,1,2,3,3.221857,12579.743698
0,1,2,3,3.221649,12573.157932
0,1,2,3,3.221442,12532.324161
0,1,2,3,3.221234,12313.430700
0,1,2,3,3.221027,12284.106475
0,1,2,3,3.220819,12199.132788
0,1,2,3,3.220612,12100.951008
0,1,2,3,3.220404,12037.907977
0,1,2,3,3.220197,12033.717660
0,1,2,3,3.219990,11988.817855
0,1,2,3,3.219782,11780.612281
0,1,2,3,3.219575,11773.224072
0,1,2,3,3.219368,11748.589299
0,1,2,3,3.219160,11691.130424
0,1,2,3,3.218953,11649.423738
0,1,2,3,3.218746,11641.737859
0,1,2,3,3.218539,11609.990479
0,1,2,3,3.218332,11606.616664
0,1,2,3,3.218124,11446.716943
0,1,2,3,3.217917,11381.650946
0,1,2,3,3.217710,11358.920981
0,1,2,3,3.217503,11330.810855
0,1,2,3,3.217296,11299.709013
0,1,2,3,3.217089,11235.701536
0,1,2,3,3.216882,11171.352162
0,1,2,3,3.216675,11165.514712
0,1,2,3,3.216468,11155.014129
0,1,2,3,3.216261,11152.161918
0,1,2,3,3.216055,10963.004623
0,1,2,3,3.215848,10879.077418
0,1,2,3,3.215641,10862.305628
0,1,2,3,3.215434,10805.633346
0,1,2,3,3.215227,10803.129427
0,1,2,3,3.215021,10699.568076
0,1,2,3,3.214814,10680.063958
0,1,2,3,3.214607,10674.558474
0,1,2,3,3.214401,10638.055331
0,1,2,3,3.214194,10551.767118
0,1,2,3,3.213987,10407.438061
0,1,2,3,3.213781,10357.131767
0,1,2,3,3.213574,10118.912720
0,1,2,3,3.213368,10084.680650
0,1,2,3,3.213161,10044.881770
0,1,2,3,3.212955,10042.786959
0,1,2,3,3.212748,9949.075336
0,1,2,3,3.212542,9850.011898
0,1,2,3,3.212335,9841.892023
0,1,2,3,3.212129,9796.099548
0,1,2,3,3.211923,9794.723647
0,1,2,3,3.211716,9769.038717
0,1,2,3,3.211510,9738.780291
0,1,2,3,3.211304,9688.131636
0,1,2,3,3.211098,9665.630497
0,1,2,3,3.210891,9626.017546
0,1,2,3,3.210685,9555.166188
0,1,2,3,3.210479,9428.704992
0,1,2,3,3.210273,9412.523656
0,1,2,3,3.210067,9375.746827
0,1,2,3,3.209861,9364.294356
0,1,2,3,3.209655,9261.295124
0,1,2,3,3.209449,9208.940042
0,1,2,3,3.209243,9184.381089
0,1,2,3,3.209037,9159.839670
0,1,2,3,3.208831,9035.081300
0,1,2,3,3.208625,9006.241429
0,1,2,3,3.208419,8987.022198
0,1,2,3,3.208213,8975.475168
0,1,2,3,3.208007,8928.984941
0,1,2,3,3.207801,8862.867755
0,1,2,3,3.207596,8822.692524
0,1,2,3,3.207390,8817.822113
0,1,2,3,3.207184,8529.450069
0,1,2,3,3.206978,8441.286968
0,1,2,3,3.206773,8390.293852
0,1,2,3,3.206567,8306.864767
0,1,2,3,3.206361,8302.173792
0,1,2,3,3.206156,8299.462734
0,1,2,3,3.205950,8258.071468
0,1,2,3,3.205745,8237.902680
0,1,2,3,3.205539,8127.443554
0,1,2,3,3.205334,8124.814699
0,1,2,3,3.205128,8030.673153
0,1,2,3,3.204923,8014.170026
0,1,2,3,3.204717,8006.216559
0,1,2,3,3.204512,7994.674492
0,1,2,3,3.204307,7967.557068
0,1,2,3,3.204101,7928.212489
0,1,2,3,3.203896,7870.532900
0,1,2,3,3.203691,7823.622237
0,1,2,3,3.203485,7749.403658
0,1,2,3,3.203280,7682.714657
0,1,2,3,3.203075,7671.381818
0,1,2,3,3.202870,7633.983752
0,1,2,3,3.202665,7604.173942
0,1,2,3,3.202459,7500.549719
0,1,2,3,3.202254,7450.769340
0,1,2,3,3.202049,7382.095521
0,1,2,3,3.201844,7329.655752
0,1,2,3,3.201639,7292.268124
0,1,2,3,3.201434,7267.960724
0,1,2,3,3.201229,7257.977172
0,1,2,3,3.201024,7249.742210
0,1,2,3,3.200819,7213.108669
0,1,2,3,3.200615,7211.670993
0,1,2,3,3.200410,7131.414622
0,1,2,3,3.200205,7094.821964
0,1,2,3,3.200000,6818.077738
0,1,2,3,3.199795,6774.080617
0,1,2,3,3.199590,6764.632458
0,1,2,3,3.199386,6697.169486
0,1,2,3,3.199181,6693.535517
0,1,2,3,3.198976,6657.652713
0,1,2,3,3.198772,6571.142233
0,1,2,3,3.198567,6561.565508
0,1,2,3,3.198362,6522.731345
0,1,2,3,3.198158,6496.749362
0,1,2,3,3.197953,6446.092216
0,1,2,3,3.197749,6396.010957
0,1,2,3,3.197544,6390.768107
0,1,2,3,3.197340,6389.525595
0,1,2,3,3.197135,6287.355658
0,1,2,3,3.196931,6157.951461
0,1,2,3,3.196727,6137.236519
0,1,2,3,3.196522,6103.382639
0,1,2,3,3.196318,6028.831723
0,1,2,3,3.196114,6026.604944
0,1,2,3,3.195909,6023.848429
0,1,2,3,3.195705,6021.196385
0,1,2,3,3.195501,6010.933290
0,1,2,3,3.195297,5989.860360
0,1,2,3,3.195092,5967.318198
0,1,2,3,3.194888,5963.176184
0,1,2,3,3.194684,5940.345298
0,1,2,3,3.194480,5935.840764
0,1,2,3,3.194276,5734.572063
0,1,2,3,3.194072,5618.090867
0,1,2,3,3.193868,5570.710278
0,1,2,3,3.193664,5565.794376
0,1,2,3,3.193460,5478.014956
0,1,2,3,3.193256,5471.569160
0,1,2,3,3.193052,5428.144295
0,1,2,3,3.192848,5407.053395
0,1,2,3,3.192644,5389.167948
0,1,2,3,3.192440,5337.286698
0,1,2,3,3.192236,5305.398567
0,1,2,3,3.192033,5278.522472
0,1,2,3,3.191829,5206.727919
0,1,2,3,3.191625,5099.959228
0,1,2,3,3.191421,5085.986803
0,1,2,3,3.191218,4986.517179
0,1,2,3,3.191014,4980.344999
0,1,2,3,3.190810,4898.976069
0,1,2,3,3.190607,4878.633097
0,1,2,3,3.190403,4728.859744
0,1,2,3,3.190200,4523.160570
0,1,2,3,3.189996,4430.831079
0,1,2,3,3.189793,4427.057599
0,1,2,3,3.189589,4422.593220
0,1,2,3,3.189386,4414.381559
0,1,2,3,3.189182,4333.080883
0,1,2,3,3.188979,4300.029905
0,1,2,3,3.188776,4286.013711
0,1,2,3,3.188572,4260.836227
0,1,2,3,3.188369,4217.664942
0,1,2,3,3.188166,4167.055916
0,1,2,3,3.187962,4151.682292
0,1,2,3,3.187759,4143.350943
0,1,2,3,3.187556,4062.967889
0,1,2,3,3.187353,4008.487639
0,1,2,3,3.187149,3877.910437
0,1,2,3,3.186946,3843.261622
0,1,2,3,3.186743,3772.776400
0,1,2,3,3.186540,3658.454228
0,1,2,3,3.186337,3622.978025
0,1,2,3,3.186134,3567.822271
0,1,2,3,3.185931,3566.434885
0,1,2,3,3.185728,3554.491906
0,1,2,3,3.185525,3494.238239
0,1,2,3,3.185322,3461.299200
0,1,2,3,3.185119,3455.819314
0,1,2,3,3.184916,3446.695614
0,1,2,3,3.184713,3442.787814
0,1,2,3,3.184511,3399.740275
0,1,2,3,3.184308,3361.249967
0,1,2,3,3.184105,3335.075549
0,1,2,3,3.183902,3263.847760
0,1,2,3,3.183699,3198.950909
0,1,2,3,3.183497,3179.629874
0,1,2,3,3.183294,3156.525769
0,1,2,3,3.183091,3148.196157
0,1,2,3,3.182889,3073.487850
0,1,2,3,3.182686,3033.018762
0,1,2,3,3.182484,2932.966636
0,1,2,3,3.182281,2929.870624
0,1,2,3,3.182079,2906.704663
0,1,2,3,3.181876,2872.748810
0,1,2,3,3.181674,2827.795884
0,1,2,3,3.181471,2714.740570
0,1,2,3,3.181269,2614.280743
0,1,2,3,3.181066,2500.454703
0,1,2,3,3.180864,2477.641553
0,1,2,3,3.180662,2473.353816
0,1,2,3,3.180459,2378.220755
0,1,2,3,3.180257,2375.157215
0,1,2,3,3.180055,2373.414665
0,1,2,3,3.179852,2349.859190
0,1,2,3,3.179650,2310.679633
0,1,2,3,3.179448,2286.418529
0,1,2,3,3.179246,2270.163801
0,1,2,3,3.179044,2199.923218
0,1,2,3,3.178842,2174.639886
0,1,2,3,3.178640,2119.348249
0,1,2,3,3.178437,2061.429790
0,1,2,3,3.178235,2049.725995
0,1,2,3,3.178033,2024.671322
0,1,2,3,3.177831,1916.971758
0,1,2,3,3.177629,1824.955487
0,1,2,3,3.177428,1810.093517
0,1,2,3,3.177226,1763.674750
0,1,2,3,3.177024,1758.017628
0,1,2,3,3.176822,1733.609409
0,1,2,3,3.176620,1698.613674
0,1,2,3,3.176418,1638.366658
0,1,2,3,3.176216,1635.851925
0,1,2,3,3.176015,1629.404623
0,1,2,3,3.175813,1581.596050
0,1,2,3,3.175611,1573.238593
0,1,2,3,3.175410,1572.474144
0,1,2,3,3.175208,1440.557869
0,1,2,3,3.175006,1434.762879
0,1,2,3,3.174805,1430.044759
0,1,2,3,3.174603,1403.676966
0,1,2,3,3.174402,1379.134657
0,1,2,3,3.174200,1349.341843
0,1,2,3,3.173999,1343.618640
0,1,2,3,3.173797,1273.420113
0,1,2,3,3.173596,1228.537478
0,1,2,3,3.173394,1169.164600
0,1,2,3,3.173193,1154.540045
0,1,2,3,3.172991,1128.690791
0,1,2,3,3.172790,1097.818067
0,1,2,3,3.172589,1076.739957
0,1,2,3,3.172388,1073.533240
0,1,2,3,3.172186,1060.201031
0,1,2,3,3.171985,953.068138
0,1,2,3,3.171784,945.799098
0,1,2,3,3.171583,886.257521
0,1,2,3,3.171381,859.788019
0,1,2,3,3.171180,851.953830
0,1,2,3,3.170979,846.660484
0,1,2,3,3.170778,800.506814
0,1,2,3,3.170577,741.784869
0,1,2,3,3.170376,722.770957
0,1,2,3,3.170175,686.785789
0,1,2,3,3.169974,671.006232
0,1,2,3,3.169773,653.323939
0,1,2,3,3.169572,610.608601
0,1,2,3,3.169371,564.895591
0,1,2,3,3.169170,525.160500
0,1,2,3,3.168969,521.741985
0,1,2,3,3.168769,506.922130
0,1,2,3,3.168568,471.738780
0,1,2,3,3.168367,383.014349
0,1,2,3,3.168166,359.803449
0,1,2,3,3.167966,358.088083
0,1,2,3,3.167765,303.998419
0,1,2,3,3.167564,294.380071
0,1,2,3,3.167363,293.594990
0,1,2,3,3.167163,276.326550
0,1,2,3,3.166962,240.572654
0,1,2,3,3.166762,219.605166
0,1,2,3,3.166561,215.143222
0,1,2,3,3.166361,146.364699
0,1,2,3,3.166160,114.722520
0,1,2,3,3.165960,58.920924
0,1,2,3,3.165759,58.448045
0,1,2,3,3.165559,50.744546
0,1,2,3,3.165358,35.415412
0,1,2,3,3.165158,24.686591
0,1,2,3,3.164958,6.680959
0,1,2,3,3.164757,0.855255
0,1,2,3,3.164557,0.721687
